PdfType: central
Format: lhagrid1
---
   1.0000000000000001E-009   1.4508287784959398E-009   2.1049041445120207E-009   3.0538555088334157E-009   4.4306214575838816E-009   6.4280731172843209E-009   9.3260334688321995E-009   1.3530477745798068E-008   1.9630406500402714E-008   2.8480358684358022E-008   4.1320124001153370E-008   5.9948425031894094E-008   8.6974900261778356E-008   1.2618568830660210E-007   1.8307382802953678E-007   2.6560877829466870E-007   3.8535285937105315E-007   5.5908101825122239E-007   8.1113083078968731E-007   1.1768119524349981E-006   1.7073526474706905E-006   2.4770763559917115E-006   3.5938136638046262E-006   5.2140082879996849E-006   7.5646332755462914E-006   1.0974987654930569E-005   1.5922827933410941E-005   2.3101297000831580E-005   3.3516026509388410E-005   4.8626015800653536E-005   7.0548023107186455E-005   1.0235310218990269E-004   1.4849682622544667E-004   2.1544346900318823E-004   3.1257158496882353E-004   4.5348785081285824E-004   6.5793322465756835E-004   9.5454845666183481E-004   1.3848863713938717E-003   2.0092330025650459E-003   2.9150530628251760E-003   4.2292428743894986E-003   6.1359072734131761E-003   8.9021508544503934E-003   1.2915496650148829E-002   1.8738174228603830E-002   2.7185882427329403E-002   3.9442060594376556E-002   5.7223676593502207E-002   8.3021756813197525E-002  0.10000000000000001       0.11836734693877551       0.13673469387755102       0.15510204081632653       0.17346938775510204       0.19183673469387758       0.21020408163265308       0.22857142857142856       0.24693877551020407       0.26530612244897961       0.28367346938775512       0.30204081632653063       0.32040816326530613       0.33877551020408170       0.35714285714285710       0.37551020408163271       0.39387755102040811       0.41224489795918373       0.43061224489795924       0.44897959183673475       0.46734693877551026       0.48571428571428565       0.50408163265306127       0.52244897959183678       0.54081632653061229       0.55918367346938780       0.57755102040816331       0.59591836734693870       0.61428571428571421       0.63265306122448983       0.65102040816326534       0.66938775510204085       0.68775510204081625       0.70612244897959175       0.72448979591836737       0.74285714285714288       0.76122448979591839       0.77959183673469379       0.79795918367346941       0.81632653061224492       0.83469387755102042       0.85306122448979593       0.87142857142857133       0.88979591836734695       0.90816326530612246       0.92653061224489797       0.94489795918367347       0.96326530612244898       0.98163265306122449        1.0000000000000000     
  0.99999999999999989        1.0768843285925549        1.1642787193942459        1.2640246654080958        1.3783565426534774        1.5099999999999998     
  -5 -4 -3 -2 -1 21  1  2  3  4  5
 0.000000000E+00  0.000000000E+00  8.192793900E-01  8.215556422E-01  8.214201978E-01  1.157212600E+01  8.214515317E-01  8.216050183E-01  8.192792900E-01  0.000000000E+00  0.000000000E+00
 0.000000000E+00  0.000000000E+00  8.886955100E-01  8.910156956E-01  8.908753444E-01  1.254395200E+01  8.909073517E-01  8.910663583E-01  8.886954200E-01  0.000000000E+00  0.000000000E+00
 0.000000000E+00  0.000000000E+00  9.843239300E-01  9.866879800E-01  9.865426200E-01  1.381465400E+01  9.865753006E-01  9.867399294E-01  9.843238500E-01  0.000000000E+00  0.000000000E+00
 0.000000000E+00  0.000000000E+00  1.114957300E+00  1.117365033E+00  1.117214767E+00  1.548506400E+01  1.117248150E+00  1.117418350E+00  1.114957200E+00  0.000000000E+00  0.000000000E+00
 0.000000000E+00  0.000000000E+00  1.290543800E+00  1.292994983E+00  1.292840117E+00  1.769484500E+01  1.292873889E+00  1.293049711E+00  1.290543700E+00  0.000000000E+00  0.000000000E+00
 0.000000000E+00  0.000000000E+00  1.522246900E+00  1.524742044E+00  1.524581556E+00  2.063226500E+01  1.524616328E+00  1.524797772E+00  1.522246900E+00  0.000000000E+00  0.000000000E+00
 0.000000000E+00  0.000000000E+00  7.937953700E-01  7.963860422E-01  7.962220778E-01  8.869142900E+00  7.962580828E-01  7.964436672E-01  7.937954100E-01  0.000000000E+00  0.000000000E+00
 0.000000000E+00  0.000000000E+00  8.525031800E-01  8.551434461E-01  8.549736039E-01  9.750111200E+00  8.550103411E-01  8.552025189E-01  8.525032200E-01  0.000000000E+00  0.000000000E+00
 0.000000000E+00  0.000000000E+00  9.364597400E-01  9.391494606E-01  9.389736894E-01  1.091581400E+01  9.390111383E-01  9.392100117E-01  9.364597700E-01  0.000000000E+00  0.000000000E+00
 0.000000000E+00  0.000000000E+00  1.053841300E+00  1.056580478E+00  1.056398522E+00  1.246421600E+01  1.056436867E+00  1.056642333E+00  1.053841300E+00  0.000000000E+00  0.000000000E+00
 0.000000000E+00  0.000000000E+00  1.213845400E+00  1.216633844E+00  1.216445756E+00  1.453021100E+01  1.216484689E+00  1.216697311E+00  1.213845400E+00  0.000000000E+00  0.000000000E+00
 0.000000000E+00  0.000000000E+00  1.426742800E+00  1.429580306E+00  1.429386594E+00  1.729443200E+01  1.429426117E+00  1.429645383E+00  1.426742900E+00  0.000000000E+00  0.000000000E+00
 0.000000000E+00  0.000000000E+00  7.718438700E-01  7.747911978E-01  7.745926822E-01  6.754490100E+00  7.746339944E-01  7.748580656E-01  7.718438200E-01  0.000000000E+00  0.000000000E+00
 0.000000000E+00  0.000000000E+00  8.216971400E-01  8.247003039E-01  8.244947861E-01  7.556795100E+00  8.245369189E-01  8.247688611E-01  8.216970900E-01  0.000000000E+00  0.000000000E+00
 0.000000000E+00  0.000000000E+00  8.958702100E-01  8.989290606E-01  8.987164894E-01  8.631336000E+00  8.987594122E-01  8.989993278E-01  8.958701600E-01  0.000000000E+00  0.000000000E+00
 0.000000000E+00  0.000000000E+00  1.001954300E+00  1.005068789E+00  1.004849011E+00  1.007322500E+01  1.004892806E+00  1.005140694E+00  1.001954300E+00  0.000000000E+00  0.000000000E+00
 0.000000000E+00  0.000000000E+00  1.148439500E+00  1.151609161E+00  1.151382739E+00  1.201258900E+01  1.151427017E+00  1.151683083E+00  1.148439500E+00  0.000000000E+00  0.000000000E+00
 0.000000000E+00  0.000000000E+00  1.344760200E+00  1.347985139E+00  1.347751561E+00  1.462248600E+01  1.347796528E+00  1.348060772E+00  1.344760100E+00  0.000000000E+00  0.000000000E+00
 0.000000000E+00  0.000000000E+00  7.472621000E-01  7.506131406E-01  7.503729694E-01  5.073251800E+00  7.504198378E-01  7.506905222E-01  7.472620600E-01  0.000000000E+00  0.000000000E+00
 0.000000000E+00  0.000000000E+00  7.901947800E-01  7.936086711E-01  7.933601689E-01  5.806568200E+00  7.934079261E-01  7.936879639E-01  7.901947500E-01  0.000000000E+00  0.000000000E+00
 0.000000000E+00  0.000000000E+00  8.565278600E-01  8.600043817E-01  8.597475483E-01  6.801608700E+00  8.597961639E-01  8.600856061E-01  8.565278300E-01  0.000000000E+00  0.000000000E+00
 0.000000000E+00  0.000000000E+00  9.532975300E-01  9.568365333E-01  9.565712667E-01  8.150544100E+00  9.566207406E-01  9.569196894E-01  9.532975000E-01  0.000000000E+00  0.000000000E+00
 0.000000000E+00  0.000000000E+00  1.088327500E+00  1.091928672E+00  1.091655228E+00  9.978647600E+00  1.091705344E+00  1.092014056E+00  1.088327500E+00  0.000000000E+00  0.000000000E+00
 0.000000000E+00  0.000000000E+00  1.270269300E+00  1.273932667E+00  1.273650533E+00  1.245136200E+01  1.273701539E+00  1.274019961E+00  1.270269300E+00  0.000000000E+00  0.000000000E+00
 0.000000000E+00  0.000000000E+00  7.247304600E-01  7.285387861E-01  7.282484239E-01  3.695709700E+00  7.283008778E-01  7.286276822E-01  7.247304500E-01  0.000000000E+00  0.000000000E+00
 0.000000000E+00  0.000000000E+00  7.621734500E-01  7.660523133E-01  7.657520867E-01  4.376655300E+00  7.658055067E-01  7.661434533E-01  7.621734400E-01  0.000000000E+00  0.000000000E+00
 0.000000000E+00  0.000000000E+00  8.221073600E-01  8.260565111E-01  8.257463689E-01  5.309460500E+00  8.258007856E-01  8.261498744E-01  8.221073400E-01  0.000000000E+00  0.000000000E+00
 0.000000000E+00  0.000000000E+00  9.110427000E-01  9.150619600E-01  9.147418000E-01  6.583219100E+00  9.147972339E-01  9.151575161E-01  9.110426900E-01  0.000000000E+00  0.000000000E+00
 0.000000000E+00  0.000000000E+00  1.036176800E+00  1.040265889E+00  1.039935711E+00  8.318288500E+00  1.039992161E+00  1.040363739E+00  1.036176800E+00  0.000000000E+00  0.000000000E+00
 0.000000000E+00  0.000000000E+00  1.205429500E+00  1.209588400E+00  1.209248000E+00  1.067254800E+01  1.209305539E+00  1.209688361E+00  1.205429500E+00  0.000000000E+00  0.000000000E+00
 0.000000000E+00  0.000000000E+00  7.052049100E-01  7.095291144E-01  7.091781856E-01  2.612923700E+00  7.092370761E-01  7.096311939E-01  7.052049200E-01  0.000000000E+00  0.000000000E+00
 0.000000000E+00  0.000000000E+00  7.382134500E-01  7.426169317E-01  7.422542983E-01  3.247782000E+00  7.423143028E-01  7.427216072E-01  7.382134600E-01  0.000000000E+00  0.000000000E+00
 0.000000000E+00  0.000000000E+00  7.928233100E-01  7.973057494E-01  7.969313606E-01  4.125530800E+00  7.969924994E-01  7.974129906E-01  7.928233200E-01  0.000000000E+00  0.000000000E+00
 0.000000000E+00  0.000000000E+00  8.750469700E-01  8.796080067E-01  8.792219133E-01  5.332263500E+00  8.792841150E-01  8.797178950E-01  8.750469800E-01  0.000000000E+00  0.000000000E+00
 0.000000000E+00  0.000000000E+00  9.914926300E-01  9.961320050E-01  9.957341050E-01  6.983477100E+00  9.957974306E-01  9.962444994E-01  9.914926400E-01  0.000000000E+00  0.000000000E+00
 0.000000000E+00  0.000000000E+00  1.149396500E+00  1.154114056E+00  1.153704144E+00  9.229587200E+00  1.153768594E+00  1.154229106E+00  1.149396500E+00  0.000000000E+00  0.000000000E+00
 0.000000000E+00  0.000000000E+00  6.883171100E-01  6.932239967E-01  6.928001833E-01  1.716519100E+00  6.928661333E-01  6.933414667E-01  6.883171600E-01  0.000000000E+00  0.000000000E+00
 0.000000000E+00  0.000000000E+00  7.177517100E-01  7.227472972E-01  7.223096328E-01  2.317247600E+00  7.223768644E-01  7.228677356E-01  7.177517600E-01  0.000000000E+00  0.000000000E+00
 0.000000000E+00  0.000000000E+00  7.679164600E-01  7.730003278E-01  7.725488122E-01  3.152175500E+00  7.726173356E-01  7.731237444E-01  7.679165000E-01  0.000000000E+00  0.000000000E+00
 0.000000000E+00  0.000000000E+00  8.443519500E-01  8.495237078E-01  8.490583922E-01  4.304359700E+00  8.491281661E-01  8.496501639E-01  8.443519900E-01  0.000000000E+00  0.000000000E+00
 0.000000000E+00  0.000000000E+00  9.531127100E-01  9.583719983E-01  9.578928317E-01  5.884445500E+00  9.579638967E-01  9.585014833E-01  9.531127400E-01  0.000000000E+00  0.000000000E+00
 0.000000000E+00  0.000000000E+00  1.100796600E+00  1.106143161E+00  1.105649939E+00  8.035485500E+00  1.105722489E+00  1.106275511E+00  1.100796600E+00  0.000000000E+00  0.000000000E+00
 0.000000000E+00  0.000000000E+00  6.737151100E-01  6.792822806E-01  6.787707094E-01  1.005756400E+00  6.788447250E-01  6.794174250E-01  6.737151000E-01  0.000000000E+00  0.000000000E+00
 0.000000000E+00  0.000000000E+00  7.002796300E-01  7.059461561E-01  7.054184339E-01  1.579163600E+00  7.054938667E-01  7.060848133E-01  7.002796200E-01  0.000000000E+00  0.000000000E+00
 0.000000000E+00  0.000000000E+00  7.467173400E-01  7.524827128E-01  7.519387372E-01  2.378320600E+00  7.520156483E-01  7.526248417E-01  7.467173300E-01  0.000000000E+00  0.000000000E+00
 0.000000000E+00  0.000000000E+00  8.181227700E-01  8.239864694E-01  8.234262406E-01  3.483282000E+00  8.235046094E-01  8.241321006E-01  8.181227600E-01  0.000000000E+00  0.000000000E+00
 0.000000000E+00  0.000000000E+00  9.200310200E-01  9.259925156E-01  9.254160844E-01  4.999901800E+00  9.254959006E-01  9.261416894E-01  9.200310100E-01  0.000000000E+00  0.000000000E+00
 0.000000000E+00  0.000000000E+00  1.058445000E+00  1.064503944E+00  1.063911056E+00  7.064009300E+00  1.063992278E+00  1.064656722E+00  1.058445000E+00  0.000000000E+00  0.000000000E+00
 0.000000000E+00  0.000000000E+00  6.611670500E-01  6.674835044E-01  6.668666956E-01  4.504050200E-01  6.669499778E-01  6.676392622E-01  6.611670500E-01  0.000000000E+00  0.000000000E+00
 0.000000000E+00  0.000000000E+00  6.853986100E-01  6.918255706E-01  6.911897994E-01  1.001271500E+00  6.912747256E-01  6.919853744E-01  6.853986000E-01  0.000000000E+00  0.000000000E+00
 0.000000000E+00  0.000000000E+00  7.286625500E-01  7.351993261E-01  7.345446439E-01  1.769647600E+00  7.346312133E-01  7.353632267E-01  7.286625500E-01  0.000000000E+00  0.000000000E+00
 0.000000000E+00  0.000000000E+00  7.956320900E-01  8.022780722E-01  8.016044278E-01  2.832620100E+00  8.016926917E-01  8.024460183E-01  7.956320800E-01  0.000000000E+00  0.000000000E+00
 0.000000000E+00  0.000000000E+00  8.913556000E-01  8.981101272E-01  8.974176228E-01  4.291320600E+00  8.975075194E-01  8.982822106E-01  8.913555900E-01  0.000000000E+00  0.000000000E+00
 0.000000000E+00  0.000000000E+00  1.021282100E+00  1.028144633E+00  1.027433167E+00  6.274506600E+00  1.027524950E+00  1.028320750E+00  1.021282100E+00  0.000000000E+00  0.000000000E+00
 0.000000000E+00  0.000000000E+00  6.501459000E-01  6.573106222E-01  6.565679778E-01  2.425176700E-02  6.566616617E-01  6.574904283E-01  6.501459000E-01  0.000000000E+00  0.000000000E+00
 0.000000000E+00  0.000000000E+00  6.724718100E-01  6.797590822E-01  6.789943578E-01  5.550907600E-01  6.790899311E-01  6.799435889E-01  6.724718000E-01  0.000000000E+00  0.000000000E+00
 0.000000000E+00  0.000000000E+00  7.130062800E-01  7.204152011E-01  7.196284989E-01  1.295547300E+00  7.197259611E-01  7.206044589E-01  7.130062700E-01  0.000000000E+00  0.000000000E+00
 0.000000000E+00  0.000000000E+00  7.760249000E-01  7.835546700E-01  7.827459900E-01  2.319763800E+00  7.828453511E-01  7.837486889E-01  7.760248900E-01  0.000000000E+00  0.000000000E+00
 0.000000000E+00  0.000000000E+00  8.661204500E-01  8.737702583E-01  8.729396517E-01  3.724208300E+00  8.730409317E-01  8.739690583E-01  8.661204400E-01  0.000000000E+00  0.000000000E+00
 0.000000000E+00  0.000000000E+00  9.882269600E-01  9.959960461E-01  9.951435639E-01  5.630711600E+00  9.952467828E-01  9.961996472E-01  9.882269500E-01  0.000000000E+00  0.000000000E+00
 0.000000000E+00  0.000000000E+00  6.404631200E-01  6.485867861E-01  6.476938239E-01 -3.036952000E-01  6.477997844E-01  6.487948156E-01  6.404631300E-01  0.000000000E+00  0.000000000E+00
 0.000000000E+00  0.000000000E+00  6.612153900E-01  6.694737833E-01  6.685553167E-01  2.095011000E-01  6.686633911E-01  6.696872489E-01  6.612154000E-01  0.000000000E+00  0.000000000E+00
 0.000000000E+00  0.000000000E+00  6.993695500E-01  7.077616200E-01  7.068177000E-01  9.246727500E-01  7.069279389E-01  7.079805211E-01  6.993695600E-01  0.000000000E+00  0.000000000E+00
 0.000000000E+00  0.000000000E+00  7.588264600E-01  7.673511450E-01  7.663819250E-01  1.913043000E+00  7.664942972E-01  7.675755528E-01  7.588264700E-01  0.000000000E+00  0.000000000E+00
 0.000000000E+00  0.000000000E+00  8.437530000E-01  8.524093500E-01  8.514148300E-01  3.266484500E+00  8.515293861E-01  8.526392639E-01  8.437530000E-01  0.000000000E+00  0.000000000E+00
 0.000000000E+00  0.000000000E+00  9.586050700E-01  9.673921033E-01  9.663724367E-01  5.100060800E+00  9.664891656E-01  9.676276144E-01  9.586050800E-01  0.000000000E+00  0.000000000E+00
 0.000000000E+00  0.000000000E+00  6.319221500E-01  6.411184206E-01  6.400465694E-01 -5.527695300E-01  6.401661761E-01  6.413588539E-01  6.319221400E-01  0.000000000E+00  0.000000000E+00
 0.000000000E+00  0.000000000E+00  6.513456000E-01  6.606891189E-01  6.595879811E-01 -5.585491700E-02  6.597100156E-01  6.609358644E-01  6.513455900E-01  0.000000000E+00  0.000000000E+00
 0.000000000E+00  0.000000000E+00  6.873842200E-01  6.968737061E-01  6.957433839E-01  6.357196200E-01  6.958678867E-01  6.971267533E-01  6.873842100E-01  0.000000000E+00  0.000000000E+00
 0.000000000E+00  0.000000000E+00  7.435857900E-01  7.532199717E-01  7.520606183E-01  1.590271200E+00  7.521875783E-01  7.534794117E-01  7.435857800E-01  0.000000000E+00  0.000000000E+00
 0.000000000E+00  0.000000000E+00  8.237193400E-01  8.334969750E-01  8.323087950E-01  2.895136800E+00  8.324382117E-01  8.337628583E-01  8.237193300E-01  0.000000000E+00  0.000000000E+00
 0.000000000E+00  0.000000000E+00  9.317972900E-01  9.417172172E-01  9.405003128E-01  4.658765500E+00  9.406322261E-01  9.419895839E-01  9.317972800E-01  0.000000000E+00  0.000000000E+00
 0.000000000E+00  0.000000000E+00  6.243236600E-01  6.347144361E-01  6.334304739E-01 -7.411228000E-01  6.335652922E-01  6.349920078E-01  6.243236500E-01  0.000000000E+00  0.000000000E+00
 0.000000000E+00  0.000000000E+00  6.426225900E-01  6.531732194E-01  6.518558306E-01 -2.588438700E-01  6.519932994E-01  6.534579906E-01  6.426225800E-01  0.000000000E+00  0.000000000E+00
 0.000000000E+00  0.000000000E+00  6.767657100E-01  6.874745900E-01  6.861240300E-01  4.109063200E-01  6.862642200E-01  6.877665800E-01  6.767657000E-01  0.000000000E+00  0.000000000E+00
 0.000000000E+00  0.000000000E+00  7.299692800E-01  7.408348778E-01  7.394514022E-01  1.333590000E+00  7.395942817E-01  7.411342083E-01  7.299692700E-01  0.000000000E+00  0.000000000E+00
 0.000000000E+00  0.000000000E+00  8.056318600E-01  8.166527033E-01  8.152365167E-01  2.592103900E+00  8.153821661E-01  8.169594039E-01  8.056318500E-01  0.000000000E+00  0.000000000E+00
 0.000000000E+00  0.000000000E+00  9.073556700E-01  9.185303367E-01  9.170816433E-01  4.288467200E+00  9.172300717E-01  9.188445183E-01  9.073556600E-01  0.000000000E+00  0.000000000E+00
 0.000000000E+00  0.000000000E+00  6.174396500E-01  6.291537167E-01  6.276194633E-01 -8.775729000E-01  6.277686228E-01  6.294712872E-01  6.174396300E-01  0.000000000E+00  0.000000000E+00
 0.000000000E+00  0.000000000E+00  6.347391200E-01  6.466253356E-01  6.450534644E-01 -4.095204600E-01  6.452056450E-01  6.469513450E-01  6.347391000E-01  0.000000000E+00  0.000000000E+00
 0.000000000E+00  0.000000000E+00  6.671320900E-01  6.791885917E-01  6.775793583E-01  2.390999600E-01  6.777346811E-01  6.795230589E-01  6.671320700E-01  0.000000000E+00  0.000000000E+00
 0.000000000E+00  0.000000000E+00  7.175236400E-01  7.297485939E-01  7.281023561E-01  1.130916200E+00  7.282608606E-01  7.300916094E-01  7.175236200E-01  0.000000000E+00  0.000000000E+00
 0.000000000E+00  0.000000000E+00  7.889675600E-01  8.013591722E-01  7.996762878E-01  2.344457700E+00  7.998379622E-01  8.017108778E-01  7.889675400E-01  0.000000000E+00  0.000000000E+00
 0.000000000E+00  0.000000000E+00  8.846870000E-01  8.972435978E-01  8.955243222E-01  3.975483900E+00  8.956892772E-01  8.976040528E-01  8.846869900E-01  0.000000000E+00  0.000000000E+00
 0.000000000E+00  0.000000000E+00  6.106622400E-01  6.238350183E-01  6.220071317E-01 -9.730525800E-01  6.221717661E-01  6.241979639E-01  6.106622600E-01  0.000000000E+00  0.000000000E+00
 0.000000000E+00  0.000000000E+00  6.270796400E-01  6.404362550E-01  6.385663550E-01 -5.191212600E-01  6.387345917E-01  6.408090383E-01  6.270796600E-01  0.000000000E+00  0.000000000E+00
 0.000000000E+00  0.000000000E+00  6.578583000E-01  6.713964967E-01  6.694850433E-01  1.087297800E-01  6.696569517E-01  6.717792383E-01  6.578583200E-01  0.000000000E+00  0.000000000E+00
 0.000000000E+00  0.000000000E+00  7.056119000E-01  7.193294828E-01  7.173769872E-01  9.703298400E-01  7.175526367E-01  7.197223033E-01  7.056119200E-01  0.000000000E+00  0.000000000E+00
 0.000000000E+00  0.000000000E+00  7.730741300E-01  7.869690044E-01  7.849758756E-01  2.139928400E+00  7.851553256E-01  7.873720144E-01  7.730741400E-01  0.000000000E+00  0.000000000E+00
 0.000000000E+00  0.000000000E+00  8.631186800E-01  8.771888111E-01  8.751555089E-01  3.707205500E+00  8.753388183E-01  8.776021717E-01  8.631186900E-01  0.000000000E+00  0.000000000E+00
 0.000000000E+00  0.000000000E+00  6.039669700E-01  6.187381028E-01  6.165675672E-01 -1.039503800E+00  6.167491456E-01  6.191525944E-01  6.039669700E-01  0.000000000E+00  0.000000000E+00
 0.000000000E+00  0.000000000E+00  6.195793800E-01  6.345447039E-01  6.323280661E-01 -5.997305500E-01  6.325139350E-01  6.349707950E-01  6.195793800E-01  0.000000000E+00  0.000000000E+00
 0.000000000E+00  0.000000000E+00  6.488394400E-01  6.639963183E-01  6.617341917E-01  7.623830100E-03  6.619243894E-01  6.644342006E-01  6.488394400E-01  0.000000000E+00  0.000000000E+00
 0.000000000E+00  0.000000000E+00  6.940886100E-01  7.094344861E-01  7.071274839E-01  8.396198600E-01  7.073221511E-01  7.098842489E-01  6.940886100E-01  0.000000000E+00  0.000000000E+00
 0.000000000E+00  0.000000000E+00  7.577640600E-01  7.732964778E-01  7.709451622E-01  1.966308200E+00  7.711443778E-01  7.737583022E-01  7.577640600E-01  0.000000000E+00  0.000000000E+00
 0.000000000E+00  0.000000000E+00  8.424181000E-01  8.581346222E-01  8.557396578E-01  3.471463900E+00  8.559434800E-01  8.586087200E-01  8.424180900E-01  0.000000000E+00  0.000000000E+00
 0.000000000E+00  0.000000000E+00  5.968834100E-01  6.133918367E-01  6.108253433E-01 -1.085862400E+00  6.110250950E-01  6.138646750E-01  5.968834000E-01  0.000000000E+00  0.000000000E+00
 0.000000000E+00  0.000000000E+00  6.117504200E-01  6.284612567E-01  6.258450833E-01 -6.597757600E-01  6.260500017E-01  6.289478483E-01  6.117504200E-01  0.000000000E+00  0.000000000E+00
 0.000000000E+00  0.000000000E+00  6.395723100E-01  6.564825283E-01  6.538174417E-01 -7.220109600E-02  6.540276356E-01  6.569830844E-01  6.395723100E-01  0.000000000E+00  0.000000000E+00
 0.000000000E+00  0.000000000E+00  6.824363300E-01  6.995429917E-01  6.968297583E-01  7.311693800E-01  6.970453878E-01  7.000576722E-01  6.824363300E-01  0.000000000E+00  0.000000000E+00
 0.000000000E+00  0.000000000E+00  7.425052500E-01  7.598054861E-01  7.570449239E-01  1.816267000E+00  7.572660567E-01  7.603345633E-01  7.425052400E-01  0.000000000E+00  0.000000000E+00
 0.000000000E+00  0.000000000E+00  8.220360800E-01  8.395271217E-01  8.367200483E-01  3.261140900E+00  8.369467728E-01  8.400708372E-01  8.220360800E-01  0.000000000E+00  0.000000000E+00
 0.000000000E+00  0.000000000E+00  5.894404500E-01  6.078177761E-01  6.047986939E-01 -1.112575800E+00  6.050189739E-01  6.083572961E-01  5.894404600E-01  0.000000000E+00  0.000000000E+00
 0.000000000E+00  0.000000000E+00  6.036177000E-01  6.222030256E-01  6.191315544E-01 -7.008297800E-01  6.193582261E-01  6.227589039E-01  6.036177100E-01  0.000000000E+00  0.000000000E+00
 0.000000000E+00  0.000000000E+00  6.300710500E-01  6.488608528E-01  6.457381172E-01 -1.333061900E-01  6.459712578E-01  6.494334222E-01  6.300710600E-01  0.000000000E+00  0.000000000E+00
 0.000000000E+00  0.000000000E+00  6.706523000E-01  6.896432394E-01  6.864702106E-01  6.415692500E-01  6.867099689E-01  6.902327511E-01  6.706523000E-01  0.000000000E+00  0.000000000E+00
 0.000000000E+00  0.000000000E+00  7.272720300E-01  7.464608556E-01  7.432385044E-01  1.685684600E+00  7.434850800E-01  7.470675600E-01  7.272720400E-01  0.000000000E+00  0.000000000E+00
 0.000000000E+00  0.000000000E+00  8.019176200E-01  8.213011506E-01  8.180304994E-01  3.071534000E+00  8.182839794E-01  8.219253906E-01  8.019176200E-01  0.000000000E+00  0.000000000E+00
 0.000000000E+00  0.000000000E+00  5.811824500E-01  6.015462489E-01  5.980172311E-01 -1.133103600E+00  5.982612178E-01  6.021622222E-01  5.811824500E-01  0.000000000E+00  0.000000000E+00
 0.000000000E+00  0.000000000E+00  5.946875800E-01  6.152604994E-01  6.116780706E-01 -7.349225400E-01  6.119298994E-01  6.158960706E-01  5.946875900E-01  0.000000000E+00  0.000000000E+00
 0.000000000E+00  0.000000000E+00  6.198117500E-01  6.405899850E-01  6.369555250E-01 -1.864055600E-01  6.372153128E-01  6.412455772E-01  6.198117500E-01  0.000000000E+00  0.000000000E+00
 0.000000000E+00  0.000000000E+00  6.581877400E-01  6.791677283E-01  6.754823617E-01  5.612944000E-01  6.757503883E-01  6.798436217E-01  6.581877500E-01  0.000000000E+00  0.000000000E+00
 0.000000000E+00  0.000000000E+00  7.114938100E-01  7.326719572E-01  7.289370128E-01  1.566095200E+00  7.292134256E-01  7.333685544E-01  7.114938200E-01  0.000000000E+00  0.000000000E+00
 0.000000000E+00  0.000000000E+00  7.814707200E-01  8.028436239E-01  7.990602261E-01  2.895108900E+00  7.993452128E-01  8.035613172E-01  7.814707200E-01  0.000000000E+00  0.000000000E+00
 0.000000000E+00  0.000000000E+00  5.719099000E-01  5.943418867E-01  5.902491133E-01 -1.143737300E+00  5.905203028E-01  5.950446072E-01  5.719098900E-01  0.000000000E+00  0.000000000E+00
 0.000000000E+00  0.000000000E+00  5.846875700E-01  6.073270622E-01  6.031822578E-01 -7.586721400E-01  6.034631856E-01  6.080534744E-01  5.846875600E-01  0.000000000E+00  0.000000000E+00
 0.000000000E+00  0.000000000E+00  6.084498600E-01  6.312926011E-01  6.270972989E-01 -2.284772900E-01  6.273882128E-01  6.320431572E-01  6.084498500E-01  0.000000000E+00  0.000000000E+00
 0.000000000E+00  0.000000000E+00  6.446275800E-01  6.676694539E-01  6.634251361E-01  4.929862800E-01  6.637262533E-01  6.684446267E-01  6.446275700E-01  0.000000000E+00  0.000000000E+00
 0.000000000E+00  0.000000000E+00  6.946862800E-01  7.179233617E-01  7.136314083E-01  1.459750300E+00  7.139430172E-01  7.187235928E-01  6.946862700E-01  0.000000000E+00  0.000000000E+00
 0.000000000E+00  0.000000000E+00  7.601424500E-01  7.835708633E-01  7.792327567E-01  2.733725500E+00  7.795550739E-01  7.843966761E-01  7.601424400E-01  0.000000000E+00  0.000000000E+00
 0.000000000E+00  0.000000000E+00  5.580149700E-01  5.825504711E-01  5.778510089E-01 -1.143906000E+00  5.781544600E-01  5.833524600E-01  5.580149700E-01  0.000000000E+00  0.000000000E+00
 0.000000000E+00  0.000000000E+00  5.702170100E-01  5.949550472E-01  5.902081028E-01 -7.719235400E-01  5.905238050E-01  5.957857450E-01  5.702170100E-01  0.000000000E+00  0.000000000E+00
 0.000000000E+00  0.000000000E+00  5.927867400E-01  6.177229044E-01  6.129302156E-01 -2.597325200E-01  6.132584861E-01  6.185828839E-01  5.927867400E-01  0.000000000E+00  0.000000000E+00
 0.000000000E+00  0.000000000E+00  6.269685500E-01  6.520984922E-01  6.472618478E-01  4.361113000E-01  6.476028811E-01  6.529884589E-01  6.269685500E-01  0.000000000E+00  0.000000000E+00
 0.000000000E+00  0.000000000E+00  6.740334500E-01  6.993530333E-01  6.944739667E-01  1.365833500E+00  6.948281611E-01  7.002735389E-01  6.740334500E-01  0.000000000E+00  0.000000000E+00
 0.000000000E+00  0.000000000E+00  7.352941900E-01  7.607993267E-01  7.558794733E-01  2.586320400E+00  7.562470944E-01  7.617510456E-01  7.352941900E-01  0.000000000E+00  0.000000000E+00
 0.000000000E+00  0.000000000E+00  5.413309400E-01  5.681008439E-01  5.627736861E-01 -1.138155200E+00  5.631155378E-01  5.690157022E-01  5.413309400E-01  0.000000000E+00  0.000000000E+00
 0.000000000E+00  0.000000000E+00  5.531267400E-01  5.800907450E-01  5.747248450E-01 -7.790825100E-01  5.750821628E-01  5.810407472E-01  5.531267400E-01  0.000000000E+00  0.000000000E+00
 0.000000000E+00  0.000000000E+00  5.746810100E-01  6.018337056E-01  5.964309544E-01 -2.844006500E-01  5.968040939E-01  6.028196161E-01  5.746810100E-01  0.000000000E+00  0.000000000E+00
 0.000000000E+00  0.000000000E+00  6.070679000E-01  6.344040967E-01  6.289662833E-01  3.866332000E-01  6.293556300E-01  6.354267100E-01  6.070679000E-01  0.000000000E+00  0.000000000E+00
 0.000000000E+00  0.000000000E+00  6.513821100E-01  6.788967783E-01  6.734256917E-01  1.280505800E+00  6.738316311E-01  6.799568889E-01  6.513821100E-01  0.000000000E+00  0.000000000E+00
 0.000000000E+00  0.000000000E+00  7.087529100E-01  7.364412011E-01  7.309385789E-01  2.449245600E+00  7.313614656E-01  7.375396744E-01  7.087529100E-01  0.000000000E+00  0.000000000E+00
 0.000000000E+00  0.000000000E+00  5.238913900E-01  5.530217883E-01  5.470833417E-01 -1.131026100E+00  5.474722817E-01  5.540657683E-01  5.238913800E-01  0.000000000E+00  0.000000000E+00
 0.000000000E+00  0.000000000E+00  5.353171500E-01  5.646143689E-01  5.586510311E-01 -7.842151800E-01  5.590596844E-01  5.657016756E-01  5.353171500E-01  0.000000000E+00  0.000000000E+00
 0.000000000E+00  0.000000000E+00  5.559065800E-01  5.853650583E-01  5.793787717E-01 -3.061293100E-01  5.798075006E-01  5.864967694E-01  5.559065700E-01  0.000000000E+00  0.000000000E+00
 0.000000000E+00  0.000000000E+00  5.865789100E-01  6.161934400E-01  6.101858400E-01  3.412744500E-01  6.106352106E-01  6.173704794E-01  5.865789000E-01  0.000000000E+00  0.000000000E+00
 0.000000000E+00  0.000000000E+00  6.282696100E-01  6.580350922E-01  6.520079678E-01  1.200817200E+00  6.524783928E-01  6.592585372E-01  6.282696100E-01  0.000000000E+00  0.000000000E+00
 0.000000000E+00  0.000000000E+00  6.819431700E-01  7.118547467E-01  7.058097333E-01  2.319839700E+00  7.063016967E-01  7.131256433E-01  6.819431600E-01  0.000000000E+00  0.000000000E+00
 0.000000000E+00  0.000000000E+00  5.053435100E-01  5.367468261E-01  5.302841839E-01 -1.124369700E+00  5.307325094E-01  5.379398406E-01  5.053435000E-01  0.000000000E+00  0.000000000E+00
 0.000000000E+00  0.000000000E+00  5.164202000E-01  5.479469439E-01  5.414771461E-01 -7.884880300E-01  5.419505689E-01  5.491938311E-01  5.164201900E-01  0.000000000E+00  0.000000000E+00
 0.000000000E+00  0.000000000E+00  5.360824300E-01  5.677276839E-01  5.612523661E-01 -3.255248600E-01  5.617514483E-01  5.690297217E-01  5.360824200E-01  0.000000000E+00  0.000000000E+00
 0.000000000E+00  0.000000000E+00  5.651090000E-01  5.968680361E-01  5.903888339E-01  2.998687100E-01  5.909141578E-01  5.982265222E-01  5.651089900E-01  0.000000000E+00  0.000000000E+00
 0.000000000E+00  0.000000000E+00  6.042920500E-01  6.361604222E-01  6.296788178E-01  1.126931100E+00  6.302309450E-01  6.375766850E-01  6.042920400E-01  0.000000000E+00  0.000000000E+00
 0.000000000E+00  0.000000000E+00  6.544485900E-01  6.864220422E-01  6.799395178E-01  2.198496600E+00  6.805190300E-01  6.878974300E-01  6.544485800E-01  0.000000000E+00  0.000000000E+00
 0.000000000E+00  0.000000000E+00  4.852341400E-01  5.184454811E-01  5.116373789E-01 -1.113361200E+00  5.121641522E-01  5.198119078E-01  4.852341400E-01  0.000000000E+00  0.000000000E+00
 0.000000000E+00  0.000000000E+00  4.959958600E-01  5.292775939E-01  5.224830361E-01 -7.878302500E-01  5.230419644E-01  5.307115956E-01  4.959958600E-01  0.000000000E+00  0.000000000E+00
 0.000000000E+00  0.000000000E+00  5.147795800E-01  5.481287456E-01  5.413487544E-01 -3.391836600E-01  5.419404461E-01  5.496320039E-01  5.147795900E-01  0.000000000E+00  0.000000000E+00
 0.000000000E+00  0.000000000E+00  5.422378600E-01  5.756516767E-01  5.688872233E-01  2.652331300E-01  5.695123889E-01  5.772257711E-01  5.422378700E-01  0.000000000E+00  0.000000000E+00
 0.000000000E+00  0.000000000E+00  5.790348500E-01  6.125106672E-01  6.057627228E-01  1.061151700E+00  6.064220106E-01  6.141573194E-01  5.790348500E-01  0.000000000E+00  0.000000000E+00
 0.000000000E+00  0.000000000E+00  6.258564700E-01  6.593918178E-01  6.526613022E-01  2.087070800E+00  6.533554117E-01  6.611126983E-01  6.258564800E-01  0.000000000E+00  0.000000000E+00
 0.000000000E+00  0.000000000E+00  4.629449200E-01  4.972018350E-01  4.902995350E-01 -1.101106900E+00  4.909289267E-01  4.987768333E-01  4.629449200E-01  0.000000000E+00  0.000000000E+00
 0.000000000E+00  0.000000000E+00  4.734308900E-01  5.077345150E-01  5.008579750E-01 -7.845931400E-01  5.015283256E-01  5.093947344E-01  4.734308900E-01  0.000000000E+00  0.000000000E+00
 0.000000000E+00  0.000000000E+00  4.913922900E-01  5.257406561E-01  5.188906939E-01 -3.488432500E-01  5.196027689E-01  5.274881911E-01  4.913923000E-01  0.000000000E+00  0.000000000E+00
 0.000000000E+00  0.000000000E+00  5.173686900E-01  5.517598578E-01  5.449373422E-01  2.361133700E-01  5.456919278E-01  5.535967722E-01  5.173686900E-01  0.000000000E+00  0.000000000E+00
 0.000000000E+00  0.000000000E+00  5.519103600E-01  5.863425217E-01  5.795481683E-01  1.002591500E+00  5.803461622E-01  5.882708378E-01  5.519103700E-01  0.000000000E+00  0.000000000E+00
 0.000000000E+00  0.000000000E+00  5.955871900E-01  6.300584961E-01  6.232931739E-01  1.984939300E+00  6.241353406E-01  6.320804094E-01  5.955871900E-01  0.000000000E+00  0.000000000E+00
 0.000000000E+00  0.000000000E+00  4.380796000E-01  4.732898100E-01  4.663566900E-01 -1.085041600E+00  4.671248600E-01  4.751178200E-01  4.380796000E-01  0.000000000E+00  0.000000000E+00
 0.000000000E+00  0.000000000E+00  4.483633900E-01  4.836009061E-01  4.767040239E-01 -7.767573800E-01  4.775242450E-01  4.855369850E-01  4.483633900E-01  0.000000000E+00  0.000000000E+00
 0.000000000E+00  0.000000000E+00  4.655888800E-01  5.008514622E-01  4.939917378E-01 -3.529550500E-01  4.948650039E-01  5.028980861E-01  4.655888800E-01  0.000000000E+00  0.000000000E+00
 0.000000000E+00  0.000000000E+00  4.901958800E-01  5.254812961E-01  5.186598539E-01  2.136565700E-01  5.195870561E-01  5.276410939E-01  4.901958800E-01  0.000000000E+00  0.000000000E+00
 0.000000000E+00  0.000000000E+00  5.226346400E-01  5.579407883E-01  5.511587017E-01  9.520574100E-01  5.521407922E-01  5.602163478E-01  5.226346400E-01  0.000000000E+00  0.000000000E+00
 0.000000000E+00  0.000000000E+00  5.633733800E-01  5.986982894E-01  5.919565806E-01  1.892619500E+00  5.929945622E-01  6.010921978E-01  5.633733800E-01  0.000000000E+00  0.000000000E+00
 0.000000000E+00  0.000000000E+00  4.100635900E-01  4.461914939E-01  4.392478961E-01 -1.068214400E+00  4.402033839E-01  4.483266261E-01  4.100635900E-01  0.000000000E+00  0.000000000E+00
 0.000000000E+00  0.000000000E+00  4.202446400E-01  4.563633800E-01  4.494781000E-01 -7.664581400E-01  4.504997017E-01  4.586360283E-01  4.202446400E-01  0.000000000E+00  0.000000000E+00
 0.000000000E+00  0.000000000E+00  4.368512200E-01  4.729594994E-01  4.661331506E-01 -3.529367300E-01  4.672219128E-01  4.753728572E-01  4.368512200E-01  0.000000000E+00  0.000000000E+00
 0.000000000E+00  0.000000000E+00  4.602351200E-01  4.963316822E-01  4.895648778E-01  1.969839200E-01  4.907218061E-01  4.988890039E-01  4.602351200E-01  0.000000000E+00  0.000000000E+00
 0.000000000E+00  0.000000000E+00  4.907587100E-01  5.268423994E-01  5.201356506E-01  9.090534200E-01  5.213619033E-01  5.295468367E-01  4.907587100E-01  0.000000000E+00  0.000000000E+00
 0.000000000E+00  0.000000000E+00  5.288012000E-01  5.648708700E-01  5.582247900E-01  1.809863600E+00  5.595213922E-01  5.677257478E-01  5.288012000E-01  0.000000000E+00  0.000000000E+00
 0.000000000E+00  0.000000000E+00  3.798221900E-01  4.166919606E-01  4.100117894E-01 -1.047127800E+00  4.112273089E-01  4.192056511E-01  3.798221800E-01  0.000000000E+00  0.000000000E+00
 0.000000000E+00  0.000000000E+00  3.900614800E-01  4.268812872E-01  4.202649028E-01 -7.512797700E-01  4.215617633E-01  4.295718967E-01  3.900614800E-01  0.000000000E+00  0.000000000E+00
 0.000000000E+00  0.000000000E+00  4.062184500E-01  4.429868911E-01  4.364354689E-01 -3.472872300E-01  4.378149833E-01  4.458582367E-01  4.062184500E-01  0.000000000E+00  0.000000000E+00
 0.000000000E+00  0.000000000E+00  4.285687300E-01  4.652846628E-01  4.587993272E-01  1.868306800E-01  4.602628178E-01  4.683406222E-01  4.285687300E-01  0.000000000E+00  0.000000000E+00
 0.000000000E+00  0.000000000E+00  4.573989100E-01  4.940614017E-01  4.876433283E-01  8.736790700E-01  4.891921172E-01  4.973058528E-01  4.573989100E-01  0.000000000E+00  0.000000000E+00
 0.000000000E+00  0.000000000E+00  4.930115400E-01  5.296198072E-01  5.232702228E-01  1.736245600E+00  5.249056717E-01  5.330567183E-01  4.930115400E-01  0.000000000E+00  0.000000000E+00
 0.000000000E+00  0.000000000E+00  3.488908600E-01  3.860907239E-01  3.794378461E-01 -1.031109500E+00  3.809496550E-01  3.891077550E-01  3.488908600E-01  0.000000000E+00  0.000000000E+00
 0.000000000E+00  0.000000000E+00  3.592532800E-01  3.963372961E-01  3.897706939E-01 -7.389181700E-01  3.913848050E-01  3.995824650E-01  3.592532800E-01  0.000000000E+00  0.000000000E+00
 0.000000000E+00  0.000000000E+00  3.750431100E-01  4.120122739E-01  4.055341961E-01 -3.423587500E-01  4.072521367E-01  4.154901233E-01  3.750431100E-01  0.000000000E+00  0.000000000E+00
 0.000000000E+00  0.000000000E+00  3.964705700E-01  4.333261083E-01  4.269387017E-01  1.779434300E-01  4.287620189E-01  4.370412011E-01  3.964705700E-01  0.000000000E+00  0.000000000E+00
 0.000000000E+00  0.000000000E+00  4.237572100E-01  4.605006528E-01  4.542057572E-01  8.415725700E-01  4.561360900E-01  4.644574900E-01  4.237572100E-01  0.000000000E+00  0.000000000E+00
 0.000000000E+00  0.000000000E+00  4.571397200E-01  4.937727272E-01  4.875721828E-01  1.668118500E+00  4.896111078E-01  4.979759522E-01  4.571397100E-01  0.000000000E+00  0.000000000E+00
 0.000000000E+00  0.000000000E+00  3.177011500E-01  3.540519328E-01  3.476889572E-01 -1.017671400E+00  3.495939328E-01  3.577706372E-01  3.177011400E-01  0.000000000E+00  0.000000000E+00
 0.000000000E+00  0.000000000E+00  3.283883300E-01  3.645603194E-01  3.583292106E-01 -7.269804200E-01  3.603617783E-01  3.685701717E-01  3.283883200E-01  0.000000000E+00  0.000000000E+00
 0.000000000E+00  0.000000000E+00  3.440179300E-01  3.800193506E-01  3.739196994E-01 -3.358741400E-01  3.760817622E-01  3.843256778E-01  3.440179200E-01  0.000000000E+00  0.000000000E+00
 0.000000000E+00  0.000000000E+00  3.647446200E-01  4.005833544E-01  3.946149056E-01  1.724569300E-01  3.969082433E-01  4.051916167E-01  3.647446200E-01  0.000000000E+00  0.000000000E+00
 0.000000000E+00  0.000000000E+00  3.907349000E-01  4.264184900E-01  4.205810900E-01  8.146989500E-01  4.230075839E-01  4.313341461E-01  3.907349000E-01  0.000000000E+00  0.000000000E+00
 0.000000000E+00  0.000000000E+00  4.221697600E-01  4.577054767E-01  4.519990233E-01  1.607250300E+00  4.545605339E-01  4.629340161E-01  4.221697500E-01  0.000000000E+00  0.000000000E+00
 0.000000000E+00  0.000000000E+00  2.901078900E-01  3.244007517E-01  3.187720383E-01 -1.003466700E+00  3.211746300E-01  3.290443100E-01  2.901078900E-01  0.000000000E+00  0.000000000E+00
 0.000000000E+00  0.000000000E+00  3.010313900E-01  3.351806644E-01  3.296878556E-01 -7.121000300E-01  3.322501611E-01  3.401960989E-01  3.010313900E-01  0.000000000E+00  0.000000000E+00
 0.000000000E+00  0.000000000E+00  3.164351400E-01  3.504476989E-01  3.450924811E-01 -3.245659800E-01  3.478166361E-01  3.558412339E-01  3.164351400E-01  0.000000000E+00  0.000000000E+00
 0.000000000E+00  0.000000000E+00  3.364274800E-01  3.703101050E-01  3.650941650E-01  1.734489500E-01  3.679823250E-01  3.760879850E-01  3.364274800E-01  0.000000000E+00  0.000000000E+00
 0.000000000E+00  0.000000000E+00  3.611287100E-01  3.948881433E-01  3.898131167E-01  7.958777300E-01  3.928673756E-01  4.010567044E-01  3.611287100E-01  0.000000000E+00  0.000000000E+00
 0.000000000E+00  0.000000000E+00  3.906729000E-01  4.243158256E-01  4.193831944E-01  1.556148900E+00  4.226057267E-01  4.308814333E-01  3.906729000E-01  0.000000000E+00  0.000000000E+00
 0.000000000E+00  0.000000000E+00  2.645151500E-01  2.963344461E-01  2.911561239E-01 -9.826286900E-01  2.942292289E-01  3.022038911E-01  2.645151500E-01  0.000000000E+00  0.000000000E+00
 0.000000000E+00  0.000000000E+00  2.758550600E-01  3.075613406E-01  3.025666094E-01 -6.887372100E-01  3.058376761E-01  3.139027539E-01  2.758550600E-01  0.000000000E+00  0.000000000E+00
 0.000000000E+00  0.000000000E+00  2.912066500E-01  3.228125778E-01  3.180021022E-01 -3.034170900E-01  3.214734350E-01  3.296333750E-01  2.912066500E-01  0.000000000E+00  0.000000000E+00
 0.000000000E+00  0.000000000E+00  3.106424600E-01  3.421600178E-01  3.375344622E-01  1.852870200E-01  3.412083450E-01  3.494676450E-01  3.106424600E-01  0.000000000E+00  0.000000000E+00
 0.000000000E+00  0.000000000E+00  3.342467900E-01  3.656873517E-01  3.612472783E-01  7.887539700E-01  3.651261167E-01  3.734892233E-01  3.342467900E-01  0.000000000E+00  0.000000000E+00
 0.000000000E+00  0.000000000E+00  3.621166500E-01  3.934909283E-01  3.892370017E-01  1.517703500E+00  3.933231700E-01  4.017945300E-01  3.621166500E-01  0.000000000E+00  0.000000000E+00
 0.000000000E+00  0.000000000E+00  2.451780200E-01  2.743474961E-01  2.698757339E-01 -9.524498600E-01  2.737847694E-01  2.818164206E-01  2.451780200E-01  0.000000000E+00  0.000000000E+00
 0.000000000E+00  0.000000000E+00  2.566130700E-01  2.858282844E-01  2.815839156E-01 -6.555389900E-01  2.857346661E-01  2.939000239E-01  2.566130700E-01  0.000000000E+00  0.000000000E+00
 0.000000000E+00  0.000000000E+00  2.716311900E-01  3.008976606E-01  2.968818094E-01 -2.721703900E-01  3.012771383E-01  3.095802917E-01  2.716311900E-01  0.000000000E+00  0.000000000E+00
 0.000000000E+00  0.000000000E+00  2.902749400E-01  3.195978350E-01  3.158115750E-01  2.073369200E-01  3.204544161E-01  3.288994539E-01  2.902749400E-01  0.000000000E+00  0.000000000E+00
 0.000000000E+00  0.000000000E+00  3.125982900E-01  3.419825589E-01  3.384268611E-01  7.919650800E-01  3.433200867E-01  3.519113533E-01  3.125982900E-01  0.000000000E+00  0.000000000E+00
 0.000000000E+00  0.000000000E+00  3.386668400E-01  3.681172128E-01  3.647929972E-01  1.489951500E+00  3.699396111E-01  3.786813489E-01  3.386668400E-01  0.000000000E+00  0.000000000E+00
 0.000000000E+00  0.000000000E+00  2.284963400E-01  2.560993856E-01  2.524961544E-01 -9.126134400E-01  2.573625317E-01  2.657352983E-01  2.284963400E-01  0.000000000E+00  0.000000000E+00
 0.000000000E+00  0.000000000E+00  2.399400000E-01  2.676769289E-01  2.643889511E-01 -6.124705000E-01  2.695523978E-01  2.780754822E-01  2.399400000E-01  0.000000000E+00  0.000000000E+00
 0.000000000E+00  0.000000000E+00  2.545528700E-01  2.824333472E-01  2.794592428E-01 -2.312180600E-01  2.849234578E-01  2.936038622E-01  2.545528700E-01  0.000000000E+00  0.000000000E+00
 0.000000000E+00  0.000000000E+00  2.723553700E-01  3.003883311E-01  2.977266689E-01  2.387059300E-01  3.034952700E-01  3.123401500E-01  2.723553700E-01  0.000000000E+00  0.000000000E+00
 0.000000000E+00  0.000000000E+00  2.933785300E-01  3.215722417E-01  3.192214883E-01  8.040967900E-01  3.252981344E-01  3.343146456E-01  2.933785300E-01  0.000000000E+00  0.000000000E+00
 0.000000000E+00  0.000000000E+00  3.176637400E-01  3.460257489E-01  3.439843711E-01  1.470970800E+00  3.503727517E-01  3.595679983E-01  3.176637400E-01  0.000000000E+00  0.000000000E+00
 0.000000000E+00  0.000000000E+00  2.123546000E-01  2.389096439E-01  2.374584461E-01 -8.717922400E-01  2.434221139E-01  2.515067161E-01  2.123546000E-01  0.000000000E+00  0.000000000E+00
 0.000000000E+00  0.000000000E+00  2.235905800E-01  2.506415533E-01  2.495611667E-01 -5.682002200E-01  2.559057917E-01  2.641994383E-01  2.235905900E-01  0.000000000E+00  0.000000000E+00
 0.000000000E+00  0.000000000E+00  2.376339100E-01  2.651609950E-01  2.644493750E-01 -1.890759600E-01  2.711784789E-01  2.796895011E-01  2.376339100E-01  0.000000000E+00  0.000000000E+00
 0.000000000E+00  0.000000000E+00  2.544848400E-01  2.824704922E-01  2.821252878E-01  2.711517400E-01  2.892424639E-01  2.979793461E-01  2.544848400E-01  0.000000000E+00  0.000000000E+00
 0.000000000E+00  0.000000000E+00  2.741536500E-01  3.025822994E-01  3.026007506E-01  8.172755800E-01  3.101095622E-01  3.190811978E-01  2.741536500E-01  0.000000000E+00  0.000000000E+00
 0.000000000E+00  0.000000000E+00  2.966598700E-01  3.255174572E-01  3.258967528E-01  1.453325600E+00  3.338007522E-01  3.430161878E-01  2.966598700E-01  0.000000000E+00  0.000000000E+00
 0.000000000E+00  0.000000000E+00  1.940359900E-01  2.263761656E-01  2.281457344E-01 -8.342680600E-01  2.358128511E-01  2.427891089E-01  1.940359800E-01  0.000000000E+00  0.000000000E+00
 0.000000000E+00  0.000000000E+00  2.053541000E-01  2.381822778E-01  2.403546022E-01 -5.254446300E-01  2.484907889E-01  2.557947711E-01  2.053540900E-01  0.000000000E+00  0.000000000E+00
 0.000000000E+00  0.000000000E+00  2.191081800E-01  2.524103761E-01  2.549775339E-01 -1.471982900E-01  2.635864417E-01  2.712333283E-01  2.191081800E-01  0.000000000E+00  0.000000000E+00
 0.000000000E+00  0.000000000E+00  2.352873700E-01  2.690489128E-01  2.720036972E-01  3.042256300E-01  2.810889372E-01  2.890931928E-01  2.352873600E-01  0.000000000E+00  0.000000000E+00
 0.000000000E+00  0.000000000E+00  2.538892700E-01  2.880952139E-01  2.914307761E-01  8.318408800E-01  3.009961028E-01  3.093715272E-01  2.538892600E-01  0.000000000E+00  0.000000000E+00
 0.000000000E+00  0.000000000E+00  2.749190600E-01  3.095542017E-01  3.132644083E-01  1.437957700E+00  3.233135150E-01  3.320732950E-01  2.749190500E-01  0.000000000E+00  0.000000000E+00
 0.000000000E+00  0.000000000E+00  1.785860000E-01  2.209195328E-01  2.254070372E-01 -7.849797300E-01  2.351500211E-01  2.421087989E-01  1.785860000E-01  0.000000000E+00  0.000000000E+00
 0.000000000E+00  0.000000000E+00  1.900644300E-01  2.324937733E-01  2.373759067E-01 -4.705225400E-01  2.476914861E-01  2.552008839E-01  1.900644200E-01  0.000000000E+00  0.000000000E+00
 0.000000000E+00  0.000000000E+00  2.036224000E-01  2.461434083E-01  2.514179217E-01 -9.333777900E-02  2.623103317E-01  2.703785783E-01  2.036223900E-01  0.000000000E+00  0.000000000E+00
 0.000000000E+00  0.000000000E+00  2.192404300E-01  2.618495194E-01  2.675140106E-01  3.487480700E-01  2.789874978E-01  2.876228222E-01  2.192404200E-01  0.000000000E+00  0.000000000E+00
 0.000000000E+00  0.000000000E+00  2.369063200E-01  2.796003778E-01  2.856523422E-01  8.572359600E-01  2.977111850E-01  3.069217650E-01  2.369063200E-01  0.000000000E+00  0.000000000E+00
 0.000000000E+00  0.000000000E+00  2.566141200E-01  2.993903739E-01  3.058272561E-01  1.433008200E+00  3.184758144E-01  3.282697256E-01  2.566141200E-01  0.000000000E+00  0.000000000E+00
 0.000000000E+00  0.000000000E+00  1.730454800E-01  2.162507617E-01  2.229031283E-01 -7.180439900E-01  2.350423039E-01  2.439595061E-01  1.730454800E-01  0.000000000E+00  0.000000000E+00
 0.000000000E+00  0.000000000E+00  1.840656700E-01  2.273760961E-01  2.345147339E-01 -3.992397800E-01  2.473687733E-01  2.569879867E-01  1.840656800E-01  0.000000000E+00  0.000000000E+00
 0.000000000E+00  0.000000000E+00  1.968577900E-01  2.402729561E-01  2.478927539E-01 -2.471718500E-02  2.614662300E-01  2.717969100E-01  1.968577900E-01  0.000000000E+00  0.000000000E+00
 0.000000000E+00  0.000000000E+00  2.113966000E-01  2.549157422E-01  2.630115378E-01  4.063141300E-01  2.773089667E-01  2.883603133E-01  2.113966100E-01  0.000000000E+00  0.000000000E+00
 0.000000000E+00  0.000000000E+00  2.276627300E-01  2.712847761E-01  2.798512539E-01  8.940779800E-01  2.948771039E-01  3.066582661E-01  2.276627400E-01  0.000000000E+00  0.000000000E+00
 0.000000000E+00  0.000000000E+00  2.456415700E-01  2.893650756E-01  2.983971244E-01  1.438292200E+00  3.141557433E-01  3.266757167E-01  2.456415700E-01  0.000000000E+00  0.000000000E+00
 0.000000000E+00  0.000000000E+00  1.656864800E-01  2.111040467E-01  2.207864333E-01 -6.362813700E-01  2.361610744E-01  2.475659056E-01  1.656864800E-01  0.000000000E+00  0.000000000E+00
 0.000000000E+00  0.000000000E+00  1.761376400E-01  2.216822078E-01  2.319588122E-01 -3.149029900E-01  2.482268244E-01  2.605222156E-01  1.761376400E-01  0.000000000E+00  0.000000000E+00
 0.000000000E+00  0.000000000E+00  1.880904400E-01  2.337571606E-01  2.446177094E-01  5.496634100E-02  2.617823294E-01  2.749797806E-01  1.880904400E-01  0.000000000E+00  0.000000000E+00
 0.000000000E+00  0.000000000E+00  2.015147400E-01  2.472985739E-01  2.587328961E-01  4.729631900E-01  2.767972522E-01  2.909080078E-01  2.015147400E-01  0.000000000E+00  0.000000000E+00
 0.000000000E+00  0.000000000E+00  2.163849600E-01  2.622806867E-01  2.742787133E-01  9.382776700E-01  2.932460178E-01  3.082808622E-01  2.163849600E-01  0.000000000E+00  0.000000000E+00
 0.000000000E+00  0.000000000E+00  2.326791300E-01  2.786813567E-01  2.912332233E-01  1.449717300E+00  3.111065978E-01  3.270761622E-01  2.326791300E-01  0.000000000E+00  0.000000000E+00
 0.000000000E+00  0.000000000E+00  1.553882200E-01  2.047345233E-01  2.187706567E-01 -5.460110700E-01  2.384202228E-01  2.528805272E-01  1.553882200E-01  0.000000000E+00  0.000000000E+00
 0.000000000E+00  0.000000000E+00  1.653596300E-01  2.147645961E-01  2.294656339E-01 -2.219402200E-01  2.502211567E-01  2.658568633E-01  1.653596300E-01  0.000000000E+00  0.000000000E+00
 0.000000000E+00  0.000000000E+00  1.765809500E-01  2.260327456E-01  2.413851944E-01  1.428492900E-01  2.632481617E-01  2.800692883E-01  1.765809500E-01  0.000000000E+00  0.000000000E+00
 0.000000000E+00  0.000000000E+00  1.890188100E-01  2.385063794E-01  2.544969506E-01  5.471116500E-01  2.774687333E-01  2.954847867E-01  1.890188100E-01  0.000000000E+00  0.000000000E+00
 0.000000000E+00  0.000000000E+00  2.026432800E-01  2.521563072E-01  2.687717628E-01  9.892859500E-01  2.928537356E-01  3.120738644E-01  2.026432800E-01  0.000000000E+00  0.000000000E+00
 0.000000000E+00  0.000000000E+00  2.174270500E-01  2.669558972E-01  2.841831528E-01  1.467556400E+00  3.093766517E-01  3.298096983E-01  2.174270500E-01  0.000000000E+00  0.000000000E+00
 0.000000000E+00  0.000000000E+00  1.443946800E-01  1.974698172E-01  2.165545528E-01 -4.276186200E-01  2.418715100E-01  2.611298700E-01  1.443946800E-01  0.000000000E+00  0.000000000E+00
 0.000000000E+00  0.000000000E+00  1.538928900E-01  2.067948767E-01  2.266423433E-01 -1.038621100E-01  2.533176794E-01  2.740830506E-01  1.538928900E-01  0.000000000E+00  0.000000000E+00
 0.000000000E+00  0.000000000E+00  1.644084000E-01  2.171374556E-01  2.377274644E-01  2.526817900E-01  2.657601239E-01  2.880403261E-01  1.644084100E-01  0.000000000E+00  0.000000000E+00
 0.000000000E+00  0.000000000E+00  1.759058700E-01  2.284618606E-01  2.497745294E-01  6.401388000E-01  2.791631783E-01  3.029655717E-01  1.759058700E-01  0.000000000E+00  0.000000000E+00
 0.000000000E+00  0.000000000E+00  1.883525000E-01  2.407349672E-01  2.627508228E-01  1.056451400E+00  2.934939483E-01  3.188253817E-01  1.883525000E-01  0.000000000E+00  0.000000000E+00
 0.000000000E+00  0.000000000E+00  2.017174000E-01  2.539256722E-01  2.766255478E-01  1.499430900E+00  3.087215272E-01  3.355885428E-01  2.017174000E-01  0.000000000E+00  0.000000000E+00
 0.000000000E+00  0.000000000E+00  1.331699800E-01  1.876849967E-01  2.133063833E-01 -2.829481400E-01  2.461687606E-01  2.718909894E-01  1.331699800E-01  0.000000000E+00  0.000000000E+00
 0.000000000E+00  0.000000000E+00  1.421506700E-01  1.963132633E-01  2.228006767E-01  3.731468400E-02  2.573144461E-01  2.849709239E-01  1.421506700E-01  0.000000000E+00  0.000000000E+00
 0.000000000E+00  0.000000000E+00  1.519387300E-01  2.057529850E-01  2.330756050E-01  3.822687800E-01  2.692348467E-01  2.988297133E-01  1.519387400E-01  0.000000000E+00  0.000000000E+00
 0.000000000E+00  0.000000000E+00  1.624976300E-01  2.159677444E-01  2.440954156E-01  7.496950800E-01  2.818940317E-01  3.134305583E-01  1.624976300E-01  0.000000000E+00  0.000000000E+00
 0.000000000E+00  0.000000000E+00  1.737927200E-01  2.269229633E-01  2.558262967E-01  1.137310100E+00  2.952579689E-01  3.287387111E-01  1.737927200E-01  0.000000000E+00  0.000000000E+00
 0.000000000E+00  0.000000000E+00  1.857908500E-01  2.385854939E-01  2.682358161E-01  1.542806900E+00  3.092941761E-01  3.447209739E-01  1.857908600E-01  0.000000000E+00  0.000000000E+00
 0.000000000E+00  0.000000000E+00  1.215547800E-01  1.746878044E-01  2.093005556E-01 -1.091522500E-01  2.520336717E-01  2.870533183E-01  1.215547800E-01  0.000000000E+00  0.000000000E+00
 0.000000000E+00  0.000000000E+00  1.300643100E-01  1.827486806E-01  2.182440694E-01  2.032724100E-01  2.629814222E-01  3.004960578E-01  1.300643200E-01  0.000000000E+00  0.000000000E+00
 0.000000000E+00  0.000000000E+00  1.391762700E-01  1.914196083E-01  2.277606817E-01  5.324277800E-01  2.744849889E-01  3.144848511E-01  1.391762800E-01  0.000000000E+00  0.000000000E+00
 0.000000000E+00  0.000000000E+00  1.488552300E-01  2.006650983E-01  2.378148517E-01  8.759725100E-01  2.865092850E-01  3.289843050E-01  1.488552300E-01  0.000000000E+00  0.000000000E+00
 0.000000000E+00  0.000000000E+00  1.590672800E-01  2.104511483E-01  2.483727817E-01  1.231613700E+00  2.990208322E-01  3.439607878E-01  1.590672800E-01  0.000000000E+00  0.000000000E+00
 0.000000000E+00  0.000000000E+00  1.697797700E-01  2.207449344E-01  2.594020056E-01  1.597131900E+00  3.119876233E-01  3.593820367E-01  1.697797700E-01  0.000000000E+00  0.000000000E+00
 0.000000000E+00  0.000000000E+00  1.099835500E-01  1.611815517E-01  2.073801183E-01  1.029718700E-01  2.629658122E-01  3.117026078E-01  1.099835500E-01  0.000000000E+00  0.000000000E+00
 0.000000000E+00  0.000000000E+00  1.178847800E-01  1.684438033E-01  2.154895367E-01  4.018422100E-01  2.734096333E-01  3.253092867E-01  1.178847700E-01  0.000000000E+00  0.000000000E+00
 0.000000000E+00  0.000000000E+00  1.262153000E-01  1.761501583E-01  2.239912317E-01  7.095733900E-01  2.842227733E-01  3.392559467E-01  1.262153000E-01  0.000000000E+00  0.000000000E+00
 0.000000000E+00  0.000000000E+00  1.349399900E-01  1.842659289E-01  2.328512311E-01  1.024016000E+00  2.953712239E-01  3.535084261E-01  1.349399900E-01  0.000000000E+00  0.000000000E+00
 0.000000000E+00  0.000000000E+00  1.440253400E-01  1.927579578E-01  2.420370422E-01  1.343138300E+00  3.068226767E-01  3.680342633E-01  1.440253300E-01  0.000000000E+00  0.000000000E+00
 0.000000000E+00  0.000000000E+00  1.534392400E-01  2.015942956E-01  2.515175844E-01  1.665039100E+00  3.185461511E-01  3.828025289E-01  1.534392300E-01  0.000000000E+00  0.000000000E+00
 0.000000000E+00  0.000000000E+00  9.835017700E-02  1.429204278E-01  2.042248322E-01  3.568301100E-01  2.757966444E-01  3.453178756E-01  9.835017700E-02  0.000000000E+00  0.000000000E+00
 0.000000000E+00  0.000000000E+00  1.057192400E-01  1.495587833E-01  2.116014367E-01  6.340060600E-01  2.859334406E-01  3.592702694E-01  1.057192400E-01  0.000000000E+00  0.000000000E+00
 0.000000000E+00  0.000000000E+00  1.133314200E-01  1.564788750E-01  2.191727350E-01  9.127923300E-01  2.962258472E-01  3.733285428E-01  1.133314200E-01  0.000000000E+00  0.000000000E+00
 0.000000000E+00  0.000000000E+00  1.211575800E-01  1.636490100E-01  2.269109700E-01  1.191427700E+00  3.066462089E-01  3.874646311E-01  1.211575800E-01  0.000000000E+00  0.000000000E+00
 0.000000000E+00  0.000000000E+00  1.291699600E-01  1.710391383E-01  2.347897717E-01  1.468319100E+00  3.171685211E-01  4.016520189E-01  1.291699600E-01  0.000000000E+00  0.000000000E+00
 0.000000000E+00  0.000000000E+00  1.373420900E-01  1.786207028E-01  2.427840072E-01  1.742039500E+00  3.277680450E-01  4.158658650E-01  1.373420900E-01  0.000000000E+00  0.000000000E+00
 0.000000000E+00  0.000000000E+00  8.731713800E-02  1.235355678E-01  2.054452122E-01  6.524243500E-01  2.980616428E-01  3.963376272E-01  8.731713800E-02  0.000000000E+00  0.000000000E+00
 0.000000000E+00  0.000000000E+00  9.389463200E-02  1.294965739E-01  2.114682161E-01  8.950848900E-01  3.072310061E-01  4.101434839E-01  9.389463300E-02  0.000000000E+00  0.000000000E+00
 0.000000000E+00  0.000000000E+00  1.005680900E-01  1.355902122E-01  2.175298078E-01  1.133419000E+00  3.163819039E-01  4.238311061E-01  1.005680900E-01  0.000000000E+00  0.000000000E+00
 0.000000000E+00  0.000000000E+00  1.073140100E-01  1.417915433E-01  2.236095967E-01  1.366267800E+00  3.254943144E-01  4.373815456E-01  1.073140100E-01  0.000000000E+00  0.000000000E+00
 0.000000000E+00  0.000000000E+00  1.141103000E-01  1.480770194E-01  2.296884306E-01  1.592633100E+00  3.345495339E-01  4.507773761E-01  1.141103000E-01  0.000000000E+00  0.000000000E+00
 0.000000000E+00  0.000000000E+00  1.209362000E-01  1.544244761E-01  2.357482339E-01  1.811669300E+00  3.435300467E-01  4.640025133E-01  1.209362000E-01  0.000000000E+00  0.000000000E+00
 0.000000000E+00  0.000000000E+00  7.599364700E-02  1.010910800E-01  2.054604800E-01  9.283561000E-01  3.241869967E-01  4.655241433E-01  7.599364800E-02  0.000000000E+00  0.000000000E+00
 0.000000000E+00  0.000000000E+00  8.169229300E-02  1.064402000E-01  2.096476400E-01  1.126412000E+00  3.319676800E-01  4.784822800E-01  8.169229400E-02  0.000000000E+00  0.000000000E+00
 0.000000000E+00  0.000000000E+00  8.735857800E-02  1.117968850E-01  2.137572650E-01  1.316275200E+00  3.395792289E-01  4.911152911E-01  8.735857900E-02  0.000000000E+00  0.000000000E+00
 0.000000000E+00  0.000000000E+00  9.297719900E-02  1.171439228E-01  2.177769472E-01  1.497328200E+00  3.470111139E-01  5.034153561E-01  9.297720000E-02  0.000000000E+00  0.000000000E+00
 0.000000000E+00  0.000000000E+00  9.853408600E-02  1.224654139E-01  2.216953361E-01  1.669106200E+00  3.542537600E-01  5.153761200E-01  9.853408700E-02  0.000000000E+00  0.000000000E+00
 0.000000000E+00  0.000000000E+00  1.040163300E-01  1.277466394E-01  2.255022106E-01  1.831280600E+00  3.612987539E-01  5.269922361E-01  1.040163300E-01  0.000000000E+00  0.000000000E+00
 0.000000000E+00  0.000000000E+00  6.460021800E-02  7.627949389E-02  2.026834561E-01  1.168110100E+00  3.551999172E-01  5.558668928E-01  6.460021700E-02  0.000000000E+00  0.000000000E+00
 0.000000000E+00  0.000000000E+00  6.930990800E-02  8.120929278E-02  2.043629972E-01  1.314311700E+00  3.608382883E-01  5.667436417E-01  6.930990600E-02  0.000000000E+00  0.000000000E+00
 0.000000000E+00  0.000000000E+00  7.389147900E-02  8.604780611E-02  2.058984039E-01  1.449906400E+00  3.662001072E-01  5.771250828E-01  7.389147800E-02  0.000000000E+00  0.000000000E+00
 0.000000000E+00  0.000000000E+00  7.833877100E-02  9.078803167E-02  2.072856383E-01  1.574834000E+00  3.712844911E-01  5.870142689E-01  7.833877000E-02  0.000000000E+00  0.000000000E+00
 0.000000000E+00  0.000000000E+00  8.264636900E-02  9.542332722E-02  2.085219428E-01  1.689212900E+00  3.760914622E-01  5.964156178E-01  8.264636800E-02  0.000000000E+00  0.000000000E+00
 0.000000000E+00  0.000000000E+00  8.680959800E-02  9.994739278E-02  2.096056172E-01  1.793298000E+00  3.806220100E-01  6.053347700E-01  8.680959700E-02  0.000000000E+00  0.000000000E+00
 0.000000000E+00  0.000000000E+00  5.498641200E-02  5.767265778E-02  1.821203422E-01  1.313616100E+00  3.829077572E-01  6.604057728E-01  5.498641200E-02  0.000000000E+00  0.000000000E+00
 0.000000000E+00  0.000000000E+00  5.857243100E-02  6.250479167E-02  1.805792783E-01  1.398466400E+00  3.853424650E-01  6.672106850E-01  5.857243100E-02  0.000000000E+00  0.000000000E+00
 0.000000000E+00  0.000000000E+00  6.196782200E-02  6.715590000E-02  1.789469400E-01  1.473689900E+00  3.874858344E-01  6.734177456E-01  6.196782200E-02  0.000000000E+00  0.000000000E+00
 0.000000000E+00  0.000000000E+00  6.517606900E-02  7.162099111E-02  1.772341289E-01  1.539991600E+00  3.893521983E-01  6.790557517E-01  6.517606900E-02  0.000000000E+00  0.000000000E+00
 0.000000000E+00  0.000000000E+00  6.820105600E-02  7.589662389E-02  1.754494661E-01  1.597913700E+00  3.909550883E-01  6.841518817E-01  6.820105600E-02  0.000000000E+00  0.000000000E+00
 0.000000000E+00  0.000000000E+00  7.104695200E-02  7.998104611E-02  1.735996839E-01  1.647840200E+00  3.923068439E-01  6.887314061E-01  7.104695200E-02  0.000000000E+00  0.000000000E+00
 0.000000000E+00  0.000000000E+00  5.141587800E-02  5.549313444E-02  1.565017336E-01  1.305969400E+00  3.883812628E-01  7.113589672E-01  5.141587800E-02  0.000000000E+00  0.000000000E+00
 0.000000000E+00  0.000000000E+00  5.427916900E-02  5.971761639E-02  1.545505366E-01  1.372452900E+00  3.897543017E-01  7.158720683E-01  5.427916800E-02  0.000000000E+00  0.000000000E+00
 0.000000000E+00  0.000000000E+00  5.695735400E-02  6.371373861E-02  1.525395904E-01  1.429724800E+00  3.908548056E-01  7.198343344E-01  5.695735400E-02  0.000000000E+00  0.000000000E+00
 0.000000000E+00  0.000000000E+00  5.945752400E-02  6.750143333E-02  1.504538467E-01  1.477480100E+00  3.916837944E-01  7.232550656E-01  5.945752300E-02  0.000000000E+00  0.000000000E+00
 0.000000000E+00  0.000000000E+00  6.178580500E-02  7.109878444E-02  1.482817756E-01  1.515796000E+00  3.922415033E-01  7.261432367E-01  6.178580400E-02  0.000000000E+00  0.000000000E+00
 0.000000000E+00  0.000000000E+00  6.394760800E-02  7.452138389E-02  1.460151461E-01  1.545206200E+00  3.925289544E-01  7.285079456E-01  6.394760800E-02  0.000000000E+00  0.000000000E+00
 0.000000000E+00  0.000000000E+00  4.808505800E-02  5.157572000E-02  1.374558800E-01  1.313155200E+00  3.976407417E-01  7.625162683E-01  4.808505800E-02  0.000000000E+00  0.000000000E+00
 0.000000000E+00  0.000000000E+00  5.036148100E-02  5.608833500E-02  1.336021070E-01  1.348159200E+00  3.968153578E-01  7.636214022E-01  5.036148100E-02  0.000000000E+00  0.000000000E+00
 0.000000000E+00  0.000000000E+00  5.245300300E-02  6.036856944E-02  1.297434286E-01  1.375296300E+00  3.957453422E-01  7.641628178E-01  5.245300200E-02  0.000000000E+00  0.000000000E+00
 0.000000000E+00  0.000000000E+00  5.436850500E-02  6.442386583E-02  1.258856772E-01  1.395210900E+00  3.944455439E-01  7.641711061E-01  5.436850400E-02  0.000000000E+00  0.000000000E+00
 0.000000000E+00  0.000000000E+00  5.611637800E-02  6.826154972E-02  1.220338273E-01  1.408533500E+00  3.929298689E-01  7.636752511E-01  5.611637800E-02  0.000000000E+00  0.000000000E+00
 0.000000000E+00  0.000000000E+00  5.770458600E-02  7.188868400E-02  1.181923760E-01  1.415874600E+00  3.912112694E-01  7.627027206E-01  5.770458600E-02  0.000000000E+00  0.000000000E+00
 0.000000000E+00  0.000000000E+00  4.545992800E-02  5.439776561E-02  1.105974734E-01  1.270078200E+00  3.983325311E-01  8.002123489E-01  4.545992800E-02  0.000000000E+00  0.000000000E+00
 0.000000000E+00  0.000000000E+00  4.718222100E-02  5.882763611E-02  1.058783579E-01  1.285615400E+00  3.959509261E-01  7.981946039E-01  4.718222100E-02  0.000000000E+00  0.000000000E+00
 0.000000000E+00  0.000000000E+00  4.873705700E-02  6.300462222E-02  1.012198378E-01  1.294719300E+00  3.933794211E-01  7.956741589E-01  4.873705700E-02  0.000000000E+00  0.000000000E+00
 0.000000000E+00  0.000000000E+00  5.013396800E-02  6.693722861E-02  9.662750439E-02  1.298052400E+00  3.906331456E-01  7.926855144E-01  5.013396800E-02  0.000000000E+00  0.000000000E+00
 0.000000000E+00  0.000000000E+00  5.138189000E-02  7.063418633E-02  9.210548367E-02  1.296229500E+00  3.877258356E-01  7.892602444E-01  5.138189000E-02  0.000000000E+00  0.000000000E+00
 0.000000000E+00  0.000000000E+00  5.248922200E-02  7.410427300E-02  8.765679300E-02  1.289826100E+00  3.846699294E-01  7.854275006E-01  5.248922200E-02  0.000000000E+00  0.000000000E+00
 0.000000000E+00  0.000000000E+00  4.280790100E-02  6.070581033E-02  8.179622767E-02  1.206856100E+00  3.942499100E-01  8.278449900E-01  4.280790000E-02  0.000000000E+00  0.000000000E+00
 0.000000000E+00  0.000000000E+00  4.408019900E-02  6.494496344E-02  7.660215056E-02  1.208179700E+00  3.906337172E-01  8.228803328E-01  4.408019800E-02  0.000000000E+00  0.000000000E+00
 0.000000000E+00  0.000000000E+00  4.520480700E-02  6.891986544E-02  7.152333256E-02  1.204225600E+00  3.868752422E-01  8.174801178E-01  4.520480600E-02  0.000000000E+00  0.000000000E+00
 0.000000000E+00  0.000000000E+00  4.619125800E-02  7.264056456E-02  6.656354544E-02  1.195668600E+00  3.829889983E-01  8.116806317E-01  4.619125800E-02  0.000000000E+00  0.000000000E+00
 0.000000000E+00  0.000000000E+00  4.704840100E-02  7.611692689E-02  6.172537711E-02  1.183123400E+00  3.789882167E-01  8.055152433E-01  4.704840100E-02  0.000000000E+00  0.000000000E+00
 0.000000000E+00  0.000000000E+00  4.778448000E-02  7.935865867E-02  5.701041733E-02  1.167148200E+00  3.748848628E-01  7.990147272E-01  4.778448000E-02  0.000000000E+00  0.000000000E+00
 0.000000000E+00  0.000000000E+00  4.031603600E-02  6.989966156E-02  5.183384644E-02  1.135724100E+00  3.875495061E-01  8.469049439E-01  4.031603500E-02  0.000000000E+00  0.000000000E+00
 0.000000000E+00  0.000000000E+00  4.121974400E-02  7.392212817E-02  4.635560083E-02  1.125239400E+00  3.828268456E-01  8.388951744E-01  4.121974400E-02  0.000000000E+00  0.000000000E+00
 0.000000000E+00  0.000000000E+00  4.199570900E-02  7.765204083E-02  4.107129217E-02  1.110941000E+00  3.780251928E-01  8.305858172E-01  4.199570800E-02  0.000000000E+00  0.000000000E+00
 0.000000000E+00  0.000000000E+00  4.265299100E-02  8.110460811E-02  3.597703389E-02  1.093358700E+00  3.731546178E-01  8.220035022E-01  4.265299000E-02  0.000000000E+00  0.000000000E+00
 0.000000000E+00  0.000000000E+00  4.319996300E-02  8.429404522E-02  3.106871278E-02  1.072994700E+00  3.682246372E-01  8.131736928E-01  4.319996300E-02  0.000000000E+00  0.000000000E+00
 0.000000000E+00  0.000000000E+00  4.364439400E-02  8.723372917E-02  2.634204183E-02  1.050312300E+00  3.632441261E-01  8.041204439E-01  4.364439300E-02  0.000000000E+00  0.000000000E+00
 0.000000000E+00  0.000000000E+00  3.802757500E-02  8.142151856E-02  2.080294344E-02  1.055463100E+00  3.787351044E-01  8.563048556E-01  3.802757500E-02  0.000000000E+00  0.000000000E+00
 0.000000000E+00  0.000000000E+00  3.861938800E-02  8.499662383E-02  1.548557917E-02  1.036906400E+00  3.731124183E-01  8.456926517E-01  3.861938800E-02  0.000000000E+00  0.000000000E+00
 0.000000000E+00  0.000000000E+00  3.910367900E-02  8.828290750E-02  1.039924950E-02  1.015546500E+00  3.674540272E-01  8.348667228E-01  3.910367900E-02  0.000000000E+00  0.000000000E+00
 0.000000000E+00  0.000000000E+00  3.948871800E-02  9.129487667E-02  5.538395333E-03  9.919078600E-01  3.617710300E-01  8.238575900E-01  3.948871800E-02  0.000000000E+00  0.000000000E+00
 0.000000000E+00  0.000000000E+00  3.978211800E-02  9.404644822E-02  8.970717778E-04  9.664502700E-01  3.560731711E-01  8.126929889E-01  3.978211800E-02  0.000000000E+00  0.000000000E+00
 0.000000000E+00  0.000000000E+00  3.999091400E-02  9.655097906E-02 -3.530950056E-03  9.395771600E-01  3.503690422E-01  8.013979178E-01  3.999091400E-02  0.000000000E+00  0.000000000E+00
 0.000000000E+00  0.000000000E+00  3.583734800E-02  9.353154122E-02 -9.194023222E-03  9.723779200E-01  3.679984222E-01  8.585891378E-01  3.583734800E-02  0.000000000E+00  0.000000000E+00
 0.000000000E+00  0.000000000E+00  3.617059200E-02  9.662754794E-02 -1.417724694E-02  9.478879800E-01  3.615821972E-01  8.454674928E-01  3.617059200E-02  0.000000000E+00  0.000000000E+00
 0.000000000E+00  0.000000000E+00  3.641602700E-02  9.943299317E-02 -1.889429417E-02  9.216570900E-01  3.551888750E-01  8.322544150E-01  3.641602700E-02  0.000000000E+00  0.000000000E+00
 0.000000000E+00  0.000000000E+00  3.658081300E-02  1.019637532E-01 -2.335378617E-02  8.940952100E-01  3.488257717E-01  8.189768983E-01  3.658081300E-02  0.000000000E+00  0.000000000E+00
 0.000000000E+00  0.000000000E+00  3.667154500E-02  1.042350042E-01 -2.756467117E-02  8.655617100E-01  3.424992594E-01  8.056585906E-01  3.667154500E-02  0.000000000E+00  0.000000000E+00
 0.000000000E+00  0.000000000E+00  3.669431300E-02  1.062612356E-01 -3.153604756E-02  8.363701300E-01  3.362147094E-01  7.923204006E-01  3.669431300E-02  0.000000000E+00  0.000000000E+00
 0.000000000E+00  0.000000000E+00  3.365725300E-02  1.061272708E-01 -3.798500478E-02  8.872548500E-01  3.555008344E-01  8.540327856E-01  3.365725300E-02  0.000000000E+00  0.000000000E+00
 0.000000000E+00  0.000000000E+00  3.378661300E-02  1.086687952E-01 -4.248933617E-02  8.593935800E-01  3.484946133E-01  8.386215467E-01  3.378661300E-02  0.000000000E+00  0.000000000E+00
 0.000000000E+00  0.000000000E+00  3.384558500E-02  1.109218812E-01 -4.669318322E-02  8.305470300E-01  3.415578056E-01  8.232536544E-01  3.384558500E-02  0.000000000E+00  0.000000000E+00
 0.000000000E+00  0.000000000E+00  3.384026300E-02  1.129037196E-01 -5.061023156E-02  8.010488300E-01  3.346949767E-01  8.079478833E-01  3.384026300E-02  0.000000000E+00  0.000000000E+00
 0.000000000E+00  0.000000000E+00  3.377624800E-02  1.146306793E-01 -5.425383828E-02  7.711883300E-01  3.279098983E-01  7.927207317E-01  3.377624800E-02  0.000000000E+00  0.000000000E+00
 0.000000000E+00  0.000000000E+00  3.365870800E-02  1.161183214E-01 -5.763696744E-02  7.412142400E-01  3.212056867E-01  7.775867133E-01  3.365870800E-02  0.000000000E+00  0.000000000E+00
 0.000000000E+00  0.000000000E+00  3.152255400E-02  1.191171392E-01 -6.609271600E-02  8.053604400E-01  3.420377967E-01  8.432743433E-01  3.152255400E-02  0.000000000E+00  0.000000000E+00
 0.000000000E+00  0.000000000E+00  3.149746100E-02  1.209854040E-01 -6.988449714E-02  7.755483500E-01  3.345865378E-01  8.258722622E-01  3.149746200E-02  0.000000000E+00  0.000000000E+00
 0.000000000E+00  0.000000000E+00  3.141638300E-02  1.225773929E-01 -7.336106636E-02  7.453606600E-01  3.272419144E-01  8.086296656E-01  3.141638300E-02  0.000000000E+00  0.000000000E+00
 0.000000000E+00  0.000000000E+00  3.128445300E-02  1.239110237E-01 -7.653920958E-02  7.150665500E-01  3.200069556E-01  7.915616444E-01  3.128445300E-02  0.000000000E+00  0.000000000E+00
 0.000000000E+00  0.000000000E+00  3.110640000E-02  1.250032796E-01 -7.943512608E-02  6.848942400E-01  3.128837233E-01  7.746810967E-01  3.110640000E-02  0.000000000E+00  0.000000000E+00
 0.000000000E+00  0.000000000E+00  3.088658800E-02  1.258702399E-01 -8.206437789E-02  6.550349400E-01  3.058737378E-01  7.579987422E-01  3.088658800E-02  0.000000000E+00  0.000000000E+00
 0.000000000E+00  0.000000000E+00  2.954123800E-02  1.315281095E-01 -9.305030189E-02  7.274637600E-01  3.282557739E-01  8.268126161E-01  2.954123800E-02  0.000000000E+00  0.000000000E+00
 0.000000000E+00  0.000000000E+00  2.939534800E-02  1.326707279E-01 -9.591809128E-02  6.968377700E-01  3.204281289E-01  8.076841511E-01  2.939534900E-02  0.000000000E+00  0.000000000E+00
 0.000000000E+00  0.000000000E+00  2.920524700E-02  1.335550849E-01 -9.847376097E-02  6.663277900E-01  3.127440872E-01  7.888305428E-01  2.920524700E-02  0.000000000E+00  0.000000000E+00
 0.000000000E+00  0.000000000E+00  2.897535200E-02  1.341992950E-01 -1.007364503E-01  6.361393100E-01  3.052047217E-01  7.702627283E-01  2.897535200E-02  0.000000000E+00  0.000000000E+00
 0.000000000E+00  0.000000000E+00  2.870971800E-02  1.346205593E-01 -1.027244504E-01  6.064426400E-01  2.978103017E-01  7.519893083E-01  2.870971800E-02  0.000000000E+00  0.000000000E+00
 0.000000000E+00  0.000000000E+00  2.841207700E-02  1.348351235E-01 -1.044551397E-01  5.773765000E-01  2.905605650E-01  7.340166650E-01  2.841207700E-02  0.000000000E+00  0.000000000E+00
 0.000000000E+00  0.000000000E+00  2.770705200E-02  1.432055008E-01 -1.178316038E-01  6.540088100E-01  3.138835039E-01  8.047868661E-01  2.770705200E-02  0.000000000E+00  0.000000000E+00
 0.000000000E+00  0.000000000E+00  2.746118200E-02  1.435665650E-01 -1.196492070E-01  6.235174400E-01  3.057694694E-01  7.842256406E-01  2.746118200E-02  0.000000000E+00  0.000000000E+00
 0.000000000E+00  0.000000000E+00  2.718204200E-02  1.436942969E-01 -1.211728649E-01  5.935024800E-01  2.978352022E-01  7.640551178E-01  2.718204200E-02  0.000000000E+00  0.000000000E+00
 0.000000000E+00  0.000000000E+00  2.687327400E-02  1.436066428E-01 -1.224230258E-01  5.641182800E-01  2.900791411E-01  7.442802789E-01  2.687327500E-02  0.000000000E+00  0.000000000E+00
 0.000000000E+00  0.000000000E+00  2.653821900E-02  1.433206064E-01 -1.234190774E-01  5.354881200E-01  2.824993456E-01  7.249038344E-01  2.653821900E-02  0.000000000E+00  0.000000000E+00
 0.000000000E+00  0.000000000E+00  2.617994900E-02  1.428521971E-01 -1.241792851E-01  5.077078500E-01  2.750933689E-01  7.059267111E-01  2.617994900E-02  0.000000000E+00  0.000000000E+00
 0.000000000E+00  0.000000000E+00  2.595580200E-02  1.537844744E-01 -1.400783784E-01  5.863037500E-01  2.990757394E-01  7.788254306E-01  2.595580200E-02  0.000000000E+00  0.000000000E+00
 0.000000000E+00  0.000000000E+00  2.563477100E-02  1.533268983E-01 -1.407500233E-01  5.565352800E-01  2.907457161E-01  7.570324339E-01  2.563477100E-02  0.000000000E+00  0.000000000E+00
 0.000000000E+00  0.000000000E+00  2.528943800E-02  1.526682454E-01 -1.411614874E-01  5.275027600E-01  2.826324978E-01  7.357492622E-01  2.528943800E-02  0.000000000E+00  0.000000000E+00
 0.000000000E+00  0.000000000E+00  2.492280900E-02  1.518257059E-01 -1.413333009E-01  4.993177600E-01  2.747314561E-01  7.149738939E-01  2.492280900E-02  0.000000000E+00  0.000000000E+00
 0.000000000E+00  0.000000000E+00  2.453763700E-02  1.508155029E-01 -1.412847629E-01  4.720664400E-01  2.670378328E-01  6.947023372E-01  2.453763700E-02  0.000000000E+00  0.000000000E+00
 0.000000000E+00  0.000000000E+00  2.413645300E-02  1.496528569E-01 -1.410339259E-01  4.458118300E-01  2.595466639E-01  6.749290661E-01  2.413645300E-02  0.000000000E+00  0.000000000E+00
 0.000000000E+00  0.000000000E+00  2.432967200E-02  1.627001989E-01 -1.590420069E-01  5.234585400E-01  2.835266961E-01  7.485364539E-01  2.432967300E-02  0.000000000E+00  0.000000000E+00
 0.000000000E+00  0.000000000E+00  2.395238800E-02  1.614486772E-01 -1.585756432E-01  4.951830600E-01  2.751170644E-01  7.258540956E-01  2.395238800E-02  0.000000000E+00  0.000000000E+00
 0.000000000E+00  0.000000000E+00  2.355782000E-02  1.600293448E-01 -1.578889628E-01  4.677345700E-01  2.669514400E-01  7.037849200E-01  2.355782000E-02  0.000000000E+00  0.000000000E+00
 0.000000000E+00  0.000000000E+00  2.314852800E-02  1.584588917E-01 -1.570022747E-01  4.412034500E-01  2.590231289E-01  6.823207511E-01  2.314852800E-02  0.000000000E+00  0.000000000E+00
 0.000000000E+00  0.000000000E+00  2.272685200E-02  1.567528832E-01 -1.559344372E-01  4.156593200E-01  2.513253750E-01  6.614517150E-01  2.272685200E-02  0.000000000E+00  0.000000000E+00
 0.000000000E+00  0.000000000E+00  2.229492600E-02  1.549257802E-01 -1.547029082E-01  3.911521700E-01  2.438512539E-01  6.411666961E-01  2.229492600E-02  0.000000000E+00  0.000000000E+00
 0.000000000E+00  0.000000000E+00  2.284048200E-02  1.704670559E-01 -1.751012229E-01  4.694479100E-01  2.677970711E-01  7.150209289E-01  2.284048300E-02  0.000000000E+00  0.000000000E+00
 0.000000000E+00  0.000000000E+00  2.241181800E-02  1.684062481E-01 -1.734937301E-01  4.421172000E-01  2.594222683E-01  6.916945417E-01  2.241181800E-02  0.000000000E+00  0.000000000E+00
 0.000000000E+00  0.000000000E+00  2.197358000E-02  1.662135881E-01 -1.717120821E-01  4.157980300E-01  2.513069350E-01  6.690830750E-01  2.197358000E-02  0.000000000E+00  0.000000000E+00
 0.000000000E+00  0.000000000E+00  2.152761400E-02  1.639055987E-01 -1.697762597E-01  3.905546200E-01  2.434436928E-01  6.471707172E-01  2.152761400E-02  0.000000000E+00  0.000000000E+00
 0.000000000E+00  0.000000000E+00  2.107562900E-02  1.614974318E-01 -1.677044968E-01  3.664262000E-01  2.358248406E-01  6.259406694E-01  2.107562900E-02  0.000000000E+00  0.000000000E+00
 0.000000000E+00  0.000000000E+00  2.061919600E-02  1.590029314E-01 -1.655133964E-01  3.434331900E-01  2.284427189E-01  6.053751011E-01  2.061919600E-02  0.000000000E+00  0.000000000E+00
 0.000000000E+00  0.000000000E+00  2.146380400E-02  1.762651424E-01 -1.876925974E-01  4.199021800E-01  2.520463811E-01  6.785693189E-01  2.146380400E-02  0.000000000E+00  0.000000000E+00
 0.000000000E+00  0.000000000E+00  2.099010100E-02  1.734516530E-01 -1.850155830E-01  3.939430900E-01  2.437997139E-01  6.548829561E-01  2.099010100E-02  0.000000000E+00  0.000000000E+00
 0.000000000E+00  0.000000000E+00  2.051395000E-02  1.705454292E-01 -1.822160742E-01  3.690460000E-01  2.358223711E-01  6.320018689E-01  2.051395000E-02  0.000000000E+00  0.000000000E+00
 0.000000000E+00  0.000000000E+00  2.003663600E-02  1.675615644E-01 -1.793121484E-01  3.452722400E-01  2.281057389E-01  6.099030811E-01  2.003663700E-02  0.000000000E+00  0.000000000E+00
 0.000000000E+00  0.000000000E+00  1.955932800E-02  1.645138195E-01 -1.763201905E-01  3.226554900E-01  2.206411806E-01  5.885629294E-01  1.955932800E-02  0.000000000E+00  0.000000000E+00
 0.000000000E+00  0.000000000E+00  1.908308400E-02  1.614146972E-01 -1.732550112E-01  3.012083600E-01  2.134201961E-01  5.679572739E-01  1.908308500E-02  0.000000000E+00  0.000000000E+00
 0.000000000E+00  0.000000000E+00  2.001463200E-02  1.807805926E-01 -1.972485676E-01  3.745302600E-01  2.371610150E-01  6.397102350E-01  2.001463300E-02  0.000000000E+00  0.000000000E+00
 0.000000000E+00  0.000000000E+00  1.952388400E-02  1.771926152E-01 -1.935500172E-01  3.500451000E-01  2.290347678E-01  6.159713322E-01  1.952388500E-02  0.000000000E+00  0.000000000E+00
 0.000000000E+00  0.000000000E+00  1.903508500E-02  1.735589277E-01 -1.897861177E-01  3.267074600E-01  2.211889406E-01  5.931099294E-01  1.903508500E-02  0.000000000E+00  0.000000000E+00
 0.000000000E+00  0.000000000E+00  1.854916800E-02  1.698928698E-01 -1.859724068E-01  3.045338800E-01  2.136136728E-01  5.710968972E-01  1.854916900E-02  0.000000000E+00  0.000000000E+00
 0.000000000E+00  0.000000000E+00  1.806696600E-02  1.662063690E-01 -1.821228350E-01  2.835310000E-01  2.062993000E-01  5.499027400E-01  1.806696600E-02  0.000000000E+00  0.000000000E+00
 0.000000000E+00  0.000000000E+00  1.758921800E-02  1.625100440E-01 -1.782498600E-01  2.636945800E-01  1.992363194E-01  5.294979706E-01  1.758921800E-02  0.000000000E+00  0.000000000E+00
 0.000000000E+00  0.000000000E+00  1.870296700E-02  1.832846498E-01 -2.037608068E-01  3.361139000E-01  2.228327783E-01  5.994910517E-01  1.870296700E-02  0.000000000E+00  0.000000000E+00
 0.000000000E+00  0.000000000E+00  1.819742700E-02  1.790194287E-01 -1.991734097E-01  3.127794200E-01  2.148698822E-01  5.759089578E-01  1.819742700E-02  0.000000000E+00  0.000000000E+00
 0.000000000E+00  0.000000000E+00  1.769826800E-02  1.747517423E-01 -1.945699603E-01  2.906103500E-01  2.071921122E-01  5.532692278E-01  1.769826800E-02  0.000000000E+00  0.000000000E+00
 0.000000000E+00  0.000000000E+00  1.720596800E-02  1.704929014E-01 -1.899642384E-01  2.696377800E-01  1.997891322E-01  5.315363278E-01  1.720596900E-02  0.000000000E+00  0.000000000E+00
 0.000000000E+00  0.000000000E+00  1.672094800E-02  1.662529379E-01 -1.853684809E-01  2.498725100E-01  1.926509494E-01  5.106747606E-01  1.672094800E-02  0.000000000E+00  0.000000000E+00
 0.000000000E+00  0.000000000E+00  1.624357700E-02  1.620406810E-01 -1.807934550E-01  2.313076500E-01  1.857677483E-01  4.906494617E-01  1.624357700E-02  0.000000000E+00  0.000000000E+00
 0.000000000E+00  0.000000000E+00  1.743706900E-02  1.845399961E-01 -2.083014861E-01  3.018845300E-01  2.095505522E-01  5.577317078E-01  1.743707000E-02  0.000000000E+00  0.000000000E+00
 0.000000000E+00  0.000000000E+00  1.692661400E-02  1.795819292E-01 -2.028041312E-01  2.793577900E-01  2.017021583E-01  5.345932717E-01  1.692661400E-02  0.000000000E+00  0.000000000E+00
 0.000000000E+00  0.000000000E+00  1.642620000E-02  1.746742357E-01 -1.973515667E-01  2.581330100E-01  1.941476006E-01  5.124454694E-01  1.642620000E-02  0.000000000E+00  0.000000000E+00
 0.000000000E+00  0.000000000E+00  1.593584000E-02  1.698256759E-01 -1.919554869E-01  2.382176600E-01  1.868766561E-01  4.912461339E-01  1.593584100E-02  0.000000000E+00  0.000000000E+00
 0.000000000E+00  0.000000000E+00  1.545555600E-02  1.650436117E-01 -1.866257137E-01  2.195970300E-01  1.798790522E-01  4.709539678E-01  1.545555600E-02  0.000000000E+00  0.000000000E+00
 0.000000000E+00  0.000000000E+00  1.498536800E-02  1.603341712E-01 -1.813704092E-01  2.022400700E-01  1.731445656E-01  4.515286944E-01  1.498536800E-02  0.000000000E+00  0.000000000E+00
 0.000000000E+00  0.000000000E+00  1.626583000E-02  1.838026919E-01 -2.098794659E-01  2.700045700E-01  1.967254239E-01  5.155538261E-01  1.626583100E-02  0.000000000E+00  0.000000000E+00
 0.000000000E+00  0.000000000E+00  1.575973100E-02  1.782524174E-01 -2.035959184E-01  2.482993200E-01  1.889863267E-01  4.930834333E-01  1.575973200E-02  0.000000000E+00  0.000000000E+00
 0.000000000E+00  0.000000000E+00  1.526560000E-02  1.728023393E-01 -1.974181113E-01  2.280509800E-01  1.815543428E-01  4.716328472E-01  1.526560100E-02  0.000000000E+00  0.000000000E+00
 0.000000000E+00  0.000000000E+00  1.478322200E-02  1.674582694E-01 -1.913541864E-01  2.092314400E-01  1.744178033E-01  4.511553367E-01  1.478322300E-02  0.000000000E+00  0.000000000E+00
 0.000000000E+00  0.000000000E+00  1.431242300E-02  1.622247909E-01 -1.854106309E-01  1.917944400E-01  1.675651878E-01  4.316053922E-01  1.431242300E-02  0.000000000E+00  0.000000000E+00
 0.000000000E+00  0.000000000E+00  1.385305700E-02  1.571053564E-01 -1.795924204E-01  1.756808100E-01  1.609851211E-01  4.129389789E-01  1.385305700E-02  0.000000000E+00  0.000000000E+00
 0.000000000E+00  0.000000000E+00  1.526770600E-02  1.811269706E-01 -2.087824256E-01  2.387170600E-01  1.838956500E-01  4.736671300E-01  1.526770500E-02  0.000000000E+00  0.000000000E+00
 0.000000000E+00  0.000000000E+00  1.475917900E-02  1.750592153E-01 -2.018051023E-01  2.181956600E-01  1.762844922E-01  4.520414078E-01  1.475917800E-02  0.000000000E+00  0.000000000E+00
 0.000000000E+00  0.000000000E+00  1.426504400E-02  1.691478981E-01 -1.950004401E-01  1.992735300E-01  1.689987950E-01  4.314494950E-01  1.426504300E-02  0.000000000E+00  0.000000000E+00
 0.000000000E+00  0.000000000E+00  1.378481600E-02  1.633939500E-01 -1.883716380E-01  1.818626400E-01  1.620241706E-01  4.118409194E-01  1.378481500E-02  0.000000000E+00  0.000000000E+00
 0.000000000E+00  0.000000000E+00  1.331809500E-02  1.577974619E-01 -1.819204399E-01  1.658714800E-01  1.553467900E-01  3.931667900E-01  1.331809500E-02  0.000000000E+00  0.000000000E+00
 0.000000000E+00  0.000000000E+00  1.286453900E-02  1.523578240E-01 -1.756473840E-01  1.512078800E-01  1.489532383E-01  3.753801117E-01  1.286453800E-02  0.000000000E+00  0.000000000E+00
 0.000000000E+00  0.000000000E+00  1.436113300E-02  1.765309319E-01 -2.049546069E-01  2.086268200E-01  1.709210350E-01  4.324820950E-01  1.436113300E-02  0.000000000E+00  0.000000000E+00
 0.000000000E+00  0.000000000E+00  1.384877700E-02  1.701126212E-01 -1.974814032E-01  1.897881100E-01  1.635440317E-01  4.118215183E-01  1.384877700E-02  0.000000000E+00  0.000000000E+00
 0.000000000E+00  0.000000000E+00  1.335328900E-02  1.638898547E-01 -1.902322877E-01  1.725195000E-01  1.564957461E-01  3.922010239E-01  1.335328900E-02  0.000000000E+00  0.000000000E+00
 0.000000000E+00  0.000000000E+00  1.287395700E-02  1.578610694E-01 -1.832068914E-01  1.567215600E-01  1.497612139E-01  3.735664961E-01  1.287395700E-02  0.000000000E+00  0.000000000E+00
 0.000000000E+00  0.000000000E+00  1.241016200E-02  1.520239733E-01 -1.764036373E-01  1.422943300E-01  1.433259833E-01  3.558659167E-01  1.241016200E-02  0.000000000E+00  0.000000000E+00
 0.000000000E+00  0.000000000E+00  1.196135800E-02  1.463756455E-01 -1.698199365E-01  1.291389000E-01  1.371759506E-01  3.390496594E-01  1.196135800E-02  0.000000000E+00  0.000000000E+00
 0.000000000E+00  0.000000000E+00  1.348145900E-02  1.705912247E-01 -1.991232567E-01  1.802028800E-01  1.583119372E-01  3.921237528E-01  1.348145900E-02  0.000000000E+00  0.000000000E+00
 0.000000000E+00  0.000000000E+00  1.296910400E-02  1.638872272E-01 -1.912459442E-01  1.632563100E-01  1.511668267E-01  3.725872133E-01  1.296910400E-02  0.000000000E+00  0.000000000E+00
 0.000000000E+00  0.000000000E+00  1.247567400E-02  1.574222761E-01 -1.836482301E-01  1.478234700E-01  1.443584122E-01  3.540777278E-01  1.247567400E-02  0.000000000E+00  0.000000000E+00
 0.000000000E+00  0.000000000E+00  1.200029100E-02  1.511906526E-01 -1.763246196E-01  1.337827400E-01  1.378700572E-01  3.365397128E-01  1.200029100E-02  0.000000000E+00  0.000000000E+00
 0.000000000E+00  0.000000000E+00  1.154216900E-02  1.451863272E-01 -1.692688652E-01  1.210206900E-01  1.316857667E-01  3.199199133E-01  1.154216900E-02  0.000000000E+00  0.000000000E+00
 0.000000000E+00  0.000000000E+00  1.110059700E-02  1.394030061E-01 -1.624741201E-01  1.094319800E-01  1.257901967E-01  3.041674633E-01  1.110059700E-02  0.000000000E+00  0.000000000E+00
 0.000000000E+00  0.000000000E+00  1.260615700E-02  1.632826287E-01 -1.911803687E-01  1.553020300E-01  1.457818750E-01  3.533683750E-01  1.260615600E-02  0.000000000E+00  0.000000000E+00
 0.000000000E+00  0.000000000E+00  1.209933400E-02  1.564306927E-01 -1.830926087E-01  1.403752400E-01  1.389519372E-01  3.349995928E-01  1.209933400E-02  0.000000000E+00  0.000000000E+00
 0.000000000E+00  0.000000000E+00  1.161327900E-02  1.498465602E-01 -1.753210152E-01  1.267434400E-01  1.324539333E-01  3.176450267E-01  1.161327900E-02  0.000000000E+00  0.000000000E+00
 0.000000000E+00  0.000000000E+00  1.114684400E-02  1.435228357E-01 -1.678575737E-01  1.143253900E-01  1.262712522E-01  3.012458478E-01  1.114684400E-02  0.000000000E+00  0.000000000E+00
 0.000000000E+00  0.000000000E+00  1.069901300E-02  1.374516658E-01 -1.606935468E-01  1.030396800E-01  1.203879372E-01  2.857462328E-01  1.069901200E-02  0.000000000E+00  0.000000000E+00
 0.000000000E+00  0.000000000E+00  1.026887600E-02  1.316248791E-01 -1.538196621E-01  9.280484900E-02  1.147886972E-01  2.710932728E-01  1.026887600E-02  0.000000000E+00  0.000000000E+00
 0.000000000E+00  0.000000000E+00  1.176117100E-02  1.551037847E-01 -1.819324807E-01  1.354589900E-01  1.339077422E-01  3.160601778E-01  1.176117000E-02  0.000000000E+00  0.000000000E+00
 0.000000000E+00  0.000000000E+00  1.126516200E-02  1.481499055E-01 -1.737091045E-01  1.216928500E-01  1.273695106E-01  2.989595794E-01  1.126516100E-02  0.000000000E+00  0.000000000E+00
 0.000000000E+00  0.000000000E+00  1.079069800E-02  1.414986309E-01 -1.658423599E-01  1.092126000E-01  1.211628756E-01  2.828422444E-01  1.079069800E-02  0.000000000E+00  0.000000000E+00
 0.000000000E+00  0.000000000E+00  1.033658800E-02  1.351384774E-01 -1.583199384E-01  9.792958700E-02  1.152705906E-01  2.676492194E-01  1.033658800E-02  0.000000000E+00  0.000000000E+00
 0.000000000E+00  0.000000000E+00  9.901754800E-03  1.290580416E-01 -1.511292106E-01  8.775206800E-02  1.096760722E-01  2.533246678E-01  9.901754600E-03  0.000000000E+00  0.000000000E+00
 0.000000000E+00  0.000000000E+00  9.485220100E-03  1.232460072E-01 -1.442573532E-01  7.858919400E-02  1.043635144E-01  2.398156256E-01  9.485220000E-03  0.000000000E+00  0.000000000E+00
 0.000000000E+00  0.000000000E+00  1.097108500E-02  1.458990109E-01 -1.713412719E-01  1.169705300E-01  1.224548400E-01  2.803728400E-01  1.097108500E-02  0.000000000E+00  0.000000000E+00
 0.000000000E+00  0.000000000E+00  1.048441700E-02  1.389649014E-01 -1.631282714E-01  1.044376300E-01  1.162314306E-01  2.645868994E-01  1.048441700E-02  0.000000000E+00  0.000000000E+00
 0.000000000E+00  0.000000000E+00  1.002057900E-02  1.323560719E-01 -1.552994899E-01  9.317075600E-02  1.103365717E-01  2.497513783E-01  1.002057900E-02  0.000000000E+00  0.000000000E+00
 0.000000000E+00  0.000000000E+00  9.578144400E-03  1.260588651E-01 -1.478396811E-01  8.305993800E-02  1.047524994E-01  2.358056306E-01  9.578144300E-03  0.000000000E+00  0.000000000E+00
 0.000000000E+00  0.000000000E+00  9.155848100E-03  1.200597147E-01 -1.407334827E-01  7.400208500E-02  9.946217889E-02  2.226926011E-01  9.155848000E-03  0.000000000E+00  0.000000000E+00
 0.000000000E+00  0.000000000E+00  8.752558400E-03  1.143452497E-01 -1.339655767E-01  6.590037200E-02  9.444938611E-02  2.103587039E-01  8.752558300E-03  0.000000000E+00  0.000000000E+00
 0.000000000E+00  0.000000000E+00  1.020713500E-02  1.360865937E-01 -1.599739757E-01  9.990992000E-02  1.115890872E-01  2.463997028E-01  1.020713500E-02  0.000000000E+00  0.000000000E+00
 0.000000000E+00  0.000000000E+00  9.733002700E-03  1.292344223E-01 -1.518434563E-01  8.868251800E-02  1.056708133E-01  2.320214667E-01  9.733002600E-03  0.000000000E+00  0.000000000E+00
 0.000000000E+00  0.000000000E+00  9.282247800E-03  1.227296436E-01 -1.441229396E-01  7.864571700E-02  1.000783361E-01  2.185406539E-01  9.282247700E-03  0.000000000E+00  0.000000000E+00
 0.000000000E+00  0.000000000E+00  8.853413800E-03  1.165554058E-01 -1.367939898E-01  6.969457000E-02  9.479328944E-02  2.058980606E-01  8.853413700E-03  0.000000000E+00  0.000000000E+00
 0.000000000E+00  0.000000000E+00  8.445189400E-03  1.106953757E-01 -1.298383227E-01  6.172751700E-02  8.979823833E-02  1.940380717E-01  8.445189300E-03  0.000000000E+00  0.000000000E+00
 0.000000000E+00  0.000000000E+00  8.056385200E-03  1.051337521E-01 -1.232379451E-01  5.464826300E-02  8.507655833E-02  1.829085917E-01  8.056385200E-03  0.000000000E+00  0.000000000E+00
 0.000000000E+00  0.000000000E+00  9.469904900E-03  1.255897041E-01 -1.477596021E-01  8.449836000E-02  1.009937883E-01  2.148135817E-01  9.469904900E-03  0.000000000E+00  0.000000000E+00
 0.000000000E+00  0.000000000E+00  9.009181100E-03  1.189135449E-01 -1.398120699E-01  7.453350400E-02  9.539176500E-02  2.018316250E-01  9.009181100E-03  0.000000000E+00  0.000000000E+00
 0.000000000E+00  0.000000000E+00  8.572576200E-03  1.125993110E-01 -1.322953970E-01  6.569599600E-02  9.011387778E-02  1.896902822E-01  8.572576200E-03  0.000000000E+00  0.000000000E+00
 0.000000000E+00  0.000000000E+00  8.158467000E-03  1.066279319E-01 -1.251877699E-01  5.787093000E-02  8.514100778E-02  1.783316922E-01  8.158467000E-03  0.000000000E+00  0.000000000E+00
 0.000000000E+00  0.000000000E+00  7.765407200E-03  1.009809797E-01 -1.184678827E-01  5.095259800E-02  8.045491444E-02  1.677017856E-01  7.765407300E-03  0.000000000E+00  0.000000000E+00
 0.000000000E+00  0.000000000E+00  7.392096700E-03  9.564070556E-02 -1.121150336E-01  4.484420500E-02  7.603829778E-02  1.577501422E-01  7.392096800E-03  0.000000000E+00  0.000000000E+00
 0.000000000E+00  0.000000000E+00  8.749863400E-03  1.146406309E-01 -1.348569189E-01  7.089370300E-02  9.062695889E-02  1.856860611E-01  8.749863500E-03  0.000000000E+00  0.000000000E+00
 0.000000000E+00  0.000000000E+00  8.305978900E-03  1.082245878E-01 -1.272005448E-01  6.215559900E-02  8.538277778E-02  1.740783422E-01  8.305978900E-03  0.000000000E+00  0.000000000E+00
 0.000000000E+00  0.000000000E+00  7.886192400E-03  1.021795401E-01 -1.199871301E-01  5.444132400E-02  8.045626500E-02  1.632475250E-01  7.886192400E-03  0.000000000E+00  0.000000000E+00
 0.000000000E+00  0.000000000E+00  7.488911200E-03  9.648385006E-02 -1.131920671E-01  4.764612800E-02  7.582736889E-02  1.531387511E-01  7.488911200E-03  0.000000000E+00  0.000000000E+00
 0.000000000E+00  0.000000000E+00  7.112695600E-03  9.111691428E-02 -1.067915793E-01  4.167244700E-02  7.147731333E-02  1.437006867E-01  7.112695600E-03  0.000000000E+00  0.000000000E+00
 0.000000000E+00  0.000000000E+00  6.756236300E-03  8.605916061E-02 -1.007628116E-01  3.643027100E-02  6.738835722E-02  1.348855168E-01  6.756236300E-03  0.000000000E+00  0.000000000E+00
 0.000000000E+00  0.000000000E+00  8.073921000E-03  1.033917597E-01 -1.214408507E-01  5.889952900E-02  8.066822111E-02  1.589601189E-01  8.073921000E-03  0.000000000E+00  0.000000000E+00
 0.000000000E+00  0.000000000E+00  7.644356100E-03  9.732020367E-02 -1.141742417E-01  5.122718400E-02  7.579345000E-02  1.486997700E-01  7.644356100E-03  0.000000000E+00  0.000000000E+00
 0.000000000E+00  0.000000000E+00  7.239629800E-03  9.161935728E-02 -1.073557843E-01  4.451220000E-02  7.122678333E-02  1.391517327E-01  7.239629800E-03  0.000000000E+00  0.000000000E+00
 0.000000000E+00  0.000000000E+00  6.857947100E-03  8.626612344E-02 -1.009580574E-01  3.864864400E-02  6.694823361E-02  1.302620254E-01  6.857947100E-03  0.000000000E+00  0.000000000E+00
 0.000000000E+00  0.000000000E+00  6.497706500E-03  8.123868950E-02 -9.495497250E-02  3.353878700E-02  6.293898194E-02  1.219811831E-01  6.497706500E-03  0.000000000E+00  0.000000000E+00
 0.000000000E+00  0.000000000E+00  6.157467500E-03  7.651647806E-02 -8.932177026E-02  2.909314400E-02  5.918130489E-02  1.142638311E-01  6.157467500E-03  0.000000000E+00  0.000000000E+00
 0.000000000E+00  0.000000000E+00  7.401245200E-03  9.204991739E-02 -1.077159744E-01  4.799885500E-02  7.102846806E-02  1.349738909E-01  7.401245300E-03  0.000000000E+00  0.000000000E+00
 0.000000000E+00  0.000000000E+00  6.990932400E-03  8.638444206E-02 -1.009448591E-01  4.141668400E-02  6.653337500E-02  1.259844190E-01  6.990932500E-03  0.000000000E+00  0.000000000E+00
 0.000000000E+00  0.000000000E+00  6.605133700E-03  8.108522694E-02 -9.461627594E-02  3.570438700E-02  6.233959011E-02  1.176366399E-01  6.605133700E-03  0.000000000E+00  0.000000000E+00
 0.000000000E+00  0.000000000E+00  6.242089300E-03  7.612757764E-02 -8.870099674E-02  3.075584300E-02  5.842567156E-02  1.098812204E-01  6.242089400E-03  0.000000000E+00  0.000000000E+00
 0.000000000E+00  0.000000000E+00  5.900217700E-03  7.148838569E-02 -8.317143379E-02  2.647656400E-02  5.477170033E-02  1.026728497E-01  5.900217800E-03  0.000000000E+00  0.000000000E+00
 0.000000000E+00  0.000000000E+00  5.578087600E-03  6.714605247E-02 -7.800162737E-02  2.278208200E-02  5.135921011E-02  9.596981589E-02  5.578087600E-03  0.000000000E+00  0.000000000E+00
 0.000000000E+00  0.000000000E+00  6.737422800E-03  8.083359478E-02 -9.408570878E-02  3.878352200E-02  6.167159211E-02  1.136282139E-01  6.737422700E-03  0.000000000E+00  0.000000000E+00
 0.000000000E+00  0.000000000E+00  6.347993000E-03  7.564760631E-02 -8.789010381E-02  3.316154200E-02  5.760522644E-02  1.058080336E-01  6.347993000E-03  0.000000000E+00  0.000000000E+00
 0.000000000E+00  0.000000000E+00  5.982756400E-03  7.081116333E-02 -8.211982333E-02  2.831586500E-02  5.382221800E-02  9.856108200E-02  5.982756300E-03  0.000000000E+00  0.000000000E+00
 0.000000000E+00  0.000000000E+00  5.639965600E-03  6.629996194E-02 -7.674553374E-02  2.415126200E-02  5.030207422E-02  9.184410178E-02  5.639965600E-03  0.000000000E+00  0.000000000E+00
 0.000000000E+00  0.000000000E+00  5.318036300E-03  6.209118617E-02 -7.173949957E-02  2.058082800E-02  4.702561522E-02  8.561646678E-02  5.318036300E-03  0.000000000E+00  0.000000000E+00
 0.000000000E+00  0.000000000E+00  5.015524800E-03  5.816349639E-02 -6.707564259E-02  1.752672300E-02  4.397497161E-02  7.984028739E-02  5.015524700E-03  0.000000000E+00  0.000000000E+00
 0.000000000E+00  0.000000000E+00  6.087652600E-03  7.014310186E-02 -8.080186496E-02  3.101851500E-02  5.280556394E-02  9.445682106E-02  6.087652500E-03  0.000000000E+00  0.000000000E+00
 0.000000000E+00  0.000000000E+00  5.719721600E-03  6.545969900E-02 -7.523698660E-02  2.614703200E-02  4.918417206E-02  8.777660294E-02  5.719721500E-03  0.000000000E+00  0.000000000E+00
 0.000000000E+00  0.000000000E+00  5.375946200E-03  6.110465817E-02 -7.007335477E-02  2.200756300E-02  4.582530494E-02  8.159721006E-02  5.375946200E-03  0.000000000E+00  0.000000000E+00
 0.000000000E+00  0.000000000E+00  5.054442300E-03  5.705414794E-02 -6.528150374E-02  1.850202300E-02  4.270911728E-02  7.587950772E-02  5.054442300E-03  0.000000000E+00  0.000000000E+00
 0.000000000E+00  0.000000000E+00  4.753523600E-03  5.328597125E-02 -6.083389695E-02  1.554111500E-02  3.981719144E-02  7.058728656E-02  4.753523600E-03  0.000000000E+00  0.000000000E+00
 0.000000000E+00  0.000000000E+00  4.471670100E-03  4.977946108E-02 -5.670483338E-02  1.304599900E-02  3.713247511E-02  6.568705689E-02  4.471670100E-03  0.000000000E+00  0.000000000E+00
 0.000000000E+00  0.000000000E+00  5.452782400E-03  6.011519225E-02 -6.807186235E-02  2.353816400E-02  4.447467739E-02  7.798030561E-02  5.452782300E-03  0.000000000E+00  0.000000000E+00
 0.000000000E+00  0.000000000E+00  5.110108600E-03  5.592657311E-02 -6.317691311E-02  1.949167500E-02  4.130305817E-02  7.226895483E-02  5.110108500E-03  0.000000000E+00  0.000000000E+00
 0.000000000E+00  0.000000000E+00  4.790717200E-03  5.204563936E-02 -5.865263026E-02  1.611912600E-02  3.837182133E-02  6.700246667E-02  4.790717200E-03  0.000000000E+00  0.000000000E+00
 0.000000000E+00  0.000000000E+00  4.492765300E-03  4.844887264E-02 -5.447017854E-02  1.331591300E-02  3.566177133E-02  6.214449267E-02  4.492765200E-03  0.000000000E+00  0.000000000E+00
 0.000000000E+00  0.000000000E+00  4.214599300E-03  4.511443408E-02 -5.060269558E-02  1.099182900E-02  3.315519511E-02  5.766150089E-02  4.214599300E-03  0.000000000E+00  0.000000000E+00
 0.000000000E+00  0.000000000E+00  3.954727100E-03  4.202210678E-02 -4.702527998E-02  9.069131100E-03  3.083577967E-02  5.352264233E-02  3.954727100E-03  0.000000000E+00  0.000000000E+00
 0.000000000E+00  0.000000000E+00  4.833574200E-03  5.066373664E-02 -5.617160734E-02  1.642720600E-02  3.685699556E-02  6.353749644E-02  4.833574400E-03  0.000000000E+00  0.000000000E+00
 0.000000000E+00  0.000000000E+00  4.518079500E-03  4.699722992E-02 -5.198774282E-02  1.333261900E-02  3.414732328E-02  5.873834572E-02  4.518079700E-03  0.000000000E+00  0.000000000E+00
 0.000000000E+00  0.000000000E+00  4.224707700E-03  4.360882939E-02 -4.812946639E-02  1.079424600E-02  3.164695206E-02  5.432043894E-02  4.224707800E-03  0.000000000E+00  0.000000000E+00
 0.000000000E+00  0.000000000E+00  3.951701500E-03  4.047703969E-02 -4.457140299E-02  8.723592700E-03  2.933934317E-02  5.025304383E-02  3.951701500E-03  0.000000000E+00  0.000000000E+00
 0.000000000E+00  0.000000000E+00  3.697473200E-03  3.758180449E-02 -4.128974849E-02  7.041370900E-03  2.720911783E-02  4.650751317E-02  3.697473300E-03  0.000000000E+00  0.000000000E+00
 0.000000000E+00  0.000000000E+00  3.460582600E-03  3.490450149E-02 -3.826233389E-02  5.679035600E-03  2.524202778E-02  4.305729622E-02  3.460582700E-03  0.000000000E+00  0.000000000E+00
 0.000000000E+00  0.000000000E+00  4.237290800E-03  4.206741286E-02 -4.567526516E-02  1.003342800E-02  3.028392606E-02  5.109763294E-02  4.237290800E-03  0.000000000E+00  0.000000000E+00
 0.000000000E+00  0.000000000E+00  3.950317000E-03  3.888600149E-02 -4.212156149E-02  7.904034600E-03  2.796045772E-02  4.707099928E-02  3.950317100E-03  0.000000000E+00  0.000000000E+00
 0.000000000E+00  0.000000000E+00  3.684226600E-03  3.595969314E-02 -3.886107684E-02  6.216271600E-03  2.582642167E-02  4.338410033E-02  3.684226700E-03  0.000000000E+00  0.000000000E+00
 0.000000000E+00  0.000000000E+00  3.437282400E-03  3.326675721E-02 -3.586819811E-02  4.878600600E-03  2.386535206E-02  4.000601094E-02  3.437282400E-03  0.000000000E+00  0.000000000E+00
 0.000000000E+00  0.000000000E+00  3.207929400E-03  3.078738318E-02 -3.311960518E-02  3.819342200E-03  2.206227650E-02  3.690882250E-02  3.207929400E-03  0.000000000E+00  0.000000000E+00
 0.000000000E+00  0.000000000E+00  2.994766900E-03  2.850350266E-02 -3.059406456E-02  2.981770900E-03  2.040357606E-02  3.406731894E-02  2.994766900E-03  0.000000000E+00  0.000000000E+00
 0.000000000E+00  0.000000000E+00  3.662129500E-03  3.420801986E-02 -3.635410846E-02  5.264290200E-03  2.439995111E-02  4.012982489E-02  3.662129500E-03  0.000000000E+00  0.000000000E+00
 0.000000000E+00  0.000000000E+00  3.408065900E-03  3.152108772E-02 -3.341939542E-02  3.990657200E-03  2.245553761E-02  3.687086939E-02  3.408065800E-03  0.000000000E+00  0.000000000E+00
 0.000000000E+00  0.000000000E+00  3.172433700E-03  2.905660263E-02 -3.073417233E-02  2.994145300E-03  2.067474467E-02  3.389232333E-02  3.172433600E-03  0.000000000E+00  0.000000000E+00
 0.000000000E+00  0.000000000E+00  2.953791000E-03  2.679537289E-02 -2.827646089E-02  2.219439900E-03  1.904318800E-02  3.116888000E-02  2.953790900E-03  0.000000000E+00  0.000000000E+00
 0.000000000E+00  0.000000000E+00  2.750826000E-03  2.471982887E-02 -2.602614447E-02  1.621278700E-03  1.754773528E-02  2.867750172E-02  2.750826000E-03  0.000000000E+00  0.000000000E+00
 0.000000000E+00  0.000000000E+00  2.562340100E-03  2.281390619E-02 -2.396484569E-02  1.162918800E-03  1.617640394E-02  2.639724106E-02  2.562340100E-03  0.000000000E+00  0.000000000E+00
 0.000000000E+00  0.000000000E+00  3.201230600E-03  2.723884305E-02 -2.825398835E-02  2.097074500E-03  1.919156694E-02  3.096343206E-02  3.201230600E-03  0.000000000E+00  0.000000000E+00
 0.000000000E+00  0.000000000E+00  2.968435600E-03  2.500827866E-02 -2.587620936E-02  1.368990900E-03  1.759723789E-02  2.835609611E-02  2.968435600E-03  0.000000000E+00  0.000000000E+00
 0.000000000E+00  0.000000000E+00  2.753088200E-03  2.297088470E-02 -2.371025570E-02  8.295711000E-04  1.614346728E-02  2.598192172E-02  2.753088200E-03  0.000000000E+00  0.000000000E+00
 0.000000000E+00  0.000000000E+00  2.553846600E-03  2.110904198E-02 -2.173626678E-02  4.359785200E-04  1.481712750E-02  2.381882150E-02  2.553846600E-03  0.000000000E+00  0.000000000E+00
 0.000000000E+00  0.000000000E+00  2.369472800E-03  1.940677109E-02 -1.993627399E-02  1.543766600E-04  1.360636233E-02  2.184686367E-02  2.369472800E-03  0.000000000E+00  0.000000000E+00
 0.000000000E+00  0.000000000E+00  2.198823300E-03  1.784957803E-02 -1.829402293E-02 -4.188020000E-05  1.250045789E-02  2.004805611E-02  2.198823300E-03  0.000000000E+00  0.000000000E+00
 0.000000000E+00  0.000000000E+00  2.755609800E-03  2.111129188E-02 -2.129998848E-02 -1.684096300E-04  1.465578461E-02  2.332994839E-02  2.755609800E-03  0.000000000E+00  0.000000000E+00
 0.000000000E+00  0.000000000E+00  2.542314700E-03  1.931560492E-02 -1.944237792E-02 -4.658617900E-04  1.339512667E-02  2.129841733E-02  2.542314700E-03  0.000000000E+00  0.000000000E+00
 0.000000000E+00  0.000000000E+00  2.346173900E-03  1.768065365E-02 -1.775522095E-02 -6.542649700E-04  1.224881144E-02  1.945338256E-02  2.346173900E-03  0.000000000E+00  0.000000000E+00
 0.000000000E+00  0.000000000E+00  2.165758500E-03  1.619151537E-02 -1.622234477E-02 -7.616122400E-04  1.120606211E-02  1.777705989E-02  2.165758500E-03  0.000000000E+00  0.000000000E+00
 0.000000000E+00  0.000000000E+00  1.999760800E-03  1.483461497E-02 -1.482905287E-02 -8.099992100E-04  1.025709156E-02  1.625332444E-02  1.999760800E-03  0.000000000E+00  0.000000000E+00
 0.000000000E+00  0.000000000E+00  1.846982500E-03  1.359762412E-02 -1.356201942E-02 -8.165280800E-04  9.393024000E-03  1.486757600E-02  1.846982500E-03  0.000000000E+00  0.000000000E+00
 0.000000000E+00  0.000000000E+00  2.285016700E-03  1.592733838E-02 -1.562579888E-02 -1.657242300E-03  1.091067467E-02  1.714195733E-02  2.285016700E-03  0.000000000E+00  0.000000000E+00
 0.000000000E+00  0.000000000E+00  2.097820700E-03  1.451444905E-02 -1.420525995E-02 -1.651089500E-03  9.934066611E-03  1.558805439E-02  2.097820800E-03  0.000000000E+00  0.000000000E+00
 0.000000000E+00  0.000000000E+00  1.926597400E-03  1.323392613E-02 -1.292127213E-02 -1.590879100E-03  9.049994056E-03  1.418331294E-02  1.926597400E-03  0.000000000E+00  0.000000000E+00
 0.000000000E+00  0.000000000E+00  1.769943000E-03  1.207277888E-02 -1.176006748E-02 -1.496744000E-03  8.249231389E-03  1.291267561E-02  1.769943000E-03  0.000000000E+00  0.000000000E+00
 0.000000000E+00  0.000000000E+00  1.626574300E-03  1.101929028E-02 -1.070926818E-02 -1.383074400E-03  7.523493278E-03  1.176260692E-02  1.626574300E-03  0.000000000E+00  0.000000000E+00
 0.000000000E+00  0.000000000E+00  1.495319400E-03  1.006290849E-02 -9.757763689E-03 -1.260168700E-03  6.865320828E-03  1.072098307E-02  1.495319400E-03  0.000000000E+00  0.000000000E+00
 0.000000000E+00  0.000000000E+00  1.819866100E-03  1.160994952E-02 -1.104858532E-02 -2.577271000E-03  7.858804417E-03  1.216167048E-02  1.819866100E-03  0.000000000E+00  0.000000000E+00
 0.000000000E+00  0.000000000E+00  1.662624700E-03  1.053752859E-02 -1.000417569E-02 -2.339493700E-03  7.128555972E-03  1.101724213E-02  1.662624800E-03  0.000000000E+00  0.000000000E+00
 0.000000000E+00  0.000000000E+00  1.519596600E-03  9.569891983E-03 -9.064292483E-03 -2.100061200E-03  6.470151072E-03  9.986899628E-03  1.519596700E-03  0.000000000E+00  0.000000000E+00
 0.000000000E+00  0.000000000E+00  1.389436400E-03  8.696153011E-03 -8.217799611E-03 -1.867874300E-03  5.876067094E-03  9.058522406E-03  1.389436500E-03  0.000000000E+00  0.000000000E+00
 0.000000000E+00  0.000000000E+00  1.270933400E-03  7.906643744E-03 -7.454839544E-03 -1.648653800E-03  5.339629589E-03  8.221383411E-03  1.270933400E-03  0.000000000E+00  0.000000000E+00
 0.000000000E+00  0.000000000E+00  1.162995100E-03  7.192752650E-03 -6.766660350E-03 -1.445697000E-03  4.854900956E-03  7.465957044E-03  1.162995100E-03  0.000000000E+00  0.000000000E+00
 0.000000000E+00  0.000000000E+00  1.387048700E-03  8.125800839E-03 -7.489887139E-03 -2.967405000E-03  5.451640100E-03  8.287990900E-03  1.387048700E-03  0.000000000E+00  0.000000000E+00
 0.000000000E+00  0.000000000E+00  1.261430200E-03  7.347444133E-03 -6.756112933E-03 -2.596321300E-03  4.927290817E-03  7.481071283E-03  1.261430200E-03  0.000000000E+00  0.000000000E+00
 0.000000000E+00  0.000000000E+00  1.147560200E-03  6.646597251E-03 -6.097098411E-03 -2.258779200E-03  4.455403006E-03  6.755816494E-03  1.147560200E-03  0.000000000E+00  0.000000000E+00
 0.000000000E+00  0.000000000E+00  1.044349100E-03  6.015540633E-03 -5.505217633E-03 -1.954829300E-03  4.030717133E-03  6.103970867E-03  1.044349100E-03  0.000000000E+00  0.000000000E+00
 0.000000000E+00  0.000000000E+00  9.507916800E-04  5.447212652E-03 -4.973514342E-03 -1.683675900E-03  3.648429389E-03  5.517990011E-03  9.507916800E-04  0.000000000E+00  0.000000000E+00
 0.000000000E+00  0.000000000E+00  8.659670600E-04  4.935200157E-03 -4.495690147E-03 -1.443811900E-03  3.304181756E-03  4.991033444E-03  8.659670600E-04  0.000000000E+00  0.000000000E+00
 0.000000000E+00  0.000000000E+00  1.009505400E-03  5.448454178E-03 -4.851738708E-03 -3.028547900E-03  3.632197617E-03  5.406912883E-03  1.009505400E-03  0.000000000E+00  0.000000000E+00
 0.000000000E+00  0.000000000E+00  9.127545600E-04  4.898666112E-03 -4.350015842E-03 -2.590227000E-03  3.264593978E-03  4.852654022E-03  9.127545600E-04  0.000000000E+00  0.000000000E+00
 0.000000000E+00  0.000000000E+00  8.257200900E-04  4.407676234E-03 -3.903393494E-03 -2.204345300E-03  2.936400117E-03  4.358681783E-03  8.257200900E-04  0.000000000E+00  0.000000000E+00
 0.000000000E+00  0.000000000E+00  7.473861500E-04  3.968811004E-03 -3.505424834E-03 -1.868018600E-03  2.643134533E-03  3.918030667E-03  7.473861500E-04  0.000000000E+00  0.000000000E+00
 0.000000000E+00  0.000000000E+00  6.768442300E-04  3.576190628E-03 -3.150459088E-03 -1.577235100E-03  2.380849461E-03  3.524578639E-03  6.768442300E-04  0.000000000E+00  0.000000000E+00
 0.000000000E+00  0.000000000E+00  6.132822500E-04  3.224630971E-03 -2.833538771E-03 -1.327486200E-03  2.146066311E-03  3.172941689E-03  6.132822400E-04  0.000000000E+00  0.000000000E+00
 0.000000000E+00  0.000000000E+00  6.911492300E-04  3.439009362E-03 -2.936983682E-03 -2.834677300E-03  2.280592172E-03  3.313552328E-03  6.911492300E-04  0.000000000E+00  0.000000000E+00
 0.000000000E+00  0.000000000E+00  6.214091700E-04  3.074949747E-03 -2.617254677E-03 -2.370523300E-03  2.037995233E-03  2.958130167E-03  6.214091800E-04  0.000000000E+00  0.000000000E+00
 0.000000000E+00  0.000000000E+00  5.590432700E-04  2.751867394E-03 -2.334693364E-03 -1.975465000E-03  1.822840828E-03  2.643275872E-03  5.590432700E-04  0.000000000E+00  0.000000000E+00
 0.000000000E+00  0.000000000E+00  5.032395500E-04  2.464832100E-03 -2.084647020E-03 -1.641398100E-03  1.631811472E-03  2.364032828E-03  5.032395600E-04  0.000000000E+00  0.000000000E+00
 0.000000000E+00  0.000000000E+00  4.532765500E-04  2.209544538E-03 -1.863090098E-03 -1.360391800E-03  1.462015894E-03  2.116090406E-03  4.532765600E-04  0.000000000E+00  0.000000000E+00
 0.000000000E+00  0.000000000E+00  4.085136100E-04  1.982251081E-03 -1.666533371E-03 -1.125044700E-03  1.310931072E-03  1.895694828E-03  4.085136200E-04  0.000000000E+00  0.000000000E+00
 0.000000000E+00  0.000000000E+00  4.390965000E-04  2.001481245E-03 -1.608532055E-03 -2.399318000E-03  1.307195306E-03  1.874761194E-03  4.390964900E-04  0.000000000E+00  0.000000000E+00
 0.000000000E+00  0.000000000E+00  3.927232800E-04  1.782107183E-03 -1.427536633E-03 -1.965854300E-03  1.163622117E-03  1.666805383E-03  3.927232700E-04  0.000000000E+00  0.000000000E+00
 0.000000000E+00  0.000000000E+00  3.514480100E-04  1.588035086E-03 -1.268072356E-03 -1.607720300E-03  1.036633833E-03  1.483115967E-03  3.514480100E-04  0.000000000E+00  0.000000000E+00
 0.000000000E+00  0.000000000E+00  3.146871600E-04  1.416162743E-03 -1.127394633E-03 -1.312602900E-03  9.241978667E-04  1.320684133E-03  3.146871500E-04  0.000000000E+00  0.000000000E+00
 0.000000000E+00  0.000000000E+00  2.819272400E-04  1.263801061E-03 -1.003142869E-03 -1.070014200E-03  8.245515222E-04  1.176905798E-03  2.819272300E-04  0.000000000E+00  0.000000000E+00
 0.000000000E+00  0.000000000E+00  2.527153700E-04  1.128610460E-03 -8.932781653E-04 -8.710454900E-04  7.361597994E-04  1.049519211E-03  2.527153700E-04  0.000000000E+00  0.000000000E+00
 0.000000000E+00  0.000000000E+00  2.533341400E-04  1.061170138E-03 -7.963473525E-04 -1.850394500E-03  6.862173500E-04  9.606597900E-04  2.533341400E-04  0.000000000E+00  0.000000000E+00
 0.000000000E+00  0.000000000E+00  2.253984000E-04  9.404635287E-04 -7.035205967E-04 -1.492187300E-03  6.082674017E-04  8.501315683E-04  2.253984000E-04  0.000000000E+00  0.000000000E+00
 0.000000000E+00  0.000000000E+00  2.005699300E-04  8.337589909E-04 -6.217946189E-04 -1.201149700E-03  5.393365028E-04  7.525536072E-04  2.005699300E-04  0.000000000E+00  0.000000000E+00
 0.000000000E+00  0.000000000E+00  1.785175900E-04  7.394552386E-04 -5.498409136E-04 -9.653569600E-04  4.783998089E-04  6.664331911E-04  1.785175900E-04  0.000000000E+00  0.000000000E+00
 0.000000000E+00  0.000000000E+00  1.589389500E-04  6.561157956E-04 -4.864805556E-04 -7.747944600E-04  4.245358733E-04  5.904318067E-04  1.589389500E-04  0.000000000E+00  0.000000000E+00
 0.000000000E+00  0.000000000E+00  1.415598400E-04  5.824581176E-04 -4.306708656E-04 -6.211028400E-04  3.769206206E-04  5.233551294E-04  1.415598400E-04  0.000000000E+00  0.000000000E+00
 0.000000000E+00  0.000000000E+00  1.267685500E-04  4.858380465E-04 -3.367963059E-04 -1.314485500E-03  3.139197600E-04  4.203315600E-04  1.267685500E-04  0.000000000E+00  0.000000000E+00
 0.000000000E+00  0.000000000E+00  1.118514400E-04  4.271513966E-04 -2.951139647E-04 -1.039823400E-03  2.761658850E-04  3.689179850E-04  1.118514400E-04  0.000000000E+00  0.000000000E+00
 0.000000000E+00  0.000000000E+00  9.871741500E-05  3.757572928E-04 -2.587829758E-04 -8.214027100E-04  2.430733506E-04  3.239606194E-04  9.871741500E-05  0.000000000E+00  0.000000000E+00
 0.000000000E+00  0.000000000E+00  8.715696900E-05  3.307378201E-04 -2.270944580E-04 -6.480599600E-04  2.140622744E-04  2.846405856E-04  8.715696900E-05  0.000000000E+00  0.000000000E+00
 0.000000000E+00  0.000000000E+00  7.698275900E-05  2.912881123E-04 -1.994352984E-04 -5.107495300E-04  1.886223811E-04  2.502401989E-04  7.698275900E-05  0.000000000E+00  0.000000000E+00
 0.000000000E+00  0.000000000E+00  6.802806300E-05  2.567035682E-04 -1.752750723E-04 -4.021540800E-04  1.663056256E-04  2.201315544E-04  6.802806300E-05  0.000000000E+00  0.000000000E+00
 0.000000000E+00  0.000000000E+00  5.168620900E-05  1.827034145E-04 -1.160570809E-04 -8.249957400E-04  1.195203383E-04  1.477157317E-04  5.168621000E-05  0.000000000E+00  0.000000000E+00
 0.000000000E+00  0.000000000E+00  4.523167800E-05  1.592855181E-04 -1.007446348E-04 -6.387180100E-04  1.043071800E-04  1.284627000E-04  4.523167900E-05  0.000000000E+00  0.000000000E+00
 0.000000000E+00  0.000000000E+00  3.957350800E-05  1.388964223E-04 -8.750576181E-05 -4.935610300E-04  9.104240250E-05  1.117339845E-04  3.957350900E-05  0.000000000E+00  0.000000000E+00
 0.000000000E+00  0.000000000E+00  3.462203600E-05  1.211564785E-04 -7.605686106E-05 -3.808250300E-04  7.948612433E-05  9.721053767E-05  3.462203700E-05  0.000000000E+00  0.000000000E+00
 0.000000000E+00  0.000000000E+00  3.029420300E-05  1.057271502E-04 -6.615214117E-05 -2.934776000E-04  6.942330489E-05  8.460754711E-05  3.029420300E-05  0.000000000E+00  0.000000000E+00
 0.000000000E+00  0.000000000E+00  2.651439400E-05  9.230897206E-05 -5.757908906E-05 -2.259300700E-04  6.066278661E-05  7.367318639E-05  2.651439500E-05  0.000000000E+00  0.000000000E+00
 0.000000000E+00  0.000000000E+00  1.425293400E-05  4.653462735E-05 -2.631231125E-05 -4.205533800E-04  3.157282450E-05  3.220822250E-05  1.425293500E-05  0.000000000E+00  0.000000000E+00
 0.000000000E+00  0.000000000E+00  1.231063300E-05  4.006511955E-05 -2.254089425E-05 -3.158461800E-04  2.722862689E-05  2.760832111E-05  1.231063400E-05  0.000000000E+00  0.000000000E+00
 0.000000000E+00  0.000000000E+00  1.063135000E-05  3.451136659E-05 -1.933365639E-05 -2.367594900E-04  2.349006222E-05  2.367394978E-05  1.063135000E-05  0.000000000E+00  0.000000000E+00
 0.000000000E+00  0.000000000E+00  9.181792300E-06  2.974436699E-05 -1.660212239E-05 -1.772277800E-04  2.027412478E-05  2.031002522E-05  9.181792900E-06  0.000000000E+00  0.000000000E+00
 0.000000000E+00  0.000000000E+00  7.931836500E-06  2.565223510E-05 -1.427246210E-05 -1.325312900E-04  1.750814956E-05  1.743403844E-05  7.931837000E-06  0.000000000E+00  0.000000000E+00
 0.000000000E+00  0.000000000E+00  6.854643600E-06  2.213837616E-05 -1.228288666E-05 -9.903964600E-05  1.512892800E-05  1.497482800E-05  6.854644000E-06  0.000000000E+00  0.000000000E+00
 0.000000000E+00  0.000000000E+00  1.811374500E-06  6.070141567E-06 -3.226639367E-06 -1.323943600E-04  4.448981067E-06  2.502751733E-06  1.811374400E-06  0.000000000E+00  0.000000000E+00
 0.000000000E+00  0.000000000E+00  1.538784000E-06  5.148025750E-06 -2.721778450E-06 -9.654137800E-05  3.785460183E-06  2.080434917E-06  1.538783900E-06  0.000000000E+00  0.000000000E+00
 0.000000000E+00  0.000000000E+00  1.305975800E-06  4.367053725E-06 -2.300243775E-06 -6.991753500E-05  3.220499667E-06  1.729964733E-06  1.305975800E-06  0.000000000E+00  0.000000000E+00
 0.000000000E+00  0.000000000E+00  1.107885900E-06  3.706102604E-06 -1.947226044E-06 -5.036689100E-05  2.740184289E-06  1.439397311E-06  1.107885900E-06  0.000000000E+00  0.000000000E+00
 0.000000000E+00  0.000000000E+00  9.397617800E-07  3.146902924E-06 -1.650831244E-06 -3.613768500E-05  2.332209700E-06  1.198585700E-06  9.397617700E-07  0.000000000E+00  0.000000000E+00
 0.000000000E+00  0.000000000E+00  7.973018100E-07  2.673785828E-06 -1.401424858E-06 -2.585852400E-05  1.985845722E-06  9.989964778E-07  7.973018000E-07  0.000000000E+00  0.000000000E+00
 0.000000000E+00  0.000000000E+00  0.000000000E+00 -0.000000000E+00 -0.000000000E+00  0.000000000E+00 -0.000000000E+00 -0.000000000E+00  0.000000000E+00  0.000000000E+00  0.000000000E+00
 0.000000000E+00  0.000000000E+00  0.000000000E+00 -0.000000000E+00 -0.000000000E+00  0.000000000E+00 -0.000000000E+00 -0.000000000E+00  0.000000000E+00  0.000000000E+00  0.000000000E+00
 0.000000000E+00  0.000000000E+00  0.000000000E+00 -0.000000000E+00 -0.000000000E+00  0.000000000E+00 -0.000000000E+00 -0.000000000E+00  0.000000000E+00  0.000000000E+00  0.000000000E+00
 0.000000000E+00  0.000000000E+00  0.000000000E+00 -0.000000000E+00 -0.000000000E+00  0.000000000E+00 -0.000000000E+00 -0.000000000E+00  0.000000000E+00  0.000000000E+00  0.000000000E+00
 0.000000000E+00  0.000000000E+00  0.000000000E+00 -0.000000000E+00 -0.000000000E+00  0.000000000E+00 -0.000000000E+00 -0.000000000E+00  0.000000000E+00  0.000000000E+00  0.000000000E+00
 0.000000000E+00  0.000000000E+00  0.000000000E+00 -0.000000000E+00 -0.000000000E+00  0.000000000E+00 -0.000000000E+00 -0.000000000E+00  0.000000000E+00  0.000000000E+00  0.000000000E+00
---
   1.0000000000000001E-009   1.4508287784959398E-009   2.1049041445120207E-009   3.0538555088334157E-009   4.4306214575838816E-009   6.4280731172843209E-009   9.3260334688321995E-009   1.3530477745798068E-008   1.9630406500402714E-008   2.8480358684358022E-008   4.1320124001153370E-008   5.9948425031894094E-008   8.6974900261778356E-008   1.2618568830660210E-007   1.8307382802953678E-007   2.6560877829466870E-007   3.8535285937105315E-007   5.5908101825122239E-007   8.1113083078968731E-007   1.1768119524349981E-006   1.7073526474706905E-006   2.4770763559917115E-006   3.5938136638046262E-006   5.2140082879996849E-006   7.5646332755462914E-006   1.0974987654930569E-005   1.5922827933410941E-005   2.3101297000831580E-005   3.3516026509388410E-005   4.8626015800653536E-005   7.0548023107186455E-005   1.0235310218990269E-004   1.4849682622544667E-004   2.1544346900318823E-004   3.1257158496882353E-004   4.5348785081285824E-004   6.5793322465756835E-004   9.5454845666183481E-004   1.3848863713938717E-003   2.0092330025650459E-003   2.9150530628251760E-003   4.2292428743894986E-003   6.1359072734131761E-003   8.9021508544503934E-003   1.2915496650148829E-002   1.8738174228603830E-002   2.7185882427329403E-002   3.9442060594376556E-002   5.7223676593502207E-002   8.3021756813197525E-002  0.10000000000000001       0.11836734693877551       0.13673469387755102       0.15510204081632653       0.17346938775510204       0.19183673469387758       0.21020408163265308       0.22857142857142856       0.24693877551020407       0.26530612244897961       0.28367346938775512       0.30204081632653063       0.32040816326530613       0.33877551020408170       0.35714285714285710       0.37551020408163271       0.39387755102040811       0.41224489795918373       0.43061224489795924       0.44897959183673475       0.46734693877551026       0.48571428571428565       0.50408163265306127       0.52244897959183678       0.54081632653061229       0.55918367346938780       0.57755102040816331       0.59591836734693870       0.61428571428571421       0.63265306122448983       0.65102040816326534       0.66938775510204085       0.68775510204081625       0.70612244897959175       0.72448979591836737       0.74285714285714288       0.76122448979591839       0.77959183673469379       0.79795918367346941       0.81632653061224492       0.83469387755102042       0.85306122448979593       0.87142857142857133       0.88979591836734695       0.90816326530612246       0.92653061224489797       0.94489795918367347       0.96326530612244898       0.98163265306122449        1.0000000000000000     
   1.5099999999999998        1.6573842566429429        1.8279486622459491        2.0263187760089423        2.2582322968798141        2.5308506754794142        2.8531703035962463        3.2365690285399831        3.6955379951490865        4.2486693342688726        4.9199999999999999     
  -5 -4 -3 -2 -1 21  1  2  3  4  5
 0.000000000E+00  4.551575300E-09  1.522247000E+00  1.524742044E+00  1.524581556E+00  2.063226500E+01  1.524616328E+00  1.524797772E+00  1.522246900E+00  4.551575300E-09  0.000000000E+00
 0.000000000E+00  2.167238700E-01  1.731000500E+00  1.733536294E+00  1.733371206E+00  2.480129600E+01  1.733406467E+00  1.733593533E+00  1.731000500E+00  2.167238700E-01  0.000000000E+00
 0.000000000E+00  4.985969700E-01  2.005018600E+00  2.007595550E+00  2.007425350E+00  3.023061200E+01  2.007461206E+00  2.007653894E+00  2.005018500E+00  4.985969700E-01  0.000000000E+00
 0.000000000E+00  8.599015700E-01  2.358581600E+00  2.361199800E+00  2.361025000E+00  3.725359100E+01  2.361061550E+00  2.361259350E+00  2.358581600E+00  8.599015700E-01  0.000000000E+00
 0.000000000E+00  1.316843100E+00  2.807893300E+00  2.810553256E+00  2.810373344E+00  4.628092400E+01  2.810410283E+00  2.810614217E+00  2.807893200E+00  1.316843100E+00  0.000000000E+00
 0.000000000E+00  1.887748200E+00  3.371278400E+00  3.373980311E+00  3.373795289E+00  5.781380500E+01  3.373833022E+00  3.374042578E+00  3.371278300E+00  1.887748200E+00  0.000000000E+00
 0.000000000E+00  2.593315400E+00  4.069433000E+00  4.072176961E+00  4.071987339E+00  7.245888600E+01  4.072025461E+00  4.072240639E+00  4.069433000E+00  2.593315400E+00  0.000000000E+00
 0.000000000E+00  3.456856200E+00  4.925666600E+00  4.928453628E+00  4.928257872E+00  9.094384900E+01  4.928296994E+00  4.928518306E+00  4.925666600E+00  3.456856200E+00  0.000000000E+00
 0.000000000E+00  4.504580000E+00  5.966186100E+00  5.969015983E+00  5.968815117E+00  1.141339400E+02  5.968854933E+00  5.969081867E+00  5.966186100E+00  4.504580000E+00  0.000000000E+00
 0.000000000E+00  5.765959300E+00  7.220461800E+00  7.223334739E+00  7.223128761E+00  1.430509800E+02  7.223168861E+00  7.223402439E+00  7.220461700E+00  5.765959300E+00  0.000000000E+00
 0.000000000E+00  7.274103800E+00  8.721600600E+00  8.724517200E+00  8.724305600E+00  1.788927500E+02  8.724346494E+00  8.724586206E+00  8.721600600E+00  7.274103800E+00  0.000000000E+00
 0.000000000E+00  4.166114600E-09  1.426742900E+00  1.429580306E+00  1.429386594E+00  1.729443200E+01  1.429426117E+00  1.429645383E+00  1.426742900E+00  4.166115100E-09  0.000000000E+00
 0.000000000E+00  1.991574900E-01  1.618972000E+00  1.621855367E+00  1.621656033E+00  2.122882200E+01  1.621696350E+00  1.621921750E+00  1.618972100E+00  1.991574900E-01  0.000000000E+00
 0.000000000E+00  4.595533800E-01  1.872533600E+00  1.875463128E+00  1.875258172E+00  2.635270800E+01  1.875299283E+00  1.875530817E+00  1.872533600E+00  4.595533800E-01  0.000000000E+00
 0.000000000E+00  7.942743800E-01  2.200513200E+00  2.203489189E+00  2.203278611E+00  3.297770500E+01  2.203320006E+00  2.203558694E+00  2.200513200E+00  7.942743800E-01  0.000000000E+00
 0.000000000E+00  1.218117300E+00  2.617706400E+00  2.620729356E+00  2.620512644E+00  4.148621500E+01  2.620555139E+00  2.620799961E+00  2.617706400E+00  1.218117300E+00  0.000000000E+00
 0.000000000E+00  1.747763700E+00  3.140793400E+00  3.143863622E+00  3.143640778E+00  5.234306900E+01  3.143683861E+00  3.143935839E+00  3.140793400E+00  1.747763700E+00  0.000000000E+00
 0.000000000E+00  2.401993200E+00  3.788552000E+00  3.791669889E+00  3.791440911E+00  6.610857300E+01  3.791484789E+00  3.791743411E+00  3.788552000E+00  2.401993200E+00  0.000000000E+00
 0.000000000E+00  3.201899400E+00  4.582074600E+00  4.585240256E+00  4.585005144E+00  8.345207300E+01  4.585049406E+00  4.585315694E+00  4.582074600E+00  3.201899400E+00  0.000000000E+00
 0.000000000E+00  4.171145400E+00  5.545022300E+00  5.548236122E+00  5.547994878E+00  1.051663000E+02  5.548040033E+00  5.548312967E+00  5.545022300E+00  4.171145400E+00  0.000000000E+00
 0.000000000E+00  5.336275500E+00  6.703937700E+00  6.707200294E+00  6.706952406E+00  1.321836900E+02  6.706998150E+00  6.707278750E+00  6.703937700E+00  5.336275500E+00  0.000000000E+00
 0.000000000E+00  6.727045800E+00  8.088574900E+00  8.091886261E+00  8.091632239E+00  1.655929200E+02  8.091678672E+00  8.091966428E+00  8.088574900E+00  6.727045800E+00  0.000000000E+00
 0.000000000E+00  3.835570200E-09  1.344760200E+00  1.347985139E+00  1.347751561E+00  1.462248600E+01  1.347796833E+00  1.348060567E+00  1.344760200E+00  3.835570400E-09  0.000000000E+00
 0.000000000E+00  1.839382400E-01  1.522481000E+00  1.525757717E+00  1.525516983E+00  1.834125300E+01  1.525563150E+00  1.525834550E+00  1.522480900E+00  1.839382400E-01  0.000000000E+00
 0.000000000E+00  4.253963000E-01  1.757811100E+00  1.761139689E+00  1.760892311E+00  2.318280000E+01  1.760939167E+00  1.761218233E+00  1.757811000E+00  4.253963000E-01  0.000000000E+00
 0.000000000E+00  7.363474200E-01  2.062722600E+00  2.066103361E+00  2.065849339E+00  2.943806000E+01  2.065896678E+00  2.066183922E+00  2.062722500E+00  7.363474200E-01  0.000000000E+00
 0.000000000E+00  1.130281900E+00  2.450704300E+00  2.454138144E+00  2.453876456E+00  3.746263200E+01  2.453924994E+00  2.454219906E+00  2.450704300E+00  1.130281900E+00  0.000000000E+00
 0.000000000E+00  1.622360700E+00  2.936915900E+00  2.940402517E+00  2.940134183E+00  4.768700400E+01  2.940183206E+00  2.940486294E+00  2.936915900E+00  1.622360700E+00  0.000000000E+00
 0.000000000E+00  2.229596600E+00  3.538368400E+00  3.541908394E+00  3.541632906E+00  6.062789100E+01  3.541682617E+00  3.541993883E+00  3.538368400E+00  2.229596600E+00  0.000000000E+00
 0.000000000E+00  2.971047300E+00  4.274118000E+00  4.277711878E+00  4.277428722E+00  7.689997700E+01  4.277479528E+00  4.277798972E+00  4.274117900E+00  2.971047300E+00  0.000000000E+00
 0.000000000E+00  3.868044500E+00  5.165494300E+00  5.169142156E+00  5.168851844E+00  9.722832600E+01  5.168903133E+00  5.169231267E+00  5.165494200E+00  3.868044500E+00  0.000000000E+00
 0.000000000E+00  4.944458300E+00  6.236365700E+00  6.240068139E+00  6.239770161E+00  1.224622700E+02  6.239822444E+00  6.240158756E+00  6.236365600E+00  4.944458300E+00  0.000000000E+00
 0.000000000E+00  6.226989200E+00  7.513430800E+00  7.517188122E+00  7.516882478E+00  1.535895200E+02  7.516935650E+00  7.517280650E+00  7.513430800E+00  6.226989200E+00  0.000000000E+00
 0.000000000E+00  3.549327000E-09  1.270269300E+00  1.273932667E+00  1.273650533E+00  1.245136200E+01  1.273701844E+00  1.274019756E+00  1.270269300E+00  3.549328000E-09  0.000000000E+00
 0.000000000E+00  1.706254100E-01  1.435448000E+00  1.439169250E+00  1.438879450E+00  1.597254600E+01  1.438931244E+00  1.439258356E+00  1.435448000E+00  1.706254100E-01  0.000000000E+00
 0.000000000E+00  3.952390200E-01  1.654694400E+00  1.658474244E+00  1.658175756E+00  2.055363400E+01  1.658228950E+00  1.658564750E+00  1.654694400E+00  3.952390200E-01  0.000000000E+00
 0.000000000E+00  6.847773400E-01  1.938943700E+00  1.942782233E+00  1.942475567E+00  2.646585600E+01  1.942529344E+00  1.942874856E+00  1.938943700E+00  6.847773400E-01  0.000000000E+00
 0.000000000E+00  1.051519300E+00  2.300473400E+00  2.304370717E+00  2.304056383E+00  3.403937700E+01  2.304110744E+00  2.304465456E+00  2.300473400E+00  1.051519300E+00  0.000000000E+00
 0.000000000E+00  1.509221200E+00  2.753038500E+00  2.756995717E+00  2.756672183E+00  4.367223600E+01  2.756727739E+00  2.757092161E+00  2.753038500E+00  1.509221200E+00  0.000000000E+00
 0.000000000E+00  2.073270500E+00  3.312024800E+00  3.316041606E+00  3.315709894E+00  5.584014200E+01  3.315766133E+00  3.316140267E+00  3.312024700E+00  2.073270500E+00  0.000000000E+00
 0.000000000E+00  2.760857500E+00  3.994620900E+00  3.998697794E+00  3.998357906E+00  7.110659700E+01  3.998414828E+00  3.998798672E+00  3.994620900E+00  2.760857500E+00  0.000000000E+00
 0.000000000E+00  3.591180800E+00  4.820023900E+00  4.824161594E+00  4.823812506E+00  9.013355900E+01  4.823870622E+00  4.824264178E+00  4.820023900E+00  3.591180800E+00  0.000000000E+00
 0.000000000E+00  4.585670800E+00  5.809662300E+00  5.813860989E+00  5.813503211E+00  1.136932100E+02  5.813562011E+00  5.813965789E+00  5.809662300E+00  4.585670800E+00  0.000000000E+00
 0.000000000E+00  5.768247400E+00  6.987454300E+00  6.991714183E+00  6.991347717E+00  1.426799100E+02  6.991407506E+00  6.991820994E+00  6.987454300E+00  5.768247400E+00  0.000000000E+00
 0.000000000E+00  3.299677000E-09  1.205429500E+00  1.209588400E+00  1.209248000E+00  1.067254900E+01  1.209305539E+00  1.209688361E+00  1.205429500E+00  3.299679100E-09  0.000000000E+00
 0.000000000E+00  1.588947600E-01  1.359566600E+00  1.363790300E+00  1.363440700E+00  1.401503000E+01  1.363499022E+00  1.363892578E+00  1.359566600E+00  1.588947600E-01  0.000000000E+00
 0.000000000E+00  3.684206000E-01  1.564403000E+00  1.568692106E+00  1.568332794E+00  1.835734900E+01  1.568392106E+00  1.568796394E+00  1.564402900E+00  3.684206000E-01  0.000000000E+00
 0.000000000E+00  6.385499700E-01  1.829909900E+00  1.834264506E+00  1.833895994E+00  2.395205000E+01  1.833956189E+00  1.834371211E+00  1.829909900E+00  6.385499700E-01  0.000000000E+00
 0.000000000E+00  9.804401300E-01  2.167243500E+00  2.171664211E+00  2.171285989E+00  3.110526200E+01  2.171346967E+00  2.171773233E+00  2.167243500E+00  9.804401300E-01  0.000000000E+00
 0.000000000E+00  1.406551900E+00  2.588863300E+00  2.593350722E+00  2.592962278E+00  4.018447200E+01  2.593024344E+00  2.593461856E+00  2.588863300E+00  1.406551900E+00  0.000000000E+00
 0.000000000E+00  1.930778800E+00  3.108661400E+00  3.113215528E+00  3.112817372E+00  5.162693000E+01  3.112880422E+00  3.113329178E+00  3.108661400E+00  1.930778800E+00  0.000000000E+00
 0.000000000E+00  2.568600800E+00  3.742116300E+00  3.746738144E+00  3.746329256E+00  6.594833000E+01  3.746393700E+00  3.746853700E+00  3.742116300E+00  2.568600800E+00  0.000000000E+00
 0.000000000E+00  3.337267500E+00  4.506476200E+00  4.511165756E+00  4.510746644E+00  8.375192900E+01  4.510811972E+00  4.511283728E+00  4.506476200E+00  3.337267500E+00  0.000000000E+00
 0.000000000E+00  4.255986600E+00  5.420947200E+00  5.425704767E+00  5.425275433E+00  1.057384300E+02  5.425341744E+00  5.425825256E+00  5.420947200E+00  4.255986600E+00  0.000000000E+00
 0.000000000E+00  5.346149900E+00  6.506919600E+00  6.511745578E+00  6.511306022E+00  1.327160500E+02  6.511373317E+00  6.511868583E+00  6.506919600E+00  5.346149900E+00  0.000000000E+00
 0.000000000E+00  3.079761600E-09  1.149396500E+00  1.154114056E+00  1.153704144E+00  9.229587300E+00  1.153768594E+00  1.154229106E+00  1.149396500E+00  3.079760300E-09  0.000000000E+00
 0.000000000E+00  1.484600300E-01  1.293676700E+00  1.298466672E+00  1.298046028E+00  1.240526500E+01  1.298111561E+00  1.298584339E+00  1.293676700E+00  1.484600300E-01  0.000000000E+00
 0.000000000E+00  3.443624300E-01  1.485457500E+00  1.490320900E+00  1.489888500E+00  1.652389400E+01  1.489955322E+00  1.490440878E+00  1.485457500E+00  3.443624300E-01  0.000000000E+00
 0.000000000E+00  5.967839300E-01  1.733814800E+00  1.738751622E+00  1.738307978E+00  2.182027700E+01  1.738375883E+00  1.738874217E+00  1.733814800E+00  5.967839300E-01  0.000000000E+00
 0.000000000E+00  9.158441700E-01  2.048867100E+00  2.053877744E+00  2.053422856E+00  2.857780400E+01  2.053491844E+00  2.054002956E+00  2.048867200E+00  9.158441700E-01  0.000000000E+00
 0.000000000E+00  1.312809900E+00  2.441880200E+00  2.446965172E+00  2.446498528E+00  3.713517600E+01  2.446568600E+00  2.447093000E+00  2.441880200E+00  1.312809900E+00  0.000000000E+00
 0.000000000E+00  1.800203500E+00  2.925374900E+00  2.930534394E+00  2.930056506E+00  4.789356900E+01  2.930127250E+00  2.930665450E+00  2.925375000E+00  1.800203500E+00  0.000000000E+00
 0.000000000E+00  2.391939800E+00  3.513265100E+00  3.518499828E+00  3.518009672E+00  6.132403100E+01  3.518082111E+00  3.518633089E+00  3.513265100E+00  2.391939800E+00  0.000000000E+00
 0.000000000E+00  3.103489600E+00  4.221020100E+00  4.226330256E+00  4.225828344E+00  7.797523300E+01  4.225901661E+00  4.226466439E+00  4.221020100E+00  3.103489600E+00  0.000000000E+00
 0.000000000E+00  3.952037600E+00  5.065823200E+00  5.071209389E+00  5.070695211E+00  9.848170800E+01  5.070769811E+00  5.071348389E+00  5.065823300E+00  3.952037600E+00  0.000000000E+00
 0.000000000E+00  4.956680800E+00  6.066770200E+00  6.072232722E+00  6.071706278E+00  1.235722800E+02  6.071782161E+00  6.072374539E+00  6.066770300E+00  4.956680800E+00  0.000000000E+00
 0.000000000E+00  2.884646800E-09  1.100796600E+00  1.106143161E+00  1.105649939E+00  8.035485700E+00  1.105722489E+00  1.106275511E+00  1.100796600E+00  2.884646700E-09  0.000000000E+00
 0.000000000E+00  1.391137300E-01  1.236209500E+00  1.241637100E+00  1.241131100E+00  1.105842300E+01  1.241204728E+00  1.241772572E+00  1.236209500E+00  1.391137300E-01  0.000000000E+00
 0.000000000E+00  3.226399000E-01  1.416084800E+00  1.421594144E+00  1.421074856E+00  1.496988600E+01  1.421149767E+00  1.421732433E+00  1.416084900E+00  3.226399000E-01  0.000000000E+00
 0.000000000E+00  5.588240000E-01  1.648667200E+00  1.654258489E+00  1.653725911E+00  1.998787000E+01  1.653801900E+00  1.654399900E+00  1.648667200E+00  5.588240000E-01  0.000000000E+00
 0.000000000E+00  8.568269700E-01  1.943116600E+00  1.948790233E+00  1.948244367E+00  2.637431000E+01  1.948321739E+00  1.948934561E+00  1.943116600E+00  8.568269700E-01  0.000000000E+00
 0.000000000E+00  1.226816600E+00  2.309599700E+00  2.315356283E+00  2.314796617E+00  3.444084800E+01  2.314875472E+00  2.315503628E+00  2.309599700E+00  1.226816600E+00  0.000000000E+00
 0.000000000E+00  1.680058100E+00  2.759380800E+00  2.765220633E+00  2.764647167E+00  4.455489900E+01  2.764727200E+00  2.765371200E+00  2.759380800E+00  1.680058100E+00  0.000000000E+00
 0.000000000E+00  2.229036200E+00  3.304943300E+00  3.310866478E+00  3.310279722E+00  5.714591300E+01  3.310360728E+00  3.311020572E+00  3.304943300E+00  2.229036200E+00  0.000000000E+00
 0.000000000E+00  2.887600300E+00  3.960135600E+00  3.966143033E+00  3.965541967E+00  7.271191300E+01  3.965624761E+00  3.966299939E+00  3.960135600E+00  2.887600300E+00  0.000000000E+00
 0.000000000E+00  3.671096700E+00  4.740302600E+00  4.746394383E+00  4.745779517E+00  9.182630200E+01  4.745863589E+00  4.746554611E+00  4.740302600E+00  3.671096700E+00  0.000000000E+00
 0.000000000E+00  4.596541500E+00  5.662459400E+00  5.668636039E+00  5.668006861E+00  1.151448500E+02  5.668092311E+00  5.668799689E+00  5.662459400E+00  4.596541500E+00  0.000000000E+00
 0.000000000E+00  2.710105900E-09  1.058445000E+00  1.064503944E+00  1.063911056E+00  7.064009400E+00  1.063992278E+00  1.064656722E+00  1.058445000E+00  2.710105900E-09  0.000000000E+00
 0.000000000E+00  1.306769100E-01  1.185815700E+00  1.191964906E+00  1.191357194E+00  9.943915500E+00  1.191439794E+00  1.192121106E+00  1.185815700E+00  1.306769100E-01  0.000000000E+00
 0.000000000E+00  3.028867200E-01  1.354761700E+00  1.361001772E+00  1.360378728E+00  1.366039400E+01  1.360462806E+00  1.361161494E+00  1.354761700E+00  3.028867200E-01  0.000000000E+00
 0.000000000E+00  5.241046100E-01  1.572757500E+00  1.579089044E+00  1.578450156E+00  1.841554100E+01  1.578535917E+00  1.579251983E+00  1.572757500E+00  5.241046100E-01  0.000000000E+00
 0.000000000E+00  8.026070300E-01  1.848078800E+00  1.854501811E+00  1.853847589E+00  2.445106000E+01  1.853934522E+00  1.854668478E+00  1.848078800E+00  8.026070300E-01  0.000000000E+00
 0.000000000E+00  1.147551800E+00  2.189882400E+00  2.196397178E+00  2.195727622E+00  3.205319100E+01  2.195815828E+00  2.196567672E+00  2.189882400E+00  1.147551800E+00  0.000000000E+00
 0.000000000E+00  1.569053200E+00  2.608281700E+00  2.614889156E+00  2.614203244E+00  4.155779000E+01  2.614293233E+00  2.615062967E+00  2.608281700E+00  1.569053200E+00  0.000000000E+00
 0.000000000E+00  2.078291000E+00  3.114455400E+00  3.121155733E+00  3.120453467E+00  5.335559300E+01  3.120545133E+00  3.121333267E+00  3.114455300E+00  2.078291000E+00  0.000000000E+00
 0.000000000E+00  2.687639100E+00  3.720776400E+00  3.727569806E+00  3.726851694E+00  6.789769400E+01  3.726944733E+00  3.727751267E+00  3.720776400E+00  2.687639100E+00  0.000000000E+00
 0.000000000E+00  3.410775100E+00  4.440921200E+00  4.447807878E+00  4.447073922E+00  8.570110100E+01  4.447168433E+00  4.447993367E+00  4.440921200E+00  3.410775100E+00  0.000000000E+00
 0.000000000E+00  4.262831300E+00  5.290021200E+00  5.297001961E+00  5.296251139E+00  1.073544900E+02  5.296347633E+00  5.297190967E+00  5.290021200E+00  4.262831300E+00  0.000000000E+00
 0.000000000E+00  2.552445600E-09  1.021282100E+00  1.028144633E+00  1.027433167E+00  6.274506700E+00  1.027524950E+00  1.028320750E+00  1.021282100E+00  2.552446000E-09  0.000000000E+00
 0.000000000E+00  1.229949400E-01  1.141284200E+00  1.148247128E+00  1.147517772E+00  9.019223200E+00  1.147611028E+00  1.148427272E+00  1.141284200E+00  1.229949400E-01  0.000000000E+00
 0.000000000E+00  2.847873500E-01  1.300120300E+00  1.307183922E+00  1.306436678E+00  1.255093000E+01  1.306531711E+00  1.307367889E+00  1.300120300E+00  2.847873500E-01  0.000000000E+00
 0.000000000E+00  4.921396400E-01  1.504552200E+00  1.511716511E+00  1.510951889E+00  1.705669300E+01  1.511048289E+00  1.511904911E+00  1.504552200E+00  4.921396400E-01  0.000000000E+00
 0.000000000E+00  7.525134000E-01  1.762040700E+00  1.769306511E+00  1.768523489E+00  2.275917200E+01  1.768621767E+00  1.769498833E+00  1.762040700E+00  7.525134000E-01  0.000000000E+00
 0.000000000E+00  1.074139500E+00  2.080815900E+00  2.088183206E+00  2.087382294E+00  2.992078300E+01  2.087482039E+00  2.088380061E+00  2.080815900E+00  1.074139500E+00  0.000000000E+00
 0.000000000E+00  1.466080400E+00  2.469939300E+00  2.477408706E+00  2.476589394E+00  3.884792400E+01  2.476691117E+00  2.477609583E+00  2.469939300E+00  1.466080400E+00  0.000000000E+00
 0.000000000E+00  1.938326400E+00  2.939400400E+00  2.946972206E+00  2.946134494E+00  4.989535500E+01  2.946237683E+00  2.947177617E+00  2.939400400E+00  1.938326400E+00  0.000000000E+00
 0.000000000E+00  2.501910800E+00  3.500231500E+00  3.507905906E+00  3.507049794E+00  6.347075100E+01  3.507154856E+00  3.508115744E+00  3.500231500E+00  2.501910800E+00  0.000000000E+00
 0.000000000E+00  3.168998700E+00  4.164596800E+00  4.172374311E+00  4.171499289E+00  8.003918300E+01  4.171606222E+00  4.172588578E+00  4.164596800E+00  3.168998700E+00  0.000000000E+00
 0.000000000E+00  3.953019700E+00  4.945924900E+00  4.953805917E+00  4.952911983E+00  1.001278100E+02  4.953020889E+00  4.954024711E+00  4.945924900E+00  3.953019700E+00  0.000000000E+00
 0.000000000E+00  2.408652900E-09  9.882269700E-01  9.959960461E-01  9.951435639E-01  5.630711700E+00  9.952467828E-01  9.961996472E-01  9.882269600E-01  2.408652300E-09  0.000000000E+00
 0.000000000E+00  1.159411700E-01  1.101430500E+00  1.109309983E+00  1.108437517E+00  8.246598300E+00  1.108542289E+00  1.109518511E+00  1.101430500E+00  1.159411700E-01  0.000000000E+00
 0.000000000E+00  2.680834100E-01  1.250866500E+00  1.258857111E+00  1.257963689E+00  1.160223600E+01  1.258070739E+00  1.259069961E+00  1.250866500E+00  2.680834100E-01  0.000000000E+00
 0.000000000E+00  4.625304600E-01  1.442638200E+00  1.450739833E+00  1.449825967E+00  1.587049200E+01  1.449934578E+00  1.450957822E+00  1.442638200E+00  4.625304600E-01  0.000000000E+00
 0.000000000E+00  7.059942200E-01  1.683456600E+00  1.691669861E+00  1.690735039E+00  2.125610200E+01  1.690846028E+00  1.691892272E+00  1.683456600E+00  7.059942200E-01  0.000000000E+00
 0.000000000E+00  1.005856100E+00  1.980702600E+00  1.989027689E+00  1.988071911E+00  2.799916400E+01  1.988184767E+00  1.989255033E+00  1.980702600E+00  1.005856100E+00  0.000000000E+00
 0.000000000E+00  1.370218400E+00  2.342477500E+00  2.350914517E+00  2.349937783E+00  3.637860600E+01  2.350052706E+00  2.351146994E+00  2.342477500E+00  1.370218400E+00  0.000000000E+00
 0.000000000E+00  1.807989400E+00  2.777688900E+00  2.786238450E+00  2.785240250E+00  4.671580400E+01  2.785357139E+00  2.786475961E+00  2.777688900E+00  1.807989400E+00  0.000000000E+00
 0.000000000E+00  2.328985400E+00  3.296152200E+00  3.304814483E+00  3.303794817E+00  5.937831500E+01  3.303914078E+00  3.305056922E+00  3.296152200E+00  2.328985400E+00  0.000000000E+00
 0.000000000E+00  2.944003400E+00  3.908663500E+00  3.917438717E+00  3.916397583E+00  7.478345700E+01  3.916518706E+00  3.917686594E+00  3.908663500E+00  2.944003400E+00  0.000000000E+00
 0.000000000E+00  3.664935800E+00  4.627114400E+00  4.636002544E+00  4.634940456E+00  9.340206100E+01  4.635063539E+00  4.636255961E+00  4.627114400E+00  3.664935800E+00  0.000000000E+00
 0.000000000E+00  2.276397300E-09  9.586050800E-01  9.673920828E-01  9.663724672E-01  5.100060900E+00  9.664891961E-01  9.676275939E-01  9.586050800E-01  2.276397400E-09  0.000000000E+00
 0.000000000E+00  1.094173000E-01  1.065488700E+00  1.074396533E+00  1.073353867E+00  7.593013500E+00  1.073472639E+00  1.074637461E+00  1.065488700E+00  1.094173000E-01  0.000000000E+00
 0.000000000E+00  2.525729800E-01  1.206137300E+00  1.215166389E+00  1.214100211E+00  1.078068300E+01  1.214221044E+00  1.215412956E+00  1.206137300E+00  2.525729800E-01  0.000000000E+00
 0.000000000E+00  4.349629900E-01  1.386046300E+00  1.395197050E+00  1.394106850E+00  1.482253600E+01  1.394230050E+00  1.395449050E+00  1.386046300E+00  4.349629900E-01  0.000000000E+00
 0.000000000E+00  6.626105800E-01  1.611238400E+00  1.620511011E+00  1.619396789E+00  1.990646800E+01  1.619522356E+00  1.620768444E+00  1.611238400E+00  6.626105800E-01  0.000000000E+00
 0.000000000E+00  9.421200200E-01  1.888317100E+00  1.897711467E+00  1.896573733E+00  2.625169700E+01  1.896701256E+00  1.897974944E+00  1.888317100E+00  9.421200200E-01  0.000000000E+00
 0.000000000E+00  1.280718300E+00  2.224508800E+00  2.234025328E+00  2.232863572E+00  3.411158000E+01  2.232993561E+00  2.234294339E+00  2.224508800E+00  1.280718300E+00  0.000000000E+00
 0.000000000E+00  1.686330900E+00  2.627738100E+00  2.637376989E+00  2.636191211E+00  4.377655600E+01  2.636323561E+00  2.637651939E+00  2.627738100E+00  1.686330900E+00  0.000000000E+00
 0.000000000E+00  2.167671600E+00  3.106718300E+00  3.116479550E+00  3.115269750E+00  5.557718800E+01  3.115404356E+00  3.116760844E+00  3.106718300E+00  2.167671600E+00  0.000000000E+00
 0.000000000E+00  2.734301200E+00  3.671009100E+00  3.680893217E+00  3.679658883E+00  6.988695400E+01  3.679795950E+00  3.681180550E+00  3.671009100E+00  2.734301200E+00  0.000000000E+00
 0.000000000E+00  3.396727000E+00  4.331117100E+00  4.341124283E+00  4.339865417E+00  8.712523200E+01  4.340004839E+00  4.341418061E+00  4.331117100E+00  3.396727000E+00  0.000000000E+00
 0.000000000E+00  2.153855400E-09  9.317973000E-01  9.417172272E-01  9.405003228E-01  4.658765600E+00  9.406322361E-01  9.419895939E-01  9.317972800E-01  2.153854600E-09  0.000000000E+00
 0.000000000E+00  1.033461200E-01  1.032764800E+00  1.042816317E+00  1.041572783E+00  7.034000500E+00  1.041706911E+00  1.043095089E+00  1.032764800E+00  1.033461200E-01  0.000000000E+00
 0.000000000E+00  2.380964400E-01  1.165159300E+00  1.175342406E+00  1.174072294E+00  1.006106200E+01  1.174209083E+00  1.175627417E+00  1.165159300E+00  2.380964400E-01  0.000000000E+00
 0.000000000E+00  4.091870000E-01  1.333916300E+00  1.344231400E+00  1.342934200E+00  1.388677800E+01  1.343073444E+00  1.344522956E+00  1.333916300E+00  4.091870000E-01  0.000000000E+00
 0.000000000E+00  6.220094800E-01  1.544426900E+00  1.554874094E+00  1.553549806E+00  1.868323200E+01  1.553691811E+00  1.555171989E+00  1.544426900E+00  6.220094800E-01  0.000000000E+00
 0.000000000E+00  8.824581500E-01  1.802584700E+00  1.813164089E+00  1.811812711E+00  2.465013300E+01  1.811957272E+00  1.813468628E+00  1.802584700E+00  8.824581500E-01  0.000000000E+00
 0.000000000E+00  1.196963700E+00  2.114819700E+00  2.125531078E+00  2.124153122E+00  3.201705900E+01  2.124299928E+00  2.125842972E+00  2.114819700E+00  1.196963700E+00  0.000000000E+00
 0.000000000E+00  1.572560200E+00  2.488165400E+00  2.499009278E+00  2.497603722E+00  4.104583000E+01  2.497753589E+00  2.499327811E+00  2.488165400E+00  1.572560200E+00  0.000000000E+00
 0.000000000E+00  2.016964200E+00  2.930337600E+00  2.941313772E+00  2.939881128E+00  5.203294700E+01  2.940033544E+00  2.941639456E+00  2.930337500E+00  2.016964200E+00  0.000000000E+00
 0.000000000E+00  2.538621500E+00  3.449781200E+00  3.460889972E+00  3.459429728E+00  6.531172100E+01  3.459585406E+00  3.461222494E+00  3.449781100E+00  2.538621500E+00  0.000000000E+00
 0.000000000E+00  3.146793200E+00  4.055756600E+00  4.066997867E+00  4.065510533E+00  8.125460800E+01  4.065668756E+00  4.067338044E+00  4.055756600E+00  3.146793200E+00  0.000000000E+00
 0.000000000E+00  2.039610600E-09  9.073556700E-01  9.185303161E-01  9.170816739E-01  4.288467300E+00  9.172300717E-01  9.188445183E-01  9.073556600E-01  2.039610500E-09  0.000000000E+00
 0.000000000E+00  9.766697800E-02  1.002756000E+00  1.014072672E+00  1.012594028E+00  6.550838700E+00  1.012745178E+00  1.014394022E+00  1.002756000E+00  9.766697800E-02  0.000000000E+00
 0.000000000E+00  2.245271200E-01  1.127368100E+00  1.138826800E+00  1.137318000E+00  9.424159700E+00  1.137472000E+00  1.139155600E+00  1.127368100E+00  2.245271200E-01  0.000000000E+00
 0.000000000E+00  3.850015800E-01  1.285612600E+00  1.297213428E+00  1.295674472E+00  1.304336300E+01  1.295831322E+00  1.297549678E+00  1.285612600E+00  3.850015800E-01  0.000000000E+00
 0.000000000E+00  5.839038900E-01  1.482302700E+00  1.494045556E+00  1.492476444E+00  1.756571100E+01  1.492636039E+00  1.494389661E+00  1.482302700E+00  5.839038900E-01  0.000000000E+00
 0.000000000E+00  8.264809300E-01  1.722684700E+00  1.734569789E+00  1.732970011E+00  2.317271300E+01  1.733132656E+00  1.734921544E+00  1.722684700E+00  8.264809300E-01  0.000000000E+00
 0.000000000E+00  1.118440100E+00  2.012465300E+00  2.024492111E+00  2.022862689E+00  3.007188100E+01  2.023028072E+00  2.024852228E+00  2.012465300E+00  1.118440100E+00  0.000000000E+00
 0.000000000E+00  1.466008500E+00  2.357871100E+00  2.370040044E+00  2.368379956E+00  3.849860700E+01  2.368548589E+00  2.370408011E+00  2.357871100E+00  1.466008500E+00  0.000000000E+00
 0.000000000E+00  1.876002200E+00  2.765717500E+00  2.778028372E+00  2.776338128E+00  4.871808700E+01  2.776509700E+00  2.778404900E+00  2.765717500E+00  1.876002200E+00  0.000000000E+00
 0.000000000E+00  2.355863300E+00  3.243445900E+00  3.255898806E+00  3.254177894E+00  6.102690300E+01  3.254353117E+00  3.256283583E+00  3.243445900E+00  2.355863300E+00  0.000000000E+00
 0.000000000E+00  2.913733600E+00  3.799197500E+00  3.811792439E+00  3.810040861E+00  7.575481100E+01  3.810219222E+00  3.812185978E+00  3.799197500E+00  2.913733600E+00  0.000000000E+00
 0.000000000E+00  1.932487600E-09  8.846870100E-01  8.972435978E-01  8.955243222E-01  3.975484000E+00  8.956892772E-01  8.976040528E-01  8.846869900E-01  1.932486600E-09  0.000000000E+00
 0.000000000E+00  9.232954100E-02  9.748095200E-01  9.875182022E-01  9.857653978E-01  6.129175100E+00  9.859335450E-01  9.878871650E-01  9.748095100E-01  9.232954100E-02  0.000000000E+00
 0.000000000E+00  2.117596100E-01  1.092048400E+00  1.104909017E+00  1.103122683E+00  8.854927700E+00  1.103294244E+00  1.105286556E+00  1.092048400E+00  2.117596100E-01  0.000000000E+00
 0.000000000E+00  3.622387600E-01  1.240351800E+00  1.253364078E+00  1.251544522E+00  1.227648000E+01  1.251719117E+00  1.253750783E+00  1.240351800E+00  3.622387600E-01  0.000000000E+00
 0.000000000E+00  5.480522500E-01  1.424004400E+00  1.437168750E+00  1.435314950E+00  1.653721700E+01  1.435493189E+00  1.437564211E+00  1.424004400E+00  5.480522500E-01  0.000000000E+00
 0.000000000E+00  7.738577300E-01  1.647663600E+00  1.660979211E+00  1.659092189E+00  2.180169200E+01  1.659273761E+00  1.661384139E+00  1.647663600E+00  7.738577300E-01  0.000000000E+00
 0.000000000E+00  1.044706900E+00  1.916380400E+00  1.929847378E+00  1.927926622E+00  2.825696400E+01  1.928111933E+00  1.930261667E+00  1.916380400E+00  1.044706900E+00  0.000000000E+00
 0.000000000E+00  1.366097700E+00  2.235652000E+00  2.249270039E+00  2.247316061E+00  3.611406000E+01  2.247504906E+00  2.249693994E+00  2.235652000E+00  1.366097700E+00  0.000000000E+00
 0.000000000E+00  1.744034600E+00  2.611482600E+00  2.625251400E+00  2.623264200E+00  4.560945700E+01  2.623456878E+00  2.625685322E+00  2.611482600E+00  1.744034600E+00  0.000000000E+00
 0.000000000E+00  2.185057500E+00  3.050411500E+00  3.064331067E+00  3.062310133E+00  5.700622100E+01  3.062506950E+00  3.064774750E+00  3.050411500E+00  2.185057500E+00  0.000000000E+00
 0.000000000E+00  2.696305100E+00  3.559576500E+00  3.573646528E+00  3.571592372E+00  7.059532600E+01  3.571793017E+00  3.574100683E+00  3.559576500E+00  2.696305100E+00  0.000000000E+00
 0.000000000E+00  1.831544300E-09  8.631186800E-01  8.771888417E-01  8.751554883E-01  3.707205600E+00  8.753388183E-01  8.776021717E-01  8.631187000E-01  1.831544900E-09  0.000000000E+00
 0.000000000E+00  8.729343900E-02  9.482354400E-01  9.624668928E-01  9.603966372E-01  5.756050800E+00  9.605837283E-01  9.628903217E-01  9.482354500E-01  8.729343900E-02  0.000000000E+00
 0.000000000E+00  1.997087200E-01  1.058487200E+00  1.072879500E+00  1.070772700E+00  8.339998700E+00  1.070963661E+00  1.073313239E+00  1.058487200E+00  1.997087200E-01  0.000000000E+00
 0.000000000E+00  3.407614600E-01  1.197389200E+00  1.211942406E+00  1.209798294E+00  1.157226700E+01  1.209993183E+00  1.212386717E+00  1.197389200E+00  3.407614600E-01  0.000000000E+00
 0.000000000E+00  5.142551700E-01  1.368744500E+00  1.383457800E+00  1.381277400E+00  1.558326200E+01  1.381476417E+00  1.383912883E+00  1.368744500E+00  5.142551700E-01  0.000000000E+00
 0.000000000E+00  7.243123000E-01  1.576675100E+00  1.591548400E+00  1.589331200E+00  2.052176200E+01  1.589534444E+00  1.592014356E+00  1.576675200E+00  7.243123000E-01  0.000000000E+00
 0.000000000E+00  9.753912800E-01  1.825639000E+00  1.840671694E+00  1.838418206E+00  2.655590300E+01  1.838625672E+00  1.841149028E+00  1.825639000E+00  9.753912800E-01  0.000000000E+00
 0.000000000E+00  1.272332200E+00  2.120475600E+00  2.135667389E+00  2.133377611E+00  3.387428600E+01  2.133589400E+00  2.136156200E+00  2.120475600E+00  1.272332200E+00  0.000000000E+00
 0.000000000E+00  1.620409700E+00  2.466459100E+00  2.481809889E+00  2.479483311E+00  4.268709600E+01  2.479700028E+00  2.482310272E+00  2.466459200E+00  1.620409700E+00  0.000000000E+00
 0.000000000E+00  2.025354700E+00  2.869319800E+00  2.884828983E+00  2.882466117E+00  5.322687000E+01  2.882687250E+00  2.885341450E+00  2.869319800E+00  2.025354700E+00  0.000000000E+00
 0.000000000E+00  2.493408100E+00  3.335298100E+00  3.350965278E+00  3.348566122E+00  6.574944500E+01  3.348792278E+00  3.351489922E+00  3.335298100E+00  2.493408100E+00  0.000000000E+00
 0.000000000E+00  1.736101100E-09  8.424181000E-01  8.581346528E-01  8.557396372E-01  3.471464000E+00  8.559434594E-01  8.586087506E-01  8.424181000E-01  1.736100900E-09  0.000000000E+00
 0.000000000E+00  8.252886200E-02  9.227623700E-01  9.386480778E-01  9.362130422E-01  5.419305600E+00  9.364214444E-01  9.391341156E-01  9.227623700E-01  8.252886200E-02  0.000000000E+00
 0.000000000E+00  1.883104500E-01  1.026370000E+00  1.042424300E+00  1.039949500E+00  7.867165100E+00  1.040162600E+00  1.042922600E+00  1.026370000E+00  1.883104500E-01  0.000000000E+00
 0.000000000E+00  3.204645900E-01  1.156360600E+00  1.172583033E+00  1.170068367E+00  1.091837700E+01  1.170286283E+00  1.173093817E+00  1.156360600E+00  3.204645900E-01  0.000000000E+00
 0.000000000E+00  4.823563800E-01  1.316098900E+00  1.332488661E+00  1.329934639E+00  1.469122200E+01  1.330157367E+00  1.333012433E+00  1.316098900E+00  4.823563800E-01  0.000000000E+00
 0.000000000E+00  6.776230700E-01  1.509221700E+00  1.525778389E+00  1.523185011E+00  1.931981900E+01  1.523412956E+00  1.526315044E+00  1.509221700E+00  6.776230700E-01  0.000000000E+00
 0.000000000E+00  9.101873500E-01  1.739651300E+00  1.756374111E+00  1.753741889E+00  2.495482100E+01  1.753975044E+00  1.756924156E+00  1.739651300E+00  9.101873500E-01  0.000000000E+00
 0.000000000E+00  1.184297300E+00  2.011635400E+00  2.028523939E+00  2.025852361E+00  3.176422700E+01  2.026091028E+00  2.029087672E+00  2.011635400E+00  1.184297300E+00  0.000000000E+00
 0.000000000E+00  1.504572300E+00  2.329792700E+00  2.346846156E+00  2.344136244E+00  3.993419500E+01  2.344380011E+00  2.347424189E+00  2.329792700E+00  1.504572300E+00  0.000000000E+00
 0.000000000E+00  1.876018900E+00  2.699129500E+00  2.716347378E+00  2.713598622E+00  4.966951800E+01  2.713848400E+00  2.716939600E+00  2.699129500E+00  1.876018900E+00  0.000000000E+00
 0.000000000E+00  2.304076800E+00  3.125084700E+00  3.142466394E+00  3.139679306E+00  6.119426900E+01  3.139934989E+00  3.143073211E+00  3.125084700E+00  2.304076800E+00  0.000000000E+00
 0.000000000E+00  1.645670900E-09  8.220360900E-01  8.395271522E-01  8.367200278E-01  3.261141000E+00  8.369468033E-01  8.400708167E-01  8.220360900E-01  1.645671600E-09  0.000000000E+00
 0.000000000E+00  7.801401200E-02  8.978284500E-01  9.154944533E-01  9.126449067E-01  5.111887900E+00  9.128772167E-01  9.160524433E-01  8.978284500E-01  7.801401200E-02  0.000000000E+00
 0.000000000E+00  1.775163900E-01  9.951183100E-01  1.012958533E+00  1.010066667E+00  7.429322000E+00  1.010304833E+00  1.013530967E+00  9.951183100E-01  1.775163900E-01  0.000000000E+00
 0.000000000E+00  3.012660300E-01  1.116664200E+00  1.134677789E+00  1.131744011E+00  1.030751000E+01  1.131987978E+00  1.135265222E+00  1.116664200E+00  3.012660300E-01  0.000000000E+00
 0.000000000E+00  4.522299300E-01  1.265432600E+00  1.283618639E+00  1.280643461E+00  1.385342400E+01  1.280893322E+00  1.284221678E+00  1.265432600E+00  4.522299300E-01  0.000000000E+00
 0.000000000E+00  6.336065400E-01  1.444621800E+00  1.462979489E+00  1.459962911E+00  1.818758900E+01  1.460219172E+00  1.463598128E+00  1.444621800E+00  6.336065400E-01  0.000000000E+00
 0.000000000E+00  8.488358900E-01  1.657671100E+00  1.676199533E+00  1.673142067E+00  2.344454300E+01  1.673404722E+00  1.676834278E+00  1.657671100E+00  8.488358900E-01  0.000000000E+00
 0.000000000E+00  1.101634300E+00  1.908296500E+00  1.926994772E+00  1.923896928E+00  2.977339600E+01  1.924166278E+00  1.927645922E+00  1.908296500E+00  1.101634300E+00  0.000000000E+00
 0.000000000E+00  1.396034300E+00  2.200530100E+00  2.219397411E+00  2.216259189E+00  3.733840800E+01  2.216535228E+00  2.220065472E+00  2.200530100E+00  1.396034300E+00  0.000000000E+00
 0.000000000E+00  1.736395500E+00  2.538730800E+00  2.557766244E+00  2.554588156E+00  4.631921700E+01  2.554870978E+00  2.558451822E+00  2.538730800E+00  1.736395500E+00  0.000000000E+00
 0.000000000E+00  2.127443600E+00  2.927624000E+00  2.946826572E+00  2.943609128E+00  5.691125900E+01  2.943899339E+00  2.947529761E+00  2.927624000E+00  2.127443600E+00  0.000000000E+00
 0.000000000E+00  1.559834200E-09  8.019176200E-01  8.213011506E-01  8.180304994E-01  3.071534100E+00  8.182839794E-01  8.219253906E-01  8.019176200E-01  1.559834200E-09  0.000000000E+00
 0.000000000E+00  7.372988500E-02  8.733514000E-01  8.929130872E-01  8.895985828E-01  4.828588700E+00  8.898589106E-01  8.935544994E-01  8.733514100E-01  7.372988500E-02  0.000000000E+00
 0.000000000E+00  1.672845700E-01  9.646164900E-01  9.843552494E-01  9.809973006E-01  7.020775000E+00  9.812646533E-01  9.850142667E-01  9.646164900E-01  1.672845700E-01  0.000000000E+00
 0.000000000E+00  2.830945000E-01  1.078143200E+00  1.098057867E+00  1.094656933E+00  9.733467800E+00  1.094931661E+00  1.098734839E+00  1.078143200E+00  2.830945000E-01  0.000000000E+00
 0.000000000E+00  4.237660700E-01  1.216537700E+00  1.236627228E+00  1.233183872E+00  1.306309900E+01  1.233465672E+00  1.237323028E+00  1.216537700E+00  4.237660700E-01  0.000000000E+00
 0.000000000E+00  5.921017600E-01  1.382602300E+00  1.402865483E+00  1.399380217E+00  1.711760000E+01  1.399669694E+00  1.403580206E+00  1.382602400E+00  5.921017600E-01  0.000000000E+00
 0.000000000E+00  7.911076600E-01  1.579342900E+00  1.599778739E+00  1.596251561E+00  2.201666900E+01  1.596549322E+00  1.600512478E+00  1.579342900E+00  7.911076600E-01  0.000000000E+00
 0.000000000E+00  1.024023700E+00  1.809998900E+00  1.830606083E+00  1.827038017E+00  2.789213400E+01  1.827343950E+00  1.831359750E+00  1.809999000E+00  1.024023700E+00  0.000000000E+00
 0.000000000E+00  1.294357700E+00  2.078078000E+00  2.098855528E+00  2.095246572E+00  3.488832500E+01  2.095560772E+00  2.099629728E+00  2.078078100E+00  1.294357700E+00  0.000000000E+00
 0.000000000E+00  1.605892800E+00  2.387363000E+00  2.408309156E+00  2.404660844E+00  4.316213200E+01  2.404983200E+00  2.409104800E+00  2.387363000E+00  1.605892800E+00  0.000000000E+00
 0.000000000E+00  1.962720100E+00  2.741944400E+00  2.763058589E+00  2.759370411E+00  5.288323200E+01  2.759702139E+00  2.763875361E+00  2.741944400E+00  1.962720100E+00  0.000000000E+00
 0.000000000E+00  1.478381600E-09  7.814707200E-01  8.028436239E-01  7.990602261E-01  2.895108900E+00  7.993452128E-01  8.035613172E-01  7.814707200E-01  1.478380900E-09  0.000000000E+00
 0.000000000E+00  6.966634900E-02  8.487240800E-01  8.702748494E-01  8.664477006E-01  4.562559300E+00  8.667411644E-01  8.710132356E-01  8.487240800E-01  6.966634900E-02  0.000000000E+00
 0.000000000E+00  1.575898700E-01  9.342398200E-01  9.559670672E-01  9.520968828E-01  6.635199700E+00  9.523990500E-01  9.567267300E-01  9.342398200E-01  1.575898700E-01  0.000000000E+00
 0.000000000E+00  2.659029700E-01  1.040150300E+00  1.062052628E+00  1.058140072E+00  9.190268000E+00  1.058451261E+00  1.062834039E+00  1.040150300E+00  2.659029700E-01  0.000000000E+00
 0.000000000E+00  3.968862300E-01  1.168736000E+00  1.190812183E+00  1.186857717E+00  1.231439000E+01  1.187178061E+00  1.191616039E+00  1.168736000E+00  3.968862300E-01  0.000000000E+00
 0.000000000E+00  5.529857200E-01  1.322442900E+00  1.344691533E+00  1.340695667E+00  1.610385700E+01  1.341025667E+00  1.345518333E+00  1.322442900E+00  5.529857200E-01  0.000000000E+00
 0.000000000E+00  7.368184600E-01  1.503887800E+00  1.526307372E+00  1.522271128E+00  2.066473600E+01  1.522610878E+00  1.527157722E+00  1.503887800E+00  7.368184600E-01  0.000000000E+00
 0.000000000E+00  9.511984300E-01  1.715884600E+00  1.738473706E+00  1.734397594E+00  2.611308100E+01  1.734747594E+00  1.739348106E+00  1.715884600E+00  9.511984300E-01  0.000000000E+00
 0.000000000E+00  1.199165800E+00  1.961473100E+00  1.984230433E+00  1.980114967E+00  3.257514200E+01  1.980475411E+00  1.985129589E+00  1.961473100E+00  1.199165800E+00  0.000000000E+00
 0.000000000E+00  1.483991200E+00  2.243923800E+00  2.266847444E+00  2.262694156E+00  4.018729100E+01  2.263065033E+00  2.267772367E+00  2.243923800E+00  1.483991200E+00  0.000000000E+00
 0.000000000E+00  1.809203000E+00  2.566764700E+00  2.589853656E+00  2.585662544E+00  4.909610700E+01  2.586044256E+00  2.590804744E+00  2.566764700E+00  1.809203000E+00  0.000000000E+00
 0.000000000E+00  1.401097200E-09  7.601424600E-01  7.835708939E-01  7.792327361E-01  2.733725600E+00  7.795550533E-01  7.843967067E-01  7.601424500E-01  1.401097900E-09  0.000000000E+00
 0.000000000E+00  6.581242200E-02  8.233355900E-01  8.469382633E-01  8.425587567E-01  4.315216100E+00  8.428916356E-01  8.477892044E-01  8.233355800E-01  6.581242200E-02  0.000000000E+00
 0.000000000E+00  1.484057400E-01  9.033188000E-01  9.270940339E-01  9.226739961E-01  6.273514400E+00  9.230177728E-01  9.279707972E-01  9.033187900E-01  1.484057400E-01  0.000000000E+00
 0.000000000E+00  2.496427100E-01  1.001954900E+00  1.025900872E+00  1.021441428E+00  8.678252300E+00  1.021796367E+00  1.026804233E+00  1.001954900E+00  2.496427100E-01  0.000000000E+00
 0.000000000E+00  3.715104400E-01  1.121231000E+00  1.145346094E+00  1.140847806E+00  1.160695000E+01  1.141214172E+00  1.146276728E+00  1.121231000E+00  3.715104400E-01  0.000000000E+00
 0.000000000E+00  5.161351400E-01  1.263273100E+00  1.287556117E+00  1.283018983E+00  1.514515800E+01  1.283397683E+00  1.288514417E+00  1.263273100E+00  5.161351400E-01  0.000000000E+00
 0.000000000E+00  6.857858900E-01  1.430350300E+00  1.454798611E+00  1.450225189E+00  1.938645600E+01  1.450615394E+00  1.455786306E+00  1.430350300E+00  6.857858900E-01  0.000000000E+00
 0.000000000E+00  8.828969800E-01  1.624896500E+00  1.649509211E+00  1.644898989E+00  2.443253300E+01  1.645302322E+00  1.650525878E+00  1.624896500E+00  8.828969800E-01  0.000000000E+00
 0.000000000E+00  1.110092700E+00  1.849536000E+00  1.874310894E+00  1.869665406E+00  3.039327700E+01  1.870081444E+00  1.875358156E+00  1.849536000E+00  1.110092700E+00  0.000000000E+00
 0.000000000E+00  1.370189300E+00  2.107084500E+00  2.132020378E+00  2.127339622E+00  3.738660900E+01  2.127769478E+00  2.133098322E+00  2.107084500E+00  1.370189300E+00  0.000000000E+00
 0.000000000E+00  1.666217300E+00  2.400572400E+00  2.425667039E+00  2.420953061E+00  4.553846100E+01  2.421396311E+00  2.426777289E+00  2.400572400E+00  1.666217300E+00  0.000000000E+00
 0.000000000E+00  1.327694100E-09  7.352942000E-01  7.607993572E-01  7.558794528E-01  2.586320500E+00  7.562470739E-01  7.617510761E-01  7.352942000E-01  1.327693500E-09  0.000000000E+00
 0.000000000E+00  6.215507500E-02  7.947066900E-01  8.203803494E-01  8.154243606E-01  4.085222300E+00  8.158052322E-01  8.213627478E-01  7.947066800E-01  6.215507500E-02  0.000000000E+00
 0.000000000E+00  1.397023000E-01  8.695245900E-01  8.953648417E-01  8.903736883E-01  5.934073500E+00  8.907681850E-01  8.963788050E-01  8.695245900E-01  1.397023000E-01  0.000000000E+00
 0.000000000E+00  2.342612700E-01  9.613673500E-01  9.873722028E-01  9.823469072E-01  8.195402000E+00  9.827554950E-01  9.884185550E-01  9.613673500E-01  2.342612700E-01  0.000000000E+00
 0.000000000E+00  3.475554900E-01  1.071958300E+00  1.098125683E+00  1.093067217E+00  1.093828300E+01  1.093490483E+00  1.099205217E+00  1.071958200E+00  3.475554900E-01  0.000000000E+00
 0.000000000E+00  4.814249300E-01  1.203137000E+00  1.229465033E+00  1.224374367E+00  1.423837900E+01  1.224812522E+00  1.230578878E+00  1.203137000E+00  4.814249300E-01  0.000000000E+00
 0.000000000E+00  6.378284100E-01  1.356862000E+00  1.383348467E+00  1.378227133E+00  1.817784500E+01  1.378680267E+00  1.384497733E+00  1.356862000E+00  6.378284100E-01  0.000000000E+00
 0.000000000E+00  8.188626700E-01  1.535229800E+00  1.561872694E+00  1.556721206E+00  2.284532400E+01  1.557190422E+00  1.563057978E+00  1.535229800E+00  8.188626700E-01  0.000000000E+00
 0.000000000E+00  1.026783200E+00  1.740495300E+00  1.767292711E+00  1.762112089E+00  2.833594000E+01  1.762597272E+00  1.768515428E+00  1.740495300E+00  1.026783200E+00  0.000000000E+00
 0.000000000E+00  1.264004400E+00  1.975072500E+00  2.002022111E+00  1.996813889E+00  3.475106800E+01  1.997315839E+00  2.003283061E+00  1.975072500E+00  1.264004400E+00  0.000000000E+00
 0.000000000E+00  1.533117900E+00  2.241552700E+00  2.268652706E+00  2.263417394E+00  4.219824400E+01  2.263936606E+00  2.269952894E+00  2.241552700E+00  1.533117900E+00  0.000000000E+00
 0.000000000E+00  1.257950700E-09  7.087529200E-01  7.364412317E-01  7.309385583E-01  2.449245700E+00  7.313614656E-01  7.375396744E-01  7.087529200E-01  1.257950800E-09  0.000000000E+00
 0.000000000E+00  5.868366100E-02  7.646419900E-01  7.924870389E-01  7.869570211E-01  3.869038600E+00  7.873965789E-01  7.936232411E-01  7.646419900E-01  5.868366100E-02  0.000000000E+00
 0.000000000E+00  1.314546400E-01  8.346313500E-01  8.626305744E-01  8.570742856E-01  5.613376400E+00  8.575310489E-01  8.638055511E-01  8.346313500E-01  1.314546400E-01  0.000000000E+00
 0.000000000E+00  2.197139300E-01  9.201218400E-01  9.482725967E-01  9.426912633E-01  7.738158600E+00  9.431657150E-01  9.494874950E-01  9.201218400E-01  2.197139300E-01  0.000000000E+00
 0.000000000E+00  3.249490300E-01  1.022600700E+00  1.050900528E+00  1.045295172E+00  1.030464200E+01  1.045787878E+00  1.052156322E+00  1.022600700E+00  3.249490300E-01  0.000000000E+00
 0.000000000E+00  4.487445000E-01  1.143652300E+00  1.172098372E+00  1.166470528E+00  1.337939900E+01  1.166981978E+00  1.173396422E+00  1.143652300E+00  4.487445000E-01  0.000000000E+00
 0.000000000E+00  5.927833500E-01  1.284959300E+00  1.313549106E+00  1.307899794E+00  1.703416400E+01  1.308430378E+00  1.314890822E+00  1.284959300E+00  5.927833500E-01  0.000000000E+00
 0.000000000E+00  7.588630400E-01  1.448318800E+00  1.477049828E+00  1.471380072E+00  2.134576300E+01  1.471930689E+00  1.478436111E+00  1.448318800E+00  7.588630400E-01  0.000000000E+00
 0.000000000E+00  9.489129500E-01  1.635659800E+00  1.664529433E+00  1.658840767E+00  2.639603400E+01  1.659411500E+00  1.665961900E+00  1.635659800E+00  9.489129500E-01  0.000000000E+00
 0.000000000E+00  1.164993100E+00  1.849041900E+00  1.878047933E+00  1.872340867E+00  3.227156700E+01  1.872932717E+00  1.879527583E+00  1.849041900E+00  1.164993100E+00  0.000000000E+00
 0.000000000E+00  1.409309300E+00  2.090670300E+00  2.119810117E+00  2.114086183E+00  3.906356700E+01  2.114699539E+00  2.121338361E+00  2.090670300E+00  1.409309300E+00  0.000000000E+00
 0.000000000E+00  1.191731300E-09  6.819431700E-01  7.118547467E-01  7.058097333E-01  2.319839800E+00  7.063016967E-01  7.131256433E-01  6.819431700E-01  1.191731400E-09  0.000000000E+00
 0.000000000E+00  5.539128900E-02  7.344677400E-01  7.645104461E-01  7.584507639E-01  3.664178800E+00  7.589638394E-01  7.658280106E-01  7.344677400E-01  5.539128900E-02  0.000000000E+00
 0.000000000E+00  1.236451000E-01  7.998673700E-01  8.300383822E-01  8.239652578E-01  5.309026600E+00  8.245000878E-01  8.314039722E-01  7.998673700E-01  1.236451000E-01  0.000000000E+00
 0.000000000E+00  2.059666100E-01  8.793471800E-01  9.096437050E-01  9.035583650E-01  7.304106900E+00  9.041155506E-01  9.110587394E-01  8.793471700E-01  2.059666100E-01  0.000000000E+00
 0.000000000E+00  3.036327100E-01  9.741839500E-01  1.004603061E+00  9.985070389E-01  9.703450000E+00  9.990872111E-01  1.006068989E+00  9.741839500E-01  3.036327100E-01  0.000000000E+00
 0.000000000E+00  4.180008700E-01  1.085735000E+00  1.116274372E+00  1.110168128E+00  1.256529500E+01  1.110771989E+00  1.117792611E+00  1.085735000E+00  4.180008700E-01  0.000000000E+00
 0.000000000E+00  5.505096300E-01  1.215438600E+00  1.246095367E+00  1.239980433E+00  1.595189700E+01  1.240608572E+00  1.247667528E+00  1.215438600E+00  5.505096300E-01  0.000000000E+00
 0.000000000E+00  7.026919900E-01  1.364827600E+00  1.395598639E+00  1.389477061E+00  1.992940600E+01  1.390130067E+00  1.397226333E+00  1.364827600E+00  7.026919900E-01  0.000000000E+00
 0.000000000E+00  8.761898800E-01  1.535543400E+00  1.566426811E+00  1.560298589E+00  2.456774900E+01  1.560977356E+00  1.568111444E+00  1.535543400E+00  8.761898800E-01  0.000000000E+00
 0.000000000E+00  1.072751900E+00  1.729334500E+00  1.760327161E+00  1.754194339E+00  2.994035400E+01  1.754899556E+00  1.762070444E+00  1.729334500E+00  1.072751900E+00  0.000000000E+00
 0.000000000E+00  1.294245100E+00  1.948067500E+00  1.979167306E+00  1.973030394E+00  3.612398100E+01  1.973762956E+00  1.980970644E+00  1.948067500E+00  1.294245100E+00  0.000000000E+00
 0.000000000E+00  1.128933600E-09  6.544485900E-01  6.864220422E-01  6.799395178E-01  2.198496700E+00  6.805190300E-01  6.878974300E-01  6.544485900E-01  1.128933300E-09  0.000000000E+00
 0.000000000E+00  5.227193800E-02  7.037581900E-01  7.358251911E-01  7.293436889E-01  3.471109700E+00  7.299500011E-01  7.373586589E-01  7.037581800E-01  5.227193800E-02  0.000000000E+00
 0.000000000E+00  1.162575300E-01  7.647950500E-01  7.969530172E-01  7.904737128E-01  5.021446200E+00  7.911075844E-01  7.985462956E-01  7.647950400E-01  1.162575300E-01  0.000000000E+00
 0.000000000E+00  1.929872800E-01  8.385896600E-01  8.708360300E-01  8.643601500E-01  6.893492700E+00  8.650223400E-01  8.724909000E-01  8.385896500E-01  1.929872800E-01  0.000000000E+00
 0.000000000E+00  2.835509300E-01  9.262317100E-01  9.585639594E-01  9.520927306E-01  9.134623100E+00  9.527839972E-01  9.602822528E-01  9.262317000E-01  2.835509300E-01  0.000000000E+00
 0.000000000E+00  3.891047800E-01  1.028877400E+00  1.061292872E+00  1.054827828E+00  1.179546200E+01  1.055548878E+00  1.063076522E+00  1.028877400E+00  3.891047800E-01  0.000000000E+00
 0.000000000E+00  5.108714600E-01  1.147749100E+00  1.180245800E+00  1.173787400E+00  1.492966900E+01  1.174539256E+00  1.182096544E+00  1.147749100E+00  5.108714600E-01  0.000000000E+00
 0.000000000E+00  6.501511400E-01  1.284146800E+00  1.316722517E+00  1.310271783E+00  1.859379400E+01  1.311055539E+00  1.318641961E+00  1.284146800E+00  6.501511400E-01  0.000000000E+00
 0.000000000E+00  8.083332000E-01  1.439459600E+00  1.472111611E+00  1.465670589E+00  2.284712700E+01  1.466486622E+00  1.474102178E+00  1.439459600E+00  8.083332000E-01  0.000000000E+00
 0.000000000E+00  9.868933600E-01  1.615162900E+00  1.647889300E+00  1.641458500E+00  2.775142600E+01  1.642307800E+00  1.649953000E+00  1.615162900E+00  9.868933600E-01  0.000000000E+00
 0.000000000E+00  1.187403100E+00  1.812827900E+00  1.845626272E+00  1.839207228E+00  3.337073900E+01  1.840090478E+00  1.847765322E+00  1.812827900E+00  1.187403100E+00  0.000000000E+00
 0.000000000E+00  1.069363900E-09  6.258564800E-01  6.593918178E-01  6.526613022E-01  2.087070900E+00  6.533554117E-01  6.611126983E-01  6.258564800E-01  1.069365500E-09  0.000000000E+00
 0.000000000E+00  4.931654300E-02  6.721020900E-01  7.056902761E-01  6.989773939E-01  3.291259100E+00  6.997054611E-01  7.074839589E-01  6.721020900E-01  4.931654300E-02  0.000000000E+00
 0.000000000E+00  1.092703800E-01  7.290006100E-01  7.626400939E-01  7.559458161E-01  4.751623400E+00  7.567087472E-01  7.645087628E-01  7.290006100E-01  1.092703800E-01  0.000000000E+00
 0.000000000E+00  1.807368800E-01  7.974275000E-01  8.311168017E-01  8.244420483E-01  6.506824500E+00  8.252407694E-01  8.330626606E-01  7.974275000E-01  1.807368800E-01  0.000000000E+00
 0.000000000E+00  2.646401300E-01  8.783068800E-01  9.120445289E-01  9.053902711E-01  8.598113600E+00  9.062257483E-01  9.140698217E-01  8.783068800E-01  2.646401300E-01  0.000000000E+00
 0.000000000E+00  3.619588900E-01  9.726174600E-01  1.006401994E+00  9.997693056E-01  1.106917200E+01  1.000642494E+00  1.008509006E+00  9.726174600E-01  3.619588900E-01  0.000000000E+00
 0.000000000E+00  4.737259100E-01  1.081391900E+00  1.115221850E+00  1.108611650E+00  1.396589100E+01  1.109523544E+00  1.117413056E+00  1.081391900E+00  4.737259100E-01  0.000000000E+00
 0.000000000E+00  6.010369900E-01  1.205725800E+00  1.239600100E+00  1.233012900E+00  1.733621000E+01  1.233964689E+00  1.241877711E+00  1.205725800E+00  6.010369900E-01  0.000000000E+00
 0.000000000E+00  7.450605000E-01  1.346787300E+00  1.380704433E+00  1.374141767E+00  2.122995600E+01  1.375134028E+00  1.383071072E+00  1.346787300E+00  7.450605000E-01  0.000000000E+00
 0.000000000E+00  9.070339800E-01  1.505813800E+00  1.539772561E+00  1.533234939E+00  2.569858700E+01  1.534269367E+00  1.542230433E+00  1.505813800E+00  9.070339800E-01  0.000000000E+00
 0.000000000E+00  1.088271400E+00  1.684118900E+00  1.718117772E+00  1.711606728E+00  3.079501200E+01  1.712683589E+00  1.720670211E+00  1.684118900E+00  1.088271400E+00  0.000000000E+00
 0.000000000E+00  1.012835800E-09  5.955871900E-01  6.300585061E-01  6.232931839E-01  1.984939300E+00  6.241353406E-01  6.320804094E-01  5.955872000E-01  1.012835200E-09  0.000000000E+00
 0.000000000E+00  4.651591600E-02  6.389287200E-01  6.734345478E-01  6.666975922E-01  3.124121000E+00  6.675827306E-01  6.755480394E-01  6.389287200E-01  4.651591600E-02  0.000000000E+00
 0.000000000E+00  1.026618400E-01  6.919199800E-01  7.264590783E-01  7.197515117E-01  4.499055000E+00  7.206807139E-01  7.286668761E-01  6.919199800E-01  1.026618400E-01  0.000000000E+00
 0.000000000E+00  1.691760200E-01  7.552992700E-01  7.898704283E-01  7.831932217E-01  6.143476400E+00  7.841675894E-01  7.921753206E-01  7.552992700E-01  1.691760200E-01  0.000000000E+00
 0.000000000E+00  2.468366000E-01  8.298447300E-01  8.644467683E-01  8.578008417E-01  8.093026900E+00  8.588215678E-01  8.668515322E-01  8.298447300E-01  2.468366000E-01  0.000000000E+00
 0.000000000E+00  3.364663700E-01  9.163790600E-01  9.510107878E-01  9.443971122E-01  1.038508500E+01  9.454653683E-01  9.535182817E-01  9.163790600E-01  3.364663700E-01  0.000000000E+00
 0.000000000E+00  4.389316900E-01  1.015768500E+00  1.050428728E+00  1.043848172E+00  1.305854900E+01  1.044965517E+00  1.053041583E+00  1.015768500E+00  4.389316900E-01  0.000000000E+00
 0.000000000E+00  5.551498100E-01  1.128930000E+00  1.163617656E+00  1.157071344E+00  1.615367400E+01  1.158238550E+00  1.166339150E+00  1.128930000E+00  5.551498100E-01  0.000000000E+00
 0.000000000E+00  6.860963900E-01  1.256839200E+00  1.291552667E+00  1.285042133E+00  1.971191300E+01  1.286259867E+00  1.294386533E+00  1.256839200E+00  6.860963900E-01  0.000000000E+00
 0.000000000E+00  8.328018700E-01  1.400526000E+00  1.435264778E+00  1.428790022E+00  2.377567700E+01  1.430060689E+00  1.438212911E+00  1.400526000E+00  8.328018700E-01  0.000000000E+00
 0.000000000E+00  9.963570100E-01  1.561081000E+00  1.595843367E+00  1.589406433E+00  2.838817200E+01  1.590730594E+00  1.598909906E+00  1.561081000E+00  9.963570100E-01  0.000000000E+00
 0.000000000E+00  9.591011100E-10  5.633733900E-01  5.986982894E-01  5.919565806E-01  1.892619600E+00  5.929945417E-01  6.010922283E-01  5.633733800E-01  9.591014200E-10  0.000000000E+00
 0.000000000E+00  4.385897300E-02  6.039844200E-01  6.393247922E-01  6.326223878E-01  2.969936200E+00  6.337144806E-01  6.418343494E-01  6.039844200E-01  4.385897300E-02  0.000000000E+00
 0.000000000E+00  9.640684100E-02  6.533087000E-01  6.886630717E-01  6.820011983E-01  4.263683100E+00  6.831487606E-01  6.912916294E-01  6.533086900E-01  9.640684100E-02  0.000000000E+00
 0.000000000E+00  1.582612500E-01  7.119639900E-01  7.473309478E-01  7.407108322E-01  5.803044400E+00  7.419152317E-01  7.500819183E-01  7.119639800E-01  1.582612500E-01  0.000000000E+00
 0.000000000E+00  2.300723600E-01  7.806004800E-01  8.159786300E-01  8.094015500E-01  7.618532600E+00  8.106641128E-01  8.188555372E-01  7.806004700E-01  2.300723600E-01  0.000000000E+00
 0.000000000E+00  3.125265100E-01  8.599044600E-01  8.952924689E-01  8.887596511E-01  9.741818900E+00  8.900818450E-01  8.982988250E-01  8.599044600E-01  3.125265100E-01  0.000000000E+00
 0.000000000E+00  4.063448900E-01  9.505970200E-01  9.859936150E-01  9.795062350E-01  1.220553100E+01  9.808895067E-01  9.891330133E-01  9.505970200E-01  4.063448900E-01  0.000000000E+00
 0.000000000E+00  5.122894000E-01  1.053439800E+00  1.088843706E+00  1.082403194E+00  1.504309500E+01  1.083849000E+00  1.092119800E+00  1.053439800E+00  5.122894000E-01  0.000000000E+00
 0.000000000E+00  6.311683500E-01  1.169241000E+00  1.204650883E+00  1.198258417E+00  1.828858400E+01  1.199768189E+00  1.208067611E+00  1.169241000E+00  6.311683500E-01  0.000000000E+00
 0.000000000E+00  7.638328800E-01  1.298851300E+00  1.334266250E+00  1.327922850E+00  2.197651100E+01  1.329498167E+00  1.337827233E+00  1.298851300E+00  7.638328800E-01  0.000000000E+00
 0.000000000E+00  9.111809900E-01  1.443168500E+00  1.478587100E+00  1.472294300E+00  2.614167400E+01  1.473936733E+00  1.482296467E+00  1.443168500E+00  9.111809900E-01  0.000000000E+00
 0.000000000E+00  9.079135900E-10  5.288012100E-01  5.648708700E-01  5.582247900E-01  1.809863700E+00  5.595213922E-01  5.677257478E-01  5.288012000E-01  9.079136000E-10  0.000000000E+00
 0.000000000E+00  4.133425600E-02  5.668894400E-01  6.029449717E-01  5.963566983E-01  2.828544400E+00  5.977213072E-01  6.059463628E-01  5.668894400E-01  4.133425600E-02  0.000000000E+00
 0.000000000E+00  9.047947800E-02  6.128193800E-01  6.488597222E-01  6.423302778E-01  4.045307900E+00  6.437644344E-01  6.520118256E-01  6.128193800E-01  9.047947800E-02  0.000000000E+00
 0.000000000E+00  1.479478700E-01  6.671031100E-01  7.031272111E-01  6.966576689E-01  5.485157400E+00  6.981629439E-01  7.064343061E-01  6.671031000E-01  1.479478700E-01  0.000000000E+00
 0.000000000E+00  2.142779200E-01  7.302789200E-01  7.662858189E-01  7.598772011E-01  7.173942600E+00  7.614552561E-01  7.697521739E-01  7.302789200E-01  2.142779200E-01  0.000000000E+00
 0.000000000E+00  2.900372400E-01  8.029141400E-01  8.389028750E-01  8.325562550E-01  9.138198000E+00  8.342087094E-01  8.425329206E-01  8.029141400E-01  2.900372400E-01  0.000000000E+00
 0.000000000E+00  3.758210100E-01  8.856036100E-01  9.215732794E-01  9.152897306E-01  1.140496200E+01  9.170183256E-01  9.253714144E-01  8.856036100E-01  3.758210100E-01  0.000000000E+00
 0.000000000E+00  4.722565200E-01  9.789742000E-01  1.014924106E+00  1.008704394E+00  1.400163000E+01  1.010510972E+00  1.018894728E+00  9.789742000E-01  4.722565200E-01  0.000000000E+00
 0.000000000E+00  5.800074800E-01  1.083689200E+00  1.119618294E+00  1.113464006E+00  1.695581800E+01  1.115350222E+00  1.123766178E+00  1.083689200E+00  5.800074800E-01  0.000000000E+00
 0.000000000E+00  6.997705000E-01  1.200444600E+00  1.236352172E+00  1.230264328E+00  2.029518600E+01  1.232231950E+00  1.240682150E+00  1.200444600E+00  6.997705000E-01  0.000000000E+00
 0.000000000E+00  8.322779000E-01  1.329972400E+00  1.365857739E+00  1.359837361E+00  2.404730700E+01  1.361888056E+00  1.370374544E+00  1.329972400E+00  8.322779000E-01  0.000000000E+00
 0.000000000E+00  8.589614400E-10  4.930115400E-01  5.296198378E-01  5.232702022E-01  1.736245700E+00  5.249056717E-01  5.330567183E-01  4.930115400E-01  8.589597400E-10  0.000000000E+00
 0.000000000E+00  3.892832200E-02  5.288015100E-01  5.653589539E-01  5.590749961E-01  2.699082600E+00  5.607940428E-01  5.689827072E-01  5.288015100E-01  3.892832200E-02  0.000000000E+00
 0.000000000E+00  8.485078100E-02  5.716189000E-01  6.081246733E-01  6.019079267E-01  3.842648100E+00  6.037125472E-01  6.119403628E-01  5.716188900E-01  8.485078100E-02  0.000000000E+00
 0.000000000E+00  1.381878300E-01  6.218839800E-01  6.583373756E-01  6.521894244E-01  5.188106700E+00  6.540816044E-01  6.623501556E-01  6.218839700E-01  1.381878300E-01  0.000000000E+00
 0.000000000E+00  1.993810400E-01  6.800380500E-01  7.164384600E-01  7.103609400E-01  6.757077100E+00  7.123426739E-01  7.206535961E-01  6.800380500E-01  1.993810400E-01  0.000000000E+00
 0.000000000E+00  2.688951300E-01  7.465455200E-01  7.828924267E-01  7.768869733E-01  8.571485000E+00  7.789602744E-01  7.873153056E-01  7.465455100E-01  2.688951300E-01  0.000000000E+00
 0.000000000E+00  3.472163800E-01  8.218922400E-01  8.581853267E-01  8.522534733E-01  1.065340500E+01  8.544204667E-01  8.628212933E-01  8.218922400E-01  3.472163800E-01  0.000000000E+00
 0.000000000E+00  4.348560200E-01  9.065890000E-01  9.428279383E-01  9.369713717E-01  1.302493500E+01  9.392341494E-01  9.476825606E-01  9.065889900E-01  4.348560200E-01  0.000000000E+00
 0.000000000E+00  5.323533400E-01  1.001174600E+00  1.037359222E+00  1.031579578E+00  1.570807000E+01  1.033940333E+00  1.042438067E+00  1.001174600E+00  5.323533400E-01  0.000000000E+00
 0.000000000E+00  6.402724100E-01  1.106212500E+00  1.142342667E+00  1.136641733E+00  1.872456800E+01  1.139102578E+00  1.147651422E+00  1.106212500E+00  6.402724100E-01  0.000000000E+00
 0.000000000E+00  7.592038600E-01  1.222292800E+00  1.258368594E+00  1.252747906E+00  2.209583200E+01  1.255311100E+00  1.263913100E+00  1.222292800E+00  7.592038600E-01  0.000000000E+00
 0.000000000E+00  8.120686800E-10  4.571397200E-01  4.937727067E-01  4.875722133E-01  1.668118500E+00  4.896110872E-01  4.979759828E-01  4.571397100E-01  8.120691700E-10  0.000000000E+00
 0.000000000E+00  3.663290800E-02  4.908005300E-01  5.273328356E-01  5.212226044E-01  2.578403300E+00  5.233659639E-01  5.317744061E-01  4.908005300E-01  3.663290800E-02  0.000000000E+00
 0.000000000E+00  7.950140900E-02  5.307341200E-01  5.671665606E-01  5.611487894E-01  3.652901500E+00  5.633989628E-01  5.718525872E-01  5.307341200E-01  7.950140900E-02  0.000000000E+00
 0.000000000E+00  1.289466100E-01  5.772811800E-01  6.136147933E-01  6.076915267E-01  4.909279500E+00  6.100508922E-01  6.185514878E-01  5.772811700E-01  1.289466100E-01  0.000000000E+00
 0.000000000E+00  1.853264400E-01  6.307991300E-01  6.670351039E-01  6.612083861E-01  6.365345500E+00  6.636793211E-01  6.722287789E-01  6.307991300E-01  1.853264400E-01  0.000000000E+00
 0.000000000E+00  2.490169800E-01  6.916634900E-01  7.278031733E-01  7.220749467E-01  8.038921500E+00  7.246599389E-01  7.332602011E-01  6.916634900E-01  2.490169800E-01  0.000000000E+00
 0.000000000E+00  3.204108900E-01  7.602662900E-01  7.963111211E-01  7.906833789E-01  9.947711600E+00  7.933848333E-01  8.020380467E-01  7.602662900E-01  3.204108900E-01  0.000000000E+00
 0.000000000E+00  3.999198400E-01  8.370185000E-01  8.729700989E-01  8.674446811E-01  1.210919500E+01  8.702651439E-01  8.789735061E-01  8.370185000E-01  3.999198400E-01  0.000000000E+00
 0.000000000E+00  4.879767100E-01  9.223522600E-01  9.582123467E-01  9.527910933E-01  1.454052400E+01  9.557331194E-01  9.644989306E-01  9.223522500E-01  4.879767100E-01  0.000000000E+00
 0.000000000E+00  5.850324600E-01  1.016717700E+00  1.052488278E+00  1.047172722E+00  1.725841400E+01  1.050238967E+00  1.059064833E+00  1.016717700E+00  5.850324600E-01  0.000000000E+00
 0.000000000E+00  6.915572500E-01  1.120584300E+00  1.156266800E+00  1.151059600E+00  2.027906100E+01  1.154252594E+00  1.163140306E+00  1.120584300E+00  6.915572500E-01  0.000000000E+00
 0.000000000E+00  7.670683200E-10  4.221697600E-01  4.577054767E-01  4.519990233E-01  1.607250300E+00  4.545605339E-01  4.629340161E-01  4.221697500E-01  7.670684300E-10  0.000000000E+00
 0.000000000E+00  3.443997000E-02  4.539365800E-01  4.893416733E-01  4.837578867E-01  2.468032400E+00  4.864490478E-01  4.948718522E-01  4.539365700E-01  3.443997000E-02  0.000000000E+00
 0.000000000E+00  7.441241200E-02  4.912691700E-01  5.265483683E-01  5.210883217E-01  3.477289400E+00  5.239119022E-01  5.323876578E-01  4.912691700E-01  7.441241200E-02  0.000000000E+00
 0.000000000E+00  1.201903000E-01  5.344400400E-01  5.695980317E-01  5.642627983E-01  4.649516900E+00  5.672216683E-01  5.757539017E-01  5.344400400E-01  1.201903000E-01  0.000000000E+00
 0.000000000E+00  1.720598200E-01  5.837348200E-01  6.187762322E-01  6.135669878E-01  5.999113800E+00  6.166639950E-01  6.252563350E-01  5.837348200E-01  1.720598200E-01  0.000000000E+00
 0.000000000E+00  2.303211800E-01  6.394531400E-01  6.743825906E-01  6.693004594E-01  7.540274800E+00  6.725385017E-01  6.811946283E-01  6.394531400E-01  2.303211800E-01  0.000000000E+00
 0.000000000E+00  2.952870600E-01  7.019070600E-01  7.367291367E-01  7.317752433E-01  9.286886000E+00  7.351573289E-01  7.438808711E-01  7.019070600E-01  2.952870600E-01  0.000000000E+00
 0.000000000E+00  3.672842600E-01  7.714227300E-01  8.061419189E-01  8.013175411E-01  1.125243800E+01  8.048465950E-01  8.136413350E-01  7.714227300E-01  3.672842600E-01  0.000000000E+00
 0.000000000E+00  4.466551700E-01  8.483418400E-01  8.829626383E-01  8.782689517E-01  1.344994700E+01  8.819480811E-01  8.908176989E-01  8.483418300E-01  4.466551700E-01  0.000000000E+00
 0.000000000E+00  5.337548600E-01  9.330187700E-01  9.675455633E-01  9.629838967E-01  1.589187200E+01  9.668161661E-01  9.757644439E-01  9.330187600E-01  5.337548600E-01  0.000000000E+00
 0.000000000E+00  6.289517500E-01  1.025821200E+00  1.060258333E+00  1.055830067E+00  1.859005500E+01  1.059818539E+00  1.068849361E+00  1.025821200E+00  6.289517500E-01  0.000000000E+00
 0.000000000E+00  7.237689900E-10  3.906729100E-01  4.243158256E-01  4.193831944E-01  1.556149000E+00  4.226057267E-01  4.308814333E-01  3.906729100E-01  7.237690500E-10  0.000000000E+00
 0.000000000E+00  3.234047900E-02  4.205866500E-01  4.541276706E-01  4.493298194E-01  2.370114300E+00  4.527134567E-01  4.610747233E-01  4.205866500E-01  3.234047900E-02  0.000000000E+00
 0.000000000E+00  6.956283300E-02  4.554158500E-01  4.888597500E-01  4.841990300E-01  3.317522800E+00  4.877470817E-01  4.961971283E-01  4.554158500E-01  6.956283300E-02  0.000000000E+00
 0.000000000E+00  1.118820200E-01  4.953746900E-01  5.287263344E-01  5.242050456E-01  4.410020500E+00  5.279208506E-01  5.364629994E-01  4.953746900E-01  1.118820200E-01  0.000000000E+00
 0.000000000E+00  1.595231700E-01  5.406874900E-01  5.739518244E-01  5.695722156E-01  5.658983000E+00  5.734591522E-01  5.820968278E-01  5.406874900E-01  1.595231700E-01  0.000000000E+00
 0.000000000E+00  2.127220400E-01  5.915891500E-01  6.247711400E-01  6.205354600E-01  7.075430100E+00  6.245969661E-01  6.333336439E-01  5.915891500E-01  2.127220400E-01  0.000000000E+00
 0.000000000E+00  2.717234700E-01  6.483236400E-01  6.814283217E-01  6.773387683E-01  8.669947400E+00  6.815782500E-01  6.904176100E-01  6.483236400E-01  2.717234700E-01  0.000000000E+00
 0.000000000E+00  3.367824800E-01  7.111450800E-01  7.441775000E-01  7.402362200E-01  1.045262000E+01  7.446572444E-01  7.536029156E-01  7.111450800E-01  3.367824800E-01  0.000000000E+00
 0.000000000E+00  4.081650500E-01  7.803185400E-01  8.132837550E-01  8.094928950E-01  1.243297400E+01  8.140989867E-01  8.231548533E-01  7.803185400E-01  4.081650500E-01  0.000000000E+00
 0.000000000E+00  4.861456200E-01  8.561175600E-01  8.890206778E-01  8.853822822E-01  1.461992300E+01  8.901770661E-01  8.993470639E-01  8.561175600E-01  4.861456200E-01  0.000000000E+00
 0.000000000E+00  5.710073000E-01  9.388243400E-01  9.716704283E-01  9.681865417E-01  1.702172100E+01  9.731737322E-01  9.824618478E-01  9.388243400E-01  5.710073000E-01  0.000000000E+00
 0.000000000E+00  6.818826800E-10  3.621166500E-01  3.934909078E-01  3.892370322E-01  1.517703500E+00  3.933231700E-01  4.017945300E-01  3.621166500E-01  6.818826100E-10  0.000000000E+00
 0.000000000E+00  3.032167000E-02  3.903469000E-01  4.216690506E-01  4.175897194E-01  2.286795500E+00  4.218738961E-01  4.304532539E-01  3.903469000E-01  3.032167000E-02  0.000000000E+00
 0.000000000E+00  6.492489900E-02  4.228805200E-01  4.541584311E-01  4.502556889E-01  3.174977800E+00  4.547417811E-01  4.634338389E-01  4.228805200E-01  6.492489900E-02  0.000000000E+00
 0.000000000E+00  1.039757000E-01  4.598832400E-01  4.911245594E-01  4.874004506E-01  4.191366800E+00  4.920922928E-01  5.009019572E-01  4.598832400E-01  1.039757000E-01  0.000000000E+00
 0.000000000E+00  1.476477500E-01  5.015284200E-01  5.327406272E-01  5.291970428E-01  5.344690500E+00  5.340986517E-01  5.430307783E-01  5.015284200E-01  1.476477500E-01  0.000000000E+00
 0.000000000E+00  1.961224800E-01  5.479971200E-01  5.791874439E-01  5.758263261E-01  6.643223600E+00  5.809417272E-01  5.900012228E-01  5.479971200E-01  1.961224800E-01  0.000000000E+00
 0.000000000E+00  2.495877000E-01  5.994767500E-01  6.306521794E-01  6.274754706E-01  8.094735100E+00  6.328086672E-01  6.420006428E-01  5.994767500E-01  2.495877000E-01  0.000000000E+00
 0.000000000E+00  3.082381500E-01  6.561615900E-01  6.873289450E-01  6.843384850E-01  9.706441000E+00  6.898936422E-01  6.992231578E-01  6.561615900E-01  3.082381500E-01  0.000000000E+00
 0.000000000E+00  3.722758600E-01  7.182532300E-01  7.494190600E-01  7.466167400E-01  1.148496400E+01  7.523980411E-01  7.618702589E-01  7.182532300E-01  3.722758600E-01  0.000000000E+00
 0.000000000E+00  4.419080400E-01  7.859583700E-01  8.171290350E-01  8.145166950E-01  1.343630500E+01  8.205283828E-01  8.301485672E-01  7.859583700E-01  4.419080400E-01  0.000000000E+00
 0.000000000E+00  5.173469100E-01  8.594887200E-01  8.906703494E-01  8.882498806E-01  1.556581600E+01  8.944962261E-01  9.042697439E-01  8.594887200E-01  5.173469100E-01  0.000000000E+00
 0.000000000E+00  6.411101300E-10  3.386668400E-01  3.681172128E-01  3.647929972E-01  1.489951600E+00  3.699396111E-01  3.786813489E-01  3.386668400E-01  6.411100600E-10  0.000000000E+00
 0.000000000E+00  2.837080400E-02  3.650944200E-01  3.946102467E-01  3.915027933E-01  2.215621500E+00  3.968910739E-01  4.057806761E-01  3.650944200E-01  2.837080400E-02  0.000000000E+00
 0.000000000E+00  6.047156700E-02  3.952719900E-01  4.248576333E-01  4.219694467E-01  3.046738800E+00  4.276041006E-01  4.366467294E-01  3.952719900E-01  6.047156700E-02  0.000000000E+00
 0.000000000E+00  9.642737000E-02  4.293242300E-01  4.589840444E-01  4.563174756E-01  3.990187800E+00  4.622032189E-01  4.714042411E-01  4.293242300E-01  9.642737000E-02  0.000000000E+00
 0.000000000E+00  1.363688600E-01  4.673813500E-01  4.971195694E-01  4.946770206E-01  5.052395300E+00  5.008186083E-01  5.101834417E-01  4.673813500E-01  1.363688600E-01  0.000000000E+00
 0.000000000E+00  1.804320800E-01  5.095789400E-01  5.393998511E-01  5.371834689E-01  6.239287500E+00  5.435857672E-01  5.531199828E-01  5.095789400E-01  1.804320800E-01  0.000000000E+00
 0.000000000E+00  2.287572600E-01  5.560567300E-01  5.859645400E-01  5.839764200E-01  7.556258100E+00  5.906443133E-01  6.003536867E-01  5.560567300E-01  2.287572600E-01  0.000000000E+00
 0.000000000E+00  2.814889700E-01  6.069588100E-01  6.369576361E-01  6.351998739E-01  9.008139300E+00  6.421382350E-01  6.520286950E-01  6.069588100E-01  2.814889700E-01  0.000000000E+00
 0.000000000E+00  3.387762300E-01  6.624336600E-01  6.925276111E-01  6.910021489E-01  1.059917800E+01  6.982159917E-01  7.082935183E-01  6.624336600E-01  3.387762300E-01  0.000000000E+00
 0.000000000E+00  4.007706300E-01  7.226323700E-01  7.528254861E-01  7.515341639E-01  1.233302700E+01  7.590285917E-01  7.692993183E-01  7.226323700E-01  4.007706300E-01  0.000000000E+00
 0.000000000E+00  4.676261000E-01  7.877083500E-01  8.180045817E-01  8.169491883E-01  1.421273400E+01  8.247293128E-01  8.351995772E-01  7.877083500E-01  4.676261000E-01  0.000000000E+00
 0.000000000E+00  6.012066200E-10  3.176637400E-01  3.460257489E-01  3.439843711E-01  1.470970800E+00  3.503727517E-01  3.595679983E-01  3.176637400E-01  6.012068900E-10  0.000000000E+00
 0.000000000E+00  2.647738900E-02  3.422902800E-01  3.708146039E-01  3.690598061E-01  2.154196100E+00  3.757451861E-01  3.851175839E-01  3.422902700E-01  2.647738900E-02  0.000000000E+00
 0.000000000E+00  5.618060700E-02  3.701587000E-01  3.988521283E-01  3.973848817E-01  2.929942600E+00  4.043729956E-01  4.139303644E-01  3.701587000E-01  5.618060700E-02  0.000000000E+00
 0.000000000E+00  8.920080500E-02  4.013601800E-01  4.302290633E-01  4.290502367E-01  3.803154700E+00  4.363469206E-01  4.460970294E-01  4.013601800E-01  8.920080500E-02  0.000000000E+00
 0.000000000E+00  1.256329400E-01  4.359896600E-01  4.650399100E-01  4.641502700E-01  4.778291700E+00  4.717613283E-01  4.817122017E-01  4.359896600E-01  1.256329400E-01  0.000000000E+00
 0.000000000E+00  1.655754500E-01  4.741454900E-01  5.033826194E-01  5.027828306E-01  5.859301700E+00  5.107141183E-01  5.208738317E-01  4.741454900E-01  1.655754500E-01  0.000000000E+00
 0.000000000E+00  2.091292000E-01  5.159284100E-01  5.453574928E-01  5.450481172E-01  7.049609500E+00  5.533055594E-01  5.636822906E-01  5.159284100E-01  2.091292000E-01  0.000000000E+00
 0.000000000E+00  2.563974000E-01  5.614414500E-01  5.910671911E-01  5.910486889E-01  8.352102500E+00  5.996382400E-01  6.102403200E-01  5.614414500E-01  2.563974000E-01  0.000000000E+00
 0.000000000E+00  3.074854600E-01  6.107898300E-01  6.406164950E-01  6.408892750E-01  9.769121900E+00  6.498169389E-01  6.606528011E-01  6.107898200E-01  3.074854600E-01  0.000000000E+00
 0.000000000E+00  3.624995100E-01  6.640794200E-01  6.941109356E-01  6.946753044E-01  1.130246900E+01  7.039471450E-01  7.150253250E-01  6.640794100E-01  3.624995100E-01  0.000000000E+00
 0.000000000E+00  4.215460300E-01  7.214164300E-01  7.516562517E-01  7.525126183E-01  1.295340500E+01  7.621346872E-01  7.734638228E-01  7.214164300E-01  4.215460300E-01  0.000000000E+00
 0.000000000E+00  5.621353700E-10  2.966598800E-01  3.255174572E-01  3.258967528E-01  1.453325600E+00  3.338007522E-01  3.430161878E-01  2.966598800E-01  5.621339600E-10  0.000000000E+00
 0.000000000E+00  2.463946200E-02  3.194937000E-01  3.487373911E-01  3.494493689E-01  2.095502200E+00  3.577282233E-01  3.671836767E-01  3.194937000E-01  2.463946200E-02  0.000000000E+00
 0.000000000E+00  5.204655100E-02  3.451188500E-01  3.747416444E-01  3.757863556E-01  2.817982100E+00  3.844463539E-01  3.941519961E-01  3.451188500E-01  5.204655100E-02  0.000000000E+00
 0.000000000E+00  8.228443000E-02  3.735977300E-01  4.035930706E-01  4.049702594E-01  3.624038700E+00  4.140177922E-01  4.239839478E-01  3.735977300E-01  8.228443000E-02  0.000000000E+00
 0.000000000E+00  1.154186300E-01  4.049951300E-01  4.353567400E-01  4.370661000E-01  4.516467000E+00  4.465075061E-01  4.567447039E-01  4.049951300E-01  1.154186300E-01  0.000000000E+00
 0.000000000E+00  1.515166500E-01  4.393778200E-01  4.700997661E-01  4.721406839E-01  5.497573400E+00  4.819823939E-01  4.925013161E-01  4.393778200E-01  1.515166500E-01  0.000000000E+00
 0.000000000E+00  1.906470300E-01  4.768136200E-01  5.078901906E-01  5.102618994E-01  6.569179000E+00  5.205103733E-01  5.313219067E-01  4.768136100E-01  1.906470300E-01  0.000000000E+00
 0.000000000E+00  2.328791900E-01  5.173712100E-01  5.487968439E-01  5.514985261E-01  7.732618300E+00  5.621602128E-01  5.732753972E-01  5.173712100E-01  2.328791900E-01  0.000000000E+00
 0.000000000E+00  2.782830600E-01  5.611198600E-01  5.928890872E-01  5.959198228E-01  8.988741600E+00  6.070013228E-01  6.184311472E-01  5.611198500E-01  2.782830600E-01  0.000000000E+00
 0.000000000E+00  3.269280000E-01  6.081282200E-01  6.402356917E-01  6.435944583E-01  1.033793200E+01  6.551023200E-01  6.668580800E-01  6.081282100E-01  3.269280000E-01  0.000000000E+00
 0.000000000E+00  3.788823800E-01  6.584639700E-01  6.909043878E-01  6.945901122E-01  1.178011800E+01  7.065310150E-01  7.186239550E-01  6.584639700E-01  3.788823800E-01  0.000000000E+00
 0.000000000E+00  5.240550900E-10  2.749190600E-01  3.095542017E-01  3.132644083E-01  1.437957700E+00  3.233135150E-01  3.320732950E-01  2.749190500E-01  5.240556400E-10  0.000000000E+00
 0.000000000E+00  2.286222100E-02  2.962137000E-01  3.312327789E-01  3.352854811E-01  2.040840100E+00  3.457922261E-01  3.549263439E-01  2.962137000E-01  2.286222100E-02  0.000000000E+00
 0.000000000E+00  4.807647400E-02  3.198782300E-01  3.552711861E-01  3.596645439E-01  2.712370600E+00  3.706360667E-01  3.801583733E-01  3.198782200E-01  4.807647400E-02  0.000000000E+00
 0.000000000E+00  7.568313500E-02  3.459526500E-01  3.817092128E-01  3.864414372E-01  3.454425000E+00  3.978850106E-01  4.078089994E-01  3.459526500E-01  7.568313500E-02  0.000000000E+00
 0.000000000E+00  1.057238000E-01  3.744781500E-01  4.105879494E-01  4.156572006E-01  4.268435000E+00  4.275800978E-01  4.379192622E-01  3.744781500E-01  1.057238000E-01  0.000000000E+00
 0.000000000E+00  1.382408600E-01  4.054966400E-01  4.419491028E-01  4.473538472E-01  5.155391000E+00  4.597632500E-01  4.705309300E-01  4.054966300E-01  1.382408600E-01  0.000000000E+00
 0.000000000E+00  1.732767300E-01  4.390500100E-01  4.758346239E-01  4.815732261E-01  6.115856600E+00  4.944765306E-01  5.056857594E-01  4.390500100E-01  1.732767300E-01  0.000000000E+00
 0.000000000E+00  2.108736000E-01  4.751799100E-01  5.122861311E-01  5.183571089E-01  7.149977100E+00  5.317616294E-01  5.434254406E-01  4.751799000E-01  2.108736000E-01  0.000000000E+00
 0.000000000E+00  2.510730800E-01  5.139273300E-01  5.513447039E-01  5.577466261E-01  8.257489400E+00  5.716597583E-01  5.837910317E-01  5.139273200E-01  2.510730800E-01  0.000000000E+00
 0.000000000E+00  2.939153000E-01  5.553318100E-01  5.930500122E-01  5.997814478E-01  9.437747600E+00  6.142106483E-01  6.268221617E-01  5.553318000E-01  2.939153000E-01  0.000000000E+00
 0.000000000E+00  3.394385800E-01  5.994310500E-01  6.374398550E-01  6.444994750E-01  1.068974000E+01  6.594522300E-01  6.725567100E-01  5.994310400E-01  3.394385800E-01  0.000000000E+00
 0.000000000E+00  4.869524300E-10  2.566141200E-01  2.993903739E-01  3.058272561E-01  1.433008200E+00  3.184758144E-01  3.282697256E-01  2.566141200E-01  4.869529600E-10  0.000000000E+00
 0.000000000E+00  2.114397200E-02  2.764944900E-01  3.193443000E-01  3.261357400E-01  1.997150000E+00  3.393409989E-01  3.496901811E-01  2.764944900E-01  2.114397200E-02  0.000000000E+00
 0.000000000E+00  4.426435800E-02  2.983535800E-01  3.412755900E-01  3.484221500E-01  2.618901000E+00  3.621926161E-01  3.731087739E-01  2.983535800E-01  4.426435800E-02  0.000000000E+00
 0.000000000E+00  6.938329300E-02  3.222134400E-01  3.652063450E-01  3.727084850E-01  3.299006400E+00  3.870526872E-01  3.985474228E-01  3.222134400E-01  6.938329300E-02  0.000000000E+00
 0.000000000E+00  9.652322600E-02  3.480964200E-01  3.911589761E-01  3.990170539E-01  4.037820700E+00  4.139434722E-01  4.260283878E-01  3.480964200E-01  9.652322600E-02  0.000000000E+00
 0.000000000E+00  1.257065100E-01  3.760247700E-01  4.191558461E-01  4.273699639E-01  4.835320000E+00  4.428870289E-01  4.555739311E-01  3.760247700E-01  1.257065100E-01  0.000000000E+00
 0.000000000E+00  1.569548400E-01  4.060200600E-01  4.492185567E-01  4.577886633E-01  5.691124200E+00  4.739049294E-01  4.872054206E-01  4.060200600E-01  1.569548400E-01  0.000000000E+00
 0.000000000E+00  1.902889400E-01  4.381028800E-01  4.813677494E-01  4.902936406E-01  6.604511900E+00  5.070176328E-01  5.209434172E-01  4.381028800E-01  1.902889400E-01  0.000000000E+00
 0.000000000E+00  2.257281900E-01  4.722924900E-01  5.156226350E-01  5.249040550E-01  7.574436700E+00  5.422442072E-01  5.568071428E-01  4.722924900E-01  2.257281900E-01  0.000000000E+00
 0.000000000E+00  2.632900800E-01  5.086062200E-01  5.520006161E-01  5.616370539E-01  8.599555700E+00  5.796019744E-01  5.948137656E-01  5.086062200E-01  2.632900800E-01  0.000000000E+00
 0.000000000E+00  3.029898300E-01  5.470591600E-01  5.905167128E-01  6.005076572E-01  9.678249700E+00  6.191058733E-01  6.349783267E-01  5.470591600E-01  3.029898300E-01  0.000000000E+00
 0.000000000E+00  4.507404800E-10  2.456415700E-01  2.893650756E-01  2.983971244E-01  1.438292300E+00  3.141557433E-01  3.266757167E-01  2.456415700E-01  4.507401000E-10  0.000000000E+00
 0.000000000E+00  1.948052400E-02  2.637458300E-01  3.075615733E-01  3.170197867E-01  1.963579800E+00  3.334680167E-01  3.466887233E-01  2.637458400E-01  1.948052400E-02  0.000000000E+00
 0.000000000E+00  4.060010300E-02  2.834913000E-01  3.273983117E-01  3.372817183E-01  2.536142200E+00  3.544291033E-01  3.683640367E-01  2.834913100E-01  4.060010300E-02  0.000000000E+00
 0.000000000E+00  6.336644300E-02  3.048858800E-01  3.488829422E-01  3.591904178E-01  3.155839600E+00  3.770463533E-01  3.917090067E-01  3.048858900E-01  6.336644300E-02  0.000000000E+00
 0.000000000E+00  8.778690500E-02  3.279370900E-01  3.720227978E-01  3.827529622E-01  3.822208100E+00  4.013267872E-01  4.167306028E-01  3.279370900E-01  8.778690500E-02  0.000000000E+00
 0.000000000E+00  1.138681400E-01  3.526517000E-01  3.968245011E-01  4.079757189E-01  4.534478000E+00  4.272767356E-01  4.434351044E-01  3.526517000E-01  1.138681400E-01  0.000000000E+00
 0.000000000E+00  1.416157000E-01  3.790353600E-01  4.232934833E-01  4.348640167E-01  5.291600800E+00  4.549013578E-01  4.718277222E-01  3.790353600E-01  1.416157000E-01  0.000000000E+00
 0.000000000E+00  1.710337500E-01  4.070922700E-01  4.514338172E-01  4.634216728E-01  6.092267800E+00  4.842045250E-01  5.019122250E-01  4.070922800E-01  1.710337500E-01  0.000000000E+00
 0.000000000E+00  2.021247000E-01  4.368249200E-01  4.812478450E-01  4.936508250E-01  6.934928500E+00  5.151883072E-01  5.336906828E-01  4.368249300E-01  2.021247000E-01  0.000000000E+00
 0.000000000E+00  2.348889400E-01  4.682336800E-01  5.127357167E-01  5.255516233E-01  7.817821200E+00  5.478527139E-01  5.671631561E-01  4.682336800E-01  2.348889400E-01  0.000000000E+00
 0.000000000E+00  2.693244800E-01  5.013165500E-01  5.458954161E-01  5.591216939E-01  8.738992600E+00  5.821954761E-01  6.023272739E-01  5.013165500E-01  2.693244800E-01  0.000000000E+00
 0.000000000E+00  4.154703000E-10  2.326791300E-01  2.786813567E-01  2.912332233E-01  1.449717300E+00  3.111065978E-01  3.270761622E-01  2.326791300E-01  4.154697000E-10  0.000000000E+00
 0.000000000E+00  1.787317600E-02  2.490528200E-01  2.951485594E-01  3.082034106E-01  1.936071400E+00  3.289260711E-01  3.457794489E-01  2.490528200E-01  1.787317600E-02  0.000000000E+00
 0.000000000E+00  3.708424900E-02  2.667715700E-01  3.129566067E-01  3.265103533E-01  2.460127800E+00  3.480921289E-01  3.658454711E-01  2.667715700E-01  3.708424900E-02  0.000000000E+00
 0.000000000E+00  5.762962000E-02  2.858318600E-01  3.321018517E-01  3.461500983E-01  3.021081000E+00  3.686006928E-01  3.872699972E-01  2.858318600E-01  5.762962000E-02  0.000000000E+00
 0.000000000E+00  7.950491700E-02  3.062293400E-01  3.525797556E-01  3.671180044E-01  3.617875700E+00  3.904469756E-01  4.100479844E-01  3.062293400E-01  7.950491700E-02  0.000000000E+00
 0.000000000E+00  1.027047200E-01  3.279585800E-01  3.743847606E-01  3.894083094E-01  4.249229300E+00  4.136251089E-01  4.341734111E-01  3.279585800E-01  1.027047200E-01  0.000000000E+00
 0.000000000E+00  1.272222900E-01  3.510128000E-01  3.975099989E-01  4.130139411E-01  4.913659300E+00  4.381278533E-01  4.596389867E-01  3.510128000E-01  1.272222900E-01  0.000000000E+00
 0.000000000E+00  1.530493800E-01  3.753836500E-01  4.219470017E-01  4.379263283E-01  5.609503600E+00  4.639466022E-01  4.864357978E-01  3.753836500E-01  1.530493800E-01  0.000000000E+00
 0.000000000E+00  1.801759000E-01  4.010609600E-01  4.476855922E-01  4.641349878E-01  6.334939500E+00  4.910707861E-01  5.145532239E-01  4.010609600E-01  1.801759000E-01  0.000000000E+00
 0.000000000E+00  2.085897900E-01  4.280325500E-01  4.747134811E-01  4.916275789E-01  7.088012300E+00  5.194879772E-01  5.439786328E-01  4.280325500E-01  2.085897900E-01  0.000000000E+00
 0.000000000E+00  2.382768600E-01  4.562840500E-01  5.030163211E-01  5.203894989E-01  7.866653700E+00  5.491835161E-01  5.746973139E-01  4.562840500E-01  2.382768600E-01  0.000000000E+00
 0.000000000E+00  3.813306200E-10  2.174270500E-01  2.669558972E-01  2.841831528E-01  1.467556400E+00  3.093766517E-01  3.298096983E-01  2.174270500E-01  3.813308800E-10  0.000000000E+00
 0.000000000E+00  1.632795600E-02  2.322268800E-01  2.817621106E-01  2.995419794E-01  1.915418300E+00  3.257734206E-01  3.473464494E-01  2.322268800E-01  1.632795600E-02  0.000000000E+00
 0.000000000E+00  3.372501000E-02  2.481049400E-01  2.976390439E-01  3.159650861E-01  2.392022100E+00  3.432442578E-01  3.659739822E-01  2.481049400E-01  3.372501000E-02  0.000000000E+00
 0.000000000E+00  5.217903000E-02  2.650490400E-01  3.145748211E-01  3.334402389E-01  2.896123800E+00  3.617767472E-01  3.856795228E-01  2.650490400E-01  5.217903000E-02  0.000000000E+00
 0.000000000E+00  7.167691200E-02  2.830459900E-01  3.325564439E-01  3.519542861E-01  3.426305200E+00  3.813575028E-01  4.064493272E-01  2.830459900E-01  7.167691200E-02  0.000000000E+00
 0.000000000E+00  9.220437200E-02  3.020814100E-01  3.515698261E-01  3.714927839E-01  3.980996300E+00  4.019718461E-01  4.282685639E-01  3.020814100E-01  9.220437200E-02  0.000000000E+00
 0.000000000E+00  1.137458400E-01  3.221395900E-01  3.715994700E-01  3.920400300E-01  4.558502500E+00  4.236039417E-01  4.511209883E-01  3.221395900E-01  1.137458400E-01  0.000000000E+00
 0.000000000E+00  1.362842800E-01  3.432033100E-01  3.926284083E-01  4.135788017E-01  5.157023000E+00  4.462363206E-01  4.749890294E-01  3.432033100E-01  1.362842800E-01  0.000000000E+00
 0.000000000E+00  1.598009800E-01  3.652536900E-01  4.146380244E-01  4.360901756E-01  5.774668800E+00  4.698499867E-01  4.998533333E-01  3.652536900E-01  1.598009800E-01  0.000000000E+00
 0.000000000E+00  1.842755500E-01  3.882701300E-01  4.376078794E-01  4.595536106E-01  6.409487400E+00  4.944242028E-01  5.256929072E-01  3.882701300E-01  1.842755500E-01  0.000000000E+00
 0.000000000E+00  2.096857900E-01  4.122302100E-01  4.615158067E-01  4.839466333E-01  7.059478700E+00  5.199364011E-01  5.524849789E-01  4.122302100E-01  2.096857900E-01  0.000000000E+00
 0.000000000E+00  3.482689000E-10  2.017174000E-01  2.539256722E-01  2.766255478E-01  1.499430900E+00  3.087215272E-01  3.355885428E-01  2.017174000E-01  3.482694700E-10  0.000000000E+00
 0.000000000E+00  1.484145000E-02  2.150273700E-01  2.670735711E-01  2.903862689E-01  1.907791200E+00  3.237406461E-01  3.520438839E-01  2.150273700E-01  1.484145000E-02  0.000000000E+00
 0.000000000E+00  3.051288000E-02  2.291765500E-01  2.810582783E-01  3.049729117E-01  2.336729400E+00  3.395946806E-01  3.693511094E-01  2.291765500E-01  3.051288000E-02  0.000000000E+00
 0.000000000E+00  4.699603700E-02  2.441466500E-01  2.958615078E-01  3.203668322E-01  2.784757000E+00  3.562645850E-01  3.874907650E-01  2.441466500E-01  4.699603700E-02  0.000000000E+00
 0.000000000E+00  6.427169500E-02  2.599183900E-01  3.114639528E-01  3.365484172E-01  3.250283700E+00  3.737304250E-01  4.064424050E-01  2.599183900E-01  6.427169500E-02  0.000000000E+00
 0.000000000E+00  8.231952700E-02  2.764713600E-01  3.278452467E-01  3.534969933E-01  3.731638100E+00  3.919711956E-01  4.261845644E-01  2.764713600E-01  8.231952700E-02  0.000000000E+00
 0.000000000E+00  1.011181200E-01  2.937840400E-01  3.449838722E-01  3.711907878E-01  4.227090900E+00  4.109647706E-01  4.466947594E-01  2.937840400E-01  1.011181200E-01  0.000000000E+00
 0.000000000E+00  1.206448200E-01  3.118336500E-01  3.628571022E-01  3.896068178E-01  4.734871400E+00  4.306879561E-01  4.679492339E-01  3.118336500E-01  1.206448200E-01  0.000000000E+00
 0.000000000E+00  1.408756500E-01  3.305960600E-01  3.814408900E-01  4.087207300E-01  5.253182000E+00  4.511161361E-01  4.899230139E-01  3.305960600E-01  1.408756500E-01  0.000000000E+00
 0.000000000E+00  1.617853600E-01  3.500458500E-01  4.007099189E-01  4.285069011E-01  5.780217600E+00  4.722234239E-01  5.125899061E-01  3.500458500E-01  1.617853600E-01  0.000000000E+00
 0.000000000E+00  1.833473600E-01  3.701562500E-01  4.206374400E-01  4.489384800E-01  6.314178600E+00  4.939827244E-01  5.359223556E-01  3.701562500E-01  1.833473600E-01  0.000000000E+00
 0.000000000E+00  3.162217700E-10  1.857908500E-01  2.385854939E-01  2.682358161E-01  1.542806900E+00  3.092941761E-01  3.447209739E-01  1.857908600E-01  3.162217100E-10  0.000000000E+00
 0.000000000E+00  1.340968000E-02  1.976643500E-01  2.501523356E-01  2.804639844E-01  1.910561500E+00  3.230293211E-01  3.602671389E-01  1.976643500E-01  1.340968000E-02  0.000000000E+00
 0.000000000E+00  2.743707600E-02  2.101664500E-01  2.623487556E-01  2.933034844E-01  2.291549400E+00  3.373828361E-01  3.764473139E-01  2.101664500E-01  2.743707600E-02  0.000000000E+00
 0.000000000E+00  4.205999800E-02  2.232748200E-01  2.751525567E-01  3.067318633E-01  2.684216800E+00  3.523316278E-01  3.932377922E-01  2.232748200E-01  4.205999800E-02  0.000000000E+00
 0.000000000E+00  5.725545700E-02  2.369662900E-01  2.885407117E-01  3.207258383E-01  3.086971700E+00  3.678519761E-01  4.106139339E-01  2.369662900E-01  5.725545700E-02  0.000000000E+00
 0.000000000E+00  7.299961800E-02  2.512168300E-01  3.024893639E-01  3.352612461E-01  3.498200700E+00  3.839192594E-01  4.285503506E-01  2.512168300E-01  7.299961800E-02  0.000000000E+00
 0.000000000E+00  8.926787400E-02  2.660016300E-01  3.169738367E-01  3.503131033E-01  3.916288100E+00  4.005080750E-01  4.470209750E-01  2.660016300E-01  8.926787400E-02  0.000000000E+00
 0.000000000E+00  1.060347800E-01  2.812950000E-01  3.319685317E-01  3.658556583E-01  4.339628500E+00  4.175922811E-01  4.659988989E-01  2.812950100E-01  1.060347800E-01  0.000000000E+00
 0.000000000E+00  1.232739700E-01  2.970703500E-01  3.474468900E-01  3.818622500E-01  4.766637000E+00  4.351447344E-01  4.854563656E-01  2.970703600E-01  1.232739700E-01  0.000000000E+00
 0.000000000E+00  1.409583200E-01  3.133003100E-01  3.633817056E-01  3.983053144E-01  5.195764200E+00  4.531376428E-01  5.053648672E-01  3.133003100E-01  1.409583200E-01  0.000000000E+00
 0.000000000E+00  1.590599000E-01  3.299566800E-01  3.797448906E-01  4.151565594E-01  5.625503700E+00  4.715423317E-01  5.256952183E-01  3.299566900E-01  1.590599000E-01  0.000000000E+00
 0.000000000E+00  2.850842600E-10  1.697797700E-01  2.207449344E-01  2.594020056E-01  1.597131900E+00  3.119876233E-01  3.593820367E-01  1.697797700E-01  2.850841700E-10  0.000000000E+00
 0.000000000E+00  1.202684800E-02  1.802906800E-01  2.308750333E-01  2.701743667E-01  1.922911700E+00  3.245451278E-01  3.742087722E-01  1.802906800E-01  1.202684800E-02  0.000000000E+00
 0.000000000E+00  2.448294600E-02  1.912387800E-01  2.414450383E-01  2.813612317E-01  2.255451200E+00  3.375187089E-01  3.894610911E-01  1.912387800E-01  2.448294600E-02  0.000000000E+00
 0.000000000E+00  3.734428900E-02  2.026003700E-01  2.524314867E-01  2.929384733E-01  2.593281900E+00  3.508838478E-01  4.051134522E-01  2.026003700E-01  3.734428900E-02  0.000000000E+00
 0.000000000E+00  5.058638900E-02  2.143512000E-01  2.638102017E-01  3.048816083E-01  2.934950700E+00  3.646155044E-01  4.211398956E-01  2.143512000E-01  5.058638900E-02  0.000000000E+00
 0.000000000E+00  6.418427900E-02  2.264665000E-01  2.755565883E-01  3.171655817E-01  3.279032100E+00  3.786881983E-01  4.375140717E-01  2.264665000E-01  6.418427900E-02  0.000000000E+00
 0.000000000E+00  7.811263400E-02  2.389210800E-01  2.876456411E-01  3.297649789E-01  3.624140900E+00  3.930761806E-01  4.542092094E-01  2.389210800E-01  7.811263400E-02  0.000000000E+00
 0.000000000E+00  9.234573500E-02  2.516893000E-01  3.000517711E-01  3.426541089E-01  3.968940200E+00  4.077532806E-01  4.711982694E-01  2.516892900E-01  9.234573500E-02  0.000000000E+00
 0.000000000E+00  1.068574300E-01  2.647450600E-01  3.127490928E-01  3.558066772E-01  4.312147300E+00  4.226928461E-01  4.884538839E-01  2.647450600E-01  1.068574300E-01  0.000000000E+00
 0.000000000E+00  1.216213300E-01  2.780619800E-01  3.257113383E-01  3.691962117E-01  4.652542500E+00  4.378681383E-01  5.059482917E-01  2.780619800E-01  1.216213300E-01  0.000000000E+00
 0.000000000E+00  1.366107500E-01  2.916133600E-01  3.389118783E-01  3.827960317E-01  4.988972700E+00  4.532520250E-01  5.236536450E-01  2.916133600E-01  1.366107500E-01  0.000000000E+00
 0.000000000E+00  2.545095200E-10  1.534392400E-01  2.015942956E-01  2.515175844E-01  1.665039200E+00  3.185461511E-01  3.828025289E-01  1.534392300E-01  2.545098500E-10  0.000000000E+00
 0.000000000E+00  1.067743200E-02  1.625923900E-01  2.102273239E-01  2.606963261E-01  1.946463700E+00  3.297847794E-01  3.968371906E-01  1.625923900E-01  1.067743200E-02  0.000000000E+00
 0.000000000E+00  2.161735500E-02  1.720212800E-01  2.191452933E-01  2.701231067E-01  2.229153100E+00  3.412692933E-01  4.111153867E-01  1.720212800E-01  2.161735500E-02  0.000000000E+00
 0.000000000E+00  3.279615700E-02  1.817020400E-01  2.283247583E-01  2.797740717E-01  2.511859700E+00  3.529749967E-01  4.256111433E-01  1.817020400E-01  3.279615700E-02  0.000000000E+00
 0.000000000E+00  4.419012400E-02  1.916107100E-01  2.377420922E-01  2.896252878E-01  2.793387800E+00  3.648771533E-01  4.402984467E-01  1.916107000E-01  4.419012400E-02  0.000000000E+00
 0.000000000E+00  5.577546900E-02  2.017232100E-01  2.473735178E-01  2.996527222E-01  3.072601000E+00  3.769510067E-01  4.551513133E-01  2.017232100E-01  5.577546900E-02  0.000000000E+00
 0.000000000E+00  6.752846500E-02  2.120155600E-01  2.571952567E-01  3.098324433E-01  3.348429200E+00  3.891718478E-01  4.701440122E-01  2.120155600E-01  6.752846500E-02  0.000000000E+00
 0.000000000E+00  7.942543500E-02  2.224638000E-01  2.671835606E-01  3.201405494E-01  3.619872700E+00  4.015151289E-01  4.852508711E-01  2.224637900E-01  7.942543500E-02  0.000000000E+00
 0.000000000E+00  9.144273300E-02  2.330439800E-01  2.773146811E-01  3.305531389E-01  3.886003500E+00  4.139563717E-01  5.004463383E-01  2.330439800E-01  9.144273300E-02  0.000000000E+00
 0.000000000E+00  1.035569100E-01  2.437323800E-01  2.875649578E-01  3.410466022E-01  4.145969400E+00  4.264712861E-01  5.157052039E-01  2.437323800E-01  1.035569100E-01  0.000000000E+00
 0.000000000E+00  1.157447000E-01  2.545054600E-01  2.979109511E-01  3.515974489E-01  4.398993800E+00  4.390358633E-01  5.310024367E-01  2.545054600E-01  1.157447000E-01  0.000000000E+00
 0.000000000E+00  2.238254800E-10  1.373420900E-01  1.786207028E-01  2.427840072E-01  1.742039500E+00  3.277680450E-01  4.158658650E-01  1.373420900E-01  2.238254400E-10  0.000000000E+00
 0.000000000E+00  9.333678800E-03  1.451888100E-01  1.859478783E-01  2.504207117E-01  1.975993800E+00  3.377837317E-01  4.291828183E-01  1.451888100E-01  9.333678800E-03  0.000000000E+00
 0.000000000E+00  1.878497400E-02  1.531627300E-01  1.934222767E-01  2.581464233E-01  2.206820700E+00  3.478759694E-01  4.425596606E-01  1.531627300E-01  1.878497400E-02  0.000000000E+00
 0.000000000E+00  2.833291500E-02  1.612432100E-01  2.010226272E-01  2.659408428E-01  2.433595600E+00  3.580233078E-01  4.559731522E-01  1.612432100E-01  2.833291500E-02  0.000000000E+00
 0.000000000E+00  3.795678500E-02  1.694098100E-01  2.087280733E-01  2.737837267E-01  2.655467000E+00  3.682046567E-01  4.694003633E-01  1.694098100E-01  3.795678500E-02  0.000000000E+00
 0.000000000E+00  4.763616000E-02  1.776423300E-01  2.165178444E-01  2.816552756E-01  2.871658300E+00  3.783992339E-01  4.828188761E-01  1.776423300E-01  4.763616000E-02  0.000000000E+00
 0.000000000E+00  5.735102200E-02  1.859209100E-01  2.243716422E-01  2.895359578E-01  3.081469300E+00  3.885867572E-01  4.962067728E-01  1.859209100E-01  5.735102200E-02  0.000000000E+00
 0.000000000E+00  6.708175400E-02  1.942260500E-01  2.322694967E-01  2.974067233E-01  3.284275900E+00  3.987473939E-01  5.095426361E-01  1.942260500E-01  6.708175400E-02  0.000000000E+00
 0.000000000E+00  7.680912800E-02  2.025385800E-01  2.401918594E-01  3.052487906E-01  3.479528200E+00  4.088616072E-01  5.228057028E-01  2.025385800E-01  7.680912800E-02  0.000000000E+00
 0.000000000E+00  8.651443400E-02  2.108398200E-01  2.481196206E-01  3.130439694E-01  3.666749500E+00  4.189106144E-01  5.359756056E-01  2.108398200E-01  8.651443400E-02  0.000000000E+00
 0.000000000E+00  9.617947300E-02  2.191115800E-01  2.560342211E-01  3.207745189E-01  3.845533900E+00  4.288759778E-01  5.490327822E-01  2.191115800E-01  9.617947300E-02  0.000000000E+00
 0.000000000E+00  1.921390400E-10  1.209362000E-01  1.544244761E-01  2.357482339E-01  1.811669300E+00  3.435300467E-01  4.640025133E-01  1.209362000E-01  1.921386700E-10  0.000000000E+00
 0.000000000E+00  7.961146400E-03  1.274086800E-01  1.604820267E-01  2.414634933E-01  1.993756000E+00  3.518980078E-01  4.762122922E-01  1.274086800E-01  7.961146400E-03  0.000000000E+00
 0.000000000E+00  1.592173000E-02  1.338952000E-01  1.665760167E-01  2.471480833E-01  2.169865100E+00  3.602102800E-01  4.883175200E-01  1.338952000E-01  1.592173000E-02  0.000000000E+00
 0.000000000E+00  2.386520000E-02  1.403792000E-01  1.726895906E-01  2.527865794E-01  2.339436500E+00  3.684501628E-01  5.002997072E-01  1.403792000E-01  2.386520000E-02  0.000000000E+00
 0.000000000E+00  3.177551800E-02  1.468446000E-01  1.788064239E-01  2.583639861E-01  2.501983300E+00  3.766015450E-01  5.121410050E-01  1.468446100E-01  3.177551800E-02  0.000000000E+00
 0.000000000E+00  3.963718400E-02  1.532758400E-01  1.849105700E-01  2.638658900E-01  2.657090700E+00  3.846488528E-01  5.238243572E-01  1.532758400E-01  3.963718400E-02  0.000000000E+00
 0.000000000E+00  4.743532600E-02  1.596579300E-01  1.909866928E-01  2.692784372E-01  2.804414100E+00  3.925772111E-01  5.353335089E-01  1.596579300E-01  4.743532600E-02  0.000000000E+00
 0.000000000E+00  5.515568100E-02  1.659764800E-01  1.970200156E-01  2.745883844E-01  2.943676000E+00  4.003723839E-01  5.466529461E-01  1.659764800E-01  5.515568100E-02  0.000000000E+00
 0.000000000E+00  6.278458900E-02  1.722176900E-01  2.029963833E-01  2.797829567E-01  3.074662400E+00  4.080208244E-01  5.577678956E-01  1.722176900E-01  6.278458900E-02  0.000000000E+00
 0.000000000E+00  7.030906800E-02  1.783684200E-01  2.089021989E-01  2.848501411E-01  3.197219700E+00  4.155096139E-01  5.686644161E-01  1.783684200E-01  7.030906800E-02  0.000000000E+00
 0.000000000E+00  7.771680400E-02  1.844161500E-01  2.147245761E-01  2.897785339E-01  3.311250200E+00  4.228266239E-01  5.793293061E-01  1.844161500E-01  7.771680400E-02  0.000000000E+00
 0.000000000E+00  1.593498500E-10  1.040163300E-01  1.277466394E-01  2.255022106E-01  1.831280600E+00  3.612987539E-01  5.269922361E-01  1.040163300E-01  1.593500600E-10  0.000000000E+00
 0.000000000E+00  6.557629300E-03  1.091378800E-01  1.327111206E-01  2.290359894E-01  1.961120500E+00  3.677497083E-01  5.375395417E-01  1.091378800E-01  6.557629300E-03  0.000000000E+00
 0.000000000E+00  1.302663100E-02  1.141876400E-01  1.376296633E-01  2.324565167E-01  2.083580500E+00  3.740399528E-01  5.478378172E-01  1.141876500E-01  1.302663100E-02  0.000000000E+00
 0.000000000E+00  1.939598400E-02  1.191545800E-01  1.424907450E-01  2.357543650E-01  2.198435900E+00  3.801589933E-01  5.578750867E-01  1.191545900E-01  1.939598400E-02  0.000000000E+00
 0.000000000E+00  2.565531700E-02  1.240282600E-01  1.472831772E-01  2.389209528E-01  2.305528000E+00  3.860971261E-01  5.676401639E-01  1.240282600E-01  2.565531700E-02  0.000000000E+00
 0.000000000E+00  3.179491600E-02  1.287988600E-01  1.519965961E-01  2.419481139E-01  2.404759700E+00  3.918452222E-01  5.771228978E-01  1.287988600E-01  3.179491600E-02  0.000000000E+00
 0.000000000E+00  3.780576100E-02  1.334572100E-01  1.566211450E-01  2.448284450E-01  2.496090000E+00  3.973949622E-01  5.863139978E-01  1.334572100E-01  3.780576100E-02  0.000000000E+00
 0.000000000E+00  4.367951100E-02  1.379948100E-01  1.611476583E-01  2.475551317E-01  2.579530100E+00  4.027387861E-01  5.952049839E-01  1.379948100E-01  4.367951100E-02  0.000000000E+00
 0.000000000E+00  4.940847300E-02  1.424037500E-01  1.655674989E-01  2.501220411E-01  2.655138100E+00  4.078697306E-01  6.037882794E-01  1.424037500E-01  4.940847300E-02  0.000000000E+00
 0.000000000E+00  5.498564100E-02  1.466768100E-01  1.698727406E-01  2.525236494E-01  2.723013700E+00  4.127816228E-01  6.120570472E-01  1.466768100E-01  5.498564100E-02  0.000000000E+00
 0.000000000E+00  6.040466800E-02  1.508074100E-01  1.740561489E-01  2.547549711E-01  2.783294000E+00  4.174688667E-01  6.200053333E-01  1.508074100E-01  6.040466800E-02  0.000000000E+00
 0.000000000E+00  1.257955000E-10  8.680959800E-02  9.994739278E-02  2.096056172E-01  1.793298000E+00  3.806220100E-01  6.053347700E-01  8.680959700E-02  1.257794900E-10  0.000000000E+00
 0.000000000E+00  5.138568800E-03  9.063470000E-02  1.041340372E-01  2.105700128E-01  1.871181100E+00  3.846628272E-01  6.132508828E-01  9.063470000E-02  5.138568800E-03  0.000000000E+00
 0.000000000E+00  1.013367800E-02  9.433389300E-02  1.082232111E-01  2.113827089E-01  1.941651800E+00  3.884740606E-01  6.207988494E-01  9.433389200E-02  1.013367800E-02  0.000000000E+00
 0.000000000E+00  1.498034400E-02  9.790194900E-02  1.122081989E-01  2.120421011E-01  2.004835500E+00  3.920527917E-01  6.279746783E-01  9.790194800E-02  1.498034400E-02  0.000000000E+00
 0.000000000E+00  1.967418100E-02  1.013342400E-01  1.160826822E-01  2.125472378E-01  2.060887000E+00  3.953968567E-01  6.347756433E-01  1.013342300E-01  1.967418100E-02  0.000000000E+00
 0.000000000E+00  2.421139000E-02  1.046267100E-01  1.198407606E-01  2.128977894E-01  2.109985700E+00  3.985048683E-01  6.412001017E-01  1.046267100E-01  2.421139000E-02  0.000000000E+00
 0.000000000E+00  2.858876300E-02  1.077759100E-01  1.234770122E-01  2.130940078E-01  2.152327600E+00  4.013760444E-01  6.472474756E-01  1.077759100E-01  2.858876300E-02  0.000000000E+00
 0.000000000E+00  3.280365500E-02  1.107789300E-01  1.269865878E-01  2.131365122E-01  2.188133200E+00  4.040103422E-01  6.529179778E-01  1.107789300E-01  3.280365500E-02  0.000000000E+00
 0.000000000E+00  3.685395900E-02  1.136334200E-01  1.303651178E-01  2.130264022E-01  2.217640400E+00  4.064081250E-01  6.582125850E-01  1.136334200E-01  3.685395900E-02  0.000000000E+00
 0.000000000E+00  4.073809700E-02  1.163375100E-01  1.336088667E-01  2.127650533E-01  2.241103700E+00  4.085701822E-01  6.631330578E-01  1.163375100E-01  4.073809700E-02  0.000000000E+00
 0.000000000E+00  4.445499100E-02  1.188898700E-01  1.367146311E-01  2.123541689E-01  2.258782200E+00  4.104978550E-01  6.676815550E-01  1.188898700E-01  4.445499100E-02  0.000000000E+00
 0.000000000E+00  9.184650500E-11  7.104695200E-02  7.998104611E-02  1.735996839E-01  1.647840200E+00  3.923068439E-01  6.887314061E-01  7.104695200E-02  9.187519600E-11  0.000000000E+00
 0.000000000E+00  3.722527300E-03  7.359992500E-02  8.366478667E-02  1.719041333E-01  1.679684200E+00  3.934028489E-01  6.925749911E-01  7.359992500E-02  3.722527300E-03  0.000000000E+00
 0.000000000E+00  7.283179000E-03  7.600525000E-02  8.719358056E-02  1.701241694E-01  1.705802100E+00  3.942860517E-01  6.960173783E-01  7.600525000E-02  7.283179000E-03  0.000000000E+00
 0.000000000E+00  1.068245000E-02  7.826372700E-02  9.056572889E-02  1.682625911E-01  1.726329400E+00  3.949597578E-01  6.990650422E-01  7.826372600E-02  1.068245000E-02  0.000000000E+00
 0.000000000E+00  1.392122800E-02  8.037644100E-02  9.378067278E-02  1.663214972E-01  1.741442900E+00  3.954269217E-01  7.017242083E-01  8.037644000E-02  1.392122800E-02  0.000000000E+00
 0.000000000E+00  1.700076100E-02  8.234474300E-02  9.683869778E-02  1.643025022E-01  1.751360700E+00  3.956903611E-01  7.040006589E-01  8.234474200E-02  1.700076100E-02  0.000000000E+00
 0.000000000E+00  1.992264400E-02  8.417022800E-02  9.974071833E-02  1.622070317E-01  1.756345200E+00  3.957526017E-01  7.059000883E-01  8.417022800E-02  1.992264400E-02  0.000000000E+00
 0.000000000E+00  2.268879300E-02  8.585474900E-02  1.024885839E-01  1.600360661E-01  1.756683300E+00  3.956161106E-01  7.074279794E-01  8.585474900E-02  2.268879300E-02  0.000000000E+00
 0.000000000E+00  2.530139400E-02  8.740038000E-02  1.050844056E-01  1.577906944E-01  1.752681200E+00  3.952835778E-01  7.085897822E-01  8.740038000E-02  2.530139400E-02  0.000000000E+00
 0.000000000E+00  2.776291000E-02  8.880942400E-02  1.075307489E-01  1.554720511E-01  1.744652300E+00  3.947577017E-01  7.093911083E-01  8.880942400E-02  2.776291000E-02  0.000000000E+00
 0.000000000E+00  3.007603000E-02  9.008437200E-02  1.098304711E-01  1.530814089E-01  1.732939500E+00  3.940413511E-01  7.098376889E-01  9.008437200E-02  3.007603000E-02  0.000000000E+00
 0.000000000E+00  7.560932700E-11  6.394760800E-02  7.452138389E-02  1.460151461E-01  1.545206200E+00  3.925289544E-01  7.285079456E-01  6.394760800E-02  7.556877600E-11  0.000000000E+00
 0.000000000E+00  3.051012500E-03  6.587100800E-02  7.761163222E-02  1.438900678E-01  1.558575800E+00  3.926087622E-01  7.302798378E-01  6.587100700E-02  3.051012500E-03  0.000000000E+00
 0.000000000E+00  5.945819700E-03  6.765621300E-02  8.057805778E-02  1.416414222E-01  1.566052400E+00  3.924418200E-01  7.316108600E-01  6.765621200E-02  5.945819700E-03  0.000000000E+00
 0.000000000E+00  8.686888700E-03  6.930477700E-02  8.342488889E-02  1.392699111E-01  1.568193900E+00  3.920294611E-01  7.325029589E-01  6.930477600E-02  8.686888700E-03  0.000000000E+00
 0.000000000E+00  1.127686400E-02  7.081855200E-02  8.615515944E-02  1.367782106E-01  1.565553300E+00  3.913747311E-01  7.329605089E-01  7.081855200E-02  1.127686400E-02  0.000000000E+00
 0.000000000E+00  1.371858700E-02  7.219970200E-02  8.877091333E-02  1.341707667E-01  1.558654700E+00  3.904824528E-01  7.329899172E-01  7.219970200E-02  1.371858700E-02  0.000000000E+00
 0.000000000E+00  1.601509900E-02  7.345073200E-02  9.127326778E-02  1.314535522E-01  1.547969000E+00  3.893588822E-01  7.325996378E-01  7.345073200E-02  1.601509900E-02  0.000000000E+00
 0.000000000E+00  1.816960900E-02  7.457441500E-02  9.366250611E-02  1.286339039E-01  1.533911600E+00  3.880115800E-01  7.317999400E-01  7.457441500E-02  1.816960900E-02  0.000000000E+00
 0.000000000E+00  2.018554200E-02  7.557378600E-02  9.593863000E-02  1.257199500E-01  1.516861600E+00  3.864488294E-01  7.306024806E-01  7.557378600E-02  2.018554200E-02  0.000000000E+00
 0.000000000E+00  2.206646900E-02  7.645211600E-02  9.810118833E-02  1.227205417E-01  1.497166500E+00  3.846797317E-01  7.290199383E-01  7.645211600E-02  2.206646900E-02  0.000000000E+00
 0.000000000E+00  2.381616200E-02  7.721292900E-02  1.001497056E-01  1.196449144E-01  1.475087100E+00  3.827137628E-01  7.270658272E-01  7.721292900E-02  2.381616200E-02  0.000000000E+00
 0.000000000E+00  6.150661100E-11  5.770458600E-02  7.188868400E-02  1.181923760E-01  1.415874600E+00  3.912112694E-01  7.627027206E-01  5.770458600E-02  6.150657900E-11  0.000000000E+00
 0.000000000E+00  2.473016100E-03  5.909442500E-02  7.511983700E-02  1.147012730E-01  1.412203800E+00  3.894921700E-01  7.614288500E-01  5.909442500E-02  2.473016100E-03  0.000000000E+00
 0.000000000E+00  4.800891700E-03  6.035441200E-02  7.819116717E-02  1.111816158E-01  1.404674400E+00  3.875867650E-01  7.597557450E-01  6.035441200E-02  4.800891700E-03  0.000000000E+00
 0.000000000E+00  6.987311700E-03  6.148825200E-02  8.110446950E-02  1.076388795E-01  1.393616300E+00  3.855022378E-01  7.576958022E-01  6.148825200E-02  6.987311700E-03  0.000000000E+00
 0.000000000E+00  9.036093400E-03  6.249974900E-02  8.386178267E-02  1.040783533E-01  1.379354700E+00  3.832457289E-01  7.552616311E-01  6.249974900E-02  9.036093400E-03  0.000000000E+00
 0.000000000E+00  1.095117000E-02  6.339279400E-02  8.646536044E-02  1.005051636E-01  1.362207100E+00  3.808245306E-01  7.524658394E-01  6.339279400E-02  1.095117000E-02  0.000000000E+00
 0.000000000E+00  1.273657600E-02  6.417134800E-02  8.891768106E-02  9.692425194E-02  1.342480400E+00  3.782457511E-01  7.493212089E-01  6.417134800E-02  1.273657600E-02  0.000000000E+00
 0.000000000E+00  1.439643300E-02  6.483943700E-02  9.122140750E-02  9.334039750E-02  1.320469500E+00  3.755165500E-01  7.458404700E-01  6.483943700E-02  1.439643300E-02  0.000000000E+00
 0.000000000E+00  1.593492700E-02  6.540113000E-02  9.337937133E-02  8.975822067E-02  1.296456000E+00  3.726439650E-01  7.420363850E-01  6.540112900E-02  1.593492700E-02  0.000000000E+00
 0.000000000E+00  1.735629400E-02  6.586052700E-02  9.539456467E-02  8.618217533E-02  1.270706800E+00  3.696350456E-01  7.379215744E-01  6.586052600E-02  1.735629400E-02  0.000000000E+00
 0.000000000E+00  1.866478500E-02  6.622173000E-02  9.727008561E-02  8.261654539E-02  1.243472600E+00  3.664966089E-01  7.335086311E-01  6.622173000E-02  1.866478500E-02  0.000000000E+00
 0.000000000E+00  5.016498600E-11  5.248922200E-02  7.410427300E-02  8.765679300E-02  1.289826100E+00  3.846699294E-01  7.854275006E-01  5.248922200E-02  5.016551300E-11  0.000000000E+00
 0.000000000E+00  2.010279800E-03  5.344199000E-02  7.716789133E-02  8.364944467E-02  1.275409200E+00  3.817514767E-01  7.815580233E-01  5.344198900E-02  2.010279800E-03  0.000000000E+00
 0.000000000E+00  3.889627100E-03  5.428065200E-02  8.006124828E-02  7.966341472E-02  1.258166900E+00  3.786848339E-01  7.773315161E-01  5.428065200E-02  3.889627100E-03  0.000000000E+00
 0.000000000E+00  5.642360700E-03  5.500948300E-02  8.278728311E-02  7.570373289E-02  1.238406900E+00  3.754777361E-01  7.727626139E-01  5.500948200E-02  5.642360700E-03  0.000000000E+00
 0.000000000E+00  7.272845700E-03  5.563276800E-02  8.534917144E-02  7.177508256E-02  1.216427100E+00  3.721377367E-01  7.678659233E-01  5.563276800E-02  7.272845700E-03  0.000000000E+00
 0.000000000E+00  8.785479000E-03  5.615479800E-02  8.775029256E-02  6.788182944E-02  1.192513000E+00  3.686722694E-01  7.626558806E-01  5.615479800E-02  8.785479000E-03  0.000000000E+00
 0.000000000E+00  1.018467700E-02  5.657985400E-02  8.999418456E-02  6.402805344E-02  1.166936900E+00  3.650886078E-01  7.571468122E-01  5.657985300E-02  1.018467700E-02  0.000000000E+00
 0.000000000E+00  1.147486500E-02  5.691220100E-02  9.208452889E-02  6.021757911E-02  1.139954900E+00  3.613938756E-01  7.513528444E-01  5.691220000E-02  1.147486500E-02  0.000000000E+00
 0.000000000E+00  1.266045700E-02  5.715607800E-02  9.402513317E-02  5.645397383E-02  1.111807400E+00  3.575950672E-01  7.452879228E-01  5.715607800E-02  1.266045700E-02  0.000000000E+00
 0.000000000E+00  1.374584800E-02  5.731568800E-02  9.581988211E-02  5.274059589E-02  1.082718600E+00  3.536990283E-01  7.389657417E-01  5.731568800E-02  1.374584800E-02  0.000000000E+00
 0.000000000E+00  1.473538300E-02  5.739516700E-02  9.747272278E-02  4.908055922E-02  1.052895300E+00  3.497123439E-01  7.323997861E-01  5.739516700E-02  1.473538300E-02  0.000000000E+00
 0.000000000E+00  4.098347600E-11  4.778448000E-02  7.935865867E-02  5.701041733E-02  1.167148200E+00  3.748848628E-01  7.990147272E-01  4.778448000E-02  4.098351800E-11  0.000000000E+00
 0.000000000E+00  1.637502500E-03  4.840311000E-02  8.219693956E-02  5.279267644E-02  1.145530600E+00  3.710296533E-01  7.927325067E-01  4.840311000E-02  1.637502500E-03  0.000000000E+00
 0.000000000E+00  3.159071500E-03  4.892342800E-02  8.485944444E-02  4.863771556E-02  1.121949500E+00  3.670596467E-01  7.861401933E-01  4.892342800E-02  3.159071500E-03  0.000000000E+00
 0.000000000E+00  4.569229900E-03  4.934985400E-02  8.734954789E-02  4.455023811E-02  1.096691100E+00  3.629830317E-01  7.792552783E-01  4.934985300E-02  4.569229900E-03  0.000000000E+00
 0.000000000E+00  5.872486600E-03  4.968676200E-02  8.967088372E-02  4.053444528E-02  1.070024000E+00  3.588077706E-01  7.720947194E-01  4.968676100E-02  5.872486600E-03  0.000000000E+00
 0.000000000E+00  7.073323300E-03  4.993847500E-02  9.182729594E-02  3.659408906E-02  1.042199700E+00  3.545415972E-01  7.646750928E-01  4.993847500E-02  7.073323300E-03  0.000000000E+00
 0.000000000E+00  8.176187900E-03  5.010925800E-02  9.382281828E-02  3.273249272E-02  1.013451600E+00  3.501918972E-01  7.570124728E-01  5.010925800E-02  8.176187900E-03  0.000000000E+00
 0.000000000E+00  9.185488900E-03  5.020331600E-02  9.566165350E-02  2.895259150E-02  9.839952600E-01  3.457658589E-01  7.491224811E-01  5.020331600E-02  9.185488900E-03  0.000000000E+00
 0.000000000E+00  1.010556800E-02  5.022477300E-02  9.734810117E-02  2.525697783E-02  9.540284600E-01  3.412703517E-01  7.410203183E-01  5.022477300E-02  1.010556800E-02  0.000000000E+00
 0.000000000E+00  1.094070700E-02  5.017767700E-02  9.888657367E-02  2.164791233E-02  9.237314500E-01  3.367120794E-01  7.327206106E-01  5.017767700E-02  1.094070700E-02  0.000000000E+00
 0.000000000E+00  1.169508600E-02  5.006596700E-02  1.002815233E-01  1.812733772E-02  8.932674800E-01  3.320973767E-01  7.242375633E-01  5.006596700E-02  1.169508600E-02  0.000000000E+00
 0.000000000E+00  3.351090800E-11  4.364439400E-02  8.723372917E-02  2.634204183E-02  1.050312300E+00  3.632441261E-01  8.041204439E-01  4.364439400E-02  3.351112000E-11  0.000000000E+00
 0.000000000E+00  1.335456700E-03  4.400267800E-02  8.977479994E-02  2.215554106E-02  1.023972700E+00  3.586146767E-01  7.955625433E-01  4.400267700E-02  1.335456700E-03  0.000000000E+00
 0.000000000E+00  2.569663100E-03  4.427747000E-02  9.213094522E-02  1.807644478E-02  9.964370100E-01  3.539066694E-01  7.867658006E-01  4.427747000E-02  2.569663100E-03  0.000000000E+00
 0.000000000E+00  3.707057400E-03  4.447310600E-02  9.430721461E-02  1.410689439E-02  9.679481500E-01  3.491276861E-01  7.777468439E-01  4.447310600E-02  3.707057400E-03  0.000000000E+00
 0.000000000E+00  4.752027400E-03  4.459384000E-02  9.630872922E-02  1.024868878E-02  9.387314200E-01  3.442850589E-01  7.685220011E-01  4.459383900E-02  4.752027400E-03  0.000000000E+00
 0.000000000E+00  5.708899300E-03  4.464383900E-02  9.814068272E-02  6.503280278E-03  9.089939900E-01  3.393859522E-01  7.591072278E-01  4.464383900E-02  5.708899300E-03  0.000000000E+00
 0.000000000E+00  6.581932500E-03  4.462717900E-02  9.980832172E-02  2.871811278E-03  8.789244300E-01  3.344371806E-01  7.495181294E-01  4.462717900E-02  6.581932500E-03  0.000000000E+00
 0.000000000E+00  7.375317400E-03  4.454784600E-02  1.013169324E-01 -6.448633889E-04  8.486943700E-01  3.294453722E-01  7.397697678E-01  4.454784600E-02  7.375317400E-03  0.000000000E+00
 0.000000000E+00  8.093149300E-03  4.440971600E-02  1.026718038E-01 -4.046156833E-03  8.184577400E-01  3.244168056E-01  7.298768544E-01  4.440971500E-02  8.093149300E-03  0.000000000E+00
 0.000000000E+00  8.739436500E-03  4.421655900E-02  1.038782340E-01 -7.331734000E-03  7.883519200E-01  3.193575839E-01  7.198534661E-01  4.421655900E-02  8.739436500E-03  0.000000000E+00
 0.000000000E+00  9.318062600E-03  4.397201400E-02  1.049414648E-01 -1.050149983E-02  7.584980700E-01  3.142734411E-01  7.097132589E-01  4.397201400E-02  9.318062600E-03  0.000000000E+00
 0.000000000E+00  2.742018600E-11  3.999091400E-02  9.655097906E-02 -3.530950056E-03  9.395771600E-01  3.503690422E-01  8.013979178E-01  3.999091400E-02  2.742004000E-11  0.000000000E+00
 0.000000000E+00  1.090185700E-03  4.014104000E-02  9.868597044E-02 -7.418958444E-03  9.105990800E-01  3.451033822E-01  7.908413378E-01  4.014104000E-02  1.090185700E-03  0.000000000E+00
 0.000000000E+00  2.092796800E-03  4.022180000E-02  1.006367548E-01 -1.117138183E-02  8.810444500E-01  3.397924467E-01  7.801111933E-01  4.022180000E-02  2.092796800E-03  0.000000000E+00
 0.000000000E+00  3.012016800E-03  4.023725800E-02  1.024087602E-01 -1.478739222E-02  8.511136000E-01  3.344438039E-01  7.692253261E-01  4.023725800E-02  3.012016800E-03  0.000000000E+00
 0.000000000E+00  3.851960600E-03  4.019137400E-02  1.040075457E-01 -1.826658767E-02  8.209883600E-01  3.290645644E-01  7.582009156E-01  4.019137400E-02  3.851960600E-03  0.000000000E+00
 0.000000000E+00  4.616664100E-03  4.008800000E-02  1.054387512E-01 -2.160894017E-02  7.908325500E-01  3.236615644E-01  7.470543556E-01  4.008800000E-02  4.616664100E-03  0.000000000E+00
 0.000000000E+00  5.310080400E-03  3.993088100E-02  1.067080903E-01 -2.481477233E-02  7.607927200E-01  3.182410911E-01  7.358013889E-01  3.993088100E-02  5.310080400E-03  0.000000000E+00
 0.000000000E+00  5.936077200E-03  3.972365100E-02  1.078213114E-01 -2.788470439E-02  7.309985500E-01  3.128092278E-01  7.244569922E-01  3.972365100E-02  5.936077200E-03  0.000000000E+00
 0.000000000E+00  6.498413800E-03  3.946982300E-02  1.087841574E-01 -3.081962744E-02  7.015640000E-01  3.073716100E-01  7.130354900E-01  3.946982300E-02  6.498413800E-03  0.000000000E+00
 0.000000000E+00  7.000749600E-03  3.917279100E-02  1.096023622E-01 -3.362067717E-02  6.725880500E-01  3.019336389E-01  7.015504611E-01  3.917279100E-02  7.000749600E-03  0.000000000E+00
 0.000000000E+00  7.446610900E-03  3.883580700E-02  1.102815971E-01 -3.628922006E-02  6.441558700E-01  2.965002772E-01  6.900148928E-01  3.883580700E-02  7.446610900E-03  0.000000000E+00
 0.000000000E+00  2.245147300E-11  3.669431300E-02  1.062612356E-01 -3.153604756E-02  8.363701300E-01  3.362147094E-01  7.923204006E-01  3.669431300E-02  2.245135500E-11  0.000000000E+00
 0.000000000E+00  8.907077600E-04  3.668179000E-02  1.079510503E-01 -3.498376328E-02  8.062825400E-01  3.304480344E-01  7.799623856E-01  3.668179000E-02  8.907077600E-04  0.000000000E+00
 0.000000000E+00  1.706179100E-03  3.661280500E-02  1.094575172E-01 -3.827260722E-02  7.761095900E-01  3.246705572E-01  7.675063728E-01  3.661280500E-02  1.706179100E-03  0.000000000E+00
 0.000000000E+00  2.450258500E-03  3.649102100E-02  1.107868547E-01 -4.140356772E-02  7.460074700E-01  3.188886617E-01  7.549694283E-01  3.649102100E-02  2.450258500E-03  0.000000000E+00
 0.000000000E+00  3.126715000E-03  3.631999600E-02  1.119453592E-01 -4.437802017E-02  7.161157200E-01  3.131083867E-01  7.423678133E-01  3.631999600E-02  3.126715000E-03  0.000000000E+00
 0.000000000E+00  3.739231800E-03  3.610317700E-02  1.129393742E-01 -4.719768622E-02  6.865576900E-01  3.073354572E-01  7.297169128E-01  3.610317700E-02  3.739231800E-03  0.000000000E+00
 0.000000000E+00  4.291402100E-03  3.584389600E-02  1.137752641E-01 -4.986458906E-02  6.574413300E-01  3.015752233E-01  7.170312767E-01  3.584389600E-02  4.291402100E-03  0.000000000E+00
 0.000000000E+00  4.786727000E-03  3.554537700E-02  1.144593753E-01 -5.238099428E-02  6.288598200E-01  2.958326683E-01  7.043247817E-01  3.554537700E-02  4.786727000E-03  0.000000000E+00
 0.000000000E+00  5.228597300E-03  3.521071700E-02  1.149980105E-01 -5.474939550E-02  6.008926000E-01  2.901124811E-01  6.916104989E-01  3.521071700E-02  5.228597300E-03  0.000000000E+00
 0.000000000E+00  5.620298400E-03  3.484289800E-02  1.153974249E-01 -5.697248194E-02  5.736062700E-01  2.844190556E-01  6.789007444E-01  3.484289800E-02  5.620298400E-03  0.000000000E+00
 0.000000000E+00  5.964983300E-03  3.444475800E-02  1.156637533E-01 -5.905310428E-02  5.470555800E-01  2.787564083E-01  6.662072017E-01  3.444475800E-02  5.964983300E-03  0.000000000E+00
 0.000000000E+00  1.839304100E-11  3.365870800E-02  1.161183214E-01 -5.763696744E-02  7.412142400E-01  3.212056867E-01  7.775867133E-01  3.365870800E-02  1.839287300E-11  0.000000000E+00
 0.000000000E+00  7.282327900E-04  3.352466100E-02  1.173110002E-01 -6.052694717E-02  7.112112400E-01  3.150799222E-01  7.636579178E-01  3.352466100E-02  7.282327900E-04  0.000000000E+00
 0.000000000E+00  1.392122200E-03  3.334532400E-02  1.183236957E-01 -6.323958664E-02  6.814711800E-01  3.089717844E-01  7.497084156E-01  3.334532400E-02  1.392122200E-03  0.000000000E+00
 0.000000000E+00  1.995147600E-03  3.312393000E-02  1.191634486E-01 -6.577809831E-02  6.521161200E-01  3.028868244E-01  7.357537756E-01  3.312393000E-02  1.995147600E-03  0.000000000E+00
 0.000000000E+00  2.540710700E-03  3.286361100E-02  1.198373293E-01 -6.814596558E-02  6.232525400E-01  2.968303300E-01  7.218086900E-01  3.286361100E-02  2.540710700E-03  0.000000000E+00
 0.000000000E+00  3.032125700E-03  3.256738900E-02  1.203523867E-01 -7.034689589E-02  5.949720400E-01  2.908071728E-01  7.078870772E-01  3.256739000E-02  3.032125700E-03  0.000000000E+00
 0.000000000E+00  3.472616100E-03  3.223817900E-02  1.207156414E-01 -7.238479569E-02  5.673522100E-01  2.848218289E-01  6.940020511E-01  3.223817900E-02  3.472616100E-03  0.000000000E+00
 0.000000000E+00  3.865313600E-03  3.187878700E-02  1.209340413E-01 -7.426371464E-02  5.404575700E-01  2.788785306E-01  6.801659194E-01  3.187878700E-02  3.865313600E-03  0.000000000E+00
 0.000000000E+00  4.213238600E-03  3.149190100E-02  1.210144381E-01 -7.598783758E-02  5.143405600E-01  2.729811444E-01  6.663902156E-01  3.149190100E-02  4.213238600E-03  0.000000000E+00
 0.000000000E+00  4.519308700E-03  3.108009700E-02  1.209635773E-01 -7.756144558E-02  4.890425900E-01  2.671332011E-01  6.526857789E-01  3.108009700E-02  4.519308700E-03  0.000000000E+00
 0.000000000E+00  4.786310700E-03  3.064581400E-02  1.207880413E-01 -7.898890272E-02  4.645949300E-01  2.613379567E-01  6.390626633E-01  3.064581400E-02  4.786310700E-03  0.000000000E+00
 0.000000000E+00  1.507083200E-11  3.088658800E-02  1.258702399E-01 -8.206437789E-02  6.550349300E-01  3.058737378E-01  7.579987422E-01  3.088658800E-02  1.507083900E-11  0.000000000E+00
 0.000000000E+00  5.955765200E-04  3.066457000E-02  1.264973162E-01 -8.425486204E-02  6.257973400E-01  2.994896489E-01  7.427236711E-01  3.066457000E-02  5.955765200E-04  0.000000000E+00
 0.000000000E+00  1.136332300E-03  3.040642700E-02  1.269534322E-01 -8.625979820E-02  5.970861900E-01  2.931475878E-01  7.275027922E-01  3.040642700E-02  1.136332300E-03  0.000000000E+00
 0.000000000E+00  1.625377000E-03  3.011501000E-02  1.272462276E-01 -8.808428192E-02  5.689925800E-01  2.868525500E-01  7.123507100E-01  3.011501000E-02  1.625377000E-03  0.000000000E+00
 0.000000000E+00  2.065744900E-03  2.979307000E-02  1.273833085E-01 -8.973359211E-02  5.415934400E-01  2.806091067E-01  6.972810933E-01  2.979307000E-02  2.065744900E-03  0.000000000E+00
 0.000000000E+00  2.460386200E-03  2.944325700E-02  1.273722145E-01 -9.121315028E-02  5.149524400E-01  2.744214661E-01  6.823065839E-01  2.944325700E-02  2.460386200E-03  0.000000000E+00
 0.000000000E+00  2.812163700E-03  2.906811800E-02  1.272203935E-01 -9.252847789E-02  4.891209600E-01  2.682934833E-01  6.674388567E-01  2.906811800E-02  2.812163700E-03  0.000000000E+00
 0.000000000E+00  3.123851600E-03  2.867009700E-02  1.269351699E-01 -9.368514894E-02  4.641391500E-01  2.622285978E-01  6.526887622E-01  2.867009700E-02  3.123851600E-03  0.000000000E+00
 0.000000000E+00  3.398117100E-03  2.825152400E-02  1.265237332E-01 -9.468879025E-02  4.400369100E-01  2.562299967E-01  6.380661833E-01  2.825152400E-02  3.398117100E-03  0.000000000E+00
 0.000000000E+00  3.637529400E-03  2.781462400E-02  1.259931045E-01 -9.554502272E-02  4.168349100E-01  2.503005117E-01  6.235802383E-01  2.781462400E-02  3.637529400E-03  0.000000000E+00
 0.000000000E+00  3.844533300E-03  2.736149300E-02  1.253501083E-01 -9.625946764E-02  3.945456100E-01  2.444426500E-01  6.092392100E-01  2.736149400E-02  3.844533300E-03  0.000000000E+00
 0.000000000E+00  1.234849000E-11  2.841207700E-02  1.348351237E-01 -1.044551400E-01  5.773765000E-01  2.905605650E-01  7.340166650E-01  2.841207700E-02  1.234858200E-11  0.000000000E+00
 0.000000000E+00  4.870812400E-04  2.812355600E-02  1.348715591E-01 -1.058248659E-01  5.493965900E-01  2.839789356E-01  7.176323844E-01  2.812355600E-02  4.870812400E-04  0.000000000E+00
 0.000000000E+00  9.275831300E-04  2.780659300E-02  1.347492616E-01 -1.070122162E-01  5.221284300E-01  2.774630800E-01  7.013760800E-01  2.780659300E-02  9.275831300E-04  0.000000000E+00
 0.000000000E+00  1.324263200E-03  2.746371100E-02  1.344763617E-01 -1.080238367E-01  4.956366300E-01  2.710172706E-01  6.852610194E-01  2.746371100E-02  1.324263200E-03  0.000000000E+00
 0.000000000E+00  1.679808300E-03  2.709733600E-02  1.340609159E-01 -1.088664539E-01  4.699734300E-01  2.646453983E-01  6.692992717E-01  2.709733600E-02  1.679808300E-03  0.000000000E+00
 0.000000000E+00  1.996826000E-03  2.670979300E-02  1.335108461E-01 -1.095468161E-01  4.451796700E-01  2.583507783E-01  6.535019717E-01  2.670979300E-02  1.996826000E-03  0.000000000E+00
 0.000000000E+00  2.277841300E-03  2.630330800E-02  1.328339343E-01 -1.100716723E-01  4.212856800E-01  2.521365167E-01  6.378790233E-01  2.630330900E-02  2.277841300E-03  0.000000000E+00
 0.000000000E+00  2.525296000E-03  2.588001000E-02  1.320377768E-01 -1.104477068E-01  3.983122800E-01  2.460052956E-01  6.224393444E-01  2.588001000E-02  2.525296000E-03  0.000000000E+00
 0.000000000E+00  2.741531000E-03  2.544191300E-02  1.311297893E-01 -1.106815693E-01  3.762717400E-01  2.399594428E-01  6.071909872E-01  2.544191300E-02  2.741531000E-03  0.000000000E+00
 0.000000000E+00  2.928794900E-03  2.499093400E-02  1.301171724E-01 -1.107798084E-01  3.551687700E-01  2.340010339E-01  5.921410361E-01  2.499093500E-02  2.928794900E-03  0.000000000E+00
 0.000000000E+00  3.089220400E-03  2.452886900E-02  1.290068808E-01 -1.107488758E-01  3.350014500E-01  2.281316872E-01  5.772958628E-01  2.452886900E-02  3.089220400E-03  0.000000000E+00
 0.000000000E+00  1.011372700E-11  2.617994900E-02  1.428521941E-01 -1.241792831E-01  5.077078500E-01  2.750933689E-01  7.059267111E-01  2.617994900E-02  1.011357100E-11  0.000000000E+00
 0.000000000E+00  3.981855300E-04  2.584041800E-02  1.422748958E-01 -1.246713638E-01  4.813236400E-01  2.683896839E-01  6.886940861E-01  2.584041800E-02  3.981855300E-04  0.000000000E+00
 0.000000000E+00  7.568710100E-04  2.547928500E-02  1.415551297E-01 -1.249930407E-01  4.557695300E-01  2.617736911E-01  6.716602689E-01  2.547928500E-02  7.568710100E-04  0.000000000E+00
 0.000000000E+00  1.078492900E-03  2.509873300E-02  1.407013476E-01 -1.251521156E-01  4.310884100E-01  2.552487139E-01  6.548365561E-01  2.509873300E-02  1.078492900E-03  0.000000000E+00
 0.000000000E+00  1.365421400E-03  2.470085200E-02  1.397218601E-01 -1.251563571E-01  4.073126600E-01  2.488177050E-01  6.382330050E-01  2.470085200E-02  1.365421400E-03  0.000000000E+00
 0.000000000E+00  1.619952300E-03  2.428764000E-02  1.386248084E-01 -1.250134684E-01  3.844650500E-01  2.424832250E-01  6.218585650E-01  2.428764000E-02  1.619952300E-03  0.000000000E+00
 0.000000000E+00  1.844304000E-03  2.386100000E-02  1.374181172E-01 -1.247310272E-01  3.625597000E-01  2.362474633E-01  6.057209967E-01  2.386100000E-02  1.844304000E-03  0.000000000E+00
 0.000000000E+00  2.040616700E-03  2.342274600E-02  1.361094900E-01 -1.243164740E-01  3.416028200E-01  2.301122256E-01  5.898271144E-01  2.342274600E-02  2.040616700E-03  0.000000000E+00
 0.000000000E+00  2.210936300E-03  2.297458800E-02  1.347063953E-01 -1.237771113E-01  3.215936600E-01  2.240790756E-01  5.741827244E-01  2.297458800E-02  2.210936300E-03  0.000000000E+00
 0.000000000E+00  2.357223000E-03  2.251814400E-02  1.332160307E-01 -1.231200427E-01  3.025253600E-01  2.181491411E-01  5.587928389E-01  2.251814400E-02  2.357223000E-03  0.000000000E+00
 0.000000000E+00  2.481329200E-03  2.205492000E-02  1.316453177E-01 -1.223522077E-01  2.843858700E-01  2.123233683E-01  5.436615217E-01  2.205492000E-02  2.481329200E-03  0.000000000E+00
 0.000000000E+00  8.273523000E-12  2.413645300E-02  1.496528569E-01 -1.410339259E-01  4.458118300E-01  2.595466844E-01  6.749290356E-01  2.413645300E-02  8.273521100E-12  0.000000000E+00
 0.000000000E+00  3.251368600E-04  2.376134300E-02  1.484563429E-01 -1.406204349E-01  4.211548700E-01  2.527861706E-01  6.570414794E-01  2.376134400E-02  3.251368600E-04  0.000000000E+00
 0.000000000E+00  6.168513900E-04  2.337029400E-02  1.471375013E-01 -1.400571763E-01  3.974012700E-01  2.461344111E-01  6.394241889E-01  2.337029400E-02  6.168513900E-04  0.000000000E+00
 0.000000000E+00  8.772893000E-04  2.296519400E-02  1.457048248E-01 -1.393525598E-01  3.745771600E-01  2.395936267E-01  6.220857733E-01  2.296519400E-02  8.772893000E-04  0.000000000E+00
 0.000000000E+00  1.108534400E-03  2.254784700E-02  1.441666147E-01 -1.385148597E-01  3.526995000E-01  2.331655450E-01  6.050336850E-01  2.254784700E-02  1.108534400E-03  0.000000000E+00
 0.000000000E+00  1.312600500E-03  2.211996800E-02  1.425309704E-01 -1.375522094E-01  3.317769100E-01  2.268516239E-01  5.882741861E-01  2.211996800E-02  1.312600500E-03  0.000000000E+00
 0.000000000E+00  1.491429500E-03  2.168318400E-02  1.408057312E-01 -1.364725322E-01  3.118106800E-01  2.206529900E-01  5.718123900E-01  2.168318400E-02  1.491429500E-03  0.000000000E+00
 0.000000000E+00  1.646890400E-03  2.123903500E-02  1.389984722E-01 -1.352835352E-01  2.927956300E-01  2.145704472E-01  5.556524228E-01  2.123903500E-02  1.646890400E-03  0.000000000E+00
 0.000000000E+00  1.780764100E-03  2.078896800E-02  1.371164952E-01 -1.339927082E-01  2.747208700E-01  2.086045978E-01  5.397974422E-01  2.078896800E-02  1.780764100E-03  0.000000000E+00
 0.000000000E+00  1.894752800E-03  2.033434100E-02  1.351668019E-01 -1.326072889E-01  2.575706000E-01  2.027556172E-01  5.242498728E-01  2.033434100E-02  1.894752800E-03  0.000000000E+00
 0.000000000E+00  1.990459300E-03  1.987641200E-02  1.331560884E-01 -1.311342794E-01  2.413250400E-01  1.970236411E-01  5.090111789E-01  1.987641300E-02  1.990459300E-03  0.000000000E+00
 0.000000000E+00  6.752122700E-12  2.229492600E-02  1.549257802E-01 -1.547029082E-01  3.911521700E-01  2.438512539E-01  6.411666961E-01  2.229492600E-02  6.752062900E-12  0.000000000E+00
 0.000000000E+00  2.648402000E-04  2.189462000E-02  1.531392076E-01 -1.534159756E-01  3.683188100E-01  2.371229356E-01  6.228765844E-01  2.189462000E-02  2.648402000E-04  0.000000000E+00
 0.000000000E+00  5.014944400E-04  2.148299900E-02  1.512517656E-01 -1.520040266E-01  3.464012000E-01  2.305196544E-01  6.049196856E-01  2.148299900E-02  5.014944400E-04  0.000000000E+00
 0.000000000E+00  7.118482500E-04  2.106172600E-02  1.492719207E-01 -1.504758247E-01  3.254193400E-01  2.240425350E-01  5.873022350E-01  2.106172600E-02  7.118482500E-04  0.000000000E+00
 0.000000000E+00  8.977271400E-04  2.063237800E-02  1.472078959E-01 -1.488399109E-01  3.053841400E-01  2.176924644E-01  5.700290556E-01  2.063237800E-02  8.977271400E-04  0.000000000E+00
 0.000000000E+00  1.060890100E-03  2.019644400E-02  1.450676389E-01 -1.471045709E-01  2.862982900E-01  2.114698456E-01  5.531039744E-01  2.019644400E-02  1.060890100E-03  0.000000000E+00
 0.000000000E+00  1.203028700E-03  1.975532700E-02  1.428587977E-01 -1.452778117E-01  2.681571100E-01  2.053749539E-01  5.365295161E-01  1.975532700E-02  1.203028700E-03  0.000000000E+00
 0.000000000E+00  1.325766200E-03  1.931034500E-02  1.405887180E-01 -1.433673500E-01  2.509496500E-01  1.994077311E-01  5.203073089E-01  1.931034500E-02  1.325766200E-03  0.000000000E+00
 0.000000000E+00  1.430644900E-03  1.886272800E-02  1.382644260E-01 -1.413806140E-01  2.346595300E-01  1.935678356E-01  5.044380844E-01  1.886272800E-02  1.430644900E-03  0.000000000E+00
 0.000000000E+00  1.519134300E-03  1.841362000E-02  1.358926228E-01 -1.393247178E-01  2.192658100E-01  1.878547939E-01  4.889216761E-01  1.841362000E-02  1.519134300E-03  0.000000000E+00
 0.000000000E+00  1.592613800E-03  1.796407200E-02  1.334796718E-01 -1.372064848E-01  2.047437100E-01  1.822679083E-01  4.737571817E-01  1.796407200E-02  1.592613800E-03  0.000000000E+00
 0.000000000E+00  5.489179800E-12  2.061919600E-02  1.590029314E-01 -1.655133964E-01  3.434331900E-01  2.284427189E-01  6.053751011E-01  2.061919600E-02  5.489627700E-12  0.000000000E+00
 0.000000000E+00  2.149173600E-04  2.019964800E-02  1.566270072E-01 -1.633773442E-01  3.222195900E-01  2.218096044E-01  5.868918756E-01  2.019964800E-02  2.149173600E-04  0.000000000E+00
 0.000000000E+00  4.061930400E-04  1.977322400E-02  1.541746519E-01 -1.611457749E-01  3.019606000E-01  2.153125756E-01  5.688009044E-01  1.977322400E-02  4.061930400E-04  0.000000000E+00
 0.000000000E+00  5.754670500E-04  1.934129900E-02  1.516543316E-01 -1.588276006E-01  2.826611400E-01  2.089522850E-01  5.511053450E-01  1.934129900E-02  5.754670500E-04  0.000000000E+00
 0.000000000E+00  7.243245300E-04  1.890517100E-02  1.490741563E-01 -1.564313783E-01  2.643189700E-01  2.027289028E-01  5.338072072E-01  1.890517100E-02  7.243245300E-04  0.000000000E+00
 0.000000000E+00  8.542897200E-04  1.846606500E-02  1.464418684E-01 -1.539653074E-01  2.469254500E-01  1.966423900E-01  5.169072700E-01  1.846606500E-02  8.542897200E-04  0.000000000E+00
 0.000000000E+00  9.668250700E-04  1.802513000E-02  1.437648257E-01 -1.514371997E-01  2.304664800E-01  1.906923650E-01  5.004053050E-01  1.802513000E-02  9.668250700E-04  0.000000000E+00
 0.000000000E+00  1.063330900E-03  1.758344100E-02  1.410500109E-01 -1.488544909E-01  2.149227100E-01  1.848782244E-01  4.843000956E-01  1.758344100E-02  1.063330900E-03  0.000000000E+00
 0.000000000E+00  1.145133800E-03  1.714199400E-02  1.383040277E-01 -1.462242547E-01  2.002708100E-01  1.791990700E-01  4.685896700E-01  1.714199400E-02  1.145133800E-03  0.000000000E+00
 0.000000000E+00  1.213494200E-03  1.670171200E-02  1.355331047E-01 -1.435531887E-01  1.864839200E-01  1.736537789E-01  4.532713211E-01  1.670171200E-02  1.213494200E-03  0.000000000E+00
 0.000000000E+00  1.269591200E-03  1.626343400E-02  1.327430872E-01 -1.408476372E-01  1.735324800E-01  1.682411767E-01  4.383415233E-01  1.626343400E-02  1.269591200E-03  0.000000000E+00
 0.000000000E+00  4.440981500E-12  1.908308400E-02  1.614146972E-01 -1.732550112E-01  3.012083600E-01  2.134201961E-01  5.679572739E-01  1.908308500E-02  4.440864700E-12  0.000000000E+00
 0.000000000E+00  1.735473600E-04  1.864862200E-02  1.585075034E-01 -1.703498494E-01  2.815815900E-01  2.069410911E-01  5.494947089E-01  1.864862200E-02  1.735473600E-04  0.000000000E+00
 0.000000000E+00  3.273918300E-04  1.821148500E-02  1.555481049E-01 -1.673797969E-01  2.629208400E-01  2.006045378E-01  5.314763022E-01  1.821148600E-02  3.273918300E-04  0.000000000E+00
 0.000000000E+00  4.629466500E-04  1.777276100E-02  1.525447132E-01 -1.643535342E-01  2.452233100E-01  1.944106867E-01  5.139021533E-01  1.777276100E-02  4.629466500E-04  0.000000000E+00
 0.000000000E+00  5.815757600E-04  1.733346800E-02  1.495051308E-01 -1.612793128E-01  2.284789800E-01  1.883593472E-01  4.967712028E-01  1.733346800E-02  5.815757600E-04  0.000000000E+00
 0.000000000E+00  6.845883800E-04  1.689456100E-02  1.464367615E-01 -1.581649805E-01  2.126716700E-01  1.824500678E-01  4.800813122E-01  1.689456100E-02  6.845883800E-04  0.000000000E+00
 0.000000000E+00  7.732382600E-04  1.645692700E-02  1.433465776E-01 -1.550179376E-01  1.977801800E-01  1.766821144E-01  4.638293456E-01  1.645692700E-02  7.732382600E-04  0.000000000E+00
 0.000000000E+00  8.487234300E-04  1.602139200E-02  1.402411381E-01 -1.518451591E-01  1.837788200E-01  1.710544589E-01  4.480113611E-01  1.602139300E-02  8.487234300E-04  0.000000000E+00
 0.000000000E+00  9.121757500E-04  1.558871400E-02  1.371265902E-01 -1.486532142E-01  1.706385800E-01  1.655658989E-01  4.326226811E-01  1.558871500E-02  9.121757500E-04  0.000000000E+00
 0.000000000E+00  9.646680700E-04  1.515958900E-02  1.340086764E-01 -1.454482594E-01  1.583276900E-01  1.602150683E-01  4.176579017E-01  1.515958900E-02  9.646680700E-04  0.000000000E+00
 0.000000000E+00  1.007200700E-03  1.473463800E-02  1.308927353E-01 -1.422360673E-01  1.468125500E-01  1.550003028E-01  4.031111672E-01  1.473463800E-02  1.007200700E-03  0.000000000E+00
 0.000000000E+00  3.568898200E-12  1.758921800E-02  1.625100440E-01 -1.782498600E-01  2.636945800E-01  1.992363194E-01  5.294979706E-01  1.758921800E-02  3.568892500E-12  0.000000000E+00
 0.000000000E+00  1.392157800E-04  1.715520300E-02  1.590841761E-01 -1.746398491E-01  2.456622200E-01  1.929093961E-01  5.112665539E-01  1.715520300E-02  1.392157800E-04  0.000000000E+00
 0.000000000E+00  2.621413800E-04  1.672124300E-02  1.556351318E-01 -1.709985248E-01  2.285770500E-01  1.867321389E-01  4.935209611E-01  1.672124300E-02  2.621413800E-04  0.000000000E+00
 0.000000000E+00  3.699856700E-04  1.628822500E-02  1.521704632E-01 -1.673339652E-01  2.124318000E-01  1.807041528E-01  4.762584972E-01  1.628822500E-02  3.699856700E-04  0.000000000E+00
 0.000000000E+00  4.639120300E-04  1.585697500E-02  1.486972498E-01 -1.636537698E-01  1.972127200E-01  1.748247828E-01  4.594752872E-01  1.585697500E-02  4.639120300E-04  0.000000000E+00
 0.000000000E+00  5.450342400E-04  1.542826100E-02  1.452221252E-01 -1.599650742E-01  1.829003100E-01  1.690931117E-01  4.431664783E-01  1.542826100E-02  5.450342400E-04  0.000000000E+00
 0.000000000E+00  6.144163200E-04  1.500279000E-02  1.417512476E-01 -1.562745236E-01  1.694701100E-01  1.635078778E-01  4.273263622E-01  1.500279000E-02  6.144163200E-04  0.000000000E+00
 0.000000000E+00  6.730726000E-04  1.458121800E-02  1.382903404E-01 -1.525883034E-01  1.568937900E-01  1.580676150E-01  4.119485150E-01  1.458121800E-02  6.730726000E-04  0.000000000E+00
 0.000000000E+00  7.219588000E-04  1.416413500E-02  1.348446967E-01 -1.489121657E-01  1.451397500E-01  1.527707650E-01  3.970257050E-01  1.416413500E-02  7.219588000E-04  0.000000000E+00
 0.000000000E+00  7.619785300E-04  1.375208100E-02  1.314191811E-01 -1.452514171E-01  1.341739400E-01  1.476154194E-01  3.825503506E-01  1.375208100E-02  7.619785300E-04  0.000000000E+00
 0.000000000E+00  7.939719800E-04  1.334553300E-02  1.280182646E-01 -1.416109706E-01  1.239604600E-01  1.425995956E-01  3.685142844E-01  1.334553300E-02  7.939719800E-04  0.000000000E+00
 0.000000000E+00  2.840616400E-12  1.624357700E-02  1.620406810E-01 -1.807934550E-01  2.313076500E-01  1.857677483E-01  4.906494617E-01  1.624357700E-02  2.840650900E-12  0.000000000E+00
 0.000000000E+00  1.106467400E-04  1.581171000E-02  1.581681513E-01 -1.765718553E-01  2.145745700E-01  1.796098356E-01  4.728078044E-01  1.581171000E-02  1.106467400E-04  0.000000000E+00
 0.000000000E+00  2.080196600E-04  1.538238700E-02  1.542988814E-01 -1.723493674E-01  1.988034400E-01  1.736059456E-01  4.554879144E-01  1.538238700E-02  2.080196600E-04  0.000000000E+00
 0.000000000E+00  2.931200900E-04  1.495628900E-02  1.504398869E-01 -1.681337519E-01  1.839794600E-01  1.677554944E-01  4.386840456E-01  1.495628900E-02  2.931200900E-04  0.000000000E+00
 0.000000000E+00  3.669135000E-04  1.453404600E-02  1.465976872E-01 -1.639322282E-01  1.700809600E-01  1.620575656E-01  4.223894544E-01  1.453404600E-02  3.669135000E-04  0.000000000E+00
 0.000000000E+00  4.303252000E-04  1.411624100E-02  1.427782806E-01 -1.597514476E-01  1.570806000E-01  1.565110000E-01  4.065964400E-01  1.411624100E-02  4.303252000E-04  0.000000000E+00
 0.000000000E+00  4.842399100E-04  1.370340700E-02  1.389871817E-01 -1.555975287E-01  1.449466000E-01  1.511143533E-01  3.912966067E-01  1.370340700E-02  4.842399100E-04  0.000000000E+00
 0.000000000E+00  5.295011600E-04  1.329603300E-02  1.352294097E-01 -1.514760477E-01  1.336439700E-01  1.458659050E-01  3.764809250E-01  1.329603300E-02  5.295011600E-04  0.000000000E+00
 0.000000000E+00  5.669028500E-04  1.289455500E-02  1.315095345E-01 -1.473920995E-01  1.231352100E-01  1.407638094E-01  3.621397806E-01  1.289455500E-02  5.669028500E-04  0.000000000E+00
 0.000000000E+00  5.971950400E-04  1.249936500E-02  1.278316832E-01 -1.433502972E-01  1.133812600E-01  1.358059622E-01  3.482631978E-01  1.249936500E-02  5.971950400E-04  0.000000000E+00
 0.000000000E+00  6.210739900E-04  1.211080200E-02  1.241995461E-01 -1.393547961E-01  1.043422700E-01  1.309901317E-01  3.348408183E-01  1.211080200E-02  6.210739900E-04  0.000000000E+00
 0.000000000E+00  2.238846600E-12  1.498536800E-02  1.603341712E-01 -1.813704092E-01  2.022400600E-01  1.731445656E-01  4.515286944E-01  1.498536800E-02  2.238864100E-12  0.000000000E+00
 0.000000000E+00  8.709350700E-05  1.456142800E-02  1.560384155E-01 -1.765651825E-01  1.867484800E-01  1.671309867E-01  4.342670933E-01  1.456142800E-02  8.709350700E-05  0.000000000E+00
 0.000000000E+00  1.635195200E-04  1.414193700E-02  1.517773004E-01 -1.717963084E-01  1.722388400E-01  1.612789572E-01  4.175516528E-01  1.414193700E-02  1.635195200E-04  0.000000000E+00
 0.000000000E+00  2.300859900E-04  1.372738500E-02  1.475566675E-01 -1.670704985E-01  1.586837800E-01  1.555874289E-01  4.013738111E-01  1.372738500E-02  2.300859900E-04  0.000000000E+00
 0.000000000E+00  2.875759300E-04  1.331822800E-02  1.433818183E-01 -1.623938233E-01  1.460505900E-01  1.500550800E-01  3.857241200E-01  1.331822800E-02  2.875759300E-04  0.000000000E+00
 0.000000000E+00  3.367426800E-04  1.291488500E-02  1.392575432E-01 -1.577717452E-01  1.343024800E-01  1.446801506E-01  3.705925394E-01  1.291488500E-02  3.367426800E-04  0.000000000E+00
 0.000000000E+00  3.783083800E-04  1.251773900E-02  1.351881258E-01 -1.532091298E-01  1.233997400E-01  1.394607272E-01  3.559682628E-01  1.251773900E-02  3.783083800E-04  0.000000000E+00
 0.000000000E+00  4.129625700E-04  1.212713800E-02  1.311773691E-01 -1.487102851E-01  1.133005000E-01  1.343945672E-01  3.418401028E-01  1.212713800E-02  4.129625700E-04  0.000000000E+00
 0.000000000E+00  4.413551100E-04  1.174339000E-02  1.272286423E-01 -1.442790233E-01  1.039617100E-01  1.294792400E-01  3.281964800E-01  1.174339000E-02  4.413551100E-04  0.000000000E+00
 0.000000000E+00  4.640998200E-04  1.136676600E-02  1.233448894E-01 -1.399186714E-01  9.533983900E-02  1.247122489E-01  3.150253911E-01  1.136676600E-02  4.640998200E-04  0.000000000E+00
 0.000000000E+00  4.817663900E-04  1.099749600E-02  1.195286444E-01 -1.356321084E-01  8.739156900E-02  1.200908250E-01  3.023147650E-01  1.099749600E-02  4.817663900E-04  0.000000000E+00
 0.000000000E+00  1.747254300E-12  1.385305700E-02  1.571053564E-01 -1.795924204E-01  1.756808100E-01  1.609851211E-01  4.129389789E-01  1.385305700E-02  1.747319300E-12  0.000000000E+00
 0.000000000E+00  6.791125200E-05  1.343965900E-02  1.524643158E-01 -1.743094518E-01  1.614485900E-01  1.551219883E-01  3.963930617E-01  1.343966000E-02  6.791125200E-05  0.000000000E+00
 0.000000000E+00  1.273543800E-04  1.303189600E-02  1.478871172E-01 -1.690980752E-01  1.482120300E-01  1.494283994E-01  3.804082506E-01  1.303189600E-02  1.273543800E-04  0.000000000E+00
 0.000000000E+00  1.789655100E-04  1.263015300E-02  1.433785013E-01 -1.639638133E-01  1.359294800E-01  1.439027567E-01  3.649735433E-01  1.263015300E-02  1.789655100E-04  0.000000000E+00
 0.000000000E+00  2.233670300E-04  1.223479000E-02  1.389426360E-01 -1.589115040E-01  1.245559700E-01  1.385429728E-01  3.500773972E-01  1.223479000E-02  2.233670300E-04  0.000000000E+00
 0.000000000E+00  2.611621000E-04  1.184613400E-02  1.345831544E-01 -1.539453494E-01  1.140443800E-01  1.333467667E-01  3.357075133E-01  1.184613400E-02  2.611621000E-04  0.000000000E+00
 0.000000000E+00  2.929316900E-04  1.146448100E-02  1.303031631E-01 -1.490689231E-01  1.043466100E-01  1.283115989E-01  3.218511811E-01  1.146448100E-02  2.929316900E-04  0.000000000E+00
 0.000000000E+00  3.192322800E-04  1.109009600E-02  1.261053129E-01 -1.442852579E-01  9.541419300E-02  1.234346917E-01  3.084952983E-01  1.109009600E-02  3.192322800E-04  0.000000000E+00
 0.000000000E+00  3.405895600E-04  1.072320700E-02  1.219917949E-01 -1.395968599E-01  8.719907100E-02  1.187130267E-01  2.956265733E-01  1.072320800E-02  3.405895600E-04  0.000000000E+00
 0.000000000E+00  3.575004100E-04  1.036401200E-02  1.179643977E-01 -1.350057637E-01  7.965402900E-02  1.141435278E-01  2.832314522E-01  1.036401200E-02  3.575004100E-04  0.000000000E+00
 0.000000000E+00  3.704263300E-04  1.001266800E-02  1.140245319E-01 -1.305135789E-01  7.273346100E-02  1.097229478E-01  2.712963122E-01  1.001266800E-02  3.704263300E-04  0.000000000E+00
 0.000000000E+00  1.350982600E-12  1.286453900E-02  1.523578240E-01 -1.756473840E-01  1.512078800E-01  1.489532383E-01  3.753801117E-01  1.286453800E-02  1.350847200E-12  0.000000000E+00
 0.000000000E+00  5.243575600E-05  1.245745900E-02  1.474550631E-01 -1.699875431E-01  1.383691300E-01  1.432712617E-01  3.596514283E-01  1.245745900E-02  5.243575600E-05  0.000000000E+00
 0.000000000E+00  9.821448200E-05  1.205743000E-02  1.426453796E-01 -1.644352206E-01  1.264970500E-01  1.377672922E-01  3.444901678E-01  1.205743000E-02  9.821448200E-05  0.000000000E+00
 0.000000000E+00  1.378332900E-04  1.166472200E-02  1.379317389E-01 -1.589940189E-01  1.155402000E-01  1.324384989E-01  3.298834811E-01  1.166472200E-02  1.378332900E-04  0.000000000E+00
 0.000000000E+00  1.717828300E-04  1.127958100E-02  1.333166273E-01 -1.536669153E-01  1.054465900E-01  1.272818550E-01  3.158179150E-01  1.127958100E-02  1.717828300E-04  0.000000000E+00
 0.000000000E+00  2.005413100E-04  1.090222800E-02  1.288020792E-01 -1.484563122E-01  9.616427500E-02  1.222940861E-01  3.022795639E-01  1.090222800E-02  2.005413100E-04  0.000000000E+00
 0.000000000E+00  2.245717100E-04  1.053285600E-02  1.243896714E-01 -1.433640414E-01  8.764194200E-02  1.174717811E-01  2.892540789E-01  1.053285600E-02  2.245717100E-04  0.000000000E+00
 0.000000000E+00  2.443191300E-04  1.017163000E-02  1.200806071E-01 -1.383914661E-01  7.982915900E-02  1.128113083E-01  2.767269417E-01  1.017163000E-02  2.443191300E-04  0.000000000E+00
 0.000000000E+00  2.602040100E-04  9.818687100E-03  1.158757017E-01 -1.335394877E-01  7.267693400E-02  1.083089878E-01  2.646834322E-01  9.818686900E-03  2.602040100E-04  0.000000000E+00
 0.000000000E+00  2.726244200E-04  9.474133100E-03  1.117754318E-01 -1.288086008E-01  6.613795200E-02  1.039610189E-01  2.531087611E-01  9.474132900E-03  2.726244200E-04  0.000000000E+00
 0.000000000E+00  2.819496800E-04  9.138043700E-03  1.077799638E-01 -1.241989408E-01  6.016685700E-02  9.976355056E-02  2.419881394E-01  9.138043500E-03  2.819496800E-04  0.000000000E+00
 0.000000000E+00  1.032385100E-12  1.196135800E-02  1.463756455E-01 -1.698199365E-01  1.291389000E-01  1.371759506E-01  3.390496594E-01  1.196135800E-02  1.032325500E-12  0.000000000E+00
 0.000000000E+00  4.003191200E-05  1.155977900E-02  1.413061491E-01 -1.639076331E-01  1.177018400E-01  1.317204794E-01  3.242158106E-01  1.155977900E-02  4.003191200E-05  0.000000000E+00
 0.000000000E+00  7.488972600E-05  1.116669600E-02  1.363526338E-01 -1.581318988E-01  1.071774800E-01  1.264455039E-01  3.099501861E-01  1.116669600E-02  7.488972600E-05  0.000000000E+00
 0.000000000E+00  1.049562500E-04  1.078225400E-02  1.315169979E-01 -1.524950009E-01  9.751103300E-02  1.213478100E-01  2.962379700E-01  1.078225400E-02  1.049562500E-04  0.000000000E+00
 0.000000000E+00  1.306134000E-04  1.040658000E-02  1.268006292E-01 -1.469985622E-01  8.864804500E-02  1.164239361E-01  2.830638939E-01  1.040658000E-02  1.306134000E-04  0.000000000E+00
 0.000000000E+00  1.522363000E-04  1.003978000E-02  1.222044611E-01 -1.416436321E-01  8.053495500E-02  1.116702011E-01  2.704124189E-01  1.003978000E-02  1.522363000E-04  0.000000000E+00
 0.000000000E+00  1.701898900E-04  9.681938300E-03  1.177289773E-01 -1.364307083E-01  7.311961400E-02  1.070828267E-01  2.582676533E-01  9.681938300E-03  1.701898900E-04  0.000000000E+00
 0.000000000E+00  1.848259200E-04  9.333115500E-03  1.133742782E-01 -1.313598132E-01  6.635162400E-02  1.026578322E-01  2.466137078E-01  9.333115500E-03  1.848259200E-04  0.000000000E+00
 0.000000000E+00  1.964777700E-04  8.993348500E-03  1.091401137E-01 -1.264305527E-01  6.018261900E-02  9.839112667E-02  2.354346333E-01  8.993348400E-03  1.964777700E-04  0.000000000E+00
 0.000000000E+00  2.054610300E-04  8.662651100E-03  1.050259082E-01 -1.216421432E-01  5.456645300E-02  9.427865944E-02  2.247144706E-01  8.662651100E-03  2.054610300E-04  0.000000000E+00
 0.000000000E+00  2.120689300E-04  8.341012000E-03  1.010307898E-01 -1.169934578E-01  4.945948100E-02  9.031614444E-02  2.144375356E-01  8.341012000E-03  2.120689300E-04  0.000000000E+00
 0.000000000E+00  0.000000000E+00  1.110059700E-02  1.394030061E-01 -1.624741201E-01  1.094319700E-01  1.257901967E-01  3.041674633E-01  1.110059700E-02  0.000000000E+00  0.000000000E+00
 0.000000000E+00  3.010848100E-05  1.070666100E-02  1.342347043E-01 -1.564008703E-01  9.940776600E-02  1.205726750E-01  2.903039350E-01  1.070666100E-02  3.010848100E-05  0.000000000E+00
 0.000000000E+00  5.624859300E-05  1.032246800E-02  1.292047777E-01 -1.504925797E-01  9.021318500E-02  1.155388833E-01  2.770004167E-01  1.032246800E-02  5.624859300E-05  0.000000000E+00
 0.000000000E+00  7.871444100E-05  9.948048400E-03  1.243135646E-01 -1.447495996E-01  8.179476700E-02  1.106848233E-01  2.642407967E-01  9.948048400E-03  7.871444100E-05  0.000000000E+00
 0.000000000E+00  9.780123200E-05  9.583417100E-03  1.195609802E-01 -1.391717392E-01  7.410046000E-02  1.060063494E-01  2.520085606E-01  9.583417100E-03  9.780123200E-05  0.000000000E+00
 0.000000000E+00  1.138001400E-04  9.228572100E-03  1.149465324E-01 -1.337582994E-01  6.707981700E-02  1.014991156E-01  2.402870444E-01  9.228572100E-03  1.138001400E-04  0.000000000E+00
 0.000000000E+00  1.269953200E-04  8.883494100E-03  1.104693726E-01 -1.285081356E-01  6.068413600E-02  9.715867611E-02  2.290594339E-01  8.883494100E-03  1.269953200E-04  0.000000000E+00
 0.000000000E+00  1.376611400E-04  8.548146200E-03  1.061283069E-01 -1.234196869E-01  5.486661300E-02  9.298049444E-02  2.183089256E-01  8.548146200E-03  1.376611400E-04  0.000000000E+00
 0.000000000E+00  1.460578000E-04  8.222472200E-03  1.019218708E-01 -1.184910648E-01  4.958254400E-02  8.896004389E-02  2.080187261E-01  8.222472200E-03  1.460578000E-04  0.000000000E+00
 0.000000000E+00  1.524316900E-04  7.906398900E-03  9.784833250E-02 -1.137200655E-01  4.478943700E-02  8.509266333E-02  1.981723167E-01  7.906398800E-03  1.524316900E-04  0.000000000E+00
 0.000000000E+00  1.570119300E-04  7.599834300E-03  9.390573194E-02 -1.091042229E-01  4.044696200E-02  8.137381222E-02  1.887532478E-01  7.599834300E-03  1.570119300E-04  0.000000000E+00
 0.000000000E+00  0.000000000E+00  1.026887600E-02  1.316248791E-01 -1.538196621E-01  9.280484900E-02  1.147886972E-01  2.710932728E-01  1.026887600E-02  0.000000000E+00  0.000000000E+00
 0.000000000E+00  2.210087100E-05  9.886169100E-03  1.264357587E-01 -1.476979037E-01  8.398340400E-02  1.098415278E-01  2.582294522E-01  9.886169000E-03  2.210087100E-05  0.000000000E+00
 0.000000000E+00  4.125854500E-05  9.514104800E-03  1.214021694E-01 -1.417621184E-01  7.591388100E-02  1.050762978E-01  2.459137822E-01  9.514104600E-03  4.125854500E-05  0.000000000E+00
 0.000000000E+00  5.768304400E-05  9.152604600E-03  1.165234140E-01 -1.360114340E-01  6.854934200E-02  1.004889150E-01  2.341285750E-01  9.152604500E-03  5.768304400E-05  0.000000000E+00
 0.000000000E+00  7.158922700E-05  8.801583300E-03  1.117983363E-01 -1.304444053E-01  6.184269800E-02  9.607491278E-02  2.228561772E-01  8.801583100E-03  7.158922700E-05  0.000000000E+00
 0.000000000E+00  8.319214900E-05  8.460946200E-03  1.072254016E-01 -1.250591016E-01  5.574735300E-02  9.182978556E-02  2.120787944E-01  8.460946100E-03  8.319214900E-05  0.000000000E+00
 0.000000000E+00  9.270369600E-05  8.130587200E-03  1.028027103E-01 -1.198531443E-01  5.021773400E-02  8.774894667E-02  2.017786533E-01  8.130587100E-03  9.270369600E-05  0.000000000E+00
 0.000000000E+00  1.003299300E-04  7.810389000E-03  9.852806583E-02 -1.148237828E-01  4.520988500E-02  8.382762500E-02  1.919382050E-01  7.810388900E-03  1.003299300E-04  0.000000000E+00
 0.000000000E+00  1.062677000E-04  7.500221800E-03  9.439900800E-02 -1.099679520E-01  4.068162600E-02  8.006118056E-02  1.825399294E-01  7.500221700E-03  1.062677000E-04  0.000000000E+00
 0.000000000E+00  1.107037900E-04  7.199943900E-03  9.041284728E-02 -1.052823103E-01  3.659283000E-02  7.644477611E-02  1.735667739E-01  7.199943800E-03  1.107037900E-04  0.000000000E+00
 0.000000000E+00  1.138125100E-04  6.909400600E-03  8.656670467E-02 -1.007632967E-01  3.290572300E-02  7.297367333E-02  1.650018867E-01  6.909400500E-03  1.138125100E-04  0.000000000E+00
 0.000000000E+00  0.000000000E+00  9.485220100E-03  1.232460072E-01 -1.442573532E-01  7.858919400E-02  1.043635144E-01  2.398156256E-01  9.485219900E-03  0.000000000E+00  0.000000000E+00
 0.000000000E+00  1.574400500E-05  9.115396200E-03  1.180898846E-01 -1.381611756E-01  7.075762300E-02  9.967979389E-02  2.279844761E-01  9.115396000E-03  1.574400500E-05  0.000000000E+00
 0.000000000E+00  2.939386000E-05  8.756785800E-03  1.131060521E-01 -1.322709251E-01  6.363746600E-02  9.517774167E-02  2.166829083E-01  8.756785700E-03  2.939386000E-05  0.000000000E+00
 0.000000000E+00  4.108453400E-05  8.409244400E-03  1.082923104E-01 -1.265840064E-01  5.717807500E-02  9.085265611E-02  2.058925739E-01  8.409244300E-03  4.108453400E-05  0.000000000E+00
 0.000000000E+00  5.096051500E-05  8.072621300E-03  1.036460996E-01 -1.210973476E-01  5.132991900E-02  8.669979722E-02  1.955949328E-01  8.072621200E-03  5.096051500E-05  0.000000000E+00
 0.000000000E+00  5.917079900E-05  7.746758300E-03  9.916454628E-02 -1.158074633E-01  4.604509400E-02  8.271415000E-02  1.857716300E-01  7.746758200E-03  5.917079900E-05  0.000000000E+00
 0.000000000E+00  6.586571600E-05  7.431489300E-03  9.484449050E-02 -1.107105115E-01  4.127777500E-02  7.889077000E-02  1.764043300E-01  7.431489200E-03  6.586571600E-05  0.000000000E+00
 0.000000000E+00  7.119372900E-05  7.126639700E-03  9.068255056E-02 -1.058023606E-01  3.698417900E-02  7.522454722E-02  1.674750428E-01  7.126639600E-03  7.119372900E-05  0.000000000E+00
 0.000000000E+00  7.529773900E-05  6.832025100E-03  8.667515217E-02 -1.010786472E-01  3.312300100E-02  7.171039944E-02  1.589660106E-01  6.832025000E-03  7.529773900E-05  0.000000000E+00
 0.000000000E+00  7.831461800E-05  6.547452900E-03  8.281856322E-02 -9.653481322E-02  2.965542100E-02  6.834329111E-02  1.508598289E-01  6.547452800E-03  7.831461800E-05  0.000000000E+00
 0.000000000E+00  8.037307300E-05  6.272721900E-03  7.910892672E-02 -9.216615972E-02  2.654527900E-02  6.511818833E-02  1.431394937E-01  6.272721800E-03  8.037307300E-05  0.000000000E+00
 0.000000000E+00  0.000000000E+00  8.752558400E-03  1.143452497E-01 -1.339655767E-01  6.590037100E-02  9.444938611E-02  2.103587039E-01  8.752558300E-03  0.000000000E+00  0.000000000E+00
 0.000000000E+00  1.080389100E-05  8.395376100E-03  1.092926774E-01 -1.279817984E-01  5.902818800E-02  9.003921389E-02  1.995841761E-01  8.395376000E-03  1.080389100E-05  0.000000000E+00
 0.000000000E+00  2.019208500E-05  8.049981800E-03  1.044242808E-01 -1.222179798E-01  5.281586900E-02  8.580854778E-02  1.893161122E-01  8.049981700E-03  2.019208500E-05  0.000000000E+00
 0.000000000E+00  2.823859200E-05  7.716149600E-03  9.973669400E-02 -1.166702140E-01  4.721217700E-02  8.175235278E-02  1.795352172E-01  7.716149500E-03  2.823859200E-05  0.000000000E+00
 0.000000000E+00  3.503049900E-05  7.393654600E-03  9.522622861E-02 -1.113341596E-01  4.216769600E-02  7.786546056E-02  1.702223694E-01  7.393654600E-03  3.503049900E-05  0.000000000E+00
 0.000000000E+00  4.066323000E-05  7.082270900E-03  9.088893272E-02 -1.062051257E-01  3.763515600E-02  7.414258889E-02  1.613586911E-01  7.082270800E-03  4.066323000E-05  0.000000000E+00
 0.000000000E+00  4.523644200E-05  6.781768700E-03  8.672062761E-02 -1.012781166E-01  3.356964100E-02  7.057849389E-02  1.529254961E-01  6.781768700E-03  4.523644200E-05  0.000000000E+00
 0.000000000E+00  4.885083900E-05  6.491914200E-03  8.271696122E-02 -9.654791122E-02  2.992889200E-02  6.716781194E-02  1.449045971E-01  6.491914100E-03  4.885083900E-05  0.000000000E+00
 0.000000000E+00  5.160611400E-05  6.212469400E-03  7.887344806E-02 -9.200910506E-02  2.667330300E-02  6.390528028E-02  1.372781067E-01  6.212469400E-03  5.160611400E-05  0.000000000E+00
 0.000000000E+00  5.359842600E-05  5.943191400E-03  7.518549867E-02 -8.765616347E-02  2.376599800E-02  6.078565806E-02  1.300286249E-01  5.943191300E-03  5.359842600E-05  0.000000000E+00
 0.000000000E+00  5.491973200E-05  5.683833100E-03  7.164846131E-02 -8.348346641E-02  2.117285900E-02  5.780371033E-02  1.231393197E-01  5.683833100E-03  5.491973200E-05  0.000000000E+00
 0.000000000E+00  0.000000000E+00  8.056385200E-03  1.051337521E-01 -1.232379451E-01  5.464826300E-02  8.507655833E-02  1.829085917E-01  8.056385100E-03  0.000000000E+00  0.000000000E+00
 0.000000000E+00  7.034390900E-06  7.712821000E-03  1.002335452E-01 -1.174232032E-01  4.868988800E-02  8.093235111E-02  1.732082489E-01  7.712820900E-03  7.034390900E-06  0.000000000E+00
 0.000000000E+00  1.318169600E-05  7.381452600E-03  9.552731622E-02 -1.118406122E-01  4.333581100E-02  7.696589722E-02  1.639834328E-01  7.381452600E-03  1.318169600E-05  0.000000000E+00
 0.000000000E+00  1.846848500E-05  7.061995700E-03  9.101045067E-02 -1.064848147E-01  3.853490000E-02  7.317174667E-02  1.552148933E-01  7.061995600E-03  1.846848500E-05  0.000000000E+00
 0.000000000E+00  2.293698900E-05  6.754167500E-03  8.667808867E-02 -1.013501007E-01  3.423843300E-02  6.954443722E-02  1.468835728E-01  6.754167400E-03  2.293698900E-05  0.000000000E+00
 0.000000000E+00  2.664013700E-05  6.457685200E-03  8.252518011E-02 -9.643047011E-02  3.040038300E-02  6.607831750E-02  1.389707915E-01  6.457685200E-03  2.664013700E-05  0.000000000E+00
 0.000000000E+00  2.963795500E-05  6.172265500E-03  7.854652083E-02 -9.171970383E-02  2.697764900E-02  6.276783611E-02  1.314581539E-01  6.172265500E-03  2.963795500E-05  0.000000000E+00
 0.000000000E+00  3.199420700E-05  5.897623700E-03  7.473680719E-02 -8.721142709E-02  2.392998700E-02  5.960741461E-02  1.243277024E-01  5.897623700E-03  3.199420700E-05  0.000000000E+00
 0.000000000E+00  3.377341200E-05  5.633473500E-03  7.109066397E-02 -8.289916347E-02  2.122013800E-02  5.659146956E-02  1.175620264E-01  5.633473500E-03  3.377341200E-05  0.000000000E+00
 0.000000000E+00  3.503946700E-05  5.379527200E-03  6.760267936E-02 -7.877637346E-02  1.881374700E-02  5.371451250E-02  1.111441785E-01  5.379527200E-03  3.503946700E-05  0.000000000E+00
 0.000000000E+00  3.585444200E-05  5.135496600E-03  6.426744494E-02 -7.483651314E-02  1.667939900E-02  5.097112872E-02  1.050577703E-01  5.135496600E-03  3.585444200E-05  0.000000000E+00
 0.000000000E+00  0.000000000E+00  7.392096700E-03  9.564070556E-02 -1.121150336E-01  4.484420500E-02  7.603829778E-02  1.577501422E-01  7.392096700E-03  0.000000000E+00  0.000000000E+00
 0.000000000E+00  4.194525400E-06  7.063011900E-03  9.095178717E-02 -1.065387402E-01  3.973984000E-02  7.217288667E-02  1.490962333E-01  7.063011900E-03  4.194525400E-06  0.000000000E+00
 0.000000000E+00  7.910945400E-06  6.746418800E-03  8.646294200E-02 -1.012028900E-01  3.517842500E-02  6.848310111E-02  1.408840549E-01  6.746418800E-03  7.910945400E-06  0.000000000E+00
 0.000000000E+00  1.113929400E-05  6.441970000E-03  8.216840228E-02 -9.610066728E-02  3.111087200E-02  6.496287028E-02  1.330946407E-01  6.441970000E-03  1.113929400E-05  0.000000000E+00
 0.000000000E+00  1.388674300E-05  6.149325900E-03  7.806223131E-02 -9.122500041E-02  2.749098500E-02  6.160619706E-02  1.257092159E-01  6.149325900E-03  1.388674300E-05  0.000000000E+00
 0.000000000E+00  1.617310500E-05  5.868152100E-03  7.413837417E-02 -8.656863957E-02  2.427555200E-02  5.840699378E-02  1.187095182E-01  5.868152100E-03  1.617310500E-05  0.000000000E+00
 0.000000000E+00  1.802667500E-05  5.598117500E-03  7.039070353E-02 -8.212421263E-02  2.142437900E-02  5.535925228E-02  1.120776867E-01  5.598117500E-03  1.802667500E-05  0.000000000E+00
 0.000000000E+00  1.948093600E-05  5.338893600E-03  6.681306014E-02 -7.788428584E-02  1.890028500E-02  5.245701439E-02  1.057963706E-01  5.338893600E-03  1.948093600E-05  0.000000000E+00
 0.000000000E+00  2.057327400E-05  5.090154900E-03  6.339929458E-02 -7.384141868E-02  1.666906100E-02  4.969439989E-02  9.984876211E-02  5.090154900E-03  2.057327400E-05  0.000000000E+00
 0.000000000E+00  2.134181500E-05  4.851577500E-03  6.014329264E-02 -6.998819934E-02  1.469938000E-02  4.706565806E-02  9.421859694E-02  4.851577500E-03  2.134181500E-05  0.000000000E+00
 0.000000000E+00  2.182574100E-05  4.622841100E-03  5.703901025E-02 -6.631728995E-02  1.296268800E-02  4.456514067E-02  8.889021933E-02  4.622841100E-03  2.182574100E-05  0.000000000E+00
 0.000000000E+00  0.000000000E+00  6.756236300E-03  8.605916061E-02 -1.007628116E-01  3.643027000E-02  6.738835722E-02  1.348855168E-01  6.756236300E-03  0.000000000E+00  0.000000000E+00
 0.000000000E+00  2.109924200E-06  6.442689300E-03  8.163321156E-02 -9.548993156E-02  3.208290000E-02  6.381900278E-02  1.272374752E-01  6.442689300E-03  2.109924200E-06  0.000000000E+00
 0.000000000E+00  4.053495800E-06  6.141756600E-03  7.740924450E-02 -9.046099350E-02  2.822199400E-02  6.042007378E-02  1.199954302E-01  6.141756600E-03  4.053495800E-06  0.000000000E+00
 0.000000000E+00  5.791361800E-06  5.853055700E-03  7.338049133E-02 -8.566794333E-02  2.480113300E-02  5.718526300E-02  1.131408590E-01  5.853055700E-03  5.791361800E-06  0.000000000E+00
 0.000000000E+00  7.302817300E-06  5.576210500E-03  6.954010769E-02 -8.110256859E-02  2.177674400E-02  5.410823594E-02  1.066556971E-01  5.576210600E-03  7.302817300E-06  0.000000000E+00
 0.000000000E+00  8.581608600E-06  5.310850200E-03  6.588122422E-02 -7.675657142E-02  1.910823100E-02  5.118272517E-02  1.005223098E-01  5.310850200E-03  8.581608600E-06  0.000000000E+00
 0.000000000E+00  9.630986600E-06  5.056607500E-03  6.239698497E-02 -7.262163287E-02  1.675807100E-02  4.840252933E-02  9.472357867E-02  5.056607500E-03  9.630986600E-06  0.000000000E+00
 0.000000000E+00  1.046127100E-05  4.813118700E-03  5.908059036E-02 -6.868947526E-02  1.469177900E-02  4.576155239E-02  8.924292461E-02  4.813118700E-03  1.046127100E-05  0.000000000E+00
 0.000000000E+00  1.108866000E-05  4.580025700E-03  5.592531142E-02 -6.495188012E-02  1.287783900E-02  4.325381233E-02  8.406433767E-02  4.580025700E-03  1.108866000E-05  0.000000000E+00
 0.000000000E+00  1.153160000E-05  4.356973600E-03  5.292452744E-02 -6.140074864E-02  1.128759900E-02  4.087346317E-02  7.917240383E-02  4.356973600E-03  1.153160000E-05  0.000000000E+00
 0.000000000E+00  1.181086300E-05  4.143613200E-03  5.007175178E-02 -5.802813578E-02  9.895210500E-03  3.861480989E-02  7.455232011E-02  4.143613200E-03  1.181086300E-05  0.000000000E+00
 0.000000000E+00  0.000000000E+00  6.157467500E-03  7.651647775E-02 -8.932177005E-02  2.909314400E-02  5.918130489E-02  1.142638311E-01  6.157467500E-03  0.000000000E+00  0.000000000E+00
 0.000000000E+00  6.594743000E-07  5.859034300E-03  7.239743186E-02 -8.441290296E-02  2.544119100E-02  5.591054150E-02  1.075823875E-01  5.859034300E-03  6.594743000E-07  0.000000000E+00
 0.000000000E+00  1.371882100E-06  5.573406500E-03  6.847812750E-02 -7.974685370E-02  2.222268100E-02  5.280442322E-02  1.012678868E-01  5.573406500E-03  1.371882100E-06  0.000000000E+00
 0.000000000E+00  2.078024200E-06  5.300134000E-03  6.475109231E-02 -7.531445541E-02  1.939271400E-02  4.985635089E-02  9.530279711E-02  5.300134000E-03  2.078024200E-06  0.000000000E+00
 0.000000000E+00  2.738050100E-06  5.038780300E-03  6.120885892E-02 -7.110651782E-02  1.690970600E-02  4.705977767E-02  8.967006833E-02  5.038780300E-03  2.738050100E-06  0.000000000E+00
 0.000000000E+00  3.325895000E-06  4.788920200E-03  5.784399222E-02 -6.711386902E-02  1.473547200E-02  4.440821967E-02  8.435317833E-02  4.788920200E-03  3.325895000E-06  0.000000000E+00
 0.000000000E+00  3.829150600E-06  4.550141000E-03  5.464914361E-02 -6.332742541E-02  1.283513400E-02  4.189530350E-02  7.933612950E-02  4.550141000E-03  3.829150600E-06  0.000000000E+00
 0.000000000E+00  4.243163600E-06  4.322039000E-03  5.161706214E-02 -5.973821424E-02  1.117693200E-02  3.951477494E-02  7.460348806E-02  4.322039000E-03  4.243163600E-06  0.000000000E+00
 0.000000000E+00  4.566679500E-06  4.104217300E-03  4.874064050E-02 -5.633744470E-02  9.732205700E-03  3.726053400E-02  7.014041400E-02  4.104217300E-03  4.566679500E-06  0.000000000E+00
 0.000000000E+00  4.803544200E-06  3.896288500E-03  4.601292878E-02 -5.311651718E-02  8.475166400E-03  3.512664011E-02  6.593264589E-02  3.896288600E-03  4.803544200E-06  0.000000000E+00
 0.000000000E+00  4.961657500E-06  3.697875600E-03  4.342715486E-02 -5.006705036E-02  7.382757900E-03  3.310734028E-02  6.196651872E-02  3.697875600E-03  4.961657500E-06  0.000000000E+00
 0.000000000E+00  0.000000000E+00  5.578087600E-03  6.714605217E-02 -7.800162717E-02  2.278208100E-02  5.135921011E-02  9.596981589E-02  5.578087600E-03  0.000000000E+00  0.000000000E+00
 0.000000000E+00 -3.101188100E-07  5.296172500E-03  6.337106317E-02 -7.351266097E-02  1.977404100E-02  4.839895044E-02  9.017923756E-02  5.296172500E-03 -3.101188100E-07  0.000000000E+00
 0.000000000E+00 -4.187092200E-07  5.026985500E-03  5.979017172E-02 -6.925967472E-02  1.714243600E-02  4.559636278E-02  8.471791122E-02  5.026985500E-03 -4.187092200E-07  0.000000000E+00
 0.000000000E+00 -3.975405300E-07  4.770056600E-03  5.639525275E-02 -6.523270785E-02  1.484586200E-02  4.294438367E-02  7.956943033E-02  4.770056600E-03 -3.975405300E-07  0.000000000E+00
 0.000000000E+00 -2.990484200E-07  4.524928500E-03  5.317827889E-02 -6.142187889E-02  1.284630000E-02  4.043610511E-02  7.471787089E-02  4.524928500E-03 -2.990484300E-07  0.000000000E+00
 0.000000000E+00 -1.610794100E-07  4.291155100E-03  5.013136578E-02 -5.781745778E-02  1.110907000E-02  3.806478111E-02  7.014783889E-02  4.291155100E-03 -1.610794100E-07  0.000000000E+00
 0.000000000E+00 -8.748284700E-09  4.068301200E-03  4.724678294E-02 -5.440988154E-02  9.602697000E-03  3.582384778E-02  6.584448022E-02  4.068301200E-03 -8.748284700E-09  0.000000000E+00
 0.000000000E+00  1.412772900E-07  3.855941400E-03  4.451699239E-02 -5.118981539E-02  8.298862300E-03  3.370692600E-02  6.179351400E-02  3.855941400E-03  1.412772900E-07  0.000000000E+00
 0.000000000E+00  2.777184000E-07  3.653659100E-03  4.193466014E-02 -4.814817384E-02  7.172155600E-03  3.170785894E-02  5.798122406E-02  3.653659100E-03  2.777184000E-07  0.000000000E+00
 0.000000000E+00  3.944633900E-07  3.461047500E-03  3.949267553E-02 -4.527614543E-02  6.199905800E-03  2.982068744E-02  5.439449056E-02  3.461047500E-03  3.944633900E-07  0.000000000E+00
 0.000000000E+00  4.899032700E-07  3.277710900E-03  3.718415858E-02 -4.256520268E-02  5.362002900E-03  2.803969072E-02  5.102076428E-02  3.277710900E-03  4.899032700E-07  0.000000000E+00
 0.000000000E+00  0.000000000E+00  5.015524800E-03  5.816349639E-02 -6.707564259E-02  1.752672300E-02  4.397497367E-02  7.984028433E-02  5.015524700E-03  0.000000000E+00  0.000000000E+00
 0.000000000E+00 -9.158734400E-07  4.751463500E-03  5.475898411E-02 -6.304001571E-02  1.506676300E-02  4.133654311E-02  7.486317289E-02  4.751463500E-03 -9.158734400E-07  0.000000000E+00
 0.000000000E+00 -1.532962200E-06  4.499975000E-03  5.153835267E-02 -5.922875187E-02  1.293448700E-02  3.884565561E-02  7.018033939E-02  4.499974900E-03 -1.532962200E-06  0.000000000E+00
 0.000000000E+00 -1.931776300E-06  4.260557900E-03  4.849331411E-02 -5.563150491E-02  1.109147400E-02  3.649525550E-02  6.577632550E-02  4.260557800E-03 -1.931776300E-06  0.000000000E+00
 0.000000000E+00 -2.173373100E-06  4.032724800E-03  4.561572911E-02 -5.223809391E-02  9.502677800E-03  3.427844639E-02  6.163617461E-02  4.032724800E-03 -2.173373100E-06  0.000000000E+00
 0.000000000E+00 -2.301746600E-06  3.816003200E-03  4.289763817E-02 -4.903854757E-02  8.136327100E-03  3.218853656E-02  5.774544144E-02  3.816003200E-03 -2.301746600E-06  0.000000000E+00
 0.000000000E+00 -2.352743700E-06  3.609929400E-03  4.033129878E-02 -4.602317438E-02  6.963880800E-03  3.021903594E-02  5.409028106E-02  3.609929400E-03 -2.352743700E-06  0.000000000E+00
 0.000000000E+00 -2.353231200E-06  3.414052200E-03  3.790918731E-02 -4.318255721E-02  5.959837300E-03  2.836367767E-02  5.065742433E-02  3.414052200E-03 -2.353231200E-06  0.000000000E+00
 0.000000000E+00 -2.318513700E-06  3.227937000E-03  3.562403275E-02 -4.050759105E-02  5.101537600E-03  2.661643733E-02  4.743416667E-02  3.227937000E-03 -2.318513700E-06  0.000000000E+00
 0.000000000E+00 -2.260942900E-06  3.051159500E-03  3.346881664E-02 -3.798950104E-02  4.368970700E-03  2.497151017E-02  4.440842683E-02  3.051159400E-03 -2.260942900E-06  0.000000000E+00
 0.000000000E+00 -2.188735000E-06  2.883308200E-03  3.143678612E-02 -3.561985392E-02  3.744551500E-03  2.342335300E-02  4.156869700E-02  2.883308200E-03 -2.188735000E-06  0.000000000E+00
 0.000000000E+00  0.000000000E+00  4.471670100E-03  4.977946108E-02 -5.670483338E-02  1.304599900E-02  3.713247511E-02  6.568705689E-02  4.471670100E-03  0.000000000E+00  0.000000000E+00
 0.000000000E+00 -1.186628400E-06  4.226384400E-03  4.674859192E-02 -5.314427362E-02  1.106890800E-02  3.481724217E-02  6.147201883E-02  4.226384300E-03 -1.186628400E-06  0.000000000E+00
 0.000000000E+00 -2.035920300E-06  3.993438800E-03  4.388898669E-02 -4.979234959E-02  9.379051500E-03  3.263740328E-02  5.751279772E-02  3.993438800E-03 -2.035920300E-06  0.000000000E+00
 0.000000000E+00 -2.630007400E-06  3.772290200E-03  4.119246447E-02 -4.663866337E-02  7.938842800E-03  3.058609933E-02  5.379573667E-02  3.772290200E-03 -2.630007400E-06  0.000000000E+00
 0.000000000E+00 -3.032015800E-06  3.562415700E-03  3.865102806E-02 -4.367306106E-02  6.714653900E-03  2.865666972E-02  5.030760728E-02  3.562415700E-03 -3.032015800E-06  0.000000000E+00
 0.000000000E+00 -3.290068400E-06  3.363311500E-03  3.625688639E-02 -4.088566509E-02  5.676625600E-03  2.684266094E-02  4.703565406E-02  3.363311500E-03 -3.290068400E-06  0.000000000E+00
 0.000000000E+00 -3.440708900E-06  3.174490900E-03  3.400248181E-02 -3.826691401E-02  4.798407900E-03  2.513783744E-02  4.396762056E-02  3.174490900E-03 -3.440708900E-06  0.000000000E+00
 0.000000000E+00 -3.511902800E-06  2.995484000E-03  3.188050592E-02 -3.580758532E-02  4.056878500E-03  2.353621394E-02  4.109175106E-02  2.995484000E-03 -3.511902800E-06  0.000000000E+00
 0.000000000E+00 -3.524415700E-06  2.825837200E-03  2.988391346E-02 -3.349881136E-02  3.431870000E-03  2.203202567E-02  3.839683233E-02  2.825837200E-03 -3.524415700E-06  0.000000000E+00
 0.000000000E+00 -3.493678200E-06  2.665113100E-03  2.800593121E-02 -3.133209131E-02  2.905879100E-03  2.061977628E-02  3.587215472E-02  2.665113100E-03 -3.493678200E-06  0.000000000E+00
 0.000000000E+00 -3.431062200E-06  2.512890000E-03  2.624006452E-02 -2.929929792E-02  2.463783900E-03  1.929420617E-02  3.350754683E-02  2.512890000E-03 -3.431062200E-06  0.000000000E+00
 0.000000000E+00  0.000000000E+00  3.954727100E-03  4.202210678E-02 -4.702527998E-02  9.069131000E-03  3.083578172E-02  5.352263928E-02  3.954727100E-03  0.000000000E+00  0.000000000E+00
 0.000000000E+00 -1.210893100E-06  3.729138900E-03  3.935806339E-02 -4.395126599E-02  7.574146400E-03  2.884181094E-02  4.997246806E-02  3.729138900E-03 -1.210893100E-06  0.000000000E+00
 0.000000000E+00 -2.096586500E-06  3.515422100E-03  3.685218738E-02 -4.106664938E-02  6.317013800E-03  2.696977700E-02  4.664627700E-02  3.515422100E-03 -2.096586500E-06  0.000000000E+00
 0.000000000E+00 -2.732307500E-06  3.313027400E-03  3.449632159E-02 -3.836119189E-02  5.263036400E-03  2.521304572E-02  4.353137528E-02  3.313027400E-03 -2.732307500E-06  0.000000000E+00
 0.000000000E+00 -3.176228900E-06  3.121426700E-03  3.228255653E-02 -3.582499083E-02  4.381831000E-03  2.356521811E-02  4.061556789E-02  3.121426700E-03 -3.176228900E-06  0.000000000E+00
 0.000000000E+00 -3.472421800E-06  2.940111500E-03  3.020324577E-02 -3.344849727E-02  3.646989200E-03  2.202014839E-02  3.788716861E-02  2.940111600E-03 -3.472421800E-06  0.000000000E+00
 0.000000000E+00 -3.656326000E-06  2.768590900E-03  2.825102438E-02 -3.122254888E-02  3.035644400E-03  2.057195389E-02  3.533502011E-02  2.768590900E-03 -3.656326000E-06  0.000000000E+00
 0.000000000E+00 -3.755309400E-06  2.606391500E-03  2.641881658E-02 -2.913837138E-02  2.528128300E-03  1.921500594E-02  3.294849506E-02  2.606391500E-03 -3.755309400E-06  0.000000000E+00
 0.000000000E+00 -3.788694500E-06  2.453059100E-03  2.469983884E-02 -2.718757594E-02  2.107615100E-03  1.794393617E-02  3.071747683E-02  2.453059100E-03 -3.788694500E-06  0.000000000E+00
 0.000000000E+00 -3.772032600E-06  2.308156100E-03  2.308760800E-02 -2.536217720E-02  1.759770800E-03  1.675364444E-02  2.863236756E-02  2.308156100E-03 -3.772032600E-06  0.000000000E+00
 0.000000000E+00 -3.717171900E-06  2.171261500E-03  2.157594065E-02 -2.365458515E-02  1.472436200E-03  1.563926856E-02  2.668409344E-02  2.171261500E-03 -3.717171900E-06  0.000000000E+00
 0.000000000E+00  0.000000000E+00  3.460582600E-03  3.490450149E-02 -3.826233389E-02  5.679035500E-03  2.524202778E-02  4.305729622E-02  3.460582600E-03  0.000000000E+00  0.000000000E+00
 0.000000000E+00 -1.079935700E-06  3.255471100E-03  3.260467410E-02 -3.566802910E-02  4.644139400E-03  2.355459189E-02  4.010475811E-02  3.255471200E-03 -1.079935700E-06  0.000000000E+00
 0.000000000E+00 -1.880799700E-06  3.061634400E-03  3.044730847E-02 -3.323987297E-02  3.791435000E-03  2.197367378E-02  3.734477822E-02  3.061634500E-03 -1.880799700E-06  0.000000000E+00
 0.000000000E+00 -2.464688900E-06  2.878525300E-03  2.842471594E-02 -3.096854694E-02  3.091161100E-03  2.049335867E-02  3.476617733E-02  2.878525300E-03 -2.464688900E-06  0.000000000E+00
 0.000000000E+00 -2.879823400E-06  2.705616800E-03  2.652944528E-02 -2.884503118E-02  2.517834500E-03  1.910793150E-02  3.235818550E-02  2.705616900E-03 -2.879823400E-06  0.000000000E+00
 0.000000000E+00 -3.162691600E-06  2.542403000E-03  2.475430607E-02 -2.686063487E-02  2.049894100E-03  1.781188361E-02  3.011047939E-02  2.542403100E-03 -3.162691600E-06  0.000000000E+00
 0.000000000E+00 -3.343467800E-06  2.388395400E-03  2.309239042E-02 -2.500703272E-02  1.669049000E-03  1.659995206E-02  2.801319094E-02  2.388395400E-03 -3.343467800E-06  0.000000000E+00
 0.000000000E+00 -3.446019600E-06  2.243124300E-03  2.153707931E-02 -2.327626891E-02  1.359911400E-03  1.546709711E-02  2.605693089E-02  2.243124300E-03 -3.446019600E-06  0.000000000E+00
 0.000000000E+00 -3.486708800E-06  2.106140900E-03  2.008204351E-02 -2.166074951E-02  1.109628200E-03  1.440850544E-02  2.423277656E-02  2.106140900E-03 -3.486708800E-06  0.000000000E+00
 0.000000000E+00 -3.479231800E-06  1.977013700E-03  1.872125526E-02 -2.015326706E-02  9.074812700E-04  1.341961850E-02  2.253226450E-02  1.977013700E-03 -3.479231800E-06  0.000000000E+00
 0.000000000E+00 -3.434119600E-06  1.855329600E-03  1.744898277E-02 -1.874698817E-02  7.445666500E-04  1.249609689E-02  2.094741111E-02  1.855329700E-03 -3.434119600E-06  0.000000000E+00
 0.000000000E+00  0.000000000E+00  2.994766800E-03  2.850350246E-02 -3.059406426E-02  2.981770800E-03  2.040357606E-02  3.406731894E-02  2.994766800E-03  0.000000000E+00  0.000000000E+00
 0.000000000E+00 -8.861890900E-07  2.810654700E-03  2.654881235E-02 -2.843792705E-02  2.362446000E-03  1.898576961E-02  3.164472939E-02  2.810654700E-03 -8.861890900E-07  0.000000000E+00
 0.000000000E+00 -1.551678100E-06  2.637068400E-03  2.472127398E-02 -2.642661158E-02  1.863977300E-03  1.766174611E-02  2.938759589E-02  2.637068400E-03 -1.551678100E-06  0.000000000E+00
 0.000000000E+00 -2.043271800E-06  2.473471100E-03  2.301345382E-02 -2.455130262E-02  1.464672000E-03  1.642588689E-02  2.728548511E-02  2.473471100E-03 -2.043271800E-06  0.000000000E+00
 0.000000000E+00 -2.397687400E-06  2.319348500E-03  2.141823394E-02 -2.280358494E-02  1.146423500E-03  1.527282528E-02  2.532849172E-02  2.319348400E-03 -2.397687400E-06  0.000000000E+00
 0.000000000E+00 -2.643787600E-06  2.174207800E-03  1.992881422E-02 -2.117544462E-02  8.941105500E-04  1.419744767E-02  2.350723433E-02  2.174207800E-03 -2.643787600E-06  0.000000000E+00
 0.000000000E+00 -2.804335700E-06  2.037576900E-03  1.853871416E-02 -1.965926826E-02  6.952068300E-04  1.319489678E-02  2.181283322E-02  2.037576900E-03 -2.804335700E-06  0.000000000E+00
 0.000000000E+00 -2.897235000E-06  1.909003500E-03  1.724176991E-02 -1.824783831E-02  5.393664500E-04  1.226055444E-02  2.023691356E-02  1.909003500E-03 -2.897235000E-06  0.000000000E+00
 0.000000000E+00 -2.936858100E-06  1.788054600E-03  1.603213260E-02 -1.693432860E-02  4.180570200E-04  1.139005306E-02  1.877157594E-02  1.788054600E-03 -2.936858100E-06  0.000000000E+00
 0.000000000E+00 -2.934537800E-06  1.674316200E-03  1.490426174E-02 -1.571229304E-02  3.242802300E-04  1.057926250E-02  1.740938850E-02  1.674316200E-03 -2.934537800E-06  0.000000000E+00
 0.000000000E+00 -2.899380500E-06  1.567392900E-03  1.385291896E-02 -1.457565656E-02  2.523301800E-04  9.824283333E-03  1.614336467E-02  1.567392900E-03 -2.899380500E-06  0.000000000E+00
 0.000000000E+00  0.000000000E+00  2.562340100E-03  2.281390599E-02 -2.396484539E-02  1.162918800E-03  1.617640394E-02  2.639724106E-02  2.562340000E-03  0.000000000E+00  0.000000000E+00
 0.000000000E+00 -6.913195700E-07  2.399709200E-03  2.118781674E-02 -2.221056534E-02  8.381550000E-04  1.500798089E-02  2.445795511E-02  2.399709200E-03 -6.913195700E-07  0.000000000E+00
 0.000000000E+00 -1.214341100E-06  2.246558000E-03  1.967200816E-02 -2.057896296E-02  5.875237900E-04  1.392015044E-02  2.265541756E-02  2.246558000E-03 -1.214341100E-06  0.000000000E+00
 0.000000000E+00 -1.603529500E-06  2.102416400E-03  1.825974574E-02 -1.906226634E-02  3.965445000E-04  1.290787083E-02  2.098079417E-02  2.102416400E-03 -1.603529500E-06  0.000000000E+00
 0.000000000E+00 -1.886109800E-06  1.966828900E-03  1.694458861E-02 -1.765306121E-02  2.531806000E-04  1.196632794E-02  1.942569306E-02  1.966828900E-03 -1.886109800E-06  0.000000000E+00
 0.000000000E+00 -2.083407200E-06  1.839355600E-03  1.572039730E-02 -1.634429830E-02  1.474979900E-04  1.109095883E-02  1.798214217E-02  1.839355600E-03 -2.083407200E-06  0.000000000E+00
 0.000000000E+00 -2.212873300E-06  1.719571000E-03  1.458133526E-02 -1.512929706E-02  7.135219500E-05  1.027742206E-02  1.664262094E-02  1.719570900E-03 -2.212873300E-06  0.000000000E+00
 0.000000000E+00 -2.288565700E-06  1.607064800E-03  1.352186786E-02 -1.400174096E-02  1.811640200E-05  9.521611167E-03  1.540002783E-02  1.607064800E-03 -2.288565700E-06  0.000000000E+00
 0.000000000E+00 -2.321237300E-06  1.501443300E-03  1.253675769E-02 -1.295566899E-02 -1.756237200E-05  8.819655778E-03  1.424767622E-02  1.501443300E-03 -2.321237300E-06  0.000000000E+00
 0.000000000E+00 -2.319722600E-06  1.402327800E-03  1.162106074E-02 -1.198547174E-02 -3.997677000E-05  8.167897333E-03  1.317929067E-02  1.402327800E-03 -2.319722600E-06  0.000000000E+00
 0.000000000E+00 -2.291128000E-06  1.309355700E-03  1.077011818E-02 -1.108587868E-02 -5.253874200E-05  7.562909278E-03  1.218897492E-02  1.309355700E-03 -2.291128000E-06  0.000000000E+00
 0.000000000E+00  0.000000000E+00  2.198823300E-03  1.784957803E-02 -1.829402293E-02 -4.188020700E-05  1.250045789E-02  2.004805611E-02  2.198823300E-03  0.000000000E+00  0.000000000E+00
 0.000000000E+00 -5.043721000E-07  2.052092000E-03  1.652592706E-02 -1.690172606E-02 -1.628967900E-04  1.156175317E-02  1.852319383E-02  2.052092000E-03 -5.043721000E-07  0.000000000E+00
 0.000000000E+00 -8.884383200E-07  1.914376000E-03  1.529623408E-02 -1.561131158E-02 -2.423392400E-04  1.069082250E-02  1.711007650E-02  1.914376000E-03 -8.884383200E-07  0.000000000E+00
 0.000000000E+00 -1.176035200E-06  1.785209400E-03  1.415439857E-02 -1.441590447E-02 -2.899948300E-04  9.883141111E-03  1.580112289E-02  1.785209400E-03 -1.176035200E-06  0.000000000E+00
 0.000000000E+00 -1.386094300E-06  1.664139000E-03  1.309462662E-02 -1.330899822E-02 -3.137684000E-04  9.134442667E-03  1.458915333E-02  1.664139000E-03 -1.386094300E-06  0.000000000E+00
 0.000000000E+00 -1.533628300E-06  1.550725800E-03  1.211142889E-02 -1.228444979E-02 -3.199923500E-04  8.440685722E-03  1.346740728E-02  1.550725800E-03 -1.533628300E-06  0.000000000E+00
 0.000000000E+00 -1.630916500E-06  1.444545400E-03  1.119961864E-02 -1.133647494E-02 -3.136804000E-04  7.798066056E-03  1.242952494E-02  1.444545400E-03 -1.630916500E-06  0.000000000E+00
 0.000000000E+00 -1.687896200E-06  1.345189200E-03  1.035430368E-02 -1.045963678E-02 -2.987566200E-04  7.203002494E-03  1.146953061E-02  1.345189200E-03 -1.687896200E-06  0.000000000E+00
 0.000000000E+00 -1.712481700E-06  1.252264500E-03  9.570879239E-03 -9.648835139E-03 -2.782565500E-04  6.652134356E-03  1.058182644E-02  1.252264500E-03 -1.712481700E-06  0.000000000E+00
 0.000000000E+00 -1.711154200E-06  1.165395200E-03  8.845019683E-03 -8.899294783E-03 -2.544935400E-04  6.142311239E-03  9.761173661E-03  1.165395200E-03 -1.711154200E-06  0.000000000E+00
 0.000000000E+00 -1.689223200E-06  1.084221800E-03  8.172669022E-03 -8.206553022E-03 -2.291963100E-04  5.670585911E-03  9.002677689E-03  1.084221800E-03 -1.689223200E-06  0.000000000E+00
 0.000000000E+00  0.000000000E+00  1.846982500E-03  1.359762412E-02 -1.356201942E-02 -8.165280800E-04  9.393024000E-03  1.486757600E-02  1.846982500E-03  0.000000000E+00  0.000000000E+00
 0.000000000E+00 -3.372941300E-07  1.716336100E-03  1.254976423E-02 -1.249136873E-02 -7.929163800E-04  8.661908722E-03  1.369645028E-02  1.716336100E-03 -3.372941300E-07  0.000000000E+00
 0.000000000E+00 -5.966203800E-07  1.594332500E-03  1.157942576E-02 -1.150213786E-02 -7.529011700E-04  7.985602000E-03  1.261428760E-02  1.594332500E-03 -5.966203800E-07  0.000000000E+00
 0.000000000E+00 -7.926809700E-07  1.480472500E-03  1.068134518E-02 -1.058861118E-02 -7.023143600E-04  7.360305872E-03  1.161483923E-02  1.480472500E-03 -7.926809700E-07  0.000000000E+00
 0.000000000E+00 -9.372409600E-07  1.374275500E-03  9.850535678E-03 -9.745388678E-03 -6.456488400E-04  6.782437094E-03  1.069219841E-02  1.374275500E-03 -9.372409600E-07  0.000000000E+00
 0.000000000E+00 -1.039504500E-06  1.275281100E-03  9.082286467E-03 -8.967383667E-03 -5.862977300E-04  6.248615344E-03  9.840806456E-03  1.275281100E-03 -1.039504500E-06  0.000000000E+00
 0.000000000E+00 -1.107531900E-06  1.183048300E-03  8.372161022E-03 -8.249821422E-03 -5.267681700E-04  5.755664100E-03  9.055446500E-03  1.183048300E-03 -1.107531900E-06  0.000000000E+00
 0.000000000E+00 -1.148065400E-06  1.097156000E-03  7.715991022E-03 -7.588229422E-03 -4.688529800E-04  5.300603689E-03  8.331231911E-03  1.097156000E-03 -1.148065400E-06  0.000000000E+00
 0.000000000E+00 -1.166000100E-06  1.017204300E-03  7.109864133E-03 -6.978420933E-03 -4.137822400E-04  4.880643039E-03  7.663593461E-03  1.017204300E-03 -1.166000100E-06  0.000000000E+00
 0.000000000E+00 -1.165636100E-06  9.428131800E-04  6.550121761E-03 -6.416492661E-03 -3.623491800E-04  4.493176356E-03  7.048268844E-03  9.428131900E-04 -1.165636100E-06  0.000000000E+00
 0.000000000E+00 -1.150507200E-06  8.736227100E-04  6.033344094E-03 -5.898806994E-03 -3.150094000E-04  4.135772767E-03  6.481288233E-03  8.736227200E-04 -1.150507200E-06  0.000000000E+00
 0.000000000E+00  0.000000000E+00  1.495319400E-03  1.006290849E-02 -9.757763689E-03 -1.260168700E-03  6.865320828E-03  1.072098307E-02  1.495319400E-03  0.000000000E+00  0.000000000E+00
 0.000000000E+00 -1.984140600E-07  1.383658900E-03  9.256012972E-03 -8.957022072E-03 -1.140249300E-03  6.310555256E-03  9.844141344E-03  1.383658900E-03 -1.984140600E-07  0.000000000E+00
 0.000000000E+00 -3.541055500E-07  1.279883300E-03  8.511562861E-03 -8.219921561E-03 -1.022525800E-03  5.799170850E-03  9.036811850E-03  1.279883300E-03 -3.541055500E-07  0.000000000E+00
 0.000000000E+00 -4.742325100E-07  1.183495000E-03  7.825056350E-03 -7.541717450E-03 -9.096926700E-04  5.327991456E-03  8.293817944E-03  1.183495000E-03 -4.742325100E-07  0.000000000E+00
 0.000000000E+00 -5.646390100E-07  1.094019100E-03  7.192260406E-03 -6.917964106E-03 -8.035411400E-04  4.894035772E-03  7.610310728E-03  1.094019100E-03 -5.646390100E-07  0.000000000E+00
 0.000000000E+00 -6.298286700E-07  1.011003700E-03  6.609203783E-03 -6.344505083E-03 -7.051678200E-04  4.494512939E-03  6.981756961E-03  1.011003700E-03 -6.298286700E-07  0.000000000E+00
 0.000000000E+00 -6.743551900E-07  9.340192700E-04  6.072170167E-03 -5.817465167E-03 -6.151339000E-04  4.126815139E-03  6.403931161E-03  9.340192800E-04 -6.743551900E-07  0.000000000E+00
 0.000000000E+00 -7.019873000E-07  8.626593900E-04  5.577688655E-03 -5.333236725E-03 -5.335976900E-04  3.788510728E-03  5.872896972E-03  8.626594000E-04 -7.019873000E-07  0.000000000E+00
 0.000000000E+00 -7.152505900E-07  7.965404300E-04  5.122518923E-03 -4.888461383E-03 -4.604295400E-04  3.477334372E-03  5.384993728E-03  7.965404400E-04 -7.152505900E-07  0.000000000E+00
 0.000000000E+00 -7.166728900E-07  7.353006500E-04  4.703646581E-03 -4.480025361E-03 -3.952977700E-04  3.191181417E-03  4.936824683E-03  7.353006500E-04 -7.166728900E-07  0.000000000E+00
 0.000000000E+00 -7.084254500E-07  6.785997400E-04  4.318268636E-03 -4.105042166E-03 -3.377338100E-04  2.928097028E-03  4.525242072E-03  6.785997500E-04 -7.084254500E-07  0.000000000E+00
 0.000000000E+00  0.000000000E+00  1.162995100E-03  7.192752650E-03 -6.766660350E-03 -1.445697000E-03  4.854900650E-03  7.465957250E-03  1.162995100E-03  0.000000000E+00  0.000000000E+00
 0.000000000E+00 -9.270293000E-08  1.071625800E-03  6.592779661E-03 -6.189724361E-03 -1.269355300E-03  4.447780761E-03  6.832323139E-03  1.071625800E-03 -9.270293000E-08  0.000000000E+00
 0.000000000E+00 -1.695102500E-07  9.870973600E-04  6.041228642E-03 -5.660512792E-03 -1.108411400E-03  4.073739900E-03  6.250873900E-03  9.870973900E-04 -1.695102500E-07  0.000000000E+00
 0.000000000E+00 -2.318845800E-07  9.089445000E-04  5.534438690E-03 -5.175306150E-03 -9.629383100E-04  3.730254644E-03  5.717560956E-03  9.089445300E-04 -2.318845800E-07  0.000000000E+00
 0.000000000E+00 -2.812017600E-07  8.367263800E-04  5.068985048E-03 -4.730636758E-03 -8.325605600E-04  3.414965172E-03  5.228609728E-03  8.367264100E-04 -2.812017600E-07  0.000000000E+00
 0.000000000E+00 -3.191467000E-07  7.700261100E-04  4.641670823E-03 -4.323278683E-03 -7.165977600E-04  3.125671989E-03  4.780504611E-03  7.700261300E-04 -3.191467000E-07  0.000000000E+00
 0.000000000E+00 -3.465726900E-07  7.084510700E-04  4.249513511E-03 -3.950230341E-03 -6.141528200E-04  2.860324850E-03  4.369975850E-03  7.084510900E-04 -3.465726900E-07  0.000000000E+00
 0.000000000E+00 -3.643856400E-07  6.516319500E-04  3.889738361E-03 -3.608707891E-03 -5.242027800E-04  2.617019550E-03  3.993988150E-03  6.516319700E-04 -3.643856400E-07  0.000000000E+00
 0.000000000E+00 -3.743739900E-07  5.992215500E-04  3.559770870E-03 -3.296138130E-03 -4.456666100E-04  2.393989206E-03  3.649733494E-03  5.992215700E-04 -3.743739900E-07  0.000000000E+00
 0.000000000E+00 -3.776695200E-07  5.508949800E-04  3.257221906E-03 -3.010138816E-03 -3.774509800E-04  2.189596678E-03  3.334612322E-03  5.508949900E-04 -3.776695200E-07  0.000000000E+00
 0.000000000E+00 -3.753771800E-07  5.063484800E-04  2.979879388E-03 -2.748510578E-03 -3.184830000E-04  2.002327306E-03  3.046223194E-03  5.063485000E-04 -3.753771800E-07  0.000000000E+00
 0.000000000E+00  0.000000000E+00  8.659670600E-04  4.935200157E-03 -4.495690147E-03 -1.443811900E-03  3.304181756E-03  4.991033444E-03  8.659670600E-04  0.000000000E+00  0.000000000E+00
 0.000000000E+00 -1.852656800E-08  7.944998400E-04  4.506541218E-03 -4.096658308E-03 -1.244197600E-03  3.016099267E-03  4.550653133E-03  7.944998500E-04 -1.852656800E-08  0.000000000E+00
 0.000000000E+00 -4.004358800E-08  7.286778500E-04  4.113938972E-03 -3.732005182E-03 -1.067633000E-03  2.752356939E-03  4.147984161E-03  7.286778500E-04 -4.004358800E-08  0.000000000E+00
 0.000000000E+00 -6.202686200E-08  6.680953900E-04  3.754570394E-03 -3.398959934E-03 -9.124500200E-04  2.511037606E-03  3.780011494E-03  6.680953900E-04 -6.202686200E-08  0.000000000E+00
 0.000000000E+00 -8.272428200E-08  6.123683500E-04  3.425789436E-03 -3.094933766E-03 -7.768566100E-04  2.290346017E-03  3.443914083E-03  6.123683500E-04 -8.272428200E-08  0.000000000E+00
 0.000000000E+00 -1.003911400E-07  5.611350300E-04  3.125124999E-03 -2.817515539E-03 -6.590070600E-04  2.088606839E-03  3.137062861E-03  5.611350300E-04 -1.003911400E-07  0.000000000E+00
 0.000000000E+00 -1.151040200E-07  5.140549800E-04  2.850281060E-03 -2.564474620E-03 -5.570881100E-04  1.904264456E-03  2.857020544E-03  5.140549800E-04 -1.151040200E-07  0.000000000E+00
 0.000000000E+00 -1.272990200E-07  4.708093500E-04  2.599127102E-03 -2.333747502E-03 -4.693520200E-04  1.735875300E-03  2.601530900E-03  4.708093500E-04 -1.272990200E-07  0.000000000E+00
 0.000000000E+00 -1.360872400E-07  4.311012500E-04  2.369687171E-03 -2.123422731E-03 -3.941473800E-04  1.582103467E-03  2.368504133E-03  4.311012500E-04 -1.360872400E-07  0.000000000E+00
 0.000000000E+00 -1.415546000E-07  3.946537600E-04  2.160138316E-03 -1.931743486E-03 -3.299430600E-04  1.441715444E-03  2.156017756E-03  3.946537600E-04 -1.415546000E-07  0.000000000E+00
 0.000000000E+00 -1.438197900E-07  3.612094700E-04  1.968799421E-03 -1.757093961E-03 -2.753367400E-04  1.313575122E-03  1.962301878E-03  3.612094700E-04 -1.438197900E-07  0.000000000E+00
 0.000000000E+00  0.000000000E+00  6.132822400E-04  3.224630951E-03 -2.833538741E-03 -1.327486200E-03  2.146066311E-03  3.172941689E-03  6.132822400E-04  0.000000000E+00  0.000000000E+00
 0.000000000E+00  2.745669500E-08  5.600409500E-04  2.931955739E-03 -2.570461119E-03 -1.125530200E-03  1.950663394E-03  2.880737906E-03  5.600409500E-04  2.745669500E-08  0.000000000E+00
 0.000000000E+00  4.008215200E-08  5.112627000E-04  2.665230290E-03 -2.331313630E-03 -9.509063000E-04  1.772638828E-03  2.614887072E-03  5.112627000E-04  4.008215200E-08  0.000000000E+00
 0.000000000E+00  4.294639800E-08  4.665977400E-04  2.422250568E-03 -2.113997828E-03 -8.006715600E-04  1.610512267E-03  2.373103333E-03  4.665977400E-04  4.294639800E-08  0.000000000E+00
 0.000000000E+00  3.976820800E-08  4.257195300E-04  2.200982502E-03 -1.916585292E-03 -6.720116500E-04  1.462918244E-03  2.153282156E-03  4.257195300E-04  3.976820800E-08  0.000000000E+00
 0.000000000E+00  3.325416700E-08  3.883239800E-04  1.999552169E-03 -1.737306489E-03 -5.623003600E-04  1.328599317E-03  1.953489383E-03  3.883239800E-04  3.325416700E-08  0.000000000E+00
 0.000000000E+00  2.516063700E-08  3.541284000E-04  1.816235452E-03 -1.574539702E-03 -4.691175600E-04  1.206398606E-03  1.771949694E-03  3.541284000E-04  2.516063700E-08  0.000000000E+00
 0.000000000E+00  1.674085700E-08  3.228706200E-04  1.649447926E-03 -1.426799826E-03 -3.902637100E-04  1.095252533E-03  1.607036267E-03  3.228706200E-04  1.674085700E-08  0.000000000E+00
 0.000000000E+00  8.818210400E-09  2.943078900E-04  1.497735626E-03 -1.292728846E-03 -3.237673300E-04  9.941860000E-04  1.457258800E-03  2.943078900E-04  8.818210400E-09  0.000000000E+00
 0.000000000E+00  1.859553800E-09  2.682158300E-04  1.359765891E-03 -1.171086131E-03 -2.678766600E-04  9.023054056E-04  1.321254494E-03  2.682158300E-04  1.859553800E-09  0.000000000E+00
 0.000000000E+00 -3.939936400E-09  2.443873300E-04  1.234318349E-03 -1.060739309E-03 -2.210457800E-04  8.187919472E-04  1.197778843E-03  2.443873300E-04 -3.939936400E-09  0.000000000E+00
 0.000000000E+00  0.000000000E+00  4.085136100E-04  1.982251060E-03 -1.666533340E-03 -1.125044700E-03  1.310931072E-03  1.895694828E-03  4.085136100E-04  0.000000000E+00  0.000000000E+00
 0.000000000E+00  4.815536800E-08  3.712266500E-04  1.794057834E-03 -1.504358774E-03 -9.393428600E-04  1.185907222E-03  1.713497578E-03  3.712266500E-04  4.815536800E-08  0.000000000E+00
 0.000000000E+00  7.651124900E-08  3.372409800E-04  1.623404046E-03 -1.357744226E-03 -7.819456900E-04  1.072597872E-03  1.548516428E-03  3.372409800E-04  7.651124900E-08  0.000000000E+00
 0.000000000E+00  9.114132700E-08  3.062806600E-04  1.468706088E-03 -1.225230348E-03 -6.490697500E-04  9.699385278E-04  1.399171172E-03  3.062806700E-04  9.114132700E-08  0.000000000E+00
 0.000000000E+00  9.652603700E-08  2.780899100E-04  1.328514347E-03 -1.105488917E-03 -5.373063500E-04  8.769561056E-04  1.264017994E-03  2.780899100E-04  9.652603700E-08  0.000000000E+00
 0.000000000E+00  9.591232000E-08  2.524321000E-04  1.201503663E-03 -9.973122833E-04 -4.436283900E-04  7.927614778E-04  1.141739762E-03  2.524321000E-04  9.591232000E-08  0.000000000E+00
 0.000000000E+00  9.159133700E-08  2.290888300E-04  1.086463424E-03 -8.996025739E-04 -3.653629400E-04  7.165422094E-04  1.031136261E-03  2.290888300E-04  9.159133700E-08  0.000000000E+00
 0.000000000E+00  8.526318900E-08  2.078589000E-04  9.822886956E-04 -8.113622156E-04 -3.001711300E-04  6.475580061E-04  9.311134039E-04  2.078589000E-04  8.526318900E-08  0.000000000E+00
 0.000000000E+00  7.800264200E-08  1.885571200E-04  8.879726995E-04 -7.316867025E-04 -2.460255400E-04  5.851345606E-04  8.406764694E-04  1.885571200E-04  7.800264200E-08  0.000000000E+00
 0.000000000E+00  7.053810000E-08  1.710134700E-04  8.025981471E-04 -6.597551981E-04 -2.011781100E-04  5.286578711E-04  7.589208889E-04  1.710134700E-04  7.053810000E-08  0.000000000E+00
 0.000000000E+00  6.327843900E-08  1.550719600E-04  7.253304421E-04 -5.948239361E-04 -1.641286400E-04  4.775696917E-04  6.850249383E-04  1.550719600E-04  6.327843900E-08  0.000000000E+00
 0.000000000E+00  0.000000000E+00  2.527153700E-04  1.128610458E-03 -8.932781622E-04 -8.710454800E-04  7.361597994E-04  1.049519211E-03  2.527153700E-04  0.000000000E+00  0.000000000E+00
 0.000000000E+00  5.023651300E-08  2.284972800E-04  1.017072258E-03 -8.029464308E-04 -7.172035800E-04  6.632512417E-04  9.445705283E-04  2.284972800E-04  5.023651300E-08  0.000000000E+00
 0.000000000E+00  8.111173300E-08  2.065234700E-04  9.162803613E-04 -7.215576733E-04 -5.889921300E-04  5.973856650E-04  8.498598850E-04  2.065234700E-04  8.111173300E-08  0.000000000E+00
 0.000000000E+00  9.838758900E-08  1.865989000E-04  8.252452637E-04 -6.482578017E-04 -4.824883900E-04  5.379129322E-04  7.644314478E-04  1.865988900E-04  9.838758900E-08  0.000000000E+00
 0.000000000E+00  1.063094400E-07  1.685432500E-04  7.430612171E-04 -5.822695411E-04 -3.942892700E-04  4.842379600E-04  6.874116800E-04  1.685432500E-04  1.063094400E-07  0.000000000E+00
 0.000000000E+00  1.078243600E-07  1.521901000E-04  6.689002207E-04 -5.228864297E-04 -3.214615300E-04  4.358168017E-04  6.180033283E-04  1.521901000E-04  1.078243600E-07  0.000000000E+00
 0.000000000E+00  1.053106100E-07  1.373863000E-04  6.020054255E-04 -4.694653525E-04 -2.614933500E-04  3.921522617E-04  5.554787883E-04  1.373862900E-04  1.053106100E-07  0.000000000E+00
 0.000000000E+00  1.005335900E-07  1.239911400E-04  5.416862700E-04 -4.214221700E-04 -2.122444500E-04  3.527910178E-04  4.991751822E-04  1.239911300E-04  1.005335900E-07  0.000000000E+00
 0.000000000E+00  9.436158200E-08  1.118754400E-04  4.873149024E-04 -3.782288614E-04 -1.719009500E-04  3.173206983E-04  4.484907717E-04  1.118754300E-04  9.436158200E-08  0.000000000E+00
 0.000000000E+00  8.753407500E-08  1.009209700E-04  4.383193667E-04 -3.394060067E-04 -1.389326800E-04  2.853659728E-04  4.028782372E-04  1.009209700E-04  8.753407500E-08  0.000000000E+00
 0.000000000E+00  8.049689800E-08  9.101967800E-05  3.941801476E-04 -3.045198886E-04 -1.120539500E-04  2.565860133E-04  3.618410667E-04  9.101967700E-05  8.049689800E-08  0.000000000E+00
 0.000000000E+00  0.000000000E+00  1.415598400E-04  5.824581176E-04 -4.306708656E-04 -6.211028300E-04  3.769205900E-04  5.233551500E-04  1.415598400E-04  0.000000000E+00  0.000000000E+00
 0.000000000E+00  4.222390700E-08  1.272242500E-04  5.219598283E-04 -3.849870583E-04 -5.043173700E-04  3.378043022E-04  4.683401378E-04  1.272242500E-04  4.222390700E-08  0.000000000E+00
 0.000000000E+00  6.838847000E-08  1.142843500E-04  4.675441762E-04 -3.440130522E-04 -4.084623700E-04  3.026168117E-04  4.189230583E-04  1.142843500E-04  6.838847000E-08  0.000000000E+00
 0.000000000E+00  8.326589200E-08  1.026159400E-04  4.186422195E-04 -3.072923825E-04 -3.300324000E-04  2.709914339E-04  3.745738761E-04  1.026159400E-04  8.326589200E-08  0.000000000E+00
 0.000000000E+00  9.035233100E-08  9.210330300E-05  3.747288360E-04 -2.744064200E-04 -2.660470000E-04  2.425896200E-04  3.348039800E-04  9.210330300E-05  9.035233100E-08  0.000000000E+00
 0.000000000E+00  9.224009100E-08  8.263926800E-05  3.353214959E-04 -2.449725469E-04 -2.139913100E-04  2.171000611E-04  2.991648789E-04  8.263926800E-05  9.224009100E-08  0.000000000E+00
 0.000000000E+00  9.069383000E-08  7.412493600E-05  2.999786730E-04 -2.186427150E-04 -1.717522200E-04  1.942377233E-04  2.672467767E-04  7.412493600E-05  9.069383000E-08  0.000000000E+00
 0.000000000E+00  8.692859000E-08  6.646944300E-05  2.682974158E-04 -1.951008101E-04 -1.375632700E-04  1.737423467E-04  2.386762533E-04  6.646944300E-05  8.692859000E-08  0.000000000E+00
 0.000000000E+00  8.191865600E-08  5.958966300E-05  2.399107243E-04 -1.740598414E-04 -1.099562900E-04  1.553769489E-04  2.131134911E-04  5.958966400E-05  8.191865600E-08  0.000000000E+00
 0.000000000E+00  7.629769000E-08  5.340971800E-05  2.144856457E-04 -1.552606130E-04 -8.771516400E-05  1.389263761E-04  1.902507739E-04  5.340971800E-05  7.629769000E-08  0.000000000E+00
 0.000000000E+00  7.050498900E-08  4.786052800E-05  1.917205554E-04 -1.384691712E-04 -6.983616400E-05  1.241957772E-04  1.698096328E-04  4.786052800E-05  7.050498900E-08  0.000000000E+00
 0.000000000E+00  0.000000000E+00  6.802806300E-05  2.567035651E-04 -1.752750702E-04 -4.021540700E-04  1.663056256E-04  2.201315544E-04  6.802806300E-05  0.000000000E+00  0.000000000E+00
 0.000000000E+00  2.963616300E-08  6.070128900E-05  2.285162408E-04 -1.556548523E-04 -3.212418900E-04  1.481052933E-04  1.956321867E-04  6.070128900E-05  2.963616300E-08  0.000000000E+00
 0.000000000E+00  4.784574500E-08  5.413745400E-05  2.033411225E-04 -1.381821017E-04 -2.559794100E-04  1.318420272E-04  1.737850828E-04  5.413745400E-05  4.784574500E-08  0.000000000E+00
 0.000000000E+00  5.808537200E-08  4.826259300E-05  1.808734199E-04 -1.226316209E-04 -2.034989500E-04  1.173210322E-04  1.543186278E-04  4.826259300E-05  5.808537200E-08  0.000000000E+00
 0.000000000E+00  6.286162600E-08  4.300872000E-05  1.608355828E-04 -1.087998368E-04 -1.614169200E-04  1.043648267E-04  1.369855733E-04  4.300872000E-05  6.286162600E-08  0.000000000E+00
 0.000000000E+00  6.397846600E-08  3.831360900E-05  1.429756011E-04 -9.650308957E-05 -1.277632200E-04  9.281193111E-05  1.215618289E-04  3.831360900E-05  6.397846600E-08  0.000000000E+00
 0.000000000E+00  6.271580300E-08  3.412050700E-05  1.270652786E-04 -8.557605097E-05 -1.009177200E-04  8.251595911E-05  1.078447449E-04  3.412050700E-05  6.271580300E-08  0.000000000E+00
 0.000000000E+00  5.997710300E-08  3.037782500E-05  1.128984409E-04 -7.587010286E-05 -7.955431400E-05  7.334460867E-05  9.565141933E-05  3.037782500E-05  5.997710300E-08  0.000000000E+00
 0.000000000E+00  5.638566100E-08  2.703881500E-05  1.002892505E-04 -6.725188611E-05 -6.259234200E-05  6.517845772E-05  8.481726328E-05  2.703881600E-05  5.638566100E-08  0.000000000E+00
 0.000000000E+00  5.237260300E-08  2.406121200E-05  8.907049630E-05 -5.960191223E-05 -4.915420100E-05  5.790999889E-05  7.519441711E-05  2.406121300E-05  5.237260300E-08  0.000000000E+00
 0.000000000E+00  4.822117300E-08  2.140688700E-05  7.909201585E-05 -5.281329459E-05 -3.853002900E-05  5.144261633E-05  6.665027767E-05  2.140688700E-05  4.822117300E-08  0.000000000E+00
 0.000000000E+00  0.000000000E+00  2.651439400E-05  9.230896900E-05 -5.757908700E-05 -2.259300700E-04  6.066278356E-05  7.367318844E-05  2.651439400E-05  0.000000000E+00  0.000000000E+00
 0.000000000E+00  1.674505700E-08  2.344669400E-05  8.146329451E-05 -5.068144881E-05 -1.767846900E-04  5.357430117E-05  6.485596983E-05  2.344669400E-05  1.674505700E-08  0.000000000E+00
 0.000000000E+00  2.680966200E-08  2.072076500E-05  7.185488074E-05 -4.459203494E-05 -1.379956400E-04  4.728917211E-05  5.706250589E-05  2.072076500E-05  2.680966200E-08  0.000000000E+00
 0.000000000E+00  3.228912500E-08  1.830169500E-05  6.335135157E-05 -3.922031017E-05 -1.074746700E-04  4.172231156E-05  5.018138444E-05  1.830169500E-05  3.228912500E-08  0.000000000E+00
 0.000000000E+00  3.467705300E-08  1.615734800E-05  5.583238694E-05 -3.448492794E-05 -8.352626200E-05  3.679617839E-05  4.411152261E-05  1.615734800E-05  3.467705300E-08  0.000000000E+00
 0.000000000E+00  3.506109300E-08  1.425836700E-05  4.918909832E-05 -3.031293372E-05 -6.478360300E-05  3.244050339E-05  3.876160361E-05  1.425836700E-05  3.506109300E-08  0.000000000E+00
 0.000000000E+00  3.414624300E-08  1.257806600E-05  4.332349487E-05 -2.663930967E-05 -5.015019700E-05  2.859189789E-05  3.404962411E-05  1.257806600E-05  3.414624300E-08  0.000000000E+00
 0.000000000E+00  3.240932700E-08  1.109230600E-05  3.814757614E-05 -2.340608594E-05 -3.875024400E-05  2.519335711E-05  2.990209089E-05  1.109230600E-05  3.240932700E-08  0.000000000E+00
 0.000000000E+00  3.024268800E-08  9.779355000E-06  3.358242619E-05 -2.056148639E-05 -2.988796400E-05  2.219373000E-05  2.625323000E-05  9.779355200E-06  3.024268800E-08  0.000000000E+00
 0.000000000E+00  2.788570300E-08  8.619710800E-06  2.955765517E-05 -1.805962817E-05 -2.301204400E-05  1.954731894E-05  2.304452006E-05  8.619710900E-06  2.788570300E-08  0.000000000E+00
 0.000000000E+00  2.549843400E-08  7.595915500E-06  2.601054323E-05 -1.585982251E-05 -1.768751800E-05  1.721336550E-05  2.022392750E-05  7.595915600E-06  2.549843400E-08  0.000000000E+00
 0.000000000E+00  0.000000000E+00  6.854643500E-06  2.213837586E-05 -1.228288646E-05 -9.903964500E-05  1.512892800E-05  1.497482800E-05  6.854644000E-06  0.000000000E+00  0.000000000E+00
 0.000000000E+00  6.769466400E-09  5.991416300E-06  1.933225191E-05 -1.070246471E-05 -7.541214700E-05  1.322570633E-05  1.301904367E-05  5.991416700E-06  6.769466400E-09  0.000000000E+00
 0.000000000E+00  1.068658200E-08  5.233569600E-06  1.687381859E-05 -9.322784789E-06 -5.728137300E-05  1.155609406E-05  1.131256494E-05  5.233569900E-06  1.068658200E-08  0.000000000E+00
 0.000000000E+00  1.269583400E-08  4.569075500E-06  1.472191532E-05 -8.118898617E-06 -4.341147800E-05  1.009283053E-05  9.825080372E-06  4.569075800E-06  1.269583400E-08  0.000000000E+00
 0.000000000E+00  1.345397000E-08  3.987060100E-06  1.283978462E-05 -7.068849831E-06 -3.283074500E-05  8.811485361E-06  8.529600939E-06  3.987060300E-06  1.345397000E-08  0.000000000E+00
 0.000000000E+00  1.341748400E-08  3.477756000E-06  1.119471930E-05 -6.153328831E-06 -2.478023000E-05  7.690255561E-06  7.402188739E-06  3.477756200E-06  1.341748400E-08  0.000000000E+00
 0.000000000E+00  1.289300600E-08  3.032428900E-06  9.757708058E-06 -5.355385708E-06 -1.866895100E-05  6.709749756E-06  6.421683444E-06  3.032429100E-06  1.289300600E-08  0.000000000E+00
 0.000000000E+00  1.208845200E-08  2.643301400E-06  8.503072354E-06 -4.660138094E-06 -1.403983300E-05  5.852766122E-06  5.569422478E-06  2.643301500E-06  1.208845200E-08  0.000000000E+00
 0.000000000E+00  1.114450300E-08  2.303474500E-06  7.408140590E-06 -4.054532250E-06 -1.054060500E-05  5.104086017E-06  4.828995283E-06  2.303474600E-06  1.114450300E-08  0.000000000E+00
 0.000000000E+00  1.015178800E-08  2.006846300E-06  6.452941746E-06 -3.527137806E-06 -7.900295800E-06  4.450281111E-06  4.186000889E-06  2.006846400E-06  1.015178800E-08  0.000000000E+00
 0.000000000E+00  9.165241300E-09  1.748031400E-06  5.619913528E-06 -3.067956358E-06 -5.911807400E-06  3.879521006E-06  3.627826894E-06  1.748031500E-06  9.165241300E-09  0.000000000E+00
 0.000000000E+00  0.000000000E+00  7.973018100E-07  2.673785849E-06 -1.401424889E-06 -2.585852300E-05  1.985845928E-06  9.989961722E-07  7.973018000E-07  0.000000000E+00  0.000000000E+00
 0.000000000E+00  1.372955100E-09  6.850023700E-07  2.301415873E-06 -1.206158903E-06 -1.888473600E-05  1.712361183E-06  8.449223167E-07  6.850023600E-07  1.372955100E-09  0.000000000E+00
 0.000000000E+00  2.103114700E-09  5.880572800E-07  1.979730417E-06 -1.037816887E-06 -1.373606200E-05  1.475508033E-06  7.142969667E-07  5.880572800E-07  2.103114700E-09  0.000000000E+00
 0.000000000E+00  2.426172700E-09  5.045027800E-07  1.702127532E-06 -8.927234722E-07 -9.954987400E-06  1.270639769E-06  6.036609806E-07  5.045027700E-07  2.426172700E-09  0.000000000E+00
 0.000000000E+00  2.498077000E-09  4.325849500E-07  1.462786949E-06 -7.677051089E-07 -7.190529200E-06  1.093630969E-06  5.100290711E-07  4.325849500E-07  2.498077000E-09  0.000000000E+00
 0.000000000E+00  2.421432000E-09  3.707517600E-07  1.256600313E-06 -6.600184628E-07 -5.179104500E-06  9.408369622E-07  4.308411978E-07  3.707517600E-07  2.421432000E-09  0.000000000E+00
 0.000000000E+00  2.263069700E-09  3.176373100E-07  1.079098154E-06 -5.672909386E-07 -3.720855000E-06  8.090536094E-07  3.639006206E-07  3.176373100E-07  2.263069700E-09  0.000000000E+00
 0.000000000E+00  2.066090400E-09  2.720457800E-07  9.263794944E-07 -4.874686344E-07 -2.666760300E-06  6.954716356E-07  3.073304844E-07  2.720457800E-07  2.066090400E-09  0.000000000E+00
 0.000000000E+00  1.855636800E-09  2.329355700E-07  7.950518108E-07 -4.187778658E-07 -1.907157800E-06  5.976362217E-07  2.595406683E-07  2.329355700E-07  1.855636800E-09  0.000000000E+00
 0.000000000E+00  1.647424800E-09  1.994022500E-07  6.821694386E-07 -3.596840606E-07 -1.361172300E-06  5.134089011E-07  2.191771589E-07  1.994022500E-07  1.647424800E-09  0.000000000E+00
 0.000000000E+00  1.449369400E-09  1.706623400E-07  5.851800886E-07 -3.088625306E-07 -9.697033800E-07  4.409305078E-07  1.850925122E-07  1.706623300E-07  1.449369400E-09  0.000000000E+00
 0.000000000E+00  0.000000000E+00  0.000000000E+00 -0.000000000E+00 -0.000000000E+00  0.000000000E+00 -0.000000000E+00 -0.000000000E+00  0.000000000E+00  0.000000000E+00  0.000000000E+00
 0.000000000E+00  0.000000000E+00  0.000000000E+00 -0.000000000E+00 -0.000000000E+00  0.000000000E+00 -0.000000000E+00 -0.000000000E+00  0.000000000E+00  0.000000000E+00  0.000000000E+00
 0.000000000E+00  0.000000000E+00  0.000000000E+00 -0.000000000E+00 -0.000000000E+00  0.000000000E+00 -0.000000000E+00 -0.000000000E+00  0.000000000E+00  0.000000000E+00  0.000000000E+00
 0.000000000E+00  0.000000000E+00  0.000000000E+00 -0.000000000E+00 -0.000000000E+00  0.000000000E+00 -0.000000000E+00 -0.000000000E+00  0.000000000E+00  0.000000000E+00  0.000000000E+00
 0.000000000E+00  0.000000000E+00  0.000000000E+00 -0.000000000E+00 -0.000000000E+00  0.000000000E+00 -0.000000000E+00 -0.000000000E+00  0.000000000E+00  0.000000000E+00  0.000000000E+00
 0.000000000E+00  0.000000000E+00  0.000000000E+00 -0.000000000E+00 -0.000000000E+00  0.000000000E+00 -0.000000000E+00 -0.000000000E+00  0.000000000E+00  0.000000000E+00  0.000000000E+00
 0.000000000E+00  0.000000000E+00  0.000000000E+00 -0.000000000E+00 -0.000000000E+00  0.000000000E+00 -0.000000000E+00 -0.000000000E+00  0.000000000E+00  0.000000000E+00  0.000000000E+00
 0.000000000E+00  0.000000000E+00  0.000000000E+00 -0.000000000E+00 -0.000000000E+00  0.000000000E+00 -0.000000000E+00 -0.000000000E+00  0.000000000E+00  0.000000000E+00  0.000000000E+00
 0.000000000E+00  0.000000000E+00  0.000000000E+00 -0.000000000E+00 -0.000000000E+00  0.000000000E+00 -0.000000000E+00 -0.000000000E+00  0.000000000E+00  0.000000000E+00  0.000000000E+00
 0.000000000E+00  0.000000000E+00  0.000000000E+00 -0.000000000E+00 -0.000000000E+00  0.000000000E+00 -0.000000000E+00 -0.000000000E+00  0.000000000E+00  0.000000000E+00  0.000000000E+00
 0.000000000E+00  0.000000000E+00  0.000000000E+00 -0.000000000E+00 -0.000000000E+00  0.000000000E+00 -0.000000000E+00 -0.000000000E+00  0.000000000E+00  0.000000000E+00  0.000000000E+00
---
   1.0000000000000001E-009   1.4508287784959398E-009   2.1049041445120207E-009   3.0538555088334157E-009   4.4306214575838816E-009   6.4280731172843209E-009   9.3260334688321995E-009   1.3530477745798068E-008   1.9630406500402714E-008   2.8480358684358022E-008   4.1320124001153370E-008   5.9948425031894094E-008   8.6974900261778356E-008   1.2618568830660210E-007   1.8307382802953678E-007   2.6560877829466870E-007   3.8535285937105315E-007   5.5908101825122239E-007   8.1113083078968731E-007   1.1768119524349981E-006   1.7073526474706905E-006   2.4770763559917115E-006   3.5938136638046262E-006   5.2140082879996849E-006   7.5646332755462914E-006   1.0974987654930569E-005   1.5922827933410941E-005   2.3101297000831580E-005   3.3516026509388410E-005   4.8626015800653536E-005   7.0548023107186455E-005   1.0235310218990269E-004   1.4849682622544667E-004   2.1544346900318823E-004   3.1257158496882353E-004   4.5348785081285824E-004   6.5793322465756835E-004   9.5454845666183481E-004   1.3848863713938717E-003   2.0092330025650459E-003   2.9150530628251760E-003   4.2292428743894986E-003   6.1359072734131761E-003   8.9021508544503934E-003   1.2915496650148829E-002   1.8738174228603830E-002   2.7185882427329403E-002   3.9442060594376556E-002   5.7223676593502207E-002   8.3021756813197525E-002  0.10000000000000001       0.11836734693877551       0.13673469387755102       0.15510204081632653       0.17346938775510204       0.19183673469387758       0.21020408163265308       0.22857142857142856       0.24693877551020407       0.26530612244897961       0.28367346938775512       0.30204081632653063       0.32040816326530613       0.33877551020408170       0.35714285714285710       0.37551020408163271       0.39387755102040811       0.41224489795918373       0.43061224489795924       0.44897959183673475       0.46734693877551026       0.48571428571428565       0.50408163265306127       0.52244897959183678       0.54081632653061229       0.55918367346938780       0.57755102040816331       0.59591836734693870       0.61428571428571421       0.63265306122448983       0.65102040816326534       0.66938775510204085       0.68775510204081625       0.70612244897959175       0.72448979591836737       0.74285714285714288       0.76122448979591839       0.77959183673469379       0.79795918367346941       0.81632653061224492       0.83469387755102042       0.85306122448979593       0.87142857142857133       0.88979591836734695       0.90816326530612246       0.92653061224489797       0.94489795918367347       0.96326530612244898       0.98163265306122449        1.0000000000000000     
   4.9199999999999999        5.6571821438576393        6.5475140854237930        7.6300445598605036        8.9555328644293528        10.590474443348139        12.622685642509317        15.169119681615255        18.386905256766521        22.489084655212846        27.767273833097445        34.624624171570872        43.624281842457755        55.561423897645774        71.571581839038842        93.295496162430055        123.13315421245734        164.64037874505055        223.15639709969551        306.81102661405930        428.16504637944598        606.92308150739791        874.49250868435536        1281.7732912450272        1912.7019729275617        2908.2313770600867        4509.5982157077860        7137.9508908105245        11543.948027962433        19094.933999447741        32338.759797577557        56137.083811810720        100000.00000000004     
  -5 -4 -3 -2 -1 21  1  2  3  4  5
 1.838326300E-09  7.274103800E+00  8.721600600E+00  8.724516994E+00  8.724305906E+00  1.788927500E+02  8.724346494E+00  8.724586206E+00  8.721600600E+00  7.274103800E+00  1.838326300E-09
 1.327763700E+00  8.561446200E+00  1.000280800E+01  1.000576539E+01  1.000554561E+01  2.196864000E+02  1.000559139E+01  1.000583161E+01  1.000280800E+01  8.561446200E+00  1.327763700E+00
 2.904852700E+00  1.009826100E+01  1.153352600E+01  1.153652344E+01  1.153629856E+01  2.684862400E+02  1.153634228E+01  1.153659272E+01  1.153352600E+01  1.009826100E+01  2.904852700E+00
 4.768028600E+00  1.192131700E+01  1.335052400E+01  1.335355844E+01  1.335333356E+01  3.266385000E+02  1.335337622E+01  1.335363178E+01  1.335052400E+01  1.192131700E+01  4.768028600E+00
 6.958439400E+00  1.407176700E+01  1.549495500E+01  1.549803050E+01  1.549780050E+01  3.956765200E+02  1.549784111E+01  1.549810689E+01  1.549495500E+01  1.407176700E+01  6.958439400E+00
 9.522076700E+00  1.659560700E+01  1.801281700E+01  1.801593561E+01  1.801569539E+01  4.773402900E+02  1.801574006E+01  1.801601094E+01  1.801281700E+01  1.659560700E+01  9.522076700E+00
 1.251027700E+01  1.954417900E+01  2.095545100E+01  2.095860861E+01  2.095836839E+01  5.735972600E+02  2.095841100E+01  2.095868700E+01  2.095545100E+01  1.954417900E+01  1.251027700E+01
 1.598027000E+01  2.297471700E+01  2.438009200E+01  2.438329167E+01  2.438304633E+01  6.866643000E+02  2.438308994E+01  2.438337106E+01  2.438009200E+01  2.297471700E+01  1.598027000E+01
 1.999578200E+01  2.695094900E+01  2.835046900E+01  2.835371072E+01  2.835346028E+01  8.190308800E+02  2.835350489E+01  2.835379111E+01  2.835046900E+01  2.695094900E+01  1.999578200E+01
 2.462768600E+01  3.154375300E+01  3.293745900E+01  3.294074583E+01  3.294048517E+01  9.734833700E+02  3.294053383E+01  3.294082517E+01  3.293745900E+01  3.154375300E+01  2.462768600E+01
 2.995471400E+01  3.683186200E+01  3.821979600E+01  3.822312589E+01  3.822286011E+01  1.153130500E+03  3.822290978E+01  3.822320622E+01  3.821979600E+01  3.683186200E+01  2.995471400E+01
 3.606421800E+01  4.290262900E+01  4.428483400E+01  4.428820794E+01  4.428793706E+01  1.361430100E+03  4.428798467E+01  4.428829133E+01  4.428483400E+01  4.290262900E+01  3.606421800E+01
 4.304910100E+01  4.984896000E+01  5.122547700E+01  5.122889500E+01  5.122861900E+01  1.602218000E+03  5.122866556E+01  5.122898244E+01  5.122547700E+01  4.984896000E+01  4.304910100E+01
 5.102047000E+01  5.778196300E+01  5.915283400E+01  5.915629706E+01  5.915601594E+01  1.879724100E+03  5.915606350E+01  5.915638550E+01  5.915283400E+01  5.778196300E+01  5.102047000E+01
 6.009443500E+01  6.681774800E+01  6.818301500E+01  6.818652311E+01  6.818623689E+01  2.198624700E+03  6.818628544E+01  6.818661256E+01  6.818301500E+01  6.681774800E+01  6.009443500E+01
 7.040084700E+01  7.708616800E+01  7.844587400E+01  7.844943022E+01  7.844913378E+01  2.564058100E+03  7.844918639E+01  7.844951861E+01  7.844587400E+01  7.708616800E+01  7.040084700E+01
 8.208276800E+01  8.873028400E+01  9.008447000E+01  9.008807228E+01  9.008777072E+01  2.981660200E+03  9.008782228E+01  9.008816472E+01  9.008447000E+01  8.873028400E+01  8.208276800E+01
 9.529761900E+01  1.019075200E+02  1.032562300E+02  1.032598733E+02  1.032595667E+02  3.457597000E+03  1.032596161E+02  1.032599739E+02  1.032562300E+02  1.019075200E+02  9.529761900E+01
 1.102184300E+02  1.167909000E+02  1.181341700E+02  1.181378633E+02  1.181375567E+02  3.998599100E+03  1.181376061E+02  1.181379639E+02  1.181341700E+02  1.167909000E+02  1.102184300E+02
 1.270351400E+02  1.335703700E+02  1.349082500E+02  1.349119833E+02  1.349116767E+02  4.611996300E+03  1.349117261E+02  1.349120839E+02  1.349082500E+02  1.335703700E+02  1.270351400E+02
 1.459560100E+02  1.524541900E+02  1.537867200E+02  1.537905239E+02  1.537901661E+02  5.305754300E+03  1.537902461E+02  1.537906039E+02  1.537867200E+02  1.524541900E+02  1.459560100E+02
 1.671911500E+02  1.736524700E+02  1.749796800E+02  1.749835339E+02  1.749831761E+02  6.088449500E+03  1.749832561E+02  1.749836139E+02  1.749796800E+02  1.736524700E+02  1.671911500E+02
 1.910019000E+02  1.974265500E+02  1.987484800E+02  1.987523839E+02  1.987520261E+02  6.969211400E+03  1.987521061E+02  1.987524639E+02  1.987484800E+02  1.974265500E+02  1.910019000E+02
 2.176561400E+02  2.240443000E+02  2.253610100E+02  2.253649539E+02  2.253645961E+02  7.958215900E+03  2.253646556E+02  2.253650644E+02  2.253610100E+02  2.240443000E+02  2.176561400E+02
 2.474479800E+02  2.537998400E+02  2.551113600E+02  2.551153539E+02  2.551149961E+02  9.066365900E+03  2.551150556E+02  2.551154644E+02  2.551113600E+02  2.537998400E+02  2.474479800E+02
 2.806935400E+02  2.870092900E+02  2.883156500E+02  2.883196939E+02  2.883193361E+02  1.030518600E+04  2.883193956E+02  2.883198044E+02  2.883156500E+02  2.870092900E+02  2.806935400E+02
 3.177384000E+02  3.240182400E+02  3.253194900E+02  3.253236044E+02  3.253231956E+02  1.168712200E+04  3.253232856E+02  3.253236944E+02  3.253194900E+02  3.240182400E+02  3.177384000E+02
 3.589573800E+02  3.652014800E+02  3.664976600E+02  3.665018244E+02  3.665014156E+02  1.322549800E+04  3.665014750E+02  3.665019350E+02  3.664976600E+02  3.652014800E+02  3.589573800E+02
 4.047564300E+02  4.109649900E+02  4.122561400E+02  4.122603544E+02  4.122599456E+02  1.493455400E+04  4.122600356E+02  4.122604444E+02  4.122561400E+02  4.109649900E+02  4.047564300E+02
 4.555748100E+02  4.617480100E+02  4.630341800E+02  4.630384139E+02  4.630380561E+02  1.682948600E+04  4.630380950E+02  4.630385550E+02  4.630341800E+02  4.617480100E+02  4.555748100E+02
 5.118320100E+02  5.179700600E+02  5.192512700E+02  5.192555539E+02  5.192551961E+02  1.892579000E+04  5.192552350E+02  5.192556950E+02  5.192512700E+02  5.179700600E+02  5.118320100E+02
 5.741003800E+02  5.802034600E+02  5.814797600E+02  5.814841244E+02  5.814837156E+02  2.124181200E+04  5.814837850E+02  5.814842450E+02  5.814797600E+02  5.802034600E+02  5.741003800E+02
 6.428782400E+02  6.489465600E+02  6.502179900E+02  6.502224044E+02  6.502219956E+02  2.379399400E+04  6.502220650E+02  6.502225250E+02  6.502179900E+02  6.489465600E+02  6.428782400E+02
 1.703431800E-09  6.727045800E+00  8.088574900E+00  8.091886261E+00  8.091632239E+00  1.655929200E+02  8.091678672E+00  8.091966428E+00  8.088574900E+00  6.727045800E+00  1.703424700E-09
 1.229131700E+00  7.919114100E+00  9.275269100E+00  9.278624528E+00  9.278364372E+00  2.034007900E+02  9.278411600E+00  9.278706000E+00  9.275269100E+00  7.919114100E+00  1.229131700E+00
 2.686207500E+00  9.339255900E+00  1.069006700E+01  1.069346689E+01  1.069320111E+01  2.485233700E+02  1.069324872E+01  1.069355028E+01  1.069006700E+01  9.339255900E+00  2.686207500E+00
 4.404154000E+00  1.102040400E+01  1.236590200E+01  1.236934900E+01  1.236907300E+01  3.021685700E+02  1.236912161E+01  1.236943339E+01  1.236590200E+01  1.102040400E+01  4.404154000E+00
 6.419741700E+00  1.299933300E+01  1.433955100E+01  1.434304000E+01  1.434276400E+01  3.657080900E+02  1.434281361E+01  1.434312539E+01  1.433955100E+01  1.299933300E+01  6.419741700E+00
 8.773976100E+00  1.531705400E+01  1.665202400E+01  1.665556111E+01  1.665527489E+01  4.406939000E+02  1.665532550E+01  1.665564750E+01  1.665202400E+01  1.531705400E+01  8.773976100E+00
 1.151252800E+01  1.801924100E+01  1.934899600E+01  1.935257917E+01  1.935228783E+01  5.288756200E+02  1.935233739E+01  1.935266961E+01  1.934899600E+01  1.801924100E+01  1.151252800E+01
 1.468620300E+01  2.115670400E+01  2.248127900E+01  2.248490822E+01  2.248461178E+01  6.322189400E+02  2.248466233E+01  2.248499967E+01  2.248127900E+01  2.115670400E+01  1.468620300E+01
 1.835145700E+01  2.478590300E+01  2.610533000E+01  2.610900728E+01  2.610870572E+01  7.529248400E+02  2.610875728E+01  2.610909972E+01  2.610533000E+01  2.478590300E+01  1.835145700E+01
 2.257095400E+01  2.896950200E+01  3.028381800E+01  3.028754439E+01  3.028723261E+01  8.934497900E+02  3.028728822E+01  3.028763578E+01  3.028381800E+01  2.896950200E+01  2.257095400E+01
 2.741416900E+01  3.377698100E+01  3.508621900E+01  3.508999344E+01  3.508967656E+01  1.056526800E+03  3.508973111E+01  3.509008889E+01  3.508621900E+01  3.377698100E+01  2.741416900E+01
 3.295804300E+01  3.928528100E+01  4.058947800E+01  4.059330050E+01  4.059297850E+01  1.245187200E+03  4.059303406E+01  4.059339694E+01  4.058947800E+01  3.928528100E+01  3.295804300E+01
 3.928347700E+01  4.557530500E+01  4.687449500E+01  4.687836961E+01  4.687803739E+01  1.462768600E+03  4.687809394E+01  4.687846706E+01  4.687449500E+01  4.557530500E+01  3.928347700E+01
 4.648865800E+01  5.274524100E+01  5.403946000E+01  5.404338367E+01  5.404304633E+01  1.712971800E+03  5.404310183E+01  5.404348517E+01  5.403946000E+01  5.274524100E+01  4.648865800E+01
 5.467487400E+01  6.089637700E+01  6.218566000E+01  6.218963678E+01  6.218928922E+01  1.999854800E+03  6.218934572E+01  6.218973928E+01  6.218566000E+01  6.089637700E+01  5.467487400E+01
 6.395545700E+01  7.014204800E+01  7.142643200E+01  7.143045783E+01  7.143010517E+01  2.327868600E+03  7.143016367E+01  7.143056233E+01  7.142643200E+01  7.014204800E+01  6.395545700E+01
 7.445501200E+01  8.060685900E+01  8.188637700E+01  8.189045489E+01  8.189009711E+01  2.701881800E+03  8.189015456E+01  8.189056344E+01  8.188637700E+01  8.060685900E+01  7.445501200E+01
 8.631037500E+01  9.242764500E+01  9.370233400E+01  9.370646600E+01  9.370609800E+01  3.127206000E+03  9.370615644E+01  9.370657556E+01  9.370233400E+01  9.242764500E+01  8.631037500E+01
 9.967164400E+01  1.057545000E+02  1.070244000E+02  1.070285739E+02  1.070282161E+02  3.609623300E+03  1.070282756E+02  1.070286844E+02  1.070244000E+02  1.057545000E+02  9.967164400E+01
 1.147032700E+02  1.207518900E+02  1.220170300E+02  1.220212539E+02  1.220208961E+02  4.155413600E+03  1.220209556E+02  1.220213644E+02  1.220170300E+02  1.207518900E+02  1.147032700E+02
 1.315852100E+02  1.375997600E+02  1.388601700E+02  1.388644744E+02  1.388640656E+02  4.771383200E+03  1.388641556E+02  1.388645644E+02  1.388601700E+02  1.375997600E+02  1.315852100E+02
 1.504977100E+02  1.564783500E+02  1.577340800E+02  1.577384344E+02  1.577380256E+02  5.464822200E+03  1.577380850E+02  1.577385450E+02  1.577340800E+02  1.564783500E+02  1.504977100E+02
 1.716655700E+02  1.776124800E+02  1.788635500E+02  1.788679544E+02  1.788675456E+02  6.243482600E+03  1.788676150E+02  1.788680750E+02  1.788635500E+02  1.776124800E+02  1.716655700E+02
 1.953191800E+02  2.012325200E+02  2.024789700E+02  2.024834244E+02  2.024830156E+02  7.115998900E+03  2.024830850E+02  2.024835450E+02  2.024789700E+02  2.012325200E+02  1.953191800E+02
 2.217106100E+02  2.275905400E+02  2.288324200E+02  2.288369244E+02  2.288365156E+02  8.091586600E+03  2.288365850E+02  2.288370450E+02  2.288324200E+02  2.275905400E+02  2.217106100E+02
 2.511096200E+02  2.569563200E+02  2.581936500E+02  2.581982044E+02  2.581977956E+02  9.179948100E+03  2.581978444E+02  2.581983556E+02  2.581936500E+02  2.569563200E+02  2.511096200E+02
 2.838108600E+02  2.896245000E+02  2.908573100E+02  2.908619550E+02  2.908614950E+02  1.039154100E+04  2.908615644E+02  2.908620756E+02  2.908573100E+02  2.896245000E+02  2.838108600E+02
 3.201332200E+02  3.259139600E+02  3.271423000E+02  3.271469644E+02  3.271465556E+02  1.173753000E+04  3.271466044E+02  3.271471156E+02  3.271423000E+02  3.259139600E+02  3.201332200E+02
 3.604213800E+02  3.661694000E+02  3.673932900E+02  3.673980350E+02  3.673975750E+02  1.322981700E+04  3.673976544E+02  3.673981656E+02  3.673932900E+02  3.661694000E+02  3.604213800E+02
 4.050475300E+02  4.107630000E+02  4.119824700E+02  4.119872750E+02  4.119868150E+02  1.488106700E+04  4.119868944E+02  4.119874056E+02  4.119824700E+02  4.107630000E+02  4.050475300E+02
 4.543637900E+02  4.600468700E+02  4.612619700E+02  4.612668350E+02  4.612663750E+02  1.670411500E+04  4.612664544E+02  4.612669656E+02  4.612619700E+02  4.600468700E+02  4.543637900E+02
 5.088570900E+02  5.145079700E+02  5.157187300E+02  5.157236450E+02  5.157231850E+02  1.871424900E+04  5.157232644E+02  5.157237756E+02  5.157187300E+02  5.145079700E+02  5.088570900E+02
 5.689424100E+02  5.745612600E+02  5.757677200E+02  5.757727156E+02  5.757722044E+02  2.092497600E+04  5.757722839E+02  5.757728461E+02  5.757677200E+02  5.745612600E+02  5.689424100E+02
 1.578772600E-09  6.226989300E+00  7.513430800E+00  7.517188122E+00  7.516882478E+00  1.535895200E+02  7.516935650E+00  7.517280650E+00  7.513430800E+00  6.226989300E+00  1.578771700E-09
 1.137939300E+00  7.330835700E+00  8.612490600E+00  8.616297300E+00  8.615984500E+00  1.886094500E+02  8.616038567E+00  8.616391233E+00  8.612490600E+00  7.330835700E+00  1.137939300E+00
 2.484043600E+00  8.642961700E+00  9.919859700E+00  9.923715972E+00  9.923396528E+00  2.303046400E+02  9.923451078E+00  9.923811922E+00  9.919859700E+00  8.642961700E+00  2.484043600E+00
 4.067755300E+00  1.019281500E+01  1.146498600E+01  1.146889356E+01  1.146856644E+01  2.797569200E+02  1.146862200E+01  1.146899000E+01  1.146498600E+01  1.019281500E+01  4.067755300E+00
 5.921876400E+00  1.201320200E+01  1.328067800E+01  1.328463461E+01  1.328430239E+01  3.381910900E+02  1.328435994E+01  1.328473306E+01  1.328067800E+01  1.201320200E+01  5.921876400E+00
 8.082904300E+00  1.414062500E+01  1.540343700E+01  1.540744672E+01  1.540710428E+01  4.069887000E+02  1.540716283E+01  1.540754617E+01  1.540343700E+01  1.414062500E+01  8.082904300E+00
 1.059139800E+01  1.661564700E+01  1.787382600E+01  1.787788678E+01  1.787753922E+01  4.877025900E+02  1.787759672E+01  1.787799028E+01  1.787382600E+01  1.661564700E+01  1.059139800E+01
 1.349238100E+01  1.948329400E+01  2.073687200E+01  2.074098689E+01  2.074062911E+01  5.820721100E+02  2.074069067E+01  2.074108933E+01  2.073687200E+01  1.948329400E+01  1.349238100E+01
 1.683577700E+01  2.279349400E+01  2.404250400E+01  2.404667094E+01  2.404630806E+01  6.920390600E+02  2.404636550E+01  2.404677950E+01  2.404250400E+01  2.279349400E+01  1.683577700E+01
 2.067688900E+01  2.660155000E+01  2.784602600E+01  2.785024706E+01  2.784987394E+01  8.197643100E+02  2.784993544E+01  2.785035456E+01  2.784602500E+01  2.660155000E+01  2.067688900E+01
 2.507691100E+01  3.096866100E+01  3.220863300E+01  3.221290811E+01  3.221252989E+01  9.676450400E+02  3.221259033E+01  3.221301967E+01  3.220863300E+01  3.096866100E+01  2.507691100E+01
 3.010348200E+01  3.596246600E+01  3.719796900E+01  3.720230022E+01  3.720191178E+01  1.138332700E+03  3.720197322E+01  3.720241278E+01  3.719796900E+01  3.596246600E+01  3.010348200E+01
 3.582692900E+01  4.165329300E+01  4.288435900E+01  4.288874733E+01  4.288834867E+01  1.334724900E+03  4.288841417E+01  4.288885883E+01  4.288435900E+01  4.165329300E+01  3.582692900E+01
 4.233383000E+01  4.812772200E+01  4.935438500E+01  4.935882944E+01  4.935842056E+01  1.560051300E+03  4.935848806E+01  4.935894294E+01  4.935438500E+01  4.812772200E+01  4.233383000E+01
 4.971237100E+01  5.547394100E+01  5.669623200E+01  5.670073250E+01  5.670031850E+01  1.817824400E+03  5.670038189E+01  5.670085211E+01  5.669623200E+01  5.547394100E+01  4.971237100E+01
 5.806127000E+01  6.379066600E+01  6.500861800E+01  6.501317661E+01  6.501275239E+01  2.111890300E+03  6.501281778E+01  6.501329822E+01  6.500861800E+01  6.379066600E+01  5.806127000E+01
 6.748882900E+01  7.318620200E+01  7.439984800E+01  7.440446267E+01  7.440403333E+01  2.446443700E+03  7.440410072E+01  7.440458628E+01  7.439984800E+01  7.318620200E+01  6.748882900E+01
 7.811374000E+01  8.377924000E+01  8.498861400E+01  8.499328778E+01  8.499284822E+01  2.826048000E+03  8.499291661E+01  8.499341239E+01  8.498861400E+01  8.377924000E+01  7.811374000E+01
 9.006593200E+01  9.569971000E+01  9.690484200E+01  9.690957589E+01  9.690912611E+01  3.255656800E+03  9.690919650E+01  9.690970250E+01  9.690484200E+01  9.569971000E+01  9.006593200E+01
 1.034874700E+02  1.090896800E+02  1.102906000E+02  1.102953950E+02  1.102949350E+02  3.740635400E+03  1.102950044E+02  1.102955156E+02  1.102906000E+02  1.090896800E+02  1.034874700E+02
 1.185335100E+02  1.241043000E+02  1.253010400E+02  1.253058950E+02  1.253054350E+02  4.286782700E+03  1.253054839E+02  1.253060461E+02  1.253010400E+02  1.241043000E+02  1.185335100E+02
 1.353583300E+02  1.408978500E+02  1.420904500E+02  1.420953550E+02  1.420948950E+02  4.900277300E+03  1.420949744E+02  1.420954856E+02  1.420904500E+02  1.408978500E+02  1.353583300E+02
 1.541548800E+02  1.596632800E+02  1.608517700E+02  1.608567556E+02  1.608562444E+02  5.587683100E+03  1.608563239E+02  1.608568861E+02  1.608517700E+02  1.596632800E+02  1.541548800E+02
 1.751208200E+02  1.805982500E+02  1.817826600E+02  1.817877056E+02  1.817871944E+02  6.356303500E+03  1.817872739E+02  1.817878361E+02  1.817826600E+02  1.805982500E+02  1.751208200E+02
 1.984716700E+02  2.039182800E+02  2.050986300E+02  2.051037356E+02  2.051032244E+02  7.213903100E+03  2.051033139E+02  2.051038761E+02  2.050986300E+02  2.039182800E+02  1.984716700E+02
 2.244370700E+02  2.298530100E+02  2.310293500E+02  2.310345056E+02  2.310339944E+02  8.168624100E+03  2.310340839E+02  2.310346461E+02  2.310293500E+02  2.298530100E+02  2.244370700E+02
 2.532676100E+02  2.586530500E+02  2.598253900E+02  2.598306361E+02  2.598300739E+02  9.229224600E+03  2.598301633E+02  2.598307767E+02  2.598253900E+02  2.586530500E+02  2.532676100E+02
 2.852339200E+02  2.905889900E+02  2.917573700E+02  2.917626556E+02  2.917621444E+02  1.040502900E+04  2.917622033E+02  2.917628167E+02  2.917573700E+02  2.905889900E+02  2.852339200E+02
 3.206278900E+02  3.259527500E+02  3.271172100E+02  3.271225761E+02  3.271220139E+02  1.170595000E+04  3.271221033E+02  3.271227167E+02  3.271172100E+02  3.259527500E+02  3.206278900E+02
 3.597640400E+02  3.650588500E+02  3.662194100E+02  3.662248361E+02  3.662242739E+02  1.314250800E+04  3.662243428E+02  3.662250072E+02  3.662194100E+02  3.650588500E+02  3.597640400E+02
 4.029372000E+02  4.082021200E+02  4.093588000E+02  4.093642961E+02  4.093637339E+02  1.472529600E+04  4.093638028E+02  4.093644672E+02  4.093588000E+02  4.082021200E+02  4.029372000E+02
 4.505603800E+02  4.557955500E+02  4.569484000E+02  4.569539767E+02  4.569533633E+02  1.646700400E+04  4.569534628E+02  4.569541272E+02  4.569484000E+02  4.557955500E+02  4.505603800E+02
 5.029782800E+02  5.081838700E+02  5.093329100E+02  5.093385261E+02  5.093379639E+02  1.837869000E+04  5.093380328E+02  5.093386972E+02  5.093329100E+02  5.081838700E+02  5.029782800E+02
 1.463272200E-09  5.768247400E+00  6.987454300E+00  6.991714183E+00  6.991347717E+00  1.426799100E+02  6.991407506E+00  6.991820994E+00  6.987454300E+00  5.768247400E+00  1.463268600E-09
 1.053462600E+00  6.790266700E+00  8.005283100E+00  8.009598072E+00  8.009223428E+00  1.750975100E+02  8.009284106E+00  8.009706794E+00  8.005283100E+00  6.790266700E+00  1.053462600E+00
 2.296807300E+00  8.002270100E+00  9.213121700E+00  9.217492467E+00  9.217109133E+00  2.135993100E+02  9.217171006E+00  9.217602894E+00  9.213121700E+00  8.002270100E+00  2.296807300E+00
 3.756314100E+00  9.430542400E+00  1.063725500E+01  1.064168328E+01  1.064128972E+01  2.591523900E+02  1.064135422E+01  1.064179378E+01  1.063725500E+01  9.430542400E+00  3.756314100E+00
 5.461193100E+00  1.110429800E+01  1.230689900E+01  1.231138233E+01  1.231098367E+01  3.128482400E+02  1.231104711E+01  1.231149689E+01  1.230689900E+01  1.110429800E+01  5.461193100E+00
 7.443869900E+00  1.305596700E+01  1.425448400E+01  1.425902544E+01  1.425861656E+01  3.759142000E+02  1.425868100E+01  1.425914100E+01  1.425448400E+01  1.305596700E+01  7.443869900E+00
 9.740298600E+00  1.532150700E+01  1.651596600E+01  1.652056656E+01  1.652014744E+01  4.497255700E+02  1.652021389E+01  1.652068411E+01  1.651596600E+01  1.532150700E+01  9.740298600E+00
 1.239030300E+01  1.794074500E+01  1.913117400E+01  1.913583367E+01  1.913540433E+01  5.358180900E+02  1.913547278E+01  1.913595322E+01  1.913117400E+01  1.794074500E+01  1.239030300E+01
 1.543795000E+01  2.095775000E+01  2.214417600E+01  2.214889372E+01  2.214845928E+01  6.359011000E+02  2.214852667E+01  2.214901733E+01  2.214417600E+01  2.095775000E+01  1.543795000E+01
 1.893195100E+01  2.442123500E+01  2.560368800E+01  2.560846583E+01  2.560802117E+01  7.518710500E+02  2.560808956E+01  2.560859044E+01  2.560368800E+01  2.442123500E+01  1.893195100E+01
 2.292609900E+01  2.838499800E+01  2.956350400E+01  2.956834294E+01  2.956788806E+01  8.858256400E+02  2.956795844E+01  2.956846956E+01  2.956350400E+01  2.838499800E+01  2.292609900E+01
 2.747974000E+01  3.290838400E+01  3.408297100E+01  3.408787206E+01  3.408740694E+01  1.040078300E+03  3.408747628E+01  3.408800272E+01  3.408297100E+01  3.290838400E+01  2.747974000E+01
 3.265389300E+01  3.805241300E+01  3.922311000E+01  3.922807011E+01  3.922759989E+01  1.217138800E+03  3.922767122E+01  3.922820278E+01  3.922311000E+01  3.805241300E+01  3.265389300E+01
 3.852472800E+01  4.389325700E+01  4.506009200E+01  4.506511522E+01  4.506463478E+01  1.419818100E+03  4.506470506E+01  4.506525194E+01  4.506009200E+01  4.389325700E+01  3.852472800E+01
 4.516886900E+01  5.050754200E+01  5.167054200E+01  5.167562833E+01  5.167513767E+01  1.651148700E+03  5.167520994E+01  5.167576706E+01  5.167054200E+01  5.050754200E+01  4.516886900E+01
 5.267211700E+01  5.798106800E+01  5.914026100E+01  5.914541144E+01  5.914491056E+01  1.914445100E+03  5.914498483E+01  5.914555217E+01  5.914026100E+01  5.798106800E+01  5.267211700E+01
 6.112840700E+01  6.640777200E+01  6.756318400E+01  6.756839956E+01  6.756788844E+01  2.213311400E+03  6.756796472E+01  6.756854228E+01  6.756318400E+01  6.640777200E+01  6.112840700E+01
 7.064046400E+01  7.589037800E+01  7.704203800E+01  7.704731867E+01  7.704679733E+01  2.551657200E+03  7.704687256E+01  7.704746544E+01  7.704203800E+01  7.589037800E+01  7.064046400E+01
 8.132050400E+01  8.654110300E+01  8.768903800E+01  8.769438378E+01  8.769385222E+01  2.933714200E+03  8.769392944E+01  8.769453256E+01  8.768903800E+01  8.654110300E+01  8.132050400E+01
 9.329097100E+01  9.848239100E+01  9.962662800E+01  9.963204089E+01  9.963149911E+01  3.364052400E+03  9.963157528E+01  9.963219372E+01  9.962662800E+01  9.848239100E+01  9.329097100E+01
 1.066853200E+02  1.118477000E+02  1.129882700E+02  1.129937256E+02  1.129932144E+02  3.847597500E+03  1.129932833E+02  1.129938967E+02  1.129882700E+02  1.118477000E+02  1.066853200E+02
 1.216353200E+02  1.267687900E+02  1.279057100E+02  1.279112561E+02  1.279106939E+02  4.389570400E+03  1.279107833E+02  1.279113967E+02  1.279057100E+02  1.267687900E+02  1.216353200E+02
 1.383061600E+02  1.434108600E+02  1.445441600E+02  1.445497761E+02  1.445492139E+02  4.995512000E+03  1.445492828E+02  1.445499472E+02  1.445441600E+02  1.434108600E+02  1.383061600E+02
 1.568670200E+02  1.619430900E+02  1.630728000E+02  1.630784967E+02  1.630778833E+02  5.671579300E+03  1.630779828E+02  1.630786472E+02  1.630728000E+02  1.619430900E+02  1.568670200E+02
 1.775016800E+02  1.825492500E+02  1.836753900E+02  1.836811567E+02  1.836805433E+02  6.424292100E+03  1.836806428E+02  1.836813072E+02  1.836753900E+02  1.825492500E+02  1.775016800E+02
 2.004051400E+02  2.054243500E+02  2.065469500E+02  2.065527767E+02  2.065521633E+02  7.260461000E+03  2.065522422E+02  2.065529578E+02  2.065469500E+02  2.054243500E+02  2.004051400E+02
 2.257899700E+02  2.307809500E+02  2.319000400E+02  2.319059367E+02  2.319053233E+02  8.187394900E+03  2.319054022E+02  2.319061178E+02  2.319000400E+02  2.307809500E+02  2.257899700E+02
 2.538852100E+02  2.588481100E+02  2.599637100E+02  2.599696667E+02  2.599690533E+02  9.212853900E+03  2.599691322E+02  2.599698478E+02  2.599637100E+02  2.588481100E+02  2.538852100E+02
 2.849373900E+02  2.898723400E+02  2.909844700E+02  2.909904967E+02  2.909898833E+02  1.034506400E+04  2.909899417E+02  2.909907083E+02  2.909844700E+02  2.898723400E+02  2.849373900E+02
 3.192115600E+02  3.241187100E+02  3.252274000E+02  3.252335172E+02  3.252328528E+02  1.159273000E+04  3.252329622E+02  3.252336778E+02  3.252274000E+02  3.241187100E+02  3.192115600E+02
 3.569539100E+02  3.618333900E+02  3.629386700E+02  3.629448472E+02  3.629441828E+02  1.296456500E+04  3.629442717E+02  3.629450383E+02  3.629386700E+02  3.618333900E+02  3.569539100E+02
 3.985136300E+02  4.033655900E+02  4.044674800E+02  4.044737272E+02  4.044730628E+02  1.447105800E+04  4.044731311E+02  4.044739489E+02  4.044674800E+02  4.033655900E+02  3.985136300E+02
 4.441763100E+02  4.490008900E+02  4.500994100E+02  4.501057578E+02  4.501050422E+02  1.612123000E+04  4.501051617E+02  4.501059283E+02  4.500994100E+02  4.490008900E+02  4.441763100E+02
 1.356093100E-09  5.346149900E+00  6.506919600E+00  6.511745578E+00  6.511306022E+00  1.327160500E+02  6.511373317E+00  6.511868583E+00  6.506919600E+00  5.346149900E+00  1.356094200E-09
 9.750854900E-01  6.292166100E+00  7.449263500E+00  7.454150983E+00  7.453701717E+00  1.627040800E+02  7.453770100E+00  7.454276100E+00  7.449263500E+00  6.292166100E+00  9.750854900E-01
 2.123165400E+00  7.411267900E+00  8.564714400E+00  8.569663989E+00  8.569205011E+00  1.982303700E+02  8.569274278E+00  8.569791522E+00  8.564714400E+00  7.411267900E+00  2.123165400E+00
 3.467653800E+00  8.726874300E+00  9.876691400E+00  9.881703489E+00  9.881235311E+00  2.401576900E+02  9.881305461E+00  9.881833439E+00  9.876691400E+00  8.726874300E+00  3.467653800E+00
 5.034513500E+00  1.026495200E+01  1.141116200E+01  1.141623617E+01  1.141576083E+01  2.894567300E+02  1.141582911E+01  1.141637089E+01  1.141116200E+01  1.026495200E+01  5.034513500E+00
 6.852498800E+00  1.205425900E+01  1.319688400E+01  1.320202228E+01  1.320153672E+01  3.472155300E+02  1.320160700E+01  1.320215900E+01  1.319688400E+01  1.205425900E+01  6.852498800E+00
 8.953420400E+00  1.412661000E+01  1.526567200E+01  1.527087539E+01  1.527037961E+01  4.146494700E+02  1.527045189E+01  1.527101411E+01  1.526567200E+01  1.412661000E+01  8.953420400E+00
 1.137243600E+01  1.651716400E+01  1.765268700E+01  1.765795550E+01  1.765744950E+01  4.931114500E+02  1.765752072E+01  1.765809828E+01  1.765268700E+01  1.651716400E+01  1.137243600E+01
 1.414836300E+01  1.926474300E+01  2.039674900E+01  2.040208361E+01  2.040156739E+01  5.841026500E+02  2.040164061E+01  2.040222839E+01  2.039674900E+01  1.926474300E+01  1.414836300E+01
 1.732402300E+01  2.241216900E+01  2.354068200E+01  2.354608272E+01  2.354555628E+01  6.892834700E+02  2.354563150E+01  2.354622950E+01  2.354068200E+01  2.241216900E+01  1.732402300E+01
 2.094660700E+01  2.600663600E+01  2.713167800E+01  2.713714889E+01  2.713660711E+01  8.104849500E+02  2.713668639E+01  2.713729461E+01  2.713167800E+01  2.600663600E+01  2.094660700E+01
 2.506807200E+01  3.010010300E+01  3.122169800E+01  3.122723394E+01  3.122668706E+01  9.497204600E+02  3.122676322E+01  3.122738678E+01  3.122169800E+01  3.010010300E+01  2.506807200E+01
 2.974126300E+01  3.474541400E+01  3.586358400E+01  3.586919111E+01  3.586862889E+01  1.109158400E+03  3.586871011E+01  3.586934389E+01  3.586358400E+01  3.474541400E+01  2.974126300E+01
 3.503303500E+01  4.000942700E+01  4.112419500E+01  4.112987122E+01  4.112929878E+01  1.291238500E+03  4.112937894E+01  4.113002806E+01  4.112419500E+01  4.000942700E+01  3.503303500E+01
 4.100982100E+01  4.595857500E+01  4.706996400E+01  4.707571239E+01  4.707512461E+01  1.498571800E+03  4.707520678E+01  4.707587122E+01  4.706996400E+01  4.595857500E+01  4.100982100E+01
 4.774603200E+01  5.266727000E+01  5.377530400E+01  5.378112150E+01  5.378052350E+01  1.734006400E+03  5.378060561E+01  5.378128539E+01  5.377530400E+01  5.266727000E+01  4.774603200E+01
 5.532295500E+01  6.021680100E+01  6.132150000E+01  6.132738961E+01  6.132678139E+01  2.000630200E+03  6.132686550E+01  6.132755550E+01  6.132150000E+01  6.021680100E+01  5.532295500E+01
 6.382929400E+01  6.869586900E+01  6.979725700E+01  6.980321772E+01  6.980259928E+01  2.301782600E+03  6.980268539E+01  6.980338561E+01  6.979725700E+01  6.869586900E+01  6.382929400E+01
 7.336173500E+01  7.820116400E+01  7.929926300E+01  7.930529789E+01  7.930466411E+01  2.641067500E+03  7.930475222E+01  7.930546778E+01  7.929926300E+01  7.820116400E+01  7.336173500E+01
 8.402556000E+01  8.883796500E+01  8.993279700E+01  8.993890706E+01  8.993825794E+01  3.022365500E+03  8.993834906E+01  8.993907994E+01  8.993279700E+01  8.883796500E+01  8.402556000E+01
 9.593527800E+01  1.007207800E+02  1.018123700E+02  1.018185572E+02  1.018178928E+02  3.449847100E+03  1.018179717E+02  1.018187383E+02  1.018123700E+02  1.007207800E+02  9.593527800E+01
 1.092031400E+02  1.139618600E+02  1.150502300E+02  1.150565078E+02  1.150557922E+02  3.927909600E+03  1.150559017E+02  1.150566683E+02  1.150502300E+02  1.139618600E+02  1.092031400E+02
 1.239702600E+02  1.287023300E+02  1.297875000E+02  1.297938172E+02  1.297931528E+02  4.461215500E+03  1.297932417E+02  1.297940083E+02  1.297875000E+02  1.287023300E+02  1.239702600E+02
 1.403810200E+02  1.450865700E+02  1.461685500E+02  1.461749678E+02  1.461742522E+02  5.054936900E+03  1.461743717E+02  1.461751383E+02  1.461685500E+02  1.450865700E+02  1.403810200E+02
 1.585917400E+02  1.632708800E+02  1.643497000E+02  1.643561878E+02  1.643554722E+02  5.714529100E+03  1.643555917E+02  1.643563583E+02  1.643497000E+02  1.632708800E+02  1.585917400E+02
 1.787675400E+02  1.834204100E+02  1.844960900E+02  1.845026478E+02  1.845019322E+02  6.445668300E+03  1.845020311E+02  1.845028489E+02  1.844960900E+02  1.834204100E+02  1.787675400E+02
 2.010882600E+02  2.057149700E+02  2.067875300E+02  2.067941883E+02  2.067934217E+02  7.254431900E+03  2.067935411E+02  2.067943589E+02  2.067875300E+02  2.057149700E+02  2.010882600E+02
 2.257472000E+02  2.303478800E+02  2.314173400E+02  2.314240478E+02  2.314233322E+02  8.147253400E+03  2.314234311E+02  2.314242489E+02  2.314173400E+02  2.303478800E+02  2.257472000E+02
 2.529519700E+02  2.575267500E+02  2.585931300E+02  2.585999383E+02  2.585991717E+02  9.130932500E+03  2.585992706E+02  2.586001394E+02  2.585931300E+02  2.575267500E+02  2.529519700E+02
 2.829252900E+02  2.874742800E+02  2.885376100E+02  2.885444883E+02  2.885437217E+02  1.021264500E+04  2.885438000E+02  2.885447200E+02  2.885376100E+02  2.874742800E+02  2.829252900E+02
 3.158721400E+02  3.203954900E+02  3.214557800E+02  3.214627589E+02  3.214619411E+02  1.139952900E+04  3.214620500E+02  3.214629700E+02  3.214557800E+02  3.203954900E+02  3.158721400E+02
 3.520868100E+02  3.565846400E+02  3.576419100E+02  3.576489589E+02  3.576481411E+02  1.270021400E+04  3.576482806E+02  3.576491494E+02  3.576419100E+02  3.565846400E+02  3.520868100E+02
 3.918052000E+02  3.962776500E+02  3.973319200E+02  3.973390489E+02  3.973382311E+02  1.412203200E+04  3.973383194E+02  3.973392906E+02  3.973319200E+02  3.962776500E+02  3.918052000E+02
 1.256476100E-09  4.956680800E+00  6.066770200E+00  6.072232722E+00  6.071706278E+00  1.235722800E+02  6.071782161E+00  6.072374539E+00  6.066770300E+00  4.956680800E+00  1.256476900E-09
 9.022722500E-01  5.832026000E+00  6.938874700E+00  6.944405439E+00  6.943868261E+00  1.512916000E+02  6.943944922E+00  6.944550078E+00  6.938874700E+00  5.832026000E+00  9.022722500E-01
 1.961953300E+00  6.864862200E+00  7.968487600E+00  7.974087361E+00  7.973538939E+00  1.840454300E+02  7.973616989E+00  7.974234411E+00  7.968487600E+00  6.864862200E+00  1.961953300E+00
 3.199863700E+00  8.076014300E+00  9.176433900E+00  9.182103383E+00  9.181543717E+00  2.226018700E+02  9.181622744E+00  9.182253456E+00  9.176433900E+00  8.076014300E+00  3.199863700E+00
 4.639034800E+00  9.488517700E+00  1.058574900E+01  1.059149022E+01  1.059091778E+01  2.678222800E+02  1.059099800E+01  1.059164200E+01  1.058574900E+01  9.488517700E+00  4.639034800E+00
 6.304914800E+00  1.112782400E+01  1.222188600E+01  1.222769633E+01  1.222711367E+01  3.206690900E+02  1.222719689E+01  1.222785111E+01  1.222188600E+01  1.112782400E+01  6.304914800E+00
 8.225592300E+00  1.302202400E+01  1.411293500E+01  1.411881744E+01  1.411822456E+01  3.822138100E+02  1.411830672E+01  1.411897628E+01  1.411293500E+01  1.302202400E+01  8.225592300E+00
 1.043204200E+01  1.520209600E+01  1.628987400E+01  1.629583061E+01  1.629522239E+01  4.536454800E+02  1.629530656E+01  1.629599144E+01  1.628987400E+01  1.520209600E+01  1.043204200E+01
 1.295838800E+01  1.770216700E+01  1.878683100E+01  1.879285972E+01  1.879224128E+01  5.362791700E+02  1.879232539E+01  1.879302561E+01  1.878683100E+01  1.770216700E+01  1.295838800E+01
 1.584219300E+01  2.055980100E+01  2.164137000E+01  2.164747183E+01  2.164684317E+01  6.315649200E+02  2.164692928E+01  2.164763972E+01  2.164137000E+01  2.055980100E+01  1.584219300E+01
 1.912477000E+01  2.381631200E+01  2.489480400E+01  2.490098200E+01  2.490033800E+01  7.410968100E+02  2.490042406E+01  2.490115494E+01  2.489480400E+01  2.381631200E+01  1.912477000E+01
 2.285150700E+01  2.751709200E+01  2.859252600E+01  2.859877811E+01  2.859812389E+01  8.666222900E+02  2.859821194E+01  2.859895306E+01  2.859252600E+01  2.751709200E+01  2.285150700E+01
 2.706807500E+01  3.170781100E+01  3.278020500E+01  3.278653222E+01  3.278586778E+01  1.010010100E+03  3.278595578E+01  3.278671222E+01  3.278020500E+01  3.170781100E+01  2.706807500E+01
 3.183301000E+01  3.644700500E+01  3.751637900E+01  3.752278644E+01  3.752210156E+01  1.173371400E+03  3.752219667E+01  3.752296333E+01  3.751637900E+01  3.644700500E+01  3.183301000E+01
 3.720378000E+01  4.179214600E+01  4.285851700E+01  4.286500056E+01  4.286430544E+01  1.358947700E+03  4.286439844E+01  4.286518556E+01  4.285851700E+01  4.179214600E+01  3.720378000E+01
 4.324477000E+01  4.780761700E+01  4.887100400E+01  4.887756672E+01  4.887685628E+01  1.569179300E+03  4.887695128E+01  4.887775372E+01  4.887100400E+01  4.780761700E+01  4.324477000E+01
 5.002615400E+01  5.456359400E+01  5.562401500E+01  5.563065789E+01  5.562993211E+01  1.806703500E+03  5.563003011E+01  5.563084789E+01  5.562401500E+01  5.456359400E+01  5.002615400E+01
 5.762434100E+01  6.213648500E+01  6.319395800E+01  6.320067900E+01  6.319994300E+01  2.074364000E+03  6.320004094E+01  6.320087406E+01  6.319395800E+01  6.213648500E+01  5.762434100E+01
 6.612243400E+01  7.060939600E+01  7.166393900E+01  7.167073811E+01  7.166999189E+01  2.375219800E+03  7.167008978E+01  7.167093822E+01  7.166393900E+01  7.060939600E+01  6.612243400E+01
 7.561072500E+01  8.007261600E+01  8.112424700E+01  8.113112828E+01  8.113036672E+01  2.712555200E+03  8.113046456E+01  8.113133344E+01  8.112424700E+01  8.007261600E+01  7.561072500E+01
 8.618721100E+01  9.062414500E+01  9.167288000E+01  9.167984344E+01  9.167906656E+01  3.089889500E+03  9.167917044E+01  9.168004956E+01  9.167288000E+01  9.062414500E+01  8.618721100E+01
 9.794728100E+01  1.023593700E+02  1.034052300E+02  1.034122583E+02  1.034114917E+02  3.510913500E+03  1.034116006E+02  1.034124694E+02  1.034052300E+02  1.023593700E+02  9.794728100E+01
 1.110111700E+02  1.153985200E+02  1.164415200E+02  1.164486589E+02  1.164478411E+02  3.979537400E+03  1.164479500E+02  1.164488700E+02  1.164415200E+02  1.153985200E+02  1.110111700E+02
 1.255017600E+02  1.298644900E+02  1.309046500E+02  1.309118589E+02  1.309110411E+02  4.500089600E+03  1.309111500E+02  1.309120700E+02  1.309046500E+02  1.298644900E+02  1.255017600E+02
 1.415516000E+02  1.458898300E+02  1.469271600E+02  1.469344694E+02  1.469336006E+02  5.077117100E+03  1.469337194E+02  1.469346906E+02  1.469271600E+02  1.458898300E+02  1.415516000E+02
 1.593001700E+02  1.636140100E+02  1.646485300E+02  1.646559194E+02  1.646550506E+02  5.715333200E+03  1.646551694E+02  1.646561406E+02  1.646485300E+02  1.636140100E+02  1.593001700E+02
 1.788991400E+02  1.831887000E+02  1.842204300E+02  1.842278994E+02  1.842270306E+02  6.419771200E+03  1.842271494E+02  1.842281206E+02  1.842204300E+02  1.831887000E+02  1.788991400E+02
 2.005111900E+02  2.047765800E+02  2.058055300E+02  2.058130794E+02  2.058122106E+02  7.195743500E+03  2.058123089E+02  2.058133311E+02  2.058055300E+02  2.047765800E+02  2.005111900E+02
 2.243106100E+02  2.285519600E+02  2.295781400E+02  2.295857694E+02  2.295849006E+02  8.048847800E+03  2.295850089E+02  2.295860311E+02  2.295781400E+02  2.285519600E+02  2.243106100E+02
 2.504839700E+02  2.547013800E+02  2.557248200E+02  2.557325600E+02  2.557316400E+02  8.984973700E+03  2.557317689E+02  2.557327911E+02  2.557248200E+02  2.547013800E+02  2.504839700E+02
 2.792014700E+02  2.833950700E+02  2.844157800E+02  2.844235900E+02  2.844226700E+02  1.000994500E+04  2.844227783E+02  2.844238517E+02  2.844157800E+02  2.833950700E+02  2.792014700E+02
 3.107102100E+02  3.148801100E+02  3.158981000E+02  3.159060000E+02  3.159050800E+02  1.113082900E+04  3.159051678E+02  3.159062922E+02  3.158981000E+02  3.148801100E+02  3.107102100E+02
 3.452045200E+02  3.493508500E+02  3.503661500E+02  3.503741506E+02  3.503731794E+02  1.235356100E+04  3.503732978E+02  3.503744222E+02  3.503661500E+02  3.493508500E+02  3.452045200E+02
 1.163776700E-09  4.596541500E+00  5.662459400E+00  5.668636039E+00  5.668006861E+00  1.151448500E+02  5.668092311E+00  5.668799689E+00  5.662459400E+00  4.596541500E+00  1.163777200E-09
 8.345624000E-01  5.406117100E+00  6.469150100E+00  6.475402678E+00  6.474760722E+00  1.407464700E+02  6.474847556E+00  6.475569244E+00  6.469150200E+00  5.406117100E+00  8.345624000E-01
 1.812161700E+00  6.358804200E+00  7.418966100E+00  7.425295117E+00  7.424640383E+00  1.709180600E+02  7.424728189E+00  7.425465211E+00  7.418966100E+00  6.358804200E+00  1.812161700E+00
 2.951274700E+00  7.473083200E+00  8.530388100E+00  8.536794661E+00  8.536126639E+00  2.063419500E+02  8.536215928E+00  8.536967772E+00  8.530388100E+00  7.473083200E+00  2.951274700E+00
 4.272290600E+00  8.769347400E+00  9.823809500E+00  9.830294206E+00  9.829612894E+00  2.477807900E+02  9.829703461E+00  9.830470639E+00  9.823809500E+00  8.769347400E+00  4.272290600E+00
 5.797685000E+00  1.027007500E+01  1.132170900E+01  1.132827256E+01  1.132757744E+01  2.960838300E+02  1.132767050E+01  1.132845250E+01  1.132170900E+01  1.027007500E+01  5.797685000E+00
 7.552208000E+00  1.200002000E+01  1.304884000E+01  1.305548472E+01  1.305477428E+01  3.521935300E+02  1.305486933E+01  1.305566667E+01  1.304884000E+01  1.200002000E+01  7.552208000E+00
 9.563090600E+00  1.398641500E+01  1.503243600E+01  1.503916189E+01  1.503843611E+01  4.171522000E+02  1.503853317E+01  1.503934583E+01  1.503243600E+01  1.398641500E+01  9.563090600E+00
 1.186026700E+01  1.625919600E+01  1.730243400E+01  1.730923900E+01  1.730850300E+01  4.921089600E+02  1.730860000E+01  1.730942800E+01  1.730243400E+01  1.625919600E+01  1.186026700E+01
 1.447661500E+01  1.885124500E+01  1.989171300E+01  1.989860017E+01  1.989784883E+01  5.783267100E+02  1.989794883E+01  1.989879217E+01  1.989171300E+01  1.885124500E+01  1.447661500E+01
 1.744821700E+01  2.179864300E+01  2.283635800E+01  2.284332528E+01  2.284256372E+01  6.771894000E+02  2.284266367E+01  2.284352233E+01  2.283635800E+01  2.179864300E+01  1.744821700E+01
 2.081463400E+01  2.514095600E+01  2.617593100E+01  2.618298244E+01  2.618220556E+01  7.902093700E+02  2.618230544E+01  2.618318456E+01  2.617593100E+01  2.514095600E+01  2.081463400E+01
 2.461525500E+01  2.891757000E+01  2.994982100E+01  2.995695661E+01  2.995616439E+01  9.189927200E+02  2.995626728E+01  2.995716172E+01  2.994982100E+01  2.891757000E+01  2.461525500E+01
 2.890119700E+01  3.317960600E+01  3.420914600E+01  3.421636678E+01  3.421555922E+01  1.065360400E+03  3.421566511E+01  3.421657489E+01  3.420914600E+01  3.317960600E+01  2.890119700E+01
 3.372205800E+01  3.797666100E+01  3.900350700E+01  3.901081600E+01  3.900998800E+01  1.231231100E+03  3.901009383E+01  3.901102917E+01  3.900350700E+01  3.797666100E+01  3.372205800E+01
 3.913341000E+01  4.336430900E+01  4.438847400E+01  4.439586611E+01  4.439502789E+01  1.418688900E+03  4.439513672E+01  4.439608228E+01  4.438847400E+01  4.336430900E+01  3.913341000E+01
 4.519568400E+01  4.940298000E+01  5.042447900E+01  5.043195828E+01  5.043110472E+01  1.629979100E+03  5.043121350E+01  5.043217950E+01  5.042447900E+01  4.940298000E+01  4.519568400E+01
 5.197452900E+01  5.615832600E+01  5.717717200E+01  5.718473944E+01  5.718387056E+01  1.867514900E+03  5.718398233E+01  5.718496367E+01  5.717717200E+01  5.615832600E+01  5.197452900E+01
 5.954118800E+01  6.370158800E+01  6.471779600E+01  6.472545367E+01  6.472456433E+01  2.133884300E+03  6.472467706E+01  6.472568394E+01  6.471779600E+01  6.370158800E+01  5.954118800E+01
 6.797289200E+01  7.210999800E+01  7.312358200E+01  7.313132578E+01  7.313042622E+01  2.431857000E+03  7.313053889E+01  7.313156111E+01  7.312358200E+01  7.210999800E+01  6.797289200E+01
 7.735327700E+01  8.146719200E+01  8.247816500E+01  8.248600100E+01  8.248508100E+01  2.764391800E+03  8.248519767E+01  8.248624033E+01  8.247816500E+01  8.146719200E+01  7.735327700E+01
 8.776319000E+01  9.185401700E+01  9.286239300E+01  9.287031611E+01  9.286938589E+01  3.134575800E+03  9.286950350E+01  9.287056150E+01  9.286239300E+01  9.185401700E+01  8.776319000E+01
 9.930478800E+01  1.033726300E+02  1.043784200E+02  1.043864506E+02  1.043854794E+02  3.545675900E+03  1.043856083E+02  1.043866817E+02  1.043784200E+02  1.033726300E+02  9.930478800E+01
 1.120823500E+02  1.161273100E+02  1.171305300E+02  1.171386406E+02  1.171376694E+02  4.001300000E+03  1.171378083E+02  1.171388817E+02  1.171305300E+02  1.161273100E+02  1.120823500E+02
 1.262079600E+02  1.302301400E+02  1.312308100E+02  1.312390006E+02  1.312380294E+02  4.505223200E+03  1.312381478E+02  1.312392722E+02  1.312308100E+02  1.302301400E+02  1.262079600E+02
 1.417990500E+02  1.457985600E+02  1.467966800E+02  1.468049606E+02  1.468039894E+02  5.061342800E+03  1.468041078E+02  1.468052322E+02  1.467966800E+02  1.457985600E+02  1.417990500E+02
 1.589831700E+02  1.629601200E+02  1.639557000E+02  1.639640911E+02  1.639630689E+02  5.673810500E+03  1.639632178E+02  1.639643422E+02  1.639557000E+02  1.629601200E+02  1.589831700E+02
 1.778967900E+02  1.818512700E+02  1.828443300E+02  1.828528317E+02  1.828517583E+02  6.346993800E+03  1.828519072E+02  1.828530828E+02  1.828443300E+02  1.818512700E+02  1.778967900E+02
 1.986857700E+02  2.026178900E+02  2.036084500E+02  2.036170111E+02  2.036159889E+02  7.085480500E+03  2.036161172E+02  2.036172928E+02  2.036084500E+02  2.026178900E+02  1.986857700E+02
 2.215058800E+02  2.254157500E+02  2.264038100E+02  2.264124917E+02  2.264114183E+02  7.894082800E+03  2.264115467E+02  2.264127733E+02  2.264038100E+02  2.254157500E+02  2.215058800E+02
 2.464980000E+02  2.503857300E+02  2.513713100E+02  2.513800717E+02  2.513789983E+02  8.777532300E+03  2.513791367E+02  2.513803633E+02  2.513713100E+02  2.503857300E+02  2.464980000E+02
 2.738688600E+02  2.777345500E+02  2.787176600E+02  2.787265117E+02  2.787254383E+02  9.741585000E+03  2.787255561E+02  2.787268339E+02  2.787176600E+02  2.777345500E+02  2.738688600E+02
 3.037780400E+02  3.076218100E+02  3.086024600E+02  3.086114322E+02  3.086103078E+02  1.079102500E+04  3.086104256E+02  3.086117544E+02  3.086024600E+02  3.076218100E+02  3.037780400E+02
 1.077420500E-09  4.262831300E+00  5.290021200E+00  5.297001961E+00  5.296251139E+00  1.073544900E+02  5.296347428E+00  5.297191272E+00  5.290021200E+00  4.262831300E+00  1.077418300E-09
 7.715466900E-01  5.011155600E+00  6.035749400E+00  6.042814122E+00  6.042048478E+00  1.309788900E+02  6.042146244E+00  6.043006956E+00  6.035749400E+00  5.011155600E+00  7.715466900E-01
 1.672889800E+00  5.889344100E+00  6.911352400E+00  6.918501478E+00  6.917721522E+00  1.587454000E+02  6.917820561E+00  6.918698139E+00  6.911352400E+00  5.889344100E+00  1.672889800E+00
 2.720391200E+00  6.913762500E+00  7.933196100E+00  7.940430744E+00  7.939635456E+00  1.912587600E+02  7.939736172E+00  7.940631128E+00  7.933196100E+00  6.913762500E+00  2.720391200E+00
 3.932062800E+00  8.102426000E+00  9.119296000E+00  9.126617117E+00  9.125805983E+00  2.291925800E+02  9.125908583E+00  9.126820917E+00  9.119296000E+00  8.102426000E+00  3.932062800E+00
 5.327711700E+00  9.475144500E+00  1.048946200E+01  1.049687100E+01  1.049604300E+01  2.732944100E+02  1.049614789E+01  1.049707811E+01  1.048946200E+01  9.475144500E+00  5.327711700E+00
 6.929098400E+00  1.105368200E+01  1.206545800E+01  1.207295211E+01  1.207211389E+01  3.243910200E+02  1.207221667E+01  1.207316733E+01  1.206545800E+01  1.105368200E+01  6.929098400E+00
 8.760109600E+00  1.286192600E+01  1.387117300E+01  1.387875528E+01  1.387790172E+01  3.833937400E+02  1.387800750E+01  1.387897350E+01  1.387117300E+01  1.286192600E+01  8.760109600E+00
 1.084694400E+01  1.492607900E+01  1.593280700E+01  1.594048150E+01  1.593960750E+01  4.513038500E+02  1.593971528E+01  1.594070172E+01  1.593280700E+01  1.492607900E+01  1.084694400E+01
 1.321831200E+01  1.727485200E+01  1.827907400E+01  1.828683767E+01  1.828594833E+01  5.292181900E+02  1.828605706E+01  1.828706394E+01  1.827907400E+01  1.727485200E+01  1.321831200E+01
 1.590565400E+01  1.993968800E+01  2.094141500E+01  2.094926883E+01  2.094836417E+01  6.183347500E+02  2.094847589E+01  2.094949811E+01  2.094141500E+01  1.993968800E+01  1.590565400E+01
 1.894336900E+01  2.295498800E+01  2.395423200E+01  2.396217600E+01  2.396125600E+01  7.199584000E+02  2.396136867E+01  2.396241133E+01  2.395423200E+01  2.295498800E+01  1.894336900E+01
 2.236535200E+01  2.635464500E+01  2.735141700E+01  2.735945522E+01  2.735851478E+01  8.354655800E+02  2.735863044E+01  2.735969356E+01  2.735141700E+01  2.635464500E+01  2.236535200E+01
 2.621612200E+01  3.018318100E+01  3.117749200E+01  3.118562239E+01  3.118466661E+01  9.664216900E+02  3.118478528E+01  3.118586372E+01  3.117749200E+01  3.018318100E+01  2.621612200E+01
 3.053837800E+01  3.448329600E+01  3.547515700E+01  3.548338261E+01  3.548240639E+01  1.114463600E+03  3.548252906E+01  3.548362794E+01  3.547515700E+01  3.448329600E+01  3.053837800E+01
 3.537996100E+01  3.930283100E+01  4.029225400E+01  4.030057278E+01  4.029958122E+01  1.281365500E+03  4.029970178E+01  4.030082622E+01  4.029225400E+01  3.930283100E+01  3.537996100E+01
 4.079277700E+01  4.469369200E+01  4.568068700E+01  4.568910300E+01  4.568809100E+01  1.469032200E+03  4.568821761E+01  4.568935739E+01  4.568068700E+01  4.469369200E+01  4.079277700E+01
 4.683307900E+01  5.071213400E+01  5.169671300E+01  5.170522317E+01  5.170419583E+01  1.679504300E+03  5.170432339E+01  5.170548361E+01  5.169671300E+01  5.071213400E+01  4.683307900E+01
 5.356177400E+01  5.741906400E+01  5.840123600E+01  5.840984133E+01  5.840879867E+01  1.914963300E+03  5.840892511E+01  5.841011089E+01  5.840123600E+01  5.741906400E+01  5.356177400E+01
 6.104473600E+01  6.488035500E+01  6.586013100E+01  6.586883556E+01  6.586777244E+01  2.177736400E+03  6.586790189E+01  6.586910811E+01  6.586013100E+01  6.488035500E+01  6.104473600E+01
 6.935314000E+01  7.316718200E+01  7.414457300E+01  7.415337372E+01  7.415229528E+01  2.470301400E+03  7.415242667E+01  7.415365333E+01  7.414457300E+01  7.316718200E+01  6.935314000E+01
 7.855531500E+01  8.234787600E+01  8.332289200E+01  8.333179294E+01  8.333069406E+01  2.795230400E+03  8.333082944E+01  8.333207656E+01  8.332289200E+01  8.234787600E+01  7.855531500E+01
 8.873781100E+01  9.250898600E+01  9.348163700E+01  9.349063717E+01  9.348951783E+01  3.155242500E+03  9.348965722E+01  9.349092478E+01  9.348163700E+01  9.250898600E+01  8.873781100E+01
 9.998884500E+01  1.037387300E+02  1.047090200E+02  1.047181222E+02  1.047169978E+02  3.553332000E+03  1.047171361E+02  1.047184139E+02  1.047090200E+02  1.037387300E+02  9.998884500E+01
 1.124028800E+02  1.161315700E+02  1.170995200E+02  1.171087328E+02  1.171075572E+02  3.992619500E+03  1.171077056E+02  1.171090344E+02  1.170995200E+02  1.161315700E+02  1.124028800E+02
 1.260785100E+02  1.297861000E+02  1.307517200E+02  1.307610228E+02  1.307598472E+02  4.476314100E+03  1.307599956E+02  1.307613244E+02  1.307517200E+02  1.297861000E+02  1.260785100E+02
 1.411226300E+02  1.448092200E+02  1.457725000E+02  1.457819233E+02  1.457806967E+02  5.007824400E+03  1.457808550E+02  1.457822350E+02  1.457725000E+02  1.448092200E+02  1.411226300E+02
 1.576493400E+02  1.613150200E+02  1.622759900E+02  1.622854828E+02  1.622843072E+02  5.590725000E+03  1.622844144E+02  1.622858456E+02  1.622759900E+02  1.613150200E+02  1.576493400E+02
 1.757803200E+02  1.794252000E+02  1.803838600E+02  1.803934633E+02  1.803922367E+02  6.228758000E+03  1.803923744E+02  1.803938056E+02  1.803838600E+02  1.794252000E+02  1.757803200E+02
 1.956451700E+02  1.992693300E+02  2.002257000E+02  2.002354239E+02  2.002341461E+02  6.925835700E+03  2.002343144E+02  2.002357456E+02  2.002257000E+02  1.992693300E+02  1.956451700E+02
 2.173601100E+02  2.209636600E+02  2.219177300E+02  2.219275539E+02  2.219262761E+02  7.685784900E+03  2.219264239E+02  2.219279061E+02  2.219177300E+02  2.209636600E+02  2.173601100E+02
 2.410974100E+02  2.446804500E+02  2.456322400E+02  2.456421844E+02  2.456408556E+02  8.513267500E+03  2.456410339E+02  2.456425161E+02  2.456322400E+02  2.446804500E+02  2.410974100E+02
 2.669877000E+02  2.705503400E+02  2.714998600E+02  2.715098944E+02  2.715085656E+02  9.412122100E+03  2.715087539E+02  2.715102361E+02  2.714998600E+02  2.705503400E+02  2.669877000E+02
 9.969202400E-10  3.953019700E+00  4.945924900E+00  4.953805917E+00  4.952911983E+00  1.001278100E+02  4.953020889E+00  4.954024711E+00  4.945924900E+00  3.953019700E+00  9.969178500E-10
 7.128618100E-01  4.644271800E+00  5.634810000E+00  5.642783506E+00  5.641872194E+00  1.219066000E+02  5.641982772E+00  5.643006528E+00  5.634810000E+00  4.644271800E+00  7.128618100E-01
 1.543334200E+00  5.453196500E+00  6.441375700E+00  6.449442189E+00  6.448514011E+00  1.474338800E+02  6.448626361E+00  6.449669539E+00  6.441375700E+00  5.453196500E+00  1.543334200E+00
 2.505874100E+00  6.394254400E+00  7.380082800E+00  7.388243278E+00  7.387297722E+00  1.772442800E+02  7.387411844E+00  7.388474956E+00  7.380082800E+00  6.394254400E+00  2.505874100E+00
 3.616357400E+00  7.483324500E+00  8.466810400E+00  8.475065467E+00  8.474102533E+00  2.119312400E+02  8.474218322E+00  8.475301878E+00  8.466810400E+00  7.483324500E+00  3.616357400E+00
 4.892199800E+00  8.737825200E+00  9.718977200E+00  9.727327556E+00  9.726347244E+00  2.521510900E+02  9.726465006E+00  9.727568494E+00  9.718977200E+00  8.737825200E+00  4.892199800E+00
 6.352489500E+00  1.017684700E+01  1.115567400E+01  1.116411983E+01  1.116312317E+01  2.986271300E+02  1.116324178E+01  1.116436622E+01  1.115567400E+01  1.017684700E+01  6.352489500E+00
 8.018130200E+00  1.182129700E+01  1.279780700E+01  1.280635106E+01  1.280533394E+01  3.521539100E+02  1.280545556E+01  1.280660044E+01  1.279780700E+01  1.182129700E+01  8.018130200E+00
 9.911996300E+00  1.369405000E+01  1.466825200E+01  1.467689222E+01  1.467585978E+01  4.136013700E+02  1.467598028E+01  1.467715072E+01  1.466825200E+01  1.369405000E+01  9.911996300E+00
 1.205909900E+01  1.582012000E+01  1.679202300E+01  1.680076244E+01  1.679970956E+01  4.839192500E+02  1.679983611E+01  1.680102189E+01  1.679202300E+01  1.582012000E+01  1.205909900E+01
 1.448676600E+01  1.822683600E+01  1.919644800E+01  1.920528767E+01  1.920421433E+01  5.641413400E+02  1.920434183E+01  1.920555317E+01  1.919644800E+01  1.822683600E+01  1.448676600E+01
 1.722483100E+01  2.094403300E+01  2.191136300E+01  2.192030389E+01  2.191921011E+01  6.553899000E+02  2.191934161E+01  2.192057339E+01  2.191136300E+01  2.094403300E+01  1.722483100E+01
 2.030239400E+01  2.400081100E+01  2.496586700E+01  2.497490706E+01  2.497379794E+01  7.588409400E+02  2.497393039E+01  2.497518261E+01  2.496586700E+01  2.400081100E+01  2.030239400E+01
 2.375811700E+01  2.743583300E+01  2.839862500E+01  2.840776628E+01  2.840663672E+01  8.758353400E+02  2.840677317E+01  2.840804583E+01  2.839862500E+01  2.743583300E+01  2.375811700E+01
 2.762866300E+01  3.128576500E+01  3.224630000E+01  3.225554450E+01  3.225439450E+01  1.007764900E+03  3.225453189E+01  3.225583011E+01  3.224630000E+01  3.128576500E+01  2.762866300E+01
 3.195510900E+01  3.559168200E+01  3.654996900E+01  3.655931367E+01  3.655814833E+01  1.156134300E+03  3.655828767E+01  3.655960633E+01  3.654996900E+01  3.559168200E+01  3.195510900E+01
 3.678191200E+01  4.039804200E+01  4.135408900E+01  4.136353994E+01  4.136234906E+01  1.322553800E+03  4.136249239E+01  4.136383661E+01  4.135408900E+01  4.039804200E+01  3.678191200E+01
 4.215713900E+01  4.575291400E+01  4.670672800E+01  4.671628111E+01  4.671507489E+01  1.508742400E+03  4.671522017E+01  4.671658483E+01  4.670672800E+01  4.575291400E+01  4.215713900E+01
 4.813270900E+01  5.170821600E+01  5.265980600E+01  5.266946433E+01  5.266823767E+01  1.716531900E+03  5.266838183E+01  5.266977717E+01  5.265980600E+01  5.170821600E+01  4.813270900E+01
 5.476464300E+01  5.831996900E+01  5.926934200E+01  5.927910861E+01  5.927785639E+01  1.947869500E+03  5.927800761E+01  5.927942339E+01  5.926934200E+01  5.831996900E+01  5.476464300E+01
 6.211332700E+01  6.564856000E+01  6.659572400E+01  6.660559378E+01  6.660432622E+01  2.204821900E+03  6.660447733E+01  6.660591867E+01  6.659572400E+01  6.564856000E+01  6.211332700E+01
 7.023634200E+01  7.375156900E+01  7.469653100E+01  7.470650800E+01  7.470522000E+01  2.489523400E+03  7.470537306E+01  7.470683994E+01  7.469653100E+01  7.375156900E+01  7.023634200E+01
 7.920678900E+01  8.270209800E+01  8.364486500E+01  8.365495228E+01  8.365363872E+01  2.804227400E+03  8.365379883E+01  8.365528617E+01  8.364486500E+01  8.270209800E+01  7.920678900E+01
 8.909905000E+01  9.257453000E+01  9.351511000E+01  9.352530450E+01  9.352397050E+01  3.151407900E+03  9.352413050E+01  9.352564850E+01  9.351511000E+01  9.257453000E+01  8.909905000E+01
 9.999248400E+01  1.034482200E+02  1.043866200E+02  1.043969144E+02  1.043955856E+02  3.533632300E+03  1.043957128E+02  1.043972972E+02  1.043866200E+02  1.034482200E+02  9.999248400E+01
 1.119695700E+02  1.154056600E+02  1.163418800E+02  1.163522950E+02  1.163509150E+02  3.953530800E+03  1.163511033E+02  1.163526367E+02  1.163418800E+02  1.154056600E+02  1.119695700E+02
 1.251196100E+02  1.285361300E+02  1.294701900E+02  1.294807050E+02  1.294793250E+02  4.413888600E+03  1.294794622E+02  1.294810978E+02  1.294701900E+02  1.285361300E+02  1.251196100E+02
 1.395376700E+02  1.429347200E+02  1.438666100E+02  1.438772556E+02  1.438758244E+02  4.917616400E+03  1.438759922E+02  1.438776278E+02  1.438666100E+02  1.429347200E+02  1.395376700E+02
 1.553248700E+02  1.587025400E+02  1.596322800E+02  1.596430156E+02  1.596415844E+02  5.467751300E+03  1.596417622E+02  1.596433978E+02  1.596322800E+02  1.587025400E+02  1.553248700E+02
 1.725886500E+02  1.759470300E+02  1.768746200E+02  1.768854861E+02  1.768840039E+02  6.067457100E+03  1.768842122E+02  1.768858478E+02  1.768746200E+02  1.759470300E+02  1.725886500E+02
 1.914245600E+02  1.947637400E+02  1.956891900E+02  1.957001561E+02  1.956986739E+02  6.719813000E+03  1.956988617E+02  1.957005483E+02  1.956891900E+02  1.947637400E+02  1.914245600E+02
 2.119755700E+02  2.152956400E+02  2.162189600E+02  2.162300261E+02  2.162285439E+02  7.428572200E+03  2.162287111E+02  2.162304489E+02  2.162189600E+02  2.152956400E+02  2.119755700E+02
 2.343482400E+02  2.376493000E+02  2.385704800E+02  2.385816767E+02  2.385801433E+02  8.196798900E+03  2.385803411E+02  2.385820789E+02  2.385704800E+02  2.376493000E+02  2.343482400E+02
 9.218504800E-10  3.664935800E+00  4.627114400E+00  4.636002544E+00  4.634940456E+00  9.340206100E+01  4.635063539E+00  4.636255961E+00  4.627114400E+00  3.664935800E+00  9.218480000E-10
 6.581866900E-01  4.302994500E+00  5.262989600E+00  5.271978656E+00  5.270897144E+00  1.134589200E+02  5.271022194E+00  5.272237106E+00  5.262989600E+00  4.302994500E+00  6.581866900E-01
 1.422780800E+00  5.047517900E+00  6.005335000E+00  6.014425767E+00  6.013324833E+00  1.369025000E+02  6.013452156E+00  6.014689044E+00  6.005335000E+00  5.047517900E+00  1.422780800E+00
 2.306526500E+00  5.911253400E+00  6.866898200E+00  6.876091378E+00  6.874971022E+00  1.642042500E+02  6.875099900E+00  6.876360300E+00  6.866898200E+00  5.911253400E+00  2.306526500E+00
 3.323383600E+00  6.908163700E+00  7.861642200E+00  7.870938594E+00  7.869798306E+00  1.958856100E+02  7.869929656E+00  7.871212544E+00  7.861642200E+00  6.908163700E+00  3.323383600E+00
 4.488628800E+00  8.053528100E+00  9.004846200E+00  9.014246611E+00  9.013086389E+00  2.325211500E+02  9.013219494E+00  9.014526406E+00  9.004846200E+00  8.053528100E+00  4.488628800E+00
 5.818965000E+00  9.364052100E+00  1.031321600E+01  1.032272083E+01  1.032154017E+01  2.747418700E+02  1.032167656E+01  1.032300544E+01  1.031321600E+01  9.364052100E+00  5.818965000E+00
 7.332640900E+00  1.085798600E+01  1.180500200E+01  1.181461306E+01  1.181341194E+01  3.232384000E+02  1.181354928E+01  1.181490372E+01  1.180500200E+01  1.085798600E+01  7.332640900E+00
 9.049578100E+00  1.255525400E+01  1.350012800E+01  1.350984428E+01  1.350862272E+01  3.787642600E+02  1.350876200E+01  1.351014200E+01  1.350012800E+01  1.255525400E+01  9.049578100E+00
 1.099150900E+01  1.447759000E+01  1.542032700E+01  1.543015150E+01  1.542890950E+01  4.421391600E+02  1.542905278E+01  1.543045322E+01  1.542032700E+01  1.447759000E+01  1.099150900E+01
 1.318212500E+01  1.664868600E+01  1.758929400E+01  1.759922472E+01  1.759796228E+01  5.142522500E+02  1.759810750E+01  1.759953350E+01  1.758929400E+01  1.664868600E+01  1.318212500E+01
 1.564723100E+01  1.909434900E+01  2.003283300E+01  2.004287194E+01  2.004158906E+01  5.960654500E+02  2.004173622E+01  2.004318778E+01  2.003283300E+01  1.909434900E+01  1.564723100E+01
 1.841174800E+01  2.183950100E+01  2.277586600E+01  2.278601417E+01  2.278471083E+01  6.885802500E+02  2.278485894E+01  2.278633606E+01  2.277586600E+01  2.183950100E+01  1.841174800E+01
 2.150915200E+01  2.491761700E+01  2.585187100E+01  2.586213044E+01  2.586080156E+01  7.929408300E+02  2.586095467E+01  2.586245733E+01  2.585187100E+01  2.491761700E+01  2.150915200E+01
 2.497083900E+01  2.836009600E+01  2.929224300E+01  2.930261267E+01  2.930126333E+01  9.103262800E+02  2.930141839E+01  2.930294661E+01  2.929224300E+01  2.836009600E+01  2.497083900E+01
 2.883197400E+01  3.220210200E+01  3.313214800E+01  3.314262789E+01  3.314125811E+01  1.042007900E+03  3.314141511E+01  3.314296889E+01  3.313214800E+01  3.220210200E+01  2.883197400E+01
 3.313052300E+01  3.648160200E+01  3.740955300E+01  3.742014617E+01  3.741875083E+01  1.189341500E+03  3.741891078E+01  3.742049522E+01  3.740955300E+01  3.648160200E+01  3.313052300E+01
 3.790743600E+01  4.123954800E+01  4.216540800E+01  4.217611339E+01  4.217469761E+01  1.353769600E+03  4.217485950E+01  4.217646950E+01  4.216540800E+01  4.123954800E+01  3.790743600E+01
 4.320683600E+01  4.652006000E+01  4.744383600E+01  4.745465567E+01  4.745321433E+01  1.536823400E+03  4.745338428E+01  4.745501472E+01  4.744383600E+01  4.652006000E+01  4.320683600E+01
 4.907621300E+01  5.237063200E+01  5.329232700E+01  5.330325989E+01  5.330179811E+01  1.740125700E+03  5.330196794E+01  5.330362906E+01  5.329232700E+01  5.237063200E+01  4.907621300E+01
 5.556663700E+01  5.884233100E+01  5.976195100E+01  5.977299917E+01  5.977151183E+01  1.965392400E+03  5.977168461E+01  5.977337639E+01  5.976195100E+01  5.884233100E+01  5.556663700E+01
 6.272647600E+01  6.598352700E+01  6.690107700E+01  6.691223839E+01  6.691073061E+01  2.214386800E+03  6.691090939E+01  6.691262161E+01  6.690107700E+01  6.598352700E+01  6.272647600E+01
 7.061727500E+01  7.385576400E+01  7.477124800E+01  7.478252461E+01  7.478099639E+01  2.488967900E+03  7.478117506E+01  7.478291794E+01  7.477124800E+01  7.385576400E+01  7.061727500E+01
 7.930153200E+01  8.252154100E+01  8.343496300E+01  8.344635689E+01  8.344480311E+01  2.791169800E+03  8.344498572E+01  8.344675928E+01  8.343496300E+01  8.252154100E+01  7.930153200E+01
 8.884567800E+01  9.204728900E+01  9.295865400E+01  9.297016311E+01  9.296858889E+01  3.123094200E+03  9.296877444E+01  9.297057356E+01  9.295865400E+01  9.204728900E+01  8.884567800E+01
 9.931847600E+01  1.025017700E+02  1.034110800E+02  1.034227278E+02  1.034210922E+02  3.486886100E+03  1.034213206E+02  1.034231094E+02  1.034110800E+02  1.025017700E+02  9.931847600E+01
 1.107942500E+02  1.139593100E+02  1.148665700E+02  1.148782972E+02  1.148767128E+02  3.884809300E+03  1.148768694E+02  1.148787606E+02  1.148665700E+02  1.139593100E+02  1.107942500E+02
 1.233519100E+02  1.264988300E+02  1.274040400E+02  1.274158978E+02  1.274142622E+02  4.319221400E+03  1.274144800E+02  1.274163200E+02  1.274040400E+02  1.264988300E+02  1.233519100E+02
 1.370751900E+02  1.402040400E+02  1.411072100E+02  1.411192083E+02  1.411175217E+02  4.792573300E+03  1.411177394E+02  1.411196306E+02  1.411072100E+02  1.402040400E+02  1.370751900E+02
 1.520528100E+02  1.551636800E+02  1.560648100E+02  1.560769083E+02  1.560752217E+02  5.307409200E+03  1.560754289E+02  1.560773711E+02  1.560648100E+02  1.551636800E+02  1.520528100E+02
 1.683630100E+02  1.714559800E+02  1.723550800E+02  1.723672883E+02  1.723656017E+02  5.866193100E+03  1.723657883E+02  1.723677817E+02  1.723550800E+02  1.714559800E+02  1.683630100E+02
 1.861239300E+02  1.891991000E+02  1.900961700E+02  1.901085089E+02  1.901067711E+02  6.471926700E+03  1.901069883E+02  1.901089817E+02  1.900961700E+02  1.891991000E+02  1.861239300E+02
 2.054221700E+02  2.084796200E+02  2.093746600E+02  2.093871394E+02  2.093853506E+02  7.127042300E+03  2.093855983E+02  2.093875917E+02  2.093746600E+02  2.084796200E+02  2.054221700E+02
 8.517847900E-10  3.396727000E+00  4.331117100E+00  4.341124283E+00  4.339865417E+00  8.712523200E+01  4.340004839E+00  4.341418061E+00  4.331117100E+00  3.396727000E+00  8.517857900E-10
 6.072365800E-01  3.985203300E+00  4.917551500E+00  4.927667917E+00  4.926387583E+00  1.055764900E+02  4.926529267E+00  4.927967533E+00  4.917551500E+00  3.985203300E+00  6.072365800E-01
 1.310592600E+00  4.669851900E+00  5.600161500E+00  5.610388156E+00  5.609085844E+00  1.270823900E+02  5.609229889E+00  5.610693711E+00  5.600161500E+00  4.669851900E+00  1.310592600E+00
 2.121274400E+00  5.461882500E+00  6.390156800E+00  6.400494600E+00  6.399169800E+00  1.520575300E+02  6.399316611E+00  6.400805989E+00  6.390156800E+00  5.461882500E+00  2.121274400E+00
 3.051526800E+00  6.373542300E+00  7.299784900E+00  7.310234644E+00  7.308887356E+00  1.809587400E+02  7.309036422E+00  7.310552378E+00  7.299784900E+00  6.373542300E+00  3.051526800E+00
 4.114716000E+00  7.418200300E+00  8.342414800E+00  8.352976989E+00  8.351607211E+00  2.142875600E+02  8.351758939E+00  8.353300961E+00  8.342414700E+00  7.418200300E+00  4.114716000E+00
 5.325420800E+00  8.610437300E+00  9.532627300E+00  9.543302939E+00  9.541910161E+00  2.525927600E+02  9.542064444E+00  9.543633556E+00  9.532627300E+00  8.610437300E+00  5.325420800E+00
 6.699530100E+00  9.966144400E+00  1.088631400E+01  1.089710339E+01  1.089568761E+01  2.964727300E+02  1.089584261E+01  1.089744239E+01  1.088631400E+01  9.966144400E+00  6.699530100E+00
 8.254348300E+00  1.150262700E+01  1.242078000E+01  1.243168261E+01  1.243024639E+01  3.465780000E+02  1.243040639E+01  1.243202661E+01  1.242078000E+01  1.150262700E+01  8.254348300E+00
 1.000870800E+01  1.323872100E+01  1.415486000E+01  1.416587889E+01  1.416441711E+01  4.036136500E+02  1.416457906E+01  1.416622994E+01  1.415486000E+01  1.323872100E+01  1.000870800E+01
 1.198309000E+01  1.519490700E+01  1.610903600E+01  1.612017217E+01  1.611868483E+01  4.683417300E+02  1.611884972E+01  1.612053128E+01  1.610903600E+01  1.519490700E+01  1.198309000E+01
 1.419975300E+01  1.739344500E+01  1.830556800E+01  1.831681939E+01  1.831531161E+01  5.415837000E+02  1.831547844E+01  1.831718556E+01  1.830556800E+01  1.739344500E+01  1.419975300E+01
 1.667998400E+01  1.985562200E+01  2.076574300E+01  2.077711267E+01  2.077557933E+01  6.241894800E+02  2.077574911E+01  2.077748689E+01  2.076574300E+01  1.985562200E+01  1.667998400E+01
 1.945267600E+01  2.261033500E+01  2.351845500E+01  2.352994394E+01  2.352838506E+01  7.171314500E+02  2.352856083E+01  2.353032417E+01  2.351845500E+01  2.261033500E+01  1.945267600E+01
 2.254463600E+01  2.568438800E+01  2.659051200E+01  2.660211817E+01  2.660053883E+01  8.214045400E+02  2.660071450E+01  2.660250850E+01  2.659051200E+01  2.568438800E+01  2.254463600E+01
 2.598587700E+01  2.910779600E+01  3.001192700E+01  3.002365244E+01  3.002204756E+01  9.380785900E+02  3.002222922E+01  3.002404878E+01  3.001192700E+01  2.910779600E+01  2.598587700E+01
 2.980872300E+01  3.291288300E+01  3.381502500E+01  3.382687072E+01  3.382524028E+01  1.068290300E+03  3.382542489E+01  3.382727511E+01  3.381502500E+01  3.291288300E+01  2.980872300E+01
 3.404794800E+01  3.713442500E+01  3.803458000E+01  3.804654700E+01  3.804489100E+01  1.213244600E+03  3.804507856E+01  3.804695944E+01  3.803458000E+01  3.713442500E+01  3.404794800E+01
 3.874092800E+01  4.180979700E+01  4.270796800E+01  4.272005322E+01  4.271837678E+01  1.374216400E+03  4.271856622E+01  4.272047778E+01  4.270796800E+01  4.180979700E+01  3.874092800E+01
 4.392778900E+01  4.697912500E+01  4.787531400E+01  4.788752150E+01  4.788581950E+01  1.552551300E+03  4.788601494E+01  4.788795206E+01  4.787531400E+01  4.697912500E+01  4.392778900E+01
 4.965157200E+01  5.268545100E+01  5.357966000E+01  5.359199078E+01  5.359026322E+01  1.749667400E+03  5.359045956E+01  5.359243244E+01  5.357966000E+01  5.268545100E+01  4.965157200E+01
 5.595277400E+01  5.896927100E+01  5.986150400E+01  5.987395706E+01  5.987220394E+01  1.967014700E+03  5.987240422E+01  5.987440778E+01  5.986150400E+01  5.896927100E+01  5.595277400E+01
 6.288302900E+01  6.588222100E+01  6.677247900E+01  6.678505533E+01  6.678327667E+01  2.206119200E+03  6.678348189E+01  6.678551611E+01  6.677247900E+01  6.588222100E+01  6.288302900E+01
 7.049465600E+01  7.347661900E+01  7.436490400E+01  7.437760461E+01  7.437580039E+01  2.468644200E+03  7.437600956E+01  7.437807444E+01  7.436490400E+01  7.347661900E+01  7.049465600E+01
 7.884305500E+01  8.180786500E+01  8.269417900E+01  8.270700389E+01  8.270517411E+01  2.756301300E+03  8.270538822E+01  8.270748378E+01  8.269417900E+01  8.180786500E+01  7.884305500E+01
 8.798534000E+01  9.093307400E+01  9.181741900E+01  9.183037122E+01  9.182851078E+01  3.070829900E+03  9.182872883E+01  9.183086017E+01  9.181741900E+01  9.093307400E+01  8.798534000E+01
 9.798312800E+01  1.009138600E+02  1.017962400E+02  1.018093206E+02  1.018074294E+02  3.414060000E+03  1.018076361E+02  1.018098339E+02  1.017962400E+02  1.009138600E+02  9.798312800E+01
 1.089016700E+02  1.118154900E+02  1.126959000E+02  1.127090906E+02  1.127071994E+02  3.787889700E+03  1.127074161E+02  1.127096139E+02  1.126959000E+02  1.118154900E+02  1.089016700E+02
 1.208100100E+02  1.237069800E+02  1.245854200E+02  1.245987511E+02  1.245968089E+02  4.194285200E+03  1.245970356E+02  1.245992844E+02  1.245854200E+02  1.237069800E+02  1.208100100E+02
 1.337810900E+02  1.366612900E+02  1.375377800E+02  1.375512211E+02  1.375492789E+02  4.635279400E+03  1.375494850E+02  1.375517850E+02  1.375377800E+02  1.366612900E+02  1.337810900E+02
 1.478787500E+02  1.507422700E+02  1.516167900E+02  1.516303717E+02  1.516283783E+02  5.112832300E+03  1.516286250E+02  1.516309250E+02  1.516167900E+02  1.507422700E+02  1.478787500E+02
 1.632001500E+02  1.660470700E+02  1.669196300E+02  1.669333522E+02  1.669313078E+02  5.629327300E+03  1.669315544E+02  1.669339056E+02  1.669196300E+02  1.660470700E+02  1.632001500E+02
 1.798153800E+02  1.826457800E+02  1.835163800E+02  1.835301917E+02  1.835281983E+02  6.186683600E+03  1.835284039E+02  1.835308061E+02  1.835163800E+02  1.826457800E+02  1.798153800E+02
 7.864128900E-10  3.146793200E+00  4.055756600E+00  4.066997867E+00  4.065510533E+00  8.125460800E+01  4.065668756E+00  4.067338044E+00  4.055756600E+00  3.146793200E+00  7.864113400E-10
 5.597565000E-01  3.689056500E+00  4.596082400E+00  4.607441733E+00  4.605929867E+00  9.820969800E+01  4.606090744E+00  4.607788656E+00  4.596082400E+00  3.689056500E+00  5.597565000E-01
 1.206195700E+00  4.318051700E+00  5.223141300E+00  5.234618994E+00  5.233083106E+00  1.179149800E+02  5.233246328E+00  5.234973372E+00  5.223141300E+00  4.318051700E+00  1.206195700E+00
 1.949146300E+00  5.043610500E+00  5.946765000E+00  5.958362472E+00  5.956801028E+00  1.407339700E+02  5.956967411E+00  5.958723589E+00  5.946765000E+00  5.043610500E+00  1.949146300E+00
 2.799320300E+00  5.876447400E+00  6.777668000E+00  6.789385644E+00  6.787799156E+00  1.670656800E+02  6.787968389E+00  6.789754211E+00  6.777668000E+00  5.876447400E+00  2.799320300E+00
 3.768381500E+00  6.828228400E+00  7.727516500E+00  7.739354711E+00  7.737743689E+00  1.973465300E+02  7.737915872E+00  7.739730828E+00  7.727516500E+00  6.828228400E+00  3.768381500E+00
 4.869020000E+00  7.911645800E+00  8.809002800E+00  8.820962689E+00  8.819326111E+00  2.320521800E+02  8.819501344E+00  8.821346456E+00  8.809002800E+00  7.911645800E+00  4.869020000E+00
 6.115032200E+00  9.140498000E+00  1.003592500E+01  1.004800706E+01  1.004634594E+01  2.716993800E+02  1.004652361E+01  1.004839939E+01  1.003592500E+01  9.140498000E+00  6.115032200E+00
 7.521407000E+00  1.052977500E+01  1.142327400E+01  1.143547833E+01  1.143379167E+01  3.168477300E+02  1.143397228E+01  1.143587872E+01  1.142327400E+01  1.052977500E+01  7.521407000E+00
 9.104417000E+00  1.209575200E+01  1.298732400E+01  1.299965161E+01  1.299793939E+01  3.681015300E+02  1.299812294E+01  1.300006006E+01  1.298732400E+01  1.209575200E+01  9.104417000E+00
 1.088171700E+01  1.385608400E+01  1.474573000E+01  1.475818394E+01  1.475644106E+01  4.261114200E+02  1.475663061E+01  1.475859839E+01  1.474573000E+01  1.385608400E+01  1.088171700E+01
 1.287244800E+01  1.582991300E+01  1.671763500E+01  1.673021017E+01  1.672844683E+01  4.915761700E+02  1.672863828E+01  1.673063672E+01  1.671763500E+01  1.582991300E+01  1.287244800E+01
 1.509474300E+01  1.803537300E+01  1.892117200E+01  1.893387244E+01  1.893208356E+01  5.652143900E+02  1.893227794E+01  1.893430706E+01  1.892117200E+01  1.803537300E+01  1.509474300E+01
 1.757345800E+01  2.049732100E+01  2.138119700E+01  2.139402372E+01  2.139220928E+01  6.478488200E+02  2.139240761E+01  2.139446739E+01  2.138119700E+01  2.049732100E+01  1.757345800E+01
 2.033140900E+01  2.323857300E+01  2.412052800E+01  2.413348306E+01  2.413163794E+01  7.403155200E+02  2.413184022E+01  2.413393578E+01  2.412052800E+01  2.323857300E+01  2.033140900E+01
 2.339413100E+01  2.628466500E+01  2.716470000E+01  2.717778133E+01  2.717591067E+01  8.435107700E+02  2.717611689E+01  2.717824311E+01  2.716470000E+01  2.628466500E+01  2.339413100E+01
 2.678905100E+01  2.966302600E+01  3.054114100E+01  3.055434861E+01  3.055245239E+01  9.583832900E+02  3.055266050E+01  3.055482250E+01  3.054114100E+01  2.966302600E+01  2.678905100E+01
 3.054560300E+01  3.340308800E+01  3.427928400E+01  3.429261889E+01  3.429069711E+01  1.085935000E+03  3.429091017E+01  3.429310283E+01  3.427928400E+01  3.340308800E+01  3.054560300E+01
 3.469533600E+01  3.753640000E+01  3.841067700E+01  3.842414222E+01  3.842218978E+01  1.227222000E+03  3.842240778E+01  3.842463622E+01  3.841067700E+01  3.753640000E+01  3.469533600E+01
 3.927203300E+01  4.209674800E+01  4.296910600E+01  4.298269950E+01  4.298072150E+01  1.383354700E+03  4.298094344E+01  4.298320256E+01  4.296910600E+01  4.209674800E+01  3.927203300E+01
 4.431183700E+01  4.712027300E+01  4.799071300E+01  4.800443783E+01  4.800242917E+01  1.555499000E+03  4.800265706E+01  4.800495194E+01  4.799071300E+01  4.712027300E+01  4.431183700E+01
 4.984853600E+01  5.264076400E+01  5.350928500E+01  5.352313911E+01  5.352110489E+01  1.744841100E+03  5.352133772E+01  5.352366328E+01  5.350928500E+01  5.264076400E+01  4.984853600E+01
 5.592529000E+01  5.870138000E+01  5.956798300E+01  5.958196639E+01  5.957990661E+01  1.952626900E+03  5.958014233E+01  5.958250367E+01  5.956798300E+01  5.870138000E+01  5.592529000E+01
 6.258572200E+01  6.534574600E+01  6.621043000E+01  6.622454572E+01  6.622245528E+01  2.180209000E+03  6.622269694E+01  6.622509406E+01  6.621043000E+01  6.534574600E+01  6.258572200E+01
 6.987584800E+01  7.261987600E+01  7.348264100E+01  7.349688700E+01  7.349477100E+01  2.428972700E+03  7.349501556E+01  7.349744844E+01  7.348264100E+01  7.261987600E+01  6.987584800E+01
 7.784291600E+01  8.057102100E+01  8.143186600E+01  8.144624533E+01  8.144409867E+01  2.700320500E+03  8.144435222E+01  8.144681578E+01  8.143186600E+01  8.057102100E+01  7.784291600E+01
 8.653780000E+01  8.925005300E+01  9.010897800E+01  9.012348861E+01  9.012131639E+01  2.995722300E+03  9.012157078E+01  9.012407522E+01  9.010897800E+01  8.925005300E+01  8.653780000E+01
 9.601422300E+01  9.871069800E+01  9.956770200E+01  9.958234594E+01  9.958014306E+01  3.316696700E+03  9.958040439E+01  9.958294461E+01  9.956770200E+01  9.871069800E+01  9.601422300E+01
 1.063288600E+02  1.090096300E+02  1.098647100E+02  1.098794739E+02  1.098772761E+02  3.664810400E+03  1.098775117E+02  1.098801183E+02  1.098647100E+02  1.090096300E+02  1.063288600E+02
 1.175414400E+02  1.202065800E+02  1.210597400E+02  1.210746444E+02  1.210723956E+02  4.041676800E+03  1.210726617E+02  1.210752683E+02  1.210597400E+02  1.202065800E+02  1.175414400E+02
 1.297038100E+02  1.323533900E+02  1.332046300E+02  1.332196544E+02  1.332174056E+02  4.448844800E+03  1.332176611E+02  1.332203189E+02  1.332046300E+02  1.323533900E+02  1.297038100E+02
 1.428954900E+02  1.455295900E+02  1.463789000E+02  1.463940650E+02  1.463917650E+02  4.888191600E+03  1.463920306E+02  1.463947394E+02  1.463789000E+02  1.455295900E+02  1.428954900E+02
 1.571729500E+02  1.597916400E+02  1.606390300E+02  1.606543456E+02  1.606519944E+02  5.361221500E+03  1.606522700E+02  1.606550300E+02  1.606390300E+02  1.597916400E+02  1.571729500E+02
 7.254149200E-10  2.913733600E+00  3.799197500E+00  3.811792439E+00  3.810040861E+00  7.575481100E+01  3.810219222E+00  3.812185978E+00  3.799197500E+00  2.913733600E+00  7.254138600E-10
 5.155157600E-01  3.412933700E+00  4.296526100E+00  4.309247033E+00  4.307468367E+00  9.131665100E+01  4.307649978E+00  4.309648422E+00  4.296526100E+00  3.412933700E+00  5.155157600E-01
 1.109068900E+00  3.990217300E+00  4.871936800E+00  4.884784428E+00  4.882978672E+00  1.093499000E+02  4.883163222E+00  4.885194378E+00  4.871936800E+00  3.990217300E+00  1.109068900E+00
 1.789256200E+00  4.654183500E+00  5.534029300E+00  5.547004222E+00  5.545171378E+00  1.301723000E+02  5.545359478E+00  5.547422322E+00  5.534029300E+00  4.654183500E+00  1.789256200E+00
 2.565422600E+00  5.414180000E+00  6.292151200E+00  6.305254122E+00  6.303393678E+00  1.541312300E+02  6.303585017E+00  6.305681083E+00  6.292151200E+00  5.414180000E+00  2.565422600E+00
 3.447717700E+00  6.280358400E+00  7.156454000E+00  7.169685622E+00  7.167797578E+00  1.816051500E+02  7.167992256E+00  7.170121544E+00  7.156454000E+00  6.280358400E+00  3.447717700E+00
 4.447156000E+00  7.263735100E+00  8.137954400E+00  8.151315733E+00  8.149399067E+00  2.130049100E+02  8.149597794E+00  8.151760306E+00  8.137954400E+00  7.263735100E+00  4.447156000E+00
 5.575682200E+00  8.376256600E+00  9.248598900E+00  9.262089833E+00  9.260145567E+00  2.487751300E+02  9.260347728E+00  9.262543972E+00  9.248598900E+00  8.376256600E+00  5.575682200E+00
 6.846240600E+00  9.630868900E+00  1.050133300E+01  1.051495239E+01  1.051298461E+01  2.893953900E+02  1.051318878E+01  1.051541722E+01  1.050133300E+01  9.630868900E+00  6.846240600E+00
 8.272849600E+00  1.104159100E+01  1.191017700E+01  1.192392872E+01  1.192193028E+01  3.353815700E+02  1.192213633E+01  1.192440567E+01  1.191017700E+01  1.104159100E+01  8.272849600E+00
 9.870680400E+00  1.262359700E+01  1.349030300E+01  1.350418706E+01  1.350215794E+01  3.872869500E+02  1.350237100E+01  1.350467100E+01  1.349030300E+01  1.262359700E+01  9.870680400E+00
 1.165614100E+01  1.439329400E+01  1.525812000E+01  1.527213433E+01  1.527007967E+01  4.457034500E+02  1.527029767E+01  1.527262833E+01  1.525812000E+01  1.439329400E+01  1.165614100E+01
 1.364463300E+01  1.636608500E+01  1.722902900E+01  1.724317767E+01  1.724109233E+01  5.112362100E+02  1.724131528E+01  1.724368172E+01  1.722902900E+01  1.636608500E+01  1.364463300E+01
 1.585746200E+01  1.856327700E+01  1.942433900E+01  1.943861894E+01  1.943650806E+01  5.845780800E+02  1.943673083E+01  1.943913817E+01  1.942433900E+01  1.856327700E+01  1.585746200E+01
 1.831398600E+01  2.100422700E+01  2.186340600E+01  2.187782233E+01  2.187567567E+01  6.664284400E+02  2.187590850E+01  2.187834650E+01  2.186340600E+01  2.100422700E+01  1.831398600E+01
 2.103585300E+01  2.371058500E+01  2.456787900E+01  2.458242761E+01  2.458025539E+01  7.575346200E+02  2.458048906E+01  2.458296794E+01  2.456787900E+01  2.371058500E+01  2.103585300E+01
 2.404625600E+01  2.670554500E+01  2.756095300E+01  2.757563694E+01  2.757343406E+01  8.586845700E+02  2.757367572E+01  2.757618528E+01  2.756095300E+01  2.670554500E+01  2.404625600E+01
 2.737001800E+01  3.001392800E+01  3.086744800E+01  3.088226522E+01  3.088003678E+01  9.707072100E+02  3.088027928E+01  3.088282972E+01  3.086744800E+01  3.001392800E+01  2.737001800E+01
 3.103367000E+01  3.366226700E+01  3.451389800E+01  3.452885056E+01  3.452659144E+01  1.094472700E+03  3.452684294E+01  3.452942406E+01  3.451389800E+01  3.366226700E+01  3.103367000E+01
 3.506554900E+01  3.767890000E+01  3.852864000E+01  3.854372889E+01  3.854143911E+01  1.230892600E+03  3.854169656E+01  3.854431344E+01  3.852864000E+01  3.767890000E+01  3.506554900E+01
 3.949589000E+01  4.209405900E+01  4.294190700E+01  4.295713222E+01  4.295481178E+01  1.380919900E+03  4.295507311E+01  4.295773089E+01  4.294190700E+01  4.209405900E+01  3.949589000E+01
 4.435277200E+01  4.693582700E+01  4.778177900E+01  4.779713950E+01  4.779479350E+01  1.545519700E+03  4.779505972E+01  4.779775328E+01  4.778177900E+01  4.693582700E+01  4.435277200E+01
 4.967213300E+01  5.224013800E+01  5.308419400E+01  5.309969183E+01  5.309731517E+01  1.725703400E+03  5.309758528E+01  5.310031972E+01  5.308419400E+01  5.224013800E+01  4.967213300E+01
 5.549018900E+01  5.804321200E+01  5.888537000E+01  5.890100211E+01  5.889859989E+01  1.922563700E+03  5.889887489E+01  5.890164511E+01  5.888537000E+01  5.804321200E+01  5.549018900E+01
 6.184499900E+01  6.438310600E+01  6.522336300E+01  6.523913550E+01  6.523669750E+01  2.137214900E+03  6.523698044E+01  6.523979156E+01  6.522336300E+01  6.438310600E+01  6.184499900E+01
 6.877548200E+01  7.129874100E+01  7.213709400E+01  7.215300278E+01  7.215053922E+01  2.370780400E+03  7.215082706E+01  7.215367394E+01  7.213709400E+01  7.129874100E+01  6.877548200E+01
 7.632345600E+01  7.883193400E+01  7.966838100E+01  7.968442506E+01  7.968193594E+01  2.624432800E+03  7.968222761E+01  7.968511539E+01  7.966838100E+01  7.883193400E+01  7.632345600E+01
 8.453294900E+01  8.702671500E+01  8.786125300E+01  8.787743844E+01  8.787491356E+01  2.899378700E+03  8.787521622E+01  8.787813978E+01  8.786125300E+01  8.702671500E+01  8.453294900E+01
 9.345027500E+01  9.592939600E+01  9.676202300E+01  9.677834472E+01  9.677579428E+01  3.196857200E+03  9.677610078E+01  9.677906522E+01  9.676202300E+01  9.592939600E+01  9.345027500E+01
 1.031241000E+02  1.055886400E+02  1.064193500E+02  1.064358283E+02  1.064332217E+02  3.518138900E+03  1.064335678E+02  1.064365322E+02  1.064193500E+02  1.055886400E+02  1.031241000E+02
 1.135963300E+02  1.160463700E+02  1.168751700E+02  1.168917683E+02  1.168891617E+02  3.864439400E+03  1.168894667E+02  1.168925333E+02  1.168751700E+02  1.160463700E+02  1.135963300E+02
 1.249317000E+02  1.273673000E+02  1.281941800E+02  1.282109289E+02  1.282082711E+02  4.237223600E+03  1.282086167E+02  1.282116833E+02  1.281941800E+02  1.273673000E+02  1.249317000E+02
 1.371755100E+02  1.395967500E+02  1.404217100E+02  1.404385789E+02  1.404359211E+02  4.637662000E+03  1.404362561E+02  1.404393739E+02  1.404217100E+02  1.395967500E+02  1.371755100E+02
 6.684888600E-10  2.696305100E+00  3.559576500E+00  3.573646528E+00  3.571592372E+00  7.059532600E+01  3.571793017E+00  3.574100683E+00  3.559576500E+00  2.696305100E+00  6.684906700E-10
 4.743040300E-01  3.155391400E+00  4.016820900E+00  4.031024450E+00  4.028940650E+00  8.486070600E+01  4.029144828E+00  4.031488272E+00  4.016820900E+00  3.155391400E+00  4.743040300E-01
 1.018735400E+00  3.684648100E+00  4.544232800E+00  4.558570372E+00  4.556456928E+00  1.013425800E+02  4.556665144E+00  4.559043856E+00  4.544232800E+00  3.684648100E+00  1.018735400E+00
 1.640791300E+00  4.291574800E+00  5.149312100E+00  5.163784500E+00  5.161640900E+00  1.203177200E+02  5.161853050E+00  5.164268050E+00  5.149312100E+00  4.291574800E+00  1.640791300E+00
 2.348600400E+00  4.984302500E+00  5.840189800E+00  5.854797528E+00  5.852623772E+00  1.420875400E+02  5.852840056E+00  5.855291344E+00  5.840189800E+00  4.984302500E+00  2.348600400E+00
 3.150968000E+00  5.771638600E+00  6.625673200E+00  6.640416756E+00  6.638212844E+00  1.669790000E+02  6.638433461E+00  6.640921039E+00  6.625673200E+00  5.771638600E+00  3.150968000E+00
 4.057425200E+00  6.663116000E+00  7.515295500E+00  7.530175283E+00  7.527941217E+00  1.953456900E+02  7.528166061E+00  7.530690439E+00  7.515295500E+00  6.663116000E+00  4.057425200E+00
 5.078281600E+00  7.669045800E+00  8.519367600E+00  8.534384111E+00  8.532119889E+00  2.275686200E+02  8.532348956E+00  8.534910644E+00  8.519367600E+00  7.669045800E+00  5.078281600E+00
 6.224680800E+00  8.800573100E+00  9.649034800E+00  9.664188339E+00  9.661893961E+00  2.640571500E+02  9.662127450E+00  9.664726450E+00  9.649034800E+00  8.800573100E+00  6.224680800E+00
 7.508659900E+00  1.006973600E+01  1.091633500E+01  1.093162728E+01  1.092930172E+01  3.052498200E+02  1.092953933E+01  1.093217667E+01  1.091633500E+01  1.006973600E+01  7.508659900E+00
 8.943213100E+00  1.148953100E+01  1.233426500E+01  1.234969461E+01  1.234733839E+01  3.516150700E+02  1.234758194E+01  1.235025506E+01  1.233426500E+01  1.148953100E+01  8.943213100E+00
 1.054235800E+01  1.307397500E+01  1.391684100E+01  1.393240894E+01  1.393002206E+01  4.036520200E+02  1.393026950E+01  1.393298350E+01  1.391684100E+01  1.307397500E+01  1.054235800E+01
 1.231913500E+01  1.483611000E+01  1.567710600E+01  1.569281228E+01  1.569039472E+01  4.618680700E+02  1.569064911E+01  1.569339889E+01  1.567710600E+01  1.483611000E+01  1.231913500E+01
 1.429174000E+01  1.679413300E+01  1.763325500E+01  1.764910061E+01  1.764665239E+01  5.268437100E+02  1.764691067E+01  1.764970133E+01  1.763325500E+01  1.679413300E+01  1.429174000E+01
 1.647653600E+01  1.896440600E+01  1.980165200E+01  1.981763489E+01  1.981516111E+01  5.991611200E+02  1.981542328E+01  1.981824972E+01  1.980165200E+01  1.896440600E+01  1.647653600E+01
 1.889181200E+01  2.136522000E+01  2.220058600E+01  2.221671128E+01  2.221420172E+01  6.794402300E+02  2.221447183E+01  2.221733917E+01  2.220058600E+01  2.136522000E+01  1.889181200E+01
 2.155710600E+01  2.401611300E+01  2.484959700E+01  2.486586261E+01  2.486332239E+01  7.683319900E+02  2.486359639E+01  2.486650461E+01  2.484959700E+01  2.401611300E+01  2.155710600E+01
 2.449326900E+01  2.693793600E+01  2.776953400E+01  2.778593994E+01  2.778336906E+01  8.665184000E+02  2.778365100E+01  2.778659500E+01  2.776953400E+01  2.693793600E+01  2.449326900E+01
 2.772252900E+01  3.015291700E+01  3.098262700E+01  3.099917328E+01  3.099657172E+01  9.747123900E+02  3.099685856E+01  3.099984344E+01  3.098262700E+01  3.015291700E+01  2.772252900E+01
 3.126855700E+01  3.368472800E+01  3.451254600E+01  3.452923361E+01  3.452660139E+01  1.093657700E+03  3.452689411E+01  3.452991989E+01  3.451254600E+01  3.368472800E+01  3.126855700E+01
 3.515653800E+01  3.755855400E+01  3.838447700E+01  3.840130494E+01  3.839864206E+01  1.224128800E+03  3.839894372E+01  3.840200528E+01  3.838447700E+01  3.755855400E+01  3.515653800E+01
 3.940971600E+01  4.179763900E+01  4.262166300E+01  4.263863228E+01  4.263593872E+01  1.366906100E+03  4.263624628E+01  4.263934872E+01  4.262166300E+01  4.179763900E+01  3.940971600E+01
 4.405788500E+01  4.643177600E+01  4.725389800E+01  4.727100861E+01  4.726828439E+01  1.522805000E+03  4.726859883E+01  4.727174217E+01  4.725389800E+01  4.643177600E+01  4.405788500E+01
 4.913097900E+01  5.149090200E+01  5.231111700E+01  5.232836894E+01  5.232561406E+01  1.692702500E+03  5.232593539E+01  5.232911961E+01  5.231111700E+01  5.149090200E+01  4.913097900E+01
 5.466032700E+01  5.700634400E+01  5.782464900E+01  5.784204328E+01  5.783925772E+01  1.877488500E+03  5.783958594E+01  5.784281106E+01  5.782464900E+01  5.700634400E+01  5.466032700E+01
 6.067784300E+01  6.301001700E+01  6.382640700E+01  6.384394361E+01  6.384112739E+01  2.078056300E+03  6.384146044E+01  6.384473156E+01  6.382640700E+01  6.301001700E+01  6.067784300E+01
 6.721773300E+01  6.953612700E+01  7.035059900E+01  7.036827794E+01  7.036543106E+01  2.295334500E+03  7.036577506E+01  7.036908194E+01  7.035059900E+01  6.953612700E+01  6.721773300E+01
 7.431590700E+01  7.662058500E+01  7.743313400E+01  7.745095528E+01  7.744807772E+01  2.530274000E+03  7.744842756E+01  7.745178044E+01  7.743313400E+01  7.662058500E+01  7.431590700E+01
 8.201001800E+01  8.430104300E+01  8.511166600E+01  8.512962861E+01  8.512672039E+01  2.783847100E+03  8.512707911E+01  8.513047289E+01  8.511166600E+01  8.430104300E+01  8.201001800E+01
 9.033950600E+01  9.261694300E+01  9.342563600E+01  9.344373889E+01  9.344080511E+01  3.057046000E+03  9.344117067E+01  9.344460533E+01  9.342563600E+01  9.261694300E+01  9.033950600E+01
 9.933809600E+01  1.016020100E+02  1.024087700E+02  1.024270122E+02  1.024240478E+02  3.350816600E+03  1.024244222E+02  1.024278978E+02  1.024087700E+02  1.016020100E+02  9.933809600E+01
 1.090581600E+02  1.113086200E+02  1.121134400E+02  1.121318328E+02  1.121288172E+02  3.666291100E+03  1.121292117E+02  1.121327383E+02  1.121134400E+02  1.113086200E+02  1.090581600E+02
 1.195358700E+02  1.217729400E+02  1.225758100E+02  1.225943428E+02  1.225913272E+02  4.004372400E+03  1.225917011E+02  1.225952789E+02  1.225758100E+02  1.217729400E+02  1.195358700E+02
 6.154032600E-10  2.493408100E+00  3.335298100E+00  3.350965278E+00  3.348566122E+00  6.574944500E+01  3.348792278E+00  3.351489922E+00  3.335298100E+00  2.493408100E+00  6.154155600E-10
 4.359291900E-01  2.915146100E+00  3.755198600E+00  3.771005622E+00  3.768574778E+00  7.880947100E+01  3.768805256E+00  3.771541744E+00  3.755198600E+00  2.915146100E+00  4.359291900E-01
 9.347580600E-01  3.399824300E+00  4.238034600E+00  4.253982172E+00  4.251519128E+00  9.385321400E+01  4.251754228E+00  4.254530072E+00  4.238034600E+00  3.399824300E+00  9.347580600E-01
 1.503004800E+00  3.953963000E+00  4.790326800E+00  4.806415017E+00  4.803920283E+00  1.111209200E+02  4.804160206E+00  4.806974894E+00  4.790326800E+00  3.953963000E+00  1.503004800E+00
 2.147717800E+00  4.584612900E+00  5.419125600E+00  5.435355167E+00  5.432828233E+00  1.308730800E+02  5.433072972E+00  5.435927528E+00  5.419125600E+00  4.584612900E+00  2.147717800E+00
 2.876511900E+00  5.299390700E+00  6.132048000E+00  6.148419217E+00  6.145860083E+00  1.533911300E+02  6.146109939E+00  6.149004361E+00  6.132048000E+00  5.299390700E+00  2.876511900E+00
 3.697608100E+00  6.106519000E+00  6.937316700E+00  6.953829867E+00  6.951238533E+00  1.789780600E+02  6.951493706E+00  6.954427994E+00  6.937316700E+00  6.106519000E+00  3.697608100E+00
 4.619875100E+00  7.014868200E+00  7.843801800E+00  7.860457417E+00  7.857833883E+00  2.079590700E+02  7.858094267E+00  7.861068933E+00  7.843801800E+00  7.014868200E+00  4.619875100E+00
 5.652874000E+00  8.034000600E+00  8.861065900E+00  8.877863961E+00  8.875208739E+00  2.406820100E+02  8.875474428E+00  8.878489472E+00  8.861065900E+00  8.034000600E+00  5.652874000E+00
 6.806905500E+00  9.174218200E+00  9.999410900E+00  1.001635222E+01  1.001366378E+01  2.775179800E+02  1.001393578E+01  1.001699222E+01  9.999410900E+00  9.174218200E+00  6.806905500E+00
 8.093059600E+00  1.044661200E+01  1.126992800E+01  1.128701156E+01  1.128429244E+01  3.188617200E+02  1.128456933E+01  1.128766667E+01  1.126992800E+01  1.044661200E+01  8.093059600E+00
 9.523268200E+00  1.186311500E+01  1.268455000E+01  1.270177894E+01  1.269902406E+01  3.651320300E+02  1.269930889E+01  1.270244711E+01  1.268455000E+01  1.186311500E+01  9.523268200E+00
 1.110853800E+01  1.343473300E+01  1.425428200E+01  1.427165428E+01  1.426886872E+01  4.167523800E+02  1.426915944E+01  1.427233856E+01  1.425428200E+01  1.343473300E+01  1.110853800E+01
 1.286434300E+01  1.517694400E+01  1.599460300E+01  1.601211761E+01  1.600930139E+01  4.742064000E+02  1.600959800E+01  1.601281800E+01  1.599460300E+01  1.517694400E+01  1.286434300E+01
 1.480446600E+01  1.710352800E+01  1.791929200E+01  1.793695094E+01  1.793410406E+01  5.379761400E+02  1.793440656E+01  1.793766744E+01  1.791929200E+01  1.710352800E+01  1.480446600E+01
 1.694429500E+01  1.922987500E+01  2.004374000E+01  2.006154228E+01  2.005866472E+01  6.085729700E+02  2.005897106E+01  2.006227794E+01  2.004374000E+01  1.922987500E+01  1.694429500E+01
 1.930022400E+01  2.157237900E+01  2.238434100E+01  2.240228867E+01  2.239937533E+01  6.865315600E+02  2.239969161E+01  2.240303939E+01  2.238434100E+01  2.157237900E+01  1.930022400E+01
 2.188969800E+01  2.414848500E+01  2.495853700E+01  2.497663206E+01  2.497368294E+01  7.724096200E+02  2.497400917E+01  2.497739783E+01  2.495853700E+01  2.414848500E+01  2.188969800E+01
 2.473125600E+01  2.697673400E+01  2.778487300E+01  2.780311139E+01  2.780013161E+01  8.667876500E+02  2.780046472E+01  2.780389428E+01  2.778487300E+01  2.697673400E+01  2.473125600E+01
 2.784458900E+01  3.007681500E+01  3.088303600E+01  3.090141567E+01  3.089841033E+01  9.702685900E+02  3.089874622E+01  3.090222178E+01  3.088303600E+01  3.007681500E+01  2.784458900E+01
 3.125058300E+01  3.346961400E+01  3.427391100E+01  3.429243806E+01  3.428939694E+01  1.083477400E+03  3.428974378E+01  3.429326022E+01  3.427391100E+01  3.346961400E+01  3.125058300E+01
 3.496839100E+01  3.717428600E+01  3.797665600E+01  3.799532639E+01  3.799225461E+01  1.207041100E+03  3.799260828E+01  3.799617072E+01  3.797665600E+01  3.717428600E+01  3.496839100E+01
 3.902260400E+01  4.121542200E+01  4.201585700E+01  4.203467272E+01  4.203157028E+01  1.341612400E+03  4.203193283E+01  4.203553617E+01  4.201585700E+01  4.121542200E+01  3.902260400E+01
 4.343784100E+01  4.561764000E+01  4.641613700E+01  4.643509606E+01  4.643196294E+01  1.487889800E+03  4.643233539E+01  4.643597961E+01  4.641613700E+01  4.561764000E+01  4.343784100E+01
 4.823976500E+01  5.040660400E+01  5.120315600E+01  5.122226039E+01  5.121909661E+01  1.646578300E+03  5.121947589E+01  5.122316611E+01  5.120315600E+01  5.040660400E+01  4.823976500E+01
 5.345441300E+01  5.560835000E+01  5.640295300E+01  5.642220172E+01  5.641900728E+01  1.818382700E+03  5.641939439E+01  5.642313061E+01  5.640295300E+01  5.560835000E+01  5.345441300E+01
 5.910962200E+01  6.125071700E+01  6.204336600E+01  6.206276111E+01  6.205953089E+01  2.004032100E+03  6.205993194E+01  6.206370906E+01  6.204336600E+01  6.125071700E+01  5.910962200E+01
 6.523452300E+01  6.736283600E+01  6.815352400E+01  6.817306139E+01  6.816980561E+01  2.204269500E+03  6.817021244E+01  6.817403556E+01  6.815352400E+01  6.736283600E+01  6.523452300E+01
 7.185956100E+01  7.397515100E+01  7.476387400E+01  7.478355572E+01  7.478026928E+01  2.419850600E+03  7.478068800E+01  7.478455200E+01  7.476387400E+01  7.397515100E+01  7.185956100E+01
 7.901652500E+01  8.111945400E+01  8.190620600E+01  8.192603411E+01  8.192271189E+01  2.651543000E+03  8.192314250E+01  8.192705250E+01  8.190620600E+01  8.111945400E+01  7.901652500E+01
 8.673239700E+01  8.882272600E+01  8.960750100E+01  8.962747139E+01  8.962412361E+01  2.900076100E+03  8.962456200E+01  8.962851800E+01  8.960750100E+01  8.882272600E+01  8.673239700E+01
 9.504928900E+01  9.712708000E+01  9.790987500E+01  9.792998872E+01  9.792661028E+01  3.166314800E+03  9.792705950E+01  9.793106150E+01  9.790987500E+01  9.712708000E+01  9.504928900E+01
 1.039959300E+02  1.060612400E+02  1.068420500E+02  1.068623172E+02  1.068588928E+02  3.450949100E+03  1.068593661E+02  1.068634039E+02  1.068420500E+02  1.060612400E+02  1.039959300E+02
 5.659310600E-10  2.304076800E+00  3.125084700E+00  3.142466394E+00  3.139679306E+00  6.119426900E+01  3.139934989E+00  3.143073211E+00  3.125084700E+00  2.304076800E+00  5.659317900E-10
 4.002155200E-01  2.691063300E+00  3.510207600E+00  3.527733856E+00  3.524913544E+00  7.313477300E+01  3.525174433E+00  3.528354567E+00  3.510207600E+00  2.691063300E+00  4.002155200E-01
 8.567358500E-01  3.134392600E+00  3.951667200E+00  3.969338522E+00  3.966484478E+00  8.684674300E+01  3.966750972E+00  3.969973528E+00  3.951667200E+00  3.134392600E+00  8.567358500E-01
 1.375209300E+00  3.639715300E+00  4.455114100E+00  4.472930889E+00  4.470043111E+00  1.025378900E+02  4.470315617E+00  4.473580083E+00  4.455114100E+00  3.639715300E+00  1.375209300E+00
 1.961727200E+00  4.213124500E+00  5.026641500E+00  5.044603956E+00  5.041682444E+00  1.204324600E+02  5.041960850E+00  5.045268250E+00  5.026641500E+00  4.213124500E+00  1.961727200E+00
 2.622852500E+00  4.861185100E+00  5.672814500E+00  5.690922717E+00  5.687967983E+00  1.407716300E+02  5.688252489E+00  5.691602311E+00  5.672814500E+00  4.861185100E+00  2.622852500E+00
 3.365651600E+00  5.590965100E+00  6.400701100E+00  6.418955689E+00  6.415966711E+00  1.638139600E+02  6.416257922E+00  6.419650678E+00  6.400701100E+00  5.590965100E+00  3.365651600E+00
 4.197727000E+00  6.410068400E+00  7.217905100E+00  7.236305850E+00  7.233283650E+00  1.898356600E+02  7.233581150E+00  7.237017350E+00  7.217905100E+00  6.410068400E+00  4.197727000E+00
 5.127252500E+00  7.326670000E+00  8.132601900E+00  8.151148911E+00  8.148093489E+00  2.191309700E+02  8.148397578E+00  8.151877222E+00  8.132601900E+00  7.326670000E+00  5.127252500E+00
 6.163010400E+00  8.349553300E+00  9.153574600E+00  9.172268072E+00  9.169179428E+00  2.520123500E+02  9.169490406E+00  9.173013494E+00  9.153574600E+00  8.349553300E+00  6.163010400E+00
 7.314430000E+00  9.488148700E+00  1.029025400E+01  1.030909394E+01  1.030597106E+01  2.888107200E+02  1.030628922E+01  1.030985678E+01  1.029025400E+01  9.488148700E+00  7.314430000E+00
 8.591628800E+00  1.075257500E+01  1.155275800E+01  1.157174328E+01  1.156858972E+01  3.298756200E+02  1.156891578E+01  1.157252422E+01  1.155275800E+01  1.075257500E+01  8.591628800E+00
 1.000386200E+01  1.215208700E+01  1.295034200E+01  1.296947567E+01  1.296628633E+01  3.755586600E+02  1.296662028E+01  1.297027472E+01  1.295034200E+01  1.215208700E+01  1.000386200E+01
 1.156423600E+01  1.369979100E+01  1.449611300E+01  1.451539200E+01  1.451217200E+01  4.262603300E+02  1.451251178E+01  1.451621222E+01  1.449611300E+01  1.369979100E+01  1.156423600E+01
 1.328431000E+01  1.540724900E+01  1.620163100E+01  1.622105633E+01  1.621780567E+01  4.823774600E+02  1.621815433E+01  1.622189567E+01  1.620163100E+01  1.540724900E+01  1.328431000E+01
 1.517697900E+01  1.728735500E+01  1.807979200E+01  1.809936572E+01  1.809607928E+01  5.443292800E+02  1.809643683E+01  1.810022417E+01  1.807979200E+01  1.728735500E+01  1.517697900E+01
 1.725593900E+01  1.935380500E+01  2.014429100E+01  2.016401006E+01  2.016069294E+01  6.125521400E+02  2.016105733E+01  2.016489067E+01  2.014429100E+01  1.935380500E+01  1.725593900E+01
 1.953571700E+01  2.162112800E+01  2.240965700E+01  2.242952139E+01  2.242617361E+01  6.874991100E+02  2.242654789E+01  2.243042211E+01  2.240965700E+01  2.162112800E+01  1.953571700E+01
 2.203171100E+01  2.410472100E+01  2.489128600E+01  2.491129878E+01  2.490791522E+01  7.696396200E+02  2.490830039E+01  2.491222061E+01  2.489128600E+01  2.410472100E+01  2.203171100E+01
 2.476022100E+01  2.682088400E+01  2.760547900E+01  2.762563811E+01  2.762222389E+01  8.594589300E+02  2.762261689E+01  2.762658311E+01  2.760547900E+01  2.682088400E+01  2.476022100E+01
 2.773848200E+01  2.978685300E+01  3.056947300E+01  3.058977950E+01  3.058632950E+01  9.574577100E+02  3.058673644E+01  3.059074356E+01  3.056947300E+01  2.978685300E+01  2.773848200E+01
 3.098220700E+01  3.301834000E+01  3.379897800E+01  3.381942778E+01  3.381595222E+01  1.064135800E+03  3.381636594E+01  3.382041906E+01  3.379897800E+01  3.301834000E+01  3.098220700E+01
 3.451158900E+01  3.653553800E+01  3.731418900E+01  3.733478617E+01  3.733127483E+01  1.180011800E+03  3.733169839E+01  3.733580261E+01  3.731418900E+01  3.653553800E+01  3.451158900E+01
 3.834676900E+01  4.035859000E+01  4.113524600E+01  4.115598644E+01  4.115244956E+01  1.305637000E+03  4.115288294E+01  4.115702806E+01  4.113524600E+01  4.035859000E+01  3.834676900E+01
 4.250865500E+01  4.450840300E+01  4.528305800E+01  4.530394378E+01  4.530037622E+01  1.441565300E+03  4.530082044E+01  4.530501156E+01  4.528305800E+01  4.450840300E+01  4.250865500E+01
 4.701837400E+01  4.900610400E+01  4.977875300E+01  4.979978617E+01  4.979618283E+01  1.588347700E+03  4.979664094E+01  4.980087806E+01  4.977875300E+01  4.900610400E+01  4.701837400E+01
 5.189845500E+01  5.387422300E+01  5.464485800E+01  5.466603444E+01  5.466240556E+01  1.746551100E+03  5.466287244E+01  5.466715556E+01  5.464485800E+01  5.387422300E+01  5.189845500E+01
 5.717239200E+01  5.913625300E+01  5.990486900E+01  5.992618978E+01  5.992253022E+01  1.916750400E+03  5.992300689E+01  5.992734111E+01  5.990486900E+01  5.913625300E+01  5.717239200E+01
 6.286465500E+01  6.481666700E+01  6.558325600E+01  6.560471906E+01  6.560103394E+01  2.099527100E+03  6.560152139E+01  6.560590161E+01  6.558325600E+01  6.481666700E+01  6.286465500E+01
 6.900070800E+01  7.094092700E+01  7.170548400E+01  7.172709444E+01  7.172337356E+01  2.295468200E+03  7.172387689E+01  7.172830311E+01  7.170548400E+01  7.094092700E+01  6.900070800E+01
 7.560201200E+01  7.753049600E+01  7.829301500E+01  7.831476672E+01  7.831102028E+01  2.505130700E+03  7.831153539E+01  7.831600761E+01  7.829301500E+01  7.753049600E+01  7.560201200E+01
 8.270219800E+01  8.461900700E+01  8.537948100E+01  8.540137400E+01  8.539760200E+01  2.729166200E+03  8.539812889E+01  8.540264711E+01  8.537948100E+01  8.461900700E+01  8.270219800E+01
 9.032393800E+01  9.222912900E+01  9.298755200E+01  9.300958933E+01  9.300578667E+01  2.968096600E+03  9.300632939E+01  9.301089361E+01  9.298755200E+01  9.222912900E+01  9.032393800E+01
 5.198395200E-10  2.127443600E+00  2.927624000E+00  2.946826572E+00  2.943609128E+00  5.691125900E+01  2.943899339E+00  2.947529761E+00  2.927624000E+00  2.127443600E+00  5.198390600E-10
 3.670003700E-01  2.482117800E+00  3.280386800E+00  3.299737050E+00  3.296484850E+00  6.781291700E+01  3.296781550E+00  3.300456950E+00  3.280386800E+00  2.482117800E+00  3.670003700E-01
 7.842966700E-01  2.887123700E+00  3.683473500E+00  3.702971628E+00  3.699684672E+00  8.029279600E+01  3.699988261E+00  3.703708639E+00  3.683473500E+00  2.887123700E+00  7.842966700E-01
 1.256766300E+00  3.347340800E+00  4.141763800E+00  4.161409700E+00  4.158088500E+00  9.452972800E+01  4.158399278E+00  4.162164122E+00  4.141763800E+00  3.347340800E+00  1.256766300E+00
 1.789654500E+00  3.868016200E+00  4.660504800E+00  4.680298572E+00  4.676943128E+00  1.107158900E+02  4.677261289E+00  4.681071111E+00  4.660504800E+00  3.868016200E+00  1.789654500E+00
 2.388597400E+00  4.454787600E+00  5.245334400E+00  5.265276244E+00  5.261886556E+00  1.290570300E+02  5.262212400E+00  5.266067200E+00  5.245334400E+00  4.454787600E+00  2.388597400E+00
 3.059646300E+00  5.113707900E+00  5.902305600E+00  5.922395517E+00  5.918971583E+00  1.497727000E+02  5.919305306E+00  5.923205594E+00  5.902305600E+00  5.113707900E+00  3.059646300E+00
 3.809293800E+00  5.851270900E+00  6.637912300E+00  6.658150083E+00  6.654692417E+00  1.730963900E+02  6.655034111E+00  6.658979889E+00  6.637912300E+00  5.851270900E+00  3.809293800E+00
 4.644500700E+00  6.674438700E+00  7.459116600E+00  7.479502350E+00  7.476010950E+00  1.992756700E+02  7.476361222E+00  7.480351978E+00  7.459116600E+00  6.674438700E+00  4.644500700E+00
 5.572725100E+00  7.590670400E+00  8.373377600E+00  8.393911011E+00  8.390386389E+00  2.285722100E+02  8.390744922E+00  8.394781678E+00  8.373377600E+00  7.590670400E+00  5.572725100E+00
 6.601952000E+00  8.607951800E+00  9.388681200E+00  9.409362272E+00  9.405804428E+00  2.612618700E+02  9.406171722E+00  9.410254478E+00  9.388681200E+00  8.607951800E+00  6.601952000E+00
 7.740724600E+00  9.734827100E+00  1.051357200E+01  1.053439900E+01  1.053081100E+01  2.976347100E+02  1.053118511E+01  1.053531489E+01  1.051357200E+01  9.734827100E+00  7.740724600E+00
 8.996796000E+00  1.097905000E+01  1.175580200E+01  1.177677839E+01  1.177315461E+01  3.379809800E+02  1.177353961E+01  1.177771539E+01  1.175580200E+01  1.097905000E+01  8.996796000E+00
 1.038121400E+01  1.235166800E+01  1.312642200E+01  1.314754678E+01  1.314388722E+01  3.826301600E+02  1.314428617E+01  1.314850283E+01  1.312642200E+01  1.235166800E+01  1.038121400E+01
 1.190363400E+01  1.386233800E+01  1.463508500E+01  1.465635611E+01  1.465266589E+01  4.319068100E+02  1.465307161E+01  1.465733939E+01  1.463508500E+01  1.386233800E+01  1.190363400E+01
 1.357481000E+01  1.552181400E+01  1.629254800E+01  1.631396544E+01  1.631024456E+01  4.861523200E+02  1.631066011E+01  1.631497389E+01  1.629254800E+01  1.552181400E+01  1.357481000E+01
 1.540613100E+01  1.734148500E+01  1.811019900E+01  1.813176178E+01  1.812801022E+01  5.457202700E+02  1.812843561E+01  1.813279539E+01  1.811019900E+01  1.734148500E+01  1.540613100E+01
 1.740963900E+01  1.933339400E+01  2.010008100E+01  2.012178911E+01  2.011800689E+01  6.109760600E+02  2.011844311E+01  2.012284889E+01  2.010008100E+01  1.933339400E+01  1.740963900E+01
 1.959805600E+01  2.151026300E+01  2.227491500E+01  2.229676944E+01  2.229295656E+01  6.822963500E+02  2.229340156E+01  2.229785844E+01  2.227491500E+01  2.151026300E+01  1.959805600E+01
 2.198480800E+01  2.388551700E+01  2.464812800E+01  2.467012778E+01  2.466628422E+01  7.600686300E+02  2.466674106E+01  2.467124394E+01  2.464812800E+01  2.388551700E+01  2.198480800E+01
 2.458404500E+01  2.647330900E+01  2.723387100E+01  2.725601817E+01  2.725213883E+01  8.446906200E+02  2.725261361E+01  2.725715739E+01  2.723387100E+01  2.647330900E+01  2.458404500E+01
 2.740858900E+01  2.928645800E+01  3.004496400E+01  3.006725344E+01  3.006334856E+01  9.365576000E+02  3.006383106E+01  3.006842594E+01  3.004496400E+01  2.928645800E+01  2.740858900E+01
 3.047493300E+01  3.234145900E+01  3.309790200E+01  3.312033678E+01  3.311640122E+01  1.036077700E+03  3.311689656E+01  3.312153744E+01  3.309790200E+01  3.234145900E+01  3.047493300E+01
 3.379946100E+01  3.565469400E+01  3.640906800E+01  3.643164611E+01  3.642767989E+01  1.143682200E+03  3.642819006E+01  3.643287694E+01  3.640906800E+01  3.565469400E+01  3.379946100E+01
 3.739910500E+01  3.924309900E+01  3.999539500E+01  4.001811539E+01  4.001412361E+01  1.259801500E+03  4.001464556E+01  4.001937844E+01  3.999539500E+01  3.924309900E+01  3.739910500E+01
 4.129091000E+01  4.312371500E+01  4.387392700E+01  4.389678867E+01  4.389277133E+01  1.384862300E+03  4.389330706E+01  4.389808594E+01  4.387392700E+01  4.312371500E+01  4.129091000E+01
 4.549299300E+01  4.731466300E+01  4.806278400E+01  4.808578900E+01  4.808174100E+01  1.519300800E+03  4.808229256E+01  4.808711744E+01  4.806278400E+01  4.731466300E+01  4.549299300E+01
 5.002418500E+01  5.183477100E+01  5.258079300E+01  5.260394233E+01  5.259986367E+01  1.663556400E+03  5.260042900E+01  5.260530500E+01  5.258079300E+01  5.183477100E+01  5.002418500E+01
 5.490402500E+01  5.670358100E+01  5.744749800E+01  5.747078761E+01  5.746668339E+01  1.818071200E+03  5.746726144E+01  5.747218856E+01  5.744749800E+01  5.670358100E+01  5.490402500E+01
 6.015277300E+01  6.194135200E+01  6.268315800E+01  6.270658689E+01  6.270245711E+01  1.983288900E+03  6.270305400E+01  6.270802200E+01  6.268315800E+01  6.194135200E+01  6.015277300E+01
 6.578738700E+01  6.756504400E+01  6.830473100E+01  6.832830222E+01  6.832414178E+01  2.159629300E+03  6.832475750E+01  6.832977150E+01  6.830473100E+01  6.756504400E+01  6.578738700E+01
 7.183452400E+01  7.360131300E+01  7.433887500E+01  7.436258344E+01  7.435840256E+01  2.347575800E+03  7.435902994E+01  7.436409506E+01  7.433887500E+01  7.360131300E+01  7.183452400E+01
 7.831195800E+01  8.006793500E+01  8.080336600E+01  8.082721578E+01  8.082300422E+01  2.547518200E+03  8.082365244E+01  8.082876356E+01  8.080336600E+01  8.006793500E+01  7.831195800E+01
 4.769232600E-10  1.962720100E+00  2.741944400E+00  2.763058589E+00  2.759370411E+00  5.288323200E+01  2.759702139E+00  2.763875361E+00  2.741944400E+00  1.962720100E+00  4.769235000E-10
 3.361325800E-01  2.287375100E+00  3.064606400E+00  3.085868361E+00  3.082145939E+00  6.282192300E+01  3.082485733E+00  3.086705467E+00  3.064606400E+00  2.287375100E+00  3.361325800E-01
 7.170944800E-01  2.656893200E+00  3.432122300E+00  3.453532133E+00  3.449775467E+00  7.416317700E+01  3.450123728E+00  3.454389972E+00  3.432122300E+00  2.656893200E+00  7.170944800E-01
 1.147081500E+00  3.075471900E+00  3.848690100E+00  3.870247806E+00  3.866456894E+00  8.706025100E+01  3.866814022E+00  3.871126778E+00  3.848690100E+00  3.075471900E+00  1.147081500E+00
 1.630593000E+00  3.547612600E+00  4.318811100E+00  4.340516372E+00  4.336691728E+00  1.016770500E+02  4.337058017E+00  4.341417283E+00  4.318811100E+00  3.547612600E+00  1.630593000E+00
 2.172450300E+00  4.078137800E+00  4.847308200E+00  4.869161039E+00  4.865302661E+00  1.181882200E+02  4.865678511E+00  4.870084289E+00  4.847308200E+00  4.078137800E+00  2.172450300E+00
 2.777814900E+00  4.672210600E+00  5.439344600E+00  5.461344394E+00  5.457453306E+00  1.367792200E+02  5.457838706E+00  5.462290994E+00  5.439344700E+00  4.672210600E+00  2.777814900E+00
 3.452208900E+00  5.335354400E+00  6.100443800E+00  6.122590656E+00  6.118666344E+00  1.576463400E+02  6.119061694E+00  6.123561006E+00  6.100443800E+00  5.335354400E+00  3.452208900E+00
 4.201535600E+00  6.073473500E+00  6.836510200E+00  6.858803711E+00  6.854846689E+00  1.809966900E+02  6.855252383E+00  6.859798717E+00  6.836510200E+00  6.073473500E+00  4.201535600E+00
 5.032101600E+00  6.892875400E+00  7.653851400E+00  7.676291261E+00  7.672302039E+00  2.070481400E+02  7.672718478E+00  7.677311322E+00  7.653851400E+00  6.892875400E+00  5.032101600E+00
 5.950639100E+00  7.800293200E+00  8.559200700E+00  8.581786711E+00  8.577765289E+00  2.360292200E+02  8.578192767E+00  8.582832633E+00  8.559200700E+00  7.800293200E+00  5.950639100E+00
 6.964330000E+00  8.802909600E+00  9.559740700E+00  9.582472150E+00  9.578419550E+00  2.681790500E+02  9.578858156E+00  9.583545044E+00  9.559740800E+00  8.802909600E+00  6.964330000E+00
 8.079641600E+00  9.907192300E+00  1.066193900E+01  1.068481639E+01  1.068073261E+01  3.037358000E+02  1.068118256E+01  1.068591544E+01  1.066193900E+01  9.907192300E+00  8.079641600E+00
 9.305841300E+00  1.112240900E+01  1.187506400E+01  1.189808572E+01  1.189397128E+01  3.429684800E+02  1.189443406E+01  1.189921294E+01  1.187506400E+01  1.112240900E+01  9.305841300E+00
 1.065095400E+01  1.245658500E+01  1.320714100E+01  1.323030706E+01  1.322616194E+01  3.861407100E+02  1.322663550E+01  1.323146550E+01  1.320714100E+01  1.245658500E+01  1.065095400E+01
 1.212390600E+01  1.391864800E+01  1.466709700E+01  1.469040639E+01  1.468623061E+01  4.335283600E+02  1.468671800E+01  1.469159400E+01  1.466709700E+01  1.391864800E+01  1.212390600E+01
 1.373411800E+01  1.551801800E+01  1.626435300E+01  1.628780672E+01  1.628360028E+01  4.854157300E+02  1.628410150E+01  1.628902350E+01  1.626435300E+01  1.551801800E+01  1.373411800E+01
 1.549152200E+01  1.726462800E+01  1.800884000E+01  1.803243500E+01  1.802820300E+01  5.420950700E+02  1.802871700E+01  1.803368500E+01  1.800884000E+01  1.726462800E+01  1.549152200E+01
 1.740657300E+01  1.916893200E+01  1.991101400E+01  1.993475028E+01  1.993049272E+01  6.038660600E+02  1.993101744E+01  1.993603656E+01  1.991101400E+01  1.916893200E+01  1.740657300E+01
 1.949026700E+01  2.124192700E+01  2.198187300E+01  2.200575161E+01  2.200146339E+01  6.710353100E+02  2.200200394E+01  2.200706906E+01  2.198187300E+01  2.124192700E+01  1.949026700E+01
 2.175415700E+01  2.349516600E+01  2.423296700E+01  2.425698894E+01  2.425267006E+01  7.439158200E+02  2.425322744E+01  2.425833856E+01  2.423296700E+01  2.349516600E+01  2.175415700E+01
 2.420864500E+01  2.593905100E+01  2.667470100E+01  2.669886122E+01  2.669451678E+01  8.228172900E+02  2.669508994E+01  2.670024706E+01  2.667470100E+01  2.593905100E+01  2.420864500E+01
 2.686712500E+01  2.858697600E+01  2.932046700E+01  2.934476956E+01  2.934039444E+01  9.080576400E+02  2.934098339E+01  2.934619161E+01  2.932046700E+01  2.858697600E+01  2.686712500E+01
 2.974283700E+01  3.145218300E+01  3.218350700E+01  3.220794578E+01  3.220355022E+01  9.999704300E+02  3.220415289E+01  3.220940711E+01  3.218350700E+01  3.145218300E+01  2.974283700E+01
 3.284941100E+01  3.454829900E+01  3.527744900E+01  3.530202706E+01  3.529760594E+01  1.098886600E+03  3.529822639E+01  3.530352661E+01  3.527744900E+01  3.454829900E+01  3.284941100E+01
 3.620050400E+01  3.788898300E+01  3.861595300E+01  3.864066933E+01  3.863622267E+01  1.205132500E+03  3.863685783E+01  3.864220917E+01  3.861595300E+01  3.788898300E+01  3.620050400E+01
 3.981059200E+01  4.148871100E+01  4.221349400E+01  4.223834661E+01  4.223387439E+01  1.319039400E+03  4.223452933E+01  4.223992667E+01  4.221349400E+01  4.148871100E+01  3.981059200E+01
 4.369465800E+01  4.536246700E+01  4.608505500E+01  4.611004589E+01  4.610554811E+01  1.440939100E+03  4.610622283E+01  4.611166617E+01  4.608505500E+01  4.536246700E+01  4.369465800E+01
 4.786819600E+01  4.952574400E+01  5.024613100E+01  5.027125611E+01  5.026673789E+01  1.571163000E+03  5.026742828E+01  5.027292272E+01  5.024613100E+01  4.952574400E+01  4.786819600E+01
 5.234720400E+01  5.399454100E+01  5.471272100E+01  5.473798139E+01  5.473343761E+01  1.710041100E+03  5.473414978E+01  5.473969022E+01  5.471272100E+01  5.399454100E+01  5.234720400E+01
 5.714498400E+01  5.878216100E+01  5.949812600E+01  5.952352061E+01  5.951895639E+01  1.857885900E+03  5.951968828E+01  5.952527472E+01  5.949812600E+01  5.878216100E+01  5.714498400E+01
 6.228248800E+01  6.390955700E+01  6.462330300E+01  6.464882983E+01  6.464424517E+01  2.015048900E+03  6.464499472E+01  6.465063228E+01  6.462330300E+01  6.390955700E+01  6.228248800E+01
 6.777355300E+01  6.939056500E+01  7.010208400E+01  7.012774306E+01  7.012313794E+01  2.181816900E+03  7.012391022E+01  7.012959378E+01  7.010208400E+01  6.939056500E+01  6.777355300E+01
 4.370169100E-10  1.809203000E+00  2.566764700E+00  2.589853656E+00  2.585662544E+00  4.909610700E+01  2.586044256E+00  2.590804744E+00  2.566764700E+00  1.809203000E+00  4.370111300E-10
 3.074717200E-01  2.105994300E+00  2.861451800E+00  2.884686217E+00  2.880461883E+00  5.814319500E+01  2.880854144E+00  2.885661656E+00  2.861451800E+00  2.105994300E+00  3.074717200E-01
 6.548070600E-01  2.442680900E+00  3.196024300E+00  3.219403667E+00  3.215147133E+00  6.843341700E+01  3.215550139E+00  3.220404161E+00  3.196024300E+00  2.442680900E+00  6.548070600E-01
 1.045600800E+00  2.822859300E+00  3.574079000E+00  3.597602911E+00  3.593314689E+00  8.009745500E+01  3.593728222E+00  3.598629778E+00  3.574079000E+00  2.822859300E+00  1.045600800E+00
 1.483696700E+00  3.250375100E+00  3.999461800E+00  4.023130056E+00  4.018810144E+00  9.327436400E+01  4.019235011E+00  4.024183589E+00  3.999461800E+00  3.250375100E+00  1.483696700E+00
 1.973201500E+00  3.729336300E+00  4.476281000E+00  4.500093400E+00  4.495741800E+00  1.081115700E+02  4.496178600E+00  4.501174200E+00  4.476281000E+00  3.729336300E+00  1.973201500E+00
 2.518499200E+00  4.264128100E+00  5.008922000E+00  5.032877528E+00  5.028495772E+00  1.247648500E+02  5.028944289E+00  5.033986911E+00  5.008922000E+00  4.264128100E+00  2.518499200E+00
 3.124265600E+00  4.859427700E+00  5.602062200E+00  5.626160961E+00  5.621748539E+00  1.433982300E+02  5.622209883E+00  5.627299017E+00  5.602062200E+00  4.859427700E+00  3.124265600E+00
 3.795485000E+00  5.520220200E+00  6.260687000E+00  6.284928083E+00  6.280486017E+00  1.641838800E+02  6.280959767E+00  6.286096433E+00  6.260687000E+00  5.520220200E+00  3.795485000E+00
 4.537465400E+00  6.251814600E+00  6.990105600E+00  7.014488400E+00  7.010017200E+00  1.873020000E+02  7.010504361E+00  7.015687539E+00  6.990105600E+00  6.251814600E+00  4.537465400E+00
 5.355856100E+00  7.059861100E+00  7.795968300E+00  7.820492617E+00  7.815992283E+00  2.129406600E+02  7.816492844E+00  7.821723556E+00  7.795968300E+00  7.059861100E+00  5.355856100E+00
 6.256665200E+00  7.950368300E+00  8.684284000E+00  8.708948822E+00  8.704420378E+00  2.412955600E+02  8.704934833E+00  8.710212567E+00  8.684284000E+00  7.950368300E+00  6.256665200E+00
 7.245263100E+00  8.928707100E+00  9.660423500E+00  9.685228222E+00  9.680672178E+00  2.725607800E+02  9.681201228E+00  9.686525472E+00  9.660423500E+00  8.928707100E+00  7.245263100E+00
 8.329381400E+00  1.000260900E+01  1.073211900E+01  1.075706383E+01  1.075247917E+01  3.069541900E+02  1.075302361E+01  1.075839539E+01  1.073211900E+01  1.000260900E+01  8.329381400E+00
 9.515656100E+00  1.117871200E+01  1.190600800E+01  1.193109011E+01  1.192647989E+01  3.446881700E+02  1.192704011E+01  1.193245789E+01  1.190600800E+01  1.117871200E+01  9.515656100E+00
 1.081145700E+01  1.246438400E+01  1.318945900E+01  1.321467939E+01  1.321004361E+01  3.859838200E+02  1.321061656E+01  1.321608544E+01  1.318945900E+01  1.246438400E+01  1.081145700E+01
 1.222453400E+01  1.386737800E+01  1.459022400E+01  1.461558167E+01  1.461092033E+01  4.310676800E+02  1.461151006E+01  1.461702494E+01  1.459022400E+01  1.386737800E+01  1.222453400E+01
 1.376303000E+01  1.539583500E+01  1.611644600E+01  1.614193994E+01  1.613725306E+01  4.801713500E+02  1.613786056E+01  1.614342144E+01  1.611644600E+01  1.539583500E+01  1.376303000E+01
 1.543548800E+01  1.705829900E+01  1.777666700E+01  1.780229517E+01  1.779758783E+01  5.335309700E+02  1.779821106E+01  1.780381794E+01  1.777666700E+01  1.705829900E+01  1.543548800E+01
 1.725086100E+01  1.886372200E+01  1.957984100E+01  1.960560750E+01  1.960086950E+01  5.913866800E+02  1.960151456E+01  1.960716744E+01  1.957984100E+01  1.886372200E+01  1.725086100E+01
 1.921852000E+01  2.082147600E+01  2.153534000E+01  2.156123872E+01  2.155648028E+01  6.539821800E+02  2.155714306E+01  2.156284194E+01  2.153534000E+01  2.082147600E+01  1.921852000E+01
 2.134685400E+01  2.293995000E+01  2.365155100E+01  2.367758294E+01  2.367280406E+01  7.215575400E+02  2.367348250E+01  2.367923250E+01  2.365155100E+01  2.293995000E+01  2.134685400E+01
 2.364666800E+01  2.522995000E+01  2.593928200E+01  2.596544822E+01  2.596064378E+01  7.943574800E+02  2.596134400E+01  2.596714000E+01  2.593928200E+01  2.522995000E+01  2.364666800E+01
 2.612859000E+01  2.770210400E+01  2.840916100E+01  2.843545539E+01  2.843063561E+01  8.726367700E+02  2.843135350E+01  2.843719550E+01  2.840916100E+01  2.770210400E+01  2.612859000E+01
 2.880351100E+01  3.036730100E+01  3.107207700E+01  3.109850261E+01  3.109366239E+01  9.566464200E+02  3.109440100E+01  3.110028900E+01  3.107207700E+01  3.036730100E+01  2.880351100E+01
 3.168229800E+01  3.323641100E+01  3.393889900E+01  3.396545689E+01  3.396059111E+01  1.046632600E+03  3.396135244E+01  3.396729156E+01  3.393889900E+01  3.323641100E+01  3.168229800E+01
 3.477642900E+01  3.632091000E+01  3.702110500E+01  3.704778906E+01  3.704290794E+01  1.142843500E+03  3.704368994E+01  3.704967506E+01  3.702110500E+01  3.632091000E+01  3.477642900E+01
 3.809773600E+01  3.963263200E+01  4.033052800E+01  4.035734128E+01  4.035243972E+01  1.245525400E+03  4.035324544E+01  4.035927656E+01  4.033052800E+01  3.963263200E+01  3.809773600E+01
 4.165840400E+01  4.318376100E+01  4.387935300E+01  4.390629144E+01  4.390137456E+01  1.354922700E+03  4.390220089E+01  4.390828311E+01  4.387935300E+01  4.318376100E+01  4.165840400E+01
 4.547096300E+01  4.698682800E+01  4.768011000E+01  4.770717361E+01  4.770224139E+01  1.471276600E+03  4.770309139E+01  4.770921961E+01  4.768011000E+01  4.698682800E+01  4.547096300E+01
 4.954576200E+01  5.105218300E+01  5.174314900E+01  5.177033778E+01  5.176539022E+01  1.594815600E+03  5.176626489E+01  5.177243911E+01  5.174314900E+01  5.105218300E+01  4.954576200E+01
 5.389911700E+01  5.539614200E+01  5.608478900E+01  5.611210094E+01  5.610713806E+01  1.725789400E+03  5.610803939E+01  5.611425961E+01  5.608478900E+01  5.539614200E+01  5.389911700E+01
 5.854170800E+01  6.002938600E+01  6.071570900E+01  6.074314411E+01  6.073816589E+01  1.864405100E+03  6.073909183E+01  6.074536317E+01  6.071570900E+01  6.002938600E+01  5.854170800E+01
 3.999176100E-10  1.666217300E+00  2.400572400E+00  2.425667039E+00  2.420953061E+00  4.553846100E+01  2.421396311E+00  2.426777289E+00  2.400572400E+00  1.666217300E+00  3.999235200E-10
 2.808841900E-01  1.937169300E+00  2.669273600E+00  2.694507756E+00  2.689764644E+00  5.376075400E+01  2.690220811E+00  2.695647789E+00  2.669273600E+00  1.937169300E+00  2.808841900E-01
 5.971286100E-01  2.243511200E+00  2.973357200E+00  2.998730161E+00  2.993958939E+00  6.308174500E+01  2.994428211E+00  2.999901189E+00  2.973357200E+00  2.243511200E+00  5.971286100E-01
 9.517995900E-01  2.588311300E+00  3.315891700E+00  3.341403067E+00  3.336603733E+00  7.361224700E+01  3.337086811E+00  3.342605789E+00  3.315891700E+00  2.588311300E+00  9.517995900E-01
 1.348166300E+00  2.974840000E+00  3.700148000E+00  3.725797267E+00  3.720970333E+00  8.546955400E+01  3.721467611E+00  3.727032589E+00  3.700148000E+00  2.974840000E+00  1.348166300E+00
 1.789711000E+00  3.406581000E+00  4.129609900E+00  4.155396156E+00  4.150542644E+00  9.877736500E+01  4.151054311E+00  4.156665289E+00  4.129609900E+00  3.406581000E+00  1.789711000E+00
 2.280139600E+00  3.887241400E+00  4.607984900E+00  4.633907539E+00  4.629027961E+00  1.136656800E+02  4.629554511E+00  4.635211489E+00  4.607984900E+00  3.887241400E+00  2.280139600E+00
 2.823393000E+00  4.420763300E+00  5.139215200E+00  5.165273517E+00  5.160368383E+00  1.302706500E+02  5.160910517E+00  5.166612983E+00  5.139215200E+00  4.420763300E+00  2.823393000E+00
 3.423658600E+00  5.011334900E+00  5.727489200E+00  5.753682589E+00  5.748752411E+00  1.487344300E+02  5.749310417E+00  5.755058883E+00  5.727489200E+00  5.011334900E+00  3.423658600E+00
 4.085381900E+00  5.663402600E+00  6.377253800E+00  6.403580844E+00  6.398627156E+00  1.692049900E+02  6.399201322E+00  6.404995278E+00  6.377253700E+00  5.663402600E+00  4.085381900E+00
 4.813279200E+00  6.381683300E+00  7.093225800E+00  7.119686406E+00  7.114708694E+00  1.918358900E+02  7.115299822E+00  7.121139778E+00  7.093225800E+00  6.381683300E+00  4.813279200E+00
 5.612349700E+00  7.171177000E+00  7.880405500E+00  7.906998556E+00  7.901997844E+00  2.167860400E+02  7.902606528E+00  7.908491972E+00  7.880405500E+00  7.171177000E+00  5.612349700E+00
 6.487031000E+00  8.036321600E+00  8.743230700E+00  8.769955294E+00  8.764932606E+00  2.442123600E+02  8.765559133E+00  8.771490067E+00  8.743230700E+00  8.036321600E+00  6.487031000E+00
 7.443735500E+00  8.983530000E+00  9.688114700E+00  9.714969928E+00  9.709925772E+00  2.742896800E+02  9.710570433E+00  9.716547367E+00  9.688114600E+00  8.983530000E+00  7.443735500E+00
 8.487920300E+00  1.001826000E+01  1.072051500E+01  1.074750006E+01  1.074243494E+01  3.071875800E+02  1.074309956E+01  1.074912044E+01  1.072051500E+01  1.001826000E+01  8.487920300E+00
 9.625633000E+00  1.114655900E+01  1.184647900E+01  1.187359328E+01  1.186850772E+01  3.430815400E+02  1.186919206E+01  1.187525894E+01  1.184647900E+01  1.114655900E+01  9.625633000E+00
 1.086321200E+01  1.237476600E+01  1.307234700E+01  1.309958950E+01  1.309448350E+01  3.821503200E+02  1.309518856E+01  1.310130144E+01  1.307234700E+01  1.237476600E+01  1.086321200E+01
 1.220729200E+01  1.370951500E+01  1.440475300E+01  1.443212067E+01  1.442699933E+01  4.245755200E+02  1.442772306E+01  1.443388194E+01  1.440475300E+01  1.370951500E+01  1.220729200E+01
 1.366480700E+01  1.515774200E+01  1.585063100E+01  1.587812589E+01  1.587298411E+01  4.705411100E+02  1.587373056E+01  1.587993544E+01  1.585063100E+01  1.515774200E+01  1.366480700E+01
 1.524299900E+01  1.672668700E+01  1.741722300E+01  1.744484206E+01  1.743968494E+01  5.202330100E+02  1.744045206E+01  1.744670294E+01  1.741722300E+01  1.672668700E+01  1.524299900E+01
 1.694941700E+01  1.842390000E+01  1.911207900E+01  1.913982122E+01  1.913464878E+01  5.738386000E+02  1.913544061E+01  1.914173239E+01  1.911207900E+01  1.842390000E+01  1.694941700E+01
 1.879077900E+01  2.025610100E+01  2.094191800E+01  2.096978239E+01  2.096459461E+01  6.315417200E+02  2.096540706E+01  2.097174994E+01  2.094191800E+01  2.025610100E+01  1.879077900E+01
 2.077574200E+01  2.223194400E+01  2.291539500E+01  2.294338156E+01  2.293817844E+01  6.935281200E+02  2.293901456E+01  2.294540344E+01  2.291539500E+01  2.223194400E+01  2.077574200E+01
 2.291277000E+01  2.435989500E+01  2.504097600E+01  2.506908372E+01  2.506386528E+01  7.599894900E+02  2.506472911E+01  2.507115889E+01  2.504097600E+01  2.435989500E+01  2.291277000E+01
 2.521049700E+01  2.664858800E+01  2.732729300E+01  2.735551883E+01  2.735029017E+01  8.311132400E+02  2.735117861E+01  2.735765439E+01  2.732729300E+01  2.664858800E+01  2.521049700E+01
 2.767750100E+01  2.910660000E+01  2.978292700E+01  2.981126994E+01  2.980603106E+01  9.070821400E+02  2.980694206E+01  2.981346894E+01  2.978292700E+01  2.910660000E+01  2.767750100E+01
 3.032280700E+01  3.174295700E+01  3.241690100E+01  3.244536411E+01  3.244010989E+01  9.880785900E+02  3.244104956E+01  3.244762244E+01  3.241690100E+01  3.174295700E+01  3.032280700E+01
 3.315567900E+01  3.456692400E+01  3.523848200E+01  3.526706022E+01  3.526179578E+01  1.074282300E+03  3.526276306E+01  3.526938194E+01  3.523848200E+01  3.456692400E+01  3.315567900E+01
 3.618561300E+01  3.758799600E+01  3.825716400E+01  3.828585528E+01  3.828058572E+01  1.165869500E+03  3.828157956E+01  3.828824444E+01  3.825716400E+01  3.758799600E+01  3.618561300E+01
 3.942233000E+01  4.081589600E+01  4.148267100E+01  4.151147639E+01  4.150619661E+01  1.263012700E+03  4.150722311E+01  4.151392889E+01  4.148267100E+01  4.081589600E+01  3.942233000E+01
 4.287381100E+01  4.425860400E+01  4.492298100E+01  4.495190050E+01  4.494661050E+01  1.365875800E+03  4.494766656E+01  4.495442344E+01  4.492298100E+01  4.425860400E+01  4.287381100E+01
 4.655262500E+01  4.792869000E+01  4.859066800E+01  4.861969756E+01  4.861440244E+01  1.474630400E+03  4.861548906E+01  4.862229194E+01  4.859066800E+01  4.792869000E+01  4.655262500E+01
 5.046694200E+01  5.183432500E+01  5.249390100E+01  5.252303961E+01  5.251773939E+01  1.589422900E+03  5.251885856E+01  5.252570744E+01  5.249390100E+01  5.183432500E+01  5.046694200E+01
 3.654863000E-10  1.533117900E+00  2.241552700E+00  2.268652706E+00  2.263417394E+00  4.219824400E+01  2.263936606E+00  2.269952894E+00  2.241552700E+00  1.533117900E+00  3.654863600E-10
 2.562430300E-01  1.780131100E+00  2.486234800E+00  2.513466356E+00  2.508208044E+00  4.965836900E+01  2.508743433E+00  2.514803167E+00  2.486234800E+00  1.780131100E+00  2.562430300E-01
 5.437692300E-01  2.058455600E+00  2.762222000E+00  2.789584094E+00  2.784303806E+00  5.808658400E+01  2.784855661E+00  2.790958839E+00  2.762222000E+00  2.058455600E+00  5.437692300E-01
 8.651817900E-01  2.370696000E+00  3.072119300E+00  3.099610922E+00  3.094309678E+00  6.757627700E+01  3.094878389E+00  3.101025011E+00  3.072119300E+00  2.370696000E+00  8.651817900E-01
 1.223247700E+00  2.719620600E+00  3.418695400E+00  3.446315644E+00  3.440993956E+00  7.822574900E+01  3.441580322E+00  3.447769878E+00  3.418695400E+00  2.719620600E+00  1.223247700E+00
 1.620904900E+00  3.108169000E+00  3.804889800E+00  3.832637861E+00  3.827296239E+00  9.013808800E+01  3.827900856E+00  3.834133344E+00  3.804889800E+00  3.108169000E+00  1.620904900E+00
 2.061270800E+00  3.539459100E+00  4.233820900E+00  4.261695667E+00  4.256335133E+00  1.034210200E+02  4.256958183E+00  4.263234117E+00  4.233820900E+00  3.539459100E+00  2.061270800E+00
 2.547649100E+00  4.016796200E+00  4.708794100E+00  4.736794567E+00  4.731415633E+00  1.181867200E+02  4.732058322E+00  4.738376678E+00  4.708794100E+00  4.016796200E+00  2.547649100E+00
 3.083539400E+00  4.543680300E+00  5.233309700E+00  5.261434961E+00  5.256038139E+00  1.345516600E+02  5.256700550E+00  5.263062350E+00  5.233309700E+00  4.543680300E+00  3.083539400E+00
 3.672644400E+00  5.123815200E+00  5.811071400E+00  5.839320039E+00  5.833906861E+00  1.526363300E+02  5.834589483E+00  5.840994217E+00  5.811071400E+00  5.123815200E+00  3.672644400E+00
 4.318879100E+00  5.761116400E+00  6.445995200E+00  6.474366111E+00  6.468937089E+00  1.725650500E+02  6.469640717E+00  6.476088383E+00  6.445995200E+00  5.761116400E+00  4.318879100E+00
 5.026379300E+00  6.459720500E+00  7.142217500E+00  7.170709678E+00  7.165265322E+00  1.944657100E+02  7.165990750E+00  7.172481350E+00  7.142217500E+00  6.459720500E+00  5.026379300E+00
 5.798791800E+00  7.223274400E+00  7.903385400E+00  7.931997633E+00  7.926538967E+00  2.184640700E+02  7.927286989E+00  7.933820011E+00  7.903385400E+00  7.223274400E+00  5.798791800E+00
 6.641400700E+00  8.057062700E+00  8.734783700E+00  8.763514678E+00  8.758042722E+00  2.446989300E+02  8.758813828E+00  8.765389272E+00  8.734783700E+00  8.057062700E+00  6.641400700E+00
 7.558665700E+00  8.965545400E+00  9.640872400E+00  9.669720811E+00  9.664236589E+00  2.733043400E+02  9.665031161E+00  9.671649539E+00  9.640872400E+00  8.965545400E+00  7.558665700E+00
 8.555517900E+00  9.953654100E+00  1.062658300E+01  1.065554978E+01  1.065005022E+01  3.044180600E+02  1.065087161E+01  1.065753139E+01  1.062658300E+01  9.953654100E+00  8.555517900E+00
 9.637105900E+00  1.102653800E+01  1.169706500E+01  1.172614383E+01  1.172063917E+01  3.381795000E+02  1.172148111E+01  1.172818689E+01  1.169706500E+01  1.102653800E+01  9.637105900E+00
 1.080879800E+01  1.218956400E+01  1.285768600E+01  1.288687894E+01  1.288136406E+01  3.747293300E+02  1.288223267E+01  1.288897933E+01  1.285768600E+01  1.218956400E+01  1.080879800E+01
 1.207618400E+01  1.344832400E+01  1.411403600E+01  1.414334206E+01  1.413781694E+01  4.142090500E+02  1.413871422E+01  1.414550178E+01  1.411403600E+01  1.344832400E+01  1.207618400E+01
 1.344507500E+01  1.480862900E+01  1.547192800E+01  1.550134411E+01  1.549581389E+01  4.567606200E+02  1.549673572E+01  1.550356928E+01  1.547192800E+01  1.480862900E+01  1.344507500E+01
 1.492151000E+01  1.627651600E+01  1.693739900E+01  1.696692622E+01  1.696138578E+01  5.025260400E+02  1.696233828E+01  1.696921272E+01  1.693739900E+01  1.627651600E+01  1.492151000E+01
 1.651082700E+01  1.785732500E+01  1.851578900E+01  1.854542328E+01  1.853987772E+01  5.516440400E+02  1.854085778E+01  1.854777822E+01  1.851578900E+01  1.785732500E+01  1.651082700E+01
 1.821990400E+01  1.955793400E+01  2.021397400E+01  2.024371633E+01  2.023816567E+01  6.042533000E+02  2.023917633E+01  2.024613767E+01  2.021397400E+01  1.955793400E+01  1.821990400E+01
 2.005542600E+01  2.138502800E+01  2.203864100E+01  2.206848939E+01  2.206293361E+01  6.604954700E+02  2.206397689E+01  2.207097911E+01  2.203864100E+01  2.138502800E+01  2.005542600E+01
 2.202417700E+01  2.334539000E+01  2.399657300E+01  2.402652744E+01  2.402096656E+01  7.205078100E+02  2.402204039E+01  2.402908861E+01  2.399657300E+01  2.334539000E+01  2.202417700E+01
 2.413286700E+01  2.544573200E+01  2.609448200E+01  2.612453844E+01  2.611897756E+01  7.844232900E+02  2.612008394E+01  2.612717306E+01  2.609448200E+01  2.544573200E+01  2.413286700E+01
 2.638852600E+01  2.769308400E+01  2.833939800E+01  2.836955444E+01  2.836399356E+01  8.523731600E+02  2.836512939E+01  2.837226961E+01  2.833939800E+01  2.769308400E+01  2.638852600E+01
 2.879833700E+01  3.009462700E+01  3.073850100E+01  3.076875844E+01  3.076319756E+01  9.244852600E+02  3.076436894E+01  3.077155006E+01  3.073850100E+01  3.009462700E+01  2.879833700E+01
 3.136962500E+01  3.265768900E+01  3.329912100E+01  3.332947744E+01  3.332391656E+01  1.000883700E+03  3.332512550E+01  3.333234750E+01  3.329912100E+01  3.265768900E+01  3.136962500E+01
 3.410985300E+01  3.538973100E+01  3.602871900E+01  3.605917444E+01  3.605361356E+01  1.081688100E+03  3.605485594E+01  3.606212906E+01  3.602871900E+01  3.538973100E+01  3.410985300E+01
 3.702510800E+01  3.829684300E+01  3.893338300E+01  3.896393133E+01  3.895838067E+01  1.167012900E+03  3.895965850E+01  3.896697250E+01  3.893338300E+01  3.829684300E+01  3.702510800E+01
 4.012496000E+01  4.138859300E+01  4.202268400E+01  4.205332933E+01  4.204777867E+01  1.256971300E+03  4.204909600E+01  4.205645600E+01  4.202268400E+01  4.138859300E+01  4.012496000E+01
 4.341559000E+01  4.467116300E+01  4.530280400E+01  4.533354228E+01  4.532799672E+01  1.351663800E+03  4.532935350E+01  4.533675950E+01  4.530280400E+01  4.467116300E+01  4.341559000E+01
 3.335467800E-10  1.409309300E+00  2.090670300E+00  2.119810117E+00  2.114086183E+00  3.906356700E+01  2.114699539E+00  2.121338361E+00  2.090670300E+00  1.409309300E+00  3.335419100E-10
 2.334288000E-01  1.634167900E+00  2.313149700E+00  2.342405967E+00  2.336668233E+00  4.582028400E+01  2.337301817E+00  2.343979483E+00  2.313149700E+00  1.634167900E+00  2.334288000E-01
 4.944563600E-01  1.886651700E+00  2.563247600E+00  2.592619106E+00  2.586868594E+00  5.342720600E+01  2.587522894E+00  2.594239406E+00  2.563247600E+00  1.886651700E+00  4.944563600E-01
 7.852812600E-01  2.168960500E+00  2.843164500E+00  2.872649733E+00  2.866887467E+00  6.196249900E+01  2.867563278E+00  2.874318122E+00  2.843164500E+00  2.168960500E+00  7.852812600E-01
 1.108233000E+00  2.483425200E+00  3.155231300E+00  3.184829256E+00  3.179055744E+00  7.150795500E+01  3.179753656E+00  3.186547344E+00  3.155231300E+00  2.483425200E+00  1.108233000E+00
 1.465777100E+00  2.832512600E+00  3.501915200E+00  3.531624467E+00  3.525840733E+00  8.214883300E+01  3.526561233E+00  3.533393767E+00  3.501915200E+00  2.832512600E+00  1.465777100E+00
 1.860521000E+00  3.218830900E+00  3.885824700E+00  3.915643867E+00  3.909850933E+00  9.397369500E+01  3.910594711E+00  3.917466089E+00  3.885824700E+00  3.218830900E+00  1.860521000E+00
 2.295219000E+00  3.645135400E+00  4.309715400E+00  4.339643261E+00  4.333841639E+00  1.070742000E+02  4.334609794E+00  4.341519506E+00  4.309715400E+00  3.645135400E+00  2.295219000E+00
 2.772778400E+00  4.114334300E+00  4.776495500E+00  4.806530644E+00  4.800721356E+00  1.215449200E+02  4.801514272E+00  4.808462828E+00  4.776495500E+00  4.114334300E+00  2.772778400E+00
 3.296264700E+00  4.629493800E+00  5.289231600E+00  5.319372311E+00  5.313556889E+00  1.374830800E+02  5.314375256E+00  5.321362144E+00  5.289231600E+00  4.629493800E+00  3.296264700E+00
 3.868907800E+00  5.193844400E+00  5.851154300E+00  5.881399372E+00  5.875578328E+00  1.549883600E+02  5.876422628E+00  5.883448872E+00  5.851154300E+00  5.193844400E+00  3.868907800E+00
 4.494107200E+00  5.810786300E+00  6.465663900E+00  6.496011822E+00  6.490186178E+00  1.741626000E+02  6.491057711E+00  6.498122289E+00  6.465663900E+00  5.810786300E+00  4.494107200E+00
 5.174841700E+00  6.483298300E+00  7.135739400E+00  7.166189067E+00  7.160359333E+00  1.951055900E+02  7.161258583E+00  7.168362517E+00  7.135739400E+00  6.483298300E+00  5.174841700E+00
 5.915434800E+00  7.215704500E+00  7.865705000E+00  7.896254389E+00  7.890422611E+00  2.179262000E+02  7.891350467E+00  7.898492733E+00  7.865705000E+00  7.215704500E+00  5.915434800E+00
 6.719506000E+00  8.011624600E+00  8.659180700E+00  8.689828811E+00  8.683994989E+00  2.427291600E+02  8.684952239E+00  8.692133861E+00  8.659180700E+00  8.011624600E+00  6.719506000E+00
 7.591047100E+00  8.875051000E+00  9.520158700E+00  9.550904122E+00  9.545069278E+00  2.696212300E+02  9.546057117E+00  9.553277583E+00  9.520158700E+00  8.875051000E+00  7.591047100E+00
 8.534209400E+00  9.810134800E+00  1.045279100E+01  1.048363039E+01  1.047779861E+01  2.987096900E+02  1.047881711E+01  1.048607489E+01  1.045279100E+01  9.810134800E+00  8.534209400E+00
 9.553303100E+00  1.082118700E+01  1.146138700E+01  1.149232139E+01  1.148648961E+01  3.301019300E+02  1.148753967E+01  1.149483833E+01  1.146138700E+01  1.082118700E+01  9.553303100E+00
 1.065279800E+01  1.191267600E+01  1.255041700E+01  1.258144539E+01  1.257561361E+01  3.639051400E+02  1.257670028E+01  1.258403472E+01  1.255041700E+01  1.191267600E+01  1.065279800E+01
 1.183732000E+01  1.308923100E+01  1.372450900E+01  1.375562833E+01  1.374980167E+01  4.002259500E+02  1.375091778E+01  1.375829822E+01  1.372450900E+01  1.308923100E+01  1.183732000E+01
 1.311165700E+01  1.435563600E+01  1.498844900E+01  1.501965728E+01  1.501383572E+01  4.391701000E+02  1.501498633E+01  1.502240767E+01  1.498844900E+01  1.435563600E+01  1.311165700E+01
 1.448001500E+01  1.571609900E+01  1.634644300E+01  1.637774022E+01  1.637192378E+01  4.808404700E+02  1.637310989E+01  1.638057211E+01  1.634644300E+01  1.571609900E+01  1.448001500E+01
 1.594781000E+01  1.717603700E+01  1.780390900E+01  1.783529317E+01  1.782948183E+01  5.253384900E+02  1.783070850E+01  1.783820650E+01  1.780390900E+01  1.717603700E+01  1.594781000E+01
 1.752027000E+01  1.874067700E+01  1.936607400E+01  1.939754306E+01  1.939174194E+01  5.727665300E+02  1.939300200E+01  1.940054600E+01  1.936607400E+01  1.874067700E+01  1.752027000E+01
 1.920267300E+01  2.041529700E+01  2.103821600E+01  2.106976794E+01  2.106397706E+01  6.232227300E+02  2.106527761E+01  2.107285739E+01  2.103821600E+01  2.041529700E+01  1.920267300E+01
 2.100021400E+01  2.220509200E+01  2.282553100E+01  2.285716789E+01  2.285138211E+01  6.768014400E+02  2.285272311E+01  2.286034889E+01  2.282553100E+01  2.220509200E+01  2.100021400E+01
 2.291831000E+01  2.411548100E+01  2.473343700E+01  2.476515578E+01  2.475938022E+01  7.335944400E+02  2.476076572E+01  2.476842728E+01  2.473343700E+01  2.411548100E+01  2.291831000E+01
 2.496246900E+01  2.615196900E+01  2.676744100E+01  2.679923661E+01  2.679347639E+01  7.936899200E+02  2.679490022E+01  2.680260778E+01  2.676744100E+01  2.615196900E+01  2.496246900E+01
 2.713827500E+01  2.832014300E+01  2.893312700E+01  2.896500350E+01  2.895925350E+01  8.571721900E+02  2.896072278E+01  2.896847122E+01  2.893312700E+01  2.832014300E+01  2.713827500E+01
 2.945138700E+01  3.062566200E+01  3.123615700E+01  3.126810933E+01  3.126237467E+01  9.241212200E+02  3.126388933E+01  3.127167867E+01  3.123615700E+01  3.062566200E+01  2.945138700E+01
 3.190639200E+01  3.307311300E+01  3.368111700E+01  3.371314517E+01  3.370742583E+01  9.946141900E+02  3.370898483E+01  3.371682017E+01  3.368111700E+01  3.307311300E+01  3.190639200E+01
 3.451047400E+01  3.566968000E+01  3.627519200E+01  3.630729194E+01  3.630159306E+01  1.068720900E+03  3.630319633E+01  3.631107767E+01  3.627519200E+01  3.566968000E+01  3.451047400E+01
 3.726825200E+01  3.841998300E+01  3.902300200E+01  3.905517578E+01  3.904949222E+01  1.146507600E+03  3.905114383E+01  3.905907117E+01  3.902300200E+01  3.841998300E+01  3.726825200E+01
 3.039473900E-10  1.294245100E+00  1.948067500E+00  1.979167306E+00  1.973030394E+00  3.612398100E+01  1.973762956E+00  1.980970644E+00  1.948067500E+00  1.294245100E+00  3.039519100E-10
 2.123292800E-01  1.498623000E+00  2.150002200E+00  2.181194628E+00  2.175055672E+00  4.223235100E+01  2.175813394E+00  2.183054306E+00  2.150002200E+00  1.498623000E+00  2.123292800E-01
 4.489339400E-01  1.727300800E+00  2.376230400E+00  2.407513733E+00  2.401374267E+00  4.908473200E+01  2.402157939E+00  2.409431561E+00  2.376230400E+00  1.727300800E+00  4.489339400E-01
 7.116603000E-01  1.982126400E+00  2.628600200E+00  2.659973439E+00  2.653833461E+00  5.674604700E+01  2.654644283E+00  2.661950617E+00  2.628600100E+00  1.982126400E+00  7.116603000E-01
 1.002458200E+00  2.265050500E+00  2.909062800E+00  2.940524328E+00  2.934385372E+00  6.528379800E+01  2.935223622E+00  2.942563178E+00  2.909062800E+00  2.265050500E+00  1.002458200E+00
 1.323384400E+00  2.578131300E+00  3.219676500E+00  3.251224806E+00  3.245087894E+00  7.476790100E+01  3.245954256E+00  3.253327544E+00  3.219676500E+00  2.578131300E+00  1.323384400E+00
 1.676606400E+00  2.923537000E+00  3.562610100E+00  3.594243978E+00  3.588109622E+00  8.527050700E+01  3.589005700E+00  3.596411700E+00  3.562610100E+00  2.923537000E+00  1.676606400E+00
 2.064406100E+00  3.303550400E+00  3.940146600E+00  3.971864028E+00  3.965734272E+00  9.686580400E+01  3.966659933E+00  3.974099667E+00  3.940146600E+00  3.303550400E+00  2.064406100E+00
 2.489183100E+00  3.720572000E+00  4.354686700E+00  4.386486678E+00  4.380361522E+00  1.096298100E+02  4.381318472E+00  4.388791428E+00  4.354686700E+00  3.720572000E+00  2.489183100E+00
 2.953458600E+00  4.177123500E+00  4.808752500E+00  4.840633617E+00  4.834514083E+00  1.236401500E+02  4.835502700E+00  4.843009900E+00  4.808752500E+00  4.177123500E+00  2.953458600E+00
 3.459878900E+00  4.675851800E+00  5.304991100E+00  5.336951539E+00  5.330839161E+00  1.389758500E+02  5.331860533E+00  5.339401467E+00  5.304991100E+00  4.675851800E+00  3.459878900E+00
 4.011218500E+00  5.219532000E+00  5.846177700E+00  5.878216050E+00  5.872111850E+00  1.557170600E+02  5.873166761E+00  5.880741939E+00  5.846177700E+00  5.219532000E+00  4.011218500E+00
 4.609894000E+00  5.810580900E+00  6.434729300E+00  6.466844456E+00  6.460748944E+00  1.739420500E+02  6.461838689E+00  6.469448111E+00  6.434729300E+00  5.810580900E+00  4.609894000E+00
 5.259415200E+00  6.452508600E+00  7.074156300E+00  7.106346650E+00  7.100260850E+00  1.937349900E+02  7.101386411E+00  7.109030589E+00  7.074156300E+00  6.452508600E+00  5.259415200E+00
 5.962697100E+00  7.148230500E+00  7.767374300E+00  7.799638228E+00  7.793563672E+00  2.151765600E+02  7.794725833E+00  7.802404767E+00  7.767374300E+00  7.148230500E+00  5.962697100E+00
 6.722945100E+00  7.900952500E+00  8.517589200E+00  8.549925294E+00  8.543863006E+00  2.383483100E+02  8.545062750E+00  8.552776950E+00  8.517589200E+00  7.900952500E+00  6.722945100E+00
 7.543478400E+00  8.713993600E+00  9.328120300E+00  9.360527150E+00  9.354478150E+00  2.633314200E+02  9.355716561E+00  9.363466539E+00  9.328120300E+00  8.713993600E+00  7.543478400E+00
 8.427728100E+00  9.590785200E+00  1.020239900E+01  1.023487356E+01  1.022884244E+01  2.902065200E+02  1.023011733E+01  1.023790667E+01  1.020239900E+01  9.590785200E+00  8.427728100E+00
 9.379235700E+00  1.053486900E+01  1.114396800E+01  1.117651244E+01  1.117049156E+01  3.190532900E+02  1.117181300E+01  1.117963300E+01  1.114396800E+01  1.053486900E+01  9.379235700E+00
 1.040165100E+01  1.154989500E+01  1.215647600E+01  1.218908828E+01  1.218308272E+01  3.499502600E+02  1.218444456E+01  1.219230544E+01  1.215647600E+01  1.154989500E+01  1.040165100E+01
 1.149873200E+01  1.263962100E+01  1.324368200E+01  1.327635706E+01  1.327037194E+01  3.829744400E+02  1.327177617E+01  1.327967283E+01  1.324368200E+01  1.263962100E+01  1.149873200E+01
 1.267376000E+01  1.380732800E+01  1.440886700E+01  1.444160789E+01  1.443563811E+01  4.182005200E+02  1.443708672E+01  1.444502428E+01  1.440886700E+01  1.380732800E+01  1.267376000E+01
 1.393095700E+01  1.505723900E+01  1.565625300E+01  1.568905667E+01  1.568310733E+01  4.557007900E+02  1.568460233E+01  1.569257567E+01  1.565625300E+01  1.505723900E+01  1.393095700E+01
 1.527436600E+01  1.639339700E+01  1.698988600E+01  1.702274739E+01  1.701682361E+01  4.955471400E+02  1.701836494E+01  1.702637406E+01  1.698988600E+01  1.639339700E+01  1.527436600E+01
 1.670804600E+01  1.781986000E+01  1.841382100E+01  1.844674417E+01  1.844084083E+01  5.378075700E+02  1.844242950E+01  1.845047950E+01  1.841382100E+01  1.781986000E+01  1.670804600E+01
 1.823597300E+01  1.934060600E+01  1.993203700E+01  1.996501994E+01  1.995913706E+01  5.825468300E+02  1.996077706E+01  1.996886794E+01  1.993203700E+01  1.934060600E+01  1.823597300E+01
 1.986227000E+01  2.095975600E+01  2.154865800E+01  2.158169667E+01  2.157583933E+01  6.298267200E+02  2.157753167E+01  2.158565833E+01  2.154865800E+01  2.095975600E+01  1.986227000E+01
 2.159110300E+01  2.268147800E+01  2.326784800E+01  2.330094033E+01  2.329511367E+01  6.797055200E+02  2.329685317E+01  2.330502583E+01  2.326784800E+01  2.268147800E+01  2.159110300E+01
 2.342667400E+01  2.450997300E+01  2.509381100E+01  2.512696111E+01  2.512115489E+01  7.322377700E+02  2.512295172E+01  2.513116528E+01  2.509381100E+01  2.450997300E+01  2.342667400E+01
 2.537321200E+01  2.644947100E+01  2.703077600E+01  2.706397878E+01  2.705820322E+01  7.874739500E+02  2.706005428E+01  2.706830872E+01  2.703077600E+01  2.644947100E+01  2.537321200E+01
 2.743412400E+01  2.850337900E+01  2.908215200E+01  2.911540544E+01  2.910966056E+01  8.454636600E+02  2.911156578E+01  2.911986622E+01  2.908215200E+01  2.850337900E+01  2.743412400E+01
 2.961471300E+01  3.067700100E+01  3.125324100E+01  3.128654511E+01  3.128083089E+01  9.062453000E+02  3.128279328E+01  3.129113972E+01  3.125324100E+01  3.067700100E+01  2.961471300E+01
 3.191838100E+01  3.297373900E+01  3.354744800E+01  3.358080178E+01  3.357511822E+01  9.698602800E+02  3.357713978E+01  3.358553222E+01  3.354744800E+01  3.297373900E+01  3.191838100E+01
 2.765611600E-10  1.187403100E+00  1.812827900E+00  1.845626272E+00  1.839207228E+00  3.337073900E+01  1.840090478E+00  1.847765322E+00  1.812827900E+00  1.187403100E+00  2.765635100E-10
 1.928376100E-01  1.372868100E+00  1.995776400E+00  2.028636744E+00  2.022229456E+00  3.888218100E+01  2.023144489E+00  2.030845911E+00  1.995776400E+00  1.372868100E+00  1.928376100E-01
 4.069587000E-01  1.579639600E+00  2.200025600E+00  2.232946911E+00  2.226551889E+00  4.504217700E+01  2.227499900E+00  2.235227900E+00  2.200025600E+00  1.579639600E+00  4.069587000E-01
 6.439040800E-01  1.809259700E+00  2.427118100E+00  2.460098456E+00  2.453717744E+00  5.190417800E+01  2.454698800E+00  2.462454400E+00  2.427118100E+00  1.809259700E+00  6.439040800E-01
 9.052952900E-01  2.063350900E+00  2.678676800E+00  2.711715500E+00  2.705349100E+00  5.952338300E+01  2.706364800E+00  2.714148000E+00  2.678676700E+00  2.063350900E+00  9.052952900E-01
 1.192836900E+00  2.343618700E+00  2.956407600E+00  2.989503128E+00  2.983152572E+00  6.795656700E+01  2.984203900E+00  2.992014700E+00  2.956407600E+00  2.343618700E+00  1.192836900E+00
 1.508318500E+00  2.651853900E+00  3.262101600E+00  3.295252950E+00  3.288918750E+00  7.726190700E+01  3.290006794E+00  3.297845706E+00  3.262101600E+00  2.651853900E+00  1.508318500E+00
 1.853617300E+00  2.989934200E+00  3.597637000E+00  3.630842961E+00  3.624526139E+00  8.749879300E+01  3.625651883E+00  3.633519417E+00  3.597637000E+00  2.989934200E+00  1.853617300E+00
 2.230699900E+00  3.359827000E+00  3.964981400E+00  3.998240456E+00  3.991942544E+00  9.872763100E+01  3.993106767E+00  4.001003433E+00  3.964981400E+00  3.359827000E+00  2.230699900E+00
 2.641624200E+00  3.763590900E+00  4.366193800E+00  4.399504944E+00  4.393226456E+00  1.110096400E+02  4.394430444E+00  4.402356756E+00  4.366193800E+00  3.763590900E+00  2.641624200E+00
 3.088541800E+00  4.203377800E+00  4.803426500E+00  4.836788217E+00  4.830530683E+00  1.244066400E+02  4.831775317E+00  4.839731783E+00  4.803426400E+00  4.203377800E+00  3.088541800E+00
 3.573699000E+00  4.681434800E+00  5.278926600E+00  5.312338083E+00  5.306102017E+00  1.389808600E+02  5.307389194E+00  5.315375306E+00  5.278926600E+00  4.681434800E+00  3.573699000E+00
 4.099041500E+00  5.199707600E+00  5.794640200E+00  5.828100239E+00  5.821886661E+00  1.547928300E+02  5.823217056E+00  5.831234344E+00  5.794640200E+00  5.199707600E+00  4.099041500E+00
 4.667393300E+00  5.761020600E+00  6.353391900E+00  6.386899078E+00  6.380709522E+00  1.719065200E+02  6.382084111E+00  6.390133089E+00  6.353391900E+00  5.761020600E+00  4.667393300E+00
 5.281081900E+00  6.367701500E+00  6.957509700E+00  6.991062700E+00  6.984898700E+00  1.903831000E+02  6.986318561E+00  6.994399739E+00  6.957509700E+00  6.367701500E+00  5.281081900E+00
 5.942657700E+00  7.022301200E+00  7.609544700E+00  7.643142922E+00  7.637004478E+00  2.102836900E+02  7.638471406E+00  7.646585294E+00  7.609544700E+00  7.022301200E+00  5.942657700E+00
 6.654749700E+00  7.727448600E+00  8.312126000E+00  8.345768028E+00  8.339656672E+00  2.316685800E+02  8.341171844E+00  8.349318956E+00  8.312126000E+00  7.727448600E+00  6.654749700E+00
 7.420062100E+00  8.485848300E+00  9.067958500E+00  9.101643017E+00  9.095560283E+00  2.545969800E+02  9.097124472E+00  9.105305828E+00  9.067958500E+00  8.485848300E+00  7.420062100E+00
 8.241372900E+00  9.300278300E+00  9.879820200E+00  9.913546706E+00  9.907492594E+00  2.791268000E+02  9.909107894E+00  9.917324006E+00  9.879820100E+00  9.300278300E+00  8.241372900E+00
 9.121530700E+00  1.017358700E+01  1.075056000E+01  1.078432544E+01  1.077830456E+01  3.053144000E+02  1.077996928E+01  1.078822372E+01  1.075056000E+01  1.017358700E+01  9.121530700E+00
 1.006345200E+01  1.110869100E+01  1.168309500E+01  1.171690011E+01  1.171090989E+01  3.332143800E+02  1.171262889E+01  1.172091911E+01  1.168309500E+01  1.110869100E+01  1.006345200E+01
 1.106966800E+01  1.210812300E+01  1.267995600E+01  1.271380178E+01  1.270784222E+01  3.628794600E+02  1.270961750E+01  1.271794350E+01  1.267995600E+01  1.210812300E+01  1.106966800E+01
 1.214343300E+01  1.317513500E+01  1.374439800E+01  1.377828244E+01  1.377235356E+01  3.943594300E+02  1.377418811E+01  1.378254989E+01  1.374439800E+01  1.317513500E+01  1.214343300E+01
 1.328783200E+01  1.431281400E+01  1.487950700E+01  1.491342500E+01  1.490753700E+01  4.277028400E+02  1.490942567E+01  1.491782833E+01  1.487950700E+01  1.431281400E+01  1.328783200E+01
 1.450594600E+01  1.552424000E+01  1.608836200E+01  1.612231867E+01  1.611646133E+01  4.629548400E+02  1.611841122E+01  1.612685478E+01  1.608836200E+01  1.552424000E+01  1.450594600E+01
 1.580077500E+01  1.681241300E+01  1.737396600E+01  1.740795522E+01  1.740213878E+01  5.001578300E+02  1.740414878E+01  1.741263322E+01  1.737396600E+01  1.681241300E+01  1.580077500E+01
 1.717541100E+01  1.818042700E+01  1.873941200E+01  1.877343583E+01  1.876765517E+01  5.393511900E+02  1.876972628E+01  1.877825672E+01  1.873941200E+01  1.818042700E+01  1.717541100E+01
 1.863296000E+01  1.963138600E+01  2.018780300E+01  2.022185633E+01  2.021612167E+01  5.805710500E+02  2.021825483E+01  2.022682617E+01  2.018780300E+01  1.963138600E+01  1.863296000E+01
 2.017653100E+01  2.116839900E+01  2.172224900E+01  2.175633489E+01  2.175064111E+01  6.238500900E+02  2.175284139E+01  2.176145361E+01  2.172224900E+01  2.116839900E+01  2.017653100E+01
 2.180922900E+01  2.279457400E+01  2.334585900E+01  2.337997644E+01  2.337432356E+01  6.692173500E+02  2.337659189E+01  2.338525011E+01  2.334585900E+01  2.279457400E+01  2.180922900E+01
 2.353354300E+01  2.451239800E+01  2.506112000E+01  2.509526900E+01  2.508965700E+01  7.167023900E+02  2.509199333E+01  2.510070267E+01  2.506112000E+01  2.451239800E+01  2.353354300E+01
 2.535330900E+01  2.632570800E+01  2.687186900E+01  2.690604856E+01  2.690047744E+01  7.663215600E+02  2.690288783E+01  2.691164317E+01  2.687186900E+01  2.632570800E+01  2.535330900E+01
 2.727098700E+01  2.823696500E+01  2.878056800E+01  2.881477400E+01  2.880925400E+01  8.180984100E+02  2.881173533E+01  2.882053667E+01  2.878056800E+01  2.823696500E+01  2.727098700E+01
 2.512425000E-10  1.088271400E+00  1.684118900E+00  1.718117772E+00  1.711606728E+00  3.079501200E+01  1.712683589E+00  1.720670211E+00  1.684118900E+00  1.088271400E+00  2.512409300E-10
 1.748514500E-01  1.256290900E+00  1.849546900E+00  1.883580206E+00  1.877093694E+00  3.575750500E+01  1.878210439E+00  1.886220061E+00  1.849546900E+00  1.256290900E+00  1.748514500E-01
 3.682985200E-01  1.442927500E+00  2.033587800E+00  2.067654828E+00  2.061193872E+00  4.128294800E+01  2.062351583E+00  2.070384717E+00  2.033587800E+00  1.442927500E+00  3.682985200E-01
 5.816181000E-01  1.649459100E+00  2.237520100E+00  2.271620344E+00  2.265185456E+00  4.741490700E+01  2.266385317E+00  2.274442983E+00  2.237520100E+00  1.649459100E+00  5.816181000E-01
 8.161491100E-01  1.877225700E+00  2.462684400E+00  2.496816744E+00  2.490409456E+00  5.419803800E+01  2.491652444E+00  2.499735156E+00  2.462684400E+00  1.877225700E+00  8.161491100E-01
 1.073293700E+00  2.127630400E+00  2.710484200E+00  2.744647833E+00  2.738269167E+00  6.167793000E+01  2.739556361E+00  2.747665139E+00  2.710484200E+00  2.127630400E+00  1.073293700E+00
 1.354518600E+00  2.402140700E+00  2.982387400E+00  3.016581511E+00  3.010232489E+00  6.990093100E+01  3.011565378E+00  3.019700222E+00  2.982387400E+00  2.402140700E+00  1.354518600E+00
 1.661355800E+00  2.702289300E+00  3.279927200E+00  3.314151283E+00  3.307832417E+00  7.891398100E+01  3.309212078E+00  3.317374522E+00  3.279927200E+00  2.702289300E+00  1.661355800E+00
 1.995403900E+00  3.029675600E+00  3.604703200E+00  3.638956544E+00  3.632668856E+00  8.876442900E+01  3.634096772E+00  3.642287328E+00  3.604703200E+00  3.029675600E+00  1.995403900E+00
 2.358328800E+00  3.385965900E+00  3.958382400E+00  3.992663889E+00  3.986408911E+00  9.949985400E+01  3.987886261E+00  3.996105439E+00  3.958382400E+00  3.385965900E+00  2.358328800E+00
 2.751864600E+00  3.772894900E+00  4.342699600E+00  4.377008728E+00  4.370786972E+00  1.111678800E+02  4.372315339E+00  4.380564161E+00  4.342699600E+00  3.772894900E+00  2.751864600E+00
 3.177813900E+00  4.192265600E+00  4.759458100E+00  4.793793950E+00  4.787606950E+00  1.238160000E+02  4.789187306E+00  4.797466794E+00  4.759458200E+00  4.192265600E+00  3.177813900E+00
 3.637729500E+00  4.645631000E+00  5.210211300E+00  5.244573267E+00  5.238421533E+00  1.374902800E+02  5.240055561E+00  5.248366739E+00  5.210211300E+00  4.645631000E+00  3.637729500E+00
 4.133860800E+00  5.135240800E+00  5.697209100E+00  5.731596572E+00  5.725481128E+00  1.522383300E+02  5.727170511E+00  5.735513889E+00  5.697209100E+00  5.135240800E+00  4.133860800E+00
 4.668047900E+00  5.662935400E+00  6.222292300E+00  6.256704261E+00  6.250626639E+00  1.681055700E+02  6.252372244E+00  6.260749356E+00  6.222292300E+00  5.662935400E+00  4.668047900E+00
 5.242299200E+00  6.230723500E+00  6.787469700E+00  6.821905233E+00  6.815866967E+00  1.851368100E+02  6.817670372E+00  6.826081728E+00  6.787469700E+00  6.230723500E+00  5.242299200E+00
 5.858674100E+00  6.840664600E+00  7.394801200E+00  7.429259900E+00  7.423261500E+00  2.033757100E+02  7.425124589E+00  7.433571211E+00  7.394801200E+00  6.840664600E+00  5.858674100E+00
 6.519280500E+00  7.494866700E+00  8.046394900E+00  8.080876156E+00  8.074918644E+00  2.228646200E+02  8.076842689E+00  8.085326111E+00  8.046394900E+00  7.494866700E+00  6.519280500E+00
 7.226271500E+00  8.195483000E+00  8.744404400E+00  8.778907194E+00  8.772992106E+00  2.436443600E+02  8.774978883E+00  8.783499617E+00  8.744404400E+00  8.195483000E+00  7.226271500E+00
 7.981842600E+00  8.944709300E+00  9.491025500E+00  9.525549222E+00  9.519677578E+00  2.657540800E+02  9.521728661E+00  9.530288239E+00  9.491025500E+00  8.944709300E+00  7.981842600E+00
 8.788229000E+00  9.744780500E+00  1.028849400E+01  1.032303733E+01  1.031721067E+01  2.892310300E+02  1.031932650E+01  1.032792850E+01  1.028849400E+01  9.744780500E+00  8.788229000E+00
 9.647358200E+00  1.059762400E+01  1.113873600E+01  1.117329983E+01  1.116751917E+01  3.141111200E+02  1.116970511E+01  1.117834289E+01  1.113873600E+01  1.059762400E+01  9.647358200E+00
 1.056170200E+01  1.150571200E+01  1.204422600E+01  1.207880833E+01  1.207307367E+01  3.404269900E+02  1.207532761E+01  1.208401139E+01  1.204422600E+01  1.150571200E+01  1.056170200E+01
 1.153358000E+01  1.247136600E+01  1.300728300E+01  1.304188278E+01  1.303619922E+01  3.682096700E+02  1.303852211E+01  1.304725189E+01  1.300728300E+01  1.247136600E+01  1.153358000E+01
 1.256529400E+01  1.349688400E+01  1.403020800E+01  1.406482728E+01  1.405918972E+01  3.974872100E+02  1.406158867E+01  1.407035933E+01  1.403020800E+01  1.349688400E+01  1.256529400E+01
 1.365907100E+01  1.458449500E+01  1.511522900E+01  1.514986572E+01  1.514427928E+01  4.282855000E+02  1.514675317E+01  1.515556983E+01  1.511522900E+01  1.458449500E+01  1.365907100E+01
 1.481719000E+01  1.573648000E+01  1.626462700E+01  1.629928017E+01  1.629374483E+01  4.606274900E+02  1.629629461E+01  1.630516239E+01  1.626462700E+01  1.573648000E+01  1.481719000E+01
 1.604192200E+01  1.695510800E+01  1.748067200E+01  1.751534161E+01  1.750985739E+01  4.945332400E+02  1.751248606E+01  1.752140494E+01  1.748067200E+01  1.695510800E+01  1.604192200E+01
 1.733552300E+01  1.824263500E+01  1.876562000E+01  1.880030400E+01  1.879487600E+01  5.300197700E+02  1.879758450E+01  1.880655450E+01  1.876562000E+01  1.824263500E+01  1.733552300E+01
 1.870022700E+01  1.960129600E+01  2.012170600E+01  2.015640439E+01  2.015103261E+01  5.671009600E+02  2.015382394E+01  2.016284506E+01  2.012170600E+01  1.960129600E+01  1.870022700E+01
 2.013781100E+01  2.103286900E+01  2.155070900E+01  2.158542178E+01  2.158010622E+01  6.057921500E+02  2.158298439E+01  2.159205661E+01  2.155070900E+01  2.103286900E+01  2.013781100E+01
 2.165098000E+01  2.254005800E+01  2.305533300E+01  2.309006017E+01  2.308480083E+01  6.460947800E+02  2.308776678E+01  2.309689522E+01  2.305533300E+01  2.254005800E+01  2.165098000E+01
 2.324147800E+01  2.412460800E+01  2.463732300E+01  2.467206250E+01  2.466686450E+01  6.880199800E+02  2.466991406E+01  2.467910894E+01  2.463732300E+01  2.412460800E+01  2.324147800E+01
 2.278589900E-10  9.963570100E-01  1.561081000E+00  1.595843367E+00  1.589406433E+00  2.838817200E+01  1.590730594E+00  1.598909906E+00  1.561081000E+00  9.963570100E-01  2.278588500E-10
 1.582730900E-01  1.148301900E+00  1.710377700E+00  1.745160394E+00  1.738757706E+00  3.284647400E+01  1.740131822E+00  1.748336178E+00  1.710377700E+00  1.148301900E+00  1.582730900E-01
 3.327323800E-01  1.316452900E+00  1.875879200E+00  1.910681106E+00  1.904314194E+00  3.779114200E+01  1.905739033E+00  1.913969967E+00  1.875879200E+00  1.316452900E+00  3.327323800E-01
 5.244278000E-01  1.501861100E+00  2.058636800E+00  2.093457206E+00  2.087127094E+00  4.325727300E+01  2.088604644E+00  2.096862156E+00  2.058636800E+00  1.501861100E+00  5.244278000E-01
 7.344560400E-01  1.705623900E+00  2.259748900E+00  2.294586994E+00  2.288294706E+00  4.928055000E+01  2.289825833E+00  2.298111967E+00  2.259748900E+00  1.705623900E+00  7.344560400E-01
 9.639610200E-01  1.928886200E+00  2.480360600E+00  2.515215978E+00  2.508962022E+00  5.589709200E+01  2.510548922E+00  2.518863678E+00  2.480360600E+00  1.928886200E+00  9.639610200E-01
 1.214134300E+00  2.172840300E+00  2.721664700E+00  2.756536444E+00  2.750322356E+00  6.314330700E+01  2.751965994E+00  2.760310906E+00  2.721664700E+00  2.172840300E+00  1.214134300E+00
 1.486215400E+00  2.438726400E+00  2.984901900E+00  3.019788994E+00  3.013616306E+00  7.105573300E+01  3.015318361E+00  3.023693939E+00  2.984901900E+00  2.438726400E+00  1.486215400E+00
 1.781491800E+00  2.727832700E+00  3.271360800E+00  3.306262433E+00  3.300132167E+00  7.967088600E+01  3.301893806E+00  3.310302094E+00  3.271360800E+00  2.727832700E+00  1.781491800E+00
 2.101299300E+00  3.041495300E+00  3.582377900E+00  3.617293561E+00  3.611206739E+00  8.902510100E+01  3.613029744E+00  3.621471256E+00  3.582377900E+00  3.041495300E+00  2.101299300E+00
 2.447021600E+00  3.381098500E+00  3.919338000E+00  3.954266878E+00  3.948224522E+00  9.915437700E+01  3.950110772E+00  3.958586528E+00  3.919338000E+00  3.381098500E+00  2.447021600E+00
 2.820090300E+00  3.748074400E+00  4.283673300E+00  4.318614783E+00  4.312617917E+00  1.100942100E+02  4.314568983E+00  4.323080517E+00  4.283673300E+00  3.748074400E+00  2.820090300E+00
 3.221732400E+00  4.143649900E+00  4.676611100E+00  4.711564167E+00  4.705614833E+00  1.218789800E+02  4.707632289E+00  4.716180111E+00  4.676611100E+00  4.143649900E+00  3.221732400E+00
 3.653719200E+00  4.569596800E+00  5.099923600E+00  5.134887744E+00  5.128986456E+00  1.345431700E+02  5.131072072E+00  5.139658228E+00  5.099923600E+00  4.569596800E+00  3.653719200E+00
 4.117488700E+00  5.027353400E+00  5.555049300E+00  5.590024011E+00  5.584171789E+00  1.481196600E+02  5.586327444E+00  5.594952956E+00  5.555049300E+00  5.027353400E+00  4.117488700E+00
 4.614603600E+00  5.518482500E+00  6.043551200E+00  6.078535150E+00  6.072734550E+00  1.626403600E+02  6.074961300E+00  6.083627700E+00  6.043551200E+00  5.518482500E+00  4.614603600E+00
 5.146657000E+00  6.044577400E+00  6.567023000E+00  6.602016189E+00  6.596267211E+00  1.781358700E+02  6.598567744E+00  6.607276056E+00  6.567023000E+00  6.044577400E+00  5.146657000E+00
 5.715270000E+00  6.607259400E+00  7.127086100E+00  7.162087711E+00  7.156391889E+00  1.946353900E+02  7.158767872E+00  7.167519628E+00  7.127086100E+00  6.607259400E+00  5.715270000E+00
 6.322088700E+00  7.208174500E+00  7.725387000E+00  7.760396217E+00  7.754755083E+00  2.121665800E+02  7.757208283E+00  7.766005017E+00  7.725387000E+00  7.208174500E+00  6.322088700E+00
 6.968780800E+00  7.848990700E+00  8.363593700E+00  8.398610111E+00  8.393024689E+00  2.307553600E+02  8.395557178E+00  8.404400422E+00  8.363593700E+00  7.848990700E+00  6.968780800E+00
 7.657033200E+00  8.531394700E+00  9.043393200E+00  9.078416089E+00  9.072887911E+00  2.504258600E+02  9.075501656E+00  9.084392944E+00  9.043393200E+00  8.531394700E+00  7.657033200E+00
 8.388290300E+00  9.256831100E+00  9.766230300E+00  9.801258950E+00  9.795789550E+00  2.712012300E+02  9.798486211E+00  9.807427589E+00  9.766230300E+00  9.256831100E+00  8.388290300E+00
 9.164399200E+00  1.002714700E+01  1.053395200E+01  1.056898578E+01  1.056357822E+01  2.931013600E+02  1.056636028E+01  1.057535072E+01  1.053395200E+01  1.002714700E+01  9.164399200E+00
 9.987073800E+00  1.084405700E+01  1.134827400E+01  1.138331417E+01  1.137796283E+01  3.161443200E+02  1.138083367E+01  1.138988033E+01  1.134827400E+01  1.084405700E+01  9.987073800E+00
 1.085799800E+01  1.170924300E+01  1.221087800E+01  1.224592350E+01  1.224063350E+01  3.403457100E+02  1.224359611E+01  1.225269389E+01  1.221087800E+01  1.170924300E+01  1.085799800E+01
 1.177879400E+01  1.262433000E+01  1.312338800E+01  1.315843678E+01  1.315321322E+01  3.657194600E+02  1.315626344E+01  1.316542256E+01  1.312338800E+01  1.262433000E+01  1.177879400E+01
 1.275110500E+01  1.359096000E+01  1.408744900E+01  1.412250006E+01  1.411734294E+01  3.922768000E+02  1.412048783E+01  1.412970317E+01  1.408744900E+01  1.359096000E+01  1.275110500E+01
 1.377655400E+01  1.461075700E+01  1.510468200E+01  1.513973633E+01  1.513464567E+01  4.200264600E+02  1.513788717E+01  1.514716383E+01  1.510468200E+01  1.461075700E+01  1.377655400E+01
 1.485673700E+01  1.568531600E+01  1.617668500E+01  1.621173956E+01  1.620672044E+01  4.489746000E+02  1.621005950E+01  1.621939750E+01  1.617668500E+01  1.568531600E+01  1.485673700E+01
 1.599321900E+01  1.681620200E+01  1.730502200E+01  1.734008083E+01  1.733512817E+01  4.791247500E+02  1.733857083E+01  1.734797017E+01  1.730502200E+01  1.681620200E+01  1.599321900E+01
 1.718723600E+01  1.800465200E+01  1.849093000E+01  1.852598800E+01  1.852111200E+01  5.104824900E+02  1.852465306E+01  1.853412394E+01  1.849093000E+01  1.800465200E+01  1.718723600E+01
 1.844063000E+01  1.925251000E+01  1.973625400E+01  1.977131628E+01  1.976650672E+01  5.430397200E+02  1.977015733E+01  1.977969467E+01  1.973625400E+01  1.925251000E+01  1.844063000E+01
 1.975460300E+01  2.056097500E+01  2.104219400E+01  2.107725644E+01  2.107252356E+01  5.767992500E+02  2.107628056E+01  2.108588944E+01  2.104219400E+01  2.056097500E+01  1.975460300E+01
 2.062897100E-10  9.111809900E-01  1.443168500E+00  1.478587100E+00  1.472294300E+00  2.614167400E+01  1.473936733E+00  1.482296467E+00  1.443168500E+00  9.111809900E-01  2.062901100E-10
 1.430090900E-01  1.048330500E+00  1.577646900E+00  1.613067794E+00  1.606821506E+00  3.013750000E+01  1.608525717E+00  1.616914583E+00  1.577646900E+00  1.048330500E+00  1.430090900E-01
 3.000496300E-01  1.199529900E+00  1.726177400E+00  1.761599672E+00  1.755401428E+00  3.455135700E+01  1.757168989E+00  1.765588011E+00  1.726177400E+00  1.199529900E+00  3.000496300E-01
 4.719773100E-01  1.365635800E+00  1.889617200E+00  1.925040139E+00  1.918890961E+00  3.941113400E+01  1.920723750E+00  1.929173950E+00  1.889617200E+00  1.365635800E+00  4.719773100E-01
 6.596822300E-01  1.547539400E+00  2.068857900E+00  2.104280794E+00  2.098181706E+00  4.474492300E+01  2.100081800E+00  2.108564200E+00  2.068857900E+00  1.547539400E+00  6.596822300E-01
 8.640888400E-01  1.746165700E+00  2.264825200E+00  2.300247233E+00  2.294199767E+00  5.058089200E+01  2.296168328E+00  2.304684972E+00  2.264825200E+00  1.746165700E+00  8.640888400E-01
 1.086155800E+00  1.962474100E+00  2.478479000E+00  2.513899256E+00  2.507904944E+00  5.694715300E+01  2.509943844E+00  2.518495756E+00  2.478479000E+00  1.962474100E+00  1.086155800E+00
 1.326875600E+00  2.197457800E+00  2.710812900E+00  2.746230867E+00  2.740290733E+00  6.387163000E+01  2.742402050E+00  2.750990250E+00  2.710812900E+00  2.197457800E+00  1.326875600E+00
 1.587274500E+00  2.452143600E+00  2.962854000E+00  2.998268861E+00  2.992384439E+00  7.138192700E+01  2.994569633E+00  3.003196167E+00  2.962854000E+00  2.452143600E+00  1.587274500E+00
 1.868411700E+00  2.727591200E+00  3.235662500E+00  3.271073744E+00  3.265246056E+00  7.950519400E+01  3.267507711E+00  3.276173089E+00  3.235662500E+00  2.727591200E+00  1.868411700E+00
 2.171378900E+00  3.024892700E+00  3.530331000E+00  3.565737506E+00  3.559968594E+00  8.826800300E+01  3.562307967E+00  3.571014233E+00  3.530331000E+00  3.024892700E+00  2.171378900E+00
 2.497299500E+00  3.345171800E+00  3.847983400E+00  3.883385061E+00  3.877675439E+00  9.769621300E+01  3.880095006E+00  3.888843694E+00  3.847983400E+00  3.345171800E+00  2.497299500E+00
 2.847131700E+00  3.689387000E+00  4.189578300E+00  4.224974194E+00  4.219325906E+00  1.078148000E+02  4.221827328E+00  4.230619972E+00  4.189578300E+00  3.689387000E+00  2.847131700E+00
 3.222251600E+00  4.058914700E+00  4.556492600E+00  4.591882317E+00  4.586296383E+00  1.186479000E+02  4.588881728E+00  4.597720372E+00  4.556492600E+00  4.058914700E+00  3.222251600E+00
 3.623768200E+00  4.454864000E+00  4.949835700E+00  4.985218622E+00  4.979696578E+00  1.302185300E+02  4.982368217E+00  4.991253883E+00  4.949835700E+00  4.454864000E+00  3.623768200E+00
 4.052880000E+00  4.878433700E+00  5.370806400E+00  5.406182011E+00  5.400725389E+00  1.425484900E+02  5.403485078E+00  5.412420322E+00  5.370806400E+00  4.878433700E+00  4.052880000E+00
 4.510801300E+00  5.330838100E+00  5.820619600E+00  5.855987283E+00  5.850597617E+00  1.556583100E+02  5.853447422E+00  5.862433778E+00  5.820619600E+00  5.330838100E+00  4.510801300E+00
 4.998759300E+00  5.813304700E+00  6.300502700E+00  6.335861939E+00  6.330540761E+00  1.695671200E+02  6.333483250E+00  6.342522250E+00  6.300502700E+00  5.813304700E+00  4.998759300E+00
 5.517991700E+00  6.327071200E+00  6.811693700E+00  6.847044383E+00  6.841792717E+00  1.842925500E+02  6.844829950E+00  6.853924150E+00  6.811693700E+00  6.327071200E+00  5.517991700E+00
 6.069743600E+00  6.873382800E+00  7.355437900E+00  7.390779511E+00  7.385598889E+00  1.998505900E+02  7.388733433E+00  7.397884367E+00  7.355437900E+00  6.873382800E+00  6.069743600E+00
 6.655264300E+00  7.453488900E+00  7.932985000E+00  7.968317222E+00  7.963209178E+00  2.162555800E+02  7.966443194E+00  7.975652906E+00  7.932985000E+00  7.453488900E+00  6.655264300E+00
 7.275615700E+00  8.068451200E+00  8.545396800E+00  8.580719217E+00  8.575685283E+00  2.335212500E+02  8.579021333E+00  8.588291867E+00  8.545396800E+00  8.068451200E+00  7.275615700E+00
 7.932150900E+00  8.719623200E+00  9.194027000E+00  9.229339600E+00  9.224380800E+00  2.516581600E+02  9.227821039E+00  9.237155461E+00  9.194027000E+00  8.719623200E+00  7.932150900E+00
 8.626106900E+00  9.408241700E+00  9.880112500E+00  9.915414761E+00  9.910533139E+00  2.706750800E+02  9.914080433E+00  9.923479767E+00  9.880112500E+00  9.408241700E+00  8.626106900E+00
 9.358687000E+00  1.013551000E+01  1.060485700E+01  1.064014922E+01  1.063534478E+01  2.905788000E+02  1.063900311E+01  1.064846889E+01  1.060485700E+01  1.013551000E+01  9.358687000E+00
 1.013104300E+01  1.090258100E+01  1.136941300E+01  1.140469333E+01  1.139997067E+01  3.113748300E+02  1.140373933E+01  1.141327667E+01  1.136941300E+01  1.090258100E+01  1.013104300E+01
 1.094432800E+01  1.171060600E+01  1.217493300E+01  1.221020244E+01  1.220556156E+01  3.330663300E+02  1.220944456E+01  1.221905344E+01  1.217493300E+01  1.171060600E+01  1.094432800E+01
 1.179966700E+01  1.256071200E+01  1.302254300E+01  1.305780256E+01  1.305324344E+01  3.556543600E+02  1.305724372E+01  1.306692928E+01  1.302254300E+01  1.256071200E+01  1.179966700E+01
 1.269815300E+01  1.345399100E+01  1.391333600E+01  1.394858361E+01  1.394411139E+01  3.791378700E+02  1.394823089E+01  1.395799311E+01  1.391333600E+01  1.345399100E+01  1.269815300E+01
 1.364084400E+01  1.439150200E+01  1.484837100E+01  1.488360667E+01  1.487922133E+01  4.035136300E+02  1.488346506E+01  1.489330394E+01  1.484837100E+01  1.439150200E+01  1.364084400E+01
 1.462856700E+01  1.537407200E+01  1.582847500E+01  1.586370278E+01  1.585939922E+01  4.287808600E+02  1.586376706E+01  1.587369794E+01  1.582847500E+01  1.537407200E+01  1.462856700E+01
 1.566252200E+01  1.640290100E+01  1.685484900E+01  1.689006683E+01  1.688585017E+01  4.549258900E+02  1.689034917E+01  1.690036183E+01  1.685484900E+01  1.640290100E+01  1.566252200E+01
 1.674350500E+01  1.747878500E+01  1.792829000E+01  1.796349583E+01  1.795937117E+01  4.819462400E+02  1.796400222E+01  1.797410178E+01  1.792829000E+01  1.747878500E+01  1.674350500E+01
 1.864115500E-10  8.322779000E-01  1.329972400E+00  1.365857739E+00  1.359837361E+00  2.404730700E+01  1.361888056E+00  1.370374544E+00  1.329972400E+00  8.322779000E-01  1.864127200E-10
 1.289699300E-01  9.558233300E-01  1.450896300E+00  1.486761167E+00  1.480802633E+00  2.761944400E+01  1.482929678E+00  1.491450922E+00  1.450896300E+00  9.558233300E-01  1.289699300E-01
 2.700491800E-01  1.091495200E+00  1.583952500E+00  1.619796383E+00  1.613900717E+00  3.154881400E+01  1.616106283E+00  1.624663817E+00  1.583952500E+00  1.091495200E+00  2.700491800E-01
 4.239281000E-01  1.239984700E+00  1.729832800E+00  1.765655494E+00  1.759823206E+00  3.585721100E+01  1.762109772E+00  1.770705128E+00  1.729832800E+00  1.239984700E+00  4.239281000E-01
 5.913215400E-01  1.402007600E+00  1.889253400E+00  1.925053883E+00  1.919287017E+00  4.056636100E+01  1.921656239E+00  1.930291461E+00  1.889253400E+00  1.402007600E+00  5.913215400E-01
 7.729684600E-01  1.578303600E+00  2.062954300E+00  2.098732056E+00  2.093032144E+00  4.569780800E+01  2.095485883E+00  2.104163017E+00  2.062954300E+00  1.578303600E+00  7.729684600E-01
 9.696313900E-01  1.769635700E+00  2.251699100E+00  2.287453817E+00  2.281821883E+00  5.127280600E+01  2.284362711E+00  2.293083289E+00  2.251699100E+00  1.769635700E+00  9.696313900E-01
 1.182095900E+00  1.976790200E+00  2.456274500E+00  2.492005561E+00  2.486443139E+00  5.731220800E+01  2.489073017E+00  2.497839083E+00  2.456274500E+00  1.976790200E+00  1.182095900E+00
 1.411169700E+00  2.200575300E+00  2.677488900E+00  2.713196194E+00  2.707704306E+00  6.383636000E+01  2.710425294E+00  2.719239406E+00  2.677488900E+00  2.200575300E+00  1.411169700E+00
 1.657682200E+00  2.441820800E+00  2.916172500E+00  2.951855306E+00  2.946435994E+00  7.086499500E+01  2.949250561E+00  2.958113739E+00  2.916172500E+00  2.441820800E+00  1.657682200E+00
 1.922483000E+00  2.701376800E+00  3.173175600E+00  3.208833806E+00  3.203488094E+00  7.841712600E+01  3.206398294E+00  3.215313606E+00  3.173175600E+00  2.701376800E+00  1.922483000E+00
 2.206441300E+00  2.980112900E+00  3.449368200E+00  3.485001389E+00  3.479730811E+00  8.651094800E+01  3.482739311E+00  3.491708289E+00  3.449368200E+00  2.980112900E+00  2.206441300E+00
 2.510295200E+00  3.278767100E+00  3.745488300E+00  3.781096256E+00  3.775902344E+00  9.516401200E+01  3.779011506E+00  3.788036194E+00  3.745488300E+00  3.278767100E+00  2.510295200E+00
 2.835096800E+00  3.598392100E+00  4.062588900E+00  4.098171406E+00  4.093055694E+00  1.043923700E+02  4.096267772E+00  4.105350728E+00  4.062588900E+00  3.598392100E+00  2.835096800E+00
 3.181687800E+00  3.939829500E+00  4.401511900E+00  4.437068739E+00  4.432032761E+00  1.142113800E+02  4.435350111E+00  4.444493889E+00  4.401511900E+00  3.939829500E+00  3.181687800E+00
 3.550971600E+00  4.303983100E+00  4.763161100E+00  4.798692461E+00  4.793737239E+00  1.246351300E+02  4.797162828E+00  4.806369472E+00  4.763161100E+00  4.303983100E+00  3.550971600E+00
 3.943857300E+00  4.691761900E+00  5.148445900E+00  5.183951667E+00  5.179078733E+00  1.356764600E+02  5.182615017E+00  5.191887083E+00  5.148445900E+00  4.691761900E+00  3.943857300E+00
 4.361256400E+00  5.104077800E+00  5.558278000E+00  5.593757950E+00  5.588969350E+00  1.473469300E+02  5.592618678E+00  5.601958722E+00  5.558278000E+00  5.104077800E+00  4.361256400E+00
 4.804080800E+00  5.541842600E+00  5.993569500E+00  6.029023717E+00  6.024320983E+00  1.596567000E+02  6.028086011E+00  6.037496589E+00  5.993569500E+00  5.541842600E+00  4.804080800E+00
 5.273239900E+00  6.005965900E+00  6.455230100E+00  6.490658567E+00  6.486043233E+00  1.726144800E+02  6.489927022E+00  6.499410178E+00  6.455230100E+00  6.005965900E+00  5.273239900E+00
 5.769638300E+00  6.497352200E+00  6.944164400E+00  6.979567506E+00  6.975040594E+00  1.862274700E+02  6.979046000E+00  6.988604800E+00  6.944164400E+00  6.497352200E+00  5.769638300E+00
 6.294037400E+00  7.016763000E+00  7.461134100E+00  7.496511822E+00  7.492075378E+00  2.005026200E+02  7.496204844E+00  7.505842356E+00  7.461134100E+00  7.016763000E+00  6.294037400E+00
 6.847404300E+00  7.565165400E+00  8.007106200E+00  8.042458822E+00  8.038114378E+00  2.154438800E+02  8.042371167E+00  8.052089433E+00  8.007106200E+00  7.565165400E+00  6.847404300E+00
 7.430605500E+00  8.143426000E+00  8.582947500E+00  8.618275306E+00  8.614024394E+00  2.310535800E+02  8.618411150E+00  8.628213750E+00  8.582947500E+00  8.143426000E+00  7.430605500E+00
 8.044474500E+00  8.752378600E+00  9.189491800E+00  9.224795172E+00  9.220639328E+00  2.473324800E+02  9.225159511E+00  9.235048489E+00  9.189491800E+00  8.752378600E+00  8.044474500E+00
 8.689802100E+00  9.392813600E+00  9.827529900E+00  9.862808917E+00  9.858750183E+00  2.642804400E+02  9.863406233E+00  9.873385167E+00  9.827529800E+00  9.392813600E+00  8.689802100E+00
 9.367367900E+00  1.006551100E+01  1.049784200E+01  1.053309706E+01  1.052913594E+01  2.818953100E+02  1.053393356E+01  1.054400244E+01  1.049784200E+01  1.006551100E+01  9.367367900E+00
 1.007792100E+01  1.077122100E+01  1.120117700E+01  1.123640794E+01  1.123254906E+01  3.001732200E+02  1.123748444E+01  1.124765556E+01  1.120117700E+01  1.077122100E+01  1.007792100E+01
 1.082217800E+01  1.151065700E+01  1.193825100E+01  1.197346189E+01  1.196970011E+01  3.191086600E+02  1.197478439E+01  1.198505261E+01  1.193825100E+01  1.151065700E+01  1.082217800E+01
 1.160081600E+01  1.228450100E+01  1.270974300E+01  1.274492972E+01  1.274127528E+01  3.386943600E+02  1.274650933E+01  1.275687467E+01  1.270974300E+01  1.228450100E+01  1.160081600E+01
 1.241436200E+01  1.309327700E+01  1.351618100E+01  1.355134761E+01  1.354779539E+01  3.589256400E+02  1.355317911E+01  1.356365689E+01  1.351618100E+01  1.309327700E+01  1.241436200E+01
 1.326354300E+01  1.393771400E+01  1.435829000E+01  1.439343544E+01  1.438999056E+01  3.797861100E+02  1.439553300E+01  1.440611300E+01  1.435829000E+01  1.393771400E+01  1.326354300E+01
 1.414885900E+01  1.481831100E+01  1.523657300E+01  1.527169522E+01  1.526836278E+01  4.012702600E+02  1.527405972E+01  1.528475728E+01  1.523657300E+01  1.481831100E+01  1.414885900E+01
 1.681118600E-10  7.592038600E-01  1.222292800E+00  1.258368594E+00  1.252747906E+00  2.209583200E+01  1.255311100E+00  1.263913100E+00  1.222292800E+00  7.592038600E-01  1.681123600E-10
 1.160707300E-01  8.702543000E-01  1.330837700E+00  1.366865400E+00  1.361317800E+00  2.528040000E+01  1.363975056E+00  1.372627144E+00  1.330837700E+00  8.702543000E-01  1.160707300E-01
 2.425408900E-01  9.917199900E-01  1.449806000E+00  1.485785489E+00  1.480312511E+00  2.876827800E+01  1.483066389E+00  1.491770611E+00  1.449806000E+00  9.917199900E-01  2.425408900E-01
 3.799608500E-01  1.124152200E+00  1.579749400E+00  1.615680556E+00  1.610284244E+00  3.257615100E+01  1.613137206E+00  1.621895094E+00  1.579749400E+00  1.124152200E+00  3.799608500E-01
 5.288977100E-01  1.268118600E+00  1.721236300E+00  1.757118900E+00  1.751801300E+00  3.672044800E+01  1.754755394E+00  1.763569506E+00  1.721236300E+00  1.268118600E+00  5.288977100E-01
 6.899346300E-01  1.424203300E+00  1.874850800E+00  1.910685028E+00  1.905447672E+00  4.121724600E+01  1.908506172E+00  1.917377528E+00  1.874850800E+00  1.424203300E+00  6.899346300E-01
 8.636700900E-01  1.593005100E+00  2.041192600E+00  2.076978333E+00  2.071823267E+00  4.608218800E+01  2.074988117E+00  2.083919783E+00  2.041192600E+00  1.593005100E+00  8.636700900E-01
 1.050717200E+00  1.775137800E+00  2.220875400E+00  2.256613122E+00  2.251541878E+00  5.133038900E+01  2.254815839E+00  2.263809861E+00  2.220875400E+00  1.775137800E+00  1.050717200E+00
 1.251702500E+00  1.971228500E+00  2.414526700E+00  2.450216489E+00  2.445231111E+00  5.697635200E+01  2.448616633E+00  2.457675567E+00  2.414526700E+00  1.971228500E+00  1.251702500E+00
 1.467265400E+00  2.181916900E+00  2.622786500E+00  2.658428839E+00  2.653530861E+00  6.303389200E+01  2.657031006E+00  2.666156894E+00  2.622786500E+00  2.181916900E+00  1.467265400E+00
 1.698056700E+00  2.407854200E+00  2.846306300E+00  2.881901672E+00  2.877092628E+00  6.951604700E+01  2.880710456E+00  2.889905344E+00  2.846306300E+00  2.407854200E+00  1.698056700E+00
 1.944737600E+00  2.649702000E+00  3.085747900E+00  3.121296378E+00  3.116578822E+00  7.643501100E+01  3.120316778E+00  3.129583222E+00  3.085747900E+00  2.649702000E+00  1.944737600E+00
 2.207867000E+00  2.908019100E+00  3.341670100E+00  3.377172467E+00  3.372547933E+00  8.380253800E+01  3.376408667E+00  3.385749733E+00  3.341670100E+00  2.908019100E+00  2.207867000E+00
 2.488234100E+00  3.183595100E+00  3.614862900E+00  3.650319533E+00  3.645790067E+00  9.162850900E+01  3.649776528E+00  3.659194772E+00  3.614862800E+00  3.183595100E+00  2.488234100E+00
 2.786464800E+00  3.477056300E+00  3.905952400E+00  3.941364283E+00  3.936931417E+00  9.992243700E+01  3.941046967E+00  3.950544433E+00  3.905952400E+00  3.477056300E+00  2.786464800E+00
 3.103226400E+00  3.789069900E+00  4.215606200E+00  4.250973811E+00  4.246639589E+00  1.086926000E+02  4.250887072E+00  4.260466828E+00  4.215606200E+00  3.789069900E+00  3.103226400E+00
 3.439184000E+00  4.120301300E+00  4.544489600E+00  4.579813922E+00  4.575579878E+00  1.179461500E+02  4.579962444E+00  4.589627556E+00  4.544489600E+00  4.120301300E+00  3.439184000E+00
 3.794998800E+00  4.471411500E+00  4.893264000E+00  4.928545406E+00  4.924414094E+00  1.276890500E+02  4.928934589E+00  4.938687611E+00  4.893264000E+00  4.471411500E+00  3.794998800E+00
 4.171325400E+00  4.843055600E+00  5.262584100E+00  5.297824078E+00  5.293796522E+00  1.379260800E+02  5.298458600E+00  5.308302600E+00  5.262584100E+00  4.843055600E+00  4.171325400E+00
 4.568810300E+00  5.235879900E+00  5.653096500E+00  5.688295728E+00  5.684373972E+00  1.486607300E+02  5.689180778E+00  5.699118822E+00  5.653096500E+00  5.235879900E+00  4.568810300E+00
 4.988088800E+00  5.650519700E+00  6.065436600E+00  6.100596056E+00  6.096782144E+00  1.598952200E+02  6.101736617E+00  6.111772283E+00  6.065436600E+00  5.650519700E+00  4.988088800E+00
 5.429690000E+00  6.087504300E+00  6.500133600E+00  6.535254261E+00  6.531550239E+00  1.716317200E+02  6.536656028E+00  6.546791872E+00  6.500133600E+00  6.087504300E+00  5.429690000E+00
 5.894282400E+00  6.547502200E+00  6.957856000E+00  6.992939150E+00  6.989346550E+00  1.838697200E+02  6.994606794E+00  7.004846906E+00  6.957856000E+00  6.547502200E+00  5.894282400E+00
 6.382449500E+00  7.031097000E+00  7.439187600E+00  7.474234217E+00  7.470755083E+00  1.966073000E+02  7.476173633E+00  7.486520567E+00  7.439187600E+00  7.031097000E+00  6.382449500E+00
 6.894744100E+00  7.538841400E+00  7.944680900E+00  7.979692772E+00  7.976328128E+00  2.098413200E+02  7.981908322E+00  7.992366678E+00  7.944680900E+00  7.538841400E+00  6.894744100E+00
 7.431684400E+00  8.071253800E+00  8.474854500E+00  8.509832400E+00  8.506584800E+00  2.235680600E+02  8.512330383E+00  8.522902717E+00  8.474854500E+00  8.071253800E+00  7.431684400E+00
 7.993770500E+00  8.628834500E+00  9.030208700E+00  9.065154111E+00  9.062025089E+00  2.377821300E+02  9.067939500E+00  9.078629900E+00  9.030208700E+00  8.628834500E+00  7.993770500E+00
 8.581472500E+00  9.212053600E+00  9.611213600E+00  9.646127494E+00  9.643119606E+00  2.524768300E+02  9.649206378E+00  9.660018422E+00  9.611213600E+00  9.212053600E+00  8.581472500E+00
 9.195227600E+00  9.821348400E+00  1.021830700E+01  1.025318933E+01  1.025030667E+01  2.676441300E+02  1.025656811E+01  1.026750589E+01  1.021830700E+01  9.821348400E+00  9.195227600E+00
 9.835438000E+00  1.045712100E+01  1.085189000E+01  1.088674806E+01  1.088398294E+01  2.832747100E+02  1.089042872E+01  1.090149428E+01  1.085189000E+01  1.045712100E+01  9.835438000E+00
 1.050241200E+01  1.111968100E+01  1.151227300E+01  1.154710061E+01  1.154446839E+01  2.993617700E+02  1.155109222E+01  1.156229578E+01  1.151227300E+01  1.111968100E+01  1.050241200E+01
 1.119653600E+01  1.180941400E+01  1.219984300E+01  1.223464728E+01  1.223213772E+01  3.158882100E+02  1.223895172E+01  1.225029328E+01  1.219984300E+01  1.180941400E+01  1.119653600E+01
 1.191809900E+01  1.252661100E+01  1.291488800E+01  1.294966683E+01  1.294729017E+01  3.328470300E+02  1.295429622E+01  1.296577578E+01  1.291488800E+01  1.252661100E+01  1.191809900E+01
 1.512801500E-10  6.915572500E-01  1.120584300E+00  1.156266800E+00  1.151059600E+00  2.027906100E+01  1.154252594E+00  1.163140306E+00  1.120584300E+00  6.915572500E-01  1.512795400E-10
 1.042320600E-01  7.911437300E-01  1.217837900E+00  1.253444644E+00  1.248334556E+00  2.310968700E+01  1.251643950E+00  1.260590950E+00  1.217837900E+00  7.911437300E-01  1.042320600E-01
 2.173467500E-01  8.996274600E-01  1.323999300E+00  1.359531161E+00  1.354520739E+00  2.619594000E+01  1.357949383E+00  1.366957717E+00  1.323999300E+00  8.996274600E-01  2.173467500E-01
 3.397767500E-01  1.017441900E+00  1.439502200E+00  1.474960356E+00  1.470051644E+00  2.955026600E+01  1.473602389E+00  1.482674611E+00  1.439502200E+00  1.017441900E+00  3.397767500E-01
 4.719654000E-01  1.145031000E+00  1.564791000E+00  1.600177033E+00  1.595371567E+00  3.318473500E+01  1.599047056E+00  1.608186744E+00  1.564791000E+00  1.145031000E+00  4.719654000E-01
 6.143658900E-01  1.282848800E+00  1.700319700E+00  1.735634989E+00  1.730934811E+00  3.711096900E+01  1.734738400E+00  1.743947600E+00  1.700319700E+00  1.282848800E+00  6.143658900E-01
 7.674405100E-01  1.431357900E+00  1.846551300E+00  1.881797422E+00  1.877204578E+00  4.134007200E+01  1.881139417E+00  1.890420683E+00  1.846551300E+00  1.431357900E+00  7.674405100E-01
 9.316596700E-01  1.591029300E+00  2.003957100E+00  2.039135739E+00  2.034651761E+00  4.588256300E+01  2.038721000E+00  2.048077400E+00  2.003957100E+00  1.591029300E+00  9.316596700E-01
 1.107501000E+00  1.762341100E+00  2.173015200E+00  2.208128033E+00  2.203754967E+00  5.074831400E+01  2.207961650E+00  2.217396250E+00  2.173015200E+00  1.762341100E+00  1.107501000E+00
 1.295448200E+00  1.945777400E+00  2.354209800E+00  2.389258506E+00  2.384998394E+00  5.594648700E+01  2.389345767E+00  2.398861633E+00  2.354209800E+00  1.945777400E+00  1.295448200E+00
 1.495990100E+00  2.141827400E+00  2.548030200E+00  2.583016761E+00  2.578871139E+00  6.148547900E+01  2.583362444E+00  2.592963156E+00  2.548030200E+00  2.141827400E+00  1.495990100E+00
 1.709619200E+00  2.350983800E+00  2.754969300E+00  2.789895594E+00  2.785866506E+00  6.737286700E+01  2.790504989E+00  2.800193611E+00  2.754969300E+00  2.350983800E+00  1.709619200E+00
 1.936749800E+00  2.573661100E+00  2.975441500E+00  3.010309511E+00  3.006398489E+00  7.361596500E+01  3.011187694E+00  3.020967806E+00  2.975441500E+00  2.573661100E+00  1.936749800E+00
 2.177959900E+00  2.810437400E+00  3.210025000E+00  3.244836500E+00  3.241046100E+00  8.022003700E+01  3.245989267E+00  3.255863933E+00  3.210025000E+00  2.810437400E+00  2.177959900E+00
 2.433703600E+00  3.061767300E+00  3.459174200E+00  3.493931678E+00  3.490262922E+00  8.719025800E+01  3.495363694E+00  3.505337006E+00  3.459174200E+00  3.061767300E+00  2.433703600E+00
 2.704460300E+00  3.328130100E+00  3.723368800E+00  3.758074133E+00  3.754529067E+00  9.453064000E+01  3.759790983E+00  3.769866517E+00  3.723368800E+00  3.328130100E+00  2.704460300E+00
 2.990703200E+00  3.609999200E+00  4.003081800E+00  4.037737372E+00  4.034317528E+00  1.022442100E+02  4.039744433E+00  4.049925767E+00  4.003081800E+00  3.609999200E+00  2.990703200E+00
 3.292896800E+00  3.907839100E+00  4.298777900E+00  4.333385583E+00  4.330093517E+00  1.103329900E+02  4.335688744E+00  4.345979456E+00  4.298777900E+00  3.907839100E+00  3.292896800E+00
 3.611495700E+00  4.222104700E+00  4.610911600E+00  4.645474083E+00  4.642310817E+00  1.187979600E+02  4.648078206E+00  4.658482894E+00  4.610911600E+00  4.222104700E+00  3.611495700E+00
 3.946942400E+00  4.553238300E+00  4.939925700E+00  4.974444961E+00  4.971412539E+00  1.276390600E+02  4.977356028E+00  4.987878272E+00  4.939925700E+00  4.553238300E+00  3.946942400E+00
 4.299665700E+00  4.901668800E+00  5.286248600E+00  5.320727222E+00  5.317827178E+00  1.368551300E+02  5.323950706E+00  5.334594594E+00  5.286248600E+00  4.901668800E+00  4.299665700E+00
 4.670017100E+00  5.267747900E+00  5.650232100E+00  5.684672261E+00  5.681906639E+00  1.464451900E+02  5.688214039E+00  5.698983661E+00  5.650232100E+00  5.267747900E+00  4.670017100E+00
 5.058438100E+00  5.651917100E+00  6.032317600E+00  6.066721478E+00  6.064092322E+00  1.564059000E+02  6.070587322E+00  6.081487278E+00  6.032317600E+00  5.651917100E+00  5.058438100E+00
 5.465299600E+00  6.054547200E+00  6.432875800E+00  6.467245978E+00  6.464754822E+00  1.667327000E+02  6.471441761E+00  6.482476139E+00  6.432875800E+00  6.054547200E+00  5.465299600E+00
 5.890944800E+00  6.475981600E+00  6.852250200E+00  6.886589161E+00  6.884237539E+00  1.774201700E+02  6.891120244E+00  6.902294156E+00  6.852250200E+00  6.475981600E+00  5.890944800E+00
 6.335690400E+00  6.916537000E+00  7.290757300E+00  7.325067528E+00  7.322856972E+00  1.884625800E+02  7.329939983E+00  7.341257517E+00  7.290757300E+00  6.916537000E+00  6.335690400E+00
 6.799831400E+00  7.376508600E+00  7.748692300E+00  7.782976072E+00  7.780908628E+00  1.998528000E+02  7.788196278E+00  7.799661522E+00  7.748692300E+00  7.376508600E+00  6.799831400E+00
 7.283634900E+00  7.856163500E+00  8.226322200E+00  8.260582200E+00  8.258659400E+00  2.115827500E+02  8.266155611E+00  8.277774189E+00  8.226322200E+00  7.856163500E+00  7.283634900E+00
 7.787337900E+00  8.355739000E+00  8.723884400E+00  8.758123011E+00  8.756346389E+00  2.236433500E+02  8.764055694E+00  8.775832206E+00  8.723884400E+00  8.355739000E+00  7.787337900E+00
 8.311145800E+00  8.875440600E+00  9.241584300E+00  9.275804106E+00  9.274175194E+00  2.360245700E+02  9.282102228E+00  9.294041272E+00  9.241584300E+00  8.875440600E+00  8.311145800E+00
 8.855212500E+00  9.415422400E+00  9.779576100E+00  9.813779378E+00  9.812300222E+00  2.487187600E+02  9.820448900E+00  9.832556100E+00  9.779576000E+00  9.415422400E+00  8.855212500E+00
 9.419689400E+00  9.975836100E+00  1.033801100E+01  1.037220144E+01  1.037087256E+01  2.617094600E+02  1.037924956E+01  1.039152644E+01  1.033801100E+01  9.975836100E+00  9.419689400E+00
 1.000471800E+01  1.055682400E+01  1.091703300E+01  1.095121078E+01  1.095003522E+01  2.749892500E+02  1.095864261E+01  1.097109839E+01  1.091703300E+01  1.055682400E+01  1.000471800E+01
 1.358181300E-10  6.289517500E-01  1.025821200E+00  1.060258333E+00  1.055830067E+00  1.859005500E+01  1.059818539E+00  1.068849361E+00  1.025821200E+00  6.289517500E-01  1.358189700E-10
 9.337816800E-02  7.180308300E-01  1.112798200E+00  1.147159833E+00  1.142851167E+00  2.109782900E+01  1.146982889E+00  1.156091911E+00  1.112798200E+00  7.180308300E-01  9.337816800E-02
 1.942975400E-01  8.146646100E-01  1.207339000E+00  1.241627506E+00  1.237440994E+00  2.381922100E+01  1.241719000E+00  1.250909800E+00  1.207339000E+00  8.146646100E-01  1.942975400E-01
 3.030925700E-01  9.191882400E-01  1.309778900E+00  1.343997767E+00  1.339934433E+00  2.676320000E+01  1.344362572E+00  1.353638728E+00  1.309778900E+00  9.191882400E-01  3.030925700E-01
 4.201037200E-01  1.031942800E+00  1.420459300E+00  1.454611406E+00  1.450673294E+00  2.993829600E+01  1.455254800E+00  1.464620400E+00  1.420459300E+00  1.031942800E+00  4.201037200E-01
 5.456766900E-01  1.153274700E+00  1.539726800E+00  1.573814922E+00  1.570004078E+00  3.335254500E+01  1.574742589E+00  1.584201211E+00  1.539726800E+00  1.153274700E+00  5.456766900E-01
 6.801615600E-01  1.283534400E+00  1.667932200E+00  1.701959622E+00  1.698277578E+00  3.701343800E+01  1.703176939E+00  1.712732161E+00  1.667932200E+00  1.283534400E+00  6.801615600E-01
 8.239118800E-01  1.423076000E+00  1.805429600E+00  1.839399506E+00  1.835847794E+00  4.092787400E+01  1.840911744E+00  1.850567656E+00  1.805429600E+00  1.423076000E+00  8.239118800E-01
 9.772837200E-01  1.572255900E+00  1.952575600E+00  1.986490556E+00  1.983072244E+00  4.510211100E+01  1.988304211E+00  1.998064389E+00  1.952575600E+00  1.572255900E+00  9.772837200E-01
 1.140634600E+00  1.731432100E+00  2.109728400E+00  2.143592100E+00  2.140307700E+00  4.954173000E+01  2.145711622E+00  2.155581178E+00  2.109728400E+00  1.731432100E+00  1.140634600E+00
 1.314322600E+00  1.900962900E+00  2.277246200E+00  2.311061722E+00  2.307913278E+00  5.425159200E+01  2.313493500E+00  2.323475500E+00  2.277246200E+00  1.900962900E+00  1.314322600E+00
 1.498705000E+00  2.081205900E+00  2.455486700E+00  2.489256917E+00  2.486246983E+00  5.923580200E+01  2.492006622E+00  2.502106178E+00  2.455486700E+00  2.081205900E+00  1.498705000E+00
 1.694080600E+00  2.272460100E+00  2.644749000E+00  2.678477400E+00  2.675607000E+00  6.449835200E+01  2.681550600E+00  2.691771800E+00  2.644749000E+00  2.272460100E+00  1.694080600E+00
 1.900859600E+00  2.475135800E+00  2.845443400E+00  2.879133161E+00  2.876404339E+00  7.004116100E+01  2.882536033E+00  2.892882967E+00  2.845443400E+00  2.475135800E+00  1.900859600E+00
 2.119361000E+00  2.689552200E+00  3.057889100E+00  3.091543200E+00  3.088958000E+00  7.586626600E+01  3.095281511E+00  3.105759289E+00  3.057889100E+00  2.689552200E+00  2.119361000E+00
 2.349917000E+00  2.916041800E+00  3.282418600E+00  3.316039911E+00  3.313600889E+00  8.197466000E+01  3.320120244E+00  3.330732956E+00  3.282418600E+00  2.916041800E+00  2.349917000E+00
 2.592851300E+00  3.154928200E+00  3.519355300E+00  3.552947511E+00  3.550655689E+00  8.836650800E+01  3.557375628E+00  3.568127872E+00  3.519355300E+00  3.154928200E+00  2.592851300E+00
 2.848476600E+00  3.406524300E+00  3.769012300E+00  3.802578694E+00  3.800435606E+00  9.504113400E+01  3.807360456E+00  3.818257344E+00  3.769012300E+00  3.406524300E+00  2.848476600E+00
 3.117093800E+00  3.671131000E+00  4.031690400E+00  4.065233850E+00  4.063242050E+00  1.019970100E+02  4.070375933E+00  4.081422067E+00  4.031690400E+00  3.671131000E+00  3.117093800E+00
 3.398990400E+00  3.949036000E+00  4.307677100E+00  4.341201094E+00  4.339361606E+00  1.092317700E+02  4.346709256E+00  4.357909744E+00  4.307677100E+00  3.949036000E+00  3.398990400E+00
 3.694438800E+00  4.240511600E+00  4.597244800E+00  4.630752111E+00  4.629067489E+00  1.167421700E+02  4.636633328E+00  4.647992772E+00  4.597244800E+00  4.240511600E+00  3.694438800E+00
 4.003657700E+00  4.545776700E+00  4.900612000E+00  4.934106111E+00  4.932577889E+00  1.245252500E+02  4.940366339E+00  4.951890361E+00  4.900612000E+00  4.545776700E+00  4.003657700E+00
 4.326919100E+00  4.865103100E+00  5.218050900E+00  5.251534789E+00  5.250165011E+00  1.325760500E+02  5.258180594E+00  5.269874306E+00  5.218050900E+00  4.865103100E+00  4.326919100E+00
 4.664437300E+00  5.198705300E+00  5.549775700E+00  5.583252450E+00  5.582042650E+00  1.408886400E+02  5.590290394E+00  5.602158906E+00  5.549775700E+00  5.198705300E+00  4.664437300E+00
 5.016402900E+00  5.546774100E+00  5.895977000E+00  5.929449994E+00  5.928401706E+00  1.494564600E+02  5.936886333E+00  5.948935267E+00  5.895977000E+00  5.546774100E+00  5.016402900E+00
 5.382986800E+00  5.909480300E+00  6.256825700E+00  6.290297917E+00  6.289413183E+00  1.582728500E+02  6.298139311E+00  6.310374289E+00  6.256825700E+00  5.909480300E+00  5.382986800E+00
 5.764337600E+00  6.286972700E+00  6.632470400E+00  6.665944717E+00  6.665225583E+00  1.673300600E+02  6.674197928E+00  6.686624572E+00  6.632470400E+00  6.286972700E+00  5.764337600E+00
 6.160578900E+00  6.679374800E+00  7.023034800E+00  7.056514606E+00  7.055962094E+00  1.766196600E+02  7.065186189E+00  7.077809611E+00  7.023034800E+00  6.679374800E+00  6.160578900E+00
 6.571808000E+00  7.086784300E+00  7.428616400E+00  7.462104472E+00  7.461720628E+00  1.861325000E+02  7.471201183E+00  7.484027517E+00  7.428616400E+00  7.086784300E+00  6.571808000E+00
 6.998095000E+00  7.509271400E+00  7.849285400E+00  7.882784517E+00  7.882571383E+00  1.958587500E+02  7.892313417E+00  7.905348283E+00  7.849285400E+00  7.509271400E+00  6.998095000E+00
 7.439488600E+00  7.946884900E+00  8.285090600E+00  8.318604150E+00  8.318562750E+00  2.057907700E+02  8.328571483E+00  8.341821017E+00  8.285090600E+00  7.946884900E+00  7.439488600E+00
 7.895983800E+00  8.399620200E+00  8.736027500E+00  8.769558267E+00  8.769690133E+00  2.159135500E+02  8.779970783E+00  8.793441117E+00  8.736027500E+00  8.399620200E+00  7.895983800E+00
 8.367623400E+00  8.867520500E+00  9.202139200E+00  9.235690067E+00  9.235996733E+00  2.262199500E+02  9.246554517E+00  9.260251783E+00  9.202139200E+00  8.867520500E+00  8.367623400E+00
 1.216207600E-10  5.710073000E-01  9.388243400E-01  9.716704283E-01  9.681865417E-01  1.702172100E+01  9.731737322E-01  9.824618478E-01  9.388243400E-01  5.710073000E-01  1.216235800E-10
 8.343653600E-02  6.504644500E-01  1.016390300E+00  1.049190256E+00  1.045845544E+00  1.923527400E+01  1.051008544E+00  1.060406856E+00  1.016390300E+00  6.504644500E-01  8.343653600E-02
 1.732319300E-01  7.362929200E-01  1.100336300E+00  1.133093717E+00  1.129890583E+00  2.162559300E+01  1.135233400E+00  1.144746200E+00  1.100336300E+00  7.362929200E-01  1.732319300E-01
 2.696393400E-01  8.287465500E-01  1.190916300E+00  1.223634850E+00  1.220575850E+00  2.419883700E+01  1.226102717E+00  1.235733583E+00  1.190916300E+00  8.287465500E-01  2.696393400E-01
 3.729145100E-01  9.280817000E-01  1.288386600E+00  1.321070056E+00  1.318157744E+00  2.696070500E+01  1.323872278E+00  1.333626322E+00  1.288386600E+00  9.280817000E-01  3.729145100E-01
 4.833150300E-01  1.034556500E+00  1.393005500E+00  1.425657939E+00  1.422894361E+00  2.991639900E+01  1.428801300E+00  1.438682100E+00  1.393005500E+00  1.034556500E+00  4.833150300E-01
 6.010994800E-01  1.148430000E+00  1.505032200E+00  1.537657194E+00  1.535044906E+00  3.307058400E+01  1.541148372E+00  1.551160528E+00  1.505032200E+00  1.148430000E+00  6.010994800E-01
 7.265266300E-01  1.269961400E+00  1.624725800E+00  1.657327428E+00  1.654868472E+00  3.642736100E+01  1.661172894E+00  1.671321006E+00  1.624725800E+00  1.269961400E+00  7.265266300E-01
 8.598545100E-01  1.399409100E+00  1.752344800E+00  1.784926833E+00  1.782623767E+00  3.999023700E+01  1.789133161E+00  1.799422339E+00  1.752344800E+00  1.399409100E+00  8.598545100E-01
 1.001339500E+00  1.537029800E+00  1.888145800E+00  1.920712317E+00  1.918567183E+00  4.376209500E+01  1.925286178E+00  1.935721022E+00  1.888145800E+00  1.537029800E+00  1.001339500E+00
 1.151235200E+00  1.683077600E+00  2.032382900E+00  2.064938083E+00  2.062952417E+00  4.774517600E+01  2.069886044E+00  2.080471156E+00  2.032382900E+00  1.683077600E+00  1.151235200E+00
 1.309791900E+00  1.837802900E+00  2.185306300E+00  2.217853717E+00  2.216030583E+00  5.194105400E+01  2.223183261E+00  2.233923239E+00  2.185306300E+00  1.837802900E+00  1.309791900E+00
 1.477217500E+00  2.001413600E+00  2.347124100E+00  2.379667728E+00  2.378009172E+00  5.635130400E+01  2.385385011E+00  2.396285989E+00  2.347124100E+00  2.001413600E+00  1.477217500E+00
 1.653790800E+00  2.174189000E+00  2.518115300E+00  2.550659017E+00  2.549167083E+00  6.097551900E+01  2.556771211E+00  2.567837789E+00  2.518115300E+00  2.174189000E+00  1.653790800E+00
 1.839725600E+00  2.356342900E+00  2.698493700E+00  2.731041483E+00  2.729718217E+00  6.581356000E+01  2.737555656E+00  2.748792944E+00  2.698493700E+00  2.356342900E+00  1.839725600E+00
 2.035241100E+00  2.548094600E+00  2.888478600E+00  2.921034228E+00  2.919881672E+00  7.086438300E+01  2.927957139E+00  2.939370761E+00  2.888478600E+00  2.548094600E+00  2.035241100E+00
 2.240546200E+00  2.749653100E+00  3.088278900E+00  3.120846150E+00  3.119866350E+00  7.612627300E+01  3.128184761E+00  3.139780339E+00  3.088278900E+00  2.749653100E+00  2.240546200E+00
 2.455838400E+00  2.961216200E+00  3.298092100E+00  3.330674544E+00  3.329870056E+00  8.159683900E+01  3.338436222E+00  3.350219378E+00  3.298092100E+00  2.961216200E+00  2.455838400E+00
 2.681303100E+00  3.182969000E+00  3.518103400E+00  3.550705022E+00  3.550077378E+00  8.727302100E+01  3.558896622E+00  3.570872978E+00  3.518103400E+00  3.182969000E+00  2.681303100E+00
 2.917111700E+00  3.415083400E+00  3.748484400E+00  3.781109083E+00  3.780659817E+00  9.315109200E+01  3.789737356E+00  3.801913044E+00  3.748484400E+00  3.415083400E+00  2.917111700E+00
 3.163421300E+00  3.657716200E+00  3.989392000E+00  4.022043017E+00  4.021774683E+00  9.922666800E+01  4.031115628E+00  4.043496272E+00  3.989392000E+00  3.657716200E+00  3.163421300E+00
 3.420353000E+00  3.910988700E+00  4.240947200E+00  4.273628128E+00  4.273542772E+00  1.054957100E+02  4.283152028E+00  4.295744272E+00  4.240947200E+00  3.910988700E+00  3.420353000E+00
 3.688055400E+00  4.175049400E+00  4.503298600E+00  4.536013022E+00  4.536112178E+00  1.119525400E+02  4.545995567E+00  4.558805033E+00  4.503298600E+00  4.175049400E+00  3.688055400E+00
 3.966630500E+00  4.450000600E+00  4.776548200E+00  4.809299494E+00  4.809585206E+00  1.185906900E+02  4.819747933E+00  4.832781267E+00  4.776548200E+00  4.450000600E+00  3.966630500E+00
 4.256161200E+00  4.735925100E+00  5.060778800E+00  5.093570756E+00  5.094044044E+00  1.254033400E+02  5.104492033E+00  5.117755367E+00  5.060778800E+00  4.735925100E+00  4.256161200E+00
 4.556716200E+00  5.032891800E+00  5.356059200E+00  5.388894689E+00  5.389558111E+00  1.323836400E+02  5.400296361E+00  5.413796339E+00  5.356059200E+00  5.032891800E+00  4.556716200E+00
 4.868342900E+00  5.340948000E+00  5.662436700E+00  5.695319006E+00  5.696174094E+00  1.395239800E+02  5.707208417E+00  5.720951683E+00  5.662436700E+00  5.340948000E+00  4.868342900E+00
 5.191067400E+00  5.660119900E+00  5.979937400E+00  6.012870011E+00  6.013917789E+00  1.468162400E+02  6.025254100E+00  6.039247300E+00  5.979937400E+00  5.660119900E+00  5.191067400E+00
 5.524893600E+00  5.990411900E+00  6.308565500E+00  6.341551294E+00  6.342793806E+00  1.542518300E+02  6.354437506E+00  6.368687794E+00  6.308565500E+00  5.990411900E+00  5.524893600E+00
 5.869803100E+00  6.331805300E+00  6.648302400E+00  6.681344361E+00  6.682783139E+00  1.618217400E+02  6.694740139E+00  6.709254161E+00  6.648302400E+00  6.331805300E+00  5.869803100E+00
 6.225776200E+00  6.684280800E+00  6.999128900E+00  7.032230217E+00  7.033866283E+00  1.695188700E+02  7.046142494E+00  7.060927406E+00  6.999128900E+00  6.684280800E+00  6.225776200E+00
 6.592710500E+00  7.047736500E+00  7.360942900E+00  7.394105950E+00  7.395941350E+00  1.773300800E+02  7.408542372E+00  7.423605328E+00  7.360942900E+00  7.047736500E+00  6.592710500E+00
 6.970586400E+00  7.422152700E+00  7.733724900E+00  7.766952367E+00  7.768988633E+00  1.852489500E+02  7.781920272E+00  7.797268428E+00  7.733724900E+00  7.422152700E+00  6.970586400E+00
 1.086040400E-10  5.173469100E-01  8.594887200E-01  8.906703494E-01  8.882498806E-01  1.556581600E+01  8.944962261E-01  9.042697439E-01  8.594887200E-01  5.173469100E-01  1.086011900E-10
 7.433814200E-02  5.880011900E-01  9.284637400E-01  9.596601400E-01  9.574116600E-01  1.751147400E+01  9.638720528E-01  9.737884772E-01  9.284637400E-01  5.880011900E-01  7.433814200E-02
 1.539970900E-01  6.639878800E-01  1.002775200E+00  1.033991044E+00  1.031916956E+00  1.960174700E+01  1.038596000E+00  1.048660800E+00  1.002775200E+00  6.639878800E-01  1.539970900E-01
 2.391633800E-01  7.454941400E-01  1.082610500E+00  1.113850017E+00  1.111953283E+00  2.184056100E+01  1.118855833E+00  1.129073967E+00  1.082610500E+00  7.454941400E-01  2.391633800E-01
 3.300237200E-01  8.327072400E-01  1.168157100E+00  1.199425272E+00  1.197707428E+00  2.423139400E+01  1.204838606E+00  1.215215694E+00  1.168157100E+00  8.327072400E-01  3.300237200E-01
 4.267642300E-01  9.258138200E-01  1.259601900E+00  1.290902900E+00  1.289366500E+00  2.677724700E+01  1.296731422E+00  1.307272578E+00  1.259601900E+00  9.258138200E-01  4.267642300E-01
 5.295697600E-01  1.024999200E+00  1.357130200E+00  1.388468300E+00  1.387115900E+00  2.948063000E+01  1.394719578E+00  1.405430422E+00  1.357130200E+00  1.024999200E+00  5.295697600E-01
 6.386230800E-01  1.130446400E+00  1.460925400E+00  1.492304978E+00  1.491138622E+00  3.234353700E+01  1.498985761E+00  1.509872939E+00  1.460925400E+00  1.130446400E+00  6.386230800E-01
 7.541041100E-01  1.242336000E+00  1.571167800E+00  1.602593233E+00  1.601614967E+00  3.536742900E+01  1.609711189E+00  1.620779811E+00  1.571167800E+00  1.242336000E+00  7.541041100E-01
 8.761891200E-01  1.360844300E+00  1.688034300E+00  1.719509361E+00  1.718721739E+00  3.855322600E+01  1.727072050E+00  1.738328250E+00  1.688034300E+00  1.360844300E+00  8.761891200E-01
 1.005049900E+00  1.486143600E+00  1.811696800E+00  1.843225361E+00  1.842630939E+00  4.190129200E+01  1.851240544E+00  1.862690456E+00  1.811696800E+00  1.486143600E+00  1.005049900E+00
 1.140852900E+00  1.618400400E+00  1.942322300E+00  1.973908750E+00  1.973508550E+00  4.541142900E+01  1.982383272E+00  1.994033028E+00  1.942322300E+00  1.618400400E+00  1.140852900E+00
 1.283735300E+00  1.757752200E+00  2.080047900E+00  2.111695400E+00  2.111493000E+00  4.908352600E+01  2.120637733E+00  2.132493467E+00  2.080047900E+00  1.757752200E+00  1.283735300E+00
 1.433875200E+00  1.904377000E+00  2.225052000E+00  2.256764944E+00  2.256760856E+00  5.291565300E+01  2.266181822E+00  2.278250178E+00  2.225052000E+00  1.904377000E+00  1.433875200E+00
 1.591406200E+00  2.058408800E+00  2.377468400E+00  2.409250161E+00  2.409446939E+00  5.690624800E+01  2.419149339E+00  2.431436961E+00  2.377468400E+00  2.058408800E+00  1.591406200E+00
 1.756461500E+00  2.219981000E+00  2.537430400E+00  2.569284250E+00  2.569684450E+00  6.105299600E+01  2.579673889E+00  2.592186911E+00  2.537430400E+00  2.219981000E+00  1.756461500E+00
 1.929164200E+00  2.389216600E+00  2.705061300E+00  2.736991128E+00  2.737595772E+00  6.535305300E+01  2.747878261E+00  2.760623839E+00  2.705061300E+00  2.389216600E+00  1.929164200E+00
 2.109626300E+00  2.566227800E+00  2.880473100E+00  2.912482083E+00  2.913293217E+00  6.980305600E+01  2.923874356E+00  2.936859644E+00  2.880473100E+00  2.566227800E+00  2.109626300E+00
 2.297947900E+00  2.751114800E+00  3.063766000E+00  3.095857217E+00  3.096876883E+00  7.439913700E+01  3.107762678E+00  3.120994322E+00  3.063766000E+00  2.751114800E+00  2.297947900E+00
 2.494216400E+00  2.943964800E+00  3.255027200E+00  3.287203728E+00  3.288433972E+00  7.913692800E+01  3.299630222E+00  3.313115378E+00  3.255027200E+00  2.943964800E+00  2.494216400E+00
 2.698505500E+00  3.144851900E+00  3.454330700E+00  3.486595622E+00  3.488037978E+00  8.401157600E+01  3.499550789E+00  3.513296611E+00  3.454330700E+00  3.144851900E+00  2.698505500E+00
 2.910867000E+00  3.353827700E+00  3.661728200E+00  3.694084500E+00  3.695740500E+00  8.901862500E+01  3.707575872E+00  3.721590028E+00  3.661728200E+00  3.353827700E+00  2.910867000E+00
 3.131362200E+00  3.570953700E+00  3.877281100E+00  3.909731561E+00  3.911602739E+00  9.415228600E+01  3.923767283E+00  3.938056417E+00  3.877281100E+00  3.570953700E+00  3.131362200E+00
 3.360015800E+00  3.796254500E+00  4.101014000E+00  4.133561406E+00  4.135649294E+00  9.940618100E+01  4.148148700E+00  4.162721500E+00  4.101014000E+00  3.796254500E+00  3.360015800E+00
 3.596837400E+00  4.029739800E+00  4.332936600E+00  4.365583433E+00  4.367889567E+00  1.047737400E+02  4.380730544E+00  4.395593656E+00  4.332936600E+00  4.029739800E+00  3.596837400E+00
 3.841827000E+00  4.271409800E+00  4.573049000E+00  4.605797744E+00  4.608323656E+00  1.102485000E+02  4.621512300E+00  4.636673900E+00  4.573049000E+00  4.271409800E+00  3.841827000E+00
 4.094965600E+00  4.521245400E+00  4.821332200E+00  4.854185344E+00  4.856932056E+00  1.158234000E+02  4.870474867E+00  4.885943133E+00  4.821332100E+00  4.521245400E+00  4.094965600E+00
 4.356216500E+00  4.779210200E+00  5.077749600E+00  5.110709328E+00  5.113678372E+00  1.214911000E+02  5.127581750E+00  5.143364350E+00  5.077749600E+00  4.779210200E+00  4.356216500E+00
 4.625525300E+00  5.045249800E+00  5.342247000E+00  5.375315500E+00  5.378507900E+00  1.272439500E+02  5.392778444E+00  5.408883556E+00  5.342247000E+00  5.045249800E+00  4.625525300E+00
 4.902819300E+00  5.319291600E+00  5.614751900E+00  5.647930856E+00  5.651348144E+00  1.330740400E+02  5.665992456E+00  5.682427744E+00  5.614751900E+00  5.319291600E+00  4.902819300E+00
 5.188038200E+00  5.601275600E+00  5.895204100E+00  5.928495806E+00  5.932138494E+00  1.389751500E+02  5.947162967E+00  5.963937633E+00  5.895204100E+00  5.601275600E+00  5.188038200E+00
 5.481025300E+00  5.891045400E+00  6.183447500E+00  6.216853544E+00  6.220722656E+00  1.449362000E+02  6.236134294E+00  6.253256006E+00  6.183447500E+00  5.891045400E+00  5.481025300E+00
 5.781724800E+00  6.188545300E+00  6.479426300E+00  6.512948372E+00  6.517044928E+00  1.509516900E+02  6.532850028E+00  6.550327472E+00  6.479426300E+00  6.188545300E+00  5.781724800E+00
 9.666836100E-11  4.676261000E-01  7.877083500E-01  8.180045817E-01  8.169491883E-01  1.421273400E+01  8.247293128E-01  8.351995772E-01  7.877083500E-01  4.676261000E-01  9.666893800E-11
 6.601947200E-02  5.302362100E-01  8.487516300E-01  8.791423983E-01  8.782979917E-01  1.591487900E+01  8.863382217E-01  8.969935083E-01  8.487516300E-01  5.302362100E-01  6.601947200E-02
 1.364524400E-01  5.972706800E-01  9.142221000E-01  9.447109678E-01  9.440800522E-01  1.773375300E+01  9.523860917E-01  9.632327383E-01  9.142221000E-01  5.972706800E-01  1.364524400E-01
 2.114315100E-01  6.688626700E-01  9.842531400E-01  1.014843611E+00  1.014428589E+00  1.967154600E+01  1.023006456E+00  1.034050544E+00  9.842531400E-01  6.688626700E-01  2.114315100E-01
 2.910877300E-01  7.451437800E-01  1.058976500E+00  1.089671833E+00  1.089475567E+00  2.173003100E+01  1.098330328E+00  1.109579372E+00  1.058976500E+00  7.451437800E-01  2.910877300E-01
 3.755500400E-01  8.262434200E-01  1.138521800E+00  1.169325433E+00  1.169349967E+00  2.391055400E+01  1.178488239E+00  1.189947861E+00  1.138521800E+00  8.262434200E-01  3.755500400E-01
 4.649445900E-01  9.122881500E-01  1.223015600E+00  1.253931317E+00  1.254178183E+00  2.621402000E+01  1.263606172E+00  1.275283528E+00  1.223015600E+00  9.122881500E-01  4.649445900E-01
 5.593941100E-01  1.003401100E+00  1.312581300E+00  1.343611867E+00  1.344084133E+00  2.864088900E+01  1.353807022E+00  1.365709778E+00  1.312581300E+00  1.003401100E+00  5.593941100E-01
 6.590172500E-01  1.099701200E+00  1.407337800E+00  1.438486700E+00  1.439185900E+00  3.119116500E+01  1.449210400E+00  1.461345200E+00  1.407337800E+00  1.099701200E+00  6.590172500E-01
 7.639278800E-01  1.201302700E+00  1.507399600E+00  1.538669606E+00  1.539598294E+00  3.386439500E+01  1.549930400E+00  1.562304400E+00  1.507399600E+00  1.201302700E+00  7.639278800E-01
 8.742344400E-01  1.308314200E+00  1.612875200E+00  1.644269900E+00  1.645429100E+00  3.665966900E+01  1.656075111E+00  1.668696489E+00  1.612875200E+00  1.308314200E+00  8.742344400E-01
 9.900392800E-01  1.420838400E+00  1.723867600E+00  1.755389367E+00  1.756781633E+00  3.957561600E+01  1.767747950E+00  1.780623350E+00  1.723867600E+00  1.420838400E+00  9.900392800E-01
 1.111425700E+00  1.538958600E+00  1.840459900E+00  1.872111817E+00  1.873738683E+00  4.261101700E+01  1.885031600E+00  1.898169200E+00  1.840459900E+00  1.538958600E+00  1.111425700E+00
 1.238495700E+00  1.662777100E+00  1.962754400E+00  1.994539044E+00  1.996402556E+00  4.576304600E+01  2.008028467E+00  2.021435933E+00  1.962754400E+00  1.662777100E+00  1.238495700E+00
 1.371323000E+00  1.792367700E+00  2.090825200E+00  2.122745156E+00  2.124846844E+00  4.902930000E+01  2.136812450E+00  2.150497450E+00  2.090825200E+00  1.792367700E+00  1.371323000E+00
 1.509977700E+00  1.927800600E+00  2.224742400E+00  2.256800356E+00  2.259141244E+00  5.240676700E+01  2.271453139E+00  2.285424361E+00  2.224742400E+00  1.927800600E+00  1.509977700E+00
 1.654519900E+00  2.069136000E+00  2.364566300E+00  2.396764433E+00  2.399346567E+00  5.589204300E+01  2.412011344E+00  2.426276456E+00  2.364566300E+00  2.069136000E+00  1.654519900E+00
 1.804999900E+00  2.216424300E+00  2.510347100E+00  2.542687800E+00  2.545512200E+00  5.948134400E+01  2.558536450E+00  2.573104650E+00  2.510347100E+00  2.216424300E+00  1.804999900E+00
 1.961456900E+00  2.369704900E+00  2.662124300E+00  2.694609650E+00  2.697677850E+00  6.317051900E+01  2.711068572E+00  2.725947528E+00  2.662124300E+00  2.369704900E+00  1.961456900E+00
 2.123919100E+00  2.529005800E+00  2.819926000E+00  2.852557783E+00  2.855871317E+00  6.695506500E+01  2.869635300E+00  2.884833700E+00  2.819926000E+00  2.529005800E+00  2.123919100E+00
 2.292402500E+00  2.694343200E+00  2.983768400E+00  3.016548506E+00  3.020108394E+00  7.083014400E+01  3.034252328E+00  3.049779372E+00  2.983768400E+00  2.694343200E+00  2.292402500E+00
 2.466911400E+00  2.865721400E+00  3.153655800E+00  3.186586222E+00  3.190392978E+00  7.479132600E+01  3.204924467E+00  3.220788333E+00  3.153655800E+00  2.865721400E+00  2.466911400E+00
 2.647448200E+00  3.043142800E+00  3.329590400E+00  3.362672522E+00  3.366727678E+00  7.883313400E+01  3.381653406E+00  3.397863294E+00  3.329590400E+00  3.043142800E+00  2.647448200E+00
 2.833986700E+00  3.226581400E+00  3.511546400E+00  3.544781817E+00  3.549085883E+00  8.294967200E+01  3.564412839E+00  3.580978461E+00  3.511546400E+00  3.226581400E+00  2.833986700E+00
 3.026489500E+00  3.415999700E+00  3.699486300E+00  3.732876300E+00  3.737430300E+00  8.713498100E+01  3.753165678E+00  3.770095722E+00  3.699486300E+00  3.415999700E+00  3.026489500E+00
 3.224913800E+00  3.611354900E+00  3.893367300E+00  3.926912872E+00  3.931717828E+00  9.138326100E+01  3.947868817E+00  3.965172483E+00  3.893367300E+00  3.611354900E+00  3.224913800E+00
 3.429199800E+00  3.812587600E+00  4.093129900E+00  4.126832344E+00  4.131888256E+00  9.568831900E+01  4.148462456E+00  4.166148944E+00  4.093129900E+00  3.812587600E+00  3.429199800E+00
 3.639274100E+00  4.019624200E+00  4.298700700E+00  4.332560606E+00  4.337868494E+00  1.000437900E+02  4.354872683E+00  4.372952217E+00  4.298700700E+00  4.019624200E+00  3.639274100E+00
 3.855049300E+00  4.232377500E+00  4.509992500E+00  4.544010661E+00  4.549571039E+00  1.044431700E+02  4.567012817E+00  4.585494083E+00  4.509992500E+00  4.232377500E+00  3.855049300E+00
 4.076424000E+00  4.450746300E+00  4.726904000E+00  4.761081117E+00  4.766893983E+00  1.088798000E+02  4.784780639E+00  4.803673861E+00  4.726904000E+00  4.450746300E+00  4.076424000E+00
 4.303316800E+00  4.674649400E+00  4.949354200E+00  4.983690567E+00  4.989756433E+00  1.133484500E+02  5.008095461E+00  5.027409839E+00  4.949354200E+00  4.674649400E+00  4.303316800E+00
 4.535547800E+00  4.903906900E+00  5.177163400E+00  5.211659522E+00  5.217977878E+00  1.178401000E+02  5.236776467E+00  5.256522733E+00  5.177163400E+00  4.903906900E+00  4.535547800E+00
 4.773043200E+00  5.138445500E+00  5.410258200E+00  5.444914178E+00  5.451485022E+00  1.223502700E+02  5.470750972E+00  5.490938328E+00  5.410258200E+00  5.138445500E+00  4.773043200E+00
 8.574517300E-11  4.215460300E-01  7.214164300E-01  7.516562517E-01  7.525126183E-01  1.295340500E+01  7.621346872E-01  7.734638228E-01  7.214164300E-01  4.215460300E-01  8.574439800E-11
 5.842336300E-02  4.768168300E-01  7.751815800E-01  8.056085856E-01  8.067240344E-01  1.443467100E+01  8.166644756E-01  8.282265244E-01  7.751815800E-01  4.768168300E-01  5.842336300E-02
 1.204712100E-01  5.357223000E-01  8.325839600E-01  8.632014106E-01  8.645776794E-01  1.600865000E+01  8.748432733E-01  8.866465667E-01  8.325839600E-01  5.357223000E-01  1.204712100E-01
 1.862329900E-01  5.983524200E-01  8.937138500E-01  9.245248189E-01  9.261634411E-01  1.767621600E+01  9.367610383E-01  9.488141117E-01  8.937138500E-01  5.983524200E-01  1.862329900E-01
 2.557955800E-01  6.647945400E-01  9.586588800E-01  9.896661817E-01  9.915685883E-01  1.943787600E+01  1.002505078E+00  1.014816722E+00  9.586588800E-01  6.647945400E-01  2.557955800E-01
 3.292427700E-01  7.351328900E-01  1.027503500E+00  1.058709739E+00  1.060877361E+00  2.129376800E+01  1.072159672E+00  1.084738628E+00  1.027503500E+00  7.351328900E-01  3.292427700E-01
 4.066547500E-01  8.094480800E-01  1.100328600E+00  1.131736044E+00  1.134169956E+00  2.324365400E+01  1.145805167E+00  1.158660633E+00  1.100328600E+00  8.094480800E-01  4.066547500E-01
 4.881076100E-01  8.878165000E-01  1.177210600E+00  1.208821333E+00  1.211523067E+00  2.528692500E+01  1.223518267E+00  1.236658933E+00  1.177210600E+00  8.878165000E-01  4.881076100E-01
 5.736727400E-01  9.703098800E-01  1.258221600E+00  1.290037411E+00  1.293007989E+00  2.742259900E+01  1.305370367E+00  1.318805433E+00  1.258221600E+00  9.703098800E-01  5.736727400E-01
 6.634163800E-01  1.056994700E+00  1.343428100E+00  1.375450678E+00  1.378691122E+00  2.964932700E+01  1.391427456E+00  1.405167144E+00  1.343428100E+00  1.056994700E+00  6.634163800E-01
 7.573990400E-01  1.147931800E+00  1.432891100E+00  1.465121939E+00  1.468632761E+00  3.196539500E+01  1.481750950E+00  1.495803950E+00  1.432891100E+00  1.147931800E+00  7.573990400E-01
 8.556750100E-01  1.243175600E+00  1.526665100E+00  1.559105389E+00  1.562887611E+00  3.436873400E+01  1.576394739E+00  1.590770761E+00  1.526665100E+00  1.243175600E+00  8.556750100E-01
 9.582873500E-01  1.342769300E+00  1.624793400E+00  1.657443828E+00  1.661498472E+00  3.685746600E+01  1.675401922E+00  1.690110678E+00  1.624793400E+00  1.342769300E+00  9.582873500E-01
 1.065282400E+00  1.446759400E+00  1.727322500E+00  1.760183656E+00  1.764511744E+00  3.942833700E+01  1.778818800E+00  1.793870000E+00  1.727322500E+00  1.446759400E+00  1.065282400E+00
 1.176690600E+00  1.555176500E+00  1.834283100E+00  1.867355883E+00  1.871957417E+00  4.207854200E+01  1.886675461E+00  1.902079839E+00  1.834283100E+00  1.555176500E+00  1.176690600E+00
 1.292536500E+00  1.668045300E+00  1.945699900E+00  1.978984200E+00  1.983860200E+00  4.480480200E+01  1.998996511E+00  2.014764289E+00  1.945699900E+00  1.668045300E+00  1.292536500E+00
 1.412836100E+00  1.785381700E+00  2.061589000E+00  2.095085422E+00  2.100235378E+00  4.760356400E+01  2.115798256E+00  2.131939144E+00  2.061589000E+00  1.785381700E+00  1.412836100E+00
 1.537596500E+00  1.907193000E+00  2.181957500E+00  2.215665633E+00  2.221090567E+00  5.047101200E+01  2.237087389E+00  2.253611611E+00  2.181957500E+00  1.907193000E+00  1.537596500E+00
 1.666815400E+00  2.033477100E+00  2.306803300E+00  2.340722739E+00  2.346423161E+00  5.340308300E+01  2.362861306E+00  2.379779594E+00  2.306803300E+00  2.033477100E+00  1.666815400E+00
 1.800481200E+00  2.164222200E+00  2.436114700E+00  2.470245044E+00  2.476220956E+00  5.639548600E+01  2.493108511E+00  2.510431089E+00  2.436114700E+00  2.164222200E+00  1.800481200E+00
 1.938572100E+00  2.299406600E+00  2.569870000E+00  2.604210550E+00  2.610461950E+00  5.944371300E+01  2.627806394E+00  2.645544506E+00  2.569870000E+00  2.299406600E+00  1.938572100E+00
 2.081061600E+00  2.439004000E+00  2.708042900E+00  2.742593061E+00  2.749119439E+00  6.254365900E+01  2.766929167E+00  2.785093033E+00  2.708042900E+00  2.439004000E+00  2.081061600E+00
 2.227914700E+00  2.582979300E+00  2.850598100E+00  2.885356567E+00  2.892158433E+00  6.569042000E+01  2.910441022E+00  2.929041378E+00  2.850598100E+00  2.582979300E+00  2.227914700E+00
 2.379074700E+00  2.731275800E+00  2.997479000E+00  3.032444878E+00  3.039521722E+00  6.887880900E+01  3.058285056E+00  3.077333144E+00  2.997479000E+00  2.731275800E+00  2.379074700E+00
 2.534476800E+00  2.883828900E+00  3.148621100E+00  3.183792689E+00  3.191144511E+00  7.210367100E+01  3.210396367E+00  3.229903433E+00  3.148621100E+00  2.883828900E+00  2.534476800E+00
 2.694054100E+00  3.040571600E+00  3.303957100E+00  3.339333106E+00  3.346959394E+00  7.536004300E+01  3.366707861E+00  3.386684639E+00  3.303957100E+00  3.040571600E+00  2.694054100E+00
 2.857725300E+00  3.201422900E+00  3.463406100E+00  3.498984522E+00  3.506885278E+00  7.864271100E+01  3.527138133E+00  3.547595867E+00  3.463406100E+00  3.201422900E+00  2.857725300E+00
 3.025398900E+00  3.366291200E+00  3.626876500E+00  3.662655850E+00  3.670830050E+00  8.194639300E+01  3.691595483E+00  3.712545417E+00  3.626876500E+00  3.366291200E+00  3.025398900E+00
 3.196973000E+00  3.535074700E+00  3.794266700E+00  3.830244683E+00  3.838691817E+00  8.526575500E+01  3.859978117E+00  3.881430983E+00  3.794266700E+00  3.535074700E+00  3.196973000E+00
 3.372335200E+00  3.707661200E+00  3.965464100E+00  4.001638622E+00  4.010358178E+00  8.859542400E+01  4.032172922E+00  4.054140478E+00  3.965464100E+00  3.707661200E+00  3.372335200E+00
 3.551397000E+00  3.883962500E+00  4.140380800E+00  4.176749778E+00  4.185740222E+00  9.193118300E+01  4.208091500E+00  4.230585500E+00  4.140380800E+00  3.883962500E+00  3.551397000E+00
 3.733975900E+00  4.063796000E+00  4.318834200E+00  4.355394939E+00  4.364655761E+00  9.526594500E+01  4.387551661E+00  4.410582839E+00  4.318834200E+00  4.063796000E+00  3.733975900E+00
 3.919993500E+00  4.247083700E+00  4.500746300E+00  4.537496317E+00  4.547025983E+00  9.859620200E+01  4.570474800E+00  4.594054400E+00  4.500746300E+00  4.247083700E+00  3.919993500E+00
 7.576417900E-11  3.788823800E-01  6.584639700E-01  6.909043878E-01  6.945901122E-01  1.178011800E+01  7.065310150E-01  7.186239550E-01  6.584639700E-01  3.788823800E-01  7.576493400E-11
 5.149989600E-02  4.274704800E-01  7.056292000E-01  7.383600589E-01  7.423345611E-01  1.306175300E+01  7.546677550E-01  7.670725750E-01  7.056292000E-01  4.274704800E-01  5.149989600E-02
 1.059416500E-01  4.790099300E-01  7.557506800E-01  7.887694522E-01  7.930334478E-01  1.441554300E+01  8.057665961E-01  8.184942339E-01  7.557506700E-01  4.790099300E-01  1.059416500E-01
 1.633807400E-01  5.335566900E-01  8.088844500E-01  8.421884783E-01  8.467426317E-01  1.584140500E+01  8.598834478E-01  8.729448922E-01  8.088844400E-01  5.335566900E-01  1.633807400E-01
 2.238695200E-01  5.911635700E-01  8.650833800E-01  8.986699094E-01  9.035146806E-01  1.733894600E+01  9.170709372E-01  9.304774328E-01  8.650833800E-01  5.911635700E-01  2.238695200E-01
 2.874568300E-01  6.518798100E-01  9.243967600E-01  9.582628761E-01  9.633986739E-01  1.890746500E+01  9.773781633E-01  9.911410567E-01  9.243967600E-01  6.518798100E-01  2.874568300E-01
 3.541875900E-01  7.157506900E-01  9.868698900E-01  1.021012611E+00  1.026439589E+00  2.054596100E+01  1.040850306E+00  1.054980994E+00  9.868698900E-01  7.157506900E-01  3.541875900E-01
 4.241023800E-01  7.828171200E-01  1.052543700E+00  1.086959639E+00  1.092678461E+00  2.225313500E+01  1.107528083E+00  1.122038017E+00  1.052543700E+00  7.828171200E-01  4.241023800E-01
 4.972370600E-01  8.531152500E-01  1.121454300E+00  1.156140167E+00  1.162150833E+00  2.402739800E+01  1.177447128E+00  1.192348572E+00  1.121454300E+00  8.531152500E-01  4.972370600E-01
 5.736223700E-01  9.266760700E-01  1.193632700E+00  1.228585094E+00  1.234887606E+00  2.586687700E+01  1.250638850E+00  1.265943050E+00  1.193632700E+00  9.266760700E-01  5.736223700E-01
 6.532835500E-01  1.003525100E+00  1.269104300E+00  1.304319928E+00  1.310913772E+00  2.776942800E+01  1.327128244E+00  1.342846956E+00  1.269104300E+00  1.003525100E+00  6.532835500E-01
 7.362399600E-01  1.083681800E+00  1.347888600E+00  1.383363661E+00  1.390248839E+00  2.973264300E+01  1.406934506E+00  1.423079994E+00  1.347888600E+00  1.083681800E+00  7.362399600E-01
 8.225055600E-01  1.167160200E+00  1.429999600E+00  1.465729683E+00  1.472907217E+00  3.175432900E+01  1.490071944E+00  1.506655456E+00  1.429999600E+00  1.167160200E+00  8.225055600E-01
 9.120874500E-01  1.253967700E+00  1.515444400E+00  1.551426528E+00  1.558894372E+00  3.383115400E+01  1.576546944E+00  1.593581256E+00  1.515444400E+00  1.253967700E+00  9.120874500E-01
 1.004985900E+00  1.344104600E+00  1.604223500E+00  1.640452861E+00  1.648212039E+00  3.596023100E+01  1.666360217E+00  1.683857083E+00  1.604223500E+00  1.344104600E+00  1.004985900E+00
 1.101194200E+00  1.437564400E+00  1.696330100E+00  1.732802906E+00  1.740852394E+00  3.813832200E+01  1.759504756E+00  1.777476444E+00  1.696330100E+00  1.437564400E+00  1.101194200E+00
 1.200698700E+00  1.534333500E+00  1.791750500E+00  1.828462250E+00  1.836802050E+00  4.036201000E+01  1.855966456E+00  1.874425744E+00  1.791750500E+00  1.534333500E+00  1.200698700E+00
 1.303478200E+00  1.634390600E+00  1.890463500E+00  1.927410106E+00  1.936039194E+00  4.262771600E+01  1.955724528E+00  1.974683172E+00  1.890463500E+00  1.634390600E+00  1.303478200E+00
 1.409503900E+00  1.737707100E+00  1.992440200E+00  2.029617472E+00  2.038534828E+00  4.493171300E+01  2.058749667E+00  2.078219933E+00  1.992440200E+00  1.737707100E+00  1.409503900E+00
 1.518739100E+00  1.844246400E+00  2.097643900E+00  2.135047244E+00  2.144252356E+00  4.727014000E+01  2.165004661E+00  2.184999839E+00  2.097643900E+00  1.844246400E+00  1.518739100E+00
 1.631139300E+00  1.953963900E+00  2.206029900E+00  2.243654417E+00  2.253147283E+00  4.963901300E+01  2.274445733E+00  2.294977067E+00  2.206029900E+00  1.953963900E+00  1.631139300E+00
 1.746660200E+00  2.066815400E+00  2.317554100E+00  2.355395306E+00  2.365174394E+00  5.203473100E+01  2.387027461E+00  2.408108239E+00  2.317554100E+00  2.066815400E+00  1.746660200E+00
 1.865245400E+00  2.182744500E+00  2.432159600E+00  2.470213006E+00  2.480277294E+00  5.445310100E+01  2.502693656E+00  2.524336144E+00  2.432159600E+00  2.182744500E+00  1.865245400E+00
 1.986822400E+00  2.301678900E+00  2.549774200E+00  2.588035117E+00  2.598383583E+00  5.688976000E+01  2.621371817E+00  2.643588283E+00  2.549774200E+00  2.301678900E+00  1.986822400E+00
 2.111313600E+00  2.423541000E+00  2.670320200E+00  2.708783639E+00  2.719415261E+00  5.934043200E+01  2.742983839E+00  2.765787061E+00  2.670320200E+00  2.423541000E+00  2.111313600E+00
 2.238641500E+00  2.548253200E+00  2.793719800E+00  2.832380872E+00  2.843294628E+00  6.180105000E+01  2.867452128E+00  2.890854372E+00  2.793719800E+00  2.548253200E+00  2.238641500E+00
 2.368716900E+00  2.675726500E+00  2.919884000E+00  2.958738228E+00  2.969932072E+00  6.426739900E+01  2.994687278E+00  3.018701322E+00  2.919884000E+00  2.675726500E+00  2.368716900E+00
 2.501443500E+00  2.805864600E+00  3.048716400E+00  3.087758594E+00  3.099231506E+00  6.673527100E+01  3.124592994E+00  3.149231106E+00  3.048716400E+00  2.805864600E+00  2.501443500E+00
 2.636717300E+00  2.938563700E+00  3.180113100E+00  3.219338072E+00  3.231089028E+00  6.920046900E+01  3.257065078E+00  3.282339522E+00  3.180113100E+00  2.938563700E+00  2.636717300E+00
 2.774427100E+00  3.073712600E+00  3.313962900E+00  3.353366078E+00  3.365392522E+00  7.165882200E+01  3.391991717E+00  3.417915783E+00  3.313962900E+00  3.073712600E+00  2.774427100E+00
 2.914486600E+00  3.211225300E+00  3.450179800E+00  3.489755900E+00  3.502056300E+00  7.410707900E+01  3.529287839E+00  3.555872261E+00  3.450179800E+00  3.211225300E+00  2.914486600E+00
 3.056724200E+00  3.350930400E+00  3.588592200E+00  3.628335939E+00  3.640908761E+00  7.653987600E+01  3.668780211E+00  3.696038789E+00  3.588592200E+00  3.350930400E+00  3.056724200E+00
 3.201065000E+00  3.492753100E+00  3.729125500E+00  3.769032006E+00  3.781874694E+00  7.895459900E+01  3.810395161E+00  3.838339139E+00  3.729125500E+00  3.492753100E+00  3.201065000E+00
 6.666359300E-11  3.394385800E-01  5.994310500E-01  6.374398550E-01  6.444994750E-01  1.068974000E+01  6.594522300E-01  6.725567100E-01  5.994310400E-01  3.394385800E-01  6.666289800E-11
 4.520238700E-02  3.819533000E-01  6.406918000E-01  6.789494289E-01  6.862984911E-01  1.179125400E+01  7.017245872E-01  7.152801228E-01  6.406917900E-01  3.819533000E-01  4.520238700E-02
 9.275911400E-02  4.268311700E-01  6.843182400E-01  7.228183067E-01  7.304573733E-01  1.294746400E+01  7.463656883E-01  7.603848017E-01  6.843182300E-01  4.268311700E-01  9.275911400E-02
 1.426994900E-01  4.741019700E-01  7.303401400E-01  7.690761272E-01  7.770058628E-01  1.415762900E+01  7.934051617E-01  8.079005283E-01  7.303401300E-01  4.741019700E-01  1.426994900E-01
 1.950495400E-01  5.237921500E-01  7.787838900E-01  8.177493017E-01  8.259702683E-01  1.542076300E+01  8.428694383E-01  8.578536317E-01  7.787838900E-01  5.237921500E-01  1.950495400E-01
 2.498317000E-01  5.759245000E-01  8.296722800E-01  8.688606111E-01  8.773732689E-01  1.673563600E+01  8.947812072E-01  9.102669028E-01  8.296722800E-01  5.759245000E-01  2.498317000E-01
 3.070645400E-01  6.305179300E-01  8.830241200E-01  9.224288861E-01  9.312336439E-01  1.810078700E+01  9.491593189E-01  9.651591411E-01  8.830241100E-01  6.305179300E-01  3.070645400E-01
 3.667624300E-01  6.875871400E-01  9.388540200E-01  9.784687778E-01  9.875659422E-01  1.951453200E+01  1.006018261E+00  1.022545039E+00  9.388540100E-01  6.875871400E-01  3.667624300E-01
 4.289353400E-01  7.471423400E-01  9.971721000E-01  1.036990539E+00  1.046380161E+00  2.097497100E+01  1.065368500E+00  1.082434500E+00  9.971721000E-01  7.471423400E-01  4.289353400E-01
 4.935885000E-01  8.091890000E-01  1.057983700E+00  1.097999150E+00  1.107682150E+00  2.248000000E+01  1.127214894E+00  1.144833406E+00  1.057983700E+00  8.091890000E-01  4.935885000E-01
 5.607221700E-01  8.737276100E-01  1.121289300E+00  1.161495667E+00  1.171471533E+00  2.402732500E+01  1.191558256E+00  1.209741544E+00  1.121289300E+00  8.737276100E-01  5.607221700E-01
 6.303314000E-01  9.407534000E-01  1.187083900E+00  1.227475289E+00  1.237743511E+00  2.561446800E+01  1.258393578E+00  1.277154422E+00  1.187083900E+00  9.407534000E-01  6.303314000E-01
 7.024100400E-01  1.010260300E+00  1.255361200E+00  1.295931206E+00  1.306492294E+00  2.723917800E+01  1.327714356E+00  1.347066044E+00  1.255361200E+00  1.010260300E+00  7.024100400E-01
 7.769389700E-01  1.082229300E+00  1.326102300E+00  1.366844722E+00  1.377698678E+00  2.889828800E+01  1.399502306E+00  1.419456594E+00  1.326102300E+00  1.082229300E+00  7.769389700E-01
 8.538985800E-01  1.156641000E+00  1.399287400E+00  1.440196239E+00  1.451343061E+00  3.058905500E+01  1.473736806E+00  1.494307494E+00  1.399287400E+00  1.156641000E+00  8.538985800E-01
 9.332624300E-01  1.233469000E+00  1.474890100E+00  1.515960072E+00  1.527398228E+00  3.230848900E+01  1.550392172E+00  1.571591528E+00  1.474890100E+00  1.233469000E+00  9.332624300E-01
 1.014998300E+00  1.312681200E+00  1.552878100E+00  1.594102900E+00  1.605832900E+00  3.405350100E+01  1.629435594E+00  1.651276906E+00  1.552878100E+00  1.312681200E+00  1.014998300E+00
 1.099067900E+00  1.394239400E+00  1.633213200E+00  1.674587644E+00  1.686607956E+00  3.582091500E+01  1.710829078E+00  1.733325122E+00  1.633213200E+00  1.394239400E+00  1.099067900E+00
 1.185427300E+00  1.478099600E+00  1.715851100E+00  1.757369083E+00  1.769680217E+00  3.760748500E+01  1.794528728E+00  1.817691772E+00  1.715851100E+00  1.478099600E+00  1.185427300E+00
 1.274026300E+00  1.564211700E+00  1.800741500E+00  1.842398039E+00  1.854998461E+00  3.940990200E+01  1.880484039E+00  1.904326861E+00  1.800741500E+00  1.564211700E+00  1.274026300E+00
 1.364808500E+00  1.652519400E+00  1.887828200E+00  1.929617906E+00  1.942506594E+00  4.122480900E+01  1.968638306E+00  1.993174194E+00  1.887828200E+00  1.652519400E+00  1.364808500E+00
 1.457721400E+00  1.742970200E+00  1.977058500E+00  2.018975778E+00  2.032152222E+00  4.304919300E+01  2.058939133E+00  2.084180867E+00  1.977058500E+00  1.742970200E+00  1.457721400E+00
 1.552698900E+00  1.835498000E+00  2.068366000E+00  2.110406372E+00  2.123868528E+00  4.487962400E+01  2.151320528E+00  2.177280372E+00  2.068366000E+00  1.835498000E+00  1.552698900E+00
 1.649663500E+00  1.930025500E+00  2.161673500E+00  2.203831372E+00  2.217578728E+00  4.671258400E+01  2.245704783E+00  2.272395517E+00  2.161673500E+00  1.930025500E+00  1.649663500E+00
 1.748535000E+00  2.026472300E+00  2.256900400E+00  2.299171294E+00  2.313201806E+00  4.854467700E+01  2.342011094E+00  2.369446006E+00  2.256900400E+00  2.026472300E+00  1.748535000E+00
 1.849234500E+00  2.124759700E+00  2.353968000E+00  2.396346728E+00  2.410659372E+00  5.037270600E+01  2.440160972E+00  2.468352328E+00  2.353968000E+00  2.124759700E+00  1.849234500E+00
 1.951674300E+00  2.224800200E+00  2.452788500E+00  2.495270889E+00  2.509863111E+00  5.219341300E+01  2.540066511E+00  2.569027089E+00  2.452788500E+00  2.224800200E+00  1.951674300E+00
 2.055761900E+00  2.326501200E+00  2.553269500E+00  2.595850667E+00  2.610720933E+00  5.400358300E+01  2.641635217E+00  2.671377283E+00  2.553269500E+00  2.326501200E+00  2.055761900E+00
 2.161399800E+00  2.429765200E+00  2.655313300E+00  2.697988561E+00  2.713135339E+00  5.580005700E+01  2.744769183E+00  2.775305517E+00  2.655313300E+00  2.429765200E+00  2.161399800E+00
 2.268485400E+00  2.534489900E+00  2.758817600E+00  2.801583089E+00  2.817003311E+00  5.757973900E+01  2.849366217E+00  2.880709083E+00  2.758817600E+00  2.534489900E+00  2.268485400E+00
 2.376940400E+00  2.640597200E+00  2.863704300E+00  2.906555439E+00  2.922247061E+00  5.934024400E+01  2.955347717E+00  2.987509383E+00  2.863704300E+00  2.640597200E+00  2.376940400E+00
 2.486612300E+00  2.747934700E+00  2.969820900E+00  3.012753922E+00  3.028713878E+00  6.107768500E+01  3.062561489E+00  3.095553711E+00  2.969820900E+00  2.747934700E+00  2.486612300E+00
 2.597434700E+00  2.856436100E+00  3.077101300E+00  3.120111933E+00  3.136337667E+00  6.279022400E+01  3.170940522E+00  3.204776078E+00  3.077101300E+00  2.856436100E+00  2.597434700E+00
 5.837819700E-11  3.029898300E-01  5.470591600E-01  5.905167128E-01  6.005076572E-01  9.678249700E+00  6.191058733E-01  6.349783267E-01  5.470591600E-01  3.029898300E-01  5.837975800E-11
 3.948466000E-02  3.399951600E-01  5.829575900E-01  6.264700728E-01  6.367738172E-01  1.061734100E+01  6.559435006E-01  6.724151294E-01  5.829575900E-01  3.399951600E-01  3.948466000E-02
 8.082124200E-02  3.788606300E-01  6.207104900E-01  6.642773206E-01  6.748949894E-01  1.159648300E+01  6.946463178E-01  7.117300022E-01  6.207105000E-01  3.788606300E-01  8.082124200E-02
 1.240194600E-01  4.195963800E-01  6.603281700E-01  7.039486978E-01  7.148812622E-01  1.261452800E+01  7.352244344E-01  7.529331056E-01  6.603281700E-01  4.195963800E-01  1.240194600E-01
 1.690858700E-01  4.622093500E-01  7.018176900E-01  7.454911850E-01  7.567395650E-01  1.367014200E+01  7.776846794E-01  7.960313706E-01  7.018176900E-01  4.622093500E-01  1.690858700E-01
 2.160236200E-01  5.067030300E-01  7.451827100E-01  7.889084350E-01  8.004732950E-01  1.476181100E+01  8.220305022E-01  8.410282978E-01  7.451827200E-01  5.067030300E-01  2.160236200E-01
 2.648323000E-01  5.530773500E-01  7.904232900E-01  8.342004400E-01  8.460822400E-01  1.588785500E+01  8.682617633E-01  8.879236967E-01  7.904232900E-01  5.530773500E-01  2.648323000E-01
 3.155077500E-01  6.013284000E-01  8.375356700E-01  8.813633506E-01  8.935624994E-01  1.704643400E+01  9.163744517E-01  9.367136583E-01  8.375356700E-01  6.013284000E-01  3.155077500E-01
 3.680418800E-01  6.514483500E-01  8.865121300E-01  9.303894806E-01  9.429060294E-01  1.823556400E+01  9.663605961E-01  9.873903139E-01  8.865121300E-01  6.514483500E-01  3.680418800E-01
 4.224224900E-01  7.034252400E-01  9.373408500E-01  9.812668500E-01  9.941008500E-01  1.945312600E+01  1.018208167E+00  1.039941633E+00  9.373408500E-01  7.034252400E-01  4.224224900E-01
 4.786331600E-01  7.572428200E-01  9.900057100E-01  1.033979250E+00  1.047130650E+00  2.069687700E+01  1.071900672E+00  1.094351228E+00  9.900057100E-01  7.572428200E-01  4.786331600E-01
 5.366530600E-01  8.128804600E-01  1.044486200E+00  1.088506511E+00  1.101974289E+00  2.196446400E+01  1.127417739E+00  1.150598161E+00  1.044486200E+00  8.128804600E-01  5.366530600E-01
 5.964630600E-01  8.703190800E-01  1.100763300E+00  1.144828972E+00  1.158613128E+00  2.325375200E+01  1.184739556E+00  1.208663644E+00  1.100763300E+00  8.703190800E-01  5.964630600E-01
 6.580280300E-01  9.295237100E-01  1.158802200E+00  1.202911939E+00  1.217011961E+00  2.456190200E+01  1.243831633E+00  1.268512167E+00  1.158802200E+00  9.295237100E-01  6.580280300E-01
 7.213165700E-01  9.904630800E-01  1.218571700E+00  1.262724217E+00  1.277139083E+00  2.588645800E+01  1.304662061E+00  1.330112839E+00  1.218571700E+00  9.904630800E-01  7.213165700E-01
 7.862909400E-01  1.053099500E+00  1.280034300E+00  1.324228306E+00  1.338956994E+00  2.722480700E+01  1.367193144E+00  1.393427456E+00  1.280034300E+00  1.053099500E+00  7.862909400E-01
 8.529090100E-01  1.117391000E+00  1.343147900E+00  1.387382211E+00  1.402423189E+00  2.857429400E+01  1.431382989E+00  1.458413611E+00  1.343147900E+00  1.117391000E+00  8.529090100E-01
 9.211241800E-01  1.183291000E+00  1.407866300E+00  1.452139433E+00  1.467491167E+00  2.993223900E+01  1.497184178E+00  1.525025422E+00  1.407866300E+00  1.183291000E+00  9.211241800E-01
 9.908854400E-01  1.250748500E+00  1.474138500E+00  1.518448872E+00  1.534109828E+00  3.129594200E+01  1.564546228E+00  1.593210872E+00  1.474138500E+00  1.250748500E+00  9.908854400E-01
 1.062137300E+00  1.319708200E+00  1.541909200E+00  1.586255128E+00  1.602223772E+00  3.266270000E+01  1.633413639E+00  1.662914461E+00  1.541909200E+00  1.319708200E+00  1.062137300E+00
 1.134820000E+00  1.390110100E+00  1.611118700E+00  1.655498606E+00  1.671772894E+00  3.402981000E+01  1.703726106E+00  1.734076394E+00  1.611118700E+00  1.390110100E+00  1.134820000E+00
 1.208879200E+00  1.461900100E+00  1.681712900E+00  1.726125006E+00  1.742702894E+00  3.539486400E+01  1.775428822E+00  1.806642378E+00  1.681712900E+00  1.461900100E+00  1.208879200E+00
 1.284247400E+00  1.535010800E+00  1.753624500E+00  1.798067439E+00  1.814945861E+00  3.675518300E+01  1.848454594E+00  1.880544706E+00  1.753624500E+00  1.535010800E+00  1.284247400E+00
 1.360849500E+00  1.609367100E+00  1.826778400E+00  1.871250194E+00  1.888427106E+00  3.810805400E+01  1.922728228E+00  1.955707672E+00  1.826778400E+00  1.609367100E+00  1.360849500E+00
 1.438609300E+00  1.684892600E+00  1.901098700E+00  1.945597583E+00  1.963069917E+00  3.945090100E+01  1.998173222E+00  2.032054778E+00  1.901098700E+00  1.684892600E+00  1.438609300E+00
 1.517452900E+00  1.761513800E+00  1.976511600E+00  2.021035500E+00  2.038800700E+00  4.078133400E+01  2.074715678E+00  2.109512122E+00  1.976511600E+00  1.761513800E+00  1.517452900E+00
 1.597300100E+00  1.839150400E+00  2.052937100E+00  2.097484561E+00  2.115538539E+00  4.209694700E+01  2.152274789E+00  2.187999411E+00  2.052937100E+00  1.839150400E+00  1.597300100E+00
 1.678067600E+00  1.917719200E+00  2.130292200E+00  2.174860544E+00  2.193201256E+00  4.339540900E+01  2.230767667E+00  2.267432733E+00  2.130292200E+00  1.917719200E+00  1.678067600E+00
 1.759669000E+00  1.997133900E+00  2.208490700E+00  2.253078478E+00  2.271701322E+00  4.467446300E+01  2.310107200E+00  2.347726000E+00  2.208490700E+00  1.997133900E+00  1.759669000E+00
 1.842015200E+00  2.077305500E+00  2.287443700E+00  2.332048956E+00  2.350949844E+00  4.593193000E+01  2.390204706E+00  2.428788994E+00  2.287443800E+00  2.077305500E+00  1.842015200E+00
 1.925038800E+00  2.158166800E+00  2.367084400E+00  2.411704672E+00  2.430880028E+00  4.716616500E+01  2.470992172E+00  2.510554728E+00  2.367084400E+00  2.158166800E+00  1.925038800E+00
 2.008610400E+00  2.239588500E+00  2.447283500E+00  2.491916633E+00  2.511362367E+00  4.837450300E+01  2.552340611E+00  2.592893189E+00  2.447283500E+00  2.239588500E+00  2.008610400E+00
 2.092674400E+00  2.321515300E+00  2.527986100E+00  2.572630050E+00  2.592341050E+00  4.955574600E+01  2.634194017E+00  2.675748883E+00  2.527986100E+00  2.321515300E+00  2.092674400E+00
 5.084973700E-11  2.693244800E-01  5.013165500E-01  5.458954161E-01  5.591216939E-01  8.738992600E+00  5.821954761E-01  6.023272739E-01  5.013165500E-01  2.693244800E-01  5.084975500E-11
 3.430400500E-02  3.013435100E-01  5.321362900E-01  5.767811517E-01  5.903675583E-01  9.532039000E+00  6.141366133E-01  6.350111067E-01  5.321362900E-01  3.013435100E-01  3.430400500E-02
 7.003358000E-02  3.347957400E-01  5.643843700E-01  6.090935078E-01  6.230399922E-01  1.035302900E+01  6.475154589E-01  6.691475211E-01  5.643843800E-01  3.347957400E-01  7.003358000E-02
 1.071843200E-01  3.696771800E-01  5.980570600E-01  6.428286578E-01  6.571348622E-01  1.120060500E+01  6.823278933E-01  7.047323467E-01  5.980570600E-01  3.696771800E-01  1.071843200E-01
 1.457489400E-01  4.059808900E-01  6.331476800E-01  6.779798139E-01  6.926451761E-01  1.207327900E+01  7.185668361E-01  7.417585539E-01  6.331476800E-01  4.059808900E-01  1.457489400E-01
 1.857171900E-01  4.436969500E-01  6.696465400E-01  7.145371583E-01  7.295609117E-01  1.296944200E+01  7.562221767E-01  7.802160833E-01  6.696465400E-01  4.436969500E-01  1.857171900E-01
 2.270757000E-01  4.828122700E-01  7.075408000E-01  7.524877639E-01  7.678688861E-01  1.388737400E+01  7.952807667E-01  8.200916333E-01  7.075408000E-01  4.828122700E-01  2.270757000E-01
 2.698079300E-01  5.233105800E-01  7.468143800E-01  7.918154933E-01  8.075527067E-01  1.482525600E+01  8.357260950E-01  8.613687950E-01  7.468143900E-01  5.233105800E-01  2.698079300E-01
 3.138940700E-01  5.651723000E-01  7.874479200E-01  8.325008283E-01  8.485927017E-01  1.578118000E+01  8.775384017E-01  9.040278083E-01  7.874479300E-01  5.651723000E-01  3.138940700E-01
 3.593109200E-01  6.083744400E-01  8.294186400E-01  8.745209217E-01  8.909657683E-01  1.675316300E+01  9.206945983E-01  9.480454317E-01  8.294186400E-01  6.083744400E-01  3.593109200E-01
 4.060319100E-01  6.528906100E-01  8.727003200E-01  9.178495167E-01  9.346453433E-01  1.773915500E+01  9.651680344E-01  9.933950656E-01  8.727003200E-01  6.528906100E-01  4.060319100E-01
 4.540269400E-01  6.986908900E-01  9.172632200E-01  9.624567650E-01  9.796014250E-01  1.873705000E+01  1.010928600E+00  1.040046600E+00  9.172632200E-01  6.986908900E-01  4.540269400E-01
 5.032694300E-01  7.457487500E-01  9.630809400E-01  1.008316178E+00  1.025807422E+00  1.974494900E+01  1.057949556E+00  1.087973244E+00  9.630809400E-01  7.457487500E-01  5.032694300E-01
 5.537160500E-01  7.940210000E-01  1.010110500E+00  1.055384639E+00  1.073219861E+00  2.076043000E+01  1.106187756E+00  1.137131444E+00  1.010110500E+00  7.940210000E-01  5.537160500E-01
 6.053297000E-01  8.434706800E-01  1.058315000E+00  1.103625739E+00  1.121801361E+00  2.178141000E+01  1.155605594E+00  1.187484106E+00  1.058315000E+00  8.434706800E-01  6.053297000E-01
 6.580678200E-01  8.940552900E-01  1.107652100E+00  1.152996161E+00  1.171510139E+00  2.280571600E+01  1.206160778E+00  1.238988422E+00  1.107652100E+00  8.940552900E-01  6.580678200E-01
 7.118846800E-01  9.457292000E-01  1.158076400E+00  1.203451022E+00  1.222299778E+00  2.383117700E+01  1.257807206E+00  1.291598294E+00  1.158076400E+00  9.457292000E-01  7.118846800E-01
 7.667314500E-01  9.984436200E-01  1.209539200E+00  1.254941522E+00  1.274121478E+00  2.485563700E+01  1.310495672E+00  1.345265028E+00  1.209539200E+00  9.984436200E-01  7.667314500E-01
 8.225562400E-01  1.052146700E+00  1.261988700E+00  1.307415761E+00  1.326923339E+00  2.587696100E+01  1.364174283E+00  1.399936217E+00  1.261988700E+00  1.052146700E+00  8.225562400E-01
 8.793041400E-01  1.106783600E+00  1.315370300E+00  1.360819350E+00  1.380649950E+00  2.689304200E+01  1.418788450E+00  1.455556250E+00  1.315370300E+00  1.106783600E+00  8.793041400E-01
 9.369173000E-01  1.162296600E+00  1.369626200E+00  1.415094078E+00  1.435244122E+00  2.790180800E+01  1.474279461E+00  1.512067439E+00  1.369626200E+00  1.162296600E+00  9.369173000E-01
 9.953442600E-01  1.218634100E+00  1.424705200E+00  1.470188856E+00  1.490653744E+00  2.890143800E+01  1.530595717E+00  1.569418183E+00  1.424705200E+00  1.218634100E+00  9.953442600E-01
 1.054521900E+00  1.275733100E+00  1.480544200E+00  1.526040583E+00  1.546815717E+00  2.988993800E+01  1.587674128E+00  1.627544372E+00  1.480544200E+00  1.275733100E+00  1.054521900E+00
 1.114382000E+00  1.333525400E+00  1.537075300E+00  1.582581467E+00  1.603661733E+00  3.086532800E+01  1.645446089E+00  1.686377911E+00  1.537075300E+00  1.333525400E+00  1.114382000E+00
 1.174856500E+00  1.391943100E+00  1.594230500E+00  1.639743100E+00  1.661123900E+00  3.182575800E+01  1.703843200E+00  1.745850400E+00  1.594230500E+00  1.391943100E+00  1.174856500E+00
 1.235880400E+00  1.450921200E+00  1.651945100E+00  1.697461194E+00  1.719136906E+00  3.276954100E+01  1.762800878E+00  1.805895722E+00  1.651945100E+00  1.450921200E+00  1.235880400E+00
 1.297384300E+00  1.510390300E+00  1.710149700E+00  1.755666556E+00  1.777631044E+00  3.369501000E+01  1.822248706E+00  1.866444994E+00  1.710149700E+00  1.510390300E+00  1.297384300E+00
 1.359297000E+00  1.570279300E+00  1.768773600E+00  1.814287672E+00  1.836535828E+00  3.460057800E+01  1.882115594E+00  1.927426106E+00  1.768773600E+00  1.570279300E+00  1.359297000E+00
 1.421546000E+00  1.630515900E+00  1.827744300E+00  1.873252656E+00  1.895778344E+00  3.548473800E+01  1.942329050E+00  1.988766050E+00  1.827744300E+00  1.630515900E+00  1.421546000E+00
 1.484057200E+00  1.691026100E+00  1.886988200E+00  1.932487811E+00  1.955284389E+00  3.634606800E+01  2.002814978E+00  2.050390222E+00  1.886988200E+00  1.691026100E+00  1.484057200E+00
 1.546775700E+00  1.751755000E+00  1.946450600E+00  1.991938539E+00  2.014999361E+00  3.718352500E+01  2.063517772E+00  2.112243528E+00  1.946450600E+00  1.751755000E+00  1.546775700E+00
 1.609596300E+00  1.812597600E+00  2.006026600E+00  2.051499639E+00  2.074818061E+00  3.799541900E+01  2.124331933E+00  2.174220467E+00  2.006026600E+00  1.812597600E+00  1.609596300E+00
 1.672475000E+00  1.873510200E+00  2.065672700E+00  2.111128122E+00  2.134696478E+00  3.878105400E+01  2.185213978E+00  2.236276022E+00  2.065672700E+00  1.873510200E+00  1.672475000E+00
 4.403051100E-11  2.382768600E-01  4.562840500E-01  5.030163211E-01  5.203894989E-01  7.866653700E+00  5.491835161E-01  5.746973139E-01  4.562840500E-01  2.382768600E-01  4.402929000E-11
 2.962238700E-02  2.657950300E-01  4.825328100E-01  5.293064317E-01  5.470797583E-01  8.528996000E+00  5.767113100E-01  6.031475100E-01  4.825328100E-01  2.657950300E-01  2.962238700E-02
 6.031146800E-02  2.943869300E-01  5.098529500E-01  5.566641072E-01  5.748352828E-01  9.209419600E+00  6.053163000E-01  6.326918200E-01  5.098529500E-01  2.943869300E-01  6.031146800E-02
 9.205321300E-02  3.240389100E-01  5.382310600E-01  5.850758300E-01  6.036423500E-01  9.906513700E+00  6.349845767E-01  6.633162833E-01  5.382310600E-01  3.240389100E-01  9.205321300E-02
 1.248311600E-01  3.547348200E-01  5.676512200E-01  6.145256639E-01  6.334846661E-01  1.061878600E+01  6.656998317E-01  6.950044383E-01  5.676512200E-01  3.547348200E-01  1.248311600E-01
 1.586263800E-01  3.864560400E-01  5.980950100E-01  6.449951111E-01  6.643435289E-01  1.134467100E+01  6.974431861E-01  7.277373039E-01  5.980950100E-01  3.864560400E-01  1.586263800E-01
 1.934174300E-01  4.191814100E-01  6.295414600E-01  6.764631444E-01  6.961976556E-01  1.208254600E+01  7.301932517E-01  7.614933383E-01  6.295414600E-01  4.191814100E-01  1.934174300E-01
 2.291803300E-01  4.528871900E-01  6.619670100E-01  7.089062072E-01  7.290231828E-01  1.283073300E+01  7.639260189E-01  7.962484811E-01  6.619670100E-01  4.528871900E-01  2.291803300E-01
 2.658885400E-01  4.875470600E-01  6.953455100E-01  7.422981328E-01  7.627936372E-01  1.358751800E+01  7.986149500E-01  8.319759900E-01  6.953455100E-01  4.875470600E-01  2.658885400E-01
 3.035129400E-01  5.231321100E-01  7.296481900E-01  7.766101333E-01  7.974800267E-01  1.435115200E+01  8.342308461E-01  8.686465639E-01  7.296481900E-01  5.231321100E-01  3.035129400E-01
 3.420218500E-01  5.596108200E-01  7.648436900E-01  8.118108322E-01  8.330506678E-01  1.511986800E+01  8.707420000E-01  9.062282400E-01  7.648436900E-01  5.596108200E-01  3.420218500E-01
 3.813809900E-01  5.969490700E-01  8.008980400E-01  8.478662211E-01  8.694713989E-01  1.589188300E+01  9.081139622E-01  9.446865178E-01  8.008980400E-01  5.969490700E-01  3.813809900E-01
 4.215606300E-01  6.351172100E-01  8.377816300E-01  8.847467639E-01  9.067123261E-01  1.666560300E+01  9.463168244E-01  9.839913356E-01  8.377816300E-01  6.351172100E-01  4.215606300E-01
 4.625149500E-01  6.740695600E-01  8.754489300E-01  9.224069333E-01  9.447276667E-01  1.743906500E+01  9.853044444E-01  1.024096756E+00  8.754489300E-01  6.740695600E-01  4.625149500E-01
 5.042057100E-01  7.137680000E-01  9.138619100E-01  9.608087117E-01  9.834791983E-01  1.821059500E+01  1.025038833E+00  1.064963767E+00  9.138619100E-01  7.137680000E-01  5.042057100E-01
 5.465902000E-01  7.541698800E-01  9.529780600E-01  9.999097444E-01  1.022924056E+00  1.897847800E+01  1.065476961E+00  1.106549339E+00  9.529780600E-01  7.541698800E-01  5.465902000E-01
 5.896236300E-01  7.952305100E-01  9.927527400E-01  1.039665067E+00  1.063017733E+00  1.974103500E+01  1.106573728E+00  1.148808372E+00  9.927527400E-01  7.952305100E-01  5.896236300E-01
 6.332592700E-01  8.369032100E-01  1.033139400E+00  1.080028561E+00  1.103712939E+00  2.049662200E+01  1.148282133E+00  1.191693867E+00  1.033139400E+00  8.369032100E-01  6.332592700E-01
 6.774484700E-01  8.791394000E-01  1.074089500E+00  1.120951422E+00  1.144961378E+00  2.124364200E+01  1.190553383E+00  1.235156517E+00  1.074089500E+00  8.791394000E-01  6.774484700E-01
 7.221407700E-01  9.218886600E-01  1.115552700E+00  1.162383761E+00  1.186712139E+00  2.198054700E+01  1.233336372E+00  1.279145728E+00  1.115552700E+00  9.218886600E-01  7.221407700E-01
 7.672839700E-01  9.650988500E-01  1.157476900E+00  1.204273172E+00  1.228913328E+00  2.270584100E+01  1.276579317E+00  1.323608183E+00  1.157476900E+00  9.650988500E-01  7.672839700E-01
 8.128323700E-01  1.008724300E+00  1.199816600E+00  1.246574467E+00  1.271518733E+00  2.341822900E+01  1.320236117E+00  1.368497783E+00  1.199816600E+00  1.008724300E+00  8.128323700E-01
 8.587305100E-01  1.052709600E+00  1.242516500E+00  1.289231833E+00  1.314473567E+00  2.411632400E+01  1.364250361E+00  1.413759139E+00  1.242516500E+00  1.052709600E+00  8.587305100E-01
 9.049197700E-01  1.096996200E+00  1.285518000E+00  1.332187489E+00  1.357718511E+00  2.479877600E+01  1.408563867E+00  1.459332533E+00  1.285518000E+00  1.096996200E+00  9.049197700E-01
 9.513426300E-01  1.141526700E+00  1.328763700E+00  1.375383933E+00  1.401196067E+00  2.546435400E+01  1.453118633E+00  1.505159967E+00  1.328763700E+00  1.141526700E+00  9.513426300E-01
 9.979448800E-01  1.186246800E+00  1.372199700E+00  1.418767067E+00  1.444852133E+00  2.611195700E+01  1.497860267E+00  1.551186533E+00  1.372199700E+00  1.186246800E+00  9.979448800E-01
 1.044669300E+00  1.231099400E+00  1.415768800E+00  1.462280094E+00  1.488629406E+00  2.674052600E+01  1.542731167E+00  1.597354633E+00  1.415768900E+00  1.231099400E+00  1.044669300E+00
 1.091458300E+00  1.276027000E+00  1.459413700E+00  1.505865211E+00  1.532470589E+00  2.734907700E+01  1.587673439E+00  1.643605861E+00  1.459413700E+00  1.276027000E+00  1.091458300E+00
 1.138253500E+00  1.320971500E+00  1.503076200E+00  1.549464928E+00  1.576317172E+00  2.793670600E+01  1.632628689E+00  1.689881311E+00  1.503076200E+00  1.320971500E+00  1.138253500E+00
 1.184996600E+00  1.365874400E+00  1.546698300E+00  1.593021250E+00  1.620110650E+00  2.850258200E+01  1.677537917E+00  1.736121983E+00  1.546698300E+00  1.365874400E+00  1.184996600E+00
 1.231644800E+00  1.410693300E+00  1.590237400E+00  1.636491472E+00  1.663808828E+00  2.904613200E+01  1.722358939E+00  1.782284161E+00  1.590237400E+00  1.410693300E+00  1.231644800E+00
 1.278116300E+00  1.455346300E+00  1.633612000E+00  1.679794200E+00  1.707329800E+00  2.956641100E+01  1.767008644E+00  1.828285756E+00  1.633612000E+00  1.455346300E+00  1.278116300E+00
 1.324378300E+00  1.499801100E+00  1.676789800E+00  1.722897339E+00  1.750640961E+00  3.006310200E+01  1.811454850E+00  1.874093050E+00  1.676789800E+00  1.499801100E+00  1.324378300E+00
 3.786537900E-11  2.096857900E-01  4.122302100E-01  4.615158067E-01  4.839466333E-01  7.059478700E+00  5.199364011E-01  5.524849789E-01  4.122302100E-01  2.096857900E-01  3.786521900E-11
 2.540273600E-02  2.331500100E-01  4.344132200E-01  4.836483106E-01  5.064992194E-01  7.605149700E+00  5.434898217E-01  5.771874283E-01  4.344132200E-01  2.331500100E-01  2.540273600E-02
 5.157269500E-02  2.573879400E-01  4.573684100E-01  5.065485039E-01  5.298149461E-01  8.161022200E+00  5.678186383E-01  6.026831117E-01  4.573684100E-01  2.573879400E-01  5.157269500E-02
 7.848994900E-02  2.823800000E-01  4.810764300E-01  5.301971106E-01  5.538741794E-01  8.725753300E+00  5.929030439E-01  6.289519661E-01  4.810764400E-01  2.823800000E-01  7.848994900E-02
 1.061326600E-01  3.081046800E-01  5.055159600E-01  5.545728328E-01  5.786554172E-01  9.297960000E+00  6.187212306E-01  6.559719794E-01  5.055159600E-01  3.081046800E-01  1.061326600E-01
 1.344770900E-01  3.345385100E-01  5.306637300E-01  5.796525761E-01  6.041350539E-01  9.876228600E+00  6.452494811E-01  6.837191789E-01  5.306637300E-01  3.345385100E-01  1.344770900E-01
 1.634976000E-01  3.616561300E-01  5.564945600E-01  6.054112133E-01  6.302877067E-01  1.045912400E+01  6.724621383E-01  7.121676517E-01  5.564945600E-01  3.616561300E-01  1.634976000E-01
 1.931667100E-01  3.894302900E-01  5.829813500E-01  6.318217178E-01  6.570860422E-01  1.104519800E+01  7.003316344E-01  7.412896256E-01  5.829813500E-01  3.894302900E-01  1.931667100E-01
 2.234550900E-01  4.178318700E-01  6.100951300E-01  6.588552944E-01  6.845008056E-01  1.163299900E+01  7.288285628E-01  7.710553872E-01  6.100951300E-01  4.178318700E-01  2.234550900E-01
 2.543315900E-01  4.468299100E-01  6.378051000E-01  6.864811656E-01  7.125010144E-01  1.222107600E+01  7.579216461E-01  8.014334039E-01  6.378051000E-01  4.468299100E-01  2.543315900E-01
 2.857632800E-01  4.763916600E-01  6.660786400E-01  7.146668861E-01  7.410537639E-01  1.280799200E+01  7.875778278E-01  8.323903122E-01  6.660786400E-01  4.763916600E-01  2.857632800E-01
 3.177155000E-01  5.064826300E-01  6.948813800E-01  7.433781078E-01  7.701245522E-01  1.339232400E+01  8.177622711E-01  8.638909689E-01  6.948813800E-01  5.064826300E-01  3.177155000E-01
 3.501585600E-01  5.370731800E-01  7.241837500E-01  7.725854250E-01  7.996835650E-01  1.397281200E+01  8.484450283E-01  8.959052217E-01  7.241837500E-01  5.370731800E-01  3.501585600E-01
 3.830483500E-01  5.681193500E-01  7.539419200E-01  8.022451217E-01  8.296867283E-01  1.454795500E+01  8.795817833E-01  9.283883967E-01  7.539419200E-01  5.681193500E-01  3.830483500E-01
 4.163486900E-01  5.995850800E-01  7.841199200E-01  8.323213206E-01  8.600979094E-01  1.511648900E+01  9.111361706E-01  9.613037194E-01  7.841199200E-01  5.995850800E-01  4.163486900E-01
 4.500199400E-01  6.314308200E-01  8.146783200E-01  8.627746850E-01  8.908774650E-01  1.567714300E+01  9.430682422E-01  9.946110378E-01  8.146783200E-01  6.314308200E-01  4.500199400E-01
 4.840213600E-01  6.636159100E-01  8.455765300E-01  8.935647483E-01  9.219846217E-01  1.622869800E+01  9.753369722E-01  1.028268968E+00  8.455765300E-01  6.636159100E-01  4.840213600E-01
 5.183111600E-01  6.960986300E-01  8.767729100E-01  9.246500244E-01  9.533775356E-01  1.676998500E+01  1.007900306E+00  1.062234994E+00  8.767729100E-01  6.960986300E-01  5.183111600E-01
 5.528465800E-01  7.288362800E-01  9.082248500E-01  9.559879350E-01  9.850134750E-01  1.729989200E+01  1.040715317E+00  1.096465783E+00  9.082248500E-01  7.288362800E-01  5.528465800E-01
 5.875839800E-01  7.617853000E-01  9.398888600E-01  9.875351028E-01  1.016848807E+00  1.781736400E+01  1.073737683E+00  1.130917217E+00  9.398888600E-01  7.617853000E-01  5.875839800E-01
 6.224789300E-01  7.949012900E-01  9.717206400E-01  1.019247456E+00  1.048838744E+00  1.832140600E+01  1.106923122E+00  1.165543478E+00  9.717206400E-01  7.949012900E-01  6.224789300E-01
 6.574931200E-01  8.281460100E-01  1.003682000E+00  1.051087056E+00  1.080945144E+00  1.881117600E+01  1.140232422E+00  1.200306378E+00  1.003682000E+00  8.281460100E-01  6.574931200E-01
 6.925805100E-01  8.614734700E-01  1.035727100E+00  1.083007567E+00  1.113122233E+00  1.928579400E+01  1.173619800E+00  1.235158600E+00  1.035727100E+00  8.614734700E-01  6.925805100E-01
 7.276933000E-01  8.948359400E-01  1.067808100E+00  1.114962206E+00  1.145321694E+00  1.974442800E+01  1.207036756E+00  1.270051644E+00  1.067808100E+00  8.948359400E-01  7.276933000E-01
 7.627853700E-01  9.281873400E-01  1.099879300E+00  1.146904567E+00  1.177497633E+00  2.018634900E+01  1.240436894E+00  1.304938606E+00  1.099879300E+00  9.281873400E-01  7.627853700E-01
 7.978137900E-01  9.614848200E-01  1.131897700E+00  1.178791950E+00  1.209607350E+00  2.061092600E+01  1.273777022E+00  1.339775778E+00  1.131897700E+00  9.614848200E-01  7.978137900E-01
 8.327338800E-01  9.946837900E-01  1.163819000E+00  1.210580467E+00  1.241605933E+00  2.101757600E+01  1.307012350E+00  1.374517350E+00  1.163819000E+00  9.946837900E-01  8.327338800E-01
 8.675011500E-01  1.027739800E+00  1.195598800E+00  1.242225617E+00  1.273448883E+00  2.140578200E+01  1.340097472E+00  1.409118428E+00  1.195598800E+00  1.027739800E+00  8.675011500E-01
 9.020713800E-01  1.060608900E+00  1.227193100E+00  1.273683500E+00  1.305092300E+00  2.177509700E+01  1.372988506E+00  1.443533594E+00  1.227193100E+00  1.060608900E+00  9.020713800E-01
 9.364006500E-01  1.093247100E+00  1.258558200E+00  1.304911028E+00  1.336492072E+00  2.212513400E+01  1.405640750E+00  1.477718150E+00  1.258558200E+00  1.093247100E+00  9.364006500E-01
 9.704578000E-01  1.125623400E+00  1.289663400E+00  1.335876994E+00  1.367617506E+00  2.245566400E+01  1.438022711E+00  1.511640089E+00  1.289663400E+00  1.125623400E+00  9.704578000E-01
 1.004182000E+00  1.157677200E+00  1.320448100E+00  1.366521106E+00  1.398407794E+00  2.276628800E+01  1.470073500E+00  1.545237500E+00  1.320448100E+00  1.157677200E+00  1.004182000E+00
 1.037550700E+00  1.189386100E+00  1.350890100E+00  1.396821261E+00  1.428840839E+00  2.305694800E+01  1.501770428E+00  1.578486672E+00  1.350890100E+00  1.189386100E+00  1.037550700E+00
 3.230440500E-11  1.833473600E-01  3.701562500E-01  4.206374400E-01  4.489384800E-01  6.314178600E+00  4.939827244E-01  5.359223556E-01  3.701562500E-01  1.833473600E-01  3.230393800E-11
 2.160683800E-02  2.031668400E-01  3.886937600E-01  4.390117233E-01  4.677448567E-01  6.755869300E+00  5.139726011E-01  5.573192189E-01  3.886937600E-01  2.031668400E-01  2.160683800E-02
 4.373389900E-02  2.235126000E-01  4.077563400E-01  4.579084956E-01  4.870655444E-01  7.201668900E+00  5.344886189E-01  5.792605211E-01  4.077563400E-01  2.235126000E-01  4.373389900E-02
 6.635839100E-02  2.443621500E-01  4.273217700E-01  4.773056311E-01  5.068780089E-01  7.650387900E+00  5.555078922E-01  6.017229678E-01  4.273217700E-01  2.443621500E-01  6.635839100E-02
 8.945615800E-02  2.656916600E-01  4.473664500E-01  4.971796356E-01  5.271582444E-01  8.100829300E+00  5.770061150E-01  6.246818950E-01  4.473664500E-01  2.656916600E-01  8.945615800E-02
 1.130017200E-01  2.874759300E-01  4.678653800E-01  5.175056333E-01  5.478809667E-01  8.551797000E+00  5.989576622E-01  6.481112178E-01  4.678653800E-01  2.874759300E-01  1.130017200E-01
 1.369683300E-01  3.096884500E-01  4.887922600E-01  5.382573778E-01  5.690196222E-01  9.002102700E+00  6.213356089E-01  6.719835511E-01  4.887922600E-01  3.096884500E-01  1.369683300E-01
 1.613280100E-01  3.323014800E-01  5.101195600E-01  5.594075050E-01  5.905462850E-01  9.450572500E+00  6.441117900E-01  6.962702700E-01  5.101195600E-01  3.323014800E-01  1.613280100E-01
 1.860516300E-01  3.552861000E-01  5.318185000E-01  5.809273383E-01  6.124319717E-01  9.896053400E+00  6.672568000E-01  7.209415600E-01  5.318185000E-01  3.552861000E-01  1.860516300E-01
 2.111089200E-01  3.786122500E-01  5.538592000E-01  6.027870717E-01  6.346465183E-01  1.033741900E+01  6.907401239E-01  7.459664461E-01  5.538592100E-01  3.786122500E-01  2.111089200E-01
 2.364685800E-01  4.022487900E-01  5.762106800E-01  6.249559206E-01  6.571586294E-01  1.077357200E+01  7.145302178E-01  7.713128222E-01  5.762106800E-01  4.022487900E-01  2.364685800E-01
 2.620982800E-01  4.261635400E-01  5.988409200E-01  6.474019072E-01  6.799361228E-01  1.120345500E+01  7.385944467E-01  7.969475933E-01  5.988409200E-01  4.261635400E-01  2.620982800E-01
 2.879706700E-01  4.503292400E-01  6.217227000E-01  6.700980172E-01  7.029514728E-01  1.162613900E+01  7.629050856E-01  8.228425744E-01  6.217227000E-01  4.503292400E-01  2.879706700E-01
 3.140461300E-01  4.747064200E-01  6.448167300E-01  6.930050028E-01  7.261652272E-01  1.204055800E+01  7.874221689E-01  8.489573911E-01  6.448167300E-01  4.747064200E-01  3.140461300E-01
 3.402927200E-01  4.992632500E-01  6.680912900E-01  7.160913289E-01  7.495453911E-01  1.244582900E+01  8.121134844E-01  8.752591156E-01  6.680912900E-01  4.992632500E-01  3.402927200E-01
 3.666759900E-01  5.239654000E-01  6.915121600E-01  7.393228789E-01  7.730575411E-01  1.284108800E+01  8.369441767E-01  9.017124833E-01  6.915121600E-01  5.239654000E-01  3.666759900E-01
 3.931611200E-01  5.487781100E-01  7.150446800E-01  7.626651056E-01  7.966668744E-01  1.322552200E+01  8.618790722E-01  9.282817078E-01  7.150446800E-01  5.487781100E-01  3.931611200E-01
 4.197129400E-01  5.736663100E-01  7.386538800E-01  7.860831628E-01  8.203381872E-01  1.359838000E+01  8.868825761E-01  9.549307339E-01  7.386538800E-01  5.736663100E-01  4.197129400E-01
 4.462960300E-01  5.985946600E-01  7.623045000E-01  8.095419850E-01  8.440360050E-01  1.395896200E+01  9.119189256E-01  9.816231344E-01  7.623045000E-01  5.985946600E-01  4.462960300E-01
 4.728748100E-01  6.235276300E-01  7.859611200E-01  8.330061939E-01  8.677247961E-01  1.430662800E+01  9.369520656E-01  1.008322394E+00  7.859611200E-01  6.235276300E-01  4.728748100E-01
 4.994135400E-01  6.484295600E-01  8.095881500E-01  8.564403939E-01  8.913687561E-01  1.464079700E+01  9.619459750E-01  1.034991675E+00  8.095881500E-01  6.484295600E-01  4.994135400E-01
 5.258819600E-01  6.732702500E-01  8.331554900E-01  8.798145672E-01  9.149376628E-01  1.496099500E+01  9.868698167E-01  1.061599883E+00  8.331554900E-01  6.732702500E-01  5.258819600E-01
 5.522440000E-01  6.980136900E-01  8.566272200E-01  9.030929272E-01  9.383954228E-01  1.526674800E+01  1.011687322E+00  1.088109678E+00  8.566272200E-01  6.980136900E-01  5.522440000E-01
 5.784627900E-01  7.226231000E-01  8.799666500E-01  9.262389267E-01  9.617052333E-01  1.555763000E+01  1.036360739E+00  1.114483561E+00  8.799666500E-01  7.226231000E-01  5.784627900E-01
 6.045033900E-01  7.470636100E-01  9.031390100E-01  9.492179289E-01  9.848321511E-01  1.583329800E+01  1.060855489E+00  1.140684911E+00  9.031390100E-01  7.470636100E-01  6.045033900E-01
 6.303338000E-01  7.713032700E-01  9.261124700E-01  9.719982161E-01  1.007744254E+00  1.609347500E+01  1.085138467E+00  1.166681133E+00  9.261124700E-01  7.713032700E-01  6.303338000E-01
 6.559211100E-01  7.953093000E-01  9.488543300E-01  9.945472000E-01  1.030408800E+00  1.633793400E+01  1.109176789E+00  1.192437811E+00  9.488543400E-01  7.953093000E-01  6.559211100E-01
 6.812330500E-01  8.190495000E-01  9.713325500E-01  1.016833128E+00  1.052793372E+00  1.656649900E+01  1.132937456E+00  1.217921944E+00  9.713325500E-01  8.190495000E-01  6.812330500E-01
 7.062380100E-01  8.424923700E-01  9.935157500E-01  1.038824333E+00  1.074866867E+00  1.677904800E+01  1.156388883E+00  1.243100417E+00  9.935157500E-01  8.424923700E-01  7.062380100E-01
 7.309050600E-01  8.656071300E-01  1.015373300E+00  1.060490828E+00  1.096598272E+00  1.697550700E+01  1.179499578E+00  1.267941222E+00  1.015373300E+00  8.656071300E-01  7.309050600E-01
 7.552130500E-01  8.883727600E-01  1.036884300E+00  1.081811506E+00  1.117966994E+00  1.715588300E+01  1.202247639E+00  1.292422461E+00  1.036884300E+00  8.883727600E-01  7.552130500E-01
 7.791194600E-01  9.107468900E-01  1.058006700E+00  1.102744678E+00  1.138930322E+00  1.732014700E+01  1.224591300E+00  1.316499300E+00  1.058006700E+00  9.107468900E-01  7.791194600E-01
 8.026102700E-01  9.327156900E-01  1.078726700E+00  1.123276744E+00  1.159474656E+00  1.746840800E+01  1.246514739E+00  1.340157961E+00  1.078726700E+00  9.327156900E-01  8.026102700E-01
 2.729582200E-11  1.590599000E-01  3.299566800E-01  3.797448906E-01  4.151565594E-01  5.625503700E+00  4.715423317E-01  5.256952183E-01  3.299566900E-01  1.590599000E-01  2.729596700E-11
 1.819814200E-02  1.756079500E-01  3.452293000E-01  3.947599644E-01  4.305834356E-01  5.974945100E+00  4.883490222E-01  5.442167378E-01  3.452293000E-01  1.756079500E-01  1.819814200E-02
 3.671578400E-02  1.924812400E-01  3.608265900E-01  4.100997683E-01  4.463212417E-01  6.323975900E+00  5.054770783E-01  5.630765917E-01  3.608266000E-01  1.924812400E-01  3.671578400E-02
 5.552971000E-02  2.096568700E-01  3.767259000E-01  4.257416961E-01  4.623470139E-01  6.671615300E+00  5.229029872E-01  5.822506028E-01  3.767259000E-01  2.096568700E-01  5.552971000E-02
 7.461586900E-02  2.271110900E-01  3.929036700E-01  4.416623328E-01  4.786368772E-01  7.016899800E+00  5.406024067E-01  6.017137133E-01  3.929036700E-01  2.271110900E-01  7.461586900E-02
 9.394943800E-02  2.448193600E-01  4.093355500E-01  4.578375450E-01  4.951660850E-01  7.358888100E+00  5.585501844E-01  6.214400556E-01  4.093355600E-01  2.448193600E-01  9.394943800E-02
 1.135048900E-01  2.627564000E-01  4.259964600E-01  4.742422756E-01  5.119093244E-01  7.696666600E+00  5.767203872E-01  6.414030828E-01  4.259964600E-01  2.627564000E-01  1.135048900E-01
 1.332560400E-01  2.808962600E-01  4.428606300E-01  4.908509200E-01  5.288404800E-01  8.029353500E+00  5.950865239E-01  6.615754861E-01  4.428606300E-01  2.808962600E-01  1.332560400E-01
 1.531761600E-01  2.992124200E-01  4.599016800E-01  5.076372222E-01  5.459329378E-01  8.356103200E+00  6.136214011E-01  6.819294589E-01  4.599016800E-01  2.992124200E-01  1.531761600E-01
 1.732379800E-01  3.176778000E-01  4.770927100E-01  5.245744378E-01  5.631594422E-01  8.676109500E+00  6.322973778E-01  7.024365422E-01  4.770927200E-01  3.176778000E-01  1.732379800E-01
 1.934137700E-01  3.362648700E-01  4.944063400E-01  5.416352494E-01  5.804924206E-01  8.988608000E+00  6.510862911E-01  7.230679089E-01  4.944063400E-01  3.362648700E-01  1.934137700E-01
 2.136754100E-01  3.549456700E-01  5.118147500E-01  5.587919922E-01  5.979037478E-01  9.292879000E+00  6.699596306E-01  7.437941794E-01  5.118147500E-01  3.549456700E-01  2.136754100E-01
 2.339994000E-01  3.736967900E-01  5.292946100E-01  5.760213983E-01  6.153699517E-01  9.588307200E+00  6.888934022E-01  7.645907978E-01  5.292946200E-01  3.736967900E-01  2.339994000E-01
 2.543524100E-01  3.924850400E-01  5.468128900E-01  5.932905928E-01  6.328576972E-01  9.874211800E+00  7.078538050E-01  7.854231450E-01  5.468128900E-01  3.924850400E-01  2.543524100E-01
 2.747079700E-01  4.112841000E-01  5.643434000E-01  6.105734683E-01  6.503406217E-01  1.015004500E+01  7.268139167E-01  8.062635833E-01  5.643434000E-01  4.112841000E-01  2.747079700E-01
 2.950380300E-01  4.300660100E-01  5.818583000E-01  6.278423189E-01  6.677906611E-01  1.041529100E+01  7.457452667E-01  8.270827733E-01  5.818583000E-01  4.300660100E-01  2.950380300E-01
 3.153146400E-01  4.488029500E-01  5.993298500E-01  6.450694972E-01  6.851799128E-01  1.066948600E+01  7.646193928E-01  8.478515372E-01  5.993298500E-01  4.488029500E-01  3.153146400E-01
 3.355100400E-01  4.674672200E-01  6.167305000E-01  6.622275667E-01  7.024806333E-01  1.091221900E+01  7.834080633E-01  8.685408767E-01  6.167305000E-01  4.674672200E-01  3.355100400E-01
 3.555967000E-01  4.860314000E-01  6.340329000E-01  6.792893206E-01  7.196653094E-01  1.114312700E+01  8.020833178E-01  8.891219622E-01  6.340329000E-01  4.860314000E-01  3.555967000E-01
 3.755473800E-01  5.044683300E-01  6.512100200E-01  6.962277300E-01  7.367068100E-01  1.136190200E+01  8.206173633E-01  9.095663367E-01  6.512100200E-01  5.044683300E-01  3.755473800E-01
 3.953351700E-01  5.227511700E-01  6.682351100E-01  7.130162389E-01  7.535782211E-01  1.156828400E+01  8.389829106E-01  9.298457394E-01  6.682351100E-01  5.227511700E-01  3.953351700E-01
 4.149377300E-01  5.408576700E-01  6.850860300E-01  7.296327589E-01  7.702573011E-01  1.176208400E+01  8.571570872E-01  9.499365828E-01  6.850860300E-01  5.408576700E-01  4.149377300E-01
 4.343286500E-01  5.587615100E-01  7.017365600E-01  7.460512028E-01  7.867177072E-01  1.194313300E+01  8.751130733E-01  9.698111267E-01  7.017365600E-01  5.587615100E-01  4.343286500E-01
 4.534813800E-01  5.764361800E-01  7.181603300E-01  7.622452622E-01  8.029329778E-01  1.211130500E+01  8.928238178E-01  9.894415022E-01  7.181603300E-01  5.764361800E-01  4.534813800E-01
 4.723712500E-01  5.938571300E-01  7.343328700E-01  7.781906094E-01  8.188785806E-01  1.226653300E+01  9.102642100E-01  1.008801730E+00  7.343328700E-01  5.938571300E-01  4.723712500E-01
 4.909761200E-01  6.110023000E-01  7.502322700E-01  7.938654061E-01  8.345325239E-01  1.240879500E+01  9.274117106E-01  1.027868299E+00  7.502322700E-01  6.110023000E-01  4.909761200E-01
 5.092735700E-01  6.278493700E-01  7.658363200E-01  8.092475333E-01  8.498725867E-01  1.253810700E+01  9.442434389E-01  1.046617461E+00  7.658363200E-01  6.278493700E-01  5.092735700E-01
 5.272419800E-01  6.443768200E-01  7.811236600E-01  8.243157328E-01  8.648773572E-01  1.265452100E+01  9.607372222E-01  1.065026378E+00  7.811236600E-01  6.443768200E-01  5.272419800E-01
 5.448605800E-01  6.605640100E-01  7.960737900E-01  8.390496161E-01  8.795262939E-01  1.275813200E+01  9.768722500E-01  1.083072450E+00  7.960737900E-01  6.605640100E-01  5.448605800E-01
 5.621094300E-01  6.763911400E-01  8.106670800E-01  8.534296444E-01  8.937997556E-01  1.284906500E+01  9.926280278E-01  1.100734672E+00  8.106670800E-01  6.763911400E-01  5.621094300E-01
 5.789757100E-01  6.918455200E-01  8.248910100E-01  8.674433678E-01  9.076852922E-01  1.292747100E+01  1.007991267E+00  1.117998733E+00  8.248910100E-01  6.918455200E-01  5.789757100E-01
 5.954320200E-01  7.068999200E-01  8.387185700E-01  8.810639389E-01  9.211558011E-01  1.299355000E+01  1.022934278E+00  1.134835922E+00  8.387185700E-01  7.068999200E-01  5.954320200E-01
 6.114711100E-01  7.215472800E-01  8.521428900E-01  8.942845267E-01  9.342045533E-01  1.304750100E+01  1.037449272E+00  1.151237428E+00  8.521428900E-01  7.215472800E-01  6.114711100E-01
 2.278893300E-11  1.366107500E-01  2.916133600E-01  3.389118783E-01  3.827960317E-01  4.988972700E+00  4.532520250E-01  5.236536450E-01  2.916133600E-01  1.366107500E-01  2.278907400E-11
 1.514100700E-02  1.502256300E-01  3.039593400E-01  3.509510428E-01  3.951613872E-01  5.256888600E+00  4.671959139E-01  5.396547561E-01  3.039593400E-01  1.502256300E-01  1.514100700E-02
 3.044163500E-02  1.640058200E-01  3.164702000E-01  3.631564400E-01  4.076724800E-01  5.521254500E+00  4.812929044E-01  5.558216956E-01  3.164702000E-01  1.640058200E-01  3.044163500E-02
 4.588019200E-02  1.779299400E-01  3.291249300E-01  3.755072350E-01  4.203080150E-01  5.781330800E+00  4.955211194E-01  5.721314106E-01  3.291249200E-01  1.779299400E-01  4.588019200E-02
 6.143462600E-02  1.919762400E-01  3.419020700E-01  3.879822239E-01  4.330462261E-01  6.036409800E+00  5.098581789E-01  5.885606011E-01  3.419020700E-01  1.919762400E-01  6.143462600E-02
 7.708259800E-02  2.061226700E-01  3.547798600E-01  4.005598211E-01  4.458651189E-01  6.285818700E+00  5.242814133E-01  6.050856267E-01  3.547798600E-01  2.061226700E-01  7.708259800E-02
 9.280154200E-02  2.203469100E-01  3.677362800E-01  4.132182017E-01  4.587424083E-01  6.528922800E+00  5.387679339E-01  6.216825761E-01  3.677362800E-01  2.203469100E-01  9.280154200E-02
 1.085687400E-01  2.346264900E-01  3.807490900E-01  4.259353606E-01  4.716556294E-01  6.765128000E+00  5.532947022E-01  6.383273378E-01  3.807490900E-01  2.346264900E-01  1.085687400E-01
 1.243613600E-01  2.489388000E-01  3.937959400E-01  4.386890706E-01  4.845822994E-01  6.993882400E+00  5.678385289E-01  6.549957511E-01  3.937959400E-01  2.489388000E-01  1.243613600E-01
 1.401565600E-01  2.632611900E-01  4.068544000E-01  4.514571878E-01  4.974997122E-01  7.214678000E+00  5.823761956E-01  6.716635244E-01  4.068544000E-01  2.632611900E-01  1.401565600E-01
 1.559314800E-01  2.775709900E-01  4.199020100E-01  4.642173944E-01  5.103853456E-01  7.427051400E+00  5.968844733E-01  6.883064067E-01  4.199020100E-01  2.775709900E-01  1.559314800E-01
 1.716633300E-01  2.918456000E-01  4.329163600E-01  4.769474339E-01  5.232166361E-01  7.630584500E+00  6.113401428E-01  7.049002072E-01  4.329163600E-01  2.918456000E-01  1.716633300E-01
 1.873333600E-01  3.060663600E-01  4.458789400E-01  4.896290100E-01  5.359749300E-01  7.824931100E+00  6.257240850E-01  7.214247850E-01  4.458789400E-01  3.060663600E-01  1.873333600E-01
 2.029153900E-01  3.202072700E-01  4.587639100E-01  5.022364044E-01  5.486343556E-01  8.009738700E+00  6.400096400E-01  7.378525600E-01  4.587639100E-01  3.202072700E-01  2.029153900E-01
 2.183890800E-01  3.342481100E-01  4.715512500E-01  5.147498317E-01  5.611747183E-01  8.184738300E+00  6.541761206E-01  7.541616694E-01  4.715512500E-01  3.342481100E-01  2.183890800E-01
 2.337331600E-01  3.481677600E-01  4.842199600E-01  5.271483822E-01  5.735750578E-01  8.349697000E+00  6.682018272E-01  7.703294428E-01  4.842199600E-01  3.481677600E-01  2.337331600E-01
 2.489268400E-01  3.619455200E-01  4.967494900E-01  5.394116583E-01  5.858147717E-01  8.504426100E+00  6.820655417E-01  7.863335883E-01  4.967494800E-01  3.619455200E-01  2.489268400E-01
 2.639498200E-01  3.755612000E-01  5.091197700E-01  5.515198133E-01  5.978737067E-01  8.648780200E+00  6.957464633E-01  8.021524367E-01  5.091197600E-01  3.755612000E-01  2.639498200E-01
 2.787823000E-01  3.889951200E-01  5.213112400E-01  5.634533472E-01  6.097323628E-01  8.782655300E+00  7.092245061E-01  8.177646239E-01  5.213112400E-01  3.889951200E-01  2.787823000E-01
 2.934050700E-01  4.022281400E-01  5.333049000E-01  5.751934117E-01  6.213717383E-01  8.905988100E+00  7.224799189E-01  8.331495811E-01  5.333049000E-01  4.022281400E-01  2.934050700E-01
 3.077994900E-01  4.152417200E-01  5.450823000E-01  5.867217183E-01  6.327733917E-01  9.018753600E+00  7.354936944E-01  8.482871256E-01  5.450823000E-01  4.152417200E-01  3.077994900E-01
 3.219505200E-01  4.280209100E-01  5.566286300E-01  5.980235172E-01  6.439225728E-01  9.120964900E+00  7.482503533E-01  8.631608067E-01  5.566286300E-01  4.280209100E-01  3.219505200E-01
 3.358405100E-01  4.405481600E-01  5.679264200E-01  6.090815400E-01  6.548018600E-01  9.212663600E+00  7.607318678E-01  8.777514722E-01  5.679264200E-01  4.405481600E-01  3.358405100E-01
 3.494520000E-01  4.528060800E-01  5.789584300E-01  6.198785450E-01  6.653941650E-01  9.293929600E+00  7.729203489E-01  8.920402111E-01  5.789584300E-01  4.528060800E-01  3.494520000E-01
 3.627692600E-01  4.647790700E-01  5.897091500E-01  6.303992344E-01  6.756839856E-01  9.364876900E+00  7.847996883E-01  9.060098417E-01  5.897091500E-01  4.647790700E-01  3.627692600E-01
 3.757785900E-01  4.764534900E-01  6.001650800E-01  6.406301572E-01  6.856579728E-01  9.425642500E+00  7.963558289E-01  9.196451311E-01  6.001650800E-01  4.764534900E-01  3.757785900E-01
 3.884663400E-01  4.878158100E-01  6.103128100E-01  6.505579922E-01  6.953029078E-01  9.476392400E+00  8.075747422E-01  9.329309778E-01  6.103128000E-01  4.878158100E-01  3.884663400E-01
 4.008197100E-01  4.988533600E-01  6.201397900E-01  6.601702789E-01  7.046063811E-01  9.517317500E+00  8.184432500E-01  9.458531300E-01  6.201397900E-01  4.988533600E-01  4.008197100E-01
 4.128267500E-01  5.095542800E-01  6.296343300E-01  6.694554367E-01  7.135568633E-01  9.548631700E+00  8.289491261E-01  9.583980839E-01  6.296343300E-01  5.095542800E-01  4.128267500E-01
 4.244763000E-01  5.199075900E-01  6.387855800E-01  6.784026328E-01  7.221437772E-01  9.570570000E+00  8.390809339E-01  9.705531761E-01  6.387855800E-01  5.199075900E-01  4.244763000E-01
 4.357620200E-01  5.299070600E-01  6.475875000E-01  6.870060078E-01  7.303612122E-01  9.583351400E+00  8.488319756E-01  9.823105844E-01  6.475875000E-01  5.299070600E-01  4.357620200E-01
 4.466684600E-01  5.395374200E-01  6.560249800E-01  6.952504683E-01  7.381943817E-01  9.587296100E+00  8.581865550E-01  9.936533350E-01  6.560249700E-01  5.395374200E-01  4.466684600E-01
 4.571933300E-01  5.487965500E-01  6.640961100E-01  7.031341517E-01  7.456416783E-01  9.582628600E+00  8.671422078E-01  1.004577532E+00  6.640961100E-01  5.487965500E-01  4.571933300E-01
 1.873347300E-11  1.157447000E-01  2.545054600E-01  2.979109511E-01  3.515974489E-01  4.398993800E+00  4.390358633E-01  5.310024367E-01  2.545054600E-01  1.157447000E-01  1.873365500E-11
 1.239942800E-02  1.267315400E-01  2.642459300E-01  3.072829156E-01  3.611152844E-01  4.595066400E+00  4.503288483E-01  5.447035217E-01  2.642459300E-01  1.267315400E-01  1.239942800E-02
 2.483517200E-02  1.377607100E-01  2.740298100E-01  3.167048694E-01  3.706537206E-01  4.785684800E+00  4.616458428E-01  5.584323472E-01  2.740298100E-01  1.377607100E-01  2.483517200E-02
 3.728856000E-02  1.488138900E-01  2.838389800E-01  3.261589378E-01  3.801944222E-01  4.970357500E+00  4.729675806E-01  5.721683694E-01  2.838389800E-01  1.488138900E-01  3.728856000E-02
 4.974095600E-02  1.598727300E-01  2.936553200E-01  3.356271844E-01  3.897190956E-01  5.148631500E+00  4.842749172E-01  5.858910128E-01  2.936553200E-01  1.598727300E-01  4.974095600E-02
 6.217381600E-02  1.709189800E-01  3.034607900E-01  3.450917739E-01  3.992094961E-01  5.320093300E+00  4.955486967E-01  5.995798433E-01  3.034607900E-01  1.709189800E-01  6.217381600E-02
 7.456874900E-02  1.819345200E-01  3.132374400E-01  3.545349494E-01  4.086475606E-01  5.484369700E+00  5.067699628E-01  6.132146272E-01  3.132374400E-01  1.819345200E-01  7.456874900E-02
 8.690756500E-02  1.929013800E-01  3.229675100E-01  3.639391144E-01  4.180153856E-01  5.641129200E+00  5.179199500E-01  6.267752700E-01  3.229675100E-01  1.929013800E-01  8.690756500E-02
 9.917232700E-02  2.038018700E-01  3.326334800E-01  3.732869017E-01  4.272953483E-01  5.790081100E+00  5.289802339E-01  6.402419161E-01  3.326334800E-01  2.038018700E-01  9.917232700E-02
 1.113453900E-01  2.146185500E-01  3.422180800E-01  3.825611328E-01  4.364701172E-01  5.930976000E+00  5.399325472E-01  6.535951228E-01  3.422180800E-01  2.146185500E-01  1.113453900E-01
 1.234094500E-01  2.253343100E-01  3.517043500E-01  3.917450306E-01  4.455226594E-01  6.063605400E+00  5.507590239E-01  6.668157461E-01  3.517043500E-01  2.253343100E-01  1.234094500E-01
 1.353475400E-01  2.359323700E-01  3.610756900E-01  4.008220661E-01  4.544363439E-01  6.187800300E+00  5.614421783E-01  6.798849717E-01  3.610756900E-01  2.359323700E-01  1.353475400E-01
 1.471460600E-01  2.463992500E-01  3.703187100E-01  4.097789306E-01  4.631977594E-01  6.303437000E+00  5.719679139E-01  6.927874761E-01  3.703187100E-01  2.463992500E-01  1.471460600E-01
 1.587861400E-01  2.567162300E-01  3.794148600E-01  4.185971239E-01  4.717884061E-01  6.410416400E+00  5.823167633E-01  7.055026167E-01  3.794148600E-01  2.567162300E-01  1.587861400E-01
 1.702535600E-01  2.668692800E-01  3.883502300E-01  4.272627961E-01  4.801944339E-01  6.508685700E+00  5.924740717E-01  7.180143583E-01  3.883502200E-01  2.668692800E-01  1.702535600E-01
 1.815337500E-01  2.768439200E-01  3.971104800E-01  4.357617183E-01  4.884015117E-01  6.598224600E+00  6.024247422E-01  7.303063778E-01  3.971104800E-01  2.768439200E-01  1.815337500E-01
 1.926127000E-01  2.866262900E-01  4.056818900E-01  4.440801289E-01  4.963960311E-01  6.679045700E+00  6.121542472E-01  7.423630228E-01  4.056818900E-01  2.866262900E-01  1.926127000E-01
 2.034770900E-01  2.962031500E-01  4.140513300E-01  4.522049672E-01  5.041649828E-01  6.751193700E+00  6.216488617E-01  7.541691883E-01  4.140513300E-01  2.962031500E-01  2.034770900E-01
 2.141142100E-01  3.055619300E-01  4.222063500E-01  4.601237617E-01  5.116960483E-01  6.814742400E+00  6.308953878E-01  7.657105522E-01  4.222063500E-01  3.055619300E-01  2.141142100E-01
 2.245120200E-01  3.146906800E-01  4.301351300E-01  4.678247006E-01  5.189775694E-01  6.869794100E+00  6.398813689E-01  7.769734311E-01  4.301351300E-01  3.146906800E-01  2.245120200E-01
 2.346591500E-01  3.235781200E-01  4.378264800E-01  4.752966428E-01  5.259985072E-01  6.916476600E+00  6.485950083E-01  7.879448017E-01  4.378264800E-01  3.235781200E-01  2.346591500E-01
 2.445468500E-01  3.322155900E-01  4.452719100E-01  4.825309944E-01  5.327506256E-01  6.954929400E+00  6.570271994E-01  7.986143306E-01  4.452719100E-01  3.322155900E-01  2.445468500E-01
 2.541649000E-01  3.405929900E-01  4.524613800E-01  4.895177539E-01  5.392240761E-01  6.985322500E+00  6.651672944E-01  8.089702456E-01  4.524613800E-01  3.405929900E-01  2.541649000E-01
 2.635034400E-01  3.487005200E-01  4.593852700E-01  4.962471967E-01  5.454095433E-01  7.007854500E+00  6.730051578E-01  8.190010822E-01  4.593852700E-01  3.487005200E-01  2.635034400E-01
 2.725540400E-01  3.565298600E-01  4.660353600E-01  5.027111611E-01  5.512990189E-01  7.022739200E+00  6.805319611E-01  8.286969389E-01  4.660353600E-01  3.565298600E-01  2.725540400E-01
 2.813097200E-01  3.640741400E-01  4.724049200E-01  5.089027817E-01  5.568861483E-01  7.030195700E+00  6.877404683E-01  8.380493017E-01  4.724049200E-01  3.640741400E-01  2.813097200E-01
 2.897638000E-01  3.713267700E-01  4.784875000E-01  5.148155439E-01  5.621648261E-01  7.030462700E+00  6.946237533E-01  8.470499667E-01  4.784875000E-01  3.713267700E-01  2.897638000E-01
 2.979103200E-01  3.782819000E-01  4.842774200E-01  5.204437544E-01  5.671296656E-01  7.023790800E+00  7.011755789E-01  8.556915211E-01  4.842774200E-01  3.782819000E-01  2.979103200E-01
 3.057440200E-01  3.849344100E-01  4.897697000E-01  5.257823072E-01  5.717761228E-01  7.010442100E+00  7.073905089E-01  8.639672511E-01  4.897697000E-01  3.849344100E-01  3.057440200E-01
 3.132603700E-01  3.912798600E-01  4.949600900E-01  5.308269172E-01  5.761003728E-01  6.990687800E+00  7.132638172E-01  8.718711528E-01  4.949600900E-01  3.912798600E-01  3.132603700E-01
 3.204576900E-01  3.973167300E-01  4.998472700E-01  5.355760978E-01  5.801015422E-01  6.964760000E+00  7.187937183E-01  8.794001117E-01  4.998472700E-01  3.973167300E-01  3.204576900E-01
 3.273294000E-01  4.030386000E-01  5.044250000E-01  5.400235428E-01  5.837738872E-01  6.933012400E+00  7.239734756E-01  8.865461644E-01  5.044250000E-01  4.030386000E-01  3.273294000E-01
 3.338764800E-01  4.084466100E-01  5.086946700E-01  5.441705050E-01  5.871193250E-01  6.895654300E+00  7.288040750E-01  8.933088150E-01  5.086946700E-01  4.084466100E-01  3.338764800E-01
 1.507880600E-11  9.617947300E-02  2.191115800E-01  2.560342211E-01  3.207745189E-01  3.845533900E+00  4.288759778E-01  5.490327822E-01  2.191115800E-01  9.617947300E-02  1.507899600E-11
 9.938965000E-03  1.048161300E-01  2.265211100E-01  2.631410239E-01  3.276731461E-01  3.978686500E+00  4.377345322E-01  5.606003278E-01  2.265211100E-01  1.048161300E-01  9.938965000E-03
 1.982466200E-02  1.134064100E-01  2.338856000E-01  2.702133594E-01  3.344965706E-01  4.105591300E+00  4.465133744E-01  5.720791656E-01  2.338856000E-01  1.134064100E-01  1.982466200E-02
 2.964248300E-02  1.219360400E-01  2.411911200E-01  2.772373272E-01  3.412309428E-01  4.225992100E+00  4.551975756E-01  5.834524244E-01  2.411911200E-01  1.219360400E-01  2.964248300E-02
 3.937813100E-02  1.303910100E-01  2.484240300E-01  2.841992761E-01  3.478627139E-01  4.339669300E+00  4.637724444E-01  5.947036756E-01  2.484240300E-01  1.303910100E-01  3.937813100E-02
 4.901766100E-02  1.387576600E-01  2.555709700E-01  2.910859056E-01  3.543786344E-01  4.446439600E+00  4.722236806E-01  6.058168294E-01  2.555709700E-01  1.387576600E-01  4.901766100E-02
 5.854751900E-02  1.470227000E-01  2.626189700E-01  2.978842233E-01  3.607659167E-01  4.546156000E+00  4.805373622E-01  6.167762778E-01  2.626189700E-01  1.470227000E-01  5.854751900E-02
 6.795458000E-02  1.551732300E-01  2.695554100E-01  3.045816072E-01  3.670121428E-01  4.638706800E+00  4.887000889E-01  6.275668311E-01  2.695554100E-01  1.551732300E-01  6.795458000E-02
 7.722617900E-02  1.631968100E-01  2.763681300E-01  3.111658744E-01  3.731053856E-01  4.724014400E+00  4.966987667E-01  6.381739133E-01  2.763681300E-01  1.631968100E-01  7.722617900E-02
 8.635012700E-02  1.710814700E-01  2.830453800E-01  3.176253128E-01  3.790341372E-01  4.802034500E+00  5.045210261E-01  6.485832639E-01  2.830453800E-01  1.710814700E-01  8.635012700E-02
 9.531473900E-02  1.788157000E-01  2.895759200E-01  3.239485772E-01  3.847875128E-01  4.872754600E+00  5.121548333E-01  6.587813667E-01  2.895759200E-01  1.788157000E-01  9.531473900E-02
 1.041088400E-01  1.863885000E-01  2.959489700E-01  3.301249150E-01  3.903550150E-01  4.936192400E+00  5.195887561E-01  6.687551539E-01  2.959489700E-01  1.863885000E-01  1.041088400E-01
 1.127237800E-01  1.937913500E-01  3.021561600E-01  3.361458206E-01  3.957286494E-01  4.992381500E+00  5.268138494E-01  6.784943006E-01  3.021561600E-01  1.937913500E-01  1.127237800E-01
 1.211476100E-01  2.010124500E-01  3.081859000E-01  3.419997200E-01  4.008972000E-01  5.041406800E+00  5.338178894E-01  6.879851006E-01  3.081859000E-01  2.010124500E-01  1.211476100E-01
 1.293717600E-01  2.080433800E-01  3.140299700E-01  3.476782978E-01  4.058528622E-01  5.083360300E+00  5.405921744E-01  6.972171656E-01  3.140299700E-01  2.080433800E-01  1.293717600E-01
 1.373876400E-01  2.148756700E-01  3.196800600E-01  3.531731783E-01  4.105877717E-01  5.118361400E+00  5.471278183E-01  7.061803317E-01  3.196800600E-01  2.148756700E-01  1.373876400E-01
 1.451872900E-01  2.215014700E-01  3.251284800E-01  3.584765550E-01  4.150947350E-01  5.146550400E+00  5.534166972E-01  7.148649928E-01  3.251284800E-01  2.215014700E-01  1.451872900E-01
 1.527633800E-01  2.279135500E-01  3.303681600E-01  3.635812817E-01  4.193671683E-01  5.168086800E+00  5.594513467E-01  7.232622533E-01  3.303681600E-01  2.279135500E-01  1.527633800E-01
 1.601092200E-01  2.341053300E-01  3.353926600E-01  3.684807811E-01  4.233991589E-01  5.183147600E+00  5.652248806E-01  7.313639494E-01  3.353926600E-01  2.341053300E-01  1.601092200E-01
 1.672187400E-01  2.400708200E-01  3.401961300E-01  3.731691267E-01  4.271853933E-01  5.191925500E+00  5.707311339E-01  7.391625361E-01  3.401961300E-01  2.400708200E-01  1.672187400E-01
 1.740864800E-01  2.458046600E-01  3.447733300E-01  3.776409917E-01  4.307211583E-01  5.194627600E+00  5.759644694E-01  7.466512006E-01  3.447733300E-01  2.458046600E-01  1.740864800E-01
 1.807087200E-01  2.513032000E-01  3.491207600E-01  3.818926156E-01  4.340036644E-01  5.191452600E+00  5.809211933E-01  7.538247667E-01  3.491207600E-01  2.513032000E-01  1.807087200E-01
 1.870810800E-01  2.565621300E-01  3.532342300E-01  3.859197722E-01  4.370292478E-01  5.182627600E+00  5.855967672E-01  7.606776228E-01  3.532342300E-01  2.565621300E-01  1.870810800E-01
 1.931995800E-01  2.615775700E-01  3.571099900E-01  3.897185017E-01  4.397948683E-01  5.168398100E+00  5.899872661E-01  7.672044639E-01  3.571099900E-01  2.615775700E-01  1.931995800E-01
 1.990613100E-01  2.663466700E-01  3.607453200E-01  3.932859556E-01  4.422984444E-01  5.149010000E+00  5.940897017E-01  7.734012283E-01  3.607453200E-01  2.663466700E-01  1.990613100E-01
 2.046642700E-01  2.708675400E-01  3.641384400E-01  3.966201839E-01  4.445389461E-01  5.124702700E+00  5.979022089E-01  7.792646711E-01  3.641384400E-01  2.708675400E-01  2.046642700E-01
 2.100068200E-01  2.751386000E-01  3.672879400E-01  3.997195972E-01  4.465156528E-01  5.095726000E+00  6.014231494E-01  7.847920806E-01  3.672879400E-01  2.751386000E-01  2.100068200E-01
 2.150878800E-01  2.791588600E-01  3.701929400E-01  4.025831450E-01  4.482284850E-01  5.062332700E+00  6.046515772E-01  7.899812328E-01  3.701929400E-01  2.791588600E-01  2.150878800E-01
 2.199068800E-01  2.829278600E-01  3.728531400E-01  4.052102856E-01  4.496779744E-01  5.024777400E+00  6.075870339E-01  7.948305961E-01  3.728531400E-01  2.829278600E-01  2.199068800E-01
 2.244638000E-01  2.864456600E-01  3.752687500E-01  4.076011194E-01  4.508650906E-01  4.983315300E+00  6.102297133E-01  7.993390867E-01  3.752687500E-01  2.864456600E-01  2.244638000E-01
 2.287599500E-01  2.897137100E-01  3.774413700E-01  4.097569428E-01  4.517924072E-01  4.938154300E+00  6.125811072E-01  8.035071228E-01  3.774413700E-01  2.897137100E-01  2.287599500E-01
 2.327948300E-01  2.927316200E-01  3.793708000E-01  4.116774250E-01  4.524605650E-01  4.889618300E+00  6.146410500E-01  8.073332100E-01  3.793708000E-01  2.927316200E-01  2.327948300E-01
 2.365712100E-01  2.955022900E-01  3.810601100E-01  4.133654133E-01  4.528735867E-01  4.837878600E+00  6.164126144E-01  8.108192456E-01  3.810601100E-01  2.955022900E-01  2.365712100E-01
 1.178902000E-11  7.771680400E-02  1.844161500E-01  2.147245761E-01  2.897785339E-01  3.311250200E+00  4.228266239E-01  5.793293061E-01  1.844161500E-01  7.771680400E-02  1.178962800E-11
 7.735798500E-03  8.427008700E-02  1.897744600E-01  2.198991706E-01  2.941145994E-01  3.390628100E+00  4.292454478E-01  5.886568122E-01  1.897744600E-01  8.427008700E-02  7.735798500E-03
 1.536063000E-02  9.072045500E-02  1.950335000E-01  2.249882311E-01  2.983185689E-01  3.463954300E+00  4.355171578E-01  5.978053622E-01  1.950335100E-01  9.072045500E-02  1.536063000E-02
 2.286439300E-02  9.705810700E-02  2.001837800E-01  2.299822928E-01  3.023814372E-01  3.531163100E+00  4.416313756E-01  6.067625844E-01  2.001837800E-01  9.705810700E-02  2.286439300E-02
 3.023744400E-02  1.032736800E-01  2.052161900E-01  2.348722183E-01  3.062947317E-01  3.592218900E+00  4.475782122E-01  6.155166478E-01  2.052162000E-01  1.032736800E-01  3.023744400E-02
 3.747062500E-02  1.093582600E-01  2.101221100E-01  2.396492700E-01  3.100504300E-01  3.647115200E+00  4.533483189E-01  6.240562611E-01  2.101221200E-01  1.093582600E-01  3.747062500E-02
 4.455528200E-02  1.153034500E-01  2.148933600E-01  2.443051894E-01  3.136410406E-01  3.695872900E+00  4.589328761E-01  6.323707139E-01  2.148933600E-01  1.153034500E-01  4.455528200E-02
 5.148328000E-02  1.211013100E-01  2.195222500E-01  2.488322089E-01  3.170595111E-01  3.738539000E+00  4.643236133E-01  6.404499467E-01  2.195222500E-01  1.211013100E-01  5.148328000E-02
 5.824701400E-02  1.267444400E-01  2.240015900E-01  2.532229783E-01  3.202994117E-01  3.775185100E+00  4.695127589E-01  6.482845011E-01  2.240015900E-01  1.267444400E-01  5.824701400E-02
 6.483941600E-02  1.322259600E-01  2.283246900E-01  2.574706989E-01  3.233547611E-01  3.805905400E+00  4.744932122E-01  6.558654878E-01  2.283246900E-01  1.322259600E-01  6.483941600E-02
 7.125395400E-02  1.375395100E-01  2.324853900E-01  2.615689689E-01  3.262202311E-01  3.830815200E+00  4.792583811E-01  6.631846789E-01  2.324853900E-01  1.375395100E-01  7.125395400E-02
 7.748463300E-02  1.426792300E-01  2.364780100E-01  2.655120089E-01  3.288909111E-01  3.850049400E+00  4.838021511E-01  6.702345289E-01  2.364780100E-01  1.426792300E-01  7.748463300E-02
 8.352717700E-02  1.476409600E-01  2.402985000E-01  2.692954978E-01  3.313635022E-01  3.863741400E+00  4.881202483E-01  6.770092817E-01  2.402985000E-01  1.476409600E-01  8.352717700E-02
 8.937557600E-02  1.524188100E-01  2.439411500E-01  2.729135439E-01  3.336331861E-01  3.872076000E+00  4.922067300E-01  6.835014100E-01  2.439411500E-01  1.524188100E-01  8.937557600E-02
 9.502599600E-02  1.570090700E-01  2.474023900E-01  2.763623350E-01  3.356972750E-01  3.875225900E+00  4.960577094E-01  6.897058006E-01  2.474023900E-01  1.570090700E-01  9.502599600E-02
 1.004747800E-01  1.614082000E-01  2.506788100E-01  2.796381989E-01  3.375532211E-01  3.873381500E+00  4.996696217E-01  6.956175083E-01  2.506788100E-01  1.614082000E-01  1.004747800E-01
 1.057188400E-01  1.656131600E-01  2.537675000E-01  2.827379828E-01  3.391990472E-01  3.866742800E+00  5.030395322E-01  7.012321678E-01  2.537675000E-01  1.656131600E-01  1.057188400E-01
 1.107555900E-01  1.696214900E-01  2.566661100E-01  2.856590233E-01  3.406333167E-01  3.855518600E+00  5.061649128E-01  7.065461772E-01  2.566661100E-01  1.696214900E-01  1.107555900E-01
 1.155829900E-01  1.734311900E-01  2.593727500E-01  2.883991672E-01  3.418551028E-01  3.839924200E+00  5.090439478E-01  7.115563922E-01  2.593727500E-01  1.734311900E-01  1.155829900E-01
 1.201995000E-01  1.770408000E-01  2.618860700E-01  2.909567306E-01  3.428639994E-01  3.820180700E+00  5.116751978E-01  7.162604022E-01  2.618860700E-01  1.770408000E-01  1.201995000E-01
 1.246040700E-01  1.804493200E-01  2.642051700E-01  2.933305294E-01  3.436601006E-01  3.796513400E+00  5.140578450E-01  7.206562650E-01  2.642051700E-01  1.804493200E-01  1.246040700E-01
 1.287965700E-01  1.836566900E-01  2.663300800E-01  2.955202289E-01  3.442444511E-01  3.769128700E+00  5.161920106E-01  7.247430794E-01  2.663300800E-01  1.836566900E-01  1.287965700E-01
 1.327767900E-01  1.866627400E-01  2.682607300E-01  2.975254544E-01  3.446180056E-01  3.738254800E+00  5.180778061E-01  7.285198839E-01  2.682607300E-01  1.866627400E-01  1.327767900E-01
 1.365448900E-01  1.894676800E-01  2.699974300E-01  2.993461000E-01  3.447821400E-01  3.704129300E+00  5.197156511E-01  7.319862289E-01  2.699974300E-01  1.894676800E-01  1.365448900E-01
 1.401016600E-01  1.920723600E-01  2.715411200E-01  3.009828417E-01  3.447388083E-01  3.666980900E+00  5.211067461E-01  7.351423439E-01  2.715411200E-01  1.920723600E-01  1.401016600E-01
 1.434484100E-01  1.944781300E-01  2.728932500E-01  3.024366822E-01  3.444905978E-01  3.627025200E+00  5.222527700E-01  7.379890900E-01  2.728932500E-01  1.944781300E-01  1.434484100E-01
 1.465867400E-01  1.966866300E-01  2.740555800E-01  3.037090156E-01  3.440403844E-01  3.584481500E+00  5.231557417E-01  7.405276683E-01  2.740555900E-01  1.966866300E-01  1.465867400E-01
 1.495185900E-01  1.986998800E-01  2.750302400E-01  3.048015344E-01  3.433914456E-01  3.539565300E+00  5.238181711E-01  7.427596689E-01  2.750302400E-01  1.986998800E-01  1.495185900E-01
 1.522462900E-01  2.005202500E-01  2.758196900E-01  3.057163628E-01  3.425473872E-01  3.492488300E+00  5.242428356E-01  7.446872044E-01  2.758196900E-01  2.005202500E-01  1.522462900E-01
 1.547724300E-01  2.021504000E-01  2.764267300E-01  3.064558522E-01  3.415122478E-01  3.443457400E+00  5.244330044E-01  7.463126756E-01  2.764267300E-01  2.021504000E-01  1.547724300E-01
 1.570999100E-01  2.035933000E-01  2.768544800E-01  3.070226339E-01  3.402903961E-01  3.392633300E+00  5.243921444E-01  7.476389356E-01  2.768544800E-01  2.035933000E-01  1.570999100E-01
 1.592318300E-01  2.048521300E-01  2.771062500E-01  3.074196300E-01  3.388863900E-01  3.340274700E+00  5.241240633E-01  7.486690767E-01  2.771062500E-01  2.048521300E-01  1.592318300E-01
 1.611715700E-01  2.059303500E-01  2.771856600E-01  3.076500011E-01  3.373051789E-01  3.286502200E+00  5.236329294E-01  7.494065006E-01  2.771856600E-01  2.059303500E-01  1.611715700E-01
 8.859436600E-12  6.040466800E-02  1.508074100E-01  1.740561489E-01  2.547549711E-01  2.783294000E+00  4.174688667E-01  6.200053333E-01  1.508074100E-01  6.040466800E-02  8.859180700E-12
 5.784220700E-03  6.514306300E-02  1.544161100E-01  1.777275400E-01  2.566589400E-01  2.819091900E+00  4.214961633E-01  6.268334167E-01  1.544161100E-01  6.514306300E-02  5.784220700E-03
 1.142869100E-02  6.975095700E-02  1.578997700E-01  1.812895739E-01  2.584082161E-01  2.849723000E+00  4.253372644E-01  6.334150956E-01  1.578997700E-01  6.975095700E-02  1.142869100E-02
 1.692773100E-02  7.422293400E-02  1.612532400E-01  1.847367322E-01  2.599989678E-01  2.875262800E+00  4.289866822E-01  6.397428378E-01  1.612532400E-01  7.422293400E-02  1.692773100E-02
 2.227615500E-02  7.855404700E-02  1.644718200E-01  1.880640900E-01  2.614276500E-01  2.895807700E+00  4.324394378E-01  6.458097222E-01  1.644718200E-01  7.855404700E-02  2.227615500E-02
 2.746927200E-02  8.273982500E-02  1.675512500E-01  1.912669878E-01  2.626913922E-01  2.911472600E+00  4.356911117E-01  6.516094383E-01  1.675512500E-01  8.273982500E-02  2.746927200E-02
 3.250289000E-02  8.677627300E-02  1.704877500E-01  1.943413183E-01  2.637876717E-01  2.922389400E+00  4.387377417E-01  6.571363883E-01  1.704877500E-01  8.677627300E-02  3.250289000E-02
 3.737331300E-02  9.065987300E-02  1.732779900E-01  1.972833322E-01  2.647145278E-01  2.928705300E+00  4.415760472E-01  6.623855028E-01  1.732779900E-01  9.065987300E-02  3.737331300E-02
 4.207733400E-02  9.438758000E-02  1.759191000E-01  2.000897706E-01  2.654704394E-01  2.930580800E+00  4.442031039E-01  6.673524261E-01  1.759191000E-01  9.438758000E-02  4.207733400E-02
 4.661223200E-02  9.795681500E-02  1.784086500E-01  2.027577633E-01  2.660543767E-01  2.928188200E+00  4.466166178E-01  6.720333822E-01  1.784086500E-01  9.795681500E-02  4.661223200E-02
 5.097575200E-02  1.013654600E-01  1.807446700E-01  2.052849111E-01  2.664657289E-01  2.921710000E+00  4.488147739E-01  6.764251761E-01  1.807446700E-01  1.013654600E-01  5.097575200E-02
 5.516609900E-02  1.046118200E-01  1.829256100E-01  2.076691933E-01  2.667043667E-01  2.911337000E+00  4.507962361E-01  6.805251939E-01  1.829256100E-01  1.046118200E-01  5.516609900E-02
 5.918244900E-02  1.076951400E-01  1.849507900E-01  2.099094200E-01  2.667709400E-01  2.897242600E+00  4.525605856E-01  6.843319944E-01  1.849507900E-01  1.076951400E-01  5.918244900E-02
 6.302342500E-02  1.106141500E-01  1.868190500E-01  2.120039606E-01  2.666657094E-01  2.879652700E+00  4.541069844E-01  6.878436156E-01  1.868190500E-01  1.106141500E-01  6.302342500E-02
 6.668875600E-02  1.133686500E-01  1.885303000E-01  2.139522033E-01  2.663900567E-01  2.858762500E+00  4.554357544E-01  6.910593056E-01  1.885303000E-01  1.133686500E-01  6.668875600E-02
 7.017843700E-02  1.159586900E-01  1.900846800E-01  2.157538083E-01  2.659454817E-01  2.834777300E+00  4.565473939E-01  6.939787961E-01  1.900846800E-01  1.159586900E-01  7.017843700E-02
 7.349286000E-02  1.183847200E-01  1.914827200E-01  2.174086622E-01  2.653340178E-01  2.807903000E+00  4.574429733E-01  6.966021867E-01  1.914827200E-01  1.183847200E-01  7.349286000E-02
 7.663279500E-02  1.206475500E-01  1.927253000E-01  2.189171956E-01  2.645578844E-01  2.778345300E+00  4.581238394E-01  6.989302106E-01  1.927253000E-01  1.206475500E-01  7.663279500E-02
 7.959937400E-02  1.227483300E-01  1.938136500E-01  2.202799950E-01  2.636198150E-01  2.746308600E+00  4.585918306E-01  7.009639394E-01  1.938136500E-01  1.227483300E-01  7.959937400E-02
 8.239406700E-02  1.246885700E-01  1.947493200E-01  2.214981511E-01  2.625226889E-01  2.711995300E+00  4.588491028E-01  7.027049672E-01  1.947493200E-01  1.246885700E-01  8.239406700E-02
 8.501866600E-02  1.264700700E-01  1.955341900E-01  2.225728600E-01  2.612699000E-01  2.675605100E+00  4.588981306E-01  7.041553594E-01  1.955341900E-01  1.264700700E-01  8.501866600E-02
 8.747525500E-02  1.280949400E-01  1.961704100E-01  2.235057617E-01  2.598649283E-01  2.637312800E+00  4.587418100E-01  7.053174500E-01  1.961704100E-01  1.280949400E-01  8.747525500E-02
 8.976615500E-02  1.295655000E-01  1.966603600E-01  2.242986028E-01  2.583116672E-01  2.597309900E+00  4.583832344E-01  7.061940256E-01  1.966603600E-01  1.295655000E-01  8.976615500E-02
 9.189397200E-02  1.308843700E-01  1.970067100E-01  2.249535128E-01  2.566141372E-01  2.555789900E+00  4.578258167E-01  7.067882433E-01  1.970067100E-01  1.308843700E-01  9.189397200E-02
 9.386162200E-02  1.320544600E-01  1.972124400E-01  2.254728289E-01  2.547767711E-01  2.512932500E+00  4.570733400E-01  7.071035800E-01  1.972124300E-01  1.320544600E-01  9.386162200E-02
 9.567211900E-02  1.330788000E-01  1.972806200E-01  2.258590289E-01  2.528040911E-01  2.468902200E+00  4.561297961E-01  7.071438739E-01  1.972806100E-01  1.330788000E-01  9.567211900E-02
 9.732872800E-02  1.339606500E-01  1.972145800E-01  2.261148100E-01  2.507008900E-01  2.423862500E+00  4.549993661E-01  7.069132039E-01  1.972145800E-01  1.339606500E-01  9.732872800E-02
 9.883487900E-02  1.347034400E-01  1.970178200E-01  2.262430700E-01  2.484721100E-01  2.377969900E+00  4.536865106E-01  7.064159794E-01  1.970178200E-01  1.347034400E-01  9.883487900E-02
 1.001941600E-01  1.353107800E-01  1.966940300E-01  2.262468461E-01  2.461228839E-01  2.331374200E+00  4.521958794E-01  7.056568506E-01  1.966940300E-01  1.353107800E-01  1.001941600E-01
 1.014103200E-01  1.357864100E-01  1.962470100E-01  2.261293044E-01  2.436585756E-01  2.284218700E+00  4.505323017E-01  7.046407483E-01  1.962470000E-01  1.357864100E-01  1.014103200E-01
 1.024866300E-01  1.361336400E-01  1.956801600E-01  2.258931917E-01  2.410840783E-01  2.236607300E+00  4.487002561E-01  7.033722539E-01  1.956801600E-01  1.361336400E-01  1.024866300E-01
 1.034278300E-01  1.363572100E-01  1.949983300E-01  2.255427244E-01  2.384057556E-01  2.188717900E+00  4.467057417E-01  7.018574683E-01  1.949983300E-01  1.363572100E-01  1.034278300E-01
 1.042370100E-01  1.364602400E-01  1.942047400E-01  2.250804278E-01  2.356284322E-01  2.140619500E+00  4.445530856E-01  7.001009744E-01  1.942047400E-01  1.364602400E-01  1.042370100E-01
 6.293884400E-12  4.445499100E-02  1.188898700E-01  1.367146311E-01  2.123541689E-01  2.258782200E+00  4.104978550E-01  6.676815550E-01  1.188898700E-01  4.445499100E-02  6.295713600E-12
 4.089541300E-03  4.765878600E-02  1.210738600E-01  1.393976644E-01  2.119180956E-01  2.261204000E+00  4.120552150E-01  6.714386350E-01  1.210738600E-01  4.765878600E-02  4.089541300E-03
 8.036294200E-03  5.073005000E-02  1.231312600E-01  1.419653628E-01  2.113459872E-01  2.259892700E+00  4.134204239E-01  6.749089061E-01  1.231312600E-01  5.073005000E-02  8.036294200E-03
 1.183840200E-02  5.366712400E-02  1.250606300E-01  1.444152178E-01  2.106388622E-01  2.254997700E+00  4.145928261E-01  6.780903839E-01  1.250606300E-01  5.366712400E-02  1.183840200E-02
 1.549442500E-02  5.646874500E-02  1.268609300E-01  1.467451122E-01  2.097980278E-01  2.246678900E+00  4.155721544E-01  6.809816256E-01  1.268609300E-01  5.646874500E-02  1.549442500E-02
 1.900333100E-02  5.913403300E-02  1.285314600E-01  1.489533194E-01  2.088251306E-01  2.235104600E+00  4.163585911E-01  6.835816889E-01  1.285314600E-01  5.913403300E-02  1.900333100E-02
 2.236448300E-02  6.166248700E-02  1.300718900E-01  1.510385556E-01  2.077220044E-01  2.220450000E+00  4.169526461E-01  6.858901639E-01  1.300718900E-01  6.166248700E-02  2.236448300E-02
 2.557761900E-02  6.405395900E-02  1.314822500E-01  1.529998467E-01  2.064907933E-01  2.202895800E+00  4.173552083E-01  6.879071217E-01  1.314822500E-01  6.405395900E-02  2.557761900E-02
 2.864284500E-02  6.630865400E-02  1.327628800E-01  1.548366511E-01  2.051338689E-01  2.182626200E+00  4.175674128E-01  6.896332372E-01  1.327628800E-01  6.630865400E-02  2.864284500E-02
 3.156060800E-02  6.842710100E-02  1.339144400E-01  1.565486867E-01  2.036539133E-01  2.159827700E+00  4.175909072E-01  6.910694428E-01  1.339144400E-01  6.842710100E-02  3.156060800E-02
 3.433168000E-02  7.041014000E-02  1.349379000E-01  1.581361250E-01  2.020537050E-01  2.134687500E+00  4.174275350E-01  6.922172750E-01  1.349379000E-01  7.041014000E-02  3.433168000E-02
 3.695712300E-02  7.225888500E-02  1.358344800E-01  1.595992856E-01  2.003363744E-01  2.107392900E+00  4.170795200E-01  6.930786000E-01  1.358344800E-01  7.225888500E-02  3.695712300E-02
 3.943885500E-02  7.397526500E-02  1.366061500E-01  1.609396800E-01  1.985051200E-01  2.078118000E+00  4.165493728E-01  6.936558772E-01  1.366061500E-01  7.397526500E-02  3.943885500E-02
 4.177810000E-02  7.556053900E-02  1.372542700E-01  1.621578294E-01  1.965631206E-01  2.047056600E+00  4.158395556E-01  6.939513644E-01  1.372542700E-01  7.556053900E-02  4.177810000E-02
 4.397692800E-02  7.701679500E-02  1.377810300E-01  1.632551172E-01  1.945142128E-01  2.014383000E+00  4.149532983E-01  6.939682917E-01  1.377810300E-01  7.701679500E-02  4.397692800E-02
 4.603754500E-02  7.834624100E-02  1.381886900E-01  1.642331089E-01  1.923622111E-01  1.980270800E+00  4.138938189E-01  6.937100811E-01  1.381886900E-01  7.834624100E-02  4.603754500E-02
 4.796238300E-02  7.955130200E-02  1.384797400E-01  1.650936317E-01  1.901110383E-01  1.944888500E+00  4.126646044E-01  6.931804756E-01  1.384797400E-01  7.955130200E-02  4.796238300E-02
 4.975403700E-02  8.063455600E-02  1.386568100E-01  1.658385917E-01  1.877647983E-01  1.908398400E+00  4.112693522E-01  6.923834278E-01  1.386568100E-01  8.063455600E-02  4.975403700E-02
 5.141533200E-02  8.159880300E-02  1.387227500E-01  1.664702583E-01  1.853276517E-01  1.870957500E+00  4.097119467E-01  6.913233333E-01  1.387227500E-01  8.159880300E-02  5.141533200E-02
 5.294923100E-02  8.244697600E-02  1.386805500E-01  1.669908783E-01  1.828039917E-01  1.832716000E+00  4.079965133E-01  6.900047267E-01  1.386805500E-01  8.244697600E-02  5.294923100E-02
 5.435889100E-02  8.318219500E-02  1.385333600E-01  1.674029806E-01  1.801982894E-01  1.793818400E+00  4.061273150E-01  6.884325350E-01  1.385333600E-01  8.318219500E-02  5.435889100E-02
 5.564756900E-02  8.380767400E-02  1.382844400E-01  1.677092250E-01  1.775150450E-01  1.754391000E+00  4.041087939E-01  6.866119161E-01  1.382844400E-01  8.380767400E-02  5.564756900E-02
 5.681868100E-02  8.432678400E-02  1.379372100E-01  1.679122889E-01  1.747590311E-01  1.714564500E+00  4.019455511E-01  6.845482889E-01  1.379372100E-01  8.432678400E-02  5.681868100E-02
 5.787554300E-02  8.474279200E-02  1.374949700E-01  1.680149028E-01  1.719347672E-01  1.674463900E+00  3.996421772E-01  6.822471128E-01  1.374949700E-01  8.474279200E-02  5.787554300E-02
 5.882282700E-02  8.506019400E-02  1.369619200E-01  1.680218917E-01  1.690456983E-01  1.634204600E+00  3.972017311E-01  6.797097089E-01  1.369619200E-01  8.506019400E-02  5.882282700E-02
 5.966264300E-02  8.528120100E-02  1.363407500E-01  1.679335472E-01  1.660984028E-01  1.593889300E+00  3.946313050E-01  6.769475650E-01  1.363407500E-01  8.528120100E-02  5.966264300E-02
 6.039923500E-02  8.540994200E-02  1.356354600E-01  1.677538778E-01  1.630970422E-01  1.553617000E+00  3.919350011E-01  6.739645789E-01  1.356354600E-01  8.540994200E-02  6.039923500E-02
 6.103630700E-02  8.545005800E-02  1.348497100E-01  1.674860361E-01  1.600463539E-01  1.513479200E+00  3.891177294E-01  6.707665806E-01  1.348497100E-01  8.545005800E-02  6.103630700E-02
 6.157762300E-02  8.540524800E-02  1.339872300E-01  1.671331744E-01  1.569511256E-01  1.473560600E+00  3.861844478E-01  6.673596522E-01  1.339872300E-01  8.540524800E-02  6.157762300E-02
 6.202689400E-02  8.527915900E-02  1.330517000E-01  1.666983850E-01  1.538160850E-01  1.433939100E+00  3.831400750E-01  6.637497350E-01  1.330517000E-01  8.527915900E-02  6.202689400E-02
 6.238791400E-02  8.507552200E-02  1.320468700E-01  1.661848806E-01  1.506460294E-01  1.394670800E+00  3.799896194E-01  6.599429106E-01  1.320468700E-01  8.507552200E-02  6.238791400E-02
 6.266438700E-02  8.479797900E-02  1.309764100E-01  1.655958250E-01  1.474456050E-01  1.355844900E+00  3.767380183E-01  6.559452917E-01  1.309764100E-01  8.479797900E-02  6.266438700E-02
 6.286086000E-02  8.445091600E-02  1.298444700E-01  1.649347228E-01  1.442197472E-01  1.317494100E+00  3.733891433E-01  6.517596767E-01  1.298444700E-01  8.445091600E-02  6.286086000E-02
 4.132987900E-12  3.007603000E-02  9.008437200E-02  1.098304711E-01  1.530814089E-01  1.732939500E+00  3.940413511E-01  7.098376889E-01  9.008437200E-02  3.007603000E-02  4.129573400E-12
 2.662966500E-03  3.204007100E-02  9.113983700E-02  1.117820561E-01  1.509422139E-01  1.713544900E+00  3.932809600E-01  7.099652000E-01  9.113983700E-02  3.204007100E-02  2.662966500E-03
 5.201293000E-03  3.389007700E-02  9.208696900E-02  1.136212550E-01  1.487233950E-01  1.691979700E+00  3.923574661E-01  7.098084239E-01  9.208696800E-02  3.389007700E-02  5.201293000E-03
 7.615887700E-03  3.562706500E-02  9.292699800E-02  1.153491472E-01  1.464270028E-01  1.668425000E+00  3.912723444E-01  7.093683756E-01  9.292699800E-02  3.562706500E-02  7.615887700E-03
 9.907935100E-03  3.725230900E-02  9.366139500E-02  1.169670122E-01  1.440552878E-01  1.643060800E+00  3.900272539E-01  7.086468161E-01  9.366139400E-02  3.725230900E-02  9.907935100E-03
 1.207888000E-02  3.876732300E-02  9.429185100E-02  1.184762267E-01  1.416108533E-01  1.616064900E+00  3.886244056E-01  7.076458544E-01  9.429185100E-02  3.876732300E-02  1.207888000E-02
 1.413041100E-02  4.017384700E-02  9.482027300E-02  1.198783872E-01  1.390965228E-01  1.587611400E+00  3.870661950E-01  7.063682950E-01  9.482027300E-02  4.017384700E-02  1.413041100E-02
 1.606444500E-02  4.147383200E-02  9.524876600E-02  1.211751683E-01  1.365154017E-01  1.557868900E+00  3.853555500E-01  7.048172700E-01  9.524876600E-02  4.147383200E-02  1.606444500E-02
 1.788311100E-02  4.266942800E-02  9.557962000E-02  1.223683222E-01  1.338708778E-01  1.527001500E+00  3.834955422E-01  7.029966178E-01  9.557962000E-02  4.266942800E-02  1.788311100E-02
 1.958873800E-02  4.376296700E-02  9.581530100E-02  1.234597917E-01  1.311664783E-01  1.495167400E+00  3.814896544E-01  7.009104856E-01  9.581530100E-02  4.376296700E-02  1.958873800E-02
 2.118384200E-02  4.475695700E-02  9.595844000E-02  1.244515467E-01  1.284060133E-01  1.462518600E+00  3.793416067E-01  6.985635133E-01  9.595843900E-02  4.475695700E-02  2.118384200E-02
 2.267112000E-02  4.565407600E-02  9.601182800E-02  1.253457889E-01  1.255933711E-01  1.429200600E+00  3.770553367E-01  6.959607633E-01  9.601182800E-02  4.565407600E-02  2.267112000E-02
 2.405271900E-02  4.645641600E-02  9.597766900E-02  1.261435878E-01  1.227324322E-01  1.395329400E+00  3.746347533E-01  6.931071667E-01  9.597766900E-02  4.645641600E-02  2.405271900E-02
 2.533218000E-02  4.716748500E-02  9.585957700E-02  1.268477717E-01  1.198280183E-01  1.361058400E+00  3.720848400E-01  6.900092400E-01  9.585957700E-02  4.716748500E-02  2.533218000E-02
 2.651227800E-02  4.779000700E-02  9.566037400E-02  1.274603783E-01  1.168842117E-01  1.326501500E+00  3.694099111E-01  6.866727289E-01  9.566037400E-02  4.779000700E-02  2.651227800E-02
 2.759608200E-02  4.832698700E-02  9.538315700E-02  1.279835733E-01  1.139054267E-01  1.291772700E+00  3.666146689E-01  6.831039711E-01  9.538315700E-02  4.832698700E-02  2.759608200E-02
 2.858672800E-02  4.878149200E-02  9.503107800E-02  1.284196028E-01  1.108961072E-01  1.256978300E+00  3.637039350E-01  6.793094750E-01  9.503107700E-02  4.878149200E-02  2.858672800E-02
 2.948744000E-02  4.915666700E-02  9.460736500E-02  1.287708028E-01  1.078607872E-01  1.222217500E+00  3.606826494E-01  6.752960206E-01  9.460736500E-02  4.915666700E-02  2.948744000E-02
 3.030145900E-02  4.945567200E-02  9.411525600E-02  1.290394494E-01  1.048039406E-01  1.187581900E+00  3.575558317E-01  6.710705183E-01  9.411525500E-02  4.945567200E-02  3.030145900E-02
 3.103208900E-02  4.968171900E-02  9.355803700E-02  1.292279806E-01  1.017300494E-01  1.153156200E+00  3.543285806E-01  6.666400094E-01  9.355803700E-02  4.968171900E-02  3.103208900E-02
 3.168264100E-02  4.983802700E-02  9.293899800E-02  1.293387428E-01  9.864360722E-02  1.119017600E+00  3.510059933E-01  6.620116867E-01  9.293899800E-02  4.983802700E-02  3.168264100E-02
 3.225586300E-02  4.992724600E-02  9.226085700E-02  1.293736867E-01  9.554835333E-02  1.085225100E+00  3.475926272E-01  6.571922028E-01  9.226085700E-02  4.992724600E-02  3.225586300E-02
 3.275505300E-02  4.995257200E-02  9.152687700E-02  1.293352522E-01  9.244856778E-02  1.051844500E+00  3.440935272E-01  6.521889028E-01  9.152687600E-02  4.995257200E-02  3.275505300E-02
 3.318382200E-02  4.991751500E-02  9.074062700E-02  1.292263428E-01  8.934868722E-02  1.018938200E+00  3.405141406E-01  6.470093294E-01  9.074062600E-02  4.991751500E-02  3.318382200E-02
 3.354413500E-02  4.982400900E-02  8.990439800E-02  1.290451278E-01  8.625613222E-02  9.865568100E-01  3.368619117E-01  6.416669583E-01  8.990439800E-02  4.982400900E-02  3.354413500E-02
 3.384073700E-02  4.967659700E-02  8.902242900E-02  1.287996611E-01  8.317031889E-02  9.547417400E-01  3.331386356E-01  6.361612844E-01  8.902242900E-02  4.967659700E-02  3.384073700E-02
 3.407599800E-02  4.947758100E-02  8.809723700E-02  1.284901009E-01  8.009673111E-02  9.235309400E-01  3.293504444E-01  6.305028356E-01  8.809723700E-02  4.947758100E-02  3.407599800E-02
 3.425289300E-02  4.922983500E-02  8.713178400E-02  1.281185512E-01  7.703930278E-02  8.929574500E-01  3.255024483E-01  6.246994817E-01  8.713178400E-02  4.922983500E-02  3.425289300E-02
 3.437431600E-02  4.893615300E-02  8.612895900E-02  1.276872319E-01  7.400174611E-02  8.630492000E-01  3.215997067E-01  6.187590933E-01  8.612895900E-02  4.893615300E-02  3.437431600E-02
 3.444313500E-02  4.859930400E-02  8.509163600E-02  1.271983347E-01  7.098774028E-02  8.338296800E-01  3.176472561E-01  6.126897739E-01  8.509163600E-02  4.859930400E-02  3.444313500E-02
 3.446081300E-02  4.822065900E-02  8.402129800E-02  1.266526495E-01  6.799956750E-02  8.053084000E-01  3.136488433E-01  6.064983367E-01  8.402129800E-02  4.822065900E-02  3.446081300E-02
 3.443195900E-02  4.780473400E-02  8.292258100E-02  1.260541894E-01  6.504260056E-02  7.775153100E-01  3.096114850E-01  6.001948650E-01  8.292258000E-02  4.780473400E-02  3.443195900E-02
 3.435657100E-02  4.735149600E-02  8.179573700E-02  1.254028343E-01  6.211766472E-02  7.504482400E-01  3.055383511E-01  5.937871289E-01  8.179573700E-02  4.735149600E-02  3.435657100E-02
 3.194482200E-12  2.381616200E-02  7.721292900E-02  1.001497056E-01  1.196449144E-01  1.475087100E+00  3.827137628E-01  7.270658272E-01  7.721292900E-02  2.381616200E-02  3.203591000E-12
 2.065404100E-03  2.528497400E-02  7.781648300E-02  1.018920633E-01  1.168905167E-01  1.448709700E+00  3.808355783E-01  7.250491317E-01  7.781648300E-02  2.528497400E-02  2.065404100E-03
 4.021265600E-03  2.665446700E-02  7.832628000E-02  1.035435544E-01  1.140642656E-01  1.421088000E+00  3.787955122E-01  7.227373078E-01  7.832627900E-02  2.665446700E-02  4.021265600E-03
 5.869293000E-03  2.792641200E-02  7.874435200E-02  1.051028550E-01  1.111734750E-01  1.392368500E+00  3.765994406E-01  7.201375094E-01  7.874435200E-02  2.792641200E-02  5.869293000E-03
 7.611396600E-03  2.910276200E-02  7.907291400E-02  1.065689144E-01  1.082254256E-01  1.362692700E+00  3.742535183E-01  7.172572717E-01  7.907291400E-02  2.910276200E-02  7.611396600E-03
 9.249671100E-03  3.018563800E-02  7.931433800E-02  1.079409156E-01  1.052273244E-01  1.332197300E+00  3.717640489E-01  7.141044311E-01  7.931433800E-02  3.018563800E-02  9.249671100E-03
 1.078637800E-02  3.117731300E-02  7.947114100E-02  1.092182844E-01  1.021863156E-01  1.301014500E+00  3.691373422E-01  7.106871378E-01  7.947114000E-02  3.117731300E-02  1.078637800E-02
 1.222392400E-02  3.208018900E-02  7.954595500E-02  1.104007328E-01  9.910931722E-02  1.269272500E+00  3.663797778E-01  7.070136622E-01  7.954595400E-02  3.208018900E-02  1.222392400E-02
 1.356484400E-02  3.289678400E-02  7.954151800E-02  1.114882983E-01  9.600301167E-02  1.237093800E+00  3.634976522E-01  7.030924478E-01  7.954151800E-02  3.289678400E-02  1.356484400E-02
 1.481178200E-02  3.362971200E-02  7.946065300E-02  1.124812333E-01  9.287388667E-02  1.204595700E+00  3.604972517E-01  6.989319783E-01  7.946065300E-02  3.362971200E-02  1.481178200E-02
 1.596746700E-02  3.428165900E-02  7.930624200E-02  1.133800556E-01  8.972818444E-02  1.171889400E+00  3.573848422E-01  6.945407178E-01  7.930624200E-02  3.428165900E-02  1.596746700E-02
 1.703468400E-02  3.485536000E-02  7.908120900E-02  1.141854387E-01  8.657194028E-02  1.139080800E+00  3.541665367E-01  6.899272833E-01  7.908120900E-02  3.485536000E-02  1.703468400E-02
 1.801648200E-02  3.535379000E-02  7.878862100E-02  1.148988907E-01  8.341017333E-02  1.106267900E+00  3.508477344E-01  6.850998856E-01  7.878862100E-02  3.535379000E-02  1.801648200E-02
 1.891584100E-02  3.577986000E-02  7.843154400E-02  1.155219200E-01  8.024820000E-02  1.073543700E+00  3.474343122E-01  6.800665478E-01  7.843154300E-02  3.577986000E-02  1.891584100E-02
 1.973571100E-02  3.613644300E-02  7.801299300E-02  1.160560707E-01  7.709106028E-02  1.040993600E+00  3.439319617E-01  6.748355683E-01  7.801299300E-02  3.613644300E-02  1.973571100E-02
 2.047910700E-02  3.642646600E-02  7.753601400E-02  1.165030814E-01  7.394347256E-02  1.008696200E+00  3.403462244E-01  6.694150956E-01  7.753601400E-02  3.642646600E-02  2.047910700E-02
 2.114906300E-02  3.665286800E-02  7.700364800E-02  1.168648768E-01  7.080987617E-02  9.767235400E-01  3.366824911E-01  6.638132289E-01  7.700364700E-02  3.665286800E-02  2.114906300E-02
 2.174856100E-02  3.681853300E-02  7.641887100E-02  1.171435014E-01  6.769438056E-02  9.451408300E-01  3.329459006E-01  6.580379694E-01  7.641887000E-02  3.681853300E-02  2.174856100E-02
 2.228063300E-02  3.692638700E-02  7.578469000E-02  1.173411451E-01  6.460093889E-02  9.140064400E-01  3.291415922E-01  6.520972678E-01  7.578469000E-02  3.692638700E-02  2.228063300E-02
 2.274825800E-02  3.697929800E-02  7.510404800E-02  1.174600561E-01  6.153325094E-02  8.833726000E-01  3.252745650E-01  6.459989850E-01  7.510404800E-02  3.697929800E-02  2.274825800E-02
 2.315442800E-02  3.698014800E-02  7.437989100E-02  1.175025607E-01  5.849489533E-02  8.532860300E-01  3.213497456E-01  6.397511144E-01  7.437989100E-02  3.698014800E-02  2.315442800E-02
 2.350187700E-02  3.693155200E-02  7.361489800E-02  1.174707689E-01  5.548908606E-02  8.237851900E-01  3.173717806E-01  6.333613694E-01  7.361489800E-02  3.693155200E-02  2.350187700E-02
 2.379352200E-02  3.683631000E-02  7.281192700E-02  1.173669763E-01  5.251918167E-02  7.949060100E-01  3.133455250E-01  6.268378250E-01  7.281192700E-02  3.683631000E-02  2.379352200E-02
 2.403205300E-02  3.669699300E-02  7.197360700E-02  1.171932209E-01  4.958831911E-02  7.666776300E-01  3.092756117E-01  6.201885383E-01  7.197360700E-02  3.669699300E-02  2.403205300E-02
 2.422323200E-02  3.651912500E-02  7.110494800E-02  1.169624365E-01  4.669131850E-02  7.391246500E-01  3.051609100E-01  6.134078300E-01  7.110494800E-02  3.651912500E-02  2.422323200E-02
 2.436565600E-02  3.630132500E-02  7.020533700E-02  1.166626947E-01  4.384150533E-02  7.122661900E-01  3.010132544E-01  6.065209256E-01  7.020533700E-02  3.630132500E-02  2.436565600E-02
 2.446346000E-02  3.604754700E-02  6.927849400E-02  1.163016879E-01  4.103732106E-02  6.861180400E-01  2.968340589E-01  5.995288811E-01  6.927849300E-02  3.604754700E-02  2.446346000E-02
 2.451924500E-02  3.576026200E-02  6.832689800E-02  1.158820401E-01  3.828076589E-02  6.606914600E-01  2.926272806E-01  5.924386694E-01  6.832689800E-02  3.576026200E-02  2.451924500E-02
 2.453555100E-02  3.544187900E-02  6.735297400E-02  1.154063007E-01  3.557378628E-02  6.359942000E-01  2.883968350E-01  5.852573750E-01  6.735297400E-02  3.544187900E-02  2.453555100E-02
 2.451478000E-02  3.509466600E-02  6.635899800E-02  1.148769125E-01  3.291811450E-02  6.120304300E-01  2.841464983E-01  5.779918917E-01  6.635899800E-02  3.509466600E-02  2.451478000E-02
 2.445929800E-02  3.472085700E-02  6.534720700E-02  1.142963019E-01  3.031540011E-02  5.888012000E-01  2.798798844E-01  5.706491556E-01  6.534720600E-02  3.472085700E-02  2.445929800E-02
 2.437140900E-02  3.432262300E-02  6.431978400E-02  1.136668445E-01  2.776722650E-02  5.663053500E-01  2.756007694E-01  5.632360606E-01  6.431978400E-02  3.432262300E-02  2.437140900E-02
 2.425411200E-02  3.390274600E-02  6.327923900E-02  1.129916324E-01  2.527483556E-02  5.445384300E-01  2.713113033E-01  5.557556767E-01  6.327923900E-02  3.390274600E-02  2.425411200E-02
 2.479635000E-12  1.866478500E-02  6.622173000E-02  9.727008561E-02  8.261654539E-02  1.243472600E+00  3.664966089E-01  7.335086311E-01  6.622173000E-02  1.866478500E-02  2.479694200E-12
 1.590402800E-03  1.975223600E-02  6.648169900E-02  9.883464728E-02  7.949051772E-02  1.214146100E+00  3.636283972E-01  7.293691328E-01  6.648169900E-02  1.975223600E-02  1.590402800E-03
 3.086908100E-03  2.075546500E-02  6.666402200E-02  1.002949289E-01  7.635331406E-02  1.184159400E+00  3.606433928E-01  7.249796972E-01  6.666402200E-02  2.075546500E-02  3.086908100E-03
 4.491676000E-03  2.167665300E-02  6.677112800E-02  1.016520009E-01  7.320937806E-02  1.153644200E+00  3.575461506E-01  7.203471794E-01  6.677112700E-02  2.167665300E-02  4.491676000E-03
 5.807000200E-03  2.251809700E-02  6.680554500E-02  1.029071062E-01  7.006309083E-02  1.122726500E+00  3.543413744E-01  7.154786856E-01  6.680554400E-02  2.251809700E-02  5.807000200E-03
 7.035291600E-03  2.328219700E-02  6.676988500E-02  1.040616521E-01  6.691876294E-02  1.091525900E+00  3.510338161E-01  7.103815739E-01  6.676988500E-02  2.328219700E-02  7.035291600E-03
 8.179062900E-03  2.397144100E-02  6.666683200E-02  1.051171885E-01  6.378062250E-02  1.060155500E+00  3.476283872E-01  7.050633628E-01  6.666683200E-02  2.397144100E-02  8.179062900E-03
 9.240906400E-03  2.458838200E-02  6.649912100E-02  1.060754061E-01  6.065278789E-02  1.028720900E+00  3.441299661E-01  6.995318439E-01  6.649912100E-02  2.458838200E-02  9.240906400E-03
 1.022348900E-02  2.513563600E-02  6.626953400E-02  1.069381056E-01  5.753929339E-02  9.973212400E-01  3.405434089E-01  6.937949911E-01  6.626953400E-02  2.513563600E-02  1.022348900E-02
 1.112953000E-02  2.561586200E-02  6.598088000E-02  1.077071993E-01  5.444404972E-02  9.660479200E-01  3.368737739E-01  6.878607761E-01  6.598088000E-02  2.561586200E-02  1.112953000E-02
 1.196178800E-02  2.603174800E-02  6.563598900E-02  1.083846968E-01  5.137084522E-02  9.349853200E-01  3.331259550E-01  6.817374150E-01  6.563598900E-02  2.603174800E-02  1.196178800E-02
 1.272304200E-02  2.638599500E-02  6.523768700E-02  1.089726698E-01  4.832334622E-02  9.042105100E-01  3.293048961E-01  6.754331739E-01  6.523768700E-02  2.638599500E-02  1.272304200E-02
 1.341620100E-02  2.668140900E-02  6.478886500E-02  1.094734107E-01  4.530500028E-02  8.737934900E-01  3.254153628E-01  6.689559872E-01  6.478886500E-02  2.668140900E-02  1.341620100E-02
 1.404404500E-02  2.692068100E-02  6.429232300E-02  1.098891043E-01  4.231921367E-02  8.437973200E-01  3.214622872E-01  6.623142628E-01  6.429232300E-02  2.692068100E-02  1.404404500E-02
 1.460936700E-02  2.710650300E-02  6.375085200E-02  1.102220027E-01  3.936924028E-02  8.142783000E-01  3.174504906E-01  6.555163994E-01  6.375085200E-02  2.710650300E-02  1.460936700E-02
 1.511496900E-02  2.724156900E-02  6.316722400E-02  1.104744358E-01  3.645815622E-02  7.852862500E-01  3.133847344E-01  6.485706856E-01  6.316722400E-02  2.724156900E-02  1.511496900E-02
 1.556363100E-02  2.732854400E-02  6.254417400E-02  1.106487694E-01  3.358888961E-02  7.568647500E-01  3.092696994E-01  6.414854306E-01  6.254417400E-02  2.732854400E-02  1.556363100E-02
 1.595805900E-02  2.737001900E-02  6.188435500E-02  1.107473381E-01  3.076418389E-02  7.290512500E-01  3.051099456E-01  6.342688744E-01  6.188435500E-02  2.737001900E-02  1.595805900E-02
 1.630096800E-02  2.736858400E-02  6.119041100E-02  1.107725547E-01  2.798665628E-02  7.018778600E-01  3.009100539E-01  6.269291761E-01  6.119041100E-02  2.736858400E-02  1.630096800E-02
 1.659500000E-02  2.732675900E-02  6.046491000E-02  1.107268035E-01  2.525875750E-02  6.753712400E-01  2.966744539E-01  6.194744961E-01  6.046491000E-02  2.732675900E-02  1.659500000E-02
 1.684279200E-02  2.724705300E-02  5.971040300E-02  1.106125216E-01  2.258281739E-02  6.495532500E-01  2.924075244E-01  6.119129956E-01  5.971040200E-02  2.724705300E-02  1.684279200E-02
 1.704675700E-02  2.713175100E-02  5.892921000E-02  1.104319717E-01  1.996085328E-02  6.244406100E-01  2.881134250E-01  6.042525650E-01  5.892920900E-02  2.713175100E-02  1.704675700E-02
 1.720944500E-02  2.698327200E-02  5.812378300E-02  1.101876102E-01  1.739491778E-02  6.000463700E-01  2.837964244E-01  5.965012556E-01  5.812378200E-02  2.698327200E-02  1.720944500E-02
 1.733320400E-02  2.680383200E-02  5.729636800E-02  1.098817378E-01  1.488678517E-02  5.763792400E-01  2.794605511E-01  5.886669289E-01  5.729636700E-02  2.680383200E-02  1.733320400E-02
 1.742130200E-02  2.659648800E-02  5.644977500E-02  1.095175783E-01  1.243804872E-02  5.534443900E-01  2.751083728E-01  5.807532772E-01  5.644977500E-02  2.659648800E-02  1.742130200E-02
 1.747474000E-02  2.636220900E-02  5.558533500E-02  1.090962255E-01  1.005026750E-02  5.312435800E-01  2.707454922E-01  5.727730078E-01  5.558533400E-02  2.636220900E-02  1.747474000E-02
 1.749616700E-02  2.610347300E-02  5.470541100E-02  1.086204158E-01  7.724767167E-03  5.097756600E-01  2.663749811E-01  5.647317989E-01  5.470541100E-02  2.610347300E-02  1.749616700E-02
 1.748768500E-02  2.582224300E-02  5.381196700E-02  1.080923962E-01  5.462695778E-03  4.890367000E-01  2.620004406E-01  5.566368294E-01  5.381196700E-02  2.582224300E-02  1.748768500E-02
 1.745134100E-02  2.552043300E-02  5.290691500E-02  1.075144067E-01  3.265092278E-03  4.690203500E-01  2.576253300E-01  5.484952900E-01  5.290691500E-02  2.552043300E-02  1.745134100E-02
 1.738904900E-02  2.519981700E-02  5.199202400E-02  1.068885876E-01  1.132783389E-03  4.497181000E-01  2.532529606E-01  5.403140694E-01  5.199202400E-02  2.519981700E-02  1.738904900E-02
 1.730272800E-02  2.486217700E-02  5.106906200E-02  1.062171315E-01 -9.334745000E-04  4.311195200E-01  2.488865528E-01  5.321000172E-01  5.106906200E-02  2.486217700E-02  1.730272800E-02
 1.719413900E-02  2.450914000E-02  5.013964900E-02  1.055021178E-01 -2.933114833E-03  4.132125300E-01  2.445292572E-01  5.238599128E-01  5.013964900E-02  2.450914000E-02  1.719413900E-02
 1.706589000E-02  2.414311700E-02  4.920593900E-02  1.047461921E-01 -4.865281056E-03  3.959835800E-01  2.401827361E-01  5.155961339E-01  4.920593900E-02  2.414311700E-02  1.706589000E-02
 1.934565500E-12  1.473538300E-02  5.739516700E-02  9.747272278E-02  4.908055922E-02  1.052895300E+00  3.497123439E-01  7.323997861E-01  5.739516700E-02  1.473538300E-02  1.934818200E-12
 1.237393200E-03  1.554992500E-02  5.741612100E-02  9.883429661E-02  4.590130439E-02  1.022597000E+00  3.461210006E-01  7.263955894E-01  5.741612100E-02  1.554992500E-02  1.237393200E-03
 2.395135800E-03  1.629375900E-02  5.737388900E-02  1.000913043E-01  4.274445367E-02  9.921270800E-01  3.424405344E-01  7.201764856E-01  5.737388900E-02  1.629375900E-02  2.395135800E-03
 3.475539200E-03  1.696918500E-02  5.727098900E-02  1.012452067E-01  3.961397733E-02  9.615917400E-01  3.386758494E-01  7.137507006E-01  5.727098800E-02  1.696918500E-02  3.475539200E-03
 4.480998400E-03  1.757857300E-02  5.710998600E-02  1.022976226E-01  3.651370744E-02  9.310903300E-01  3.348317761E-01  7.071266939E-01  5.710998600E-02  1.757857300E-02  4.480998400E-03
 5.413977400E-03  1.812434800E-02  5.689348800E-02  1.032503050E-01  3.344732900E-02  9.007152200E-01  3.309132856E-01  7.003130144E-01  5.689348700E-02  1.812434800E-02  5.413977400E-03
 6.276996000E-03  1.860897900E-02  5.662412500E-02  1.041051288E-01  3.041838817E-02  8.705516900E-01  3.269252967E-01  6.933183633E-01  5.662412400E-02  1.860897900E-02  6.276996000E-03
 7.072609400E-03  1.903496000E-02  5.630453900E-02  1.048640687E-01  2.743027028E-02  8.406777800E-01  3.228726356E-01  6.861516044E-01  5.630453800E-02  1.903496000E-02  7.072609400E-03
 7.803405400E-03  1.940480500E-02  5.593737800E-02  1.055292072E-01  2.448620278E-02  8.111645300E-01  3.187601994E-01  6.788215706E-01  5.593737800E-02  1.940480500E-02  7.803405400E-03
 8.471985700E-03  1.972103700E-02  5.552528300E-02  1.061027066E-01  2.158924744E-02  7.820759600E-01  3.145928544E-01  6.713371656E-01  5.552528300E-02  1.972103700E-02  8.471985700E-03
 9.080954400E-03  1.998617000E-02  5.507087500E-02  1.065867996E-01  1.874229644E-02  7.534692400E-01  3.103753756E-01  6.637073044E-01  5.507087400E-02  1.998617000E-02  9.080954400E-03
 9.632902600E-03  2.020269900E-02  5.457674400E-02  1.069837746E-01  1.594806744E-02  7.253949100E-01  3.061124667E-01  6.559409333E-01  5.457674400E-02  2.020269900E-02  9.632902600E-03
 1.013051000E-02  2.037319400E-02  5.404551100E-02  1.072960367E-01  1.320913428E-02  6.978971600E-01  3.018086956E-01  6.480465044E-01  5.404551100E-02  2.037319400E-02  1.013051000E-02
 1.057631100E-02  2.050008300E-02  5.347968500E-02  1.075259673E-01  1.052785772E-02  6.710140500E-01  2.974686350E-01  6.400329350E-01  5.347968500E-02  2.050008300E-02  1.057631100E-02
 1.097282600E-02  2.058577400E-02  5.288173600E-02  1.076759816E-01  7.906438444E-03  6.447778600E-01  2.930967372E-01  6.319090728E-01  5.288173600E-02  2.058577400E-02  1.097282600E-02
 1.132255600E-02  2.063264800E-02  5.225409500E-02  1.077485393E-01  5.346896667E-03  6.192154000E-01  2.886974989E-01  6.236834011E-01  5.225409500E-02  2.063264800E-02  1.132255600E-02
 1.162795900E-02  2.064304400E-02  5.159913800E-02  1.077461102E-01  2.851093778E-03  5.943483200E-01  2.842750711E-01  6.153645689E-01  5.159913700E-02  2.064304400E-02  1.162795900E-02
 1.189140400E-02  2.061920300E-02  5.091913900E-02  1.076711399E-01  4.206730556E-04  5.701934400E-01  2.798336694E-01  6.069608806E-01  5.091913900E-02  2.061920300E-02  1.189140400E-02
 1.211524900E-02  2.056335700E-02  5.021635300E-02  1.075261282E-01 -1.942852222E-03  5.467632100E-01  2.753773372E-01  5.984806728E-01  5.021635300E-02  2.056335700E-02  1.211524900E-02
 1.230176900E-02  2.047764900E-02  4.949294100E-02  1.073135343E-01 -4.238147278E-03  5.240659300E-01  2.709100494E-01  5.899320606E-01  4.949294100E-02  2.047764900E-02  1.230176900E-02
 1.245321600E-02  2.036420100E-02  4.875103700E-02  1.070358633E-01 -6.464010278E-03  5.021061300E-01  2.664356189E-01  5.813232011E-01  4.875103700E-02  2.036420100E-02  1.245321600E-02
 1.257162200E-02  2.022491200E-02  4.799254800E-02  1.066954540E-01 -8.619554000E-03  4.808849400E-01  2.619577517E-01  5.726618383E-01  4.799254800E-02  2.022491200E-02  1.257162200E-02
 1.265913300E-02  2.006179600E-02  4.721949000E-02  1.062948087E-01 -1.070386067E-02  4.604003200E-01  2.574801017E-01  5.639558683E-01  4.721949000E-02  2.006179600E-02  1.265913300E-02
 1.271769700E-02  1.987666800E-02  4.643367800E-02  1.058362850E-01 -1.271629500E-02  4.406474900E-01  2.530061639E-01  5.552129261E-01  4.643367800E-02  1.987666800E-02  1.271769700E-02
 1.275018000E-02  1.967220300E-02  4.563754300E-02  1.053229437E-01 -1.465588672E-02  4.216191000E-01  2.485379383E-01  5.464359317E-01  4.563754300E-02  1.967220300E-02  1.275018000E-02
 1.275717300E-02  1.944893200E-02  4.483191000E-02  1.047561893E-01 -1.652283628E-02  4.033057200E-01  2.440803667E-01  5.376379533E-01  4.483191000E-02  1.944893200E-02  1.275717300E-02
 1.274091800E-02  1.920893500E-02  4.401873300E-02  1.041386928E-01 -1.831669078E-02  3.856958400E-01  2.396359922E-01  5.288239878E-01  4.401873200E-02  1.920893500E-02  1.274091800E-02
 1.270311100E-02  1.895377300E-02  4.319954700E-02  1.034727261E-01 -2.003737106E-02  3.687763300E-01  2.352077733E-01  5.200008267E-01  4.319954700E-02  1.895377300E-02  1.270311100E-02
 1.264539600E-02  1.868495800E-02  4.237583600E-02  1.027605571E-01 -2.168490911E-02  3.525325700E-01  2.307985683E-01  5.111751617E-01  4.237583600E-02  1.868495800E-02  1.264539600E-02
 1.256929400E-02  1.840387600E-02  4.154895300E-02  1.020043548E-01 -2.325951783E-02  3.369488300E-01  2.264110672E-01  5.023533628E-01  4.154895300E-02  1.840387600E-02  1.256929400E-02
 1.247632400E-02  1.811191300E-02  4.072024800E-02  1.012063261E-01 -2.476146411E-02  3.220082100E-01  2.220479311E-01  4.935416689E-01  4.072024700E-02  1.811191300E-02  1.247632400E-02
 1.236786500E-02  1.781031600E-02  3.989093400E-02  1.003685838E-01 -2.619120083E-02  3.076930800E-01  2.177115883E-01  4.847463417E-01  3.989093400E-02  1.781031600E-02  1.236786500E-02
 1.224612200E-02  1.750112000E-02  3.906279400E-02  9.949358139E-02 -2.754842639E-02  2.939850700E-01  2.134031550E-01  4.759688550E-01  3.906279400E-02  1.750112000E-02  1.224612200E-02
 1.520732500E-12  1.169508600E-02  5.006596700E-02  1.002815233E-01  1.812733772E-02  8.932674800E-01  3.320973767E-01  7.242375633E-01  5.006596700E-02  1.169508600E-02  1.520278600E-12
 9.699397200E-04  1.231029500E-02  4.992692300E-02  1.014103442E-01  1.509656778E-02  8.634285800E-01  3.279749939E-01  7.165835561E-01  4.992692300E-02  1.231029500E-02  9.699397200E-04
 1.872778600E-03  1.286653400E-02  4.973694500E-02  1.024339290E-01  1.211633300E-02  8.337734400E-01  3.237882189E-01  7.087549611E-01  4.973694400E-02  1.286653400E-02  1.872778600E-03
 2.710804700E-03  1.336605900E-02  4.949847700E-02  1.033540481E-01  9.189921889E-03  8.043832700E-01  3.195421044E-01  7.007611756E-01  4.949847700E-02  1.336605900E-02  2.710804700E-03
 3.486353300E-03  1.381115800E-02  4.921398100E-02  1.041726118E-01  6.320420222E-03  7.753323100E-01  3.152415500E-01  6.926117500E-01  4.921398100E-02  1.381115800E-02  3.486353300E-03
 4.201794600E-03  1.420414300E-02  4.888592500E-02  1.048916741E-01  3.510699889E-03  7.466878600E-01  3.108914550E-01  6.843162350E-01  4.888592500E-02  1.420414300E-02  4.201794600E-03
 4.859521700E-03  1.454734000E-02  4.851677200E-02  1.055134006E-01  7.634323889E-04  7.185103400E-01  3.064966689E-01  6.758841311E-01  4.851677200E-02  1.454734000E-02  4.859521700E-03
 5.461933700E-03  1.484307000E-02  4.810896800E-02  1.060400542E-01 -1.918925167E-03  6.908534400E-01  3.020619906E-01  6.673249394E-01  4.810896800E-02  1.484307000E-02  5.461933700E-03
 6.011433800E-03  1.509365200E-02  4.766494000E-02  1.064739908E-01 -4.534113833E-03  6.637643200E-01  2.975921083E-01  6.586481017E-01  4.766494000E-02  1.509365200E-02  6.011433800E-03
 6.510413400E-03  1.530138500E-02  4.718708200E-02  1.068176418E-01 -7.080085778E-03  6.372838400E-01  2.930916300E-01  6.498630300E-01  4.718708200E-02  1.530138500E-02  6.510413400E-03
 6.961243000E-03  1.546854000E-02  4.667774800E-02  1.070735051E-01 -9.554997111E-03  6.114468400E-01  2.885650939E-01  6.409790161E-01  4.667774800E-02  1.546854000E-02  6.961243000E-03
 7.366259100E-03  1.559734900E-02  4.613924400E-02  1.072441145E-01 -1.195720350E-02  5.862824100E-01  2.840168978E-01  6.320052622E-01  4.613924400E-02  1.559734900E-02  7.366259100E-03
 7.727873700E-03  1.569010800E-02  4.557389700E-02  1.073321173E-01 -1.428519228E-02  5.618142600E-01  2.794512644E-01  6.229503356E-01  4.557389700E-02  1.569010800E-02  7.727873700E-03
 8.048325700E-03  1.574894400E-02  4.498389000E-02  1.073401029E-01 -1.653770794E-02  5.380610500E-01  2.748723911E-01  6.138232889E-01  4.498389000E-02  1.574894400E-02  8.048325700E-03
 8.329830300E-03  1.577595500E-02  4.437136300E-02  1.072707034E-01 -1.871367744E-02  5.150366700E-01  2.702843661E-01  6.046329639E-01  4.437136300E-02  1.577595500E-02  8.329830300E-03
 8.574570600E-03  1.577320200E-02  4.373840500E-02  1.071265799E-01 -2.081220294E-02  4.927506800E-01  2.656911500E-01  5.953878700E-01  4.373840500E-02  1.577320200E-02  8.574570600E-03
 8.784678000E-03  1.574269300E-02  4.308704100E-02  1.069103974E-01 -2.283255144E-02  4.712085900E-01  2.610965733E-01  5.860963867E-01  4.308704100E-02  1.574269300E-02  8.784678000E-03
 8.962187900E-03  1.568633600E-02  4.241919200E-02  1.066247818E-01 -2.477419778E-02  4.504123000E-01  2.565043072E-01  5.767666828E-01  4.241919200E-02  1.568633600E-02  8.962187900E-03
 9.109114800E-03  1.560601900E-02  4.173674700E-02  1.062723936E-01 -2.663674556E-02  4.303603300E-01  2.519178722E-01  5.674068278E-01  4.173674700E-02  1.560601900E-02  9.109114800E-03
 9.227386400E-03  1.550354000E-02  4.104150300E-02  1.058558661E-01 -2.841997906E-02  4.110482000E-01  2.473407617E-01  5.580246083E-01  4.104150200E-02  1.550354000E-02  9.227386400E-03
 9.318902000E-03  1.538066900E-02  4.033522100E-02  1.053778501E-01 -3.012380306E-02  3.924686600E-01  2.427763083E-01  5.486277017E-01  4.033522100E-02  1.538066900E-02  9.318902000E-03
 9.385352100E-03  1.523896700E-02  3.961945000E-02  1.048408326E-01 -3.174840361E-02  3.746124100E-01  2.382275850E-01  5.392235250E-01  3.961945000E-02  1.523896700E-02  9.385352100E-03
 9.428524300E-03  1.508009000E-02  3.889583000E-02  1.042474594E-01 -3.329396144E-02  3.574676000E-01  2.336977561E-01  5.298194339E-01  3.889583000E-02  1.508009000E-02  9.428524300E-03
 9.450021700E-03  1.490551300E-02  3.816581600E-02  1.036002202E-01 -3.476089517E-02  3.410208500E-01  2.291897872E-01  5.204224828E-01  3.816581600E-02  1.490551300E-02  9.450021700E-03
 9.452303300E-03  1.471752800E-02  3.743145700E-02  1.029018883E-01 -3.614869033E-02  3.252571000E-01  2.247050978E-01  5.110350622E-01  3.743145700E-02  1.471752800E-02  9.452303300E-03
 9.435693300E-03  1.451637800E-02  3.669324700E-02  1.021545115E-01 -3.745930650E-02  3.101601600E-01  2.202480806E-01  5.016695894E-01  3.669324700E-02  1.451637800E-02  9.435693300E-03
 9.402063700E-03  1.430379000E-02  3.595277300E-02  1.013606767E-01 -3.869301372E-02  2.957124800E-01  2.158206894E-01  4.923304206E-01  3.595277300E-02  1.430379000E-02  9.402063700E-03
 9.352777300E-03  1.408099800E-02  3.521122800E-02  1.005227389E-01 -3.985066689E-02  2.818957800E-01  2.114253344E-01  4.830236456E-01  3.521122800E-02  1.408099800E-02  9.352777300E-03
 9.289147900E-03  1.384918900E-02  3.446975200E-02  9.964306122E-02 -4.093323522E-02  2.686909700E-01  2.070642750E-01  4.737552550E-01  3.446975200E-02  1.384918900E-02  9.289147900E-03
 9.212378700E-03  1.360944000E-02  3.372937200E-02  9.872388489E-02 -4.194180489E-02  2.560786500E-01  2.027396739E-01  4.645308361E-01  3.372937200E-02  1.360944000E-02  9.212378700E-03
 9.123672100E-03  1.336282800E-02  3.299111100E-02  9.776749000E-02 -4.287751000E-02  2.440387700E-01  1.984535733E-01  4.553559067E-01  3.299111100E-02  1.336282800E-02  9.123672100E-03
 9.024103100E-03  1.311030500E-02  3.225587100E-02  9.677605928E-02 -4.374163828E-02  2.325512300E-01  1.942079161E-01  4.462358339E-01  3.225587100E-02  1.311030500E-02  9.024103100E-03
 8.915526300E-03  1.285357800E-02  3.152511000E-02  9.575180956E-02 -4.453425756E-02  2.215957100E-01  1.900033117E-01  4.371712783E-01  3.152511000E-02  1.285357800E-02  8.915526300E-03
 1.200881800E-12  9.318062600E-03  4.397201400E-02  1.049414648E-01 -1.050149983E-02  7.584980700E-01  3.142734411E-01  7.097132589E-01  4.397201400E-02  9.318062600E-03  1.201351700E-12
 7.645011100E-04  9.785614600E-03  4.372348400E-02  1.057747078E-01 -1.320271283E-02  7.299966800E-01  3.097587722E-01  7.006444878E-01  4.372348400E-02  9.785614600E-03  7.645011100E-04
 1.472749800E-03  1.020421100E-02  4.343434900E-02  1.065032441E-01 -1.583146106E-02  7.019289000E-01  3.052025150E-01  6.914456550E-01  4.343434900E-02  1.020421100E-02  1.472749800E-03
 2.126910400E-03  1.057596500E-02  4.310690200E-02  1.071292711E-01 -1.838551111E-02  6.743530500E-01  3.006095022E-01  6.821268578E-01  4.310690200E-02  1.057596500E-02  2.126910400E-03
 2.729169200E-03  1.090300500E-02  4.274343000E-02  1.076551124E-01 -2.086285644E-02  6.473209200E-01  2.959846089E-01  6.726980311E-01  4.274343000E-02  1.090300500E-02  2.729169200E-03
 3.281723800E-03  1.118745800E-02  4.234620000E-02  1.080831990E-01 -2.326170500E-02  6.208778500E-01  2.913325378E-01  6.631691422E-01  4.234620000E-02  1.118745800E-02  3.281723800E-03
 3.786773100E-03  1.143144600E-02  4.191746100E-02  1.084160541E-01 -2.558048411E-02  5.950630200E-01  2.866579428E-01  6.535500072E-01  4.191746100E-02  1.143144600E-02  3.786773100E-03
 4.246502200E-03  1.163706700E-02  4.145941900E-02  1.086562803E-01 -2.781783833E-02  5.699096100E-01  2.819653067E-01  6.438503733E-01  4.145941900E-02  1.163706700E-02  4.246502200E-03
 4.663082200E-03  1.180640300E-02  4.097424700E-02  1.088065462E-01 -2.997261717E-02  5.454451600E-01  2.772591556E-01  6.340797244E-01  4.097424700E-02  1.180640300E-02  4.663082200E-03
 5.038655900E-03  1.194149700E-02  4.046407100E-02  1.088695749E-01 -3.204387594E-02  5.216918400E-01  2.725436811E-01  6.242476189E-01  4.046407000E-02  1.194149700E-02  5.038655900E-03
 5.375330400E-03  1.204435400E-02  3.993096100E-02  1.088481358E-01 -3.403087978E-02  4.986667700E-01  2.678231089E-01  6.143632911E-01  3.993096100E-02  1.204435400E-02  5.375330400E-03
 5.675165100E-03  1.211692700E-02  3.937692600E-02  1.087450150E-01 -3.593308100E-02  4.763823700E-01  2.631015344E-01  6.044358456E-01  3.937692600E-02  1.211692700E-02  5.675165100E-03
 5.940312000E-03  1.216125100E-02  3.880401800E-02  1.085631376E-01 -3.775003861E-02  4.548467000E-01  2.583825972E-01  5.944735728E-01  3.880401800E-02  1.216125100E-02  5.940312000E-03
 6.172706100E-03  1.217914900E-02  3.821409900E-02  1.083053012E-01 -3.948158722E-02  4.340638300E-01  2.536701628E-01  5.844853472E-01  3.821409900E-02  1.217914900E-02  6.172706100E-03
 6.374258700E-03  1.217241700E-02  3.760898800E-02  1.079743315E-01 -4.112772250E-02  4.140341600E-01  2.489679189E-01  5.744796611E-01  3.760898800E-02  1.217241700E-02  6.374258700E-03
 6.546848800E-03  1.214281200E-02  3.699045500E-02  1.075730831E-01 -4.268859511E-02  3.947547600E-01  2.442793139E-01  5.644647161E-01  3.699045500E-02  1.214281200E-02  6.546848800E-03
 6.692299600E-03  1.209203800E-02  3.636020300E-02  1.071043942E-01 -4.416450517E-02  3.762197200E-01  2.396077283E-01  5.544484417E-01  3.636020300E-02  1.209203800E-02  6.692299600E-03
 6.812339100E-03  1.202170000E-02  3.571983000E-02  1.065710614E-01 -4.555594239E-02  3.584205900E-01  2.349562822E-01  5.444385578E-01  3.571983000E-02  1.202170000E-02  6.812339100E-03
 6.908669900E-03  1.193337800E-02  3.507090100E-02  1.059758988E-01 -4.686350183E-02  3.413464100E-01  2.303280678E-01  5.344425522E-01  3.507090200E-02  1.193337800E-02  6.908669900E-03
 6.982910200E-03  1.182856500E-02  3.441489300E-02  1.053216799E-01 -4.808794189E-02  3.249842500E-01  2.257259978E-01  5.244676822E-01  3.441489300E-02  1.182856500E-02  6.982910200E-03
 7.036646900E-03  1.170872600E-02  3.375324100E-02  1.046111769E-01 -4.923010889E-02  3.093191900E-01  2.211529678E-01  5.145209322E-01  3.375324100E-02  1.170872600E-02  7.036646900E-03
 7.071273800E-03  1.157513000E-02  3.308718600E-02  1.038470164E-01 -5.029111244E-02  2.943353900E-01  2.166114300E-01  5.046091500E-01  3.308718600E-02  1.157513000E-02  7.071273800E-03
 7.088269000E-03  1.142913200E-02  3.241804800E-02  1.030319360E-01 -5.127202800E-02  2.800149900E-01  2.121040822E-01  4.947389178E-01  3.241804800E-02  1.142913200E-02  7.088269000E-03
 7.088940800E-03  1.127191900E-02  3.174697600E-02  1.021685416E-01 -5.217415339E-02  2.663395400E-01  2.076332906E-01  4.849166394E-01  3.174697600E-02  1.127191900E-02  7.088940800E-03
 7.075437300E-03  1.110549300E-02  3.107573500E-02  1.012595341E-01 -5.299747775E-02  2.532895400E-01  2.032000717E-01  4.751436383E-01  3.107573500E-02  1.110549300E-02  7.075437300E-03
 7.047819200E-03  1.092982600E-02  3.040449800E-02  1.003072523E-01 -5.374519694E-02  2.408451900E-01  1.988081456E-01  4.654319144E-01  3.040449800E-02  1.092982600E-02  7.047819200E-03
 7.007669400E-03  1.074636800E-02  2.973457500E-02  9.931427493E-02 -5.441819733E-02  2.289857900E-01  1.944590322E-01  4.557848278E-01  2.973457500E-02  1.074636800E-02  7.007669400E-03
 6.956079500E-03  1.055609400E-02  2.906687700E-02  9.828303814E-02 -5.501808394E-02  2.176906100E-01  1.901545339E-01  4.462076561E-01  2.906687700E-02  1.055609400E-02  6.956079500E-03
 6.894096900E-03  1.035993300E-02  2.840227200E-02  9.721594499E-02 -5.554652169E-02  2.069385900E-01  1.858964344E-01  4.367055056E-01  2.840227200E-02  1.035993300E-02  6.894096900E-03
 6.822671900E-03  1.015871900E-02  2.774152800E-02  9.611530541E-02 -5.600527831E-02  1.967088800E-01  1.816863300E-01  4.272830900E-01  2.774152800E-02  1.015871900E-02  6.822671900E-03
 6.742754500E-03  9.953287400E-03  2.708541000E-02  9.498342951E-02 -5.639612181E-02  1.869804200E-01  1.775258083E-01  4.179449617E-01  2.708541000E-02  9.953287400E-03  6.742754500E-03
 6.655181900E-03  9.744363000E-03  2.643457500E-02  9.382254257E-02 -5.672095517E-02  1.777325200E-01  1.734162661E-01  4.086955839E-01  2.643457500E-02  9.744363000E-03  6.655181900E-03
 6.561521200E-03  9.533384800E-03  2.579022400E-02  9.263467318E-02 -5.698014078E-02  1.689446400E-01  1.693578972E-01  3.995347928E-01  2.579022400E-02  9.533384800E-03  6.561521200E-03
 0.000000000E+00  7.446610900E-03  3.883580700E-02  1.102815971E-01 -3.628922006E-02  6.441558700E-01  2.965002772E-01  6.900148928E-01  3.883580700E-02  7.446610900E-03  0.000000000E+00
 6.051281800E-04  7.803567000E-03  3.851263500E-02  1.107765472E-01 -3.853560922E-02  6.175237200E-01  2.916986944E-01  6.797634856E-01  3.851263500E-02  7.803567000E-03  6.051281800E-04
 1.163256400E-03  8.120002000E-03  3.815766200E-02  1.111695032E-01 -4.069500417E-02  5.914878700E-01  2.868768728E-01  6.694273372E-01  3.815766200E-02  8.120002000E-03  1.163256400E-03
 1.676374800E-03  8.397847000E-03  3.777297300E-02  1.114629909E-01 -4.276616689E-02  5.660873300E-01  2.820394594E-01  6.590168706E-01  3.777297300E-02  8.397847000E-03  1.676374800E-03
 2.146478000E-03  8.639029300E-03  3.736063000E-02  1.116596400E-01 -4.474808800E-02  5.413551900E-01  2.771910028E-01  6.485423072E-01  3.736063000E-02  8.639029300E-03  2.146478000E-03
 2.575556200E-03  8.845464000E-03  3.692266500E-02  1.117621787E-01 -4.663999172E-02  5.173189300E-01  2.723359722E-01  6.380136878E-01  3.692266500E-02  8.845464000E-03  2.575556200E-03
 2.965587600E-03  9.019046900E-03  3.646107400E-02  1.117734196E-01 -4.844132461E-02  4.940006700E-01  2.674786161E-01  6.274409339E-01  3.646107400E-02  9.019046900E-03  2.965587600E-03
 3.318524000E-03  9.161642000E-03  3.597780600E-02  1.116962362E-01 -5.015174822E-02  4.714174500E-01  2.626231150E-01  6.168336950E-01  3.597780600E-02  9.161642000E-03  3.318524000E-03
 3.636293100E-03  9.275083400E-03  3.547476400E-02  1.115335611E-01 -5.177113606E-02  4.495816000E-01  2.577734694E-01  6.062014406E-01  3.547476400E-02  9.275083400E-03  3.636293100E-03
 3.920785900E-03  9.361163900E-03  3.495379700E-02  1.112883682E-01 -5.329955517E-02  4.285010000E-01  2.529335817E-01  5.955533883E-01  3.495379700E-02  9.361163900E-03  3.920785900E-03
 4.173850800E-03  9.421630200E-03  3.441669400E-02  1.109636611E-01 -5.473727311E-02  4.081795100E-01  2.481071333E-01  5.848985867E-01  3.441669500E-02  9.421630200E-03  4.173850800E-03
 4.397285300E-03  9.458174200E-03  3.386518000E-02  1.105624556E-01 -5.608473956E-02  3.886172200E-01  2.432978000E-01  5.742457200E-01  3.386518000E-02  9.458174200E-03  4.397285300E-03
 4.592944500E-03  9.472540000E-03  3.330099600E-02  1.100878020E-01 -5.734242608E-02  3.698108700E-01  2.385088000E-01  5.636027600E-01  3.330099600E-02  9.472540000E-03  4.592944500E-03
 4.762501100E-03  9.466290700E-03  3.272572100E-02  1.095427188E-01 -5.851114453E-02  3.517541400E-01  2.337434583E-01  5.529780917E-01  3.272572100E-02  9.466290700E-03  4.762501100E-03
 4.907595100E-03  9.440954400E-03  3.214088400E-02  1.089302316E-01 -5.959183914E-02  3.344379900E-01  2.290049533E-01  5.423796467E-01  3.214088400E-02  9.440954400E-03  4.907595100E-03
 5.029828300E-03  9.398018800E-03  3.154796100E-02  1.082533551E-01 -6.058556981E-02  3.178509500E-01  2.242962750E-01  5.318150150E-01  3.154796100E-02  9.398018800E-03  5.029828300E-03
 5.130746700E-03  9.338915000E-03  3.094836400E-02  1.075150768E-01 -6.149352269E-02  3.019794400E-01  2.196201833E-01  5.212915567E-01  3.094836400E-02  9.338915000E-03  5.130746700E-03
 5.211805800E-03  9.264983000E-03  3.034340500E-02  1.067183369E-01 -6.231704733E-02  2.868082200E-01  2.149793717E-01  5.108162583E-01  3.034340500E-02  9.264983000E-03  5.211805800E-03
 5.274434400E-03  9.177536100E-03  2.973436300E-02  1.058660730E-01 -6.305757369E-02  2.723203100E-01  2.103764044E-01  5.003958756E-01  2.973436300E-02  9.177536100E-03  5.274434400E-03
 5.319982100E-03  9.077807900E-03  2.912243100E-02  1.049611733E-01 -6.371666264E-02  2.584975000E-01  2.058136467E-01  4.900369133E-01  2.912243100E-02  9.077807900E-03  5.319982100E-03
 5.349767600E-03  8.967001800E-03  2.850876900E-02  1.040065164E-01 -6.429594731E-02  2.453203400E-01  2.012933850E-01  4.797456450E-01  2.850876900E-02  8.967001800E-03  5.349767600E-03
 5.364934600E-03  8.846146900E-03  2.789435500E-02  1.030048379E-01 -6.479727875E-02  2.327691600E-01  1.968176878E-01  4.695279722E-01  2.789435500E-02  8.846146900E-03  5.364934600E-03
 5.366700500E-03  8.716346700E-03  2.728023900E-02  1.019589524E-01 -6.522245653E-02  2.208228200E-01  1.923886550E-01  4.593896750E-01  2.728023900E-02  8.716346700E-03  5.366700500E-03
 5.356130000E-03  8.578552900E-03  2.666731700E-02  1.008715538E-01 -6.557346822E-02  2.094602300E-01  1.880081067E-01  4.493362533E-01  2.666731700E-02  8.578552900E-03  5.356130000E-03
 5.335058700E-03  8.434474200E-03  2.605706800E-02  9.974508574E-02 -6.585060702E-02  1.986597800E-01  1.836766933E-01  4.393683067E-01  2.605706800E-02  8.434474200E-03  5.335058700E-03
 5.303408400E-03  8.283941700E-03  2.544947300E-02  9.858237437E-02 -6.605815109E-02  1.884000400E-01  1.793974911E-01  4.294966289E-01  2.544947400E-02  8.283941700E-03  5.303408400E-03
 5.262498100E-03  8.128157800E-03  2.484558900E-02  9.738589172E-02 -6.619741288E-02  1.786591600E-01  1.751714928E-01  4.197237972E-01  2.484558900E-02  8.128157800E-03  5.262498100E-03
 5.213199800E-03  7.967886400E-03  2.424610100E-02  9.615810295E-02 -6.627054006E-02  1.694156400E-01  1.710000667E-01  4.100540933E-01  2.424610100E-02  7.967886400E-03  5.213199800E-03
 5.156347200E-03  7.803854500E-03  2.365166000E-02  9.490143891E-02 -6.627971881E-02  1.606480700E-01  1.668844822E-01  4.004915978E-01  2.365166000E-02  7.803854500E-03  5.156347200E-03
 5.092689300E-03  7.636706200E-03  2.306282700E-02  9.361822640E-02 -6.622719200E-02  1.523355300E-01  1.628258911E-01  3.910400689E-01  2.306282700E-02  7.636706200E-03  5.092689300E-03
 5.022976300E-03  7.467088100E-03  2.248016400E-02  9.231077969E-02 -6.611517889E-02  1.444572500E-01  1.588253256E-01  3.817030944E-01  2.248016400E-02  7.467088100E-03  5.022976300E-03
 4.947859600E-03  7.295550200E-03  2.190414000E-02  9.098133864E-02 -6.594600944E-02  1.369930500E-01  1.548837283E-01  3.724841217E-01  2.190414000E-02  7.295550200E-03  4.947859600E-03
 4.868662500E-03  7.123306400E-03  2.133573500E-02  8.963169218E-02 -6.572018708E-02  1.299231500E-01  1.510009794E-01  3.633821106E-01  2.133573500E-02  7.123306400E-03  4.868662500E-03
 0.000000000E+00  5.964983300E-03  3.444475800E-02  1.156637533E-01 -5.905310428E-02  5.470555800E-01  2.787564083E-01  6.662072017E-01  3.444475800E-02  5.964983300E-03  0.000000000E+00
 4.805259400E-04  6.238347300E-03  3.407360000E-02  1.157966606E-01 -6.077301561E-02  5.225535800E-01  2.737715894E-01  6.549837606E-01  3.407360000E-02  6.238347300E-03  4.805259400E-04
 9.218742600E-04  6.478241900E-03  3.367798500E-02  1.158313654E-01 -6.239650344E-02  4.987449600E-01  2.687854578E-01  6.437215422E-01  3.367798500E-02  6.478241900E-03  9.218742600E-04
 1.325840900E-03  6.686399500E-03  3.325976900E-02  1.157707613E-01 -6.392337594E-02  4.756530300E-01  2.638022867E-01  6.324309533E-01  3.325976900E-02  6.686399500E-03  1.325840900E-03
 1.694215000E-03  6.864538600E-03  3.282077800E-02  1.156178271E-01 -6.535366736E-02  4.532959900E-01  2.588262817E-01  6.211221283E-01  3.282077900E-02  6.864538600E-03  1.694215000E-03
 2.028771200E-03  7.014357100E-03  3.236279900E-02  1.153756155E-01 -6.668762911E-02  4.316872800E-01  2.538614589E-01  6.098049611E-01  3.236279900E-02  7.014357100E-03  2.028771200E-03
 2.331263300E-03  7.137526100E-03  3.188757400E-02  1.150472540E-01 -6.792573008E-02  4.108358200E-01  2.489117361E-01  5.984890939E-01  3.188757400E-02  7.137526100E-03  2.331263300E-03
 2.603412300E-03  7.235679100E-03  3.139679500E-02  1.146359126E-01 -6.906864214E-02  3.907463800E-01  2.439807917E-01  5.871838783E-01  3.139679500E-02  7.235679100E-03  2.603412300E-03
 2.846908500E-03  7.310415100E-03  3.089210300E-02  1.141447934E-01 -7.011721856E-02  3.714198600E-01  2.390722772E-01  5.758983328E-01  3.089210300E-02  7.310415100E-03  2.846908500E-03
 3.063401400E-03  7.363288000E-03  3.037508400E-02  1.135771280E-01 -7.107249886E-02  3.528536400E-01  2.341895633E-01  5.646412967E-01  3.037508400E-02  7.363288000E-03  3.063401400E-03
 3.254494900E-03  7.395803600E-03  2.984726100E-02  1.129361672E-01 -7.193569992E-02  3.350419400E-01  2.293359339E-01  5.534212161E-01  2.984726100E-02  7.395803600E-03  3.254494900E-03
 3.421739900E-03  7.409412200E-03  2.931009200E-02  1.122251558E-01 -7.270820108E-02  3.179761000E-01  2.245144833E-01  5.422462967E-01  2.931009300E-02  7.409412200E-03  3.421739900E-03
 3.566736900E-03  7.405609600E-03  2.876505100E-02  1.114473061E-01 -7.339130649E-02  3.016449200E-01  2.197280433E-01  5.311238167E-01  2.876505100E-02  7.405609600E-03  3.566736900E-03
 3.690914200E-03  7.385720300E-03  2.821345200E-02  1.106058473E-01 -7.398672040E-02  2.860349800E-01  2.149794717E-01  5.200614383E-01  2.821345200E-02  7.385720300E-03  3.690914200E-03
 3.795665700E-03  7.351033000E-03  2.765656600E-02  1.097039788E-01 -7.449622756E-02  2.711309200E-01  2.102713978E-01  5.090664422E-01  2.765656600E-02  7.351033000E-03  3.795665700E-03
 3.882347700E-03  7.302797700E-03  2.709560900E-02  1.087448668E-01 -7.492168739E-02  2.569156900E-01  2.056063050E-01  4.981456050E-01  2.709560900E-02  7.302797700E-03  3.882347700E-03
 3.952263100E-03  7.242210200E-03  2.653173600E-02  1.077316389E-01 -7.526505611E-02  2.433708600E-01  2.009865483E-01  4.873054217E-01  2.653173600E-02  7.242210200E-03  3.952263100E-03
 4.006631000E-03  7.170382700E-03  2.596601400E-02  1.066673568E-01 -7.552841331E-02  2.304770100E-01  1.964142739E-01  4.765520761E-01  2.596601400E-02  7.170382700E-03  4.006631000E-03
 4.046644400E-03  7.088401400E-03  2.539947600E-02  1.055550719E-01 -7.571389536E-02  2.182135800E-01  1.918915300E-01  4.658914500E-01  2.539947600E-02  7.088401400E-03  4.046644400E-03
 4.073423300E-03  6.997280000E-03  2.483307700E-02  1.043977633E-01 -7.582372775E-02  2.065594100E-01  1.874202472E-01  4.553291028E-01  2.483307700E-02  6.997280000E-03  4.073423300E-03
 4.088058700E-03  6.898003700E-03  2.426774000E-02  1.031983945E-01 -7.586018481E-02  1.954926200E-01  1.830021867E-01  4.448703733E-01  2.426774000E-02  6.898003700E-03  4.088058700E-03
 4.091484800E-03  6.791402000E-03  2.370422700E-02  1.019597700E-01 -7.582570208E-02  1.849916500E-01  1.786389728E-01  4.345201572E-01  2.370422700E-02  6.791402000E-03  4.091484800E-03
 4.084700400E-03  6.678369700E-03  2.314336500E-02  1.006847674E-01 -7.572266014E-02  1.750338900E-01  1.743321800E-01  4.242833000E-01  2.314336500E-02  6.678369700E-03  4.084700400E-03
 4.068567800E-03  6.559666400E-03  2.258583900E-02  9.937612598E-02 -7.555357408E-02  1.655972600E-01  1.700831844E-01  4.141642956E-01  2.258583900E-02  6.559666400E-03  4.068567800E-03
 4.044678700E-03  6.436773900E-03  2.203290500E-02  9.803609997E-02 -7.531894547E-02  1.566595100E-01  1.658922128E-01  4.041627572E-01  2.203290500E-02  6.436773900E-03  4.044678700E-03
 4.012823100E-03  6.309393800E-03  2.148437800E-02  9.666782807E-02 -7.502388497E-02  1.481989500E-01  1.617618272E-01  3.942884028E-01  2.148437800E-02  6.309393800E-03  4.012823100E-03
 3.974112500E-03  6.178534800E-03  2.094111300E-02  9.527369000E-02 -7.466999800E-02  1.401937600E-01  1.576925872E-01  3.845427628E-01  2.094111300E-02  6.178534800E-03  3.974112500E-03
 3.929243000E-03  6.044795700E-03  2.040362000E-02  9.385613987E-02 -7.425980867E-02  1.326227800E-01  1.536853667E-01  3.749291133E-01  2.040362000E-02  6.044795700E-03  3.929243000E-03
 3.878876600E-03  5.908743300E-03  1.987237500E-02  9.241760208E-02 -7.379586158E-02  1.254651600E-01  1.497410933E-01  3.654504267E-01  1.987237500E-02  5.908743300E-03  3.878876600E-03
 3.823603700E-03  5.770873800E-03  1.934778000E-02  9.096037352E-02 -7.328070572E-02  1.187007900E-01  1.458604144E-01  3.561094456E-01  1.934778000E-02  5.770873800E-03  3.823603700E-03
 3.764015800E-03  5.631686800E-03  1.883023900E-02  8.948673524E-02 -7.271684914E-02  1.123098800E-01  1.420439594E-01  3.469086906E-01  1.883023900E-02  5.631686800E-03  3.764015800E-03
 3.700619000E-03  5.491597800E-03  1.832007300E-02  8.799888459E-02 -7.210687439E-02  1.062734100E-01  1.382923089E-01  3.378505311E-01  1.832007300E-02  5.491597800E-03  3.700619000E-03
 3.634530200E-03  5.351630500E-03  1.781808100E-02  8.649837652E-02 -7.145133742E-02  1.005728900E-01  1.346049367E-01  3.289331633E-01  1.781808100E-02  5.351630500E-03  3.634530200E-03
 0.000000000E+00  4.786310700E-03  3.064581400E-02  1.207880413E-01 -7.898890272E-02  4.645949300E-01  2.613379567E-01  6.390626633E-01  3.064581400E-02  4.786310700E-03  0.000000000E+00
 3.824769500E-04  4.996009900E-03  3.024770700E-02  1.205356720E-01 -8.012937961E-02  4.423044000E-01  2.562524022E-01  6.270683178E-01  3.024770700E-02  4.996009900E-03  3.824769500E-04
 7.323539900E-04  5.178110600E-03  2.983110100E-02  1.201905936E-01 -8.116877600E-02  4.207557100E-01  2.511815861E-01  6.150805839E-01  2.983110200E-02  5.178110600E-03  7.323539900E-04
 1.051231400E-03  5.334147800E-03  2.939762900E-02  1.197560740E-01 -8.210798370E-02  3.999601200E-01  2.461295322E-01  6.031095678E-01  2.939762900E-02  5.334147800E-03  1.051231400E-03
 1.340695300E-03  5.465636900E-03  2.894888400E-02  1.192354521E-01 -8.294810203E-02  3.799245200E-01  2.411000550E-01  5.911651150E-01  2.894888400E-02  5.465636900E-03  1.340695300E-03
 1.602311000E-03  5.574067200E-03  2.848642100E-02  1.186321105E-01 -8.369041681E-02  3.606518000E-01  2.360968006E-01  5.792567494E-01  2.848642100E-02  5.574067200E-03  1.602311000E-03
 1.837618100E-03  5.660897800E-03  2.801174600E-02  1.179494900E-01 -8.433640756E-02  3.421410800E-01  2.311232878E-01  5.673936122E-01  2.801174600E-02  5.660897800E-03  1.837618100E-03
 2.048119700E-03  5.727547300E-03  2.752631400E-02  1.171910364E-01 -8.488771547E-02  3.243881300E-01  2.261828267E-01  5.555845333E-01  2.752631400E-02  5.727547300E-03  2.048119700E-03
 2.235285300E-03  5.775397800E-03  2.703152800E-02  1.163602245E-01 -8.534614403E-02  3.073856000E-01  2.212786306E-01  5.438379394E-01  2.703152900E-02  5.775397800E-03  2.235285300E-03
 2.400541700E-03  5.805785300E-03  2.652873500E-02  1.154605239E-01 -8.571364050E-02  2.911234100E-01  2.164136428E-01  5.321619872E-01  2.652873500E-02  5.805785300E-03  2.400541700E-03
 2.545269300E-03  5.819997800E-03  2.601922100E-02  1.144954023E-01 -8.599229389E-02  2.755890100E-01  2.115907611E-01  5.205643789E-01  2.601922100E-02  5.819997800E-03  2.545269300E-03
 2.670795900E-03  5.819268400E-03  2.550421000E-02  1.134683030E-01 -8.618432092E-02  2.607677700E-01  2.068126028E-01  5.090525872E-01  2.550421000E-02  5.819268400E-03  2.670795900E-03
 2.778505400E-03  5.804884000E-03  2.498494800E-02  1.123825947E-01 -8.629179736E-02  2.466431500E-01  2.020815744E-01  4.976330056E-01  2.498494800E-02  5.804884000E-03  2.778505400E-03
 2.869603500E-03  5.777953900E-03  2.446252200E-02  1.112416630E-01 -8.631719014E-02  2.331970800E-01  1.974000578E-01  4.863124622E-01  2.446252200E-02  5.777953900E-03  2.869603500E-03
 2.945266300E-03  5.739556500E-03  2.393797200E-02  1.100488506E-01 -8.626300856E-02  2.204101900E-01  1.927702678E-01  4.750973122E-01  2.393797200E-02  5.739556500E-03  2.945266300E-03
 3.006636600E-03  5.690736800E-03  2.341229800E-02  1.088074299E-01 -8.613178258E-02  2.082620200E-01  1.881941922E-01  4.639934278E-01  2.341229800E-02  5.690736800E-03  3.006636600E-03
 3.054807500E-03  5.632490000E-03  2.288644000E-02  1.075206295E-01 -8.592610833E-02  1.967312600E-01  1.836737828E-01  4.530062872E-01  2.288644000E-02  5.632490000E-03  3.054807500E-03
 3.090795600E-03  5.565734700E-03  2.236125700E-02  1.061915888E-01 -8.564865575E-02  1.857961700E-01  1.792106906E-01  4.421411194E-01  2.236125700E-02  5.565734700E-03  3.090795600E-03
 3.115593000E-03  5.491365900E-03  2.183757900E-02  1.048234159E-01 -8.530211536E-02  1.754343500E-01  1.748065406E-01  4.314027694E-01  2.183757900E-02  5.491365900E-03  3.115593000E-03
 3.130126300E-03  5.410213400E-03  2.131616600E-02  1.034191377E-01 -8.488922897E-02  1.656232400E-01  1.704628000E-01  4.207957200E-01  2.131616600E-02  5.410213400E-03  3.130126300E-03
 3.135294900E-03  5.323081000E-03  2.079774900E-02  1.019817413E-01 -8.441274836E-02  1.563399700E-01  1.661808067E-01  4.103242733E-01  2.079774900E-02  5.323081000E-03  3.135294900E-03
 3.131859600E-03  5.230634500E-03  2.028291500E-02  1.005140570E-01 -8.387554056E-02  1.475623600E-01  1.619617317E-01  3.999922583E-01  2.028291500E-02  5.230634500E-03  3.131859600E-03
 3.120637100E-03  5.133597200E-03  1.977230800E-02  9.901895320E-02 -8.328039000E-02  1.392675700E-01  1.578066861E-01  3.898034439E-01  1.977230800E-02  5.133597200E-03  3.120637100E-03
 3.102324200E-03  5.032573600E-03  1.926645000E-02  9.749916461E-02 -8.263017561E-02  1.314335300E-01  1.537166950E-01  3.797611550E-01  1.926645000E-02  5.032573600E-03  3.102324200E-03
 3.078296500E-03  4.928844000E-03  1.876639800E-02  9.595673289E-02 -8.192553289E-02  1.240383300E-01  1.496915800E-01  3.698641400E-01  1.876639800E-02  4.928844000E-03  3.078296500E-03
 3.048258500E-03  4.822029300E-03  1.827186200E-02  9.439500217E-02 -8.117210917E-02  1.170608100E-01  1.457333717E-01  3.601208183E-01  1.827186200E-02  4.822029300E-03  3.048258500E-03
 3.013146300E-03  4.712975600E-03  1.778353100E-02  9.281621411E-02 -8.037168011E-02  1.104799500E-01  1.418422972E-01  3.505316728E-01  1.778353100E-02  4.712975600E-03  3.013146300E-03
 2.973514500E-03  4.602151000E-03  1.730177700E-02  9.122275839E-02 -7.952697739E-02  1.042755400E-01  1.380188794E-01  3.410988106E-01  1.730177700E-02  4.602151000E-03  2.973514500E-03
 2.929888500E-03  4.489996200E-03  1.682694200E-02  8.961698017E-02 -7.864073117E-02  9.842786400E-02  1.342635517E-01  3.318241983E-01  1.682694200E-02  4.489996200E-03  2.929888500E-03
 2.882732300E-03  4.376891900E-03  1.635930700E-02  8.800109783E-02 -7.771563483E-02  9.291806000E-02  1.305766194E-01  3.227094706E-01  1.635930700E-02  4.376891900E-03  2.882732300E-03
 2.832512100E-03  4.263223000E-03  1.589915300E-02  8.637728761E-02 -7.675431661E-02  8.772772600E-02  1.269583806E-01  3.137560494E-01  1.589915300E-02  4.263223000E-03  2.832512100E-03
 2.779620600E-03  4.149302400E-03  1.544669300E-02  8.474765244E-02 -7.575945244E-02  8.283929400E-02  1.234090233E-01  3.049651967E-01  1.544669300E-02  4.149302400E-03  2.779620600E-03
 2.724993000E-03  4.035985600E-03  1.500256400E-02  8.311348711E-02 -7.473156711E-02  7.823584500E-02  1.199277356E-01  2.963344644E-01  1.500256400E-02  4.035985600E-03  2.724993000E-03
 0.000000000E+00  3.844533300E-03  2.736149300E-02  1.253501083E-01 -9.625946764E-02  3.945456100E-01  2.444426500E-01  6.092392100E-01  2.736149400E-02  3.844533300E-03  0.000000000E+00
 3.048971700E-04  4.005456000E-03  2.695074100E-02  1.246931628E-01 -9.677374722E-02  3.744298600E-01  2.393161856E-01  5.966602344E-01  2.695074100E-02  4.005456000E-03  3.048971700E-04
 5.827098800E-04  4.143656200E-03  2.652624900E-02  1.239515961E-01 -9.718813028E-02  3.550718400E-01  2.342185156E-01  5.841326444E-01  2.652625000E-02  4.143656200E-03  5.827098800E-04
 8.348509300E-04  4.260482700E-03  2.608945000E-02  1.231289723E-01 -9.750450103E-02  3.364733800E-01  2.291533967E-01  5.716660233E-01  2.608945000E-02  4.260482700E-03  8.348509300E-04
 1.062714300E-03  4.357260300E-03  2.564173500E-02  1.222289028E-01 -9.772491547E-02  3.186326700E-01  2.241242550E-01  5.592696750E-01  2.564173500E-02  4.357260300E-03  1.062714300E-03
 1.267670100E-03  4.435285700E-03  2.518445100E-02  1.212550341E-01 -9.785158933E-02  3.015445700E-01  2.191343900E-01  5.469524700E-01  2.518445100E-02  4.435285700E-03  1.267670100E-03
 1.451059300E-03  4.495823500E-03  2.471890200E-02  1.202110172E-01 -9.788687122E-02  2.852009400E-01  2.141869344E-01  5.347228056E-01  2.471890200E-02  4.495823500E-03  1.451059300E-03
 1.614186100E-03  4.540097800E-03  2.424633300E-02  1.191005117E-01 -9.783324967E-02  2.695909700E-01  2.092848533E-01  5.225887067E-01  2.424633300E-02  4.540097800E-03  1.614186100E-03
 1.758320000E-03  4.569295600E-03  2.376794300E-02  1.179271669E-01 -9.769331994E-02  2.547014100E-01  2.044308428E-01  5.105578272E-01  2.376794400E-02  4.569295600E-03  1.758320000E-03
 1.884688300E-03  4.584559700E-03  2.328487600E-02  1.166946058E-01 -9.746978178E-02  2.405169600E-01  1.996275744E-01  4.986372856E-01  2.328487600E-02  4.584559700E-03  1.884688300E-03
 1.994473300E-03  4.586986300E-03  2.279821500E-02  1.154064318E-01 -9.716543578E-02  2.270204900E-01  1.948774194E-01  4.868339506E-01  2.279821500E-02  4.586986300E-03  1.994473300E-03
 2.088807500E-03  4.577620500E-03  2.230898700E-02  1.140661938E-01 -9.678315778E-02  2.141933700E-01  1.901826228E-01  4.751542072E-01  2.230898700E-02  4.577620500E-03  2.088807500E-03
 2.168871300E-03  4.557553600E-03  2.181823400E-02  1.126773311E-01 -9.632561111E-02  2.020156800E-01  1.855451467E-01  4.636034933E-01  2.181823500E-02  4.557553600E-03  2.168871300E-03
 2.235682300E-03  4.527714700E-03  2.132685500E-02  1.112433015E-01 -9.579584450E-02  1.904664800E-01  1.809669806E-01  4.521875294E-01  2.132685500E-02  4.527714700E-03  2.235682300E-03
 2.290230500E-03  4.489004500E-03  2.083570300E-02  1.097674938E-01 -9.519689883E-02  1.795240300E-01  1.764498356E-01  4.409116044E-01  2.083570300E-02  4.489004500E-03  2.290230500E-03
 2.333474900E-03  4.442292800E-03  2.034559400E-02  1.082532199E-01 -9.453179494E-02  1.691660200E-01  1.719953072E-01  4.297804828E-01  2.034559500E-02  4.442292800E-03  2.333474900E-03
 2.366328700E-03  4.388404100E-03  1.985729200E-02  1.067037068E-01 -9.380356183E-02  1.593697000E-01  1.676048944E-01  4.187985256E-01  1.985729300E-02  4.388404100E-03  2.366328700E-03
 2.389637000E-03  4.328094700E-03  1.937148600E-02  1.051220939E-01 -9.301526494E-02  1.501123000E-01  1.632798672E-01  4.079697628E-01  1.937148600E-02  4.328094700E-03  2.389637000E-03
 2.404222000E-03  4.262099300E-03  1.888883900E-02  1.035114649E-01 -9.216995394E-02  1.413707600E-01  1.590213572E-01  3.972979328E-01  1.888883900E-02  4.262099300E-03  2.404222000E-03
 2.410847600E-03  4.191094500E-03  1.840995000E-02  1.018748034E-01 -9.127068144E-02  1.331221800E-01  1.548304706E-01  3.867863394E-01  1.840995000E-02  4.191094500E-03  2.410847600E-03
 2.410253500E-03  4.115734200E-03  1.793539300E-02  1.002150474E-01 -9.032048439E-02  1.253437000E-01  1.507080722E-01  3.764381478E-01  1.793539400E-02  4.115734200E-03  2.410253500E-03
 2.403057900E-03  4.036551700E-03  1.746561900E-02  9.853496244E-02 -8.932245444E-02  1.180133500E-01  1.466549928E-01  3.662559772E-01  1.746561900E-02  4.036551700E-03  2.403057900E-03
 2.389927800E-03  3.954130300E-03  1.700112400E-02  9.683733856E-02 -8.827959256E-02  1.111088200E-01  1.426718911E-01  3.562424289E-01  1.700112500E-02  3.954130300E-03  2.389927800E-03
 2.371425800E-03  3.868950200E-03  1.654230100E-02  9.512482356E-02 -8.719493956E-02  1.046087500E-01  1.387593906E-01  3.463996594E-01  1.654230100E-02  3.868950200E-03  2.371425800E-03
 2.348708400E-03  3.782086000E-03  1.609000900E-02  9.339916750E-02 -8.606914250E-02  9.849212600E-02  1.349169967E-01  3.367257433E-01  1.609000900E-02  3.782086000E-03  2.348708400E-03
 2.321469200E-03  3.693153400E-03  1.564392900E-02  9.166385456E-02 -8.490811656E-02  9.273884000E-02  1.311463044E-01  3.272273356E-01  1.564392900E-02  3.693153400E-03  2.321469200E-03
 2.290481900E-03  3.602847800E-03  1.520460100E-02  8.992089989E-02 -8.371363389E-02  8.732909000E-02  1.274471878E-01  3.179039522E-01  1.520460100E-02  3.602847800E-03  2.290481900E-03
 2.256187000E-03  3.511533200E-03  1.477228800E-02  8.817257344E-02 -8.248847944E-02  8.224397300E-02  1.238197461E-01  3.087566639E-01  1.477228800E-02  3.511533200E-03  2.256187000E-03
 2.219000500E-03  3.419550900E-03  1.434722800E-02  8.642105850E-02 -8.123537150E-02  7.746520300E-02  1.202641017E-01  2.997863083E-01  1.434722800E-02  3.419550900E-03  2.219000500E-03
 2.179286500E-03  3.327191900E-03  1.392960800E-02  8.466843178E-02 -7.995699178E-02  7.297539500E-02  1.167802694E-01  2.909933606E-01  1.392960800E-02  3.327191900E-03  2.179286500E-03
 2.137411700E-03  3.234751200E-03  1.351961500E-02  8.291670211E-02 -7.865591611E-02  6.875771000E-02  1.133681439E-01  2.823782261E-01  1.351961500E-02  3.234751200E-03  2.137411700E-03
 2.093680300E-03  3.142463400E-03  1.311738100E-02  8.116780583E-02 -7.733474683E-02  6.479617900E-02  1.100275711E-01  2.739411089E-01  1.311738100E-02  3.142463400E-03  2.093680300E-03
 2.048864200E-03  3.051032500E-03  1.272339900E-02  7.942275261E-02 -7.599391561E-02  6.107551800E-02  1.067575844E-01  2.656788956E-01  1.272339900E-02  3.051032500E-03  2.048864200E-03
 0.000000000E+00  3.089220400E-03  2.452886900E-02  1.290068808E-01 -1.107488758E-01  3.350014500E-01  2.281316872E-01  5.772958628E-01  2.452886900E-02  3.089220400E-03  0.000000000E+00
 2.432292200E-04  3.212583900E-03  2.411357500E-02  1.279476193E-01 -1.106146623E-01  3.169612800E-01  2.230085494E-01  5.643184806E-01  2.411357500E-02  3.212583900E-03  2.432292200E-04
 4.639909400E-04  3.317271700E-03  2.368845600E-02  1.268134857E-01 -1.103876047E-01  2.996715300E-01  2.179272878E-01  5.514348522E-01  2.368845600E-02  3.317271700E-03  4.639909400E-04
 6.635239100E-04  3.404460500E-03  2.325476400E-02  1.256083018E-01 -1.100703828E-01  2.831269100E-01  2.128911494E-01  5.386540006E-01  2.325476400E-02  3.404460500E-03  6.635239100E-04
 8.430455100E-04  3.475301700E-03  2.281371000E-02  1.243359058E-01 -1.096658028E-01  2.673191800E-01  2.079032161E-01  5.259843739E-01  2.281371000E-02  3.475301700E-03  8.430455100E-04
 1.003747300E-03  3.530917600E-03  2.236646000E-02  1.230001382E-01 -1.091767812E-01  2.522373800E-01  2.029663922E-01  5.134339878E-01  2.236646000E-02  3.530917600E-03  1.003747300E-03
 1.146791200E-03  3.572397700E-03  2.191413200E-02  1.216048282E-01 -1.086063322E-01  2.378681600E-01  1.980833550E-01  5.010103750E-01  2.191413200E-02  3.572397700E-03  1.146791200E-03
 1.273302300E-03  3.600792800E-03  2.145779200E-02  1.201537780E-01 -1.079575540E-01  2.241960900E-01  1.932566150E-01  4.887205950E-01  2.145779200E-02  3.600792800E-03  1.273302300E-03
 1.384371700E-03  3.617117300E-03  2.099845800E-02  1.186507508E-01 -1.072336088E-01  2.112039300E-01  1.884884856E-01  4.765712544E-01  2.099845800E-02  3.617117300E-03  1.384371700E-03
 1.481050100E-03  3.622343700E-03  2.053709400E-02  1.170994639E-01 -1.064377149E-01  1.988728700E-01  1.837811339E-01  4.645684561E-01  2.053709400E-02  3.622343700E-03  1.481050100E-03
 1.564345400E-03  3.617400800E-03  2.007461000E-02  1.155035890E-01 -1.055731470E-01  1.871828500E-01  1.791365394E-01  4.527179106E-01  2.007461000E-02  3.617400800E-03  1.564345400E-03
 1.635219200E-03  3.603170000E-03  1.961185900E-02  1.138667281E-01 -1.046432181E-01  1.761127800E-01  1.745564228E-01  4.410249672E-01  1.961185900E-02  3.603170000E-03  1.635219200E-03
 1.694674100E-03  3.580573200E-03  1.914971100E-02  1.121923074E-01 -1.036509524E-01  1.656407600E-01  1.700423544E-01  4.294939056E-01  1.914971100E-02  3.580573200E-03  1.694674100E-03
 1.743565600E-03  3.550384800E-03  1.868889700E-02  1.104838047E-01 -1.025997567E-01  1.557443100E-01  1.655958617E-01  4.181292683E-01  1.868889700E-02  3.550384800E-03  1.743565600E-03
 1.782723400E-03  3.513354000E-03  1.823011500E-02  1.087445899E-01 -1.014929719E-01  1.464005300E-01  1.612182339E-01  4.069351561E-01  1.823011500E-02  3.513354000E-03  1.782723400E-03
 1.812949100E-03  3.470201800E-03  1.777402300E-02  1.069779322E-01 -1.003338762E-01  1.375863300E-01  1.569105944E-01  3.959151456E-01  1.777402300E-02  3.470201800E-03  1.812949100E-03
 1.835003400E-03  3.421608600E-03  1.732123300E-02  1.051870076E-01 -9.912572356E-02  1.292785300E-01  1.526740617E-01  3.850723483E-01  1.732123300E-02  3.421608600E-03  1.835003400E-03
 1.849585900E-03  3.368194500E-03  1.687229100E-02  1.033748815E-01 -9.787176050E-02  1.214542000E-01  1.485094022E-01  3.744096778E-01  1.687229100E-02  3.368194500E-03  1.849585900E-03
 1.857375900E-03  3.310560200E-03  1.642771900E-02  1.015445402E-01 -9.657517517E-02  1.140904300E-01  1.444174183E-01  3.639295717E-01  1.642771900E-02  3.310560200E-03  1.857375900E-03
 1.859001100E-03  3.249255600E-03  1.598798400E-02  9.969886933E-02 -9.523913333E-02  1.071647100E-01  1.403986922E-01  3.536342478E-01  1.598798400E-02  3.249255600E-03  1.859001100E-03
 1.855067700E-03  3.184810100E-03  1.555352800E-02  9.784067939E-02 -9.386674839E-02  1.006548100E-01  1.364538311E-01  3.435254889E-01  1.555352800E-02  3.184810100E-03  1.855067700E-03
 1.846077000E-03  3.117649600E-03  1.512468600E-02  9.597261506E-02 -9.246114606E-02  9.453953200E-02  1.325831411E-01  3.336048789E-01  1.512468600E-02  3.117649600E-03  1.846077000E-03
 1.832571900E-03  3.048242500E-03  1.470183600E-02  9.409731989E-02 -9.102534589E-02  8.879755100E-02  1.287869511E-01  3.238737689E-01  1.470183600E-02  3.048242500E-03  1.832571900E-03
 1.815005600E-03  2.976969000E-03  1.428526200E-02  9.221728267E-02 -8.956235867E-02  8.340861600E-02  1.250654828E-01  3.143331472E-01  1.428526200E-02  2.976969000E-03  1.815005600E-03
 1.794341300E-03  2.904721900E-03  1.387565100E-02  9.033396283E-02 -8.807278983E-02  7.835296900E-02  1.214180172E-01  3.049803528E-01  1.387565100E-02  2.904721900E-03  1.794341300E-03
 1.770283800E-03  2.831134600E-03  1.347267700E-02  8.845084378E-02 -8.656248378E-02  7.361182100E-02  1.178456222E-01  2.958203378E-01  1.347267700E-02  2.831134600E-03  1.770283800E-03
 1.743468200E-03  2.756774100E-03  1.307675300E-02  8.656969700E-02 -8.503311900E-02  6.916681300E-02  1.143478989E-01  2.868516811E-01  1.307675300E-02  2.756774100E-03  1.743468200E-03
 1.714243500E-03  2.681922300E-03  1.268805500E-02  8.469259078E-02 -8.348734478E-02  6.500053000E-02  1.109246044E-01  2.780743956E-01  1.268805500E-02  2.681922300E-03  1.714243500E-03
 1.682938100E-03  2.606842000E-03  1.230673700E-02  8.282150972E-02 -8.192774072E-02  6.109623600E-02  1.075755094E-01  2.694882006E-01  1.230673700E-02  2.606842000E-03  1.682938100E-03
 1.649837100E-03  2.531754400E-03  1.193291200E-02  8.095831833E-02 -8.035681233E-02  5.743811300E-02  1.043003572E-01  2.610925328E-01  1.193291200E-02  2.531754400E-03  1.649837100E-03
 1.615227900E-03  2.456884200E-03  1.156669300E-02  7.910481417E-02 -7.877695317E-02  5.401093600E-02  1.010987100E-01  2.528867500E-01  1.156669300E-02  2.456884200E-03  1.615227900E-03
 1.579345900E-03  2.382406100E-03  1.120814500E-02  7.726270983E-02 -7.719055483E-02  5.080034900E-02  9.797011111E-02  2.448700889E-01  1.120814500E-02  2.382406100E-03  1.579345900E-03
 1.542819600E-03  2.308891200E-03  1.085764200E-02  7.543272822E-02 -7.559789622E-02  4.779268500E-02  9.491342833E-02  2.370388617E-01  1.085764200E-02  2.308891200E-03  1.542819600E-03
 0.000000000E+00  2.481329200E-03  2.205492000E-02  1.316453177E-01 -1.223522077E-01  2.843858700E-01  2.123233683E-01  5.436615217E-01  2.205492000E-02  2.481329200E-03  0.000000000E+00
 1.940111500E-04  2.575650800E-03  2.164145000E-02  1.301920838E-01 -1.215814438E-01  2.682851700E-01  2.072504111E-01  5.304739089E-01  2.164145000E-02  2.575650800E-03  1.940111500E-04
 3.694179200E-04  2.654656700E-03  2.122140800E-02  1.286755592E-01 -1.207290962E-01  2.529110300E-01  2.022306233E-01  5.174186367E-01  2.122140800E-02  2.654656700E-03  3.694179200E-04
 5.273006900E-04  2.719368100E-03  2.079587700E-02  1.270997422E-01 -1.197984652E-01  2.382532700E-01  1.972668683E-01  5.045037817E-01  2.079587700E-02  2.719368100E-03  5.273006900E-04
 6.687171100E-04  2.770780300E-03  2.036589600E-02  1.254686239E-01 -1.187929299E-01  2.242992300E-01  1.923617822E-01  4.917369378E-01  2.036589600E-02  2.770780300E-03  6.687171100E-04
 7.946984400E-04  2.809859600E-03  1.993246200E-02  1.237861494E-01 -1.177159154E-01  2.110340600E-01  1.875178561E-01  4.791250939E-01  1.993246200E-02  2.809859600E-03  7.946984400E-04
 9.062464800E-04  2.837540600E-03  1.949652600E-02  1.220562343E-01 -1.165709073E-01  1.984409700E-01  1.827373639E-01  4.666747661E-01  1.949652600E-02  2.837540600E-03  9.062464800E-04
 1.004327400E-03  2.854720300E-03  1.905898900E-02  1.202827366E-01 -1.153614226E-01  1.865015900E-01  1.780223322E-01  4.543919678E-01  1.905898900E-02  2.854720300E-03  1.004327400E-03
 1.089874800E-03  2.862261700E-03  1.862070700E-02  1.184694458E-01 -1.140909908E-01  1.751961200E-01  1.733746622E-01  4.422821778E-01  1.862070700E-02  2.862261700E-03  1.089874800E-03
 1.163783900E-03  2.860988400E-03  1.818248300E-02  1.166200841E-01 -1.127631581E-01  1.645036800E-01  1.687960578E-01  4.303504222E-01  1.818248300E-02  2.860988400E-03  1.163783900E-03
 1.226910100E-03  2.851683400E-03  1.774507200E-02  1.147383038E-01 -1.113814838E-01  1.544025200E-01  1.642880767E-01  4.186012233E-01  1.774507200E-02  2.851683400E-03  1.226910100E-03
 1.280066000E-03  2.835086300E-03  1.730917600E-02  1.128276610E-01 -1.099495110E-01  1.448702200E-01  1.598520178E-01  4.070387422E-01  1.730917600E-02  2.835086300E-03  1.280066000E-03
 1.324102200E-03  2.811974500E-03  1.687551400E-02  1.108914877E-01 -1.084704347E-01  1.358839300E-01  1.554890094E-01  3.956661006E-01  1.687551400E-02  2.811974500E-03  1.324102200E-03
 1.359733600E-03  2.782989800E-03  1.644467500E-02  1.089331878E-01 -1.069478278E-01  1.274205200E-01  1.512000961E-01  3.844866939E-01  1.644467500E-02  2.782989800E-03  1.359733600E-03
 1.387652600E-03  2.748751900E-03  1.601722000E-02  1.069560272E-01 -1.053851452E-01  1.194567900E-01  1.469862172E-01  3.735033528E-01  1.601722000E-02  2.748751900E-03  1.387652600E-03
 1.408526800E-03  2.709855600E-03  1.559367300E-02  1.049631507E-01 -1.037857387E-01  1.119695900E-01  1.428481256E-01  3.627184144E-01  1.559367300E-02  2.709855600E-03  1.408526800E-03
 1.422986900E-03  2.666860000E-03  1.517451700E-02  1.029575919E-01 -1.021529019E-01  1.049359500E-01  1.387863850E-01  3.521339250E-01  1.517451700E-02  2.666860000E-03  1.422986900E-03
 1.431610300E-03  2.620271200E-03  1.476018000E-02  1.009422537E-01 -1.004898757E-01  9.833337000E-02  1.348014733E-01  3.417514867E-01  1.476018000E-02  2.620271200E-03  1.431610300E-03
 1.434955800E-03  2.570578000E-03  1.435106300E-02  9.891996117E-02 -9.879983017E-02  9.213959000E-02  1.308937400E-01  3.315724200E-01  1.435106300E-02  2.570578000E-03  1.434955800E-03
 1.433537600E-03  2.518225100E-03  1.394752300E-02  9.689341244E-02 -9.708586844E-02  8.633293000E-02  1.270634883E-01  3.215976417E-01  1.394752300E-02  2.518225100E-03  1.433537600E-03
 1.427850200E-03  2.463639000E-03  1.354989300E-02  9.486521978E-02 -9.535101578E-02  8.089213400E-02  1.233108211E-01  3.118279189E-01  1.354989300E-02  2.463639000E-03  1.427850200E-03
 1.418298900E-03  2.407158100E-03  1.315841700E-02  9.283783450E-02 -9.359827950E-02  7.579709800E-02  1.196357856E-01  3.022635544E-01  1.315841700E-02  2.407158100E-03  1.418298900E-03
 1.405323600E-03  2.349156500E-03  1.277337000E-02  9.081367211E-02 -9.183053411E-02  7.102775700E-02  1.160383183E-01  2.929047917E-01  1.277337000E-02  2.349156500E-03  1.405323600E-03
 1.389288000E-03  2.289933400E-03  1.239495200E-02  8.879500933E-02 -9.005062933E-02  6.656517800E-02  1.125182894E-01  2.837515006E-01  1.239495200E-02  2.289933400E-03  1.389288000E-03
 1.370993800E-03  2.230230000E-03  1.202370300E-02  8.678298650E-02 -8.825901950E-02  6.239101700E-02  1.090747956E-01  2.748003244E-01  1.202370300E-02  2.230230000E-03  1.370993800E-03
 1.350160200E-03  2.169700700E-03  1.165930100E-02  8.478096694E-02 -8.646129594E-02  5.848793800E-02  1.057083967E-01  2.660545833E-01  1.165930100E-02  2.169700700E-03  1.350160200E-03
 1.327308400E-03  2.108807700E-03  1.130205400E-02  8.279042961E-02 -8.465891861E-02  5.483910800E-02  1.024184194E-01  2.575120706E-01  1.130205400E-02  2.108807700E-03  1.327308400E-03
 1.302714000E-03  2.047767900E-03  1.095206800E-02  8.081319139E-02 -8.285429239E-02  5.142865600E-02  9.920439111E-02  2.491716489E-01  1.095206800E-02  2.047767900E-03  1.302714000E-03
 1.276635100E-03  1.986782200E-03  1.060943400E-02  7.885098839E-02 -8.104973939E-02  4.824142000E-02  9.606582000E-02  2.410320600E-01  1.060943400E-02  1.986782200E-03  1.276635100E-03
 1.249294300E-03  1.926017500E-03  1.027420500E-02  7.690541911E-02 -7.924747911E-02  4.526314400E-02  9.300203444E-02  2.330918656E-01  1.027420500E-02  1.926017500E-03  1.249294300E-03
 1.220916000E-03  1.865643700E-03  9.946436900E-03  7.497801917E-02 -7.744962017E-02  4.248018800E-02  9.001246667E-02  2.253493733E-01  9.946436900E-03  1.865643700E-03  1.220916000E-03
 1.191681700E-03  1.805789500E-03  9.626145500E-03  7.307023489E-02 -7.565824289E-02  3.987975500E-02  8.709636667E-02  2.178029133E-01  9.626145500E-03  1.805789500E-03  1.191681700E-03
 1.162097400E-03  1.746912100E-03  9.313596900E-03  7.118249789E-02 -7.387343189E-02  3.744972800E-02  8.425242500E-02  2.104483650E-01  9.313596900E-03  1.746912100E-03  1.162097400E-03
 0.000000000E+00  1.990459300E-03  1.987641200E-02  1.331560884E-01 -1.311342794E-01  2.413250400E-01  1.970236411E-01  5.090111789E-01  1.987641300E-02  1.990459300E-03  0.000000000E+00
 1.545928700E-04  2.062272700E-03  1.946994600E-02  1.313286382E-01 -1.297586422E-01  2.270071000E-01  1.920435194E-01  4.957686906E-01  1.946994600E-02  2.062272700E-03  1.545928700E-04
 2.938158400E-04  2.121562500E-03  1.905953900E-02  1.294508752E-01 -1.283161252E-01  2.133827500E-01  1.871262300E-01  4.826946300E-01  1.905953900E-02  2.121562500E-03  2.938158400E-04
 4.186066500E-04  2.169210500E-03  1.864612400E-02  1.275268881E-01 -1.268104291E-01  2.004382100E-01  1.822741628E-01  4.697959872E-01  1.864612400E-02  2.169210500E-03  4.186066500E-04
 5.298798300E-04  2.206072800E-03  1.823058900E-02  1.255607111E-01 -1.252452781E-01  1.881576700E-01  1.774895328E-01  4.570791172E-01  1.823058900E-02  2.206072800E-03  5.298798300E-04
 6.285237700E-04  2.232977400E-03  1.781378400E-02  1.235563190E-01 -1.236244050E-01  1.765235800E-01  1.727743178E-01  4.445498822E-01  1.781378400E-02  2.232977400E-03  6.285237700E-04
 7.153982100E-04  2.250721800E-03  1.739651300E-02  1.215176190E-01 -1.219515490E-01  1.655168700E-01  1.681303306E-01  4.322135194E-01  1.739651300E-02  2.250721800E-03  7.153982100E-04
 7.913291700E-04  2.260068400E-03  1.697953200E-02  1.194484423E-01 -1.202304433E-01  1.551172900E-01  1.635592583E-01  4.200747317E-01  1.697953200E-02  2.260068400E-03  7.913291700E-04
 8.571117300E-04  2.261747600E-03  1.656355500E-02  1.173525175E-01 -1.184647805E-01  1.453035400E-01  1.590624900E-01  4.081377700E-01  1.656355500E-02  2.261747600E-03  8.571117300E-04
 9.135054200E-04  2.256453500E-03  1.614924900E-02  1.152334893E-01 -1.166582403E-01  1.360535800E-01  1.546412783E-01  3.964063917E-01  1.614924900E-02  2.256453500E-03  9.135054200E-04
 9.612332800E-04  2.244843200E-03  1.573723400E-02  1.130948945E-01 -1.148144515E-01  1.273448100E-01  1.502967606E-01  3.848838294E-01  1.573723400E-02  2.244843200E-03  9.612332800E-04
 1.000979200E-03  2.227534500E-03  1.532808400E-02  1.109401757E-01 -1.129370147E-01  1.191543000E-01  1.460298867E-01  3.735728733E-01  1.532808400E-02  2.227534500E-03  1.000979200E-03
 1.033459500E-03  2.205177800E-03  1.492238500E-02  1.087724951E-01 -1.110291261E-01  1.114589400E-01  1.418413022E-01  3.624754978E-01  1.492238500E-02  2.205177800E-03  1.033459500E-03
 1.059270200E-03  2.178303200E-03  1.452060900E-02  1.065950932E-01 -1.090943272E-01  1.042356300E-01  1.377316922E-01  3.515937678E-01  1.452060900E-02  2.178303200E-03  1.059270200E-03
 1.078986900E-03  2.147420800E-03  1.412319800E-02  1.044110607E-01 -1.071360137E-01  9.746139200E-02  1.337016061E-01  3.409292039E-01  1.412319800E-02  2.147420800E-03  1.078986900E-03
 1.093162900E-03  2.113019000E-03  1.373056700E-02  1.022233359E-01 -1.051574419E-01  9.111354200E-02  1.297513444E-01  3.304829756E-01  1.373056700E-02  2.113019000E-03  1.093162900E-03
 1.102319000E-03  2.075554500E-03  1.334309100E-02  1.000347398E-01 -1.031617808E-01  8.516975900E-02  1.258811722E-01  3.202558078E-01  1.334309100E-02  2.075554500E-03  1.102319000E-03
 1.106929700E-03  2.035438200E-03  1.296109700E-02  9.784795228E-02 -1.011521213E-01  7.960834700E-02  1.220912267E-01  3.102480933E-01  1.296109700E-02  2.035438200E-03  1.106929700E-03
 1.107452800E-03  1.993065700E-03  1.258489000E-02  9.566555578E-02 -9.913145178E-02  7.440800900E-02  1.183814250E-01  3.004600050E-01  1.258489000E-02  1.993065700E-03  1.107452800E-03
 1.104307400E-03  1.948794600E-03  1.221473300E-02  9.348999844E-02 -9.710267044E-02  6.954816300E-02  1.147517806E-01  2.908912494E-01  1.221473300E-02  1.948794600E-03  1.104307400E-03
 1.097895200E-03  1.902966400E-03  1.185087300E-02  9.132363028E-02 -9.506857928E-02  6.500877100E-02  1.112020756E-01  2.815414044E-01  1.185087300E-02  1.902966400E-03  1.097895200E-03
 1.088542700E-03  1.855848400E-03  1.149347600E-02  8.916864200E-02 -9.303193000E-02  6.077098600E-02  1.077320356E-01  2.724096844E-01  1.149347600E-02  1.855848400E-03  1.088542700E-03
 1.076604600E-03  1.807737400E-03  1.114273800E-02  8.702717122E-02 -9.099533322E-02  5.681614700E-02  1.043412761E-01  2.634951939E-01  1.114273800E-02  1.807737400E-03  1.076604600E-03
 1.062371700E-03  1.758867500E-03  1.079879000E-02  8.490121039E-02 -8.896134539E-02  5.312673900E-02  1.010293756E-01  2.547967444E-01  1.079879000E-02  1.758867500E-03  1.062371700E-03
 1.046504800E-03  1.709847600E-03  1.046205000E-02  8.279156089E-02 -8.693021289E-02  4.968590100E-02  9.779516389E-02  2.463104061E-01  1.046205000E-02  1.709847600E-03  1.046504800E-03
 1.028747900E-03  1.660363500E-03  1.013220500E-02  8.070137406E-02 -8.490709506E-02  4.647778800E-02  9.463892611E-02  2.380378439E-01  1.013220500E-02  1.660363500E-03  1.028747900E-03
 1.009525200E-03  1.610788300E-03  9.809479000E-03  7.863180828E-02 -8.289316928E-02  4.348710700E-02  9.155971444E-02  2.299760656E-01  9.809479000E-03  1.610788300E-03  1.009525200E-03
 9.890535400E-04  1.561287700E-03  9.493924400E-03  7.658438450E-02 -8.089049750E-02  4.069951700E-02  8.855682389E-02  2.221229861E-01  9.493924400E-03  1.561287700E-03  9.890535400E-04
 9.675348400E-04  1.512013900E-03  9.185580000E-03  7.456052861E-02 -7.890104761E-02  3.810139100E-02  8.562948944E-02  2.144764606E-01  9.185580000E-03  1.512013900E-03  9.675348400E-04
 9.451421600E-04  1.463091500E-03  8.884455000E-03  7.256155211E-02 -7.692668211E-02  3.567998800E-02  8.277686778E-02  2.070341122E-01  8.884455000E-03  1.463091500E-03  9.451421600E-04
 9.220496800E-04  1.414647600E-03  8.590560600E-03  7.058867822E-02 -7.496914222E-02  3.342317800E-02  7.999812722E-02  1.997934228E-01  8.590560600E-03  1.414647600E-03  9.220496800E-04
 8.983967800E-04  1.366776000E-03  8.303875700E-03  6.864305494E-02 -7.303013194E-02  3.131963700E-02  7.729230444E-02  1.927518956E-01  8.303875700E-03  1.366776000E-03  8.983967800E-04
 8.745856400E-04  1.319837600E-03  8.024578000E-03  6.672482939E-02 -7.110951439E-02  2.935870000E-02  7.465800389E-02  1.859049661E-01  8.024578000E-03  1.319837600E-03  8.745856400E-04
 0.000000000E+00  1.592613800E-03  1.796407200E-02  1.334796718E-01 -1.372064848E-01  2.047437100E-01  1.822679083E-01  4.737571817E-01  1.796407200E-02  1.592613800E-03  0.000000000E+00
 1.229246900E-04  1.646985200E-03  1.756695600E-02  1.313119406E-01 -1.352805586E-01  1.920306900E-01  1.774232728E-01  4.606146572E-01  1.756695600E-02  1.646985200E-03  1.229246900E-04
 2.331938800E-04  1.691157900E-03  1.716807600E-02  1.291073232E-01 -1.333041132E-01  1.799753600E-01  1.726486261E-01  4.476719439E-01  1.716807600E-02  1.691157900E-03  2.331938800E-04
 3.316168200E-04  1.725888800E-03  1.676823200E-02  1.268699213E-01 -1.312810923E-01  1.685613700E-01  1.679459472E-01  4.349348028E-01  1.676823200E-02  1.725888800E-03  3.316168200E-04
 4.189798400E-04  1.751909700E-03  1.636818700E-02  1.246037663E-01 -1.292154273E-01  1.577706500E-01  1.633170494E-01  4.224084206E-01  1.636818700E-02  1.751909700E-03  4.189798400E-04
 4.960439700E-04  1.769925600E-03  1.596866000E-02  1.223127963E-01 -1.271110103E-01  1.475836600E-01  1.587635611E-01  4.100973389E-01  1.596866000E-02  1.769925600E-03  4.960439700E-04
 5.635429900E-04  1.780613000E-03  1.557032800E-02  1.200008540E-01 -1.249716860E-01  1.379797000E-01  1.542868633E-01  3.980055967E-01  1.557032800E-02  1.780613000E-03  5.635429900E-04
 6.221792900E-04  1.784615800E-03  1.517382500E-02  1.176716762E-01 -1.228012562E-01  1.289371700E-01  1.498882328E-01  3.861366172E-01  1.517382500E-02  1.784615800E-03  6.221792900E-04
 6.726264600E-04  1.782548600E-03  1.477974200E-02  1.153288838E-01 -1.206034448E-01  1.204337500E-01  1.455686778E-01  3.744934022E-01  1.477974200E-02  1.782548600E-03  6.726264600E-04
 7.155255700E-04  1.774992900E-03  1.438862700E-02  1.129759828E-01 -1.183819168E-01  1.124466800E-01  1.413291322E-01  3.630783678E-01  1.438862700E-02  1.774992900E-03  7.155255700E-04
 7.514845900E-04  1.762497100E-03  1.400098400E-02  1.106163537E-01 -1.161402527E-01  1.049529300E-01  1.371703022E-01  3.518934978E-01  1.400098400E-02  1.762497100E-03  7.514845900E-04
 7.810764100E-04  1.745574400E-03  1.361727500E-02  1.082532583E-01 -1.138819633E-01  9.792938500E-02  1.330928489E-01  3.409402711E-01  1.361727500E-02  1.745574400E-03  7.810764100E-04
 8.048998100E-04  1.724764300E-03  1.323796900E-02  1.058896603E-01 -1.116101413E-01  9.135301700E-02  1.290970567E-01  3.302194833E-01  1.323796900E-02  1.724764300E-03  8.048998100E-04
 8.234494100E-04  1.700502300E-03  1.286343700E-02  1.035285905E-01 -1.093281755E-01  8.520102200E-02  1.251832811E-01  3.197318989E-01  1.286343700E-02  1.700502300E-03  8.234494100E-04
 8.372016300E-04  1.673206200E-03  1.249402200E-02  1.011729100E-01 -1.070392820E-01  7.945094500E-02  1.213517311E-01  3.094778289E-01  1.249402200E-02  1.673206200E-03  8.372016300E-04
 8.466127600E-04  1.643274500E-03  1.213004300E-02  9.882531217E-02 -1.047465072E-01  7.408078000E-02  1.176023767E-01  2.994572433E-01  1.213004300E-02  1.643274500E-03  8.466127600E-04
 8.521106000E-04  1.611077800E-03  1.177178100E-02  9.648836083E-02 -1.024527918E-01  6.906906400E-02  1.139352744E-01  2.896695856E-01  1.177178100E-02  1.611077800E-03  8.521106000E-04
 8.540830500E-04  1.576948000E-03  1.141947900E-02  9.416446694E-02 -1.001609639E-01  6.439510300E-02  1.103501383E-01  2.801142117E-01  1.141947900E-02  1.576948000E-03  8.540830500E-04
 8.529031900E-04  1.541202800E-03  1.107335600E-02  9.185593711E-02 -9.787374111E-02  6.003871100E-02  1.068467278E-01  2.707900122E-01  1.107335600E-02  1.541202800E-03  8.529031900E-04
 8.489109100E-04  1.504127900E-03  1.073360000E-02  8.956493311E-02 -9.559372511E-02  5.598052100E-02  1.034247133E-01  2.616956867E-01  1.073360000E-02  1.504127900E-03  8.489109100E-04
 8.424310000E-04  1.465995100E-03  1.040038000E-02  8.729350011E-02 -9.332339411E-02  5.220180600E-02  1.000835961E-01  2.528297139E-01  1.040038000E-02  1.465995100E-03  8.424310000E-04
 8.337253800E-04  1.427014400E-03  1.007380000E-02  8.504354011E-02 -9.106517011E-02  4.868507400E-02  9.682284000E-02  2.441902800E-01  1.007380000E-02  1.427014400E-03  8.337253800E-04
 8.230786300E-04  1.387419500E-03  9.753988000E-03  8.281686939E-02 -8.882131039E-02  4.541309700E-02  9.364190111E-02  2.357753589E-01  9.753988000E-03  1.387419500E-03  8.230786300E-04
 8.107224700E-04  1.347392600E-03  9.441015600E-03  8.061518128E-02 -8.659401628E-02  4.236981300E-02  9.054007500E-02  2.275828150E-01  9.441015600E-03  1.347392600E-03  8.107224700E-04
 7.971897100E-04  1.307422000E-03  9.135192600E-03  7.843892472E-02 -8.438329372E-02  3.953984800E-02  8.751604556E-02  2.196082144E-01  9.135192600E-03  1.307422000E-03  7.971897100E-04
 7.822631200E-04  1.267238600E-03  8.836225900E-03  7.629097700E-02 -8.219374300E-02  3.690883600E-02  8.456976056E-02  2.118517094E-01  8.836225900E-03  1.267238600E-03  7.822631200E-04
 7.662821900E-04  1.227138000E-03  8.544264600E-03  7.417215622E-02 -8.002621222E-02  3.446298900E-02  8.170009778E-02  2.043096222E-01  8.544264600E-03  1.227138000E-03  7.662821900E-04
 7.494163000E-04  1.187245300E-03  8.259316900E-03  7.208365544E-02 -7.788236544E-02  3.218944800E-02  7.890618944E-02  1.969790406E-01  8.259316900E-03  1.187245300E-03  7.494163000E-04
 7.318227400E-04  1.147674700E-03  7.981380000E-03  7.002658989E-02 -7.576377589E-02  3.007605800E-02  7.618705778E-02  1.898569422E-01  7.981380000E-03  1.147674700E-03  7.318227400E-04
 7.136354100E-04  1.108518300E-03  7.710427400E-03  6.800193689E-02 -7.367188889E-02  2.811151300E-02  7.354166500E-02  1.829402450E-01  7.710427400E-03  1.108518300E-03  7.136354100E-04
 6.949887500E-04  1.069870000E-03  7.446434100E-03  6.601060589E-02 -7.160804389E-02  2.628510400E-02  7.096903667E-02  1.762256233E-01  7.446434100E-03  1.069870000E-03  6.949887500E-04
 6.759894800E-04  1.031797300E-03  7.189349700E-03  6.405341672E-02 -6.957352172E-02  2.458688400E-02  6.846802500E-02  1.697098850E-01  7.189349700E-03  1.031797300E-03  6.759894800E-04
 6.569489800E-04  9.945767800E-04  6.939277700E-03  6.213023097E-02 -6.756795327E-02  2.300753100E-02  6.603715667E-02  1.633881833E-01  6.939277700E-03  9.945767800E-04  6.569489800E-04
 0.000000000E+00  1.269591200E-03  1.626343400E-02  1.327430872E-01 -1.408476372E-01  1.735324800E-01  1.682411767E-01  4.383415233E-01  1.626343400E-02  1.269591200E-03  0.000000000E+00
 9.743730400E-05  1.310469200E-03  1.587795900E-02  1.302591598E-01 -1.384246168E-01  1.622689000E-01  1.635558789E-01  4.254358211E-01  1.587795900E-02  1.310469200E-03  9.743730400E-05
 1.844991200E-04  1.343084100E-03  1.549254900E-02  1.277533152E-01 -1.359693922E-01  1.516257400E-01  1.589459756E-01  4.127569044E-01  1.549254900E-02  1.343084100E-03  1.844991200E-04
 2.618792100E-04  1.368081100E-03  1.510788100E-02  1.252295624E-01 -1.334859734E-01  1.415844700E-01  1.544131467E-01  4.003092133E-01  1.510788100E-02  1.368081100E-03  2.618792100E-04
 3.302492800E-04  1.386081300E-03  1.472459300E-02  1.226917894E-01 -1.309782874E-01  1.321251600E-01  1.499588561E-01  3.880966139E-01  1.472459300E-02  1.386081300E-03  3.302492800E-04
 3.902570800E-04  1.397680900E-03  1.434328200E-02  1.201437805E-01 -1.284502015E-01  1.232267800E-01  1.455843928E-01  3.761223372E-01  1.434328200E-02  1.397680900E-03  3.902570800E-04
 4.425249400E-04  1.403449700E-03  1.396450900E-02  1.175891781E-01 -1.259054791E-01  1.148674600E-01  1.412907883E-01  3.643891017E-01  1.396450900E-02  1.403449700E-03  4.425249400E-04
 4.876463800E-04  1.403928000E-03  1.358879100E-02  1.150314983E-01 -1.233477953E-01  1.070247100E-01  1.370789594E-01  3.528990506E-01  1.358879100E-02  1.403928000E-03  4.876463800E-04
 5.261885500E-04  1.399629500E-03  1.321660900E-02  1.124741238E-01 -1.207807288E-01  9.967563600E-02  1.329496361E-01  3.416538339E-01  1.321660900E-02  1.399629500E-03  5.261885500E-04
 5.586892300E-04  1.391038000E-03  1.284840400E-02  1.099202916E-01 -1.182077436E-01  9.279716400E-02  1.289034128E-01  3.306545572E-01  1.284840400E-02  1.391038000E-03  5.586892300E-04
 5.856565800E-04  1.378607900E-03  1.248457700E-02  1.073731017E-01 -1.156321997E-01  8.636620000E-02  1.249406961E-01  3.199019339E-01  1.248457700E-02  1.378607900E-03  5.856565800E-04
 6.075677100E-04  1.362762800E-03  1.212549200E-02  1.048355158E-01 -1.130573558E-01  8.035981500E-02  1.210617867E-01  3.093962133E-01  1.212549200E-02  1.362762800E-03  6.075677100E-04
 6.249196000E-04  1.343946800E-03  1.177151300E-02  1.023101916E-01 -1.104860436E-01  7.475535700E-02  1.172667500E-01  2.991369500E-01  1.177151300E-02  1.343946800E-03  6.249196000E-04
 6.381204100E-04  1.322515300E-03  1.142292300E-02  9.979982883E-02 -1.079213438E-01  6.953060200E-02  1.135556111E-01  2.891237089E-01  1.142292300E-02  1.322515300E-03  6.381204100E-04
 6.475620900E-04  1.298808100E-03  1.107998200E-02  9.730695856E-02 -1.053661486E-01  6.466384500E-02  1.099282478E-01  2.793556522E-01  1.107998200E-02  1.298808100E-03  6.475620900E-04
 6.536186700E-04  1.273147900E-03  1.074292300E-02  9.483392761E-02 -1.028231606E-01  6.013398400E-02  1.063844722E-01  2.698314678E-01  1.074292300E-02  1.273147900E-03  6.536186700E-04
 6.566394200E-04  1.245833400E-03  1.041195300E-02  9.238294500E-02 -1.002949550E-01  5.592058800E-02  1.029239372E-01  2.605496328E-01  1.041195300E-02  1.245833400E-03  6.566394200E-04
 6.569397100E-04  1.217130600E-03  1.008723900E-02  8.995607389E-02 -9.778399189E-02  5.200410000E-02  9.954623889E-02  2.515082611E-01  1.008723900E-02  1.217130600E-03  6.569397100E-04
 6.548217000E-04  1.187292900E-03  9.768933700E-03  8.755525261E-02 -9.529259561E-02  4.836557700E-02  9.625081333E-02  2.427053067E-01  9.768933700E-03  1.187292900E-03  6.548217000E-04
 6.505595100E-04  1.156546900E-03  9.457157600E-03  8.518227756E-02 -9.282296156E-02  4.498696200E-02  9.303708000E-02  2.341384000E-01  9.457157600E-03  1.156546900E-03  6.505595100E-04
 6.444139600E-04  1.125107000E-03  9.152017900E-03  8.283882750E-02 -9.037716250E-02  4.185090600E-02  8.990434889E-02  2.258050111E-01  9.152017900E-03  1.125107000E-03  6.444139600E-04
 6.365946100E-04  1.093137400E-03  8.853568900E-03  8.052643672E-02 -8.795718572E-02  3.894131500E-02  8.685191278E-02  2.177023372E-01  8.853568900E-03  1.093137400E-03  6.365946100E-04
 6.273283200E-04  1.060820700E-03  8.561881300E-03  7.824655189E-02 -8.556486589E-02  3.624241600E-02  8.387890333E-02  2.098275167E-01  8.561881300E-03  1.060820700E-03  6.273283200E-04
 6.167991200E-04  1.028297800E-03  8.276982900E-03  7.600048628E-02 -8.320195128E-02  3.373960400E-02  8.098448500E-02  2.021774650E-01  8.276982900E-03  1.028297800E-03  6.167991200E-04
 6.054247500E-04  9.959484700E-04  7.999074200E-03  7.378843411E-02 -8.086826811E-02  3.141897300E-02  7.816721444E-02  1.947473656E-01  7.999074300E-03  9.959484700E-04  6.054247500E-04
 5.930350400E-04  9.635568400E-04  7.727907000E-03  7.161277078E-02 -7.856764078E-02  2.926760500E-02  7.542676167E-02  1.875359683E-01  7.727907000E-03  9.635568400E-04  5.930350400E-04
 5.798956600E-04  9.313509300E-04  7.463561200E-03  6.947400044E-02 -7.630059244E-02  2.727316600E-02  7.276193056E-02  1.805389594E-01  7.463561200E-03  9.313509300E-04  5.798956600E-04
 5.661382600E-04  8.994242200E-04  7.206010300E-03  6.737296050E-02 -7.406834550E-02  2.542421400E-02  7.017153667E-02  1.737528033E-01  7.206010300E-03  8.994242200E-04  5.661382600E-04
 5.518844900E-04  8.678613400E-04  6.955219200E-03  6.531040944E-02 -7.187202744E-02  2.370999400E-02  6.765457000E-02  1.671737300E-01  6.955219200E-03  8.678613400E-04  5.518844900E-04
 5.372375000E-04  8.367296200E-04  6.711134200E-03  6.328698325E-02 -6.971264655E-02  2.212054800E-02  6.520981833E-02  1.607979717E-01  6.711134200E-03  8.367296200E-04  5.372375000E-04
 5.223003300E-04  8.060974600E-04  6.473702500E-03  6.130323922E-02 -6.759109962E-02  2.064649300E-02  6.283613778E-02  1.546216142E-01  6.473702500E-03  8.060974600E-04  5.223003300E-04
 5.071544500E-04  7.760127400E-04  6.242852300E-03  5.935966556E-02 -6.550823196E-02  1.927915500E-02  6.053230889E-02  1.486408111E-01  6.242852300E-03  7.760127400E-04  5.071544500E-04
 4.920327300E-04  7.466791800E-04  6.018619900E-03  5.745586531E-02 -6.346345201E-02  1.801044600E-02  5.829669639E-02  1.428506406E-01  6.018619900E-03  7.466791800E-04  4.920327300E-04
 0.000000000E+00  1.007200700E-03  1.473463800E-02  1.308927353E-01 -1.422360673E-01  1.468125500E-01  1.550003028E-01  4.031111672E-01  1.473463800E-02  1.007200700E-03  0.000000000E+00
 7.691371400E-05  1.037674300E-03  1.436245700E-02  1.281371540E-01 -1.393867940E-01  1.368625800E-01  1.504928500E-01  3.905677700E-01  1.436245700E-02  1.037674300E-03  7.691371400E-05
 1.453662700E-04  1.061494500E-03  1.399193700E-02  1.253740885E-01 -1.365234615E-01  1.274946000E-01  1.460642300E-01  3.782731500E-01  1.399193700E-02  1.061494500E-03  1.453662700E-04
 2.059480100E-04  1.079206300E-03  1.362362800E-02  1.226074406E-01 -1.336500546E-01  1.186883000E-01  1.417158744E-01  3.662304256E-01  1.362362800E-02  1.079206300E-03  2.059480100E-04
 2.592284900E-04  1.091333200E-03  1.325804500E-02  1.198409661E-01 -1.307704481E-01  1.104223000E-01  1.374490400E-01  3.544420800E-01  1.325804500E-02  1.091333200E-03  2.592284900E-04
 3.057550800E-04  1.098375300E-03  1.289566700E-02  1.170782681E-01 -1.278883891E-01  1.026745100E-01  1.332646856E-01  3.429100944E-01  1.289566700E-02  1.098375300E-03  3.057550800E-04
 3.460517800E-04  1.100808900E-03  1.253693800E-02  1.143227953E-01 -1.250075023E-01  9.542225300E-02  1.291637272E-01  3.316357428E-01  1.253693800E-02  1.100808900E-03  3.460517800E-04
 3.806165400E-04  1.099083600E-03  1.218226500E-02  1.115778354E-01 -1.221312774E-01  8.864259800E-02  1.251467817E-01  3.206199483E-01  1.218226500E-02  1.099083600E-03  3.806165400E-04
 4.099234900E-04  1.093625500E-03  1.183202200E-02  1.088465180E-01 -1.192630660E-01  8.231245400E-02  1.212144122E-01  3.098629678E-01  1.183202200E-02  1.093625500E-03  4.099234900E-04
 4.344205600E-04  1.084834000E-03  1.148654700E-02  1.061318071E-01 -1.164060831E-01  7.640879700E-02  1.173668922E-01  2.993647678E-01  1.148654700E-02  1.084834000E-03  4.344205600E-04
 4.545294400E-04  1.073082700E-03  1.114614600E-02  1.034365118E-01 -1.135634078E-01  7.090882200E-02  1.136044506E-01  2.891247594E-01  1.114614600E-02  1.073082700E-03  4.545294400E-04
 4.706445100E-04  1.058718200E-03  1.081108900E-02  1.007632767E-01 -1.107379767E-01  6.579009100E-02  1.099271483E-01  2.791419817E-01  1.081108900E-02  1.058718200E-03  4.706445100E-04
 4.831764000E-04  1.042104300E-03  1.048165000E-02  9.811442228E-02 -1.079322993E-01  6.103062600E-02  1.063348106E-01  2.694148794E-01  1.048165000E-02  1.042104300E-03  4.831764000E-04
 4.924591500E-04  1.023528200E-03  1.015803100E-02  9.549231283E-02 -1.051490918E-01  5.660903500E-02  1.028272422E-01  2.599418778E-01  1.015803100E-02  1.023528200E-03  4.924591500E-04
 4.988127700E-04  1.003263700E-03  9.840412100E-03  9.289912428E-02 -1.023908653E-01  5.250458700E-02  9.940416222E-02  2.507209578E-01  9.840412100E-03  1.003263700E-03  4.988127700E-04
 5.025417200E-04  9.815700600E-04  9.528955400E-03  9.033684128E-02 -9.965992828E-02  4.869727000E-02  9.606514111E-02  2.417497989E-01  9.528955400E-03  9.815700600E-04  5.025417200E-04
 5.039291700E-04  9.586861800E-04  9.223796700E-03  8.780730744E-02 -9.695844944E-02  4.516784600E-02  9.280958000E-02  2.330258600E-01  9.223796800E-03  9.586861800E-04  5.039291700E-04
 5.032298800E-04  9.348233700E-04  8.925041400E-03  8.531220000E-02 -9.428845200E-02  4.189801400E-02  8.963690389E-02  2.245462661E-01  8.925041500E-03  9.348233700E-04  5.032298800E-04
 5.006868300E-04  9.101821400E-04  8.632781100E-03  8.285307744E-02 -9.165182744E-02  3.887017100E-02  8.654636778E-02  2.163079722E-01  8.632781100E-03  9.101821400E-04  5.006868300E-04
 4.965196400E-04  8.849406300E-04  8.347082300E-03  8.043135011E-02 -8.905032411E-02  3.606764400E-02  8.353715778E-02  2.083077622E-01  8.347082300E-03  8.849406300E-04  4.965196400E-04
 4.909361900E-04  8.592663300E-04  8.067999100E-03  7.804830967E-02 -8.648556367E-02  3.347450900E-02  8.060847278E-02  2.005421772E-01  8.067999200E-03  8.592663300E-04  4.909361900E-04
 4.841034100E-04  8.332867800E-04  7.795544000E-03  7.570510617E-02 -8.395906917E-02  3.107607600E-02  7.775931056E-02  1.930076594E-01  7.795544000E-03  8.332867800E-04  4.841034100E-04
 4.762007100E-04  8.071430900E-04  7.529741600E-03  7.340279189E-02 -8.147220589E-02  2.885804400E-02  7.498874167E-02  1.857004683E-01  7.529741600E-03  8.071430900E-04  4.762007100E-04
 4.673735400E-04  7.809434800E-04  7.270583000E-03  7.114229683E-02 -7.902625183E-02  2.680723800E-02  7.229572667E-02  1.786167533E-01  7.270583000E-03  7.809434800E-04  4.673735400E-04
 4.579433100E-04  7.549772200E-04  7.018183500E-03  6.892346522E-02 -7.662073922E-02  2.491118600E-02  6.967870389E-02  1.717514261E-01  7.018183500E-03  7.549772200E-04  4.579433100E-04
 4.477824500E-04  7.290766800E-04  6.772328400E-03  6.674825744E-02 -7.425880344E-02  2.315836600E-02  6.713712444E-02  1.651019956E-01  6.772328400E-03  7.290766800E-04  4.477824500E-04
 4.370958100E-04  7.034147300E-04  6.533044400E-03  6.461681542E-02 -7.194058012E-02  2.153783300E-02  6.466961444E-02  1.586637656E-01  6.533044400E-03  7.034147300E-04  4.370958100E-04
 4.259850900E-04  6.780603900E-04  6.300278800E-03  6.252960625E-02 -6.966682675E-02  2.003949100E-02  6.227498722E-02  1.524324828E-01  6.300278800E-03  6.780603900E-04  4.259850900E-04
 4.145437800E-04  6.530755900E-04  6.073972100E-03  6.048702311E-02 -6.743821431E-02  1.865389400E-02  5.995196806E-02  1.464039029E-01  6.073972100E-03  6.530755900E-04  4.145437800E-04
 4.028509800E-04  6.285089200E-04  5.854050800E-03  5.848934614E-02 -6.525529424E-02  1.737234200E-02  5.769929556E-02  1.405736724E-01  5.854050800E-03  6.285089200E-04  4.028509800E-04
 3.909850500E-04  6.044093300E-04  5.640442100E-03  5.653678517E-02 -6.311852217E-02  1.618667800E-02  5.551565556E-02  1.349374564E-01  5.640442100E-03  6.044093300E-04  3.909850500E-04
 3.790080800E-04  5.808104200E-04  5.433059200E-03  5.462947906E-02 -6.102828926E-02  1.508939600E-02  5.339975983E-02  1.294908592E-01  5.433059200E-03  5.808104200E-04  3.790080800E-04
 3.670857800E-04  5.578535900E-04  5.231881500E-03  5.276679642E-02 -5.898379272E-02  1.407353200E-02  5.134993678E-02  1.242288612E-01  5.231881500E-03  5.578535900E-04  3.670857800E-04
 0.000000000E+00  7.939719800E-04  1.334553300E-02  1.280182646E-01 -1.416109706E-01  1.239604600E-01  1.425995956E-01  3.685142844E-01  1.334553300E-02  7.939719800E-04  0.000000000E+00
 6.038983000E-05  8.164727700E-04  1.299053000E-02  1.250284288E-01 -1.384049078E-01  1.151911000E-01  1.382709411E-01  3.564396389E-01  1.299053000E-02  8.164727700E-04  6.038983000E-05
 1.139259000E-04  8.336575400E-04  1.263821300E-02  1.220464882E-01 -1.352031962E-01  1.069652100E-01  1.340243544E-01  3.446303456E-01  1.263821300E-02  8.336575400E-04  1.139259000E-04
 1.611057800E-04  8.459822900E-04  1.228904000E-02  1.190760421E-01 -1.320096271E-01  9.926136100E-02  1.298610289E-01  3.330882111E-01  1.228904000E-02  8.459822900E-04  1.611057800E-04
 2.024080200E-04  8.538832300E-04  1.194343500E-02  1.161205150E-01 -1.288278290E-01  9.205733000E-02  1.257819522E-01  3.218144278E-01  1.194343500E-02  8.538832300E-04  2.024080200E-04
 2.382909400E-04  8.577758400E-04  1.160179000E-02  1.131831766E-01 -1.256612946E-01  8.533035400E-02  1.217878856E-01  3.108096544E-01  1.160179000E-02  8.577758400E-04  2.382909400E-04
 2.691918700E-04  8.580542600E-04  1.126446600E-02  1.102671001E-01 -1.225133341E-01  7.905736500E-02  1.178793117E-01  3.000741183E-01  1.126446600E-02  8.580542600E-04  2.691918700E-04
 2.955250100E-04  8.550893500E-04  1.093178800E-02  1.073752018E-01 -1.193871188E-01  7.321522900E-02  1.140567311E-01  2.896073489E-01  1.093178800E-02  8.550893500E-04  2.955250100E-04
 3.176834100E-04  8.492308900E-04  1.060405300E-02  1.045102150E-01 -1.162856450E-01  6.778090300E-02  1.103203856E-01  2.794085144E-01  1.060405300E-02  8.492308900E-04  3.176834100E-04
 3.360371600E-04  8.408058300E-04  1.028152700E-02  1.016747003E-01 -1.132117493E-01  6.273161300E-02  1.066702883E-01  2.694764017E-01  1.028152700E-02  8.408058300E-04  3.360371600E-04
 3.509335200E-04  8.301186600E-04  9.964445500E-03  9.887104878E-02 -1.101681108E-01  5.804500400E-02  1.031064789E-01  2.598092611E-01  9.964445500E-03  8.301186600E-04  3.509335200E-04
 3.626963100E-04  8.174508200E-04  9.653013800E-03  9.610148611E-02 -1.071572521E-01  5.369926900E-02  9.962875722E-02  2.504050528E-01  9.653013800E-03  8.174508200E-04  3.626963100E-04
 3.716593100E-04  8.030948600E-04  9.347434400E-03  9.336793211E-02 -1.041812861E-01  4.967321900E-02  9.623666556E-02  2.412612744E-01  9.347434500E-03  8.030948600E-04  3.716593100E-04
 3.780949700E-04  7.872819800E-04  9.047853600E-03  9.067231228E-02 -1.012424733E-01  4.594639900E-02  9.292984944E-02  2.323752206E-01  9.047853700E-03  7.872819800E-04  3.780949700E-04
 3.822630800E-04  7.702315000E-04  8.754398800E-03  8.801635972E-02 -9.834286272E-02  4.249913500E-02  8.970779556E-02  2.237439244E-01  8.754398800E-03  7.702315000E-04  3.822630800E-04
 3.844095000E-04  7.521497900E-04  8.467178500E-03  8.540163756E-02 -9.548430556E-02  3.931257400E-02  8.656980111E-02  2.153641789E-01  8.467178500E-03  7.521497900E-04  3.844095000E-04
 3.847619500E-04  7.332259100E-04  8.186280000E-03  8.282955050E-02 -9.266849950E-02  3.636872200E-02  8.351514667E-02  2.072324533E-01  8.186280000E-03  7.332259100E-04  3.847619500E-04
 3.835248100E-04  7.136265100E-04  7.911765000E-03  8.030135406E-02 -8.989699506E-02  3.365060300E-02  8.054296222E-02  1.993451178E-01  7.911765000E-03  7.136265100E-04  3.835248100E-04
 3.808919000E-04  6.935086000E-04  7.643682500E-03  7.781817172E-02 -8.717119872E-02  3.114196300E-02  7.765241167E-02  1.916982183E-01  7.643682500E-03  6.935086000E-04  3.808919000E-04
 3.770378500E-04  6.730109800E-04  7.382061100E-03  7.538099406E-02 -8.449237906E-02  2.882752300E-02  7.484250778E-02  1.842877522E-01  7.382061100E-03  6.730109800E-04  3.770378500E-04
 3.721269900E-04  6.522631500E-04  7.126917700E-03  7.299068578E-02 -8.186166978E-02  2.669277300E-02  7.211215333E-02  1.771096067E-01  7.126917700E-03  6.522631500E-04  3.721269900E-04
 3.662918900E-04  6.313638300E-04  6.878237200E-03  7.064798306E-02 -7.928009806E-02  2.472443700E-02  6.946027389E-02  1.701594361E-01  6.878237200E-03  6.313638300E-04  3.662918900E-04
 3.596731900E-04  6.104207900E-04  6.636012200E-03  6.835352886E-02 -7.674855476E-02  2.290963100E-02  6.688573444E-02  1.634328856E-01  6.636012200E-03  6.104207900E-04  3.596731900E-04
 3.523854300E-04  5.895167400E-04  6.400209300E-03  6.610784642E-02 -7.426782512E-02  2.123657500E-02  6.438736111E-02  1.569254589E-01  6.400209300E-03  5.895167400E-04  3.523854300E-04
 3.446657200E-04  5.688616300E-04  6.170871100E-03  6.391049128E-02 -7.183720868E-02  1.969417900E-02  6.196345889E-02  1.506318731E-01  6.170871100E-03  5.688616300E-04  3.446657200E-04
 3.364304900E-04  5.483373900E-04  5.947827100E-03  6.176289103E-02 -6.945903913E-02  1.827225000E-02  5.961333417E-02  1.445485468E-01  5.947827100E-03  5.483373900E-04  3.364304900E-04
 3.278325400E-04  5.280698200E-04  5.731060500E-03  5.966485636E-02 -6.713310046E-02  1.696116000E-02  5.733548528E-02  1.386704517E-01  5.731060500E-03  5.280698200E-04  3.278325400E-04
 3.189498700E-04  5.081092300E-04  5.520501200E-03  5.761648806E-02 -6.485969466E-02  1.575207300E-02  5.512857278E-02  1.329928852E-01  5.520501200E-03  5.081092300E-04  3.189498700E-04
 3.098537900E-04  4.885002600E-04  5.316074200E-03  5.561781211E-02 -6.263903491E-02  1.463676700E-02  5.299121344E-02  1.275111726E-01  5.316074200E-03  4.885002600E-04  3.098537900E-04
 3.006047000E-04  4.692775900E-04  5.117693500E-03  5.366876317E-02 -6.047123617E-02  1.360770000E-02  5.092203722E-02  1.222205448E-01  5.117693500E-03  4.692775900E-04  3.006047000E-04
 2.912616300E-04  4.504755100E-04  4.925273200E-03  5.176920167E-02 -5.835631327E-02  1.265784400E-02  4.891964017E-02  1.171162808E-01  4.925273200E-03  4.504755100E-04  2.912616300E-04
 2.818718700E-04  4.321174100E-04  4.738717700E-03  4.991893617E-02 -5.629423277E-02  1.178075800E-02  4.698261428E-02  1.121936607E-01  4.738717700E-03  4.321174100E-04  2.818718700E-04
 2.725449400E-04  4.142925800E-04  4.557961700E-03  4.811709725E-02 -5.428397655E-02  1.097049300E-02  4.510926189E-02  1.074476441E-01  4.557961700E-03  4.142925800E-04  2.725449400E-04
 0.000000000E+00  6.210739900E-04  1.211080200E-02  1.241995461E-01 -1.393547961E-01  1.043422700E-01  1.309901317E-01  3.348408183E-01  1.211080200E-02  6.210739900E-04  0.000000000E+00
 4.711409100E-05  6.375321100E-04  1.177247900E-02  1.210219306E-01 -1.358555526E-01  9.663430600E-02  1.268404517E-01  3.233210183E-01  1.177247900E-02  6.375321100E-04  4.711409100E-05
 8.872064400E-05  6.497777000E-04  1.143769900E-02  1.178667667E-01 -1.323783597E-01  8.943427900E-02  1.227755478E-01  3.120786322E-01  1.143769900E-02  6.497777000E-04  8.872064400E-05
 1.252342200E-04  6.581877600E-04  1.110683600E-02  1.147373677E-01 -1.289268097E-01  8.271913900E-02  1.187963956E-01  3.011141244E-01  1.110683600E-02  6.581877600E-04  1.252342200E-04
 1.570524100E-04  6.631218700E-04  1.078023100E-02  1.116368451E-01 -1.255042921E-01  7.646544200E-02  1.149037028E-01  2.904274872E-01  1.078023100E-02  6.631218700E-04  1.570524100E-04
 1.845549500E-04  6.649214100E-04  1.045819800E-02  1.085681153E-01 -1.221140033E-01  7.064958500E-02  1.110980222E-01  2.800180978E-01  1.045819800E-02  6.649214100E-04  1.845549500E-04
 2.081030500E-04  6.639091700E-04  1.014102200E-02  1.055338916E-01 -1.187589396E-01  6.524800700E-02  1.073796789E-01  2.698849011E-01  1.014102200E-02  6.639091700E-04  2.081030500E-04
 2.280378600E-04  6.603879000E-04  9.828955200E-03  1.025367038E-01 -1.154419118E-01  6.023741100E-02  1.037489028E-01  2.600262872E-01  9.828955200E-03  6.603879000E-04  2.280378600E-04
 2.446820800E-04  6.546420500E-04  9.522226900E-03  9.957887761E-02 -1.121655266E-01  5.559485700E-02  1.002056339E-01  2.504403561E-01  9.522226900E-03  6.546420500E-04  2.446820800E-04
 2.583386100E-04  6.469366400E-04  9.221037000E-03  9.666255772E-02 -1.089322087E-01  5.129793600E-02  9.674978778E-02  2.411246722E-01  9.221037000E-03  6.469366400E-04  2.583386100E-04
 2.692908400E-04  6.375175300E-04  8.925559800E-03  9.378970783E-02 -1.057442008E-01  4.732487500E-02  9.338106056E-02  2.320765294E-01  8.925559800E-03  6.375175300E-04  2.692908400E-04
 2.778023500E-04  6.266112800E-04  8.635943700E-03  9.096211072E-02 -1.026035637E-01  4.365464500E-02  9.009905111E-02  2.232928689E-01  8.635943700E-03  6.266112800E-04  2.778023500E-04
 2.841417200E-04  6.144506100E-04  8.352329900E-03  8.818122706E-02 -9.951193406E-02  4.026699500E-02  8.690313056E-02  2.147701994E-01  8.352329900E-03  6.144506100E-04  2.841417200E-04
 2.885292000E-04  6.012199200E-04  8.074815700E-03  8.544854233E-02 -9.647109233E-02  3.714254500E-02  8.379269111E-02  2.065049489E-01  8.074815700E-03  6.012199200E-04  2.885292000E-04
 2.911739100E-04  5.870933200E-04  7.803481900E-03  8.276534439E-02 -9.348258739E-02  3.426280000E-02  8.076696611E-02  1.984932839E-01  7.803481900E-03  5.870933200E-04  2.911739100E-04
 2.922726900E-04  5.722335600E-04  7.538392200E-03  8.013273378E-02 -9.054776178E-02  3.161018100E-02  7.782512111E-02  1.907310989E-01  7.538392200E-03  5.722335600E-04  2.922726900E-04
 2.920071000E-04  5.567889400E-04  7.279592200E-03  7.755166267E-02 -8.766779467E-02  2.916803100E-02  7.496619167E-02  1.832141583E-01  7.279592200E-03  5.567889400E-04  2.920071000E-04
 2.905399100E-04  5.408898100E-04  7.027106600E-03  7.502294011E-02 -8.484372211E-02  2.692074000E-02  7.218917556E-02  1.759379844E-01  7.027106600E-03  5.408898100E-04  2.905399100E-04
 2.880243700E-04  5.246579300E-04  6.780948500E-03  7.254724617E-02 -8.207643317E-02  2.485347200E-02  6.949293944E-02  1.688980706E-01  6.780948500E-03  5.246579300E-04  2.880243700E-04
 2.845982900E-04  5.082005100E-04  6.541114500E-03  7.012512689E-02 -7.936667489E-02  2.295236600E-02  6.687635222E-02  1.620897078E-01  6.541114500E-03  5.082005100E-04  2.845982900E-04
 2.803904300E-04  4.916166400E-04  6.307591000E-03  6.775701236E-02 -7.671506446E-02  2.120435500E-02  6.433818222E-02  1.555081378E-01  6.307591000E-03  4.916166400E-04  2.803904300E-04
 2.755059100E-04  4.749826600E-04  6.080340400E-03  6.544321186E-02 -7.412210936E-02  1.959752900E-02  6.187716056E-02  1.491484934E-01  6.080340400E-03  4.749826600E-04  2.755059100E-04
 2.700539600E-04  4.583799900E-04  5.859328700E-03  6.318394222E-02 -7.158818462E-02  1.812042900E-02  5.949199056E-02  1.430058594E-01  5.859328700E-03  4.583799900E-04  2.700539600E-04
 2.641247000E-04  4.418717900E-04  5.644503200E-03  6.097931261E-02 -6.911356441E-02  1.676262300E-02  5.718133694E-02  1.370752461E-01  5.644503200E-03  4.418717900E-04  2.641247000E-04
 2.578800900E-04  4.255972300E-04  5.435842200E-03  5.882862675E-02 -6.669733705E-02  1.551434900E-02  5.494346444E-02  1.313512636E-01  5.435842200E-03  4.255972300E-04  2.578800900E-04
 2.512826000E-04  4.094896000E-04  5.233218700E-03  5.673273283E-02 -6.434098143E-02  1.436667500E-02  5.277741800E-02  1.258294660E-01  5.233218700E-03  4.094896000E-04  2.512826000E-04
 2.444399200E-04  3.936339400E-04  5.036578600E-03  5.469112747E-02 -6.204393477E-02  1.331122200E-02  5.068160122E-02  1.205046128E-01  5.036578600E-03  3.936339400E-04  2.444399200E-04
 2.374114000E-04  3.780664500E-04  4.845838600E-03  5.270354256E-02 -5.980603176E-02  1.234033000E-02  4.865455400E-02  1.153716660E-01  4.845838600E-03  3.780664500E-04  2.374114000E-04
 2.302510400E-04  3.628188000E-04  4.660911200E-03  5.076965036E-02 -5.762703686E-02  1.144691200E-02  4.669480189E-02  1.104256041E-01  4.660911200E-03  3.628188000E-04  2.302510400E-04
 2.230047700E-04  3.479155200E-04  4.481701300E-03  4.888903900E-02 -5.550661780E-02  1.062449300E-02  4.480085111E-02  1.056614169E-01  4.481701300E-03  3.479155200E-04  2.230047700E-04
 2.157166300E-04  3.333800400E-04  4.308113200E-03  4.706123822E-02 -5.344436622E-02  9.867073900E-03  4.297120856E-02  1.010741254E-01  4.308113100E-03  3.333800400E-04  2.157166300E-04
 2.084227000E-04  3.192286400E-04  4.140045100E-03  4.528572928E-02 -5.143982108E-02  9.169177600E-03  4.120437361E-02  9.665878939E-02  4.140045100E-03  3.192286400E-04  2.084227000E-04
 2.011851500E-04  3.055067500E-04  3.977394800E-03  4.356147544E-02 -4.949181824E-02  8.525772300E-03  3.949865222E-02  9.241040778E-02  3.977394800E-03  3.055067500E-04  2.011851500E-04
 0.000000000E+00  4.817663900E-04  1.099749600E-02  1.195286444E-01 -1.356321084E-01  8.739156900E-02  1.200908250E-01  3.023147650E-01  1.099749600E-02  4.817663900E-04  0.000000000E+00
 3.649541900E-05  4.936750800E-04  1.067672500E-02  1.162053403E-01 -1.318972543E-01  8.065980700E-02  1.161160272E-01  2.914296428E-01  1.067672500E-02  4.936750800E-04  3.649541900E-05
 6.860265600E-05  5.022750200E-04  1.036007400E-02  1.129193196E-01 -1.282029796E-01  7.439872700E-02  1.122291922E-01  2.808281878E-01  1.036007400E-02  5.022750200E-04  6.860265600E-05
 9.666308700E-05  5.078742000E-04  1.004784600E-02  1.096734147E-01 -1.245523957E-01  6.858409600E-02  1.084309850E-01  2.705096850E-01  1.004784600E-02  5.078742000E-04  9.666308700E-05
 1.210033700E-04  5.107656500E-04  9.740317200E-03  1.064702498E-01 -1.209483938E-01  6.319169000E-02  1.047217817E-01  2.604730283E-01  9.740317200E-03  5.107656500E-04  1.210033700E-04
 1.419347100E-04  5.112268200E-04  9.437737400E-03  1.033122318E-01 -1.173936368E-01  5.819749300E-02  1.011018133E-01  2.507165067E-01  9.437737500E-03  5.112268200E-04  1.419347100E-04
 1.597523800E-04  5.095192700E-04  9.140331200E-03  1.002015676E-01 -1.138905796E-01  5.357786400E-02  9.757115389E-02  2.412379961E-01  9.140331200E-03  5.095192700E-04  1.597523800E-04
 1.747345000E-04  5.058876100E-04  8.848296800E-03  9.714027033E-02 -1.104414763E-01  4.930972100E-02  9.412964944E-02  2.320349406E-01  8.848296800E-03  5.058876100E-04  1.747345000E-04
 1.871434100E-04  5.005608800E-04  8.561808600E-03  9.413014383E-02 -1.070483568E-01  4.537060400E-02  9.077701889E-02  2.231044011E-01  8.561808600E-03  5.005608800E-04  1.871434100E-04
 1.972246200E-04  4.937517300E-04  8.281016900E-03  9.117281583E-02 -1.037130688E-01  4.173881200E-02  8.751287389E-02  2.144430761E-01  8.281016900E-03  4.937517300E-04  1.972246200E-04
 2.052072100E-04  4.856568000E-04  8.006049200E-03  8.826972283E-02 -1.004372578E-01  3.839347000E-02  8.433659667E-02  2.060473833E-01  8.006049200E-03  4.856568000E-04  2.052072100E-04
 2.113036400E-04  4.764566600E-04  7.737010700E-03  8.542213156E-02 -9.722239156E-02  3.531460800E-02  8.124754278E-02  1.979134072E-01  7.737010700E-03  4.764566600E-04  2.113036400E-04
 2.157279900E-04  4.663346000E-04  7.473996000E-03  8.263102989E-02 -9.406958789E-02  3.248316600E-02  7.824491000E-02  1.900368700E-01  7.473996000E-03  4.663346000E-04  2.157279900E-04
 2.186568400E-04  4.554364600E-04  7.217066600E-03  7.989736967E-02 -9.097999567E-02  2.988105500E-02  7.532770333E-02  1.824135567E-01  7.217066600E-03  4.554364600E-04  2.186568400E-04
 2.202570000E-04  4.438991500E-04  6.966268500E-03  7.722193989E-02 -8.795457389E-02  2.749115100E-02  7.249506444E-02  1.750387756E-01  6.966268500E-03  4.438991500E-04  2.202570000E-04
 2.206846200E-04  4.318497600E-04  6.721632700E-03  7.460534022E-02 -8.499407222E-02  2.529729800E-02  6.974577000E-02  1.679079300E-01  6.721632700E-03  4.318497600E-04  2.206846200E-04
 2.200831500E-04  4.194034800E-04  6.483174400E-03  7.204804956E-02 -8.209910556E-02  2.328429800E-02  6.707875222E-02  1.610160678E-01  6.483174400E-03  4.194034800E-04  2.200831500E-04
 2.185811600E-04  4.066614000E-04  6.250891300E-03  6.955039714E-02 -7.927013124E-02  2.143800300E-02  6.449272111E-02  1.543582189E-01  6.250891300E-03  4.066614000E-04  2.185811600E-04
 2.162987300E-04  3.937169600E-04  6.024771100E-03  6.711259581E-02 -7.650747311E-02  1.974505200E-02  6.198642972E-02  1.479292673E-01  6.024771100E-03  3.937169600E-04  2.162987300E-04
 2.133436700E-04  3.806521800E-04  5.804787200E-03  6.473474536E-02 -7.381133546E-02  1.819304200E-02  5.955851750E-02  1.417240395E-01  5.804787200E-03  3.806521800E-04  2.133436700E-04
 2.098158700E-04  3.675419400E-04  5.590904300E-03  6.241682731E-02 -7.118178281E-02  1.677036200E-02  5.720754889E-02  1.357373791E-01  5.590904300E-03  3.675419400E-04  2.098158700E-04
 2.057983600E-04  3.544451600E-04  5.383069400E-03  6.015872561E-02 -6.861879061E-02  1.546645800E-02  5.493214317E-02  1.299639238E-01  5.383069400E-03  3.544451600E-04  2.057983600E-04
 2.013750400E-04  3.414224000E-04  5.181230100E-03  5.796023392E-02 -6.612221002E-02  1.427127100E-02  5.273079900E-02  1.243984310E-01  5.181230100E-03  3.414224000E-04  2.013750400E-04
 1.966164000E-04  3.285216400E-04  4.985320200E-03  5.582105714E-02 -6.369180404E-02  1.317567200E-02  5.060203328E-02  1.190355637E-01  4.985320200E-03  3.285216400E-04  1.966164000E-04
 1.916257600E-04  3.158272300E-04  4.795268000E-03  5.374020725E-02 -6.132641455E-02  1.217117300E-02  4.854407478E-02  1.138698912E-01  4.795268000E-03  3.158272300E-04  1.916257600E-04
 1.864010600E-04  3.033127700E-04  4.610985000E-03  5.171802106E-02 -5.902670806E-02  1.125003100E-02  4.655571272E-02  1.088963183E-01  4.610985000E-03  3.033127700E-04  1.864010600E-04
 1.810147600E-04  2.910319500E-04  4.432388900E-03  4.975367519E-02 -5.679177269E-02  1.040503700E-02  4.463527306E-02  1.041094959E-01  4.432388900E-03  2.910319500E-04  1.810147600E-04
 1.755117000E-04  2.790104200E-04  4.259387400E-03  4.784655569E-02 -5.462100139E-02  9.629623400E-03  4.278118267E-02  9.950418133E-02  4.259387400E-03  2.790104200E-04  1.755117000E-04
 1.699324100E-04  2.672702700E-04  4.091885200E-03  4.599599181E-02 -5.251371711E-02  8.917745900E-03  4.099186706E-02  9.507516594E-02  4.091885200E-03  2.672702700E-04  1.699324100E-04
 1.643117200E-04  2.558286700E-04  3.929781600E-03  4.420125217E-02 -5.046917357E-02  8.263899000E-03  3.926574006E-02  9.081729094E-02  3.929781600E-03  2.558286700E-04  1.643117200E-04
 1.586820800E-04  2.447011200E-04  3.772974500E-03  4.246155506E-02 -4.848655886E-02  7.663015900E-03  3.760121689E-02  8.672545511E-02  3.772974500E-03  2.447011200E-04  1.586820800E-04
 1.530710500E-04  2.338989400E-04  3.621358900E-03  4.077608558E-02 -4.656502368E-02  7.110483900E-03  3.599672539E-02  8.279460561E-02  3.621358900E-03  2.338989400E-04  1.530710500E-04
 1.475036400E-04  2.234334200E-04  3.474804200E-03  3.914362042E-02 -4.470322152E-02  6.602086900E-03  3.445055800E-02  7.901986600E-02  3.474804200E-03  2.234334200E-04  1.475036400E-04
 0.000000000E+00  3.704263300E-04  1.001266800E-02  1.140245319E-01 -1.305135789E-01  7.273346100E-02  1.097229478E-01  2.712963122E-01  1.001266800E-02  3.704263300E-04  0.000000000E+00
 2.804963400E-05  3.789209200E-04  9.708095400E-03  1.106076607E-01 -1.266167927E-01  6.690944000E-02  1.059284550E-01  2.610970350E-01  9.708095400E-03  3.789209200E-04  2.804963400E-05
 5.263285000E-05  3.848406100E-04  9.408069300E-03  1.072417883E-01 -1.227776543E-01  6.151477800E-02  1.022249711E-01  2.511829889E-01  9.408069300E-03  3.848406100E-04  5.263285000E-05
 7.402790800E-05  3.884344900E-04  9.112842300E-03  1.039292291E-01 -1.189987361E-01  5.652488500E-02  9.861270611E-02  2.415525439E-01  9.112842300E-03  3.884344900E-04  7.402790800E-05
 9.250051600E-05  3.899389600E-04  8.822642200E-03  1.006720749E-01 -1.152823669E-01  5.191557200E-02  9.509171389E-02  2.322035561E-01  8.822642200E-03  3.899389600E-04  9.250051600E-05
 1.083032400E-04  3.895773000E-04  8.537672300E-03  9.747219489E-02 -1.116306389E-01  4.766319500E-02  9.166191278E-02  2.231333372E-01  8.537672300E-03  3.895773000E-04  1.083032400E-04
 1.216750700E-04  3.875593600E-04  8.258111700E-03  9.433125850E-02 -1.080454195E-01  4.374476700E-02  8.832300222E-02  2.143388778E-01  8.258111700E-03  3.875593600E-04  1.216750700E-04
 1.328406800E-04  3.840808800E-04  7.984115800E-03  9.125071933E-02 -1.045283473E-01  4.013809600E-02  8.507449389E-02  2.058167761E-01  7.984115800E-03  3.840808800E-04  1.328406800E-04
 1.420113000E-04  3.793245400E-04  7.715817700E-03  8.823183861E-02 -1.010808496E-01  3.682180100E-02  8.191582278E-02  1.975632472E-01  7.715817700E-03  3.793245400E-04  1.420113000E-04
 1.493842300E-04  3.734594300E-04  7.453328700E-03  8.527568828E-02 -9.770414928E-02  3.377541300E-02  7.884627556E-02  1.895742044E-01  7.453328700E-03  3.734594300E-04  1.493842300E-04
 1.551431000E-04  3.666414700E-04  7.196739500E-03  8.238316833E-02 -9.439927833E-02  3.097941200E-02  7.586495944E-02  1.818453306E-01  7.196739400E-03  3.666414700E-04  1.551431000E-04
 1.594580400E-04  3.590136400E-04  6.946120900E-03  7.955500183E-02 -9.116708283E-02  2.841526600E-02  7.297087278E-02  1.743720972E-01  6.946120900E-03  3.590136400E-04  1.594580400E-04
 1.624955400E-04  3.507162400E-04  6.701528300E-03  7.679165344E-02 -8.800807944E-02  2.606542000E-02  7.016300833E-02  1.671495617E-01  6.701528200E-03  3.507162400E-04  1.624955400E-04
 1.643969400E-04  3.418645700E-04  6.462994600E-03  7.409356389E-02 -8.492281389E-02  2.391332900E-02  6.744012556E-02  1.601728544E-01  6.462994600E-03  3.418645700E-04  1.643969400E-04
 1.652945700E-04  3.325656600E-04  6.230538100E-03  7.146100058E-02 -8.191163668E-02  2.194343100E-02  6.480101667E-02  1.534368833E-01  6.230538000E-03  3.325656600E-04  1.652945700E-04
 1.653111300E-04  3.229177100E-04  6.004162200E-03  6.889407072E-02 -7.897470692E-02  2.014114000E-02  6.224437806E-02  1.469363529E-01  6.004162200E-03  3.229177100E-04  1.653111300E-04
 1.645588500E-04  3.130091300E-04  5.783856700E-03  6.639276322E-02 -7.611205562E-02  1.849281900E-02  5.976877750E-02  1.406659875E-01  5.783856700E-03  3.130091300E-04  1.645588500E-04
 1.631384800E-04  3.029176500E-04  5.569597000E-03  6.395694042E-02 -7.332357512E-02  1.698581900E-02  5.737281944E-02  1.346203026E-01  5.569597000E-03  3.029176500E-04  1.631384800E-04
 1.611431600E-04  2.927140800E-04  5.361348600E-03  6.158635517E-02 -7.060903057E-02  1.560830000E-02  5.505498344E-02  1.287938626E-01  5.361348500E-03  2.927140800E-04  1.611431600E-04
 1.586565500E-04  2.824605000E-04  5.159065600E-03  5.928066242E-02 -6.796808112E-02  1.434931100E-02  5.281374400E-02  1.231811400E-01  5.159065500E-03  2.824605000E-04  1.586565500E-04
 1.557553200E-04  2.722127800E-04  4.962693700E-03  5.703941664E-02 -6.540026814E-02  1.319867500E-02  5.064753939E-02  1.177765916E-01  4.962693700E-03  2.722127800E-04  1.557553200E-04
 1.525051800E-04  2.620165300E-04  4.772166600E-03  5.486208619E-02 -6.290504329E-02  1.214713800E-02  4.855476550E-02  1.125746675E-01  4.772166600E-03  2.620165300E-04  1.525051800E-04
 1.489699100E-04  2.519161800E-04  4.587415400E-03  5.274806294E-02 -6.048175994E-02  1.118599000E-02  4.653381628E-02  1.075698107E-01  4.587415400E-03  2.519161800E-04  1.489699100E-04
 1.452048400E-04  2.419484300E-04  4.408362300E-03  5.069666242E-02 -5.812968832E-02  1.030732500E-02  4.458305000E-02  1.027564900E-01  4.408362300E-03  2.419484300E-04  1.452048400E-04
 1.412590700E-04  2.321467800E-04  4.234894100E-03  4.870671286E-02 -5.584751156E-02  9.503846400E-03  4.270069006E-02  9.812930494E-02  4.234894100E-03  2.321467800E-04  1.412590700E-04
 1.371695900E-04  2.225280100E-04  4.066952400E-03  4.677796125E-02 -5.363504775E-02  8.768908900E-03  4.088525756E-02  9.368271844E-02  4.066952400E-03  2.225280100E-04  1.371695900E-04
 1.329773800E-04  2.131177300E-04  3.904430900E-03  4.490933339E-02 -5.149109919E-02  8.096377300E-03  3.913503022E-02  8.941135378E-02  3.904430900E-03  2.131177300E-04  1.329773800E-04
 1.287160300E-04  2.039337800E-04  3.747229400E-03  4.309989369E-02 -4.941464339E-02  7.480672900E-03  3.744834094E-02  8.530987406E-02  3.747229400E-03  2.039337800E-04  1.287160300E-04
 1.244156700E-04  1.949911900E-04  3.595245300E-03  4.134867228E-02 -4.740461808E-02  6.916692800E-03  3.582353417E-02  8.137299483E-02  3.595245300E-03  1.949911900E-04  1.244156700E-04
 1.201026700E-04  1.863019000E-04  3.448372600E-03  3.965464636E-02 -4.545989526E-02  6.399800000E-03  3.425894428E-02  7.759551872E-02  3.448372500E-03  1.863019000E-04  1.201026700E-04
 1.158005900E-04  1.778756700E-04  3.306503200E-03  3.801676367E-02 -4.357931207E-02  5.925754400E-03  3.275293333E-02  7.397230667E-02  3.306503200E-03  1.778756700E-04  1.158005900E-04
 1.115307300E-04  1.697205800E-04  3.169528800E-03  3.643394472E-02 -4.176166892E-02  5.490707100E-03  3.130385833E-02  7.049831167E-02  3.169528700E-03  1.697205800E-04  1.115307300E-04
 1.072865000E-04  1.618189400E-04  3.037297200E-03  3.490484291E-02 -4.000550441E-02  5.091157200E-03  2.991004844E-02  6.716881156E-02  3.037297200E-03  1.618189400E-04  1.072865000E-04
 0.000000000E+00  2.819496800E-04  9.138043700E-03  1.077799638E-01 -1.241989408E-01  6.016685700E-02  9.976355056E-02  2.419881394E-01  9.138043500E-03  2.819496800E-04  0.000000000E+00
 2.136619800E-05  2.878985700E-04  8.847407400E-03  1.043274602E-01 -1.202158562E-01  5.517091900E-02  9.616771500E-02  2.325048150E-01  8.847407200E-03  2.878985700E-04  2.136619800E-05
 4.001964200E-05  2.918654100E-04  8.561796100E-03  1.009377469E-01 -1.163055229E-01  5.056073800E-02  9.266447778E-02  2.233046822E-01  8.561795900E-03  2.918654100E-04  4.001964200E-05
 5.618485200E-05  2.940493700E-04  8.281408700E-03  9.761257083E-02 -1.124698738E-01  4.631244300E-02  8.925372611E-02  2.143851239E-01  8.281408600E-03  2.940493700E-04  5.618485200E-05
 7.007578100E-05  2.946390900E-04  8.006421200E-03  9.435346306E-02 -1.087105981E-01  4.240277600E-02  8.593518000E-02  2.057431000E-01  8.006421100E-03  2.946390900E-04  7.007578100E-05
 8.189533600E-05  2.938122400E-04  7.736986700E-03  9.116173044E-02 -1.050291384E-01  3.880919800E-02  8.270839222E-02  1.973751478E-01  7.736986600E-03  2.938122400E-04  8.189533600E-05
 9.183504300E-05  2.917353400E-04  7.473236400E-03  8.803849356E-02 -1.014267256E-01  3.550998000E-02  7.957275778E-02  1.892774422E-01  7.473236300E-03  2.917353400E-04  9.183504300E-05
 1.000745300E-04  2.885632800E-04  7.215279900E-03  8.498465706E-02 -9.790435606E-02  3.248429300E-02  7.652749333E-02  1.814458267E-01  7.215279800E-03  2.885632800E-04  1.000745300E-04
 1.067822100E-04  2.844401100E-04  6.963206700E-03  8.200094544E-02 -9.446282344E-02  2.971223300E-02  7.357169722E-02  1.738758728E-01  6.963206600E-03  2.844401100E-04  1.067822100E-04
 1.121149500E-04  2.794987200E-04  6.717086800E-03  7.908791433E-02 -9.110273233E-02  2.717487100E-02  7.070441056E-02  1.665628394E-01  6.717086700E-03  2.794987200E-04  1.121149500E-04
 1.162184000E-04  2.738612800E-04  6.476971900E-03  7.624593106E-02 -8.782448206E-02  2.485428000E-02  6.792450500E-02  1.595017650E-01  6.476971800E-03  2.738612800E-04  1.162184000E-04
 1.192272300E-04  2.676394900E-04  6.242896300E-03  7.347522586E-02 -8.462831616E-02  2.273354400E-02  6.523081389E-02  1.526874961E-01  6.242896300E-03  2.676394900E-04  1.192272300E-04
 1.212707400E-04  2.609406100E-04  6.014878200E-03  7.077577375E-02 -8.151418605E-02  2.079674500E-02  6.262194639E-02  1.461147626E-01  6.014878100E-03  2.609406100E-04  1.212707400E-04
 1.224601200E-04  2.538539100E-04  5.792919000E-03  6.814752739E-02 -7.848203479E-02  1.902896300E-02  6.009658750E-02  1.397781095E-01  5.792919000E-03  2.538539100E-04  1.224601200E-04
 1.228990300E-04  2.464618600E-04  5.577007400E-03  6.559028925E-02 -7.553163415E-02  1.741625100E-02  5.765326194E-02  1.336720391E-01  5.577007400E-03  2.464618600E-04  1.228990300E-04
 1.226829100E-04  2.388393700E-04  5.367118700E-03  6.310371694E-02 -7.266259154E-02  1.594561000E-02  5.529050556E-02  1.277908704E-01  5.367118600E-03  2.388393700E-04  1.226829100E-04
 1.218986400E-04  2.310534900E-04  5.163216400E-03  6.068736042E-02 -6.987439512E-02  1.460495000E-02  5.300673344E-02  1.221289606E-01  5.163216400E-03  2.310534900E-04  1.218986400E-04
 1.206244900E-04  2.231633100E-04  4.965252900E-03  5.834065814E-02 -6.716640784E-02  1.338311300E-02  5.080035572E-02  1.166805693E-01  4.965252800E-03  2.231633100E-04  1.206244900E-04
 1.189318900E-04  2.152217200E-04  4.773171200E-03  5.606295953E-02 -6.453789263E-02  1.226971400E-02  4.866973606E-02  1.114399509E-01  4.773171200E-03  2.152217200E-04  1.189318900E-04
 1.168850900E-04  2.072751000E-04  4.586905700E-03  5.385351878E-02 -6.198800318E-02  1.125519700E-02  4.661320989E-02  1.064013521E-01  4.586905600E-03  2.072751000E-04  1.168850900E-04
 1.145421900E-04  1.993643600E-04  4.406382900E-03  5.171151947E-02 -5.951581557E-02  1.033072900E-02  4.462908628E-02  1.015590287E-01  4.406382800E-03  1.993643600E-04  1.145421900E-04
 1.119549900E-04  1.915247600E-04  4.231522300E-03  4.963606203E-02 -5.712030813E-02  9.488294700E-03  4.271566500E-02  9.690725300E-02  4.231522200E-03  1.915247600E-04  1.119549900E-04
 1.091711800E-04  1.837880500E-04  4.062238500E-03  4.762619342E-02 -5.480039812E-02  8.720418200E-03  4.087121800E-02  9.244034600E-02  4.062238500E-03  1.837880500E-04  1.091711800E-04
 1.062338700E-04  1.761820700E-04  3.898441300E-03  4.568089628E-02 -5.255492608E-02  8.020326000E-03  3.909402200E-02  8.815265400E-02  3.898441300E-03  1.761820700E-04  1.062338700E-04
 1.031537100E-04  1.687047000E-04  3.739985900E-03  4.379875064E-02 -5.038232454E-02  7.381803500E-03  3.738222706E-02  8.403891794E-02  3.739985800E-03  1.687047000E-04  1.031537100E-04
 9.999320600E-05  1.614019500E-04  3.586830900E-03  4.197911231E-02 -4.828181221E-02  6.799205700E-03  3.573427122E-02  8.009324678E-02  3.586830800E-03  1.614019500E-04  9.999320600E-05
 9.677051400E-05  1.542794400E-04  3.438850600E-03  4.022065033E-02 -4.625189153E-02  6.267358400E-03  3.414836661E-02  7.631034639E-02  3.438850600E-03  1.542794400E-04  9.677051400E-05
 9.351054100E-05  1.473492800E-04  3.295936900E-03  3.852216278E-02 -4.429119358E-02  5.781568800E-03  3.262279256E-02  7.268487744E-02  3.295936900E-03  1.473492800E-04  9.351054100E-05
 9.023542900E-05  1.406213800E-04  3.157979800E-03  3.688241767E-02 -4.239831247E-02  5.337567100E-03  3.115584067E-02  6.921157933E-02  3.157979700E-03  1.406213800E-04  9.023542900E-05
 8.696507200E-05  1.341039600E-04  3.024867700E-03  3.530015711E-02 -4.057181151E-02  4.931483700E-03  2.974581161E-02  6.588528739E-02  3.024867700E-03  1.341039600E-04  8.696507200E-05
 8.371625900E-05  1.278026800E-04  2.896487100E-03  3.377409534E-02 -3.881021904E-02  4.559802700E-03  2.839102522E-02  6.270093278E-02  2.896487100E-03  1.278026800E-04  8.371625900E-05
 8.050543200E-05  1.217233200E-04  2.772725700E-03  3.230293998E-02 -3.711205208E-02  4.219340800E-03  2.708982156E-02  5.965353844E-02  2.772725700E-03  1.217233200E-04  8.050543200E-05
 7.730424300E-05  1.158286400E-04  2.653417500E-03  3.088522784E-02 -3.547572814E-02  3.907217100E-03  2.584052528E-02  5.673860772E-02  2.653417500E-03  1.158286400E-04  7.730424300E-05
 0.000000000E+00  2.120689300E-04  8.341012000E-03  1.010307898E-01 -1.169934578E-01  4.945948100E-02  9.031614444E-02  2.144375356E-01  8.341012000E-03  2.120689300E-04  0.000000000E+00
 1.610518800E-05  2.161341200E-04  8.063592300E-03  9.758987633E-02 -1.129905183E-01  4.520949700E-02  8.692782444E-02  2.056920556E-01  8.063592300E-03  2.161341200E-04  1.610518800E-05
 3.010959000E-05  2.186929000E-04  7.791645900E-03  9.422169161E-02 -1.090730646E-01  4.130155900E-02  8.363248833E-02  1.972241217E-01  7.791645900E-03  2.186929000E-04  3.010959000E-05
 4.219252000E-05  2.199027900E-04  7.525317900E-03  9.092746444E-02 -1.052424284E-01  3.771309300E-02  8.042973889E-02  1.890303211E-01  7.525317900E-03  2.199027900E-04  4.219252000E-05
 5.252448100E-05  2.199125400E-04  7.264732500E-03  8.770820156E-02 -1.014996936E-01  3.442228800E-02  7.731901111E-02  1.811068689E-01  7.264732500E-03  2.199125400E-04  5.252448100E-05
 6.126677400E-05  2.188619100E-04  7.009993300E-03  8.456470078E-02 -9.784570278E-02  3.140816500E-02  7.429961333E-02  1.734495467E-01  7.009993200E-03  2.188619100E-04  6.126677400E-05
 6.857124700E-05  2.168814300E-04  6.761184100E-03  8.149754600E-02 -9.428105800E-02  2.865064100E-02  7.137063389E-02  1.660539161E-01  6.761184100E-03  2.168814300E-04  6.857124700E-05
 7.458002300E-05  2.140922200E-04  6.518369800E-03  7.850713178E-02 -9.080615178E-02  2.613059000E-02  6.853117611E-02  1.589150939E-01  6.518369800E-03  2.140922200E-04  7.458002300E-05
 7.942594400E-05  2.106064600E-04  6.281597500E-03  7.559367961E-02 -8.742117661E-02  2.382983800E-02  6.578001000E-02  1.520281700E-01  6.281597500E-03  2.106064600E-04  7.942594400E-05
 8.323245900E-05  2.065274000E-04  6.050897100E-03  7.275722433E-02 -8.412611913E-02  2.173120800E-02  6.311599194E-02  1.453878251E-01  6.050897100E-03  2.065274000E-04  8.323245900E-05
 8.611398600E-05  2.019496600E-04  5.826282900E-03  6.999765417E-02 -8.092079877E-02  1.981851200E-02  6.053776972E-02  1.389886793E-01  5.826282800E-03  2.019496600E-04  8.611398600E-05
 8.817625200E-05  1.969597100E-04  5.607754300E-03  6.731470575E-02 -7.780486605E-02  1.807656100E-02  5.804395500E-02  1.328251430E-01  5.607754300E-03  1.969597100E-04  8.817625200E-05
 8.951618900E-05  1.916360200E-04  5.395292900E-03  6.470791019E-02 -7.477773289E-02  1.649113100E-02  5.563301733E-02  1.268915867E-01  5.395292900E-03  1.916360200E-04  8.951618900E-05
 9.022147400E-05  1.860479700E-04  5.188871300E-03  6.217675997E-02 -7.183878187E-02  1.504895600E-02  5.330343317E-02  1.211822138E-01  5.188871300E-03  1.860479700E-04  9.022147400E-05
 9.037280400E-05  1.802586100E-04  4.988450100E-03  5.972060972E-02 -6.898723592E-02  1.373769600E-02  5.105360050E-02  1.156911905E-01  4.988450100E-03  1.802586100E-04  9.037280400E-05
 9.004345300E-05  1.743241800E-04  4.793978500E-03  5.733869492E-02 -6.622218262E-02  1.254590400E-02  4.888185811E-02  1.104126439E-01  4.793978400E-03  1.743241800E-04  9.004345300E-05
 8.929980900E-05  1.682946200E-04  4.605395500E-03  5.503015503E-02 -6.354260313E-02  1.146298800E-02  4.678651378E-02  1.053406702E-01  4.605395500E-03  1.682946200E-04  8.929980900E-05
 8.820206500E-05  1.622143000E-04  4.422631900E-03  5.279403819E-02 -6.094737369E-02  1.047919900E-02  4.476582967E-02  1.004693763E-01  4.422631900E-03  1.622143000E-04  8.820206500E-05
 8.680424200E-05  1.561219500E-04  4.245610300E-03  5.062931508E-02 -5.843528498E-02  9.585527400E-03  4.281806200E-02  9.579285800E-02  4.245610200E-03  1.561219500E-04  8.680424200E-05
 8.515514700E-05  1.500517100E-04  4.074246500E-03  4.853488439E-02 -5.600504579E-02  8.773712500E-03  4.094142700E-02  9.130526300E-02  4.074246500E-03  1.500517100E-04  8.515514700E-05
 8.329815400E-05  1.440328600E-04  3.908450100E-03  4.650957825E-02 -5.365528835E-02  8.036165700E-03  3.913414472E-02  8.700075828E-02  3.908450100E-03  1.440328600E-04  8.329815400E-05
 8.127424700E-05  1.380928500E-04  3.748127300E-03  4.455217522E-02 -5.138458042E-02  7.366000400E-03  3.739441733E-02  8.287357467E-02  3.748127300E-03  1.380928500E-04  8.127424700E-05
 7.911851200E-05  1.322537800E-04  3.593178200E-03  4.266140558E-02 -4.919143888E-02  6.756861300E-03  3.572044339E-02  7.891799561E-02  3.593178200E-03  1.322537800E-04  7.911851200E-05
 7.686471400E-05  1.265370000E-04  3.443501500E-03  4.083595222E-02 -4.707431862E-02  6.202994400E-03  3.411042778E-02  7.512837222E-02  3.443501400E-03  1.265370000E-04  7.686471400E-05
 7.448974000E-05  1.209090500E-04  3.298925800E-03  3.907428236E-02 -4.503155286E-02  5.699152700E-03  3.256255222E-02  7.149959978E-02  3.298925800E-03  1.209090500E-04  7.448974000E-05
 7.208121300E-05  1.154441600E-04  3.159422700E-03  3.737527364E-02 -4.306168234E-02  5.240582600E-03  3.107508022E-02  6.802566378E-02  3.159422700E-03  1.154441600E-04  7.208121300E-05
 6.963787300E-05  1.101309900E-04  3.024850400E-03  3.573742458E-02 -4.116300948E-02  4.822957200E-03  2.964622244E-02  6.470140156E-02  3.024850400E-03  1.101309900E-04  6.963787300E-05
 6.717800200E-05  1.049775000E-04  2.895093900E-03  3.415930360E-02 -3.933386600E-02  4.442363100E-03  2.827423100E-02  6.152155900E-02  2.895093900E-03  1.049775000E-04  6.717800200E-05
 6.471769000E-05  9.998997800E-05  2.770037300E-03  3.263946383E-02 -3.757256563E-02  4.095258500E-03  2.695736594E-02  5.848098706E-02  2.770037300E-03  9.998997800E-05  6.471769000E-05
 6.227196800E-05  9.517410100E-05  2.649564400E-03  3.117644580E-02 -3.587740460E-02  3.778442700E-03  2.569391956E-02  5.557464044E-02  2.649564400E-03  9.517410100E-05  6.227196800E-05
 5.985253200E-05  9.053268000E-05  2.533557300E-03  2.976878042E-02 -3.424667082E-02  3.489025500E-03  2.448218878E-02  5.279760122E-02  2.533557300E-03  9.053268000E-05  5.985253200E-05
 5.747229900E-05  8.607014900E-05  2.421900700E-03  2.841499731E-02 -3.267864331E-02  3.224398000E-03  2.332050800E-02  5.014504000E-02  2.421900700E-03  8.607014900E-05  5.747229900E-05
 5.508485700E-05  8.173301100E-05  2.314416900E-03  2.711358188E-02 -3.117169128E-02  2.982210300E-03  2.220726900E-02  4.761270100E-02  2.314416900E-03  8.173301100E-05  5.508485700E-05
 0.000000000E+00  1.570119300E-04  7.599834300E-03  9.390573194E-02 -1.091042229E-01  4.044696200E-02  8.137381222E-02  1.887532478E-01  7.599834300E-03  1.570119300E-04  0.000000000E+00
 1.198110000E-05  1.597069000E-04  7.336078800E-03  9.052055594E-02 -1.051424629E-01  3.685130500E-02  7.819985778E-02  1.807543022E-01  7.336078800E-03  1.597069000E-04  1.198110000E-05
 2.235710700E-05  1.612763100E-04  7.078138900E-03  8.721632200E-02 -1.012767740E-01  3.355618800E-02  7.511844000E-02  1.730239200E-01  7.078138900E-03  1.612763100E-04  2.235710700E-05
 3.126925100E-05  1.618426200E-04  6.826110100E-03  8.399370583E-02 -9.750783483E-02  3.054088000E-02  7.212885500E-02  1.655580750E-01  6.826110000E-03  1.618426200E-04  3.126925100E-05
 3.885151800E-05  1.615212100E-04  6.580069100E-03  8.085317733E-02 -9.383608533E-02  2.778539800E-02  6.923026167E-02  1.583523483E-01  6.580069100E-03  1.615212100E-04  3.885151800E-05
 4.523035300E-05  1.604201200E-04  6.340074600E-03  7.779499450E-02 -9.026172750E-02  2.527058700E-02  6.642169111E-02  1.514019889E-01  6.340074600E-03  1.604201200E-04  4.523035300E-05
 5.052446500E-05  1.586399600E-04  6.106167800E-03  7.481922711E-02 -8.678474471E-02  2.297816700E-02  6.370206139E-02  1.447019536E-01  6.106167800E-03  1.586399600E-04  5.052446500E-05
 5.484478900E-05  1.562738900E-04  5.878373400E-03  7.192576644E-02 -8.340492164E-02  2.089078500E-02  6.107011917E-02  1.382470638E-01  5.878373400E-03  1.562738900E-04  5.484478900E-05
 5.829469300E-05  1.534078800E-04  5.656700700E-03  6.911433064E-02 -8.012184454E-02  1.899202200E-02  5.852457528E-02  1.320318137E-01  5.656700600E-03  1.534078800E-04  5.829469300E-05
 6.097009100E-05  1.501208400E-04  5.441144200E-03  6.638448633E-02 -7.693492913E-02  1.726641800E-02  5.606398039E-02  1.260506446E-01  5.441144200E-03  1.501208400E-04  6.097009100E-05
 6.295982200E-05  1.464850800E-04  5.231685600E-03  6.373565119E-02 -7.384342069E-02  1.569946600E-02  5.368685322E-02  1.202977768E-01  5.231685600E-03  1.464850800E-04  6.295982200E-05
 6.434611500E-05  1.425667300E-04  5.028294300E-03  6.116711525E-02 -7.084642175E-02  1.427760900E-02  5.139161511E-02  1.147673689E-01  5.028294200E-03  1.425667300E-04  6.434611500E-05
 6.519781400E-05  1.384193300E-04  4.830918800E-03  5.867799022E-02 -6.794284462E-02  1.298821000E-02  4.917661589E-02  1.094535541E-01  4.830918800E-03  1.384193300E-04  6.519781400E-05
 6.558430100E-05  1.340970800E-04  4.639507500E-03  5.626735044E-02 -6.513154804E-02  1.181953800E-02  4.704016928E-02  1.043503477E-01  4.639507400E-03  1.340970800E-04  6.558430100E-05
 6.556804700E-05  1.296478800E-04  4.453997600E-03  5.393415131E-02 -6.241125721E-02  1.076073100E-02  4.498054578E-02  9.945174222E-02  4.453997600E-03  1.296478800E-04  6.556804700E-05
 6.520448000E-05  1.251131300E-04  4.274316100E-03  5.167725500E-02 -5.978059780E-02  9.801758100E-03  4.299597644E-02  9.475173156E-02  4.274316100E-03  1.251131300E-04  6.520448000E-05
 6.454354100E-05  1.205292900E-04  4.100381900E-03  4.949543567E-02 -5.723809447E-02  8.933385200E-03  4.108465472E-02  9.024432828E-02  4.100381800E-03  1.205292900E-04  6.454354100E-05
 6.363098000E-05  1.159291300E-04  3.932107800E-03  4.738739906E-02 -5.478219406E-02  8.147158600E-03  3.924476778E-02  8.592356422E-02  3.932107800E-03  1.159291300E-04  6.363098000E-05
 6.250696200E-05  1.113403900E-04  3.769399700E-03  4.535178975E-02 -5.241127885E-02  7.435297200E-03  3.747447389E-02  8.178352411E-02  3.769399700E-03  1.113403900E-04  6.250696200E-05
 6.120803500E-05  1.067876600E-04  3.612158800E-03  4.338719394E-02 -5.012366174E-02  6.790703200E-03  3.577192572E-02  7.781834328E-02  3.612158700E-03  1.067876600E-04  6.120803500E-05
 5.976592800E-05  1.022912600E-04  3.460280700E-03  4.149215428E-02 -4.791761128E-02  6.206889100E-03  3.413527628E-02  7.402221872E-02  3.460280700E-03  1.022912600E-04  5.976592800E-05
 5.821301100E-05  9.787262200E-05  3.313661600E-03  3.966517119E-02 -4.579133749E-02  5.677998000E-03  3.256267767E-02  7.038942833E-02  3.313661500E-03  9.787262200E-05  5.821301100E-05
 5.657439300E-05  9.354639700E-05  3.172190100E-03  3.790471178E-02 -4.374302298E-02  5.198649300E-03  3.105228211E-02  6.691433189E-02  3.172190000E-03  9.354639700E-05  5.657439300E-05
 5.487631300E-05  8.932885100E-05  3.035756400E-03  3.620921753E-02 -4.177081303E-02  4.763996400E-03  2.960226322E-02  6.359136678E-02  3.035756300E-03  8.932885100E-05  5.487631300E-05
 5.307372000E-05  8.516660500E-05  2.904171200E-03  3.457700542E-02 -3.987287422E-02  4.369642500E-03  2.821076761E-02  6.041567939E-02  2.904171200E-03  8.516660500E-05  5.307372000E-05
 5.126845400E-05  8.115084900E-05  2.777414100E-03  3.300663301E-02 -3.804729561E-02  4.011619400E-03  2.687603906E-02  5.738120994E-02  2.777414100E-03  8.115084900E-05  5.126845400E-05
 4.944604900E-05  7.725907200E-05  2.655332400E-03  3.149643826E-02 -3.629218496E-02  3.686337600E-03  2.559627983E-02  5.448300717E-02  2.655332400E-03  7.725907200E-05  4.944604900E-05
 4.761977200E-05  7.349636500E-05  2.537806500E-03  3.004480772E-02 -3.460563672E-02  3.390562700E-03  2.436972500E-02  5.171598900E-02  2.537806500E-03  7.349636500E-05  4.761977200E-05
 4.580112700E-05  6.986645600E-05  2.424716500E-03  2.865012447E-02 -3.298574217E-02  3.121383500E-03  2.319464178E-02  4.907518222E-02  2.424716500E-03  6.986645600E-05  4.580112700E-05
 4.400145700E-05  6.637331900E-05  2.315943800E-03  2.731077463E-02 -3.143059313E-02  2.876176800E-03  2.206931817E-02  4.655574683E-02  2.315943800E-03  6.637331900E-05  4.400145700E-05
 4.222864500E-05  6.301784800E-05  2.211367900E-03  2.602514693E-02 -2.993829053E-02  2.652589900E-03  2.099207017E-02  4.415296283E-02  2.211367800E-03  6.301784800E-05  4.222864500E-05
 4.049284800E-05  5.980355200E-05  2.110872200E-03  2.479163936E-02 -2.850693736E-02  2.448505100E-03  1.996124594E-02  4.186221906E-02  2.110872100E-03  5.980355200E-05  4.049284800E-05
 3.873730700E-05  5.666806000E-05  2.014274600E-03  2.360869043E-02 -2.713485103E-02  2.262025400E-03  1.897527261E-02  3.967954039E-02  2.014274600E-03  5.666806000E-05  3.873730700E-05
 0.000000000E+00  1.138125100E-04  6.909400600E-03  8.656670467E-02 -1.007632967E-01  3.290572300E-02  7.297367333E-02  1.650018867E-01  6.909400500E-03  1.138125100E-04  0.000000000E+00
 8.767036400E-06  1.155474700E-04  6.659979400E-03  8.327400739E-02 -9.689625239E-02  2.987059600E-02  7.001652611E-02  1.577434839E-01  6.659979300E-03  1.155474700E-04  8.767036400E-06
 1.632923600E-05  1.164581900E-04  6.416563300E-03  8.006869694E-02 -9.313334994E-02  2.710055600E-02  6.715038167E-02  1.507423483E-01  6.416563200E-03  1.164581900E-04  1.632923600E-05
 2.279555400E-05  1.166377100E-04  6.179208000E-03  7.695094522E-02 -8.947468322E-02  2.457620000E-02  6.437441778E-02  1.439938142E-01  6.179207900E-03  1.166377100E-04  2.279555400E-05
 2.826919900E-05  1.161735700E-04  5.947952300E-03  7.392072722E-02 -8.592011162E-02  2.227893600E-02  6.168757000E-02  1.374929940E-01  5.947952300E-03  1.161735700E-04  2.826919900E-05
 3.284738700E-05  1.151475500E-04  5.722819300E-03  7.097780439E-02 -8.246925219E-02  2.019103700E-02  5.908869750E-02  1.312346835E-01  5.722819200E-03  1.151475500E-04  3.284738700E-05
 3.662117800E-05  1.136355700E-04  5.503816400E-03  6.812177158E-02 -7.912153128E-02  1.829568600E-02  5.657655406E-02  1.252134249E-01  5.503816300E-03  1.136355700E-04  3.662117800E-05
 3.967552400E-05  1.117077800E-04  5.290937000E-03  6.535204375E-02 -7.587616725E-02  1.657702300E-02  5.414972156E-02  1.194236704E-01  5.290936900E-03  1.117077800E-04  3.967552400E-05
 4.208931900E-05  1.094286700E-04  5.084161000E-03  6.266788350E-02 -7.273220570E-02  1.502012000E-02  5.180673167E-02  1.138596583E-01  5.084161000E-03  1.094286700E-04  4.208931900E-05
 4.393555800E-05  1.068571900E-04  4.883456000E-03  6.006841247E-02 -6.968853217E-02  1.361100500E-02  4.954601300E-02  1.085155290E-01  4.883455900E-03  1.068571900E-04  4.393555800E-05
 4.528163700E-05  1.040471200E-04  4.688778000E-03  5.755261767E-02 -6.674387807E-02  1.233664600E-02  4.736592444E-02  1.033853276E-01  4.688777900E-03  1.040471200E-04  4.528163700E-05
 4.618977100E-05  1.010475000E-04  4.500073100E-03  5.511937142E-02 -6.389684412E-02  1.118493800E-02  4.526476800E-02  9.846303200E-02  4.500073000E-03  1.010475000E-04  4.618977100E-05
 4.671173600E-05  9.789755300E-05  4.317268800E-03  5.276742303E-02 -6.114590313E-02  1.014466200E-02  4.324076850E-02  9.374265050E-02  4.317268800E-03  9.789755300E-05  4.671173600E-05
 4.689926700E-05  9.463667500E-05  4.140294100E-03  5.049545436E-02 -5.848944406E-02  9.205463800E-03  4.129213550E-02  8.921810950E-02  4.140294000E-03  9.463667500E-05  4.689926700E-05
 4.679898300E-05  9.129965200E-05  3.969068300E-03  4.830205647E-02 -5.592575297E-02  8.357812500E-03  3.941703594E-02  8.488334906E-02  3.969068200E-03  9.129965200E-05  4.679898300E-05
 4.645206500E-05  8.791632600E-05  3.803502100E-03  4.618574531E-02 -5.345303361E-02  7.592958700E-03  3.761360600E-02  8.073235000E-02  3.803502100E-03  8.791632600E-05  4.645206500E-05
 4.589539600E-05  8.451270400E-05  3.643499900E-03  4.414497428E-02 -5.106942088E-02  6.902892800E-03  3.587997033E-02  7.675912767E-02  3.643499900E-03  8.451270400E-05  4.589539600E-05
 4.516330900E-05  8.111269900E-05  3.488962000E-03  4.217814344E-02 -4.877298704E-02  6.280322200E-03  3.421423161E-02  7.295776739E-02  3.488962000E-03  8.111269900E-05  4.516330900E-05
 4.428511400E-05  7.773564900E-05  3.339782400E-03  4.028360900E-02 -4.656175980E-02  5.718573700E-03  3.261449489E-02  6.932241311E-02  3.339782400E-03  7.773564900E-05  4.428511400E-05
 4.328780700E-05  7.439902300E-05  3.195852100E-03  3.845968864E-02 -4.443372254E-02  5.211593500E-03  3.107886128E-02  6.584729172E-02  3.195852100E-03  7.439902300E-05  4.328780700E-05
 4.219412900E-05  7.111646600E-05  3.057057400E-03  3.670466764E-02 -4.238682514E-02  4.753885200E-03  2.960543594E-02  6.252672106E-02  3.057057400E-03  7.111646600E-05  4.219412900E-05
 4.102990800E-05  6.790513300E-05  2.923287700E-03  3.501681211E-02 -4.041898451E-02  4.340496900E-03  2.819233000E-02  5.935512200E-02  2.923287700E-03  6.790513300E-05  4.102990800E-05
 3.981272800E-05  6.477434900E-05  2.794424300E-03  3.339436703E-02 -3.852810803E-02  3.966925700E-03  2.683767689E-02  5.632699911E-02  2.794424300E-03  6.477434900E-05  3.981272800E-05
 3.856332800E-05  6.173699400E-05  2.670352300E-03  3.183556333E-02 -3.671207523E-02  3.629124300E-03  2.553961478E-02  5.343697922E-02  2.670352300E-03  6.173699400E-05  3.856332800E-05
 3.721567500E-05  5.872036300E-05  2.550866700E-03  3.033868471E-02 -3.496904351E-02  3.323447100E-03  2.429639089E-02  5.068043711E-02  2.550866600E-03  5.872036300E-05  3.721567500E-05
 3.588811200E-05  5.583461600E-05  2.435958000E-03  2.890191321E-02 -3.329658301E-02  3.046611400E-03  2.310610283E-02  4.805145817E-02  2.435958000E-03  5.583461600E-05  3.588811200E-05
 3.455438000E-05  5.304715500E-05  2.325465000E-03  2.752350197E-02 -3.169270897E-02  2.795674900E-03  2.196700489E-02  4.554532711E-02  2.325465000E-03  5.304715500E-05  3.455438000E-05
 3.322400200E-05  5.036114100E-05  2.219266000E-03  2.620169694E-02 -3.015533594E-02  2.567992800E-03  2.087734572E-02  4.315719528E-02  2.219266000E-03  5.036114100E-05  3.322400200E-05
 3.190511900E-05  4.777867900E-05  2.117239200E-03  2.493475314E-02 -2.868239044E-02  2.361200000E-03  1.983539283E-02  4.088234017E-02  2.117239200E-03  4.777867900E-05  3.190511900E-05
 3.060638200E-05  4.530272300E-05  2.019264900E-03  2.372094191E-02 -2.727181581E-02  2.173170300E-03  1.883947206E-02  3.871615894E-02  2.019264900E-03  4.530272300E-05  3.060638200E-05
 2.933291500E-05  4.293301100E-05  1.925222000E-03  2.255855096E-02 -2.592158096E-02  2.002012300E-03  1.788791567E-02  3.665419833E-02  1.925222000E-03  4.293301100E-05  2.933291500E-05
 2.809299300E-05  4.067271200E-05  1.834994100E-03  2.144588460E-02 -2.462966580E-02  1.846027700E-03  1.697910739E-02  3.469210761E-02  1.834994100E-03  4.067271200E-05  2.809299300E-05
 2.682031500E-05  3.845114400E-05  1.748394500E-03  2.038138992E-02 -2.339440122E-02  1.703704000E-03  1.611156417E-02  3.282620083E-02  1.748394400E-03  3.845114400E-05  2.682031500E-05
 0.000000000E+00  8.037307300E-05  6.272721900E-03  7.910892672E-02 -9.216615972E-02  2.654527900E-02  6.511818833E-02  1.431394937E-01  6.272721800E-03  8.037307300E-05  0.000000000E+00
 6.287587200E-06  8.145075100E-05  6.037365600E-03  7.594235719E-02 -8.843878029E-02  2.400160700E-02  6.237601917E-02  1.366106198E-01  6.037365600E-03  8.145075100E-05  6.287587200E-06
 1.168999100E-05  8.193957300E-05  5.808125700E-03  7.286806447E-02 -8.482155217E-02  2.169079300E-02  5.972312306E-02  1.303253899E-01  5.808125700E-03  8.193957300E-05  1.168999100E-05
 1.628921100E-05  8.190833700E-05  5.585025800E-03  6.988569403E-02 -8.131396253E-02  1.959460900E-02  5.715842700E-02  1.242786830E-01  5.585025700E-03  8.190833700E-05  1.628921100E-05
 2.016287000E-05  8.142169500E-05  5.368074400E-03  6.699469717E-02 -7.791527257E-02  1.769572900E-02  5.468065022E-02  1.184652418E-01  5.368074400E-03  8.142169500E-05  2.016287000E-05
 2.338399500E-05  8.053996300E-05  5.157265800E-03  6.419434331E-02 -7.462453081E-02  1.597776400E-02  5.228844422E-02  1.128795318E-01  5.157265700E-03  8.053996300E-05  2.338399500E-05
 2.602086300E-05  7.931901000E-05  4.952580300E-03  6.148374100E-02 -7.144060060E-02  1.442528700E-02  4.998033472E-02  1.075158723E-01  4.952580200E-03  7.931901000E-05  2.602086300E-05
 2.813723200E-05  7.781050900E-05  4.753986000E-03  5.886185053E-02 -6.836217363E-02  1.302384600E-02  4.775475900E-02  1.023684430E-01  4.753985900E-03  7.781050900E-05  2.813723200E-05
 2.979216600E-05  7.606178700E-05  4.561438900E-03  5.632749372E-02 -6.538778152E-02  1.175994300E-02  4.561006744E-02  9.743132656E-02  4.561438800E-03  7.606178700E-05  2.979216600E-05
 3.104039900E-05  7.411620400E-05  4.374884400E-03  5.387937097E-02 -6.251581567E-02  1.062103200E-02  4.354454872E-02  9.269851828E-02  4.374884400E-03  7.411620400E-05  3.104039900E-05
 3.193266500E-05  7.201349900E-05  4.194258400E-03  5.151607525E-02 -5.974454335E-02  9.595489000E-03  4.155642928E-02  8.816397172E-02  4.194258400E-03  7.201349900E-05  3.193266500E-05
 3.251625600E-05  6.979036000E-05  4.019488300E-03  4.923610111E-02 -5.707211711E-02  8.672590100E-03  3.964387717E-02  8.382161783E-02  4.019488300E-03  6.979036000E-05  3.251625600E-05
 3.282160300E-05  6.746717200E-05  3.850480400E-03  4.703784408E-02 -5.449661118E-02  7.842460800E-03  3.780503922E-02  7.966547878E-02  3.850480300E-03  6.746717200E-05  3.282160300E-05
 3.289007900E-05  6.507544400E-05  3.687148400E-03  4.491965358E-02 -5.201600688E-02  7.096048200E-03  3.603801978E-02  7.568948822E-02  3.687148400E-03  6.507544400E-05  3.289007900E-05
 3.275736400E-05  6.264143100E-05  3.529397900E-03  4.287980467E-02 -4.962820707E-02  6.425071300E-03  3.434090339E-02  7.188763161E-02  3.529397900E-03  6.264143100E-05  3.275736400E-05
 3.245338100E-05  6.018606600E-05  3.377126200E-03  4.091652211E-02 -4.733106571E-02  5.821977900E-03  3.271175861E-02  6.825397039E-02  3.377126200E-03  6.018606600E-05  3.245338100E-05
 3.200474600E-05  5.772736700E-05  3.230225300E-03  3.902798494E-02 -4.512238594E-02  5.279898000E-03  3.114864817E-02  6.478263683E-02  3.230225300E-03  5.772736700E-05  3.200474600E-05
 3.143688700E-05  5.528255600E-05  3.088584900E-03  3.721233950E-02 -4.299993050E-02  4.792606600E-03  2.964962978E-02  6.146785022E-02  3.088584800E-03  5.528255600E-05  3.143688700E-05
 3.077061300E-05  5.286461500E-05  2.952089100E-03  3.546770639E-02 -4.096143979E-02  4.354452400E-03  2.821276933E-02  5.830391467E-02  2.952089100E-03  5.286461500E-05  3.077061300E-05
 3.002549700E-05  5.048566400E-05  2.820620300E-03  3.379218521E-02 -3.900462821E-02  3.960334800E-03  2.683614372E-02  5.528523728E-02  2.820620300E-03  5.048566400E-05  3.002549700E-05
 2.921732500E-05  4.815439900E-05  2.694057100E-03  3.218386088E-02 -3.712719828E-02  3.605659500E-03  2.551782856E-02  5.240634144E-02  2.694057100E-03  4.815439900E-05  2.921732500E-05
 2.836678100E-05  4.588476900E-05  2.572283100E-03  3.064081826E-02 -3.532683976E-02  3.286285200E-03  2.425593567E-02  4.966185833E-02  2.572283100E-03  4.588476900E-05  2.836678100E-05
 2.748561700E-05  4.368213600E-05  2.455173400E-03  2.916113126E-02 -3.360124676E-02  2.998501200E-03  2.304858067E-02  4.704653533E-02  2.455173400E-03  4.368213600E-05  2.748561700E-05
 2.659017300E-05  4.155678000E-05  2.342608400E-03  2.774288132E-02 -3.194810992E-02  2.738970600E-03  2.189391833E-02  4.455523567E-02  2.342608400E-03  4.155678000E-05  2.659017300E-05
 2.560125800E-05  3.942430000E-05  2.234374200E-03  2.638429048E-02 -3.036551238E-02  2.504713800E-03  2.079023711E-02  4.218363089E-02  2.234374200E-03  3.942430000E-05  2.560125800E-05
 2.464675100E-05  3.740640300E-05  2.130466300E-03  2.508331909E-02 -2.885073279E-02  2.293050500E-03  1.973560189E-02  3.992602411E-02  2.130466300E-03  3.740640300E-05  2.464675100E-05
 2.369233500E-05  3.546389800E-05  2.030718200E-03  2.383814669E-02 -2.740169389E-02  2.101605400E-03  1.872830100E-02  3.777800500E-02  2.030718200E-03  3.546389800E-05  2.369233500E-05
 2.274470700E-05  3.359864100E-05  1.935006100E-03  2.264692671E-02 -2.601618861E-02  1.928246300E-03  1.776661439E-02  3.573500661E-02  1.935006100E-03  3.359864100E-05  2.274470700E-05
 2.180946200E-05  3.181165100E-05  1.843207300E-03  2.150783094E-02 -2.469203394E-02  1.771080200E-03  1.684885700E-02  3.379258900E-02  1.843207300E-03  3.181165100E-05  2.180946200E-05
 2.089317400E-05  3.010519900E-05  1.755201600E-03  2.041906262E-02 -2.342708092E-02  1.628407700E-03  1.597337239E-02  3.194646861E-02  1.755201600E-03  3.010519900E-05  2.089317400E-05
 1.999892900E-05  2.847831600E-05  1.670867600E-03  1.937884991E-02 -2.221921791E-02  1.498731900E-03  1.513854622E-02  3.019248578E-02  1.670867600E-03  2.847831600E-05  1.999892900E-05
 1.913336500E-05  2.693381600E-05  1.590089400E-03  1.838544868E-02 -2.106635728E-02  1.380710500E-03  1.434280633E-02  2.852659967E-02  1.590089400E-03  2.693381600E-05  1.913336500E-05
 1.822855100E-05  2.540041000E-05  1.512685000E-03  1.743731463E-02 -1.996683353E-02  1.273155900E-03  1.358473411E-02  2.694542389E-02  1.512685000E-03  2.540041000E-05  1.822855100E-05
 0.000000000E+00  5.491973200E-05  5.683833100E-03  7.164846131E-02 -8.348346641E-02  2.117285900E-02  5.780371033E-02  1.231393197E-01  5.683833100E-03  5.491973200E-05  0.000000000E+00
 4.399499000E-06  5.555803800E-05  5.462131800E-03  6.863762892E-02 -7.993337502E-02  1.906600100E-02  5.527333817E-02  1.173252988E-01  5.462131700E-03  5.555803800E-05  4.399499000E-06
 8.165318500E-06  5.578856000E-05  5.246631100E-03  6.572202481E-02 -7.649719691E-02  1.716117400E-02  5.282988128E-02  1.117389277E-01  5.246631000E-03  5.578856000E-05  8.165318500E-06
 1.135741300E-05  5.566048600E-05  5.037323600E-03  6.290082361E-02 -7.317387501E-02  1.544150200E-02  5.047205394E-02  1.063748471E-01  5.037323600E-03  5.566048600E-05  1.135741300E-05
 1.403254700E-05  5.522005400E-05  4.834188500E-03  6.017302883E-02 -6.996215183E-02  1.389107400E-02  4.819843889E-02  1.012275251E-01  4.834188400E-03  5.522005400E-05  1.403254700E-05
 1.624409500E-05  5.451036900E-05  4.637191700E-03  5.753748078E-02 -6.686057478E-02  1.249496100E-02  4.600751850E-02  9.629126850E-02  4.637191700E-03  5.451036900E-05  1.624409500E-05
 1.804189100E-05  5.357128300E-05  4.446287600E-03  5.499287278E-02 -6.386751878E-02  1.123921200E-02  4.389767328E-02  9.156027172E-02  4.446287600E-03  5.357128300E-05  1.804189100E-05
 1.947250500E-05  5.243968600E-05  4.261419400E-03  5.253776706E-02 -6.098120366E-02  1.011086400E-02  4.186720278E-02  8.702864322E-02  4.261419300E-03  5.243968600E-05  1.947250500E-05
 2.057891800E-05  5.114919900E-05  4.082520200E-03  5.017061278E-02 -5.819971798E-02  9.097891600E-03  3.991434872E-02  8.269041828E-02  4.082520200E-03  5.114919900E-05  2.057891800E-05
 2.140090700E-05  4.973056400E-05  3.909514100E-03  4.788975269E-02 -5.552102519E-02  8.189196500E-03  3.803727311E-02  7.853961889E-02  3.909514100E-03  4.973056400E-05  2.140090700E-05
 2.197527000E-05  4.821188300E-05  3.742317100E-03  4.569344097E-02 -5.294298567E-02  7.374570200E-03  3.623410078E-02  7.457024522E-02  3.742317100E-03  4.821188300E-05  2.197527000E-05
 2.233629800E-05  4.661908800E-05  3.580838500E-03  4.357985158E-02 -5.046336568E-02  6.644657500E-03  3.450292006E-02  7.077630694E-02  3.580838500E-03  4.661908800E-05  2.233629800E-05
 2.250423900E-05  4.496452400E-05  3.424967600E-03  4.154711328E-02 -4.807990108E-02  5.990901900E-03  3.284179061E-02  6.715193839E-02  3.424967500E-03  4.496452400E-05  2.250423900E-05
 2.250945600E-05  4.327084000E-05  3.274604000E-03  3.959328247E-02 -4.579022217E-02  5.405510400E-03  3.124874739E-02  6.369122361E-02  3.274604000E-03  4.327084000E-05  2.250945600E-05
 2.237763300E-05  4.155638700E-05  3.129639800E-03  3.771637539E-02 -4.359191719E-02  4.881400800E-03  2.972181233E-02  6.038832567E-02  3.129639800E-03  4.155638700E-05  2.237763300E-05
 2.212991700E-05  3.983533100E-05  2.989959900E-03  3.591437758E-02 -4.148254368E-02  4.412155900E-03  2.825900633E-02  5.723750367E-02  2.989959900E-03  3.983533100E-05  2.212991700E-05
 2.178497000E-05  3.811968400E-05  2.855445700E-03  3.418525048E-02 -3.945963478E-02  3.991975900E-03  2.685834411E-02  5.423311789E-02  2.855445700E-03  3.811968400E-05  2.178497000E-05
 2.136123700E-05  3.642156900E-05  2.725977400E-03  3.252694023E-02 -3.752070313E-02  3.615627800E-03  2.551786572E-02  5.136961528E-02  2.725977400E-03  3.642156900E-05  2.136123700E-05
 2.087305700E-05  3.474931900E-05  2.601430600E-03  3.093738218E-02 -3.566325578E-02  3.278402300E-03  2.423560072E-02  4.864157028E-02  2.601430600E-03  3.474931900E-05  2.087305700E-05
 2.033428600E-05  3.311109000E-05  2.481680600E-03  2.941451016E-02 -3.388479826E-02  2.976069300E-03  2.300960778E-02  4.604366822E-02  2.481680600E-03  3.311109000E-05  2.033428600E-05
 1.975543500E-05  3.151199500E-05  2.366599300E-03  2.795625939E-02 -3.218284289E-02  2.704852000E-03  2.183796656E-02  4.357070744E-02  2.366599300E-03  3.151199500E-05  1.975543500E-05
 1.915295400E-05  2.996337500E-05  2.256065500E-03  2.656057929E-02 -3.055490569E-02  2.461335100E-03  2.071878450E-02  4.121762650E-02  2.256065500E-03  2.996337500E-05  1.915295400E-05
 1.853414600E-05  2.846770400E-05  2.149949200E-03  2.522542294E-02 -2.899852554E-02  2.242514900E-03  1.965018594E-02  3.897948306E-02  2.149949200E-03  2.846770400E-05  1.853414600E-05
 1.791165000E-05  2.703306700E-05  2.048127200E-03  2.394876534E-02 -2.751125474E-02  2.045682300E-03  1.863032917E-02  3.685146583E-02  2.048127200E-03  2.703306700E-05  1.791165000E-05
 1.720504800E-05  2.557500700E-05  1.950391600E-03  2.272882408E-02 -2.609117628E-02  1.868441500E-03  1.765756506E-02  3.482954394E-02  1.950391600E-03  2.557500700E-05  1.720504800E-05
 1.653740200E-05  2.421213900E-05  1.856724700E-03  2.156336461E-02 -2.473530471E-02  1.708637000E-03  1.672993733E-02  3.290838267E-02  1.856724700E-03  2.421213900E-05  1.653740200E-05
 1.587280000E-05  2.290486700E-05  1.766962500E-03  2.045054338E-02 -2.344153218E-02  1.564384100E-03  1.584578744E-02  3.108389056E-02  1.766962500E-03  2.290486700E-05  1.587280000E-05
 1.521598500E-05  2.165434200E-05  1.680981000E-03  1.938846057E-02 -2.220757967E-02  1.433990600E-03  1.500343100E-02  2.935184300E-02  1.680980900E-03  2.165434200E-05  1.521598500E-05
 1.457076800E-05  2.046099600E-05  1.598657000E-03  1.837524752E-02 -2.103120652E-02  1.315966600E-03  1.420122061E-02  2.770814439E-02  1.598657000E-03  2.046099600E-05  1.457076800E-05
 1.394222400E-05  1.932674000E-05  1.519871100E-03  1.740907580E-02 -1.991021820E-02  1.208974900E-03  1.343755583E-02  2.614884317E-02  1.519871100E-03  1.932674000E-05  1.394222400E-05
 1.333203700E-05  1.825028600E-05  1.444502700E-03  1.648815302E-02 -1.884247102E-02  1.111851000E-03  1.271086700E-02  2.467013100E-02  1.444502700E-03  1.825028600E-05  1.333203700E-05
 1.274563400E-05  1.723427800E-05  1.372437000E-03  1.561072184E-02 -1.782585424E-02  1.023550900E-03  1.201963889E-02  2.326830511E-02  1.372437000E-03  1.723427800E-05  1.274563400E-05
 1.211544200E-05  1.620861500E-05  1.303498900E-03  1.477528242E-02 -1.685875402E-02  9.431579400E-04  1.136254561E-02  2.194028139E-02  1.303498900E-03  1.620861500E-05  1.211544200E-05
 0.000000000E+00  3.585444200E-05  5.135496600E-03  6.426744494E-02 -7.483651314E-02  1.667939900E-02  5.097112567E-02  1.050577723E-01  5.135496600E-03  3.585444200E-05  0.000000000E+00
 2.981325400E-06  3.620933800E-05  4.927348000E-03  6.143647811E-02 -7.149438731E-02  1.495666200E-02  4.864852422E-02  9.993151178E-02  4.927348000E-03  3.620933800E-05  2.981325400E-06
 5.524117400E-06  3.629371200E-05  4.725425400E-03  5.870221344E-02 -6.826824184E-02  1.340664300E-02  4.641047956E-02  9.501494844E-02  4.725425400E-03  3.629371200E-05  5.524117400E-06
 7.670586200E-06  3.614116300E-05  4.529693500E-03  5.606337244E-02 -6.515647564E-02  1.201404400E-02  4.425547211E-02  9.030265789E-02  4.529693500E-03  3.614116300E-05  7.670586200E-06
 9.460752000E-06  3.578333000E-05  4.340105600E-03  5.351851853E-02 -6.215729763E-02  1.076455000E-02  4.218188694E-02  8.578906406E-02  4.340105600E-03  3.578333000E-05  9.460752000E-06
 1.093225600E-05  3.524971900E-05  4.156603300E-03  5.106607714E-02 -5.926875364E-02  9.644824600E-03  4.018801117E-02  8.146848783E-02  4.156603300E-03  3.524971900E-05  1.093225600E-05
 1.212021900E-05  3.456757900E-05  3.979118300E-03  4.870435389E-02 -5.648874869E-02  8.642494700E-03  3.827204878E-02  7.733517722E-02  3.979118300E-03  3.456757900E-05  1.212021900E-05
 1.305757800E-05  3.376224700E-05  3.807572900E-03  4.643154067E-02 -5.381505107E-02  7.746133700E-03  3.643214372E-02  7.338332528E-02  3.807572900E-03  3.376224700E-05  1.305757800E-05
 1.377465600E-05  3.285672900E-05  3.641881000E-03  4.424573956E-02 -5.124532516E-02  6.945217300E-03  3.466638156E-02  6.960710244E-02  3.641881000E-03  3.285672900E-05  1.377465600E-05
 1.429960400E-05  3.187214800E-05  3.481948600E-03  4.214497450E-02 -4.877714430E-02  6.230094900E-03  3.297280028E-02  6.600068272E-02  3.481948600E-03  3.187214800E-05  1.429960400E-05
 1.465861300E-05  3.082795800E-05  3.327675500E-03  4.012719650E-02 -4.640799430E-02  5.591946400E-03  3.134940839E-02  6.255825661E-02  3.327675500E-03  3.082795800E-05  1.465861300E-05
 1.487641400E-05  2.974244600E-05  3.178956100E-03  3.819030556E-02 -4.413530156E-02  5.022739000E-03  2.979418772E-02  5.927404928E-02  3.178956100E-03  2.974244600E-05  1.487641400E-05
 1.496226300E-05  2.861879500E-05  3.035667700E-03  3.633217922E-02 -4.195651082E-02  4.515174000E-03  2.830512439E-02  5.614244861E-02  3.035667700E-03  2.861879500E-05  1.496226300E-05
 1.493905500E-05  2.747400400E-05  2.897697000E-03  3.455064278E-02 -3.986895558E-02  4.062644500E-03  2.688017672E-02  5.315779428E-02  2.897697000E-03  2.747400400E-05  1.493905500E-05
 1.482547200E-05  2.632117000E-05  2.764924800E-03  3.284350094E-02 -3.786995664E-02  3.659184000E-03  2.551730700E-02  5.031452700E-02  2.764924800E-03  2.632117000E-05  1.482547200E-05
 1.463598400E-05  2.516947500E-05  2.637226800E-03  3.120854942E-02 -3.595683412E-02  3.299421100E-03  2.421448933E-02  4.760720667E-02  2.637226800E-03  2.516947500E-05  1.463598400E-05
 1.438323100E-05  2.402654000E-05  2.514475900E-03  2.964357812E-02 -3.412690472E-02  2.978532000E-03  2.296971289E-02  4.503049511E-02  2.514475900E-03  2.402654000E-05  1.438323100E-05
 1.408041900E-05  2.290082100E-05  2.396545000E-03  2.814638248E-02 -3.237749038E-02  2.692181500E-03  2.178097756E-02  4.257918244E-02  2.396545000E-03  2.290082100E-05  1.408041900E-05
 1.373702200E-05  2.179730000E-05  2.283303600E-03  2.671476375E-02 -3.070592765E-02  2.436504700E-03  2.064631539E-02  4.024816761E-02  2.283303600E-03  2.179730000E-05  1.373702200E-05
 1.336265200E-05  2.072134400E-05  2.174621500E-03  2.534654007E-02 -2.910957247E-02  2.208046400E-03  1.956377922E-02  3.803248278E-02  2.174621500E-03  2.072134400E-05  1.336265200E-05
 1.296396000E-05  1.967560500E-05  2.070366000E-03  2.403954513E-02 -2.758580663E-02  2.003749300E-03  1.853145083E-02  3.592728617E-02  2.070366000E-03  1.967560500E-05  1.296396000E-05
 1.255432400E-05  1.866969100E-05  1.970412500E-03  2.279164422E-02 -2.613203452E-02  1.820839300E-03  1.754745806E-02  3.392786894E-02  1.970412500E-03  1.866969100E-05  1.255432400E-05
 1.213792300E-05  1.770423900E-05  1.874628000E-03  2.160071974E-02 -2.474570114E-02  1.656924500E-03  1.660994444E-02  3.202965556E-02  1.874628000E-03  1.770423900E-05  1.213792300E-05
 1.172486400E-05  1.678603000E-05  1.782886800E-03  2.046468748E-02 -2.342427898E-02  1.509840500E-03  1.571709961E-02  3.022820339E-02  1.782886800E-03  1.678603000E-05  1.172486400E-05
 1.122969500E-05  1.582657800E-05  1.694980300E-03  1.938179107E-02 -2.216588427E-02  1.377692700E-03  1.486738711E-02  2.851980889E-02  1.694980300E-03  1.582657800E-05  1.122969500E-05
 1.077804900E-05  1.494841300E-05  1.610889500E-03  1.834967212E-02 -2.096735742E-02  1.258775900E-03  1.405879250E-02  2.689955450E-02  1.610889500E-03  1.494841300E-05  1.077804900E-05
 1.033064000E-05  1.410955300E-05  1.530450200E-03  1.736649916E-02 -1.982660406E-02  1.151620600E-03  1.328974639E-02  2.536369861E-02  1.530450200E-03  1.410955300E-05  1.033064000E-05
 9.890720900E-06  1.331067100E-05  1.453538500E-03  1.643036481E-02 -1.874132821E-02  1.054907400E-03  1.255861489E-02  2.390838911E-02  1.453538500E-03  1.331067100E-05  9.890720900E-06
 9.460787500E-06  1.255185300E-05  1.380032000E-03  1.553940023E-02 -1.770928273E-02  9.674844400E-04  1.186381233E-02  2.252989367E-02  1.380032000E-03  1.255185300E-05  9.460787500E-06
 9.044770800E-06  1.183478100E-05  1.309812400E-03  1.469178777E-02 -1.672827967E-02  8.883181200E-04  1.120380711E-02  2.122462089E-02  1.309812400E-03  1.183478100E-05  9.044770800E-06
 8.643371800E-06  1.115805800E-05  1.242760400E-03  1.388575394E-02 -1.579619174E-02  8.165194800E-04  1.057709944E-02  1.998911856E-02  1.242760400E-03  1.115805800E-05  8.643371800E-06
 8.261050000E-06  1.052418700E-05  1.178763000E-03  1.311956665E-02 -1.491093355E-02  7.512917400E-04  9.982237833E-03  1.882004917E-02  1.178763000E-03  1.052418700E-05  8.261050000E-06
 7.833032900E-06  9.866542500E-06  1.117652500E-03  1.239178736E-02 -1.407095056E-02  6.919405100E-04  9.417996222E-03  1.771462778E-02  1.117652500E-03  9.866542500E-06  7.833032900E-06
 0.000000000E+00  2.182574100E-05  4.622841100E-03  5.703901025E-02 -6.631728995E-02  1.296268800E-02  4.456514067E-02  8.889021933E-02  4.622841100E-03  2.182574100E-05  0.000000000E+00
 1.933541400E-06  2.201228700E-05  4.428161800E-03  5.441141431E-02 -6.321244461E-02  1.157070300E-02  4.245313117E-02  8.441127983E-02  4.428161800E-03  2.201228700E-05  1.933541400E-06
 3.577769800E-06  2.203022400E-05  4.239685600E-03  5.188004928E-02 -6.022341148E-02  1.032484800E-02  4.042241161E-02  8.012339139E-02  4.239685600E-03  2.203022400E-05  3.577769800E-06
 4.960754800E-06  2.190088800E-05  4.057353700E-03  4.944323350E-02 -5.734809410E-02  9.211431500E-03  3.847126589E-02  7.602116811E-02  4.057353700E-03  2.190088800E-05  4.960754800E-06
 6.109223600E-06  2.164449100E-05  3.881096900E-03  4.709915786E-02 -5.458424336E-02  8.217721800E-03  3.659789511E-02  7.209912089E-02  3.881096900E-03  2.164449100E-05  6.109223600E-06
 7.048380000E-06  2.127994800E-05  3.710836100E-03  4.484589953E-02 -5.192947343E-02  7.331933300E-03  3.480043033E-02  6.835169567E-02  3.710836100E-03  2.127994800E-05  7.048380000E-06
 7.801764700E-06  2.082475000E-05  3.546483300E-03  4.268143856E-02 -4.938128296E-02  6.543202900E-03  3.307693733E-02  6.477329867E-02  3.546483300E-03  2.082475000E-05  7.801764700E-06
 8.391621300E-06  2.029533500E-05  3.387942800E-03  4.060366956E-02 -4.693706796E-02  5.841564100E-03  3.142543867E-02  6.135831333E-02  3.387942800E-03  2.029533500E-05  8.391621300E-06
 8.838360100E-06  1.970655200E-05  3.235111400E-03  3.861042386E-02 -4.459415176E-02  5.217898100E-03  2.984392039E-02  5.810113261E-02  3.235111400E-03  1.970655200E-05  8.838360100E-06
 9.161028500E-06  1.907213600E-05  3.087880100E-03  3.669947381E-02 -4.234978791E-02  4.663898800E-03  2.833032978E-02  5.499618222E-02  3.087880100E-03  1.907213600E-05  9.161028500E-06
 9.377463100E-06  1.840486200E-05  2.946134300E-03  3.486854697E-02 -4.020117807E-02  4.172026100E-03  2.688261072E-02  5.203792028E-02  2.946134300E-03  1.840486200E-05  9.377463100E-06
 9.504735000E-06  1.771698600E-05  2.809755900E-03  3.311534238E-02 -3.814549168E-02  3.735459200E-03  2.549868717E-02  4.922087183E-02  2.809755900E-03  1.771698600E-05  9.504735000E-06
 9.544668200E-06  1.700580000E-05  2.678608000E-03  3.143757457E-02 -3.617994807E-02  3.348043400E-03  2.417651972E-02  4.653972128E-02  2.678608000E-03  1.700580000E-05  9.544668200E-06
 9.514532200E-06  1.628421700E-05  2.552568400E-03  2.983290230E-02 -3.430166850E-02  3.004245200E-03  2.291403172E-02  4.398914128E-02  2.552568400E-03  1.628421700E-05  9.514532200E-06
 9.427469900E-06  1.556127400E-05  2.431509300E-03  2.829898822E-02 -3.250778772E-02  2.699102700E-03  2.170916850E-02  4.156391850E-02  2.431509300E-03  1.556127400E-05  9.427469900E-06
 9.292885000E-06  1.484250300E-05  2.315298100E-03  2.683350859E-02 -3.079546519E-02  2.428180100E-03  2.055990233E-02  3.925896367E-02  2.315298200E-03  1.484250300E-05  9.292885000E-06
 9.118885400E-06  1.413236000E-05  2.203800700E-03  2.543415346E-02 -2.916188086E-02  2.187522500E-03  1.946422439E-02  3.706930861E-02  2.203800700E-03  1.413236000E-05  9.118885400E-06
 8.914650100E-06  1.343658500E-05  2.096883800E-03  2.409863406E-02 -2.760423946E-02  1.973593400E-03  1.842015578E-02  3.499011222E-02  2.096883800E-03  1.343658500E-05  8.914650100E-06
 8.686059900E-06  1.275782400E-05  1.994411900E-03  2.282468364E-02 -2.611978044E-02  1.783270200E-03  1.742575067E-02  3.301665333E-02  1.994411900E-03  1.275782400E-05  8.686059900E-06
 8.439514000E-06  1.209943800E-05  1.896250300E-03  2.161006714E-02 -2.470578164E-02  1.613777100E-03  1.647910222E-02  3.114434178E-02  1.896250300E-03  1.209943800E-05  8.439514000E-06
 8.178827300E-06  1.146239400E-05  1.802263300E-03  2.045257986E-02 -2.335956456E-02  1.462683000E-03  1.557832833E-02  2.936872967E-02  1.802263300E-03  1.146239400E-05  8.178827300E-06
 7.914707200E-06  1.085473400E-05  1.712323200E-03  1.935006063E-02 -2.207848953E-02  1.327773500E-03  1.472160717E-02  2.768549583E-02  1.712323200E-03  1.085473400E-05  7.914707200E-06
 7.648963900E-06  1.027577800E-05  1.626294900E-03  1.830037779E-02 -2.085997319E-02  1.207182100E-03  1.390713561E-02  2.609045539E-02  1.626294900E-03  1.027577800E-05  7.648963900E-06
 7.389361700E-06  9.730970200E-06  1.544051300E-03  1.730144485E-02 -1.970147495E-02  1.099211900E-03  1.313316467E-02  2.457955933E-02  1.544051300E-03  9.730970200E-06  7.389361700E-06
 7.056615100E-06  9.138771800E-06  1.465393900E-03  1.635154594E-02 -1.860113494E-02  1.002396200E-03  1.239821489E-02  2.314943711E-02  1.465393900E-03  9.138771800E-06  7.056615100E-06
 6.764881400E-06  8.611376700E-06  1.390290100E-03  1.544829299E-02 -1.755576809E-02  9.154121900E-04  1.170035278E-02  2.179562522E-02  1.390290100E-03  8.611376700E-06  6.764881400E-06
 6.477173900E-06  8.109880300E-06  1.318581100E-03  1.458989872E-02 -1.656331762E-02  8.371403200E-04  1.103807267E-02  2.051474733E-02  1.318581100E-03  8.109880300E-06  6.477173900E-06
 6.195773400E-06  7.634799400E-06  1.250144400E-03  1.377449006E-02 -1.562152116E-02  7.665734800E-04  1.040982356E-02  1.930332044E-02  1.250144400E-03  7.634799400E-06  6.195773400E-06
 5.922282300E-06  7.186098800E-06  1.184859200E-03  1.300024114E-02 -1.472817654E-02  7.028418400E-04  9.814099556E-03  1.815798844E-02  1.184859200E-03  7.186098800E-06  5.922282300E-06
 5.659791000E-06  6.765351300E-06  1.122609000E-03  1.226538272E-02 -1.388114812E-02  6.451633900E-04  9.249444778E-03  1.707553722E-02  1.122609000E-03  6.765351300E-06  5.659791000E-06
 5.408364300E-06  6.371214800E-06  1.063277300E-03  1.156819748E-02 -1.307837098E-02  5.928761700E-04  8.714450556E-03  1.605287144E-02  1.063277300E-03  6.371214800E-06  5.408364300E-06
 5.171641600E-06  6.006030700E-06  1.006753500E-03  1.090701333E-02 -1.231782803E-02  5.453858000E-04  8.207749389E-03  1.508701361E-02  1.006753500E-03  6.006030700E-06  5.171641600E-06
 4.890263700E-06  5.609112300E-06  9.528822300E-04  1.028046186E-02 -1.159803616E-02  5.021790500E-04  7.728203889E-03  1.417548211E-02  9.528822300E-04  5.609112300E-06  4.890263700E-06
 0.000000000E+00  1.181086300E-05  4.143613200E-03  5.007175178E-02 -5.802813578E-02  9.895210500E-03  3.861481194E-02  7.455231706E-02  4.143613200E-03  1.181086300E-05  0.000000000E+00
 1.177351700E-06  1.190841200E-05  3.962417900E-03  4.766362500E-02 -5.518403980E-02  8.788017800E-03  3.671161561E-02  7.067648739E-02  3.962417900E-03  1.190841200E-05  1.177351700E-06
 2.176792000E-06  1.191042700E-05  3.787348800E-03  4.534949389E-02 -5.245346949E-02  7.803061700E-03  3.488569028E-02  6.697278072E-02  3.787348800E-03  1.191042700E-05  2.176792000E-06
 3.015402400E-06  1.182892800E-05  3.618325900E-03  4.312736358E-02 -4.983391528E-02  6.928137200E-03  3.313518894E-02  6.343594606E-02  3.618325900E-03  1.182892800E-05  3.015402400E-06
 3.709620900E-06  1.167548300E-05  3.455259500E-03  4.099513175E-02 -4.732273845E-02  6.151986700E-03  3.145820167E-02  6.006066433E-02  3.455259500E-03  1.167548300E-05  3.709620900E-06
 4.275063900E-06  1.146104400E-05  3.298052100E-03  3.895061197E-02 -4.491720187E-02  5.464273100E-03  2.985274794E-02  5.684159706E-02  3.298052100E-03  1.146104400E-05  4.275063900E-06
 4.726391500E-06  1.119581200E-05  3.146598400E-03  3.699154244E-02 -4.261447924E-02  4.855545200E-03  2.831681517E-02  5.377338383E-02  3.146598400E-03  1.119581200E-05  4.726391500E-06
 5.077627900E-06  1.088955500E-05  3.000786700E-03  3.511560319E-02 -4.041167669E-02  4.317202500E-03  2.684835311E-02  5.085068289E-02  3.000786700E-03  1.088955500E-05  5.077627900E-06
 5.341626300E-06  1.055108100E-05  2.860499700E-03  3.332042942E-02 -3.830585062E-02  3.841438400E-03  2.544527983E-02  4.806818717E-02  2.860499700E-03  1.055108100E-05  5.341626300E-06
 5.530489400E-06  1.018865300E-05  2.725615100E-03  3.160362266E-02 -3.629402056E-02  3.421199800E-03  2.410551394E-02  4.542063106E-02  2.725615100E-03  1.018865300E-05  5.530489400E-06
 5.655676800E-06  9.810092600E-06  2.596006600E-03  2.996276234E-02 -3.437318214E-02  3.050135500E-03  2.282695406E-02  4.290282094E-02  2.596006600E-03  9.810092600E-06  5.655676800E-06
 5.727374800E-06  9.422154300E-06  2.471544500E-03  2.839541854E-02 -3.254032554E-02  2.722546600E-03  2.160751106E-02  4.050964194E-02  2.471544500E-03  9.422154300E-06  5.727374800E-06
 5.745276000E-06  9.021297900E-06  2.352088400E-03  2.689919067E-02 -3.079251587E-02  2.433331800E-03  2.044513150E-02  3.823613750E-02  2.352088400E-03  9.021297900E-06  5.745276000E-06
 5.720656100E-06  8.615735100E-06  2.237506100E-03  2.547164919E-02 -2.912674389E-02  2.177941400E-03  1.933774050E-02  3.607737050E-02  2.237506100E-03  8.615735100E-06  5.720656100E-06
 5.662133500E-06  8.211211200E-06  2.127662000E-03  2.411038493E-02 -2.754003683E-02  1.952328200E-03  1.828330339E-02  3.402851561E-02  2.127662000E-03  8.211211200E-06  5.662133500E-06
 5.575467100E-06  7.810791000E-06  2.022418200E-03  2.281301739E-02 -2.602946929E-02  1.752903500E-03  1.727981022E-02  3.208488978E-02  2.022418200E-03  7.810791000E-06  5.575467100E-06
 5.465530600E-06  7.416823700E-06  1.921636100E-03  2.157719497E-02 -2.459215607E-02  1.576493700E-03  1.632528411E-02  3.024192989E-02  1.921636100E-03  7.416823700E-06  5.465530600E-06
 5.338555000E-06  7.033178800E-06  1.825178900E-03  2.040060324E-02 -2.322525754E-02  1.420275300E-03  1.541779839E-02  2.849519461E-02  1.825178900E-03  7.033178800E-06  5.338555000E-06
 5.197901600E-06  6.661011600E-06  1.732908300E-03  1.928096251E-02 -2.192598571E-02  1.281784300E-03  1.455544094E-02  2.684039006E-02  1.732908300E-03  6.661011600E-06  5.197901600E-06
 5.047249800E-06  6.301941800E-06  1.644687600E-03  1.821604058E-02 -2.069161348E-02  1.158842700E-03  1.373636817E-02  2.527333683E-02  1.644687600E-03  6.301941800E-06  5.047249800E-06
 4.889049500E-06  5.956507500E-06  1.560380000E-03  1.720364178E-02 -1.951946258E-02  1.049566000E-03  1.295875917E-02  2.378999583E-02  1.560380000E-03  5.956507500E-06  4.889049500E-06
 4.731611300E-06  5.631240200E-06  1.479856700E-03  1.624162831E-02 -1.840691541E-02  9.522265500E-04  1.222085628E-02  2.238646272E-02  1.479856700E-03  5.631240200E-06  4.731611300E-06
 4.575401100E-06  5.324958500E-06  1.402982900E-03  1.532790174E-02 -1.735142234E-02  8.654081500E-04  1.152093072E-02  2.105896428E-02  1.402982900E-03  5.324958500E-06  4.575401100E-06
 4.426385500E-06  5.042107900E-06  1.329631400E-03  1.446041919E-02 -1.635049069E-02  7.878144200E-04  1.085731806E-02  1.980385294E-02  1.329631400E-03  5.042107900E-06  4.426385500E-06
 4.212117700E-06  4.708655000E-06  1.259617400E-03  1.363750259E-02 -1.540229689E-02  7.183399900E-04  1.022861494E-02  1.861810006E-02  1.259617400E-03  4.708655000E-06  4.212117700E-06
 4.035375200E-06  4.426254800E-06  1.192893100E-03  1.285683572E-02 -1.450374552E-02  6.559853300E-04  9.632975667E-03  1.749771833E-02  1.192893100E-03  4.426254800E-06  4.035375200E-06
 3.861423100E-06  4.158884300E-06  1.129307500E-03  1.211669336E-02 -1.365285266E-02  5.999218600E-04  9.068983556E-03  1.643969644E-02  1.129307500E-03  4.158884300E-06  3.861423100E-06
 3.692532900E-06  3.907691800E-06  1.068740900E-03  1.141526984E-02 -1.284743424E-02  5.494019500E-04  8.535174389E-03  1.544093461E-02  1.068740900E-03  3.907691800E-06  3.692532900E-06
 3.529463800E-06  3.672399800E-06  1.011075300E-03  1.075081552E-02 -1.208538052E-02  5.037871700E-04  8.030141278E-03  1.449845172E-02  1.011075300E-03  3.672399800E-06  3.529463800E-06
 3.374590900E-06  3.454432200E-06  9.561973600E-04  1.012164292E-02 -1.136465502E-02  4.625023100E-04  7.552523000E-03  1.360939820E-02  9.561973600E-04  3.454432200E-06  3.374590900E-06
 3.227627400E-06  3.252628200E-06  9.039939400E-04  9.526118844E-03 -1.068329524E-02  4.250687800E-04  7.101007778E-03  1.277104342E-02  9.039939500E-04  3.252628200E-06  3.227627400E-06
 3.091505400E-06  3.069124300E-06  8.543578400E-04  8.962660572E-03 -1.003939407E-02  3.910558000E-04  6.674327844E-03  1.198076416E-02  8.543578400E-04  3.069124300E-06  3.091505400E-06
 2.914490900E-06  2.851289600E-06  8.071455400E-04  8.429976028E-03 -9.431541328E-03  3.600948600E-04  6.271438611E-03  1.123635559E-02  8.071455500E-04  2.851289600E-06  2.914490900E-06
 0.000000000E+00  4.961657500E-06  3.697875600E-03  4.342715486E-02 -5.006705036E-02  7.382757900E-03  3.310734028E-02  6.196651872E-02  3.697875600E-03  4.961657500E-06  0.000000000E+00
 6.476031600E-07  5.017384500E-06  3.529762900E-03  4.125035550E-02 -4.750310250E-02  6.521441900E-03  3.141024050E-02  5.864559850E-02  3.529762900E-03  5.017384500E-06  6.476031600E-07
 1.197892700E-06  5.028171300E-06  3.367678100E-03  3.916374517E-02 -4.504819417E-02  5.760213800E-03  2.978592222E-02  5.547772978E-02  3.367678100E-03  5.028171300E-06  1.197892700E-06
 1.659728600E-06  4.999256400E-06  3.211521200E-03  3.716508639E-02 -4.269948699E-02  5.088423500E-03  2.823241206E-02  5.245793894E-02  3.211521200E-03  4.999256400E-06  1.659728600E-06
 2.041864500E-06  4.935936900E-06  3.061184400E-03  3.525205517E-02 -4.045404257E-02  4.496333500E-03  2.674768239E-02  4.958121861E-02  3.061184400E-03  4.935936900E-06  2.041864500E-06
 2.352773600E-06  4.843396400E-06  2.916553300E-03  3.342227286E-02 -3.830886316E-02  3.975080100E-03  2.532966828E-02  4.684255472E-02  2.916553300E-03  4.843396400E-06  2.352773600E-06
 2.600483700E-06  4.726540800E-06  2.777507500E-03  3.167330567E-02 -3.626089017E-02  3.516629100E-03  2.397627228E-02  4.423694672E-02  2.777507500E-03  4.726540800E-06  2.600483700E-06
 2.792972800E-06  4.590392900E-06  2.643921400E-03  3.000268811E-02 -3.430703331E-02  3.113729900E-03  2.268539472E-02  4.175941228E-02  2.643921400E-03  4.590392900E-06  2.792972800E-06
 2.937493500E-06  4.439415600E-06  2.515665200E-03  2.840793192E-02 -3.244418212E-02  2.759857800E-03  2.145491300E-02  3.940503300E-02  2.515665200E-03  4.439415600E-06  2.937493500E-06
 3.041028400E-06  4.277964900E-06  2.392605400E-03  2.688653652E-02 -3.066921752E-02  2.449167300E-03  2.028271911E-02  3.716894089E-02  2.392605400E-03  4.277964900E-06  3.041028400E-06
 3.110341300E-06  4.110338900E-06  2.274605800E-03  2.543599874E-02 -2.897902404E-02  2.176438300E-03  1.916670822E-02  3.504634778E-02  2.274605800E-03  4.110338900E-06  3.110341300E-06
 3.155607500E-06  3.944379300E-06  2.161531300E-03  2.405382083E-02 -2.737049253E-02  1.937025200E-03  1.810478689E-02  3.303253311E-02  2.161531300E-03  3.944379300E-06  3.155607500E-06
 3.165344500E-06  3.766455100E-06  2.053226800E-03  2.273758302E-02 -2.584066382E-02  1.726805100E-03  1.709494828E-02  3.112299072E-02  2.053226800E-03  3.766455100E-06  3.165344500E-06
 3.150466600E-06  3.585446600E-06  1.949556400E-03  2.148481964E-02 -2.438647644E-02  1.542130400E-03  1.613513717E-02  2.931320183E-02  1.949556400E-03  3.585446600E-06  3.150466600E-06
 3.117254300E-06  3.405749000E-06  1.850379700E-03  2.029310812E-02 -2.300493672E-02  1.379783700E-03  1.522335356E-02  2.759877444E-02  1.850379700E-03  3.405749000E-06  3.117254300E-06
 3.068829400E-06  3.228728100E-06  1.755554000E-03  1.916007317E-02 -2.169312227E-02  1.236937400E-03  1.435764039E-02  2.597545661E-02  1.755554000E-03  3.228728100E-06  3.068829400E-06
 3.007740200E-06  3.055301300E-06  1.664936900E-03  1.808338272E-02 -2.044816972E-02  1.111112700E-03  1.353609194E-02  2.443910906E-02  1.664936900E-03  3.055301300E-06  3.007740200E-06
 2.938236800E-06  2.888207100E-06  1.578389000E-03  1.706075348E-02 -1.926727578E-02  1.000106900E-03  1.275683222E-02  2.298573978E-02  1.578389000E-03  2.888207100E-06  2.938236800E-06
 2.861905400E-06  2.727632700E-06  1.495769500E-03  1.608994922E-02 -1.814770562E-02  9.020327000E-04  1.201804367E-02  2.161146633E-02  1.495769600E-03  2.727632700E-06  2.861905400E-06
 2.781331900E-06  2.574874800E-06  1.416940600E-03  1.516878578E-02 -1.708678988E-02  8.152277700E-04  1.131795272E-02  2.031254228E-02  1.416940600E-03  2.574874800E-06  2.781331900E-06
 2.696955500E-06  2.429183000E-06  1.341764500E-03  1.429513506E-02 -1.608193606E-02  7.382808900E-04  1.065483294E-02  1.908535006E-02  1.341764500E-03  2.429183000E-06  2.696955500E-06
 2.616340300E-06  2.297031600E-06  1.270112600E-03  1.346692854E-02 -1.513061264E-02  6.698629800E-04  1.002701811E-02  1.792640389E-02  1.270112600E-03  2.297031600E-06  2.616340300E-06
 2.538616800E-06  2.176554700E-06  1.201850200E-03  1.268214624E-02 -1.423036894E-02  6.089488800E-04  9.432880111E-03  1.683233789E-02  1.201850200E-03  2.176554700E-06  2.538616800E-06
 2.468908100E-06  2.071969700E-06  1.136851200E-03  1.193882779E-02 -1.337881729E-02  5.545718400E-04  8.870848056E-03  1.579991494E-02  1.136851200E-03  2.071969700E-06  2.468908100E-06
 2.333176900E-06  1.908111800E-06  1.074933100E-03  1.123543487E-02 -1.257429087E-02  5.059279700E-04  8.339665389E-03  1.482645761E-02  1.074933100E-03  1.908111800E-06  2.333176900E-06
 2.235270000E-06  1.788409700E-06  1.016049800E-03  1.056968061E-02 -1.181375481E-02  4.622785800E-04  7.837534056E-03  1.390842494E-02  1.016049800E-03  1.788409700E-06  2.235270000E-06
 2.140157800E-06  1.677006700E-06  9.600530100E-04  9.939958306E-03 -1.109536381E-02  4.230362300E-04  7.363162361E-03  1.304316314E-02  9.600530100E-04  1.677006700E-06  2.140157800E-06
 2.048570100E-06  1.573982200E-06  9.068255300E-04  9.344572933E-03 -1.041707613E-02  3.876620300E-04  6.915204528E-03  1.222794437E-02  9.068255300E-04  1.573982200E-06  2.048570100E-06
 1.961209100E-06  1.479455200E-06  8.562525200E-04  8.781881039E-03 -9.776914539E-03  3.557047100E-04  6.492357222E-03  1.146015278E-02  8.562525200E-04  1.479455200E-06  1.961209100E-06
 1.880139200E-06  1.394961200E-06  8.082240700E-04  8.250305044E-03 -9.172981044E-03  3.267523200E-04  6.093371256E-03  1.073729614E-02  8.082240700E-04  1.394961200E-06  1.880139200E-06
 1.804757200E-06  1.319418900E-06  7.626308500E-04  7.748323617E-03 -8.603454317E-03  3.004734200E-04  5.717046239E-03  1.005698626E-02  7.626308500E-04  1.319418900E-06  1.804757200E-06
 1.737627300E-06  1.254969200E-06  7.193694100E-04  7.274467822E-03 -8.066571022E-03  2.765657300E-04  5.362225956E-03  9.416936844E-03  7.193694100E-04  1.254969200E-06  1.737627300E-06
 1.628921200E-06  1.151178900E-06  6.783053500E-04  6.827568739E-03 -7.561060039E-03  2.547748300E-04  5.027969561E-03  8.815245139E-03  6.783053500E-04  1.151178900E-06  1.628921200E-06
 0.000000000E+00  4.899032700E-07  3.277710900E-03  3.718415858E-02 -4.256520268E-02  5.362002900E-03  2.803969072E-02  5.102076428E-02  3.277710900E-03  4.899032700E-07  0.000000000E+00
 2.898005200E-07  5.346778900E-07  3.122746500E-03  3.524587568E-02 -4.029243398E-02  4.707571600E-03  2.654672683E-02  4.820151817E-02  3.122746500E-03  5.346778900E-07  2.898005200E-07
 5.386710600E-07  5.679467700E-07  2.973670400E-03  3.339237619E-02 -3.812205689E-02  4.133459800E-03  2.512115822E-02  4.551716978E-02  2.973670400E-03  5.679467700E-07  5.386710600E-07
 7.494907500E-07  5.901494100E-07  2.830365900E-03  3.162126566E-02 -3.605103276E-02  3.630561100E-03  2.376094450E-02  4.296304650E-02  2.830365900E-03  5.901494100E-07  7.494907500E-07
 9.254394600E-07  6.021631900E-07  2.692709800E-03  2.993009837E-02 -3.407626737E-02  3.190619500E-03  2.246400689E-02  4.053447311E-02  2.692709800E-03  6.021631900E-07  9.254394600E-07
 1.069827100E-06  6.051313700E-07  2.560572800E-03  2.831639148E-02 -3.219462848E-02  2.806182900E-03  2.122825339E-02  3.822678161E-02  2.560572800E-03  6.051313700E-07  1.069827100E-06
 1.185937900E-06  6.003054000E-07  2.433821000E-03  2.677763694E-02 -3.040296104E-02  2.470554400E-03  2.005158150E-02  3.603533950E-02  2.433821000E-03  6.003054000E-07  1.185937900E-06
 1.277358500E-06  5.893698500E-07  2.312316600E-03  2.531131571E-02 -2.869810361E-02  2.177741700E-03  1.893189028E-02  3.395555672E-02  2.312316600E-03  5.893698500E-07  1.277358500E-06
 1.347333300E-06  5.737952600E-07  2.195918500E-03  2.391490627E-02 -2.707690027E-02  1.922399600E-03  1.786709022E-02  3.198290578E-02  2.195918400E-03  5.737952600E-07  1.347333300E-06
 1.399145300E-06  5.552149700E-07  2.084482900E-03  2.258589447E-02 -2.553621177E-02  1.699781200E-03  1.685509906E-02  3.011293794E-02  2.084482900E-03  5.552149700E-07  1.399145300E-06
 1.436105300E-06  5.354110700E-07  1.977864700E-03  2.132178254E-02 -2.407292594E-02  1.505685800E-03  1.589387111E-02  2.834127689E-02  1.977864700E-03  5.354110700E-07  1.436105300E-06
 1.463382200E-06  5.181314400E-07  1.875919000E-03  2.012009427E-02 -2.268396067E-02  1.336408200E-03  1.498137078E-02  2.666364322E-02  1.875919000E-03  5.181314400E-07  1.463382200E-06
 1.472455300E-06  4.935285800E-07  1.778490200E-03  1.897843922E-02 -2.136638672E-02  1.188691100E-03  1.411564233E-02  2.507593967E-02  1.778490200E-03  4.935285800E-07  1.472455300E-06
 1.469581800E-06  4.666558700E-07  1.685434300E-03  1.789440337E-02 -2.011720647E-02  1.059678800E-03  1.329472483E-02  2.357408417E-02  1.685434300E-03  4.666558700E-07  1.469581800E-06
 1.458221400E-06  4.398682800E-07  1.596605700E-03  1.686562637E-02 -1.893350307E-02  9.468769800E-04  1.251670344E-02  2.215412256E-02  1.596605700E-03  4.398682800E-07  1.458221400E-06
 1.439738800E-06  4.135118700E-07  1.511858300E-03  1.588980621E-02 -1.781244441E-02  8.481150500E-04  1.177972256E-02  2.081223144E-02  1.511858300E-03  4.135118700E-07  1.439738800E-06
 1.415151300E-06  3.876721400E-07  1.431047100E-03  1.496469230E-02 -1.675126810E-02  7.615098100E-04  1.108196461E-02  1.954471239E-02  1.431047100E-03  3.876721400E-07  1.415151300E-06
 1.387196000E-06  3.642361000E-07  1.354031000E-03  1.408809269E-02 -1.574728549E-02  6.853929900E-04  1.042167239E-02  1.834798861E-02  1.354031000E-03  3.642361000E-07  1.387196000E-06
 1.356303600E-06  3.428609700E-07  1.280668500E-03  1.325787057E-02 -1.479788567E-02  6.183631200E-04  9.797126667E-03  1.721861333E-02  1.280668500E-03  3.428609700E-07  1.356303600E-06
 1.324112600E-06  3.244860300E-07  1.210821600E-03  1.247194738E-02 -1.390053138E-02  5.591918500E-04  9.206677778E-03  1.615325022E-02  1.210821600E-03  3.244860300E-07  1.324112600E-06
 1.290078100E-06  3.079326800E-07  1.144353100E-03  1.172830715E-02 -1.305277145E-02  5.068571800E-04  8.648707889E-03  1.514870211E-02  1.144353100E-03  3.079326800E-07  1.290078100E-06
 1.260416900E-06  2.988509700E-07  1.081135000E-03  1.102499807E-02 -1.225222247E-02  4.603750100E-04  8.121678833E-03  1.420188217E-02  1.081135000E-03  2.988509700E-07  1.260416900E-06
 1.233656500E-06  2.952634700E-07  1.021034400E-03  1.036012326E-02 -1.149658866E-02  4.190302000E-04  7.624079944E-03  1.330983226E-02  1.021034400E-03  2.952634700E-07  1.233656500E-06
 1.213764400E-06  3.006926600E-07  9.639267100E-04  9.731849183E-03 -1.078364328E-02  3.821300200E-04  7.154466056E-03  1.246970574E-02  9.639267100E-04  3.006926600E-07  1.213764400E-06
 1.137025300E-06  2.506934200E-07  9.096500500E-04  9.138713794E-03 -1.011179809E-02  3.491133700E-04  6.711646428E-03  1.167915627E-02  9.096500400E-04  2.506934200E-07  1.137025300E-06
 1.092273600E-06  2.341387200E-07  8.581376900E-04  8.578625100E-03 -9.478288500E-03  3.194572200E-04  6.294023072E-03  1.093508523E-02  8.581376900E-04  2.341387200E-07  1.092273600E-06
 1.049305300E-06  2.203565900E-07  8.092536800E-04  8.050085267E-03 -8.881398467E-03  2.927634100E-04  5.900403600E-03  1.023517680E-02  8.092536800E-04  2.203565900E-07  1.049305300E-06
 1.008558500E-06  2.094891600E-07  7.628848600E-04  7.551529078E-03 -8.319250878E-03  2.686608200E-04  5.529561833E-03  9.577061967E-03  7.628848600E-04  2.094891600E-07  1.008558500E-06
 9.704965100E-07  2.017459700E-07  7.189209400E-04  7.081446461E-03 -7.790037161E-03  2.468451400E-04  5.180316806E-03  8.958471094E-03  7.189209400E-04  2.017459700E-07  9.704965100E-07
 9.368016400E-07  1.985866800E-07  6.772565600E-04  6.638392106E-03 -7.292027606E-03  2.270349100E-04  4.851542344E-03  8.377245056E-03  6.772565600E-04  1.985866800E-07  9.368016400E-07
 9.067777600E-07  1.991222700E-07  6.377874600E-04  6.220976706E-03 -6.823567646E-03  2.090118000E-04  4.542157289E-03  7.831323911E-03  6.377874600E-04  1.991222700E-07  9.067777600E-07
 8.825134500E-07  2.052831600E-07  6.004149600E-04  5.827865019E-03 -6.383064009E-03  1.925738100E-04  4.251124661E-03  7.318739439E-03  6.004149600E-04  2.052831600E-07  8.825134500E-07
 8.212503400E-07  1.739505400E-07  5.650189700E-04  5.457983783E-03 -5.969347563E-03  1.775537900E-04  3.977592356E-03  6.837848844E-03  5.650189700E-04  1.739505400E-07  8.212503400E-07
 0.000000000E+00 -2.188735000E-06  2.883308200E-03  3.143678612E-02 -3.561985392E-02  3.744551500E-03  2.342335300E-02  4.156869700E-02  2.883308200E-03 -2.188735000E-06  0.000000000E+00
 6.196406300E-08 -2.135395000E-06  2.741766400E-03  2.973497061E-02 -3.363897231E-02  3.262790900E-03  2.212894933E-02  3.920071467E-02  2.741766400E-03 -2.135395000E-06  6.196406300E-08
 1.201795300E-07 -2.073811600E-06  2.605895300E-03  2.811138596E-02 -3.175235726E-02  2.844264400E-03  2.089593089E-02  3.695040111E-02  2.605895300E-03 -2.073811600E-06  1.201795300E-07
 1.734165600E-07 -2.006652300E-06  2.475564500E-03  2.656359050E-02 -2.995688550E-02  2.481214700E-03  1.972224672E-02  3.481340028E-02  2.475564500E-03 -2.006652300E-06  1.734165600E-07
 2.210408000E-07 -1.935880800E-06  2.350638200E-03  2.508911396E-02 -2.824940966E-02  2.166686800E-03  1.860583461E-02  3.278537039E-02  2.350638200E-03 -1.935880800E-06  2.210408000E-07
 2.628440000E-07 -1.862930100E-06  2.230976600E-03  2.368546653E-02 -2.662676973E-02  1.894473600E-03  1.754462989E-02  3.086200811E-02  2.230976600E-03 -1.862930100E-06  2.628440000E-07
 2.990087700E-07 -1.788742600E-06  2.116436300E-03  2.235015423E-02 -2.508581193E-02  1.659062000E-03  1.653657439E-02  2.903906261E-02  2.116436300E-03 -1.788742600E-06  2.990087700E-07
 3.300386500E-07 -1.713844000E-06  2.006871400E-03  2.108068666E-02 -2.362339776E-02  1.455574900E-03  1.557962139E-02  2.731234561E-02  2.006871400E-03 -1.713844000E-06  3.300386500E-07
 3.566350300E-07 -1.638471300E-06  1.902134100E-03  1.987458772E-02 -2.223641742E-02  1.279715200E-03  1.467174861E-02  2.567774439E-02  1.902134100E-03 -1.638471300E-06  3.566350300E-07
 3.798357400E-07 -1.562439000E-06  1.802075300E-03  1.872940302E-02 -2.092179812E-02  1.127712700E-03  1.381095611E-02  2.413122989E-02  1.802075300E-03 -1.562439000E-06  3.798357400E-07
 4.011611400E-07 -1.484996400E-06  1.706545700E-03  1.764270832E-02 -1.967651362E-02  9.962716300E-04  1.299528544E-02  2.266886056E-02  1.706545700E-03 -1.484996400E-06  4.011611400E-07
 4.105732500E-07 -1.416878500E-06  1.615388100E-03  1.661215618E-02 -1.849767298E-02  8.825204400E-04  1.222283483E-02  2.128687417E-02  1.615388100E-03 -1.416878500E-06  4.105732500E-07
 4.202553900E-07 -1.346532900E-06  1.528460700E-03  1.563536787E-02 -1.738229747E-02  7.839662000E-04  1.149169689E-02  1.998146711E-02  1.528460700E-03 -1.346532900E-06  4.202553900E-07
 4.272539800E-07 -1.277471600E-06  1.445612700E-03  1.471006307E-02 -1.632757827E-02  6.984517000E-04  1.080004072E-02  1.874905028E-02  1.445612700E-03 -1.277471600E-06  4.272539800E-07
 4.320316500E-07 -1.209730200E-06  1.366696600E-03  1.383400348E-02 -1.533075808E-02  6.241151000E-04  1.014607900E-02  1.758611900E-02  1.366696600E-03 -1.209730200E-06  4.320316500E-07
 4.349902100E-07 -1.143348600E-06  1.291567000E-03  1.300500562E-02 -1.438915512E-02  5.593546200E-04  9.528076667E-03  1.648928733E-02  1.291567000E-03 -1.143348600E-06  4.349902100E-07
 4.364414600E-07 -1.078404000E-06  1.220080300E-03  1.222094522E-02 -1.350016792E-02  5.027973400E-04  8.944343833E-03  1.545529117E-02  1.220080300E-03 -1.078404000E-06  4.364414600E-07
 4.375893400E-07 -1.014032100E-06  1.152096200E-03  1.147975894E-02 -1.266127464E-02  4.532615300E-04  8.393251056E-03  1.448097794E-02  1.152096200E-03 -1.014032100E-06  4.375893400E-07
 4.386924600E-07 -9.502679600E-07  1.087476000E-03  1.077944441E-02 -1.187003661E-02  4.097467600E-04  7.873223222E-03  1.356331078E-02  1.087476000E-03 -9.502679600E-07  4.386924600E-07
 4.317739700E-07 -8.953760200E-07  1.026079700E-03  1.011810604E-02 -1.112417314E-02  3.713942500E-04  7.382758278E-03  1.269943112E-02  1.026079700E-03 -8.953760200E-07  4.317739700E-07
 4.267111000E-07 -8.396667200E-07  9.677803300E-04  9.493829544E-03 -1.042134094E-02  3.374751200E-04  6.920363100E-03  1.188648630E-02  9.677803300E-04 -8.396667200E-07  4.267111000E-07
 4.211872900E-07 -7.856524200E-07  9.124474200E-04  8.904821972E-03 -9.759381072E-03  3.073688200E-04  6.484633383E-03  1.112181212E-02  9.124474200E-04 -7.856524200E-07  4.211872900E-07
 4.156365600E-07 -7.330552200E-07  8.599553200E-04  8.349343728E-03 -9.136197228E-03  2.805493900E-04  6.074212089E-03  1.040284071E-02  8.599553200E-04 -7.330552200E-07  4.156365600E-07
 4.096817200E-07 -6.823826100E-07  8.101813200E-04  7.825722411E-03 -8.549781811E-03  2.565706800E-04  5.687797506E-03  9.727121394E-03  8.101813200E-04 -6.823826100E-07  4.096817200E-07
 4.038021000E-07 -6.332587000E-07  7.630067800E-04  7.332347839E-03 -7.998204539E-03  2.350539700E-04  5.324139761E-03  9.092306939E-03  7.630067800E-04 -6.332587000E-07  4.038021000E-07
 3.987665100E-07 -5.849931400E-07  7.183167500E-04  6.867671239E-03 -7.479612739E-03  2.156785100E-04  4.982039389E-03  8.496155211E-03  7.183167500E-04 -5.849931400E-07  3.987665100E-07
 3.861205100E-07 -5.461341300E-07  6.759949600E-04  6.430248317E-03 -6.992304817E-03  1.981722200E-04  4.660379094E-03  7.936573206E-03  6.759949600E-04 -5.461341300E-07  3.861205100E-07
 3.767323800E-07 -5.058217900E-07  6.359390600E-04  6.018611067E-03 -6.534509867E-03  1.823044400E-04  4.358027994E-03  7.411471706E-03  6.359390600E-04 -5.058217900E-07  3.767323800E-07
 3.673571800E-07 -4.673424900E-07  5.980429800E-04  5.631414014E-03 -6.104639944E-03  1.678784700E-04  4.073951950E-03  6.918927750E-03  5.980429800E-04 -4.673424900E-07  3.673571800E-07
 3.581965700E-07 -4.305094600E-07  5.622060500E-04  5.267354367E-03 -5.701153047E-03  1.547272500E-04  3.807150744E-03  6.457096256E-03  5.622060500E-04 -4.305094600E-07  3.581965700E-07
 3.491057600E-07 -3.954717600E-07  5.283307700E-04  4.925189692E-03 -5.322583742E-03  1.427081000E-04  3.556673194E-03  6.024224106E-03  5.283307700E-04 -3.954717600E-07  3.491057600E-07
 3.405377000E-07 -3.617676000E-07  4.963236300E-04  4.603730344E-03 -4.967530544E-03  1.316990600E-04  3.321609850E-03  5.618642850E-03  4.963236300E-04 -3.617676000E-07  3.405377000E-07
 3.286439700E-07 -3.332403500E-07  4.660954000E-04  4.301844103E-03 -4.634676433E-03  1.215947800E-04  3.101120039E-03  5.238773261E-03  4.660954000E-04 -3.332403500E-07  3.286439700E-07
 0.000000000E+00 -3.431062200E-06  2.512890000E-03  2.624006452E-02 -2.929929792E-02  2.463783900E-03  1.929420617E-02  3.350754683E-02  2.512890000E-03 -3.431062200E-06  0.000000000E+00
-6.851986400E-08 -3.371383400E-06  2.384835700E-03  2.476499153E-02 -2.760493463E-02  2.127868100E-03  1.818877733E-02  3.153969467E-02  2.384835700E-03 -3.371383400E-06 -6.851986400E-08
-1.190603000E-07 -3.293564200E-06  2.262183200E-03  2.336108855E-02 -2.599549005E-02  1.839590500E-03  1.713828489E-02  2.967311111E-02  2.262183200E-03 -3.293564200E-06 -1.190603000E-07
-1.552586200E-07 -3.201852400E-06  2.144791100E-03  2.202593062E-02 -2.446786252E-02  1.592545200E-03  1.614072472E-02  2.790387028E-02  2.144791100E-03 -3.201852400E-06 -1.552586200E-07
-1.800021000E-07 -3.099679300E-06  2.032514200E-03  2.075708074E-02 -2.301895164E-02  1.381074800E-03  1.519410772E-02  2.622806128E-02  2.032514200E-03 -3.099679300E-06 -1.800021000E-07
-1.955888300E-07 -2.989824600E-06  1.925205000E-03  1.955209935E-02 -2.164567085E-02  1.200206600E-03  1.429644933E-02  2.464181867E-02  1.925205000E-03 -2.989824600E-06 -1.955888300E-07
-2.037637300E-07 -2.874455200E-06  1.822713500E-03  1.840855668E-02 -2.034496058E-02  1.045589700E-03  1.344577850E-02  2.314133650E-02  1.822713500E-03 -2.874455200E-06 -2.037637300E-07
-2.057768000E-07 -2.755187500E-06  1.724888700E-03  1.732404087E-02 -1.911379857E-02  9.134315100E-04  1.264015994E-02  2.172286506E-02  1.724888700E-03 -2.755187500E-06 -2.057768000E-07
-2.024848400E-07 -2.633193200E-06  1.631578800E-03  1.629616674E-02 -1.794920894E-02  8.004411300E-04  1.187767767E-02  2.038274033E-02  1.631578800E-03 -2.633193200E-06 -2.024848400E-07
-1.941974900E-07 -2.509048900E-06  1.542632200E-03  1.532258217E-02 -1.684826967E-02  7.037740100E-04  1.115646033E-02  1.911737367E-02  1.542632200E-03 -2.509048900E-06 -1.941974900E-07
-1.804888500E-07 -2.382551900E-06  1.457897900E-03  1.440097511E-02 -1.580811831E-02  6.209801200E-04  1.047466589E-02  1.792327211E-02  1.457897900E-03 -2.382551900E-06 -1.804888500E-07
-1.733522500E-07 -2.265848100E-06  1.377216500E-03  1.352912440E-02 -1.482604840E-02  5.499573300E-04  9.830540389E-03  1.679711261E-02  1.377216500E-03 -2.265848100E-06 -1.733522500E-07
-1.609640700E-07 -2.147291000E-06  1.300448000E-03  1.270477594E-02 -1.389926324E-02  4.889079800E-04  9.222308111E-03  1.573552989E-02  1.300448000E-03 -2.147291000E-06 -1.609640700E-07
-1.473151500E-07 -2.030971000E-06  1.227441900E-03  1.192578820E-02 -1.302515460E-02  4.363001900E-04  8.648283056E-03  1.473536594E-02  1.227441900E-03 -2.030971000E-06 -1.473151500E-07
-1.326856300E-07 -1.917246900E-06  1.158052800E-03  1.119006547E-02 -1.220117067E-02  3.908315200E-04  8.106828889E-03  1.379354311E-02  1.158052800E-03 -1.917246900E-06 -1.326856300E-07
-1.173084700E-07 -1.806402400E-06  1.092137800E-03  1.049557237E-02 -1.142484187E-02  3.513993400E-04  7.596355722E-03  1.290709968E-02  1.092137800E-03 -1.806402400E-06 -1.173084700E-07
-1.013961300E-07 -1.698676400E-06  1.029556300E-03  9.840336456E-03 -1.069378346E-02  3.170743500E-04  7.115330944E-03  1.207317926E-02  1.029556300E-03 -1.698676400E-06 -1.013961300E-07
-8.420356800E-08 -1.593327500E-06  9.701718100E-04  9.222449967E-03 -1.000569417E-02  2.870644400E-04  6.662275200E-03  1.128903800E-02  9.701718100E-04 -1.593327500E-06 -8.420356800E-08
-6.575491500E-08 -1.490363000E-06  9.138501100E-04  8.640067767E-03 -9.358358367E-03  2.607163800E-04  6.235762644E-03  1.055203976E-02  9.138501100E-04 -1.490363000E-06 -6.575491500E-08
-5.520244900E-08 -1.398924400E-06  8.604546500E-04  8.091452461E-03 -8.749714361E-03  2.374740200E-04  5.834450778E-03  9.859710422E-03  8.604546500E-04 -1.398924400E-06 -5.520244900E-08
-4.195323600E-08 -1.308351600E-06  8.098648900E-04  7.574852444E-03 -8.177649244E-03  2.168740700E-04  5.456994750E-03  9.209578150E-03  8.098648900E-04 -1.308351600E-06 -4.195323600E-08
-2.888712900E-08 -1.221471700E-06  7.619553600E-04  7.088634611E-03 -7.640226011E-03  1.985281000E-04  5.102143517E-03  8.599347183E-03  7.619553700E-04 -1.221471700E-06 -2.888712900E-08
-1.580309000E-08 -1.138013800E-06  7.166061100E-04  6.631220139E-03 -7.135571439E-03  1.821122700E-04  4.768688628E-03  8.026810872E-03  7.166061100E-04 -1.138013800E-06 -1.580309000E-08
-3.252526000E-09 -1.058452200E-06  6.737003900E-04  6.201097783E-03 -6.661899083E-03  1.673563100E-04  4.455476389E-03  7.489867411E-03  6.737003900E-04 -1.058452200E-06 -3.252526000E-09
 9.224410100E-09 -9.822396900E-07  6.331258300E-04  5.796815606E-03 -6.217496186E-03  1.540340000E-04  4.161402228E-03  6.986508072E-03  6.331258300E-04 -9.822396900E-07  9.224410100E-09
 2.207316500E-08 -9.088367400E-07  5.947737500E-04  5.416983828E-03 -5.800727768E-03  1.419568700E-04  3.885410350E-03  6.514820950E-03  5.947737500E-04 -9.088367400E-07  2.207316500E-08
 2.731540300E-08 -8.461493900E-07  5.585347500E-04  5.060309250E-03 -5.410092070E-03  1.309671400E-04  3.626518017E-03  6.073026483E-03  5.585347500E-04 -8.461493900E-07  2.731540300E-08
 3.516433600E-08 -7.838342900E-07  5.243128000E-04  4.725483075E-03 -5.044039705E-03  1.209329500E-04  3.383737706E-03  5.659347994E-03  5.243128100E-04 -7.838342900E-07  3.516433600E-08
 4.248380400E-08 -7.249337400E-07  4.920086600E-04  4.411308836E-03 -4.701181326E-03  1.117429400E-04  3.156166278E-03  5.272159122E-03  4.920086600E-04 -7.249337400E-07  4.248380400E-08
 4.941174000E-08 -6.692039200E-07  4.615284100E-04  4.116632865E-03 -4.380174795E-03  1.033036900E-04  2.942935039E-03  4.909900661E-03  4.615284100E-04 -6.692039200E-07  4.941174000E-08
 5.579441000E-08 -6.166929200E-07  4.327814200E-04  3.840358104E-03 -4.079748374E-03  9.553601900E-05  2.743218867E-03  4.571096333E-03  4.327814300E-04 -6.166929200E-07  5.579441000E-08
 6.200854200E-08 -5.669159000E-07  4.056810200E-04  3.581437509E-03 -3.798690149E-03  8.837272100E-05  2.556232361E-03  4.254344339E-03  4.056810200E-04 -5.669159000E-07  6.200854200E-08
 6.478909900E-08 -5.230401700E-07  3.801447700E-04  3.338877888E-03 -3.535863308E-03  8.175582200E-05  2.381249628E-03  3.958320272E-03  3.801447800E-04 -5.230401700E-07  6.478909900E-08
 0.000000000E+00 -3.717171900E-06  2.171261500E-03  2.157594065E-02 -2.365458515E-02  1.472436200E-03  1.563926856E-02  2.668409344E-02  2.171261500E-03 -3.717171900E-06  0.000000000E+00
-1.311645100E-07 -3.658215100E-06  2.056379300E-03  2.031664217E-02 -2.223523157E-02  1.258281600E-03  1.471224383E-02  2.506639917E-02  2.056379400E-03 -3.658215100E-06 -1.311645100E-07
-2.340101700E-07 -3.577501700E-06  1.946587900E-03  1.912109638E-02 -2.089043758E-02  1.077320600E-03  1.383326550E-02  2.353517150E-02  1.946588000E-03 -3.577501700E-06 -2.340101700E-07
-3.132236100E-07 -3.479799000E-06  1.841739800E-03  1.798693582E-02 -1.961724692E-02  9.246297500E-04  1.300045894E-02  2.208684406E-02  1.841739800E-03 -3.479799000E-06 -3.132236100E-07
-3.727175100E-07 -3.369060300E-06  1.741684900E-03  1.691179750E-02 -1.841272490E-02  7.959328200E-04  1.221196317E-02  2.071789983E-02  1.741684900E-03 -3.369060300E-06 -3.727175100E-07
-4.157717800E-07 -3.248570100E-06  1.646271600E-03  1.589333439E-02 -1.727397149E-02  6.875334800E-04  1.146593178E-02  1.942487222E-02  1.646271600E-03 -3.248570100E-06 -4.157717800E-07
-4.450702500E-07 -3.120984500E-06  1.555347200E-03  1.492922207E-02 -1.619812897E-02  5.962512700E-04  1.076055617E-02  1.820435283E-02  1.555347200E-03 -3.120984500E-06 -4.450702500E-07
-4.627768200E-07 -2.988410800E-06  1.468758600E-03  1.401716822E-02 -1.518239182E-02  5.193598000E-04  1.009404906E-02  1.705301594E-02  1.468758700E-03 -2.988410800E-06 -4.627768200E-07
-4.706514300E-07 -2.852526200E-06  1.386353200E-03  1.315491828E-02 -1.422401288E-02  4.545343800E-04  9.464661778E-03  1.596761022E-02  1.386353200E-03 -2.852526200E-06 -4.706514300E-07
-4.699716000E-07 -2.714501400E-06  1.307978900E-03  1.234026104E-02 -1.332030944E-02  3.998002900E-04  8.870692278E-03  1.494496672E-02  1.307978900E-03 -2.714501400E-06 -4.699716000E-07
-4.614436700E-07 -2.574913800E-06  1.233485300E-03  1.157103534E-02 -1.246866944E-02  3.534856800E-04  8.310475833E-03  1.398201517E-02  1.233485400E-03 -2.574913800E-06 -4.614436700E-07
-4.536521100E-07 -2.442270400E-06  1.162718700E-03  1.084516724E-02 -1.166661124E-02  3.141829400E-04  7.782411417E-03  1.307582308E-02  1.162718700E-03 -2.442270400E-06 -4.536521100E-07
-4.395444300E-07 -2.309301300E-06  1.095536900E-03  1.016057412E-02 -1.091162312E-02  2.807100400E-04  7.284919778E-03  1.222346342E-02  1.095536900E-03 -2.309301300E-06 -4.395444300E-07
-4.223300000E-07 -2.179072500E-06  1.031794000E-03  9.515279683E-03 -1.020134918E-02  2.520789500E-04  6.816485061E-03  1.142218344E-02  1.031794000E-03 -2.179072500E-06 -4.223300000E-07
-4.026797000E-07 -2.052083100E-06  9.713480200E-04  8.907358089E-03 -9.533498089E-03  2.274654700E-04  6.375646072E-03  1.066930703E-02  9.713480200E-04 -2.052083100E-06 -4.026797000E-07
-3.811661200E-07 -1.928726600E-06  9.140602500E-04  8.334949039E-03 -8.905863739E-03  2.061865000E-04  5.960990772E-03  9.962266528E-03  9.140602500E-04 -1.928726600E-06 -3.811661200E-07
-3.583019000E-07 -1.809330800E-06  8.597949900E-04  7.796255722E-03 -8.316322722E-03  1.876794600E-04  5.571158872E-03  9.298596628E-03  8.597950000E-04 -1.809330800E-06 -3.583019000E-07
-3.337326000E-07 -1.693351600E-06  8.084207000E-04  7.289547356E-03 -7.762835356E-03  1.714701100E-04  5.204845083E-03  8.675933017E-03  8.084207100E-04 -1.693351600E-06 -3.337326000E-07
-3.077861500E-07 -1.580923500E-06  7.598085400E-04  6.813157972E-03 -7.243445872E-03  1.571830600E-04  4.860793650E-03  8.092013050E-03  7.598085500E-04 -1.580923500E-06 -3.077861500E-07
-2.879444700E-07 -1.479366500E-06  7.138298300E-04  6.365521350E-03 -6.756332850E-03  1.445015600E-04  4.537822017E-03  7.544711683E-03  7.138298400E-04 -1.479366500E-06 -2.879444700E-07
-2.658880700E-07 -1.380135500E-06  6.703680000E-04  5.945067767E-03 -6.299650767E-03  1.331692000E-04  4.234759039E-03  7.031923461E-03  6.703680000E-04 -1.380135500E-06 -2.658880700E-07
-2.440227100E-07 -1.285455100E-06  6.293046300E-04  5.550338767E-03 -5.871706567E-03  1.229758500E-04  3.950510478E-03  6.551692922E-03  6.293046300E-04 -1.285455100E-06 -2.440227100E-07
-2.222685300E-07 -1.195056400E-06  5.905264200E-04  5.179928453E-03 -5.470869483E-03  1.137509400E-04  3.684026811E-03  6.102144589E-03  5.905264300E-04 -1.195056400E-06 -2.222685300E-07
-2.011693400E-07 -1.109298000E-06  5.539235700E-04  4.832495667E-03 -5.095589267E-03  1.053557300E-04  3.434307006E-03  5.681498494E-03  5.539235700E-04 -1.109298000E-06 -2.011693400E-07
-1.804082300E-07 -1.027678700E-06  5.193906100E-04  4.506757694E-03 -4.744386434E-03  9.767669900E-05  3.200396933E-03  5.288057867E-03  5.193906200E-04 -1.027678700E-06 -1.804082300E-07
-1.596876900E-07 -9.497200300E-07  4.868259000E-04  4.201490222E-03 -4.415852822E-03  9.062183400E-05  2.981386506E-03  4.920212394E-03  4.868259000E-04 -9.497200300E-07 -1.596876900E-07
-1.456119300E-07 -8.818718200E-07  4.561284300E-04  3.915556300E-03 -4.108694740E-03  8.411582600E-05  2.776429000E-03  4.576464200E-03  4.561284300E-04 -8.818718200E-07 -1.456119300E-07
-1.297541300E-07 -8.155114600E-07  4.272078900E-04  3.647812513E-03 -3.821591383E-03  7.809720700E-05  2.584681300E-03  4.255327700E-03  4.272078900E-04 -8.155114600E-07 -1.297541300E-07
-1.147158100E-07 -7.530831400E-07  3.999727500E-04  3.397215090E-03 -3.553356390E-03  7.251485600E-05  2.405370589E-03  3.955442811E-03  3.999727500E-04 -7.530831400E-07 -1.147158100E-07
-1.003921900E-07 -6.943212000E-07  3.743363500E-04  3.162761424E-03 -3.302849024E-03  6.732675100E-05  2.237756944E-03  3.675510456E-03  3.743363500E-04 -6.943212000E-07 -1.003921900E-07
-8.692119900E-08 -6.392091600E-07  3.502153300E-04  2.943501071E-03 -3.068991541E-03  6.249763100E-05  2.081139383E-03  3.414303717E-03  3.502153300E-04 -6.392091600E-07 -8.692119900E-08
-7.400067700E-08 -5.872942700E-07  3.275301700E-04  2.738530132E-03 -2.850760742E-03  5.799781000E-05  1.934853117E-03  3.170659983E-03  3.275301700E-04 -5.872942700E-07 -7.400067700E-08
-6.429461400E-08 -5.411029800E-07  3.062054700E-04  2.546994281E-03 -2.647198861E-03  5.380156900E-05  1.798283156E-03  2.943484844E-03  3.062054700E-04 -5.411029800E-07 -6.429461400E-08
 0.000000000E+00 -3.434119600E-06  1.855329600E-03  1.744898277E-02 -1.874698817E-02  7.445666500E-04  1.249609689E-02  2.094741111E-02  1.855329700E-03 -3.434119600E-06  0.000000000E+00
-1.499585800E-07 -3.382569100E-06  1.753458000E-03  1.639201572E-02 -1.758121272E-02  6.265871000E-04  1.172967961E-02  1.963472339E-02  1.753458000E-03 -3.382569100E-06 -1.499585800E-07
-2.688968700E-07 -3.309489100E-06  1.656316900E-03  1.539108943E-02 -1.647939673E-02  5.291966300E-04  1.100460733E-02  1.839502867E-02  1.656316900E-03 -3.309489100E-06 -2.688968700E-07
-3.616067500E-07 -3.219441500E-06  1.563756400E-03  1.444395982E-02 -1.543882852E-02  4.489728500E-04  1.031916906E-02  1.722514394E-02  1.563756400E-03 -3.219441500E-06 -3.616067500E-07
-4.321755200E-07 -3.116265700E-06  1.475625200E-03  1.354840048E-02 -1.445682988E-02  3.829990400E-04  9.671671444E-03  1.612193456E-02  1.475625200E-03 -3.116265700E-06 -4.321755200E-07
-4.840994000E-07 -3.003196300E-06  1.391771400E-03  1.270221156E-02 -1.353076606E-02  3.288024300E-04  9.060453944E-03  1.508231906E-02  1.391771400E-03 -3.003196300E-06 -4.840994000E-07
-5.202926400E-07 -2.882874000E-06  1.312043000E-03  1.190322623E-02 -1.265805313E-02  2.842964800E-04  8.483878444E-03  1.410328956E-02  1.312043000E-03 -2.882874000E-06 -5.202926400E-07
-5.431335800E-07 -2.757394800E-06  1.236288700E-03  1.114931781E-02 -1.183616511E-02  2.477278200E-04  7.940343444E-03  1.318191056E-02  1.236288700E-03 -2.757394800E-06 -5.431335800E-07
-5.545453500E-07 -2.628392600E-06  1.164358300E-03  1.043840562E-02 -1.106263992E-02  2.176344100E-04  7.428285250E-03  1.231532985E-02  1.164358300E-03 -2.628392600E-06 -5.545453500E-07
-5.558631200E-07 -2.496908400E-06  1.096103300E-03  9.768457328E-03 -1.033508163E-02  1.928013000E-04  6.946179400E-03  1.150077740E-02  1.096103300E-03 -2.496908400E-06 -5.558631200E-07
-5.476858900E-07 -2.363243300E-06  1.031377600E-03  9.137495483E-03 -9.651166183E-03  1.722225900E-04  6.492544400E-03  1.073557520E-02  1.031377600E-03 -2.363243300E-06 -5.476858900E-07
-5.415296500E-07 -2.238641400E-06  9.700296000E-04  8.543641750E-03 -9.008720850E-03  1.550735000E-04  6.065975628E-03  1.001719827E-02  9.700296100E-04 -2.238641400E-06 -5.415296500E-07
-5.274276300E-07 -2.112816900E-06  9.119251300E-04  7.984997228E-03 -8.405504528E-03  1.406789900E-04  5.665060889E-03  9.343093111E-03  9.119251400E-04 -2.112816900E-06 -5.274276300E-07
-5.096142300E-07 -1.989719600E-06  8.569230900E-04  7.459781056E-03 -7.839456056E-03  1.284908300E-04  5.288472533E-03  8.710887867E-03  8.569231000E-04 -1.989719600E-06 -5.096142300E-07
-4.888972300E-07 -1.869869200E-06  8.048878300E-04  6.966261922E-03 -7.308570522E-03  1.180649900E-04  4.934925750E-03  8.118286750E-03  8.048878300E-04 -1.869869200E-06 -4.888972300E-07
-4.659634600E-07 -1.753669200E-06  7.556870700E-04  6.502774022E-03 -6.810925222E-03  1.090462100E-04  4.603185022E-03  7.563089778E-03  7.556870700E-04 -1.753669200E-06 -4.659634600E-07
-4.414126500E-07 -1.641441200E-06  7.091920500E-04  6.067715100E-03 -6.344676500E-03  1.011534200E-04  4.292063728E-03  7.043192372E-03  7.091920500E-04 -1.641441200E-06 -4.414126500E-07
-4.150356400E-07 -1.532703900E-06  6.652783500E-04  5.659547556E-03 -5.908059156E-03  9.415408100E-05  4.000425672E-03  6.556583828E-03  6.652783600E-04 -1.532703900E-06 -4.150356400E-07
-3.872081500E-07 -1.427567000E-06  6.238246200E-04  5.276795964E-03 -5.499386114E-03  8.787876000E-05  3.727182594E-03  6.101344306E-03  6.238246200E-04 -1.427567000E-06 -3.872081500E-07
-3.650559200E-07 -1.332918600E-06  5.847097900E-04  4.918080317E-03 -5.117095377E-03  8.218677300E-05  3.471315117E-03  5.675679583E-03  5.847097900E-04 -1.332918600E-06 -3.650559200E-07
-3.407248800E-07 -1.240634500E-06  5.478250700E-04  4.582020619E-03 -4.759603209E-03  7.697137400E-05  3.231809839E-03  5.277812661E-03  5.478250800E-04 -1.240634500E-06 -3.407248800E-07
-3.165779000E-07 -1.152842800E-06  5.130598900E-04  4.267340091E-03 -4.425465801E-03  7.214967300E-05  3.007729128E-03  4.906100572E-03  5.130598900E-04 -1.152842800E-06 -3.165779000E-07
-2.926085400E-07 -1.069305000E-06  4.803088600E-04  3.972812395E-03 -4.113296225E-03  6.765892300E-05  2.798172861E-03  4.558973639E-03  4.803088600E-04 -1.069305000E-06 -2.926085400E-07
-2.693375700E-07 -9.903193500E-07  4.494702300E-04  3.697271997E-03 -3.821780977E-03  6.345162700E-05  2.602287117E-03  4.234945183E-03  4.494702300E-04 -9.903193500E-07 -2.693375700E-07
-2.465306700E-07 -9.154360800E-07  4.204465500E-04  3.439607463E-03 -3.549669643E-03  5.949156800E-05  2.419258906E-03  3.932603194E-03  4.204465500E-04 -9.154360800E-07 -2.465306700E-07
-2.239829900E-07 -8.442433700E-07  3.931441400E-04  3.198762146E-03 -3.295776936E-03  5.575197200E-05  2.248316878E-03  3.650610522E-03  3.931441400E-04 -8.442433700E-07 -2.239829900E-07
-2.071770300E-07 -7.820407200E-07  3.674707700E-04  2.973756439E-03 -3.059014659E-03  5.221268300E-05  2.088743722E-03  3.387726478E-03  3.674707700E-04 -7.820407200E-07 -2.071770300E-07
-1.890965100E-07 -7.216058500E-07  3.433432100E-04  2.763611365E-03 -2.838280135E-03  4.885874400E-05  1.939828211E-03  3.142727189E-03  3.433432100E-04 -7.216058500E-07 -1.890965100E-07
-1.719190000E-07 -6.649419800E-07  3.206780900E-04  2.567434523E-03 -2.632583293E-03  4.567846600E-05  1.800920450E-03  2.914493050E-03  3.206780900E-04 -6.649419800E-07 -1.719190000E-07
-1.555663000E-07 -6.117988700E-07  2.993965500E-04  2.384371901E-03 -2.440975761E-03  4.266308500E-05  1.671399567E-03  2.701959033E-03  2.993965500E-04 -6.117988700E-07 -1.555663000E-07
-1.401573800E-07 -5.621326300E-07  2.794230100E-04  2.213616591E-03 -2.262564391E-03  3.980552600E-05  1.550680011E-03  2.504120989E-03  2.794230100E-04 -5.621326300E-07 -1.401573800E-07
-1.254596700E-07 -5.155546500E-07  2.606855100E-04  2.054403906E-03 -2.096504176E-03  3.709996700E-05  1.438207150E-03  2.320031750E-03  2.606855200E-04 -5.155546500E-07 -1.254596700E-07
-1.135555600E-07 -4.740041200E-07  2.431160300E-04  1.906013618E-03 -1.942005778E-03  3.454109400E-05  1.333469000E-03  2.148800600E-03  2.431160300E-04 -4.740041200E-07 -1.135555600E-07
 0.000000000E+00 -2.899380500E-06  1.567392900E-03  1.385291896E-02 -1.457565656E-02  2.523301800E-04  9.824283333E-03  1.614336467E-02  1.567392900E-03 -2.899380500E-06  0.000000000E+00
-1.435601000E-07 -2.856860600E-06  1.478089000E-03  1.298199752E-02 -1.363606042E-02  2.034610700E-04  9.199494000E-03  1.509752200E-02  1.478089000E-03 -2.856860600E-06 -1.435601000E-07
-2.577848600E-07 -2.795129600E-06  1.393117000E-03  1.215942368E-02 -1.275031028E-02  1.653135500E-04  8.609926389E-03  1.411222661E-02  1.393117000E-03 -2.795129600E-06 -2.577848600E-07
-3.470584600E-07 -2.718191700E-06  1.312329900E-03  1.138311202E-02 -1.191596312E-02  1.357979300E-04  8.054026222E-03  1.318466178E-02  1.312329900E-03 -2.718191700E-06 -3.470584600E-07
-4.151687000E-07 -2.629451000E-06  1.235579600E-03  1.065100805E-02 -1.113062215E-02  1.131704500E-04  7.530259556E-03  1.231207404E-02  1.235579600E-03 -2.629451000E-06 -4.151687000E-07
-4.653927300E-07 -2.531800900E-06  1.162718300E-03  9.961092117E-03 -1.039194062E-02  9.598670400E-05  7.037120206E-03  1.149177809E-02  1.162718300E-03 -2.531800900E-06 -4.653927300E-07
-5.005135800E-07 -2.427641300E-06  1.093598800E-03  9.311387661E-03 -9.697630361E-03  8.305846800E-05  6.573140350E-03  1.072115815E-02  1.093598800E-03 -2.427641300E-06 -5.005135800E-07
-5.228876600E-07 -2.318948800E-06  1.028075100E-03  8.699963894E-03 -9.045464794E-03  7.341478000E-05  6.136888411E-03  9.997676589E-03  1.028075100E-03 -2.318948800E-06 -5.228876600E-07
-5.345472200E-07 -2.207380000E-06  9.660027600E-04  8.124942228E-03 -8.433284728E-03  6.627225500E-05  5.726973672E-03  9.318877028E-03  9.660027600E-04 -2.207380000E-06 -5.345472200E-07
-5.371858100E-07 -2.094258400E-06  9.072392400E-04  7.584496483E-03 -7.858999183E-03  6.100274800E-05  5.342047350E-03  8.682387950E-03  9.072392400E-04 -2.094258400E-06 -5.371858100E-07
-5.321513700E-07 -1.980568200E-06  8.516446100E-04  7.076859733E-03 -7.320591333E-03  5.710652900E-05  4.980806117E-03  8.085924183E-03  8.516446100E-04 -1.980568200E-06 -5.321513700E-07
-5.239347500E-07 -1.870468900E-06  7.990797300E-04  6.600342122E-03 -6.816139522E-03  5.419352400E-05  4.642004333E-03  7.527296067E-03  7.990797300E-04 -1.870468900E-06 -5.239347500E-07
-5.102896000E-07 -1.761346300E-06  7.494121800E-04  6.153277283E-03 -6.343752783E-03  5.196128800E-05  4.324418611E-03  7.004386789E-03  7.494121800E-04 -1.761346300E-06 -5.102896000E-07
-4.931869100E-07 -1.654844800E-06  7.025102800E-04  5.734087272E-03 -5.901646972E-03  5.017981000E-05  4.026890394E-03  6.515178106E-03  7.025102800E-04 -1.654844800E-06 -4.931869100E-07
-4.734045800E-07 -1.551418800E-06  6.582464400E-04  5.341248881E-03 -5.488105211E-03  4.867640000E-05  3.748304056E-03  6.057738144E-03  6.582464400E-04 -1.551418800E-06 -4.734045800E-07
-4.516127600E-07 -1.451426300E-06  6.164966200E-04  4.973302867E-03 -5.101487107E-03  4.732609100E-05  3.487591233E-03  5.630222167E-03  6.164966200E-04 -1.451426300E-06 -4.516127600E-07
-4.284166300E-07 -1.355171100E-06  5.771404400E-04  4.628850570E-03 -4.740225190E-03  4.604243900E-05  3.243730756E-03  5.230870444E-03  5.771404400E-04 -1.355171100E-06 -4.284166300E-07
-4.037701500E-07 -1.262317100E-06  5.400618400E-04  4.306555519E-03 -4.402824939E-03  4.475953100E-05  3.015747322E-03  4.858008478E-03  5.400618400E-04 -1.262317100E-06 -4.037701500E-07
-3.781794900E-07 -1.173091600E-06  5.051479800E-04  4.005140588E-03 -4.087863688E-03  4.344548400E-05  2.802711250E-03  4.510042650E-03  5.051479800E-04 -1.173091600E-06 -3.781794900E-07
-3.563482600E-07 -1.091944100E-06  4.722884600E-04  3.723410222E-03 -3.794017622E-03  4.207721700E-05  2.603750006E-03  4.185477894E-03  4.722884600E-04 -1.091944100E-06 -3.563482600E-07
-3.332454800E-07 -1.013575100E-06  4.413808900E-04  3.460182688E-03 -3.519970268E-03  4.064617700E-05  2.418007700E-03  3.882859300E-03  4.413808900E-04 -1.013575100E-06 -3.332454800E-07
-3.104231400E-07 -9.392971600E-07  4.123240200E-04  3.214362888E-03 -3.264512428E-03  3.915197400E-05  2.244689211E-03  3.600832589E-03  4.123240200E-04 -9.392971600E-07 -3.104231400E-07
-2.878905900E-07 -8.688877900E-07  3.850211500E-04  2.984903984E-03 -3.026489534E-03  3.760076900E-05  2.083035783E-03  3.338110517E-03  3.850211500E-04 -8.688877900E-07 -2.878905900E-07
-2.660654700E-07 -8.025446200E-07  3.593792500E-04  2.770814461E-03 -2.804811551E-03  3.600263200E-05  1.932330444E-03  3.093476756E-03  3.593792500E-04 -8.025446200E-07 -2.660654700E-07
-2.448016800E-07 -7.399113800E-07  3.353093800E-04  2.571152221E-03 -2.598444671E-03  3.436952700E-05  1.791891889E-03  2.865781311E-03  3.353093800E-04 -7.399113800E-07 -2.448016800E-07
-2.240032600E-07 -6.806925200E-07  3.127262700E-04  2.385024993E-03 -2.406412543E-03  3.271479700E-05  1.661076217E-03  2.653938683E-03  3.127262700E-04 -6.806925200E-07 -2.240032600E-07
-2.075832200E-07 -6.286215800E-07  2.915473600E-04  2.211605588E-03 -2.227816538E-03  3.105179200E-05  1.539285311E-03  2.456938289E-03  2.915473600E-04 -6.286215800E-07 -2.075832200E-07
-1.904888900E-07 -5.784558500E-07  2.716961400E-04  2.050075466E-03 -2.061759296E-03  2.939346900E-05  1.425931461E-03  2.273797839E-03  2.716961400E-04 -5.784558500E-07 -1.904888900E-07
-1.742727400E-07 -5.315825700E-07  2.530978700E-04  1.899687564E-03 -1.907431084E-03  2.775157900E-05  1.320477044E-03  2.103613756E-03  2.530978700E-04 -5.315825700E-07 -1.742727400E-07
-1.588743100E-07 -4.877814400E-07  2.356817000E-04  1.759730234E-03 -1.764060564E-03  2.613689100E-05  1.222411006E-03  1.945530494E-03  2.356817000E-04 -4.877814400E-07 -1.588743100E-07
-1.443866500E-07 -4.469954000E-07  2.193799400E-04  1.629533247E-03 -1.630923497E-03  2.455874400E-05  1.131251839E-03  1.798745061E-03  2.193799400E-04 -4.469954000E-07 -1.443866500E-07
-1.306483000E-07 -4.089206700E-07  2.041283000E-04  1.508463633E-03 -1.507337103E-03  2.302509200E-05  1.046546239E-03  1.662501061E-03  2.041283000E-04 -4.089206700E-07 -1.306483000E-07
-1.191419300E-07 -3.749091300E-07  1.898661400E-04  1.395927589E-03 -1.392664989E-03  2.154235600E-05  9.678752611E-04  1.536089239E-03  1.898661400E-04 -3.749091300E-07 -1.191419300E-07
 0.000000000E+00 -2.291128000E-06  1.309355700E-03  1.077011818E-02 -1.108587868E-02 -5.253874200E-05  7.562909278E-03  1.218897492E-02  1.309355700E-03 -2.291128000E-06  0.000000000E+00
-1.243051800E-07 -2.256738000E-06  1.231873900E-03  1.006728871E-02 -1.034445791E-02 -5.675652100E-05  7.063749711E-03  1.137300109E-02  1.231873900E-03 -2.256738000E-06 -1.243051800E-07
-2.231809700E-07 -2.206494800E-06  1.158303800E-03  9.405279261E-03 -9.647447961E-03 -5.694148800E-05  6.594035567E-03  1.060609423E-02  1.158303800E-03 -2.206494800E-06 -2.231809700E-07
-3.003754600E-07 -2.143706300E-06  1.088506600E-03  8.782207128E-03 -8.992701428E-03 -5.424032300E-05  6.152372178E-03  9.885853822E-03  1.088506500E-03 -2.143706300E-06 -3.003754600E-07
-3.591515600E-07 -2.071201300E-06  1.022343100E-03  8.196224817E-03 -8.378119517E-03 -4.957130700E-05  5.737394967E-03  9.209938033E-03  1.022343100E-03 -2.071201300E-06 -3.591515600E-07
-4.023505800E-07 -1.991394500E-06  9.596742100E-04  7.645526278E-03 -7.801658078E-03 -4.365907300E-05  5.347773022E-03  8.576069378E-03  9.596742000E-04 -1.991394500E-06 -4.023505800E-07
-4.323887000E-07 -1.906284600E-06  9.003614200E-04  7.128352628E-03 -7.261333128E-03 -3.706644700E-05  4.982212689E-03  7.982039311E-03  9.003614200E-04 -1.906284600E-06 -4.323887000E-07
-4.512994800E-07 -1.817497800E-06  8.442674500E-04  6.642993889E-03 -6.755222689E-03 -3.022282000E-05  4.639458428E-03  7.425712672E-03  8.442674500E-04 -1.817497800E-06 -4.512994800E-07
-4.608061900E-07 -1.726361300E-06  7.912566500E-04  6.187792361E-03 -6.281470061E-03 -2.344525600E-05  4.318297156E-03  6.905028444E-03  7.912566500E-04 -1.726361300E-06 -4.608061900E-07
-4.622674700E-07 -1.633849900E-06  7.411955100E-04  5.761147111E-03 -5.838287511E-03 -1.696126400E-05  4.017557183E-03  6.418004317E-03  7.411955100E-04 -1.633849900E-06 -4.622674700E-07
-4.566274600E-07 -1.540536300E-06  6.939530300E-04  5.361511006E-03 -5.423953106E-03 -1.092749300E-05  3.736110656E-03  5.962735544E-03  6.939530300E-04 -1.540536300E-06 -4.566274600E-07
-4.500505700E-07 -1.452232100E-06  6.493984900E-04  4.987420761E-03 -5.036851501E-03 -5.441923000E-06  3.472889361E-03  5.537418939E-03  6.493984900E-04 -1.452232100E-06 -4.500505700E-07
-4.380671400E-07 -1.364118800E-06  6.074092200E-04  4.637425991E-03 -4.675369741E-03 -5.587818700E-07  3.226840372E-03  5.140286528E-03  6.074092200E-04 -1.364118800E-06 -4.380671400E-07
-4.231215700E-07 -1.278312300E-06  5.678624100E-04  4.310166179E-03 -4.338010359E-03  3.701877100E-06  2.996975989E-03  4.769679011E-03  5.678624100E-04 -1.278312300E-06 -4.231215700E-07
-4.058992500E-07 -1.195182100E-06  5.306395300E-04  4.004333124E-03 -4.023335204E-03  7.344547400E-06  2.782347250E-03  4.424009050E-03  5.306395300E-04 -1.195182100E-06 -4.058992500E-07
-3.869881200E-07 -1.115014200E-06  4.956256300E-04  3.718677123E-03 -3.729974383E-03  1.039293900E-05  2.582050367E-03  4.101764633E-03  4.956256300E-04 -1.115014200E-06 -3.869881200E-07
-3.669147300E-07 -1.038046900E-06  4.627093800E-04  3.452005995E-03 -3.456624985E-03  1.288471100E-05  2.395223583E-03  3.801509517E-03  4.627093800E-04 -1.038046900E-06 -3.669147300E-07
-3.456464300E-07 -9.639732900E-07  4.317837000E-04  3.203184614E-03 -3.202048994E-03  1.485907500E-05  2.221048833E-03  3.521879767E-03  4.317837000E-04 -9.639732900E-07 -3.456464300E-07
-3.236235900E-07 -8.929726100E-07  4.027447000E-04  2.971132519E-03 -2.965072619E-03  1.636938000E-05  2.058747400E-03  3.261583000E-03  4.027447000E-04 -8.929726100E-07 -3.236235900E-07
-3.049371800E-07 -8.288967100E-07  3.754920200E-04  2.754840956E-03 -2.744606806E-03  1.746460900E-05  1.907591722E-03  3.019409678E-03  3.754920200E-04 -8.288967100E-07 -3.049371800E-07
-2.851492500E-07 -7.670640900E-07  3.499309600E-04  2.553318300E-03 -2.539573540E-03  1.819537700E-05  1.766871639E-03  2.794186061E-03  3.499309600E-04 -7.670640900E-07 -2.851492500E-07
-2.656398700E-07 -7.086357600E-07  3.259694100E-04  2.365648114E-03 -2.348986134E-03  1.861023600E-05  1.635929533E-03  2.584823667E-03  3.259694100E-04 -7.086357600E-07 -2.656398700E-07
-2.464333300E-07 -6.534264700E-07  3.035193600E-04  2.190957741E-03 -2.171905871E-03  1.875550500E-05  1.514140228E-03  2.390290472E-03  3.035193600E-04 -6.534264700E-07 -2.464333300E-07
-2.278779300E-07 -6.015874300E-07  2.824964600E-04  2.028423465E-03 -2.007449555E-03  1.867421200E-05  1.400914272E-03  2.209615228E-03  2.824964600E-04 -6.015874300E-07 -2.278779300E-07
-2.098715800E-07 -5.528300400E-07  2.628202300E-04  1.877265654E-03 -1.854782834E-03  1.840543200E-05  1.295695078E-03  2.041881522E-03  2.628202300E-04 -5.528300400E-07 -2.098715800E-07
-1.923726000E-07 -5.069370700E-07  2.444136900E-04  1.736748588E-03 -1.713120618E-03  1.798464000E-05  1.197957300E-03  1.886227700E-03  2.444136900E-04 -5.069370700E-07 -1.923726000E-07
-1.782680800E-07 -4.666364300E-07  2.272036000E-04  1.606190196E-03 -1.581739116E-03  1.744334000E-05  1.107214078E-03  1.741850522E-03  2.272036000E-04 -4.666364300E-07 -1.782680800E-07
-1.637771100E-07 -4.279852600E-07  2.111202300E-04  1.484922496E-03 -1.459925336E-03  1.680932000E-05  1.022991150E-03  1.607977750E-03  2.111202300E-04 -4.279852600E-07 -1.637771100E-07
-1.500564000E-07 -3.919972900E-07  1.960972000E-04  1.372335003E-03 -1.347033503E-03  1.610659100E-05  9.448541333E-04  1.483897467E-03  1.960972000E-04 -3.919972900E-07 -1.500564000E-07
-1.370618500E-07 -3.584920900E-07  1.820713800E-04  1.267848856E-03 -1.242451696E-03  1.535595300E-05  8.723924667E-04  1.368937933E-03  1.820713800E-04 -3.584920900E-07 -1.370618500E-07
-1.248658500E-07 -3.274148400E-07  1.689827500E-04  1.170920722E-03 -1.145607282E-03  1.457505200E-05  8.052202528E-04  1.262471037E-03  1.689827500E-04 -3.274148400E-07 -1.248658500E-07
-1.133621000E-07 -2.985397700E-07  1.567744000E-04  1.081039453E-03 -1.055962563E-03  1.377872400E-05  7.429758967E-04  1.163906563E-03  1.567744000E-04 -2.985397700E-07 -1.133621000E-07
-1.035620300E-07 -2.727682800E-07  1.453928500E-04  9.977269689E-04 -9.730168889E-04  1.297921500E-05  6.853240678E-04  1.072693032E-03  1.453928500E-04 -2.727682800E-07 -1.035620300E-07
 0.000000000E+00 -1.689223200E-06  1.084221800E-03  8.172669022E-03 -8.206553022E-03 -2.291963100E-04  5.670585911E-03  9.002677689E-03  1.084221800E-03 -1.689223200E-06  0.000000000E+00
-9.970753100E-08 -1.663196000E-06  1.016823700E-03  7.619063328E-03 -7.637382028E-03 -2.054622900E-04  5.282569417E-03  8.379435083E-03  1.016823700E-03 -1.663196000E-06 -9.970753100E-08
-1.788955600E-07 -1.624943300E-06  9.530466700E-04  7.099090900E-03 -7.103823100E-03 -1.822407700E-04  4.918464589E-03  7.795158411E-03  9.530466700E-04 -1.624943300E-06 -1.788955600E-07
-2.405650200E-07 -1.577025700E-06  8.927487100E-04  6.611093672E-03 -6.604041372E-03 -1.599923300E-04  4.577063278E-03  7.247834522E-03  8.927487100E-04 -1.577025700E-06 -2.405650200E-07
-2.873441800E-07 -1.521643200E-06  8.357880500E-04  6.153452644E-03 -6.136251844E-03 -1.390387100E-04  4.257188628E-03  6.735509672E-03  8.357880600E-04 -1.521643200E-06 -2.873441800E-07
-3.215330300E-07 -1.460680400E-06  7.820239800E-04  5.724595350E-03 -5.698727250E-03 -1.195886100E-04  3.957700217E-03  6.256291083E-03  7.820239800E-04 -1.460680400E-06 -3.215330300E-07
-3.450954500E-07 -1.395699700E-06  7.313173700E-04  5.322996156E-03 -5.289797756E-03 -1.017609000E-04  3.677494311E-03  5.808351289E-03  7.313173700E-04 -1.395699700E-06 -3.450954500E-07
-3.596979400E-07 -1.327980500E-06  6.835312000E-04  4.947180601E-03 -4.907854851E-03 -8.560467100E-05  3.415505767E-03  5.389930033E-03  6.835312000E-04 -1.327980500E-06 -3.596979400E-07
-3.667750900E-07 -1.258585300E-06  6.385309000E-04  4.595726120E-03 -4.551351800E-03 -7.111311300E-05  3.170709933E-03  4.999335667E-03  6.385309000E-04 -1.258585300E-06 -3.667750900E-07
-3.675022400E-07 -1.188332300E-06  5.961847200E-04  4.267264138E-03 -4.218805588E-03 -5.823920300E-05  2.942122033E-03  4.634946567E-03  5.961847200E-04 -1.188332300E-06 -3.675022400E-07
-3.627795500E-07 -1.117779800E-06  5.563640700E-04  3.960480737E-03 -3.908796967E-03 -4.690789000E-05  2.728799794E-03  4.295210706E-03  5.563640800E-04 -1.117779800E-06 -3.627795500E-07
-3.566769600E-07 -1.050683200E-06  5.189445600E-04  3.674129597E-03 -3.619985217E-03 -3.702280400E-05  2.529846378E-03  3.978655222E-03  5.189445600E-04 -1.050683200E-06 -3.566769600E-07
-3.465873700E-07 -9.841129400E-07  4.838043600E-04  3.406994347E-03 -3.351062227E-03 -2.847581100E-05  2.344395017E-03  3.683858283E-03  4.838043700E-04 -9.841129400E-07 -3.465873700E-07
-3.341993800E-07 -9.194665800E-07  4.508262500E-04  3.157930596E-03 -3.100803286E-03 -2.115209200E-05  2.171626883E-03  3.409479217E-03  4.508262500E-04 -9.194665800E-07 -3.341993800E-07
-3.200647100E-07 -8.570164500E-07  4.198968200E-04  2.925844226E-03 -2.868040286E-03 -1.493551200E-05  2.010762283E-03  3.154241017E-03  4.198968300E-04 -8.570164500E-07 -3.200647100E-07
-3.046591900E-07 -7.969736500E-07  3.909067400E-04  2.709694244E-03 -2.651664994E-03 -9.710650400E-06  1.861059511E-03  2.916933289E-03  3.909067400E-04 -7.969736500E-07 -3.046591900E-07
-2.884174500E-07 -7.395224600E-07  3.637506900E-04  2.508491609E-03 -2.450627529E-03 -5.365115900E-06  1.721815294E-03  2.696408606E-03  3.637506900E-04 -7.395224600E-07 -2.884174500E-07
-2.713359400E-07 -6.844229100E-07  3.383278300E-04  2.321298315E-03 -2.263934305E-03 -1.797560300E-06  1.592364294E-03  2.491582006E-03  3.383278400E-04 -6.844229100E-07 -2.713359400E-07
-2.538312800E-07 -6.318686300E-07  3.145408900E-04  2.147225272E-03 -2.090647242E-03  1.093892900E-06  1.472075794E-03  2.301428706E-03  3.145408900E-04 -6.318686300E-07 -2.538312800E-07
-2.386947500E-07 -5.844465600E-07  2.922977600E-04  1.985441702E-03 -1.929892612E-03  3.398447100E-06  1.360359728E-03  2.124987572E-03  2.922977700E-04 -5.844465600E-07 -2.386947500E-07
-2.228919700E-07 -5.389189600E-07  2.715092700E-04  1.835141128E-03 -1.780821198E-03  5.198622100E-06  1.256648428E-03  1.961338272E-03  2.715092700E-04 -5.389189600E-07 -2.228919700E-07
-2.073755500E-07 -4.960552400E-07  2.520909800E-04  1.695576447E-03 -1.642650657E-03  6.568532200E-06  1.160413256E-03  1.809624544E-03  2.520909800E-04 -4.960552400E-07 -2.073755500E-07
-1.921688400E-07 -4.557052400E-07  2.339622500E-04  1.566039955E-03 -1.514641225E-03  7.574693600E-06  1.071155172E-03  1.669038128E-03  2.339622500E-04 -4.557052400E-07 -1.921688400E-07
-1.775324200E-07 -4.179674000E-07  2.170462400E-04  1.445865812E-03 -1.396099032E-03  8.276068600E-06  9.884054278E-04  1.538820472E-03  2.170462400E-04 -4.179674000E-07 -1.775324200E-07
-1.634108700E-07 -3.826342900E-07  2.012699100E-04  1.334426464E-03 -1.286371454E-03  8.724335100E-06  9.117228833E-04  1.418258017E-03  2.012699100E-04 -3.826342900E-07 -1.634108700E-07
-1.498208000E-07 -3.495804800E-07  1.865637500E-04  1.231131877E-03 -1.184846697E-03  8.964783000E-06  8.406920778E-04  1.306683322E-03  1.865637500E-04 -3.495804800E-07 -1.498208000E-07
-1.385603300E-07 -3.204739700E-07  1.728627200E-04  1.135433989E-03 -1.090957679E-03  9.036609500E-06  7.749275194E-04  1.203471851E-03  1.728627300E-04 -3.204739700E-07 -1.385603300E-07
-1.272077100E-07 -2.927662200E-07  1.601036000E-04  1.046803891E-03 -1.004157681E-03  8.973576500E-06  7.140598983E-04  1.108031652E-03  1.601036000E-04 -2.927662200E-07 -1.272077100E-07
-1.164898600E-07 -2.670700300E-07  1.482276200E-04  9.647558739E-04 -9.239465239E-04  8.804438000E-06  6.577485728E-04  1.019814317E-03  1.482276200E-04 -2.670700300E-07 -1.164898600E-07
-1.063763800E-07 -2.432477200E-07  1.371789200E-04  8.888320678E-04 -8.498536478E-04  8.553663500E-06  6.056733539E-04  9.383054361E-04  1.371789200E-04 -2.432477200E-07 -1.063763800E-07
-9.692000000E-08 -2.212525600E-07  1.269046500E-04  8.186040122E-04 -7.814399522E-04  8.241825000E-06  5.575346650E-04  8.630248050E-04  1.269046600E-04 -2.212525600E-07 -9.692000000E-08
-8.806571500E-08 -2.009369300E-07  1.173549000E-04  7.536703228E-04 -7.182949728E-04  7.886081400E-06  5.130524017E-04  7.935234483E-04  1.173549000E-04 -2.009369300E-07 -8.806571500E-08
-8.039699400E-08 -1.827987300E-07  1.084829500E-04  6.936566678E-04 -6.600366478E-04  7.500629000E-06  4.719663189E-04  7.293824211E-04  1.084829500E-04 -1.827987300E-07 -8.039699400E-08
 0.000000000E+00 -1.150507200E-06  8.736227100E-04  6.033344094E-03 -5.898806994E-03 -3.150094000E-04  4.135772767E-03  6.481288233E-03  8.736227200E-04 -1.150507200E-06  0.000000000E+00
-7.474217900E-08 -1.133116000E-06  8.164282200E-04  5.609177761E-03 -5.474776261E-03 -2.755543000E-04  3.842666100E-03  6.016782500E-03  8.164282300E-04 -1.133116000E-06 -7.474217900E-08
-1.339944000E-07 -1.106829000E-06  7.625250200E-04  5.211935918E-03 -5.078401878E-03 -2.395569100E-04  3.568375144E-03  5.582499456E-03  7.625250300E-04 -1.106829000E-06 -1.339944000E-07
-1.800030500E-07 -1.073500900E-06  7.117672100E-04  4.840206849E-03 -4.708175889E-03 -2.069789500E-04  3.311894367E-03  5.176792633E-03  7.117672100E-04 -1.073500900E-06 -1.800030500E-07
-2.147483800E-07 -1.034735100E-06  6.640108900E-04  4.492619580E-03 -4.362638940E-03 -1.777155100E-04  3.072249583E-03  4.798069917E-03  6.640108900E-04 -1.034735100E-06 -2.147483800E-07
-2.399724900E-07 -9.919120100E-07  6.191146700E-04  4.167847513E-03 -4.040383593E-03 -1.516126400E-04  2.848499350E-03  4.444795950E-03  6.191146800E-04 -9.919120100E-07 -2.399724900E-07
-2.571616700E-07 -9.461712500E-07  5.769401800E-04  3.864610823E-03 -3.740056073E-03 -1.284829300E-04  2.639737372E-03  4.115493528E-03  5.769401800E-04 -9.461712500E-07 -2.571616700E-07
-2.675727900E-07 -8.984388900E-07  5.373523500E-04  3.581677669E-03 -3.460357349E-03 -1.081181800E-04  2.445092689E-03  3.808745311E-03  5.373523600E-04 -8.984388900E-07 -2.675727900E-07
-2.722827500E-07 -8.494768900E-07  5.002197700E-04  3.317865106E-03 -3.200043766E-03 -9.029718000E-05  2.263729656E-03  3.523195344E-03  5.002197800E-04 -8.494768900E-07 -2.722827500E-07
-2.721546700E-07 -7.998496200E-07  4.654149000E-04  3.072039851E-03 -2.957927291E-03 -7.479531700E-05  2.094849783E-03  3.257547317E-03  4.654149000E-04 -7.998496200E-07 -2.721546700E-07
-2.678188700E-07 -7.499050900E-07  4.328142900E-04  2.843118561E-03 -2.732875501E-03 -6.139127400E-05  1.937691017E-03  3.010565883E-03  4.328142900E-04 -7.499050900E-07 -2.678188700E-07
-2.631672000E-07 -7.032458000E-07  4.022985000E-04  2.630079917E-03 -2.523827857E-03 -4.986937600E-05  1.791533072E-03  2.781087628E-03  4.022985000E-04 -7.032458000E-07 -2.631672000E-07
-2.552730900E-07 -6.567136600E-07  3.737532700E-04  2.431926966E-03 -2.329743306E-03 -4.002472700E-05  1.655678128E-03  2.567984372E-03  3.737532700E-04 -6.567136600E-07 -2.552730900E-07
-2.456910700E-07 -6.116164300E-07  3.470681800E-04  2.247728641E-03 -2.149658021E-03 -3.166475600E-05  1.529473250E-03  2.370201450E-03  3.470681800E-04 -6.116164300E-07 -2.456910700E-07
-2.348416100E-07 -5.681484700E-07  3.221374700E-04  2.076597534E-03 -1.982654474E-03 -2.461123300E-05  1.412296861E-03  2.186738039E-03  3.221374700E-04 -5.681484700E-07 -2.348416100E-07
-2.230898300E-07 -5.264624200E-07  2.988598300E-04  1.917692760E-03 -1.827865520E-03 -1.869985800E-05  1.303561161E-03  2.016647539E-03  2.988598400E-04 -5.264624200E-07 -2.230898300E-07
-2.107770900E-07 -4.867003500E-07  2.771383600E-04  1.770218533E-03 -1.684472803E-03 -1.378036600E-05  1.202710217E-03  1.859036683E-03  2.771383600E-04 -4.867003500E-07 -2.107770900E-07
-1.979135300E-07 -4.486857800E-07  2.568808000E-04  1.633423156E-03 -1.551704756E-03 -9.720938300E-06  1.109219578E-03  1.713063622E-03  2.568808000E-04 -4.486857800E-07 -1.979135300E-07
-1.848753700E-07 -4.126205500E-07  2.379987700E-04  1.506596856E-03 -1.428835696E-03 -6.398197500E-06  1.022594783E-03  1.577935917E-03  2.379987800E-04 -4.126205500E-07 -1.848753700E-07
-1.734189200E-07 -3.800961600E-07  2.204093100E-04  1.389076620E-03 -1.315188860E-03 -3.705793200E-06  9.423729778E-04  1.452910622E-03  2.204093100E-04 -3.800961600E-07 -1.734189200E-07
-1.616051500E-07 -3.490231800E-07  2.040321000E-04  1.280225497E-03 -1.210114837E-03 -1.548889700E-06  8.681129222E-04  1.337283278E-03  2.040321000E-04 -3.490231800E-07 -1.616051500E-07
-1.500533100E-07 -3.198782700E-07  1.887918400E-04  1.179453069E-03 -1.113013869E-03  1.555774000E-07  7.994040722E-04  1.230397188E-03  1.887918400E-04 -3.198782700E-07 -1.500533100E-07
-1.387880600E-07 -2.925539000E-07  1.746169500E-04  1.086202560E-03 -1.023321560E-03  1.480288600E-06  7.358600561E-04  1.131636134E-03  1.746169500E-04 -2.925539000E-07 -1.387880600E-07
-1.279932400E-07 -2.671112100E-07  1.614396500E-04  9.999519706E-04 -9.405102406E-04  2.488315200E-06  6.771190328E-04  1.040423097E-03  1.614396500E-04 -2.671112100E-07 -1.279932400E-07
-1.176542600E-07 -2.434216500E-07  1.491958100E-04  9.202113228E-04 -8.640856928E-04  3.233983800E-06  6.228416850E-04  9.562179450E-04  1.491958100E-04 -2.434216500E-07 -1.176542600E-07
-1.078372300E-07 -2.214457300E-07  1.378247600E-04  8.465216606E-04 -7.935863106E-04  3.764046400E-06  5.727105983E-04  8.785159917E-04  1.378247600E-04 -2.214457300E-07 -1.078372300E-07
-9.939285900E-08 -2.019355300E-07  1.272702800E-04  7.784557339E-04 -7.285819039E-04  4.118390000E-06  5.264291817E-04  8.068450283E-04  1.272702800E-04 -2.019355300E-07 -9.939285900E-08
-9.108858900E-08 -1.835682600E-07  1.174774500E-04  7.156075183E-04 -6.686666483E-04  4.330894600E-06  4.837184694E-04  7.407637606E-04  1.174774500E-04 -1.835682600E-07 -9.108858900E-08
-8.327766600E-08 -1.666129900E-07  1.083958900E-04  6.576022539E-04 -6.134655039E-04  4.430142100E-06  4.443194550E-04  6.798610750E-04  1.083958900E-04 -1.666129900E-07 -8.327766600E-08
-7.594246800E-08 -1.509744700E-07  9.997782200E-05  6.040886880E-04 -5.626280800E-04  4.440173600E-06  4.079900133E-04  6.237536267E-04  9.997782300E-05 -1.509744700E-07 -7.594246800E-08
-6.911914300E-08 -1.366173500E-07  9.217833500E-05  5.547392273E-04 -5.158284633E-04  4.381050500E-06  3.745044200E-04  5.720845400E-04  9.217833600E-05 -1.366173500E-07 -6.911914300E-08
-6.279675000E-08 -1.234646900E-07  8.495516800E-05  5.092481911E-04 -4.727632181E-04  4.269388200E-06  3.436523406E-04  5.245215294E-04  8.495516800E-05 -1.234646900E-07 -6.279675000E-08
-5.719850000E-08 -1.116784200E-07  7.826888700E-05  4.673314128E-04 -4.331501228E-04  4.118907100E-06  3.152376861E-04  4.807552439E-04  7.826888800E-05 -1.116784200E-07 -5.719850000E-08
 0.000000000E+00 -7.084254500E-07  6.785997400E-04  4.318268636E-03 -4.105042166E-03 -3.377338100E-04  2.928097028E-03  4.525242072E-03  6.785997500E-04 -7.084254500E-07  0.000000000E+00
-5.237655700E-08 -6.990801600E-07  6.319321500E-04  4.003005749E-03 -3.798909709E-03 -2.915877000E-04  2.713020100E-03  4.189123300E-03  6.319321500E-04 -6.990801600E-07 -5.237655700E-08
-9.384178300E-08 -6.836311300E-07  5.881236500E-04  3.708656557E-03 -3.513609987E-03 -2.505865300E-04  2.512331861E-03  3.875793839E-03  5.881236500E-04 -6.836311300E-07 -9.384178300E-08
-1.259541200E-07 -6.633233300E-07  5.470340300E-04  3.434055319E-03 -3.247939539E-03 -2.143497700E-04  2.325218628E-03  3.583941672E-03  5.470340400E-04 -6.633233300E-07 -1.259541200E-07
-1.501000000E-07 -6.392426700E-07  5.085262700E-04  3.178076357E-03 -3.000739987E-03 -1.824868700E-04  2.150896611E-03  3.312303589E-03  5.085262800E-04 -6.392426700E-07 -1.501000000E-07
-1.675081300E-07 -6.123308800E-07  4.724668500E-04  2.939636041E-03 -2.770899691E-03 -1.546076100E-04  1.988612000E-03  3.059666800E-03  4.724668500E-04 -6.123308800E-07 -1.675081300E-07
-1.792340100E-07 -5.833702600E-07  4.387261300E-04  2.717693799E-03 -2.557354259E-03 -1.303308100E-04  1.837641550E-03  2.824870550E-03  4.387261400E-04 -5.833702600E-07 -1.792340100E-07
-1.861878700E-07 -5.530115400E-07  4.071785900E-04  2.511252817E-03 -2.359087087E-03 -1.092907600E-04  1.697293800E-03  2.606805800E-03  4.071785900E-04 -5.530115400E-07 -1.861878700E-07
-1.891828700E-07 -5.218217900E-07  3.777029400E-04  2.319360431E-03 -2.175129421E-03 -9.113981900E-05  1.566908256E-03  2.404415944E-03  3.777029400E-04 -5.218217900E-07 -1.891828700E-07
-1.889388400E-07 -4.902874800E-07  3.501823000E-04  2.141108203E-03 -2.004560223E-03 -7.555292200E-05  1.445856722E-03  2.216695078E-03  3.501823100E-04 -4.902874800E-07 -1.889388400E-07
-1.861077000E-07 -4.588389500E-07  3.245042700E-04  1.975631958E-03 -1.846506048E-03 -6.222982900E-05  1.333541356E-03  2.042690644E-03  3.245042700E-04 -4.588389500E-07 -1.861077000E-07
-1.819597100E-07 -4.285811500E-07  3.005625400E-04  1.822112699E-03 -1.700138479E-03 -5.089408800E-05  1.229395456E-03  1.881495544E-03  3.005625400E-04 -4.285811500E-07 -1.819597100E-07
-1.760425400E-07 -3.988259900E-07  2.782528200E-04  1.679768671E-03 -1.564673071E-03 -4.129462900E-05  1.132880750E-03  1.732256150E-03  2.782528200E-04 -3.988259900E-07 -1.760425400E-07
-1.689936000E-07 -3.700445300E-07  2.574771900E-04  1.547863573E-03 -1.439370293E-03 -3.320467500E-05  1.043489611E-03  1.594163789E-03  2.574772000E-04 -3.700445300E-07 -1.689936000E-07
-1.611077800E-07 -3.423645400E-07  2.381419500E-04  1.425700578E-03 -1.323532508E-03 -2.642121200E-05  9.607422056E-04  1.466456494E-03  2.381419500E-04 -3.423645400E-07 -1.611077800E-07
-1.526453000E-07 -3.158903700E-07  2.201578800E-04  1.312622029E-03 -1.216502999E-03 -2.076290100E-05  8.841856056E-04  1.348417094E-03  2.201578800E-04 -3.158903700E-07 -1.526453000E-07
-1.438614600E-07 -2.907321900E-07  2.034401600E-04  1.208008018E-03 -1.117664378E-03 -1.606864400E-05  8.133941222E-04  1.239370478E-03  2.034401600E-04 -2.907321900E-07 -1.438614600E-07
-1.347857000E-07 -2.667844200E-07  1.879084600E-04  1.111275404E-03 -1.026437004E-03 -1.219906100E-05  7.479675733E-04  1.138682987E-03  1.879084600E-04 -2.667844200E-07 -1.347857000E-07
-1.257624900E-07 -2.442661900E-07  1.734863200E-04  1.021875919E-03 -9.422780294E-04 -9.028529400E-06  6.875295394E-04  1.045761031E-03  1.734863200E-04 -2.442661900E-07 -1.257624900E-07
-1.174899000E-07 -2.237639600E-07  1.601027100E-04  9.392963883E-04 -8.646780983E-04 -6.449756300E-06  6.317270628E-04  9.600462872E-04  1.601027100E-04 -2.237639600E-07 -1.174899000E-07
-1.091805700E-07 -2.043772500E-07  1.476884400E-04  8.630512217E-04 -7.931596117E-04 -4.369123400E-06  5.802288739E-04  8.810179161E-04  1.476884400E-04 -2.043772500E-07 -1.091805700E-07
-1.011034200E-07 -1.862775000E-07  1.361795500E-04  7.926884133E-04 -7.272770133E-04 -2.705910900E-06  5.327253011E-04  8.081879189E-04  1.361795500E-04 -1.862775000E-07 -1.011034200E-07
-9.328123000E-08 -1.693959300E-07  1.255154200E-04  7.277842333E-04 -6.666140733E-04 -1.390649600E-06  4.889265167E-04  7.411006633E-04  1.255154200E-04 -1.693959300E-07 -9.328123000E-08
-8.582764000E-08 -1.537617600E-07  1.156390000E-04  6.679427467E-04 -6.107827997E-04 -3.639212400E-07  4.485617867E-04  6.793312133E-04  1.156390000E-04 -1.537617600E-07 -8.582764000E-08
-7.876255000E-08 -1.393170800E-07  1.064965500E-04  6.127938564E-04 -5.594214244E-04  4.248290000E-07  4.113785344E-04  6.224831656E-04  1.064965500E-04 -1.393170800E-07 -7.876255000E-08
-7.218994600E-08 -1.260944500E-07  9.803746300E-05  5.619924065E-04 -5.121935675E-04  1.018531300E-06  3.771411167E-04  5.701877833E-04  9.803746400E-05 -1.260944500E-07 -7.218994600E-08
-6.618264800E-08 -1.140996100E-07  9.021529400E-05  5.152156473E-04 -4.687828033E-04  1.453413400E-06  3.456287233E-04  5.220982167E-04  9.021529500E-05 -1.140996100E-07 -6.618264800E-08
-6.049559300E-08 -1.030282100E-07  8.298449000E-05  4.721629264E-04 -4.288994614E-04  1.759909600E-06  3.166374067E-04  4.778971533E-04  8.298449100E-05 -1.030282100E-07 -6.049559300E-08
-5.517229900E-08 -9.286789200E-08  7.630373900E-05  4.325544574E-04 -3.922714864E-04  1.963490500E-06  2.899763072E-04  4.372860428E-04  7.630374000E-05 -9.286789200E-08 -5.517229900E-08
-5.020527600E-08 -8.356030600E-08  7.013399300E-05  3.961297078E-04 -3.586469198E-04  2.085367000E-06  2.654681122E-04  3.999884678E-04  7.013399400E-05 -8.356030600E-08 -5.020527600E-08
-4.561705700E-08 -7.508146800E-08  6.443872400E-05  3.626465746E-04 -3.277921326E-04  2.143113100E-06  2.429481506E-04  3.657478594E-04  6.443872400E-05 -7.508146800E-08 -4.561705700E-08
-4.142974800E-08 -6.741103000E-08  5.918371600E-05  3.318800801E-04 -2.994906301E-04  2.151179500E-06  2.222634644E-04  3.343264156E-04  5.918371700E-05 -6.741103000E-08 -4.142974800E-08
-3.759632000E-08 -6.046224800E-08  5.433710800E-05  3.036217824E-04 -2.735410814E-04  2.121459000E-06  2.032707978E-04  3.055032422E-04  5.433710900E-05 -6.046224800E-08 -3.759632000E-08
 0.000000000E+00 -3.753771800E-07  5.063484800E-04  2.979879388E-03 -2.748510578E-03 -3.184830000E-04  2.002327306E-03  3.046223194E-03  5.063485000E-04 -3.753771800E-07  0.000000000E+00
-3.410381500E-08 -3.726269600E-07  4.698403000E-04  2.753789527E-03 -2.535660007E-03 -2.722513300E-04  1.849737278E-03  2.811498122E-03  4.698403100E-04 -3.726269600E-07 -3.410381500E-08
-6.110001900E-08 -3.659879400E-07  4.357019500E-04  2.543377781E-03 -2.337927911E-03 -2.318354000E-04  1.707789794E-03  2.593363906E-03  4.357019600E-04 -3.659879400E-07 -6.110001900E-08
-8.197380700E-08 -3.562007600E-07  4.038068400E-04  2.347717671E-03 -2.154391671E-03 -1.966528700E-04  1.575850306E-03  2.390813394E-03  4.038068500E-04 -3.562007600E-07 -8.197380700E-08
-9.761461300E-08 -3.439254600E-07  3.740321300E-04  2.165918912E-03 -1.984167252E-03 -1.661523000E-04  1.453309994E-03  2.202880506E-03  3.740321400E-04 -3.439254600E-07 -9.761461300E-08
-1.088201100E-07 -3.297448700E-07  3.462590000E-04  1.997128399E-03 -1.826409949E-03 -1.398171700E-04  1.339585244E-03  2.028642756E-03  3.462590100E-04 -3.297448700E-07 -1.088201100E-07
-1.162786300E-07 -3.141464400E-07  3.203728500E-04  1.840530707E-03 -1.680314507E-03 -1.171689200E-04  1.234119272E-03  1.867219828E-03  3.203728600E-04 -3.141464400E-07 -1.162786300E-07
-1.205879000E-07 -2.975404800E-07  2.962634800E-04  1.695348258E-03 -1.545115098E-03 -9.776816000E-05  1.136381511E-03  1.717774489E-03  2.962634800E-04 -2.975404800E-07 -1.205879000E-07
-1.222910800E-07 -2.802959400E-07  2.738250800E-04  1.560841335E-03 -1.420085165E-03 -8.121357500E-05  1.045867211E-03  1.579512189E-03  2.738250900E-04 -2.802959400E-07 -1.222910800E-07
-1.218810400E-07 -2.627446000E-07  2.529563700E-04  1.436307719E-03 -1.304536859E-03 -6.714224700E-05  9.620975444E-04  1.451680656E-03  2.529563700E-04 -2.627446000E-07 -1.218810400E-07
-1.198233200E-07 -2.452042000E-07  2.335605300E-04  1.321082341E-03 -1.197820671E-03 -5.522858900E-05  8.846202278E-04  1.333568472E-03  2.335605300E-04 -2.452042000E-07 -1.198233200E-07
-1.168415200E-07 -2.282248100E-07  2.155464000E-04  1.214536207E-03 -1.099321447E-03 -4.518107800E-05  8.130062917E-04  1.224501898E-03  2.155464000E-04 -2.282248100E-07 -1.168415200E-07
-1.127730500E-07 -2.115492200E-07  1.988253200E-04  1.116074310E-03 -1.008462370E-03 -3.674119400E-05  7.468519183E-04  1.123849672E-03  1.988253200E-04 -2.115492200E-07 -1.127730500E-07
-1.079929800E-07 -1.954212100E-07  1.833143700E-04  1.025136580E-03 -9.246994600E-04 -2.968060600E-05  6.857761428E-04  1.031016007E-03  1.833143700E-04 -1.954212100E-07 -1.079929800E-07
-1.026915400E-07 -1.799191400E-07  1.689346900E-04  9.411957678E-04 -8.475223078E-04 -2.379893000E-05  6.294209444E-04  9.454414556E-04  1.689346900E-04 -1.799191400E-07 -1.026915400E-07
-9.704326400E-08 -1.651143700E-07  1.556116100E-04  8.637562744E-04 -7.764523344E-04 -1.892068500E-05  5.774499806E-04  8.666013294E-04  1.556116200E-04 -1.651143700E-07 -9.704326400E-08
-9.123272000E-08 -1.510965300E-07  1.432745300E-04  7.923530050E-04 -7.110415350E-04 -1.489292500E-05  5.295476922E-04  7.940042478E-04  1.432745300E-04 -1.510965300E-07 -9.123272000E-08
-8.530003000E-08 -1.378186700E-07  1.318569200E-04  7.265502079E-04 -6.508710269E-04 -1.158454700E-05  4.854188756E-04  7.271906844E-04  1.318569300E-04 -1.378186700E-07 -8.530003000E-08
-7.955358800E-08 -1.255096800E-07  1.212958200E-04  6.659400987E-04 -5.955503467E-04 -8.880534800E-06  4.447870778E-04  6.657317222E-04  1.212958200E-04 -1.255096800E-07 -7.955358800E-08
-7.393051900E-08 -1.140242100E-07  1.115331100E-04  6.101397170E-04 -5.447106150E-04 -6.683291300E-06  4.073925717E-04  6.092229383E-04  1.115331100E-04 -1.140242100E-07 -7.393051900E-08
-6.847784400E-08 -1.033517000E-07  1.025122900E-04  5.587932834E-04 -4.980145294E-04 -4.909051900E-06  3.729952189E-04  5.572934011E-04  1.025122900E-04 -1.033517000E-07 -6.847784400E-08
-6.321188400E-08 -9.344355100E-08  9.418150900E-05  5.115675901E-04 -4.551439431E-04 -3.486466400E-06  3.413694244E-04  5.095937756E-04  9.418151000E-05 -9.344355100E-08 -6.321188400E-08
-5.815515700E-08 -8.426563800E-08  8.649185000E-05  4.681523153E-04 -4.158038633E-04 -2.354937400E-06  3.123054550E-04  4.657996350E-04  8.649185100E-05 -8.426563800E-08 -5.815515700E-08
-5.336936800E-08 -7.582779400E-08  7.939750600E-05  4.282584076E-04 -3.797201486E-04 -1.463246600E-06  2.856079739E-04  4.256095361E-04  7.939750600E-05 -7.582779400E-08 -5.336936800E-08
-4.889924700E-08 -6.812789300E-08  7.285552900E-05  3.916170594E-04 -3.466385404E-04 -7.682630000E-07  2.610955017E-04  3.887435083E-04  7.285552900E-05 -6.812789300E-08 -4.889924700E-08
-4.487176900E-08 -6.125043000E-08  6.682569100E-05  3.579785361E-04 -3.163236011E-04 -2.337799600E-07  2.385994350E-04  3.549421750E-04  6.682569200E-05 -6.125043000E-08 -4.487176900E-08
-4.080825100E-08 -5.467385200E-08  6.127130400E-05  3.271079738E-04 -2.885513188E-04  1.704622300E-07  2.179609550E-04  3.239601350E-04  6.127130500E-05 -5.467385200E-08 -4.080825100E-08
-3.717597000E-08 -4.883470000E-08  5.615639800E-05  2.987919455E-04 -2.631240445E-04  4.696302800E-07  1.990367261E-04  2.955782039E-04  5.615639800E-05 -4.883470000E-08 -3.717597000E-08
-3.379737300E-08 -4.352172400E-08  5.144861600E-05  2.728293694E-04 -2.398520744E-04  6.846288900E-07  1.816909494E-04  2.695878006E-04  5.144861600E-05 -4.352172400E-08 -3.379737300E-08
-3.067264800E-08 -3.870601700E-08  4.711749600E-05  2.490345761E-04 -2.185615981E-04  8.326996000E-07  1.657985900E-04  2.457971900E-04  4.711749600E-05 -3.870601700E-08 -3.067264800E-08
-2.781425200E-08 -3.437367600E-08  4.313467700E-05  2.272355868E-04 -1.990919328E-04  9.280245500E-07  1.512438878E-04  2.240289722E-04  4.313467700E-05 -3.437367600E-08 -2.781425200E-08
-2.526573000E-08 -3.054461500E-08  3.947371400E-05  2.072733446E-04 -1.812949626E-04  9.821768300E-07  1.379197672E-04  2.041195428E-04  3.947371400E-05 -3.054461500E-08 -2.526573000E-08
-2.280178200E-08 -2.697096900E-08  3.611001400E-05  1.890009091E-04 -1.650328571E-04  1.004640800E-06  1.257251667E-04  1.859173933E-04  3.611001400E-05 -2.697096900E-08 -2.280178200E-08
 0.000000000E+00 -1.438197900E-07  3.612094700E-04  1.968799421E-03 -1.757093961E-03 -2.753367400E-04  1.313575122E-03  1.962301878E-03  3.612094700E-04 -1.438197900E-07  0.000000000E+00
-2.030728100E-08 -1.464760900E-07  3.339188200E-04  1.813407069E-03 -1.615550639E-03 -2.332315200E-04  1.209544522E-03  1.805214878E-03  3.339188200E-04 -1.464760900E-07 -2.030728100E-08
-3.643203200E-08 -1.467283900E-07  3.085011600E-04  1.669289356E-03 -1.484521806E-03 -1.968907600E-04  1.113093356E-03  1.659724644E-03  3.085011600E-04 -1.467283900E-07 -3.643203200E-08
-4.891596400E-08 -1.449709500E-07  2.848482900E-04  1.535739226E-03 -1.363327616E-03 -1.656416500E-04  1.023743522E-03  1.525086278E-03  2.848482900E-04 -1.449709500E-07 -4.891596400E-08
-5.826276800E-08 -1.415687600E-07  2.628559400E-04  1.412080849E-03 -1.251320019E-03 -1.388685200E-04  9.410384833E-04  1.400589217E-03  2.628559400E-04 -1.415687600E-07 -5.826276800E-08
-6.493478000E-08 -1.368541800E-07  2.424239200E-04  1.297669936E-03 -1.147882906E-03 -1.160121200E-04  8.645431556E-04  1.285557644E-03  2.424239200E-04 -1.368541800E-07 -6.493478000E-08
-6.932832800E-08 -1.311021300E-07  2.234562200E-04  1.191893652E-03 -1.052431782E-03 -9.656831700E-05  7.938436889E-04  1.179350471E-03  2.234562200E-04 -1.311021300E-07 -6.932832800E-08
-7.178208100E-08 -1.245382100E-07  2.058611100E-04  1.094170553E-03 -9.644134733E-04 -8.008557900E-05  7.285478617E-04  1.081360348E-03  2.058611100E-04 -1.245382100E-07 -7.178208100E-08
-7.259899700E-08 -1.173603800E-07  1.895510500E-04  1.003949997E-03 -8.833055472E-04 -6.616112700E-05  6.682842922E-04  9.910136478E-04  1.895510500E-04 -1.173603800E-07 -7.259899700E-08
-7.203194500E-08 -1.097242600E-07  1.744427900E-04  9.207117161E-04 -8.086156061E-04 -5.443840600E-05  6.127023706E-04  9.077693194E-04  1.744427900E-04 -1.097242600E-07 -7.203194500E-08
-7.029142800E-08 -1.017505100E-07  1.604572200E-04  8.439651550E-04 -7.398806250E-04 -4.460368800E-05  5.614716478E-04  8.311183322E-04  1.604572200E-04 -1.017505100E-07 -7.029142800E-08
-6.891746400E-08 -9.489880500E-08  1.475195700E-04  7.732528595E-04 -6.766711425E-04 -3.638145800E-05  5.142831622E-04  7.605862778E-04  1.475195700E-04 -9.489880500E-08 -6.891746400E-08
-6.646063700E-08 -8.764148900E-08  1.355589500E-04  7.081350794E-04 -6.185720294E-04 -2.953158700E-05  4.708419644E-04  6.957189956E-04  1.355589500E-04 -8.764148900E-08 -6.646063700E-08
-6.354571800E-08 -8.053450700E-08  1.245084500E-04  6.482059772E-04 -5.652034742E-04 -2.384552600E-05  4.308747561E-04  6.360976739E-04  1.245084500E-04 -8.053450700E-08 -6.354571800E-08
-6.030039500E-08 -7.364200500E-08  1.143050200E-04  5.930838582E-04 -5.162085492E-04 -1.914304000E-05  3.941247694E-04  5.813291806E-04  1.143050200E-04 -7.364200500E-08 -6.030039500E-08
-5.684420300E-08 -6.702556000E-08  1.048892800E-04  5.424115180E-04 -4.712540500E-04 -1.526876400E-05  3.603519067E-04  5.310462533E-04  1.048892800E-04 -6.702556000E-08 -5.684420300E-08
-5.331059600E-08 -6.076588700E-08  9.620535100E-05  4.958550814E-04 -4.300293664E-04 -1.208939600E-05  3.293318217E-04  4.849064283E-04  9.620535200E-05 -6.076588700E-08 -5.331059600E-08
-4.975100400E-08 -5.486656000E-08  8.820088300E-05  4.531032918E-04 -3.922455008E-04 -9.491518800E-06  3.008554678E-04  4.425908722E-04  8.820088300E-05 -5.486656000E-08 -4.975100400E-08
-4.642830600E-08 -4.954717300E-08  8.082657800E-05  4.138660531E-04 -3.576342681E-04 -7.377953900E-06  2.747280800E-04  4.038031600E-04  8.082657800E-05 -4.954717300E-08 -4.642830600E-08
-4.285708600E-08 -4.428228700E-08  7.403719000E-05  3.778702786E-04 -3.259406336E-04 -5.666676600E-06  2.507661789E-04  3.682631611E-04  7.403719000E-05 -4.428228700E-08 -4.285708600E-08
-3.953777700E-08 -3.953743800E-08  6.778889700E-05  3.448666551E-04 -2.969373151E-04 -4.288318700E-06  2.288028456E-04  3.357182944E-04  6.778889700E-05 -3.953743800E-08 -3.953777700E-08
-3.635684900E-08 -3.516697400E-08  6.204171400E-05  3.146205471E-04 -2.704076471E-04 -3.184436000E-06  2.086805456E-04  3.059295544E-04  6.204171400E-05 -3.516697400E-08 -3.635684900E-08
-3.333929900E-08 -3.116717600E-08  5.675810000E-05  2.869147269E-04 -2.461522199E-04 -2.305996300E-06  1.902537761E-04  2.786762539E-04  5.675810000E-05 -3.116717600E-08 -3.333929900E-08
-3.050896800E-08 -2.753603300E-08  5.190308100E-05  2.615476617E-04 -2.239863607E-04 -1.612013700E-06  1.733874606E-04  2.537540094E-04  5.190308200E-05 -2.753603300E-08 -3.050896800E-08
-2.792494600E-08 -2.430962700E-08  4.744402300E-05  2.383327909E-04 -2.037397159E-04 -1.068307000E-06  1.579566222E-04  2.309740578E-04  4.744402300E-05 -2.430962700E-08 -2.792494600E-08
-2.572096700E-08 -2.160124600E-08  4.335050200E-05  2.170976197E-04 -1.852553337E-04 -6.465015900E-07  1.438458100E-04  2.101621700E-04  4.335050200E-05 -2.160124600E-08 -2.572096700E-08
-2.309900500E-08 -1.859225900E-08  3.959495500E-05  1.976786268E-04 -1.683815328E-04 -3.231060800E-07  1.309454194E-04  1.911521106E-04  3.959495500E-05 -1.859225900E-08 -2.309900500E-08
-2.095142200E-08 -1.616110100E-08  3.615038000E-05  1.799315678E-04 -1.529906518E-04 -7.877812300E-08  1.191592489E-04  1.737999911E-04  3.615038000E-05 -1.616110100E-08 -2.095142200E-08
-1.897139800E-08 -1.398554600E-08  3.299267900E-05  1.637184007E-04 -1.389565137E-04  1.024293900E-07  1.083948072E-04  1.579665028E-04  3.299267900E-05 -1.398554600E-08 -1.897139800E-08
-1.716397800E-08 -1.205773500E-08  3.009925000E-05  1.489128209E-04 -1.261649609E-04  2.335368900E-07  9.856769611E-05  1.435247739E-04  3.009925000E-05 -1.205773500E-08 -1.716397800E-08
-1.553441700E-08 -1.037144600E-08  2.744915800E-05  1.353982661E-04 -1.145108201E-04  3.251731800E-07  8.960002000E-05  1.303578600E-04  2.744915900E-05 -1.037144600E-08 -1.553441700E-08
-1.413625200E-08 -8.970262100E-09  2.502296900E-05  1.230674606E-04 -1.038976946E-04  3.859391500E-07  8.142014028E-05  1.183583907E-04  2.502296900E-05 -8.970262100E-09 -1.413625200E-08
-1.265314600E-08 -7.528082700E-09  2.280262700E-05  1.118215979E-04 -9.423576494E-05  4.228499700E-07  7.395980761E-05  1.074272354E-04  2.280262700E-05 -7.528082700E-09 -1.265314600E-08
 0.000000000E+00 -3.939936500E-09  2.443873300E-04  1.234318349E-03 -1.060739309E-03 -2.210457800E-04  8.187919472E-04  1.197778843E-03  2.443873300E-04 -3.939936500E-09  0.000000000E+00
-1.075237800E-08 -9.815574600E-09  2.250316900E-04  1.132848751E-03 -9.716844206E-04 -1.854818000E-04  7.512629650E-04  1.098045465E-03  2.250316900E-04 -9.815574600E-09 -1.075237800E-08
-1.937946600E-08 -1.432327400E-08  2.070795600E-04  1.039089403E-03 -8.895621033E-04 -1.551573600E-04  6.888842089E-04  1.006009231E-03  2.070795600E-04 -1.432327400E-08 -1.937946600E-08
-2.611102100E-08 -1.761095500E-08  1.904436200E-04  9.525269728E-04 -8.138962828E-04 -1.293873500E-04  6.313113478E-04  9.211465122E-04  1.904436200E-04 -1.761095500E-08 -2.611102100E-08
-3.117816400E-08 -1.983442300E-08  1.750402800E-04  8.726736272E-04 -7.442358642E-04 -1.075599600E-04  5.782172728E-04  8.429608172E-04  1.750402800E-04 -1.983442300E-08 -3.117816400E-08
-3.480539700E-08 -2.114913600E-08  1.607897400E-04  7.990669398E-04 -6.801544878E-04 -8.913185700E-05  5.292918672E-04  7.709825628E-04  1.607897400E-04 -2.114913600E-08 -3.480539700E-08
-3.719790400E-08 -2.169719800E-08  1.476160500E-04  7.312693764E-04 -6.212498914E-04 -7.362357000E-05  4.842419233E-04  7.047683767E-04  1.476160500E-04 -2.169719800E-08 -3.719790400E-08
-3.855869000E-08 -2.162418100E-08  1.354470200E-04  6.688680771E-04 -5.671435611E-04 -6.061398400E-05  4.427908028E-04  6.439007072E-04  1.354470200E-04 -2.162418100E-08 -3.855869000E-08
-3.911747800E-08 -2.110768500E-08  1.242142200E-04  6.114741719E-04 -5.174800869E-04 -4.973467100E-05  4.046780300E-04  5.879871100E-04  1.242142200E-04 -2.110768500E-08 -3.911747800E-08
-3.916598100E-08 -2.039226900E-08  1.138528700E-04  5.587224348E-04 -4.719267728E-04 -4.066526100E-05  3.696590350E-04  5.366597350E-04  1.138528700E-04 -2.039226900E-08 -3.916598100E-08
-3.911739200E-08 -1.984861200E-08  1.043017700E-04  5.102707020E-04 -4.301731700E-04 -3.312848700E-05  3.375047256E-04  4.895746944E-04  1.043017700E-04 -1.984861200E-08 -3.911739200E-08
-3.740197900E-08 -1.787078900E-08  9.550441200E-05  4.657898868E-04 -3.919155128E-04 -2.688497000E-05  3.079953100E-04  4.464001100E-04  9.550441200E-05 -1.787078900E-08 -3.740197900E-08
-3.589028200E-08 -1.629285900E-08  8.740554400E-05  4.249866041E-04 -3.568938061E-04 -2.172924100E-05  2.809342083E-04  4.068437217E-04  8.740554400E-05 -1.629285900E-08 -3.589028200E-08
-3.415829100E-08 -1.466106400E-08  7.995465400E-05  3.875774251E-04 -3.248506211E-04 -1.748554100E-05  2.561320483E-04  3.706216017E-04  7.995465400E-05 -1.466106400E-08 -3.415829100E-08
-3.227218400E-08 -1.301454500E-08  7.310407900E-05  3.533000972E-04 -2.955497952E-04 -1.400406700E-05  2.334135111E-04  3.374718489E-04  7.310407900E-05 -1.301454500E-08 -3.227218400E-08
-3.030122300E-08 -1.139862700E-08  6.680918100E-05  3.219102427E-04 -2.687718627E-04 -1.115757900E-05  2.126153800E-04  3.071509000E-04  6.680918100E-05 -1.139862700E-08 -3.030122300E-08
-2.833822400E-08 -9.885036300E-09  6.102819400E-05  2.931806165E-04 -2.443133295E-04 -8.838529100E-06  1.935858828E-04  2.794326672E-04  6.102819400E-05 -9.885036300E-09 -2.833822400E-08
-2.645215900E-08 -8.524287600E-09  5.572215600E-05  2.669003107E-04 -2.219858187E-04 -6.955891400E-06  1.761842056E-04  2.541076944E-04  5.572215600E-05 -8.524287600E-09 -2.645215900E-08
-2.488384500E-08 -7.541193000E-09  5.085459600E-05  2.428738581E-04 -2.016155961E-04 -5.433644500E-06  1.602798356E-04  2.309822444E-04  5.085459600E-05 -7.541193100E-09 -2.488384500E-08
-2.256476400E-08 -5.850890800E-09  4.639236000E-05  2.209148513E-04 -1.830333463E-04 -4.207791500E-06  1.457486950E-04  2.098703950E-04  4.639236000E-05 -5.850890800E-09 -2.256476400E-08
-2.068748800E-08 -4.635950200E-09  4.230316700E-05  2.008598481E-04 -1.660978891E-04 -3.225020400E-06  1.324816283E-04  1.906119817E-04  4.230316700E-05 -4.635950200E-09 -2.068748800E-08
-1.892296500E-08 -3.556090600E-09  3.855794100E-05  1.825516023E-04 -1.506689323E-04 -2.440882000E-06  1.203738378E-04  1.730514022E-04  3.855794100E-05 -3.556090600E-09 -1.892296500E-08
-1.728821100E-08 -2.619268700E-09  3.512947200E-05  1.658460557E-04 -1.366192827E-04 -1.818540900E-06  1.093293133E-04  1.570466467E-04  3.512947200E-05 -2.619268700E-09 -1.728821100E-08
-1.577689200E-08 -1.811300100E-09  3.199254600E-05  1.506100407E-04 -1.238315407E-04 -1.327543900E-06  9.925942722E-05  1.424665628E-04  3.199254600E-05 -1.811300100E-09 -1.577689200E-08
-1.445365300E-08 -1.190405500E-09  2.912374100E-05  1.367210011E-04 -1.121981651E-04 -9.427326000E-07  9.008257111E-05  1.291907489E-04  2.912374100E-05 -1.190405500E-09 -1.445365300E-08
-1.344687100E-08 -8.796954900E-10  2.650134000E-05  1.240661672E-04 -1.016206122E-04 -6.434631000E-07  8.172365444E-05  1.171086536E-04  2.650134000E-05 -8.796954900E-10 -1.344687100E-08
-1.181089900E-08  7.341731200E-11  2.410576600E-05  1.125373793E-04 -9.200143003E-05 -4.128057000E-07  7.411078711E-05  1.061133449E-04  2.410576600E-05  7.341731200E-11 -1.181089900E-08
-1.065063400E-08  5.649133800E-10  2.191791800E-05  1.020429425E-04 -8.326394358E-05 -2.369656800E-07  6.718302500E-05  9.611619700E-05  2.191791800E-05  5.649133800E-10 -1.065063400E-08
-9.595494200E-09  9.693094200E-10  1.992084400E-05  9.249303366E-05 -7.532884506E-05 -1.046544300E-07  6.088060967E-05  8.702906433E-05  1.992084400E-05  9.693094200E-10 -9.595494200E-09
-8.652575000E-09  1.281848500E-09  1.809872400E-05  8.380639928E-05 -6.812559158E-05 -6.755556100E-09  5.514955406E-05  7.877266494E-05  1.809872400E-05  1.281848500E-09 -8.652575000E-09
-7.822487200E-09  1.503794500E-09  1.643697700E-05  7.590832509E-05 -6.158939989E-05  6.411340900E-08  4.994024656E-05  7.127416744E-05  1.643697700E-05  1.503794500E-09 -7.822487200E-09
-7.159712300E-09  1.581892800E-09  1.492213200E-05  6.873045024E-05 -5.566131814E-05  1.138714000E-07  4.520730772E-05  6.446707328E-05  1.492213200E-05  1.581892800E-09 -7.159712300E-09
-6.324726500E-09  1.857342800E-09  1.354167600E-05  6.220994971E-05 -5.028622481E-05  1.473221000E-07  4.090698461E-05  5.829014439E-05  1.354167600E-05  1.857342800E-09 -6.324726500E-09
 0.000000000E+00  6.327843900E-08  1.550719600E-04  7.253304421E-04 -5.948239361E-04 -1.641286400E-04  4.775696917E-04  6.850249383E-04  1.550719600E-04  6.327843900E-08  0.000000000E+00
-4.803303600E-09  5.607252100E-08  1.421849700E-04  6.631072329E-04 -5.426669289E-04 -1.363929300E-04  4.364478072E-04  6.255908628E-04  1.421849700E-04  5.607252100E-08 -4.803303600E-09
-8.763904600E-09  4.963325300E-08  1.302851300E-04  6.058447159E-04 -4.947761139E-04 -1.130191700E-04  3.986206667E-04  5.709572133E-04  1.302851300E-04  4.963325300E-08 -8.763904600E-09
-1.192338000E-08  4.394705100E-08  1.193065200E-04  5.531918974E-04 -4.508393794E-04 -9.338245200E-05  3.638535322E-04  5.207786478E-04  1.193065200E-04  4.394705100E-08 -1.192338000E-08
-1.434580300E-08  3.897447300E-08  1.091864500E-04  5.048172427E-04 -4.105629467E-04 -7.693557100E-05  3.319248156E-04  4.747294644E-04  1.091864500E-04  3.897447300E-08 -1.434580300E-08
-1.610797300E-08  3.466020200E-08  9.986545000E-05  4.604082226E-04 -3.736708206E-04 -6.320168600E-05  3.026257489E-04  4.325031711E-04  9.986545000E-05  3.466020200E-08 -1.610797300E-08
-1.728988900E-08  3.094280100E-08  9.128725500E-05  4.196708714E-04 -3.399042564E-04 -5.176735800E-05  2.757601689E-04  3.938119111E-04  9.128725500E-05  3.094280100E-08 -1.728988900E-08
-1.798943900E-08  2.774026500E-08  8.339872500E-05  3.823292733E-04 -3.090212203E-04 -4.227549500E-05  2.511439961E-04  3.583859939E-04  8.339872500E-05  2.774026500E-08 -1.798943900E-08
-1.834633000E-08  2.492632400E-08  7.614977400E-05  3.481250626E-04 -2.807959126E-04 -3.441899000E-05  2.286050400E-04  3.259732400E-04  7.614977400E-05  2.492632400E-08 -1.834633000E-08
-1.858111400E-08  2.229166400E-08  6.949326900E-05  3.168169378E-04 -2.550183388E-04 -2.793493500E-05  2.079825178E-04  2.963386022E-04  6.949326900E-05  2.229166400E-08 -1.858111400E-08
-1.905604900E-08  1.948329200E-08  6.338491700E-05  2.881802606E-04 -2.314940316E-04 -2.259906900E-05  1.891268994E-04  2.692635506E-04  6.338491700E-05  1.948329200E-08 -1.905604900E-08
-1.780252300E-08  1.847513400E-08  5.778423600E-05  2.619959523E-04 -2.100270983E-04 -1.822079800E-05  1.718927206E-04  2.445340294E-04  5.778423600E-05  1.847513400E-08 -1.780252300E-08
-1.702531100E-08  1.707049900E-08  5.265153100E-05  2.380769867E-04 -1.904622947E-04 -1.463876300E-05  1.561553650E-04  2.219698650E-04  5.265153100E-05  1.707049900E-08 -1.702531100E-08
-1.614619400E-08  1.585116700E-08  4.795092800E-05  2.162385676E-04 -1.726384966E-04 -1.171685700E-05  1.417921394E-04  2.013916306E-04  4.795092800E-05  1.585116700E-08 -1.614619400E-08
-1.519789400E-08  1.478738400E-08  4.364871700E-05  1.963115503E-04 -1.564103163E-04 -9.340544300E-06  1.286907117E-04  1.826356783E-04  4.364871700E-05  1.478738400E-08 -1.519789400E-08
-1.422020100E-08  1.384122500E-08  3.971349800E-05  1.781391667E-04 -1.416434187E-04 -7.413906600E-06  1.167471389E-04  1.655504811E-04  3.971349800E-05  1.384122500E-08 -1.422020100E-08
-1.327670300E-08  1.294998500E-08  3.611605300E-05  1.615763471E-04 -1.282139061E-04 -5.857046900E-06  1.058651456E-04  1.499961144E-04  3.611605300E-05  1.294998500E-08 -1.327670300E-08
-1.243708200E-08  1.204399500E-08  3.282926500E-05  1.464891647E-04 -1.160077807E-04 -4.602523700E-06  9.595595889E-05  1.358435811E-04  3.282926500E-05  1.204399500E-08 -1.243708200E-08
-1.190007700E-08  1.092373900E-08  2.982789900E-05  1.327541961E-04 -1.049205957E-04 -3.595612400E-06  8.693782056E-05  1.229741694E-04  2.982789800E-05  1.092373900E-08 -1.190007700E-08
-1.049385800E-08  1.076137600E-08  2.708914500E-05  1.202521460E-04 -9.484768069E-05 -2.790215500E-06  7.873190117E-05  1.112724698E-04  2.708914500E-05  1.076137600E-08 -1.049385800E-08
-9.538328500E-09  1.023369800E-08  2.459087300E-05  1.088828692E-04 -8.570829556E-05 -2.148533900E-06  7.127182433E-05  1.006432537E-04  2.459087300E-05  1.023369800E-08 -9.538328500E-09
-8.664010000E-09  9.708519600E-09  2.231328100E-05  9.854768050E-05 -7.741809750E-05 -1.639367700E-06  6.449233356E-05  9.099168644E-05  2.231328100E-05  9.708519600E-09 -8.664010000E-09
-7.885221000E-09  9.169076300E-09  2.023793400E-05  8.915718446E-05 -6.990191506E-05 -1.237183600E-06  5.833434567E-05  8.223220433E-05  2.023793400E-05  9.169076300E-09 -7.885221000E-09
-7.182106600E-09  8.632627800E-09  1.834783800E-05  8.062905356E-05 -6.309058286E-05 -9.211039100E-07  5.274348850E-05  7.428607050E-05  1.834783800E-05  8.632627800E-09 -7.182106600E-09
-6.615930400E-09  8.034955700E-09  1.662728800E-05  7.288800736E-05 -5.692126586E-05 -6.740413100E-07  4.767005061E-05  6.708144239E-05  1.662728800E-05  8.034955700E-09 -6.615930400E-09
-6.298819600E-09  7.260779500E-09  1.506180000E-05  6.586514556E-05 -5.133674156E-05 -4.821433400E-07  4.306855328E-05  6.055266772E-05  1.506180000E-05  7.260779500E-09 -6.298819600E-09
-5.310054600E-09  7.229313600E-09  1.363836500E-05  5.949330442E-05 -4.627852722E-05 -3.341590600E-07  3.889468194E-05  5.463533506E-05  1.363836500E-05  7.229313600E-09 -5.310054600E-09
-4.747664700E-09  6.837437800E-09  1.234439200E-05  5.371844292E-05 -4.170481472E-05 -2.210210400E-07  3.511291428E-05  4.927858872E-05  1.234439200E-05  6.837437800E-09 -4.747664700E-09
-4.247889000E-09  6.446352600E-09  1.116874200E-05  4.848584049E-05 -3.756927489E-05 -1.353644600E-07  3.168709806E-05  4.443028894E-05  1.116874200E-05  6.446352600E-09 -4.247889000E-09
-3.818117600E-09  6.045458500E-09  1.010107600E-05  4.374669350E-05 -3.383161650E-05 -7.131250400E-08  2.858510239E-05  4.004412661E-05  1.010107600E-05  6.045458500E-09 -3.818117600E-09
-3.456379100E-09  5.633628200E-09  9.131918800E-06  3.945629509E-05 -3.045495519E-05 -2.414616800E-08  2.577749578E-05  3.607774422E-05  9.131918800E-06  5.633628200E-09 -3.456379100E-09
-3.211331000E-09  5.159033600E-09  8.252560600E-06  3.557400433E-05 -2.740600633E-05  9.879733500E-09  2.323754761E-05  3.249269139E-05  8.252560600E-06  5.159033600E-09 -3.211331000E-09
-2.771130500E-09  4.930933700E-09  7.454903000E-06  3.206252396E-05 -2.465344846E-05  3.378934100E-08  2.093902217E-05  2.925369083E-05  7.454903000E-06  4.930933700E-09 -2.771130500E-09
 0.000000000E+00  8.049689800E-08  9.101967800E-05  3.941801476E-04 -3.045198886E-04 -1.120539500E-04  2.565860133E-04  3.618410667E-04  9.101967700E-05  8.049689800E-08  0.000000000E+00
-1.549176500E-09  7.364982200E-08  8.305675500E-05  3.587949386E-04 -2.766213336E-04 -9.219984300E-05  2.335192339E-04  3.289845161E-04  8.305675400E-05  7.364982200E-08 -1.549176500E-09
-2.942039800E-09  6.721948800E-08  7.573896400E-05  3.263678864E-04 -2.511110024E-04 -7.565510800E-05  2.123853550E-04  2.989099750E-04  7.573896300E-05  6.721948800E-08 -2.942039800E-09
-4.129205900E-09  6.125324300E-08  6.902037200E-05  2.966791106E-04 -2.278058566E-04 -6.190926900E-05  1.930402333E-04  2.714073667E-04  6.902037100E-05  6.125324300E-08 -4.129205900E-09
-5.090473700E-09  5.576759900E-08  6.285750300E-05  2.695215194E-04 -2.065340854E-04 -5.052233700E-05  1.753480489E-04  2.462792311E-04  6.285750200E-05  5.576759900E-08 -5.090473700E-09
-5.825524800E-09  5.075779700E-08  5.720931700E-05  2.447005402E-04 -1.871347842E-04 -4.111678300E-05  1.591812794E-04  2.233402906E-04  5.720931700E-05  5.075779700E-08 -5.825524800E-09
-6.345048000E-09  4.620692100E-08  5.203717600E-05  2.220337892E-04 -1.694576032E-04 -3.337004900E-05  1.444204206E-04  2.024171694E-04  5.203717500E-05  4.620692100E-08 -6.345048000E-09
-6.676460600E-09  4.208037000E-08  4.730478000E-05  2.013507194E-04 -1.533624004E-04 -2.700744300E-05  1.309538394E-04  1.833478906E-04  4.730478000E-05  4.208037000E-08 -6.676460600E-09
-6.875926300E-09  3.831399200E-08  4.297810300E-05  1.824922439E-04 -1.387189056E-04 -2.179626800E-05  1.186773422E-04  1.659816978E-04  4.297810300E-05  3.831399200E-08 -6.875926300E-09
-7.047820200E-09  3.479472100E-08  3.902531000E-05  1.653103629E-04 -1.254064044E-04 -1.754002500E-05  1.074941706E-04  1.501784394E-04  3.902531000E-05  3.479472100E-08 -7.047820200E-09
-7.376234400E-09  3.132912300E-08  3.541667100E-05  1.496678231E-04 -1.133134884E-04 -1.407322800E-05  9.731444667E-05  1.358084733E-04  3.541667000E-05  3.132912300E-08 -7.376234400E-09
-6.800290500E-09  2.897302500E-08  3.212478600E-05  1.354323839E-04 -1.023298299E-04 -1.125728100E-05  8.805196500E-05  1.227465450E-04  3.212478600E-05  2.897302500E-08 -6.800290500E-09
-6.503407800E-09  2.652942800E-08  2.912363100E-05  1.224900227E-04 -9.236615736E-05 -8.976312700E-06  7.963202756E-05  1.108855724E-04  2.912363000E-05  2.652942800E-08 -6.503407800E-09
-6.164969700E-09  2.431087700E-08  2.638939200E-05  1.107297109E-04 -8.333186142E-05 -7.133864100E-06  7.198211500E-05  1.001209590E-04  2.638939200E-05  2.431087700E-08 -6.164969700E-09
-5.796269700E-09  2.229678400E-08  2.389991800E-05  1.000501036E-04 -7.514527156E-05 -5.649737900E-06  6.503607000E-05  9.035741400E-05  2.389991800E-05  2.229678400E-08 -5.796269700E-09
-5.415169100E-09  2.046007500E-08  2.163469300E-05  9.035772313E-05 -6.773128033E-05 -4.457697500E-06  5.873287100E-05  8.150719500E-05  2.163469300E-05  2.046007500E-08 -5.415169100E-09
-5.055973500E-09  1.875735200E-08  1.957474400E-05  8.156650093E-05 -6.102096203E-05 -3.503364700E-06  5.301635039E-05  7.348962661E-05  1.957474400E-05  1.875735200E-08 -5.055973500E-09
-4.758342000E-09  1.713999900E-08  1.770256600E-05  7.359738459E-05 -5.495121569E-05 -2.740891500E-06  4.783493478E-05  6.623072322E-05  1.770256600E-05  1.713999900E-08 -4.758342000E-09
-4.644462600E-09  1.547700800E-08  1.600197500E-05  6.637789404E-05 -4.946453514E-05 -2.134236000E-06  4.314133017E-05  5.966276683E-05  1.600197500E-05  1.547700800E-08 -4.644462600E-09
-3.991949700E-09  1.448470900E-08  1.445828200E-05  5.983834839E-05 -4.450348739E-05 -1.652947800E-06  3.889021778E-05  5.372036222E-05  1.445828200E-05  1.448470900E-08 -3.991949700E-09
-3.600083700E-09  1.335318000E-08  1.305759500E-05  5.392050156E-05 -4.002409886E-05 -1.272475300E-06  3.504355111E-05  4.834959289E-05  1.305759500E-05  1.335318000E-08 -3.600083700E-09
-3.247451200E-09  1.229685500E-08  1.178738300E-05  4.856731204E-05 -3.598061844E-05 -9.727579100E-07  3.156416556E-05  4.349725044E-05  1.178738300E-05  1.229685500E-08 -3.247451200E-09
-2.947663300E-09  1.129473000E-08  1.063608800E-05  4.372738012E-05 -3.233250872E-05 -7.375949400E-07  2.841858056E-05  3.911555344E-05  1.063608800E-05  1.129473000E-08 -2.947663300E-09
-2.687146300E-09  1.035340500E-08  9.593112600E-06  3.935360683E-05 -2.904263653E-05 -5.538924000E-07  2.557612533E-05  3.516074667E-05  9.593112600E-06  1.035340500E-08 -2.687146300E-09
-2.511134400E-09  9.420860300E-09  8.648732000E-06  3.540317021E-05 -2.607748631E-05 -4.110357200E-07  2.300891100E-05  3.159315500E-05  8.648732000E-06  9.420860300E-09 -2.511134400E-09
-2.500993400E-09  8.409253400E-09  7.794031000E-06  3.183712870E-05 -2.340674610E-05 -3.005331400E-07  2.069157472E-05  2.837672828E-05  7.794031000E-06  8.409253400E-09 -2.500993400E-09
-1.970299100E-09  8.000144500E-09  7.020978200E-06  2.861715641E-05 -2.099874821E-05 -2.155579000E-07  1.859922767E-05  2.547579833E-05  7.020978200E-06  8.000144500E-09 -1.970299100E-09
-1.740456500E-09  7.364953700E-09  6.321987800E-06  2.571359457E-05 -1.883243263E-05 -1.506740500E-07  1.671256772E-05  2.286325328E-05  6.321987800E-06  7.364953700E-09 -1.740456500E-09
-1.543064700E-09  6.767169800E-09  5.690292300E-06  2.309576788E-05 -1.688328436E-05 -1.015005000E-07  1.501160094E-05  2.051072206E-05  5.690292300E-06  6.767169800E-09 -1.543064700E-09
-1.385487500E-09  6.194332700E-09  5.119672200E-06  2.073664403E-05 -1.513036291E-05 -6.458872200E-08  1.347874789E-05  1.839330611E-05  5.119672200E-06  6.194332700E-09 -1.385487500E-09
-1.265912600E-09  5.643523100E-09  4.604460600E-06  1.861157398E-05 -1.355456772E-05 -3.719502600E-08  1.209798689E-05  1.648832911E-05  4.604460600E-06  5.643523100E-09 -1.265912600E-09
-1.222498600E-09  5.072066800E-09  4.139481200E-06  1.669831265E-05 -1.213881769E-05 -1.716706100E-08  1.085485578E-05  1.477536422E-05  4.139481200E-06  5.072066800E-09 -1.222498600E-09
-1.008377600E-09  4.722855900E-09  3.719912900E-06  1.497647606E-05 -1.086694422E-05 -2.775790900E-09  9.734917611E-06  1.323573739E-05  3.719912900E-06  4.722855900E-09 -1.008377600E-09
 0.000000000E+00  7.050498900E-08  4.786052800E-05  1.917205554E-04 -1.384691712E-04 -6.983616400E-05  1.241957772E-04  1.698096328E-04  4.786052800E-05  7.050498900E-08  0.000000000E+00
-7.844507200E-11  6.485345600E-08  4.342589500E-05  1.735786877E-04 -1.251198698E-04 -5.681734400E-05  1.124556028E-04  1.535425472E-04  4.342589500E-05  6.485345600E-08 -7.844507100E-11
-2.881712800E-10  5.945773800E-08  3.937437700E-05  1.570444579E-04 -1.129791623E-04 -4.610084100E-05  1.017550517E-04  1.387361383E-04  3.937437700E-05  5.945773800E-08 -2.881712800E-10
-5.525874700E-10  5.437374900E-08  3.567651800E-05  1.419899835E-04 -1.019482664E-04 -3.730557400E-05  9.201141722E-05  1.252724328E-04  3.567651900E-05  5.437374900E-08 -5.525874700E-10
-8.221917700E-10  4.963063600E-08  3.230462300E-05  1.282954995E-04 -9.193495964E-05 -3.010804100E-05  8.314731028E-05  1.130411207E-04  3.230462300E-05  4.963063600E-08 -8.221917700E-10
-1.066933300E-09  4.523853600E-08  2.923272400E-05  1.158491614E-04 -8.285337700E-05 -2.423484200E-05  7.509041894E-05  1.019393361E-04  2.923272400E-05  4.523853600E-08 -1.066933300E-09
-1.266136700E-09  4.119873800E-08  2.643654400E-05  1.045467764E-04 -7.462375417E-05 -1.945579000E-05  6.777340872E-05  9.187136228E-05  2.643654400E-05  4.119873800E-08 -1.266136700E-09
-1.407364800E-09  3.750487900E-08  2.389344100E-05  9.429151673E-05 -6.717217503E-05 -1.557763200E-05  6.113367822E-05  8.274841378E-05  2.389344100E-05  3.750487900E-08 -1.407364800E-09
-1.489352200E-09  3.414004500E-08  2.158233900E-05  8.499359676E-05 -6.043030286E-05 -1.243920100E-05  5.511319228E-05  7.448827472E-05  2.158233900E-05  3.414004500E-08 -1.489352200E-09
-1.520435800E-09  3.107834200E-08  1.948367100E-05  7.656996189E-05 -5.433511719E-05 -9.906317200E-06  4.965825450E-05  6.701502050E-05  1.948367100E-05  3.107834200E-08 -1.520435800E-09
-1.524372400E-09  2.827905000E-08  1.757930000E-05  6.894397747E-05 -4.882866997E-05 -7.867482100E-06  4.471932578E-05  6.025869822E-05  1.757930000E-05  2.827905000E-08 -1.524372400E-09
-1.588139700E-09  2.564215900E-08  1.585252200E-05  6.204504662E-05 -4.385753492E-05 -6.230774400E-06  4.025070450E-05  5.415480250E-05  1.585252200E-05  2.564215900E-08 -1.588139700E-09
-1.579810700E-09  2.328133600E-08  1.428778500E-05  5.580770808E-05 -3.937242628E-05 -4.920364300E-06  3.621015872E-05  4.864389228E-05  1.428778500E-05  2.328133600E-08 -1.579810700E-09
-1.541870700E-09  2.114067200E-08  1.287083700E-05  5.017221973E-05 -3.532845203E-05 -3.874024000E-06  3.255902989E-05  4.367162811E-05  1.287083700E-05  2.114067200E-08 -1.541870700E-09
-1.480213000E-09  1.920071200E-08  1.158854000E-05  4.508367450E-05 -3.168447107E-05 -3.040680500E-06  2.926183400E-05  3.918817400E-05  1.158854100E-05  1.920071200E-08 -1.480213000E-09
-1.405450800E-09  1.743803200E-08  1.042881800E-05  4.049177743E-05 -2.840290353E-05 -2.378801500E-06  2.628604494E-05  3.514795006E-05  1.042881800E-05  1.743803200E-08 -1.405450800E-09
-1.338936500E-09  1.581919700E-08  9.380580400E-06  3.635052344E-05 -2.544948803E-05 -1.854849300E-06  2.360191067E-05  3.150934133E-05  9.380580500E-06  1.581919700E-08 -1.338936500E-09
-1.309882100E-09  1.430361100E-08  8.433669700E-06  3.261795247E-05 -2.279308178E-05 -1.440500100E-06  2.118229833E-05  2.823443567E-05  8.433669700E-06  1.430361100E-08 -1.309882100E-09
-1.398630100E-09  1.280021200E-08  7.578765600E-06  2.925587439E-05 -2.040552443E-05 -1.114383000E-06  1.900248350E-05  2.528879750E-05  7.578765600E-06  1.280021200E-08 -1.398630100E-09
-1.111043200E-09  1.179406100E-08  6.807416900E-06  2.622742561E-05 -1.825833100E-05 -8.582966300E-07  1.703876628E-05  2.263905672E-05  6.807417000E-06  1.179406100E-08 -1.111043200E-09
-9.840235800E-10  1.073787900E-08  6.111779700E-06  2.350261240E-05 -1.633066589E-05 -6.578624200E-07  1.527162367E-05  2.025842233E-05  6.111779800E-06  1.073787900E-08 -9.840235800E-10
-8.753372900E-10  9.765498000E-09  5.484769400E-06  2.105184745E-05 -1.460039076E-05 -5.014601500E-07  1.368194333E-05  1.812026867E-05  5.484769400E-06  9.765498000E-09 -8.753372900E-10
-7.988289100E-10  8.854964900E-09  4.919908800E-06  1.884873023E-05 -1.304813581E-05 -3.798504700E-07  1.225264083E-05  1.620092817E-05  4.919908900E-06  8.854964900E-09 -7.988289100E-10
-7.422226200E-10  8.011040100E-09  4.411300000E-06  1.686917834E-05 -1.165621246E-05 -2.856633700E-07  1.096814644E-05  1.447882556E-05  4.411300000E-06  8.011040100E-09 -7.422226200E-10
-7.412949200E-10  7.190915300E-09  3.953569200E-06  1.509150009E-05 -1.040883660E-05 -2.129863500E-07  9.814422278E-06  1.293457672E-05  3.953569200E-06  7.190915300E-09 -7.412949200E-10
-8.572119700E-10  6.326897000E-09  3.541826600E-06  1.349611395E-05 -9.291854519E-06 -1.571636500E-07  8.778779722E-06  1.155071008E-05  3.541826600E-06  6.326897000E-09 -8.572119700E-10
-5.479061000E-10  5.955295200E-09  3.171657200E-06  1.206319679E-05 -8.289647397E-06 -1.144951900E-07  7.848501017E-06  1.030943508E-05  3.171657200E-06  5.955295200E-09 -5.479061000E-10
-4.686643400E-10  5.414881300E-09  2.838997300E-06  1.077873410E-05 -7.393471171E-06 -8.207627400E-08  7.014428417E-06  9.198424083E-06  2.838997300E-06  5.414881300E-09 -4.686643400E-10
-4.071270500E-10  4.912960500E-09  2.540191700E-06  9.627305086E-06 -6.591698371E-06 -5.758490500E-08  6.266583989E-06  8.203930211E-06  2.540191700E-06  4.912960500E-09 -4.071270500E-10
-3.691369100E-10  4.438902300E-09  2.271917500E-06  8.595623506E-06 -5.874747190E-06 -3.922393100E-08  5.596369228E-06  7.314163072E-06  2.271917500E-06  4.438902300E-09 -3.691369100E-10
-3.523196100E-10  3.990701500E-09  2.031167600E-06  7.671631711E-06 -5.233902792E-06 -2.557831800E-08  4.995986128E-06  6.518436372E-06  2.031167600E-06  3.990701500E-09 -3.523196100E-10
-3.851220400E-10  3.535846400E-09  1.815215400E-06  6.844555793E-06 -4.661475660E-06 -1.555352300E-08  4.458456494E-06  5.807223006E-06  1.815215400E-06  3.535846400E-09 -3.851220400E-10
-2.802058100E-10  3.257923000E-09  1.621505200E-06  6.104513081E-06 -4.150086104E-06 -8.274589100E-09  3.976590889E-06  5.171837511E-06  1.621505200E-06  3.257923000E-09 -2.802058100E-10
 0.000000000E+00  4.822117300E-08  2.140688700E-05  7.909201585E-05 -5.281329459E-05 -3.853002900E-05  5.144261633E-05  6.665027767E-05  2.140688700E-05  4.822117300E-08  0.000000000E+00
 3.455746900E-10  4.429287800E-08  1.930042200E-05  7.119049554E-05 -4.744987618E-05 -3.092213800E-05  4.631940133E-05  5.989590267E-05  1.930042200E-05  4.429287800E-08  3.455746900E-10
 5.103998800E-10  4.052949000E-08  1.738827800E-05  6.403134249E-05 -4.259992597E-05 -2.475010500E-05  4.167597289E-05  5.378566711E-05  1.738827800E-05  4.052949000E-08  5.103998800E-10
 5.605496900E-10  3.697321500E-08  1.565430100E-05  5.755131488E-05 -3.821865336E-05 -1.975768300E-05  3.747161283E-05  4.826378017E-05  1.565430100E-05  3.697321500E-08  5.605496900E-10
 5.420025600E-10  3.364728400E-08  1.408342800E-05  5.169162711E-05 -3.426454754E-05 -1.573107000E-05  3.366844611E-05  4.327847989E-05  1.408342800E-05  3.364728400E-08  5.420025600E-10
 4.860330700E-10  3.056136500E-08  1.266165200E-05  4.639777272E-05 -3.069922864E-05 -1.249268500E-05  3.023134789E-05  3.878183811E-05  1.266165200E-05  3.056136500E-08  4.860330700E-10
 4.142750000E-10  2.771663700E-08  1.137597600E-05  4.161933379E-05 -2.748729120E-05 -9.895497900E-06  2.712781583E-05  3.472960717E-05  1.137597600E-05  2.771663700E-08  4.142750000E-10
 3.378225400E-10  2.510487400E-08  1.021437600E-05  3.730979830E-05 -2.459616450E-05 -7.818052100E-06  2.432784689E-05  3.108102511E-05  1.021437600E-05  2.510487400E-08  3.378225400E-10
 2.537202100E-10  2.270491800E-08  9.165745800E-06  3.342635183E-05 -2.199596202E-05 -6.160902400E-06  2.180381589E-05  2.779863811E-05  9.165745900E-06  2.270491800E-08  2.537202100E-10
 1.391371300E-10  2.047682000E-08  8.219851700E-06  2.992970562E-05 -1.965936188E-05 -4.842595400E-06  1.953035094E-05  2.484814006E-05  8.219851800E-06  2.047682000E-08  1.391371300E-10
-6.022517300E-11  1.835020400E-08  7.367284300E-06  2.678392503E-05 -1.756150005E-05 -3.796445200E-06  1.748423311E-05  2.219821089E-05  7.367284400E-06  1.835020400E-08 -6.022517300E-11
 0.000000000E+00  1.665477400E-08  6.599400600E-06  2.395474039E-05 -1.567789433E-05 -2.968512700E-06  1.564345617E-05  1.981895283E-05  6.599400700E-06  1.665477400E-08  0.000000000E+00
-3.303481800E-11  1.502474600E-08  5.908283300E-06  2.141310106E-05 -1.398918113E-05 -2.314964400E-06  1.398911822E-05  1.768519778E-05  5.908283300E-06  1.502474600E-08 -3.303481800E-11
-5.590106100E-11  1.354880100E-08  5.286685600E-06  1.913104094E-05 -1.247584436E-05 -1.800424700E-06  1.250318006E-05  1.577267094E-05  5.286685700E-06  1.354880100E-08 -5.590106100E-11
-7.081409400E-11  1.221337400E-08  4.727987300E-06  1.708338747E-05 -1.112055118E-05 -1.396279500E-06  1.116936978E-05  1.405957022E-05  4.727987300E-06  1.221337400E-08 -7.081409400E-11
-8.298156900E-11  1.100208500E-08  4.226147200E-06  1.524723521E-05 -9.907573150E-06 -1.079695900E-06  9.972864389E-06  1.252610461E-05  4.226147300E-06  1.100208500E-08 -8.298156900E-11
-1.054184800E-10  9.891570600E-09  3.775660600E-06  1.360178381E-05 -8.822676403E-06 -8.326070000E-07  8.900208861E-06  1.115432284E-05  3.775660700E-06  9.891570600E-09 -1.054184800E-10
-1.623563400E-10  8.848035700E-09  3.371521500E-06  1.212820298E-05 -7.853030561E-06 -6.396271000E-07  7.939200244E-06  9.928015356E-06  3.371521600E-06  8.848035700E-09 -1.623563400E-10
-3.078414000E-10  7.808609900E-09  3.009176100E-06  1.080950142E-05 -6.987147961E-06 -4.898325600E-07  7.078818983E-06  8.832579717E-06  3.009176100E-06  7.808609900E-09 -3.078414000E-10
-1.367120100E-10  7.170403600E-09  2.684480700E-06  9.628760886E-06 -6.212671836E-06 -3.737305400E-07  6.308249522E-06  7.853415078E-06  2.684480700E-06  7.170403600E-09 -1.367120100E-10
-1.021896300E-10  6.472574700E-09  2.393697700E-06  8.573428127E-06 -5.522006567E-06 -2.840240700E-07  5.619212661E-06  6.979859439E-06  2.393697700E-06  6.472574700E-09 -1.021896300E-10
-8.056510500E-11  5.831979700E-09  2.133424500E-06  7.630370260E-06 -4.905998700E-06 -2.148868300E-07  5.003224822E-06  6.200657978E-06  2.133424600E-06  5.831979700E-09 -8.056510500E-11
-7.950489000E-11  5.234631100E-09  1.900585500E-06  6.788114979E-06 -4.356902969E-06 -1.617754400E-07  4.452844344E-06  5.506019456E-06  1.900585600E-06  5.234631100E-09 -7.950489000E-11
-8.805156100E-11  4.685689500E-09  1.692399000E-06  6.036246115E-06 -3.867663825E-06 -1.211216400E-07  3.961321483E-06  4.887063817E-06  1.692399000E-06  4.685689500E-09 -8.805156100E-11
-1.294671900E-10  4.156587500E-09  1.506352400E-06  5.365483584E-06 -3.432077544E-06 -9.009542100E-08  3.522626856E-06  4.335901744E-06  1.506352400E-06  4.156587500E-09 -1.294671900E-10
-2.417135700E-10  3.604521300E-09  1.340177800E-06  4.767520105E-06 -3.044636286E-06 -6.651276000E-08  3.131354394E-06  3.845486506E-06  1.340177800E-06  3.604521300E-09 -2.417135700E-10
-7.266102600E-11  3.376994000E-09  1.191807000E-06  4.233614043E-06 -2.698784237E-06 -4.866075300E-08  2.781918906E-06  3.408355594E-06  1.191807000E-06  3.376994000E-09 -7.266102600E-11
-5.202548100E-11  3.040434800E-09  1.059421100E-06  3.758318673E-06 -2.391716157E-06 -3.521817300E-08  2.470693233E-06  3.019966967E-06  1.059421100E-06  3.040434800E-09 -5.202548100E-11
-4.038865000E-11  2.730483600E-09  9.413465300E-07  3.335054769E-06 -2.118772289E-06 -2.513765100E-08  2.193414006E-06  2.674748294E-06  9.413465500E-07  2.730483600E-09 -4.038865000E-11
-4.111572800E-11  2.440387700E-09  8.360855000E-07  2.958318393E-06 -1.876297006E-06 -1.762628100E-08  1.946502644E-06  2.368060956E-06  8.360855200E-07  2.440387700E-09 -4.111572800E-11
-5.226042000E-11  2.169026300E-09  7.422927300E-07  2.623140521E-06 -1.660974249E-06 -1.206717900E-08  1.726731717E-06  2.095723783E-06  7.422927500E-07  2.169026300E-09 -5.226042000E-11
-9.080087300E-11  1.896631300E-09  6.587589600E-07  2.325131394E-06 -1.469925258E-06 -7.991630700E-09  1.531241678E-06  1.854053322E-06  6.587589700E-07  1.896631300E-09 -9.080087300E-11
-4.347633900E-11  1.733794700E-09  5.843402700E-07  2.060249423E-06 -1.300335461E-06 -5.026383600E-09  1.356979106E-06  1.639703794E-06  5.843402800E-07  1.733794700E-09 -4.347633900E-11
 0.000000000E+00  2.549843400E-08  7.595915500E-06  2.601054323E-05 -1.585982251E-05 -1.768751800E-05  1.721336550E-05  2.022392750E-05  7.595915600E-06  2.549843400E-08  0.000000000E+00
 2.872637000E-10  2.327836400E-08  6.790962700E-06  2.322650413E-05 -1.413726871E-05 -1.395231900E-05  1.538023733E-05  1.801563867E-05  6.790962800E-06  2.327836400E-08  2.872637000E-10
 4.518549000E-10  2.116590900E-08  6.066536900E-06  2.072452892E-05 -1.259225938E-05 -1.097644500E-05  1.373182889E-05  1.603570311E-05  6.066537000E-06  2.116590900E-08  4.518549000E-10
 5.339478900E-10  1.918218000E-08  5.415289600E-06  1.847840897E-05 -1.120792369E-05 -8.612498100E-06  1.225108961E-05  1.426242939E-05  5.415289700E-06  1.918218000E-08  5.339478900E-10
 5.620636100E-10  1.733793900E-08  4.830432800E-06  1.646400483E-05 -9.968773842E-06 -6.740054800E-06  1.092229422E-05  1.267588578E-05  4.830432900E-06  1.733793900E-08  5.620636100E-10
 5.561683200E-10  1.563664800E-08  4.305714900E-06  1.465914131E-05 -8.860626136E-06 -5.261191800E-06  9.730990111E-06  1.125781189E-05  4.305715000E-06  1.563664800E-08  5.561683200E-10
 5.307163700E-10  1.407745300E-08  3.835393700E-06  1.304350010E-05 -7.870521492E-06 -4.096434200E-06  8.663919844E-06  9.991512556E-06  3.835393800E-06  1.407745300E-08  5.307163700E-10
 4.945691900E-10  1.265505500E-08  3.414207600E-06  1.159850926E-05 -6.986650092E-06 -3.181378700E-06  7.708963244E-06  8.861765156E-06  3.414207700E-06  1.265505500E-08  4.945691900E-10
 4.495258500E-10  1.135818300E-08  3.037345700E-06  1.030723735E-05 -6.198282606E-06 -2.464525900E-06  6.855057522E-06  7.854727478E-06  3.037345700E-06  1.135818300E-08  4.495258500E-10
 3.882751800E-10  1.016750900E-08  2.700419500E-06  9.154296351E-06 -5.495709181E-06 -1.904495100E-06  6.092139683E-06  6.957852017E-06  2.700419500E-06  1.016750900E-08  3.882751800E-10
 2.890703800E-10  9.050284200E-09  2.399434400E-06  8.125752814E-06 -4.870190594E-06 -1.467976000E-06  5.411085378E-06  6.159811022E-06  2.399434400E-06  9.050284200E-09  2.890703800E-10
 2.777611600E-10  8.121394700E-09  2.130768300E-06  7.208445137E-06 -4.313117517E-06 -1.128691100E-06  4.803333494E-06  5.449845606E-06  2.130768300E-06  8.121394700E-09  2.777611600E-10
 2.379106400E-10  7.255821200E-09  1.891113900E-06  6.391282221E-06 -3.817841961E-06 -8.656485800E-07  4.261570267E-06  4.819056533E-06  1.891113900E-06  7.255821200E-09  2.379106400E-10
 2.039805600E-10  6.479211900E-09  1.677490900E-06  5.663728658E-06 -3.377668708E-06 -6.622512500E-07  3.778903922E-06  4.258911878E-06  1.677490900E-06  6.479211900E-09  2.039805600E-10
 1.750018100E-10  5.782743500E-09  1.487200300E-06  5.016384830E-06 -2.986721850E-06 -5.053000600E-07  3.349170878E-06  3.761838922E-06  1.487200300E-06  5.782743500E-09  1.750018100E-10
 1.480507200E-10  5.156320800E-09  1.317804400E-06  4.440780686E-06 -2.639722036E-06 -3.845202700E-07  2.966810250E-06  3.321033250E-06  1.317804400E-06  5.156320800E-09  1.480507200E-10
 1.160760300E-10  4.586359400E-09  1.167104800E-06  3.929302734E-06 -2.331942594E-06 -2.919965000E-07  2.626819789E-06  2.930393211E-06  1.167104900E-06  4.586359400E-09  1.160760300E-10
 6.424185800E-11  4.052091300E-09  1.033122200E-06  3.475130797E-06 -2.059174947E-06 -2.208396900E-07  2.324711744E-06  2.584469656E-06  1.033122200E-06  4.052091300E-09  6.424185800E-11
-3.665186000E-11  3.518954100E-09  9.140765900E-07  3.072186249E-06 -1.817706619E-06 -1.666236400E-07  2.056478089E-06  2.278419911E-06  9.140766100E-07  3.518954100E-09 -3.665186000E-11
 4.797082300E-11  3.216017500E-09  8.083404400E-07  2.714175441E-06 -1.603186861E-06 -1.253187700E-07  1.818065406E-06  2.007189294E-06  8.083404600E-07  3.216017500E-09  4.797082300E-11
 5.453891100E-11  2.875873400E-09  7.145027000E-07  2.396973077E-06 -1.413582027E-06 -9.394934900E-08  1.606665600E-06  1.767564400E-06  7.145027200E-07  2.875873400E-09  5.453891100E-11
 5.436260200E-11  2.565582000E-09  6.312639300E-07  2.115906158E-06 -1.245876728E-06 -7.017073100E-08  1.419218761E-06  1.555833139E-06  6.312639400E-07  2.565582000E-09  5.436260200E-11
 4.298308500E-11  2.277006000E-09  5.574674500E-07  1.867006151E-06 -1.097639099E-06 -5.220177400E-08  1.253106961E-06  1.368864939E-06  5.574674700E-07  2.277006000E-09  4.298308500E-11
 2.731848800E-11  2.013712300E-09  4.920763600E-07  1.646688583E-06 -9.666555667E-07 -3.867024400E-08  1.105969011E-06  1.203837589E-06  4.920763700E-07  2.013712300E-09  2.731848800E-11
-5.605315700E-12  1.759737900E-09  4.341651400E-07  1.451812517E-06 -8.510270175E-07 -2.850129200E-08  9.757267944E-07  1.058288106E-06  4.341651500E-07  1.759737900E-09 -5.605315700E-12
-7.617463200E-11  1.492015900E-09  3.829075700E-07  1.279601267E-06 -7.490943058E-07 -2.088809800E-08  8.605385428E-07  9.300461272E-07  3.829075800E-07  1.492015900E-09 -7.617463200E-11
 1.124812600E-11  1.403286500E-09  3.375346500E-07  1.126913398E-06 -6.585850761E-07 -1.520764500E-08  7.583845339E-07  8.166330561E-07  3.375346500E-07  1.403286500E-09  1.124812600E-11
 1.622319900E-11  1.251427500E-09  2.974212500E-07  9.922259870E-07 -5.790062250E-07 -1.099044100E-08  6.681983256E-07  7.168970944E-07  2.974212600E-07  1.251427500E-09  1.622319900E-11
 1.674104600E-11  1.112251700E-09  2.619650600E-07  8.732929654E-07 -5.088559194E-07 -7.867143500E-09  5.885040322E-07  6.290859478E-07  2.619650700E-07  1.112251700E-09  1.674104600E-11
 1.116569900E-11  9.823197900E-10  2.306401900E-07  7.683291662E-07 -4.470574622E-07 -5.566843600E-09  5.181187333E-07  5.518180267E-07  2.306402000E-07  9.823197900E-10  1.116569900E-11
 0.000000000E+00  8.613406900E-10  2.029787900E-07  6.757317397E-07 -3.926344217E-07 -3.881661500E-09  4.559824489E-07  4.838557911E-07  2.029788000E-07  8.613406900E-10  0.000000000E+00
-2.295737700E-11  7.392071900E-10  1.785653400E-07  5.941103478E-07 -3.447632478E-07 -2.657455500E-09  4.011708628E-07  4.241301272E-07  1.785653500E-07  7.392071900E-10 -2.295737700E-11
-1.404222800E-12  6.732303700E-10  1.569982700E-07  5.221676266E-07 -3.026034136E-07 -1.771515200E-09  3.526289561E-07  3.716742339E-07  1.569982700E-07  6.732303700E-10 -1.404222800E-12
 0.000000000E+00  9.165241300E-09  1.748031400E-06  5.619913528E-06 -3.067956358E-06 -5.911807400E-06  3.879521006E-06  3.627826894E-06  1.748031500E-06  9.165241300E-09  0.000000000E+00
 1.191070500E-10  8.281794700E-09  1.546814000E-06  4.972621043E-06 -2.711758383E-06 -4.554611600E-06  3.435580739E-06  3.196027561E-06  1.546814100E-06  8.281794700E-09  1.191070500E-10
 1.886542400E-10  7.452456100E-09  1.367598200E-06  4.396267102E-06 -2.395003822E-06 -3.499435300E-06  3.039949456E-06  2.813145944E-06  1.367598200E-06  7.452456100E-09  1.886542400E-10
 2.246691800E-10  6.683380600E-09  1.208159600E-06  3.883639358E-06 -2.113621478E-06 -2.681509900E-06  2.687756394E-06  2.474031706E-06  1.208159600E-06  6.683380600E-09  2.246691800E-10
 2.384952300E-10  5.976856900E-09  1.066469500E-06  3.428168754E-06 -1.863913564E-06 -2.049336100E-06  2.374560456E-06  2.174013744E-06  1.066469500E-06  5.976856900E-09  2.384952300E-10
 2.380666000E-10  5.332532700E-09  9.406823500E-07  3.023887989E-06 -1.642529519E-06 -1.562185100E-06  2.096322072E-06  1.908865428E-06  9.406823900E-07  5.332532700E-09  2.380666000E-10
 2.287817400E-10  4.748240400E-09  8.291239900E-07  2.665388483E-06 -1.446439583E-06 -1.187838400E-06  1.849376667E-06  1.674772933E-06  8.291240300E-07  4.748240400E-09  2.287817400E-10
 2.131048200E-10  4.219553200E-09  7.302788100E-07  2.347782360E-06 -1.272913520E-06 -9.008235800E-07  1.630408217E-06  1.468302683E-06  7.302788400E-07  4.219553200E-09  2.131048200E-10
 1.895987900E-10  3.738778600E-09  6.427783200E-07  2.066665003E-06 -1.119500413E-06 -6.814413100E-07  1.436423956E-06  1.286376044E-06  6.427783500E-07  3.738778600E-09  1.895987900E-10
 1.507331000E-10  3.292733400E-09  5.653901700E-07  1.818085702E-06 -9.840154917E-07 -5.142472100E-07  1.264734528E-06  1.126244372E-06  5.653902000E-07  3.292733400E-09  1.507331000E-10
 7.921999200E-11  2.859055000E-09  4.970077600E-07  1.598521835E-06 -8.645311450E-07 -3.870603300E-07  1.112935400E-06  9.854694000E-07  4.970077800E-07  2.859055000E-09  7.921999200E-11
 1.052612900E-10  2.562619500E-09  4.366050100E-07  1.404378042E-06 -7.588328822E-07 -2.906192000E-07  9.786346817E-07  8.615295683E-07  4.366050200E-07  2.562619500E-09  1.052612900E-10
 9.301226800E-11  2.264042800E-09  3.833169400E-07  1.233177578E-06 -6.657784039E-07 -2.176761700E-07  8.600845100E-07  7.527665100E-07  3.833169600E-07  2.264042800E-09  9.301226800E-11
 8.193023900E-11  1.998770200E-09  3.363339400E-07  1.082228438E-06 -5.838118647E-07 -1.626576200E-07  7.554648867E-07  6.573251133E-07  3.363339500E-07  1.998770200E-09  8.193023900E-11
 7.176686000E-11  1.763117400E-09  2.949398100E-07  9.492287405E-07 -5.116619375E-07 -1.212220300E-07  6.632034156E-07  5.736372244E-07  2.949398300E-07  1.763117400E-09  7.176686000E-11
 6.147426600E-11  1.552947500E-09  2.584953500E-07  8.321263238E-07 -4.481981008E-07 -9.011182500E-08  5.818967406E-07  5.003110894E-07  2.584953600E-07  1.552947500E-09  6.147426600E-11
 4.831917700E-11  1.362759400E-09  2.264311400E-07  7.290976526E-07 -3.924201236E-07 -6.691587900E-08  5.102958322E-07  4.361160278E-07  2.264311500E-07  1.362759400E-09  4.831917700E-11
 2.573669300E-11  1.183520300E-09  1.982405100E-07  6.385297184E-07 -3.434512744E-07 -4.941654500E-08  4.472933494E-07  3.799687206E-07  1.982405100E-07  1.183520300E-09  2.573669300E-11
-1.783891600E-11  1.001480900E-09  1.734748500E-07  5.590077378E-07 -3.005333378E-07 -3.644534600E-08  3.919145533E-07  3.309246867E-07  1.734748500E-07  1.001480900E-09 -1.783891600E-11
 2.090216800E-11  9.174637100E-10  1.517082800E-07  4.889336979E-07 -2.626170569E-07 -2.680151500E-08  3.431033611E-07  2.878995789E-07  1.517082900E-07  9.174637100E-10  2.090216800E-11
 2.377731800E-11  8.120420500E-10  1.326126200E-07  4.275138976E-07 -2.294628456E-07 -1.965740000E-08  3.002707867E-07  2.503914533E-07  1.326126200E-07  8.120420500E-10  2.377731800E-11
 2.341794000E-11  7.160887300E-10  1.158638800E-07  3.736389575E-07 -2.004104525E-07 -1.436969300E-08  2.626642050E-07  2.176619450E-07  1.158638800E-07  7.160887300E-10  2.341794000E-11
 1.852895900E-11  6.268814700E-10  1.011824800E-07  3.264142113E-07 -1.749726633E-07 -1.046890000E-08  2.296674933E-07  1.891237067E-07  1.011824900E-07  6.268814700E-10  1.852895900E-11
 1.215451500E-11  5.461723300E-10  8.832002900E-08  2.850348984E-07 -1.527044544E-07 -7.602344700E-09  2.007281517E-07  1.642499983E-07  8.832003200E-08  5.461723300E-10  1.215451500E-11
 0.000000000E+00  4.681526000E-10  7.705855300E-08  2.488117891E-07 -1.332374491E-07 -5.497193700E-09  1.753692506E-07  1.425932794E-07  7.705855500E-08  4.681526000E-10  0.000000000E+00
-2.622975800E-11  3.847354000E-10  6.720621100E-08  2.171447830E-07 -1.162562250E-07 -3.957394400E-09  1.531741433E-07  1.237660367E-07  6.720621300E-08  3.847354000E-10 -2.622975800E-11
 5.281647400E-12  3.653089300E-10  5.857412300E-08  1.892770951E-07 -1.012351741E-07 -2.834325400E-09  1.336418256E-07  1.072722744E-07  5.857412500E-08  3.653089300E-10  5.281647400E-12
 6.712339900E-12  3.220606500E-10  5.103405100E-08  1.649792594E-07 -8.818822144E-08 -2.019782500E-09  1.165901244E-07  9.297607556E-08  5.103405300E-08  3.220606500E-10  6.712339900E-12
 6.558408400E-12  2.826368800E-10  4.444542300E-08  1.437433675E-07 -7.679539850E-08 -1.428948500E-09  1.016728249E-07  8.055055511E-08  4.444542400E-08  2.826368800E-10  6.558408400E-12
 4.367751700E-12  2.459526900E-10  3.869112700E-08  1.251954755E-07 -6.685530650E-08 -1.002785100E-09  8.863077250E-08  6.975849050E-08  3.869112800E-08  2.459526900E-10  4.367751700E-12
 0.000000000E+00  2.119924900E-10  3.366810300E-08  1.090016548E-07 -5.818472061E-08 -6.966890800E-10  7.723335911E-08  6.038897689E-08  3.366810400E-08  2.119924900E-10  0.000000000E+00
-7.278848200E-12  1.774778000E-10  2.928639000E-08  9.487919674E-08 -5.063517364E-08 -4.788243400E-10  6.728369728E-08  5.226476372E-08  2.928639100E-08  1.774778000E-10 -7.278848200E-12
 0.000000000E+00  1.611014700E-10  2.545566500E-08  8.255493305E-08 -4.404384275E-08 -3.235740300E-10  5.853812572E-08  4.522851128E-08  2.545566600E-08  1.611014700E-10  0.000000000E+00
 0.000000000E+00  1.449369400E-09  1.706623400E-07  5.851800886E-07 -3.088625306E-07 -9.697033800E-07  4.409305078E-07  1.850925122E-07  1.706623300E-07  1.449369400E-09  0.000000000E+00
 1.782148800E-11  1.280847300E-09  1.486963600E-07  5.108877259E-07 -2.699055969E-07 -7.152194700E-07  3.853351772E-07  1.594009128E-07  1.486963500E-07  1.280847300E-09  1.782148800E-11
 2.771306200E-11  1.127365900E-09  1.294390000E-07  4.456089304E-07 -2.356408014E-07 -5.259347600E-07  3.364255239E-07  1.371596061E-07  1.294390000E-07  1.127365900E-09  2.771306200E-11
 3.241921100E-11  9.890028000E-10  1.125766100E-07  3.883197368E-07 -2.055388628E-07 -3.856263900E-07  2.934514822E-07  1.179263178E-07  1.125766100E-07  9.890028000E-10  3.241921100E-11
 3.381890900E-11  8.652521700E-10  9.782825000E-08  3.381008059E-07 -1.791244769E-07 -2.819627900E-07  2.557378450E-07  1.013117050E-07  9.782824900E-08  8.652521700E-10  3.381890900E-11
 3.318036800E-11  7.552540700E-10  8.494296300E-08  2.941286342E-07 -1.559716292E-07 -2.056445100E-07  2.226786867E-07  8.697347333E-08  8.494296300E-08  7.552540700E-10  3.318036800E-11
 3.128704100E-11  6.578978400E-10  7.369717500E-08  2.556675619E-07 -1.356995129E-07 -1.496253000E-07  1.937315306E-07  7.461171944E-08  7.369717500E-08  6.578978400E-10  3.128704100E-11
 2.829745600E-11  5.716620000E-10  6.389215800E-08  2.220623791E-07 -1.179690741E-07 -1.085582600E-07  1.684121711E-07  6.396446889E-08  6.389215800E-08  5.716620000E-10  2.829745600E-11
 2.348042600E-11  4.943332800E-10  5.535184200E-08  1.927319568E-07 -1.024802038E-07 -7.857256600E-08  1.462899064E-07  5.480451861E-08  5.535184200E-08  4.943332800E-10  2.348042600E-11
 1.459578700E-11  4.223755000E-10  4.792079100E-08  1.671640456E-07 -8.896999061E-08 -5.675713100E-08  1.269836353E-07  4.693679667E-08  4.792079100E-08  4.223755000E-10  1.459578700E-11
-3.057368700E-12  3.499707100E-10  4.146243000E-08  1.449113468E-07 -7.721205783E-08 -4.088294400E-08  1.101585398E-07  4.019687917E-08  4.146243100E-08  3.499707100E-10 -3.057368700E-12
 7.238710000E-12  3.124120600E-10  3.584355700E-08  1.254763573E-07 -6.690054428E-08 -2.938689600E-08  9.546575783E-08  3.435311717E-08  3.584355700E-08  3.124120600E-10  7.238710000E-12
 6.322615300E-12  2.700488700E-10  3.096895900E-08  1.085958064E-07 -5.794780383E-08 -2.108068100E-08  8.268643822E-08  2.936027378E-08  3.096895900E-08  2.700488700E-10  6.322615300E-12
 5.481549700E-12  2.332477400E-10  2.674071600E-08  9.392509898E-08 -5.015966908E-08 -1.509734500E-08  7.157003072E-08  2.507932828E-08  2.674071600E-08  2.332477400E-10  5.481549700E-12
 4.655633900E-12  2.012465100E-10  2.307588100E-08  8.118512427E-08 -4.339027867E-08 -1.078217200E-08  6.190804594E-08  2.141130706E-08  2.307588100E-08  2.012465100E-10  4.655633900E-12
 3.633608100E-12  1.732195300E-10  1.990175900E-08  7.013087496E-08 -3.751162386E-08 -7.683537700E-09  5.351714378E-08  1.827086022E-08  1.990175900E-08  1.732195300E-10  3.633608100E-12
 1.873103100E-12  1.480903000E-10  1.715483000E-08  6.054828633E-08 -3.241218703E-08 -5.496876900E-09  4.623676556E-08  1.558489044E-08  1.715483000E-08  1.480903000E-10  1.873103100E-12
-2.020627100E-12  1.240048400E-10  1.477959000E-08  5.225157227E-08 -2.799633597E-08 -3.879445400E-09  3.992700156E-08  1.329129444E-08  1.477959000E-08  1.240048400E-10 -2.020627100E-12
-1.031875700E-11  9.830464000E-11  1.272818600E-08  4.508190901E-08 -2.418364031E-08 -2.746985100E-09  3.446756328E-08  1.133873772E-08  1.272818600E-08  9.830464000E-11 -1.031875700E-11
-1.215096800E-12  9.219308200E-11  1.095073200E-08  3.883174636E-08 -2.083576956E-08 -1.940295700E-09  2.971235456E-08  9.644435444E-09  1.095073200E-08  9.219308200E-11 -1.215096800E-12
 0.000000000E+00  8.038845800E-11  9.418505500E-09  3.344524859E-08 -1.795653039E-08 -1.368859800E-09  2.560825656E-08  8.208245444E-09  9.418505500E-09  8.038845800E-11  0.000000000E+00
 0.000000000E+00  6.959971000E-11  8.096735800E-09  2.879199398E-08 -1.546808208E-08 -9.626061400E-10  2.205980244E-08  6.983629556E-09  8.096735900E-09  6.959971000E-11  0.000000000E+00
 0.000000000E+00  5.942245000E-11  6.957307400E-09  2.477579689E-08 -1.331985649E-08 -6.750794900E-10  1.899444417E-08  5.940364833E-09  6.957307400E-09  5.942245000E-11  0.000000000E+00
 0.000000000E+00  5.028559200E-11  5.975505800E-09  2.131035449E-08 -1.146529819E-08 -4.727558400E-10  1.634741218E-08  5.051378222E-09  5.975505800E-09  5.028559200E-11  0.000000000E+00
-2.624064500E-12  4.118963900E-11  5.130306500E-09  1.832469209E-08 -9.867961689E-09 -3.296948000E-10  1.406476934E-08  4.295368056E-09  5.130306500E-09  4.118963900E-11 -2.624064500E-12
-6.870196000E-12  3.078158200E-11  4.403632300E-09  1.575863148E-08 -8.497617278E-09 -2.291344100E-10  1.210055063E-08  3.654643967E-09  4.403632300E-09  3.078158200E-11 -6.870196000E-12
 0.000000000E+00  3.126977100E-11  3.775058400E-09  1.351859703E-08 -7.287932328E-09 -1.585650200E-10  1.038808289E-08  3.097571511E-09  3.775058500E-09  3.126977100E-11  0.000000000E+00
 0.000000000E+00  2.714899300E-11  3.236172300E-09  1.160301174E-08 -6.258484256E-09 -1.095048300E-10  8.921449906E-09  2.628842594E-09  3.236172300E-09  2.714899300E-11  0.000000000E+00
 0.000000000E+00  2.336777400E-11  2.773075500E-09  9.954903769E-09 -5.372486619E-09 -7.510261700E-11  7.658639756E-09  2.230459844E-09  2.773075500E-09  2.336777400E-11  0.000000000E+00
 0.000000000E+00  1.979060100E-11  2.375338200E-09  8.538198812E-09 -4.610933542E-09 -5.117921200E-11  6.572274806E-09  1.892123894E-09  2.375338200E-09  1.979060100E-11  0.000000000E+00
 0.000000000E+00  1.645051500E-11  2.033916200E-09  7.320812663E-09 -3.956398553E-09 -3.458787800E-11  5.638125606E-09  1.604799094E-09  2.033916200E-09  1.645051500E-11  0.000000000E+00
-2.030922500E-12  1.286307000E-11  1.741158900E-09  6.276843842E-09 -3.395681192E-09 -2.326222800E-11  4.836393411E-09  1.361359189E-09  1.741158900E-09  1.286307000E-11 -2.030922500E-12
 0.000000000E+00  1.191593400E-11  1.488605500E-09  5.378095565E-09 -2.911706575E-09 -1.540710000E-11  4.138775967E-09  1.157289033E-09  1.488605500E-09  1.191593400E-11  0.000000000E+00
 0.000000000E+00  0.000000000E+00  0.000000000E+00 -0.000000000E+00 -0.000000000E+00  0.000000000E+00 -0.000000000E+00 -0.000000000E+00  0.000000000E+00  0.000000000E+00  0.000000000E+00
 0.000000000E+00  0.000000000E+00  0.000000000E+00 -0.000000000E+00 -0.000000000E+00  0.000000000E+00 -0.000000000E+00 -0.000000000E+00  0.000000000E+00  0.000000000E+00  0.000000000E+00
 0.000000000E+00  0.000000000E+00  0.000000000E+00 -0.000000000E+00 -0.000000000E+00  0.000000000E+00 -0.000000000E+00 -0.000000000E+00  0.000000000E+00  0.000000000E+00  0.000000000E+00
 0.000000000E+00  0.000000000E+00  0.000000000E+00 -0.000000000E+00 -0.000000000E+00  0.000000000E+00 -0.000000000E+00 -0.000000000E+00  0.000000000E+00  0.000000000E+00  0.000000000E+00
 0.000000000E+00  0.000000000E+00  0.000000000E+00 -0.000000000E+00 -0.000000000E+00  0.000000000E+00 -0.000000000E+00 -0.000000000E+00  0.000000000E+00  0.000000000E+00  0.000000000E+00
 0.000000000E+00  0.000000000E+00  0.000000000E+00 -0.000000000E+00 -0.000000000E+00  0.000000000E+00 -0.000000000E+00 -0.000000000E+00  0.000000000E+00  0.000000000E+00  0.000000000E+00
 0.000000000E+00  0.000000000E+00  0.000000000E+00 -0.000000000E+00 -0.000000000E+00  0.000000000E+00 -0.000000000E+00 -0.000000000E+00  0.000000000E+00  0.000000000E+00  0.000000000E+00
 0.000000000E+00  0.000000000E+00  0.000000000E+00 -0.000000000E+00 -0.000000000E+00  0.000000000E+00 -0.000000000E+00 -0.000000000E+00  0.000000000E+00  0.000000000E+00  0.000000000E+00
 0.000000000E+00  0.000000000E+00  0.000000000E+00 -0.000000000E+00 -0.000000000E+00  0.000000000E+00 -0.000000000E+00 -0.000000000E+00  0.000000000E+00  0.000000000E+00  0.000000000E+00
 0.000000000E+00  0.000000000E+00  0.000000000E+00 -0.000000000E+00 -0.000000000E+00  0.000000000E+00 -0.000000000E+00 -0.000000000E+00  0.000000000E+00  0.000000000E+00  0.000000000E+00
 0.000000000E+00  0.000000000E+00  0.000000000E+00 -0.000000000E+00 -0.000000000E+00  0.000000000E+00 -0.000000000E+00 -0.000000000E+00  0.000000000E+00  0.000000000E+00  0.000000000E+00
 0.000000000E+00  0.000000000E+00  0.000000000E+00 -0.000000000E+00 -0.000000000E+00  0.000000000E+00 -0.000000000E+00 -0.000000000E+00  0.000000000E+00  0.000000000E+00  0.000000000E+00
 0.000000000E+00  0.000000000E+00  0.000000000E+00 -0.000000000E+00 -0.000000000E+00  0.000000000E+00 -0.000000000E+00 -0.000000000E+00  0.000000000E+00  0.000000000E+00  0.000000000E+00
 0.000000000E+00  0.000000000E+00  0.000000000E+00 -0.000000000E+00 -0.000000000E+00  0.000000000E+00 -0.000000000E+00 -0.000000000E+00  0.000000000E+00  0.000000000E+00  0.000000000E+00
 0.000000000E+00  0.000000000E+00  0.000000000E+00 -0.000000000E+00 -0.000000000E+00  0.000000000E+00 -0.000000000E+00 -0.000000000E+00  0.000000000E+00  0.000000000E+00  0.000000000E+00
 0.000000000E+00  0.000000000E+00  0.000000000E+00 -0.000000000E+00 -0.000000000E+00  0.000000000E+00 -0.000000000E+00 -0.000000000E+00  0.000000000E+00  0.000000000E+00  0.000000000E+00
 0.000000000E+00  0.000000000E+00  0.000000000E+00 -0.000000000E+00 -0.000000000E+00  0.000000000E+00 -0.000000000E+00 -0.000000000E+00  0.000000000E+00  0.000000000E+00  0.000000000E+00
 0.000000000E+00  0.000000000E+00  0.000000000E+00 -0.000000000E+00 -0.000000000E+00  0.000000000E+00 -0.000000000E+00 -0.000000000E+00  0.000000000E+00  0.000000000E+00  0.000000000E+00
 0.000000000E+00  0.000000000E+00  0.000000000E+00 -0.000000000E+00 -0.000000000E+00  0.000000000E+00 -0.000000000E+00 -0.000000000E+00  0.000000000E+00  0.000000000E+00  0.000000000E+00
 0.000000000E+00  0.000000000E+00  0.000000000E+00 -0.000000000E+00 -0.000000000E+00  0.000000000E+00 -0.000000000E+00 -0.000000000E+00  0.000000000E+00  0.000000000E+00  0.000000000E+00
 0.000000000E+00  0.000000000E+00  0.000000000E+00 -0.000000000E+00 -0.000000000E+00  0.000000000E+00 -0.000000000E+00 -0.000000000E+00  0.000000000E+00  0.000000000E+00  0.000000000E+00
 0.000000000E+00  0.000000000E+00  0.000000000E+00 -0.000000000E+00 -0.000000000E+00  0.000000000E+00 -0.000000000E+00 -0.000000000E+00  0.000000000E+00  0.000000000E+00  0.000000000E+00
 0.000000000E+00  0.000000000E+00  0.000000000E+00 -0.000000000E+00 -0.000000000E+00  0.000000000E+00 -0.000000000E+00 -0.000000000E+00  0.000000000E+00  0.000000000E+00  0.000000000E+00
 0.000000000E+00  0.000000000E+00  0.000000000E+00 -0.000000000E+00 -0.000000000E+00  0.000000000E+00 -0.000000000E+00 -0.000000000E+00  0.000000000E+00  0.000000000E+00  0.000000000E+00
 0.000000000E+00  0.000000000E+00  0.000000000E+00 -0.000000000E+00 -0.000000000E+00  0.000000000E+00 -0.000000000E+00 -0.000000000E+00  0.000000000E+00  0.000000000E+00  0.000000000E+00
 0.000000000E+00  0.000000000E+00  0.000000000E+00 -0.000000000E+00 -0.000000000E+00  0.000000000E+00 -0.000000000E+00 -0.000000000E+00  0.000000000E+00  0.000000000E+00  0.000000000E+00
 0.000000000E+00  0.000000000E+00  0.000000000E+00 -0.000000000E+00 -0.000000000E+00  0.000000000E+00 -0.000000000E+00 -0.000000000E+00  0.000000000E+00  0.000000000E+00  0.000000000E+00
 0.000000000E+00  0.000000000E+00  0.000000000E+00 -0.000000000E+00 -0.000000000E+00  0.000000000E+00 -0.000000000E+00 -0.000000000E+00  0.000000000E+00  0.000000000E+00  0.000000000E+00
 0.000000000E+00  0.000000000E+00  0.000000000E+00 -0.000000000E+00 -0.000000000E+00  0.000000000E+00 -0.000000000E+00 -0.000000000E+00  0.000000000E+00  0.000000000E+00  0.000000000E+00
 0.000000000E+00  0.000000000E+00  0.000000000E+00 -0.000000000E+00 -0.000000000E+00  0.000000000E+00 -0.000000000E+00 -0.000000000E+00  0.000000000E+00  0.000000000E+00  0.000000000E+00
 0.000000000E+00  0.000000000E+00  0.000000000E+00 -0.000000000E+00 -0.000000000E+00  0.000000000E+00 -0.000000000E+00 -0.000000000E+00  0.000000000E+00  0.000000000E+00  0.000000000E+00
 0.000000000E+00  0.000000000E+00  0.000000000E+00 -0.000000000E+00 -0.000000000E+00  0.000000000E+00 -0.000000000E+00 -0.000000000E+00  0.000000000E+00  0.000000000E+00  0.000000000E+00
 0.000000000E+00  0.000000000E+00  0.000000000E+00 -0.000000000E+00 -0.000000000E+00  0.000000000E+00 -0.000000000E+00 -0.000000000E+00  0.000000000E+00  0.000000000E+00  0.000000000E+00
---

---
