PdfType: central
Format: lhagrid1
---
5.000000e-06 6.469340e-06 8.370580e-06 1.083050e-05 1.401320e-05 1.813100e-05 2.345850e-05 3.035090e-05 3.926760e-05 5.080240e-05 6.572330e-05 8.502270e-05 1.099830e-04 1.422610e-04 1.839950e-04 2.379440e-04 3.076670e-04 3.977440e-04 5.140700e-04 6.642160e-04 8.578820e-04 1.107470e-03 1.428790e-03 1.847940e-03 2.379570e-03 3.060350e-03 3.929800e-03 5.036510e-03 6.439470e-03 8.208290e-03 1.042490e-02 1.318030e-02 1.657460e-02 2.071300e-02 2.570030e-02 3.166080e-02 3.860010e-02 4.666620e-02 5.587900e-02 6.626100e-02 7.781050e-02 9.050080e-02 1.042750e-01 1.191680e-01 1.349350e-01 1.516740e-01 1.692700e-01 1.876580e-01 2.067780e-01 2.265720e-01 2.469860e-01 2.679650e-01 2.894600e-01 3.112310e-01 3.336210e-01 3.564040e-01 3.795630e-01 4.031000e-01 4.269440e-01 4.510730e-01 4.754690e-01 5.001130e-01 5.249900e-01 5.500860e-01 5.753850e-01 6.009230e-01 6.264810e-01 6.523530e-01 6.783700e-01 7.045280e-01 7.308230e-01 7.572480e-01 7.837670e-01 8.105000e-01 8.372600e-01 8.641380e-01 8.911230e-01 9.182080e-01 9.453860e-01 9.726560e-01 1.000000e+00 
1.300100e+00 1.494260e+00 1.736730e+00 2.042900e+00 2.434360e+00 2.941690e+00 3.608810e+00 4.500000e+00 5.866040e+00 7.828770e+00 1.071920e+01 1.509180e+01 2.190300e+01 3.285630e+01 5.109270e+01 8.262520e+01 1.394400e+02 2.465070e+02 4.583780e+02 9.005800e+02 1.878640e+03 4.183110e+03 1.000000e+04 
-5 -4 -3 -2 -1 1 2 3 4 5 21
 0.0000000E+00  3.1246434E-05  6.0817138E-01  1.5203868E+00  1.5203763E+00  1.5216990E+00  1.5218148E+00  6.0817138E-01  3.1246434E-05  0.0000000E+00  5.8741193E-02
 0.0000000E+00  6.7591482E-02  6.6632998E-01  1.5644399E+00  1.5644280E+00  1.5658512E+00  1.5659667E+00  6.6632998E-01  6.7591482E-02  0.0000000E+00  2.1726300E+00
 0.0000000E+00  1.6434282E-01  7.5399128E-01  1.6384630E+00  1.6384497E+00  1.6399765E+00  1.6400914E+00  7.5399128E-01  1.6434282E-01  0.0000000E+00  5.1496571E+00
 0.0000000E+00  2.9483530E-01  8.7568350E-01  1.7469518E+00  1.7469369E+00  1.7485705E+00  1.7486846E+00  8.7568350E-01  2.9483530E-01  0.0000000E+00  9.1774385E+00
 0.0000000E+00  4.6412207E-01  1.0364329E+00  1.8948922E+00  1.8948757E+00  1.8966195E+00  1.8967323E+00  1.0364329E+00  4.6412207E-01  0.0000000E+00  1.4458032E+01
 0.0000000E+00  6.7776478E-01  1.2417761E+00  2.0877831E+00  2.0877650E+00  2.0896224E+00  2.0897337E+00  1.2417761E+00  6.7776478E-01  0.0000000E+00  2.1206438E+01
 0.0000000E+00  9.4182902E-01  1.4977586E+00  2.3316400E+00  2.3316201E+00  2.3335948E+00  2.3337043E+00  1.4977586E+00  9.4182902E-01  0.0000000E+00  2.9648728E+01
 0.0000000E+00  1.2629407E+00  1.8109920E+00  2.6330528E+00  2.6330312E+00  2.6351269E+00  2.6352342E+00  1.8109920E+00  1.2629407E+00  0.0000000E+00  4.0022039E+01
 4.4513655E-01  1.6939548E+00  2.2335568E+00  3.0429405E+00  3.0429168E+00  3.0451513E+00  3.0452558E+00  2.2335568E+00  1.6939548E+00  4.4513655E-01  5.3189420E+01
 9.7949373E-01  2.2143466E+00  2.7456327E+00  3.5425393E+00  3.5425134E+00  3.5448931E+00  3.5449943E+00  2.7456327E+00  2.2143466E+00  9.7949373E-01  6.9260493E+01
 1.6157989E+00  2.8368404E+00  3.3599417E+00  4.1445679E+00  4.1445396E+00  4.1470711E+00  4.1471686E+00  3.3599417E+00  2.8368404E+00  1.6157989E+00  8.8621628E+01
 2.3677550E+00  3.5751344E+00  4.0901786E+00  4.8627159E+00  4.8626852E+00  4.8653755E+00  4.8654687E+00  4.0901786E+00  3.5751344E+00  2.3677550E+00  1.1166645E+02
 3.2500048E+00  4.4438661E+00  4.9509774E+00  5.7116121E+00  5.7115788E+00  5.7144350E+00  5.7145235E+00  4.9509774E+00  4.4438661E+00  3.2500048E+00  1.3879174E+02
 4.2781328E+00  5.4586150E+00  5.9579139E+00  6.7068269E+00  6.7067909E+00  6.7098206E+00  6.7099037E+00  5.9579139E+00  5.4586150E+00  4.2781328E+00  1.7039458E+02
 5.4686632E+00  6.6359007E+00  7.1275045E+00  7.8648718E+00  7.8648329E+00  7.8680439E+00  7.8681211E+00  7.1275045E+00  6.6359007E+00  5.4686632E+00  2.0686965E+02
 6.8390661E+00  7.9931896E+00  8.4772131E+00  9.2032067E+00  9.2031648E+00  9.2065651E+00  9.2066358E+00  8.4772131E+00  7.9931896E+00  6.8390661E+00  2.4860691E+02
 8.4077054E+00  9.5488438E+00  1.0025400E+01  1.0740190E+01  1.0740145E+01  1.0743743E+01  1.0743807E+01  1.0025400E+01  9.5488438E+00  8.4077054E+00  2.9598779E+02
 1.0194061E+01  1.1322369E+01  1.1791587E+01  1.2495367E+01  1.2495318E+01  1.2499123E+01  1.2499178E+01  1.1791587E+01  1.1322369E+01  1.0194061E+01  3.4734735E+02
 1.2217683E+01  1.3333220E+01  1.3795172E+01  1.4488050E+01  1.4487998E+01  1.4492020E+01  1.4492067E+01  1.3795172E+01  1.3333220E+01  1.2217683E+01  4.0358948E+02
 1.4500606E+01  1.5603397E+01  1.6058138E+01  1.6740196E+01  1.6740141E+01  1.6744390E+01  1.6744427E+01  1.6058138E+01  1.5603397E+01  1.4500606E+01  4.6646516E+02
 1.7065581E+01  1.8155660E+01  1.8603247E+01  1.9274572E+01  1.9274513E+01  1.9279002E+01  1.9279029E+01  1.8603247E+01  1.8155660E+01  1.7065581E+01  5.3630448E+02
 1.9935553E+01  2.1012960E+01  2.1453457E+01  2.2114142E+01  2.2114079E+01  2.2118820E+01  2.2118836E+01  2.1453457E+01  2.1012960E+01  1.9935553E+01  6.1339895E+02
 2.3133512E+01  2.4198293E+01  2.4631765E+01  2.5281911E+01  2.5281843E+01  2.5286849E+01  2.5286852E+01  2.4631765E+01  2.4198293E+01  2.3133512E+01  6.9799611E+02
 0.0000000E+00  3.0457687E-05  5.5953421E-01  1.3987961E+00  1.3987836E+00  1.4003163E+00  1.4004415E+00  5.5953421E-01  3.0457687E-05  0.0000000E+00  6.7022410E-02
 0.0000000E+00  6.5495102E-02  6.1635449E-01  1.4426463E+00  1.4426322E+00  1.4442811E+00  1.4444054E+00  6.1635449E-01  6.5495102E-02  0.0000000E+00  2.0989775E+00
 0.0000000E+00  1.5843689E-01  7.0093870E-01  1.5146907E+00  1.5146749E+00  1.5164435E+00  1.5165666E+00  7.0093870E-01  1.5843689E-01  0.0000000E+00  4.9478814E+00
 0.0000000E+00  2.8295554E-01  8.1736648E-01  1.6189787E+00  1.6189611E+00  1.6208531E+00  1.6209745E+00  8.1736648E-01  2.8295554E-01  0.0000000E+00  8.7825482E+00
 0.0000000E+00  4.4358273E-01  9.7014481E-01  1.7599803E+00  1.7599608E+00  1.7619800E+00  1.7620995E+00  9.7014481E-01  4.4358273E-01  0.0000000E+00  1.3783354E+01
 0.0000000E+00  6.4528245E-01  1.1642146E+00  1.9426019E+00  1.9425804E+00  1.9447306E+00  1.9448478E+00  1.1642146E+00  6.4528245E-01  0.0000000E+00  2.0140602E+01
 0.0000000E+00  8.9344276E-01  1.4049455E+00  2.1721852E+00  2.1721617E+00  2.1744471E+00  2.1745616E+00  1.4049455E+00  8.9344276E-01  0.0000000E+00  2.8052562E+01
 0.0000000E+00  1.1939254E+00  1.6981859E+00  2.4545591E+00  2.4545335E+00  2.4569583E+00  2.4570698E+00  1.6981859E+00  1.1939254E+00  0.0000000E+00  3.7725267E+01
 4.1501871E-01  1.5955445E+00  2.0920383E+00  2.8367580E+00  2.8367299E+00  2.8393145E+00  2.8394221E+00  2.0920383E+00  1.5955445E+00  4.1501871E-01  4.9936350E+01
 9.1110083E-01  2.0783749E+00  2.5672251E+00  3.3004756E+00  3.3004449E+00  3.3031966E+00  3.3032998E+00  2.5672251E+00  2.0783749E+00  9.1110083E-01  6.4763923E+01
 1.4993802E+00  2.6535478E+00  3.1348751E+00  3.8568378E+00  3.8568044E+00  3.8597306E+00  3.8598288E+00  3.1348751E+00  2.6535478E+00  1.4993802E+00  8.2536359E+01
 2.1917630E+00  3.3329647E+00  3.8068869E+00  4.5177384E+00  4.5177021E+00  4.5208108E+00  4.5209034E+00  3.8068869E+00  3.3329647E+00  2.1917630E+00  1.0358507E+02
 3.0008854E+00  4.1292568E+00  4.5958884E+00  5.2958005E+00  5.2957613E+00  5.2990605E+00  5.2991469E+00  4.5958884E+00  4.1292568E+00  3.0008854E+00  1.2824060E+02
 3.9401072E+00  5.0557793E+00  5.5152315E+00  6.2043711E+00  6.2043287E+00  6.2078270E+00  6.2079065E+00  5.5152315E+00  5.0557793E+00  3.9401072E+00  1.5682999E+02
 5.0235023E+00  6.1266016E+00  6.5789826E+00  7.2575120E+00  7.2574663E+00  7.2611724E+00  7.2612444E+00  6.5789826E+00  6.1266016E+00  5.0235023E+00  1.8967414E+02
 6.2658574E+00  7.3565070E+00  7.8019225E+00  8.4700005E+00  8.4699513E+00  8.4738744E+00  8.4739381E+00  7.8019225E+00  7.3565070E+00  6.2658574E+00  2.2708569E+02
 7.6826183E+00  8.7609395E+00  9.1994942E+00  9.8572776E+00  9.8572247E+00  9.8613744E+00  9.8614290E+00  9.1994942E+00  8.7609395E+00  7.6826183E+00  2.6936545E+02
 9.2900862E+00  1.0356225E+01  1.0788037E+01  1.1435704E+01  1.1435647E+01  1.1440033E+01  1.1440078E+01  1.0788037E+01  1.0356225E+01  9.2900862E+00  3.1496675E+02
 1.1104409E+01  1.2158421E+01  1.2583559E+01  1.3221210E+01  1.3221149E+01  1.3225783E+01  1.3225817E+01  1.2583559E+01  1.2158421E+01  1.1104409E+01  3.6466429E+02
 1.3143739E+01  1.4185647E+01  1.4604159E+01  1.5231870E+01  1.5231806E+01  1.5236700E+01  1.5236722E+01  1.4604159E+01  1.4185647E+01  1.3143739E+01  4.1998457E+02
 1.5426675E+01  1.6456509E+01  1.6868451E+01  1.7486303E+01  1.7486233E+01  1.7491402E+01  1.7491411E+01  1.6868451E+01  1.6456509E+01  1.5426675E+01  4.8116934E+02
 1.7971796E+01  1.8989594E+01  1.9395023E+01  2.0003102E+01  2.0003028E+01  2.0008484E+01  2.0008479E+01  1.9395023E+01  1.8989594E+01  1.7971796E+01  5.4842376E+02
 2.0797520E+01  2.1803324E+01  2.2202301E+01  2.2800700E+01  2.2800621E+01  2.2806380E+01  2.2806360E+01  2.2202301E+01  2.1803324E+01  2.0797520E+01  6.2191177E+02
 0.0000000E+00  2.9712641E-05  5.1479875E-01  1.2869597E+00  1.2869449E+00  1.2887214E+00  1.2888560E+00  5.1479875E-01  2.9712641E-05  0.0000000E+00  7.6504468E-02
 0.0000000E+00  6.3501858E-02  5.7032398E-01  1.3305607E+00  1.3305439E+00  1.3324547E+00  1.3325877E+00  5.7032398E-01  6.3501858E-02  0.0000000E+00  2.0321795E+00
 0.0000000E+00  1.5280818E-01  6.5194736E-01  1.4006557E+00  1.4006369E+00  1.4026861E+00  1.4028170E+00  6.5194736E-01  1.5280818E-01  0.0000000E+00  4.7601618E+00
 0.0000000E+00  2.7162868E-01  7.6333041E-01  1.5008788E+00  1.5008578E+00  1.5030494E+00  1.5031779E+00  7.6333041E-01  2.7162868E-01  0.0000000E+00  8.4116038E+00
 0.0000000E+00  4.2401214E-01  9.0849921E-01  1.6352217E+00  1.6351986E+00  1.6375369E+00  1.6376625E+00  9.0849921E-01  4.2401214E-01  0.0000000E+00  1.3146713E+01
 0.0000000E+00  6.1437214E-01  1.0918461E+00  1.8080453E+00  1.8080198E+00  1.8105092E+00  1.8106315E+00  1.0918461E+00  6.1437214E-01  0.0000000E+00  1.9133029E+01
 0.0000000E+00  8.4747615E-01  1.3181216E+00  2.0240742E+00  2.0240464E+00  2.0266916E+00  2.0268101E+00  1.3181216E+00  8.4747615E-01  0.0000000E+00  2.6543411E+01
 0.0000000E+00  1.1284893E+00  1.5924786E+00  2.2884435E+00  2.2884132E+00  2.2912189E+00  2.2913333E+00  1.5924786E+00  1.1284893E+00  0.0000000E+00  3.5555704E+01
 3.8668536E-01  1.5024550E+00  1.9593067E+00  2.6445611E+00  2.6445279E+00  2.6475176E+00  2.6476268E+00  1.9593067E+00  1.5024550E+00  3.8668536E-01  4.6868961E+01
 8.4688825E-01  1.9500778E+00  2.3999052E+00  3.0746192E+00  3.0745830E+00  3.0777648E+00  3.0778681E+00  2.3999052E+00  1.9500778E+00  8.4688825E-01  6.0533995E+01
 1.3903056E+00  2.4810519E+00  2.9239664E+00  3.5883073E+00  3.5882679E+00  3.5916503E+00  3.5917471E+00  2.9239664E+00  2.4810519E+00  1.3903056E+00  7.6827703E+01
 2.0272351E+00  3.1056707E+00  3.5417810E+00  4.1959117E+00  4.1958690E+00  4.1994609E+00  4.1995505E+00  3.5417810E+00  3.1056707E+00  2.0272351E+00  9.6026747E+01
 2.7685286E+00  3.8347812E+00  4.2641930E+00  4.9082720E+00  4.9082258E+00  4.9120364E+00  4.9121181E+00  4.2641930E+00  3.8347812E+00  2.7685286E+00  1.1840392E+02
 3.6255796E+00  4.6797727E+00  5.1025884E+00  5.7367698E+00  5.7367199E+00  5.7407588E+00  5.7408317E+00  5.1025884E+00  4.6797727E+00  3.6255796E+00  1.4422569E+02
 4.6103084E+00  5.6525611E+00  6.0688807E+00  6.6933142E+00  6.6932604E+00  6.6975376E+00  6.6976010E+00  6.0688807E+00  5.6525611E+00  4.6103084E+00  1.7374974E+02
 5.7351551E+00  6.7655834E+00  7.1755044E+00  7.7903365E+00  7.7902788E+00  7.7948045E+00  7.7948575E+00  7.1755044E+00  6.7655834E+00  5.7351551E+00  2.0722304E+02
 7.0130260E+00  8.0317441E+00  8.4353631E+00  9.0407388E+00  9.0406768E+00  9.0454617E+00  9.0455034E+00  8.4353631E+00  8.0317441E+00  7.0130260E+00  2.4487855E+02
 8.4574719E+00  9.4646175E+00  9.8620438E+00  1.0458127E+01  1.0458061E+01  1.0463116E+01  1.0463145E+01  9.8620438E+00  9.4646175E+00  8.4574719E+00  2.8528392E+02
 1.0081725E+01  1.1077349E+01  1.1468646E+01  1.2055531E+01  1.2055460E+01  1.2060798E+01  1.2060814E+01  1.1468646E+01  1.1077349E+01  1.0081725E+01  3.2910240E+02
 1.1900612E+01  1.2884736E+01  1.3269949E+01  1.3847705E+01  1.3847629E+01  1.3853265E+01  1.3853267E+01  1.3269949E+01  1.2884736E+01  1.1900612E+01  3.7766391E+02
 1.3929205E+01  1.4901858E+01  1.5281037E+01  1.5849739E+01  1.5849658E+01  1.5855607E+01  1.5855593E+01  1.5281037E+01  1.4901858E+01  1.3929205E+01  4.3113873E+02
 1.6182400E+01  1.7143615E+01  1.7516814E+01  1.8076544E+01  1.8076457E+01  1.8082734E+01  1.8082703E+01  1.7516814E+01  1.7143615E+01  1.6182400E+01  4.8966319E+02
 1.8674784E+01  1.9624601E+01  1.9991877E+01  2.0542719E+01  2.0542626E+01  2.0549247E+01  2.0549198E+01  1.9991877E+01  1.9624601E+01  1.8674784E+01  5.5333571E+02
 0.0000000E+00  2.9006027E-05  4.7365775E-01  1.1841097E+00  1.1840920E+00  1.1861517E+00  1.1862956E+00  4.7365775E-01  2.9006027E-05  0.0000000E+00  8.7358365E-02
 0.0000000E+00  6.1601249E-02  5.2792557E-01  1.2274165E+00  1.2273965E+00  1.2296113E+00  1.2297527E+00  5.2792557E-01  6.1601249E-02  0.0000000E+00  1.9719441E+00
 0.0000000E+00  1.4743248E-01  6.0669537E-01  1.2955898E+00  1.2955674E+00  1.2979420E+00  1.2980803E+00  6.0669537E-01  1.4743248E-01  0.0000000E+00  4.5856515E+00
 0.0000000E+00  2.6081235E-01  7.1323981E-01  1.3918768E+00  1.3918519E+00  1.3943908E+00  1.3945256E+00  7.1323981E-01  2.6081235E-01  0.0000000E+00  8.0630778E+00
 0.0000000E+00  4.0534334E-01  8.5114047E-01  1.5198277E+00  1.5198002E+00  1.5225084E+00  1.5226391E+00  8.5114047E-01  4.0534334E-01  0.0000000E+00  1.2545711E+01
 0.0000000E+00  5.8493327E-01  1.0242857E+00  1.6833017E+00  1.6832715E+00  1.6861538E+00  1.6862800E+00  1.0242857E+00  5.8493327E-01  0.0000000E+00  1.8180157E+01
 0.0000000E+00  8.0378236E-01  1.2368600E+00  1.8864598E+00  1.8864268E+00  1.8894886E+00  1.8896097E+00  1.2368600E+00  8.0378236E-01  0.0000000E+00  2.5116125E+01
 0.0000000E+00  1.0664220E+00  1.4933837E+00  2.1338056E+00  2.1337697E+00  2.1370163E+00  2.1371319E+00  1.4933837E+00  1.0664220E+00  0.0000000E+00  3.3505991E+01
 3.6003731E-01  1.4143798E+00  1.8347836E+00  2.4653641E+00  2.4653249E+00  2.4687830E+00  2.4688918E+00  1.8347836E+00  1.4143798E+00  3.6003731E-01  4.3976631E+01
 7.8661885E-01  1.8290135E+00  2.2429638E+00  2.8638600E+00  2.8638172E+00  2.8674962E+00  2.8675974E+00  2.2429638E+00  1.8290135E+00  7.8661885E-01  5.6555384E+01
 1.2881494E+00  2.3187252E+00  2.7263250E+00  3.3376911E+00  3.3376446E+00  3.3415540E+00  3.3416468E+00  2.7263250E+00  2.3187252E+00  1.2881494E+00  7.1473654E+01
 1.8734908E+00  2.8923725E+00  3.2937221E+00  3.8957086E+00  3.8956582E+00  3.8998081E+00  3.8998917E+00  3.2937221E+00  2.8923725E+00  1.8734908E+00  8.8960146E+01
 2.5519127E+00  3.5592210E+00  3.9544177E+00  4.5471710E+00  4.5471166E+00  4.5515174E+00  4.5515909E+00  3.9544177E+00  3.5592210E+00  2.5519127E+00  1.0923752E+02
 3.3330763E+00  4.3289273E+00  4.7180660E+00  5.3017281E+00  5.3016695E+00  5.3063319E+00  5.3063945E+00  4.7180660E+00  4.3289273E+00  3.3330763E+00  1.3252015E+02
 4.2270152E+00  5.2115213E+00  5.5946941E+00  6.1694036E+00  6.1693404E+00  6.1742757E+00  6.1743264E+00  5.5946941E+00  5.2115213E+00  4.2270152E+00  1.5901189E+02
 5.2441251E+00  6.2173955E+00  6.5946925E+00  7.1605846E+00  7.1605168E+00  7.1657366E+00  7.1657744E+00  6.5946925E+00  6.2173955E+00  5.2441251E+00  1.8890428E+02
 6.3951106E+00  7.3572531E+00  7.7287636E+00  8.2859721E+00  8.2858994E+00  8.2914157E+00  8.2914396E+00  7.7287636E+00  7.3572531E+00  6.3951106E+00  2.2237364E+02
 7.6911530E+00  8.6422973E+00  9.0081221E+00  9.5567987E+00  9.5567209E+00  9.5625459E+00  9.5625548E+00  9.0081221E+00  8.6422973E+00  7.6911530E+00  2.5809753E+02
 9.1429948E+00  1.0083189E+01  1.0443386E+01  1.0983618E+01  1.0983535E+01  1.0989684E+01  1.0989676E+01  1.0443386E+01  1.0083189E+01  9.1429948E+00  2.9664334E+02
 1.0762632E+01  1.1691895E+01  1.2046507E+01  1.2578359E+01  1.2578270E+01  1.2584759E+01  1.2584733E+01  1.2046507E+01  1.1691895E+01  1.0762632E+01  3.3916902E+02
 1.2562154E+01  1.3480512E+01  1.3829587E+01  1.4353128E+01  1.4353033E+01  1.4359878E+01  1.4359834E+01  1.3829587E+01  1.3480512E+01  1.2562154E+01  3.8578777E+02
 1.4553366E+01  1.5460850E+01  1.5804436E+01  1.6319742E+01  1.6319641E+01  1.6326860E+01  1.6326795E+01  1.5804436E+01  1.5460850E+01  1.4553366E+01  4.3658182E+02
 1.6747664E+01  1.7644311E+01  1.7982462E+01  1.8489612E+01  1.8489504E+01  1.8497114E+01  1.8497028E+01  1.7982462E+01  1.7644311E+01  1.6747664E+01  4.9159911E+02
 0.0000000E+00  2.8332859E-05  4.3582601E-01  1.0895331E+00  1.0895120E+00  1.0919003E+00  1.0920532E+00  4.3582601E-01  2.8332859E-05  0.0000000E+00  9.9779927E-02
 0.0000000E+00  5.9783386E-02  4.8886870E-01  1.1325022E+00  1.1324785E+00  1.1350462E+00  1.1351952E+00  4.8886870E-01  5.9783386E-02  0.0000000E+00  1.9180297E+00
 0.0000000E+00  1.4228700E-01  5.6488367E-01  1.1987794E+00  1.1987528E+00  1.2015049E+00  1.2016496E+00  5.6488367E-01  1.4228700E-01  0.0000000E+00  4.4235837E+00
 0.0000000E+00  2.5046662E-01  6.6678271E-01  1.2912527E+00  1.2912232E+00  1.2941650E+00  1.2943048E+00  6.6678271E-01  2.5046662E-01  0.0000000E+00  7.7355570E+00
 0.0000000E+00  3.8751312E-01  7.9773749E-01  1.4130653E+00  1.4130327E+00  1.4161695E+00  1.4163039E+00  7.9773749E-01  3.8751312E-01  0.0000000E+00  1.1978105E+01
 0.0000000E+00  5.5687059E-01  9.6117418E-01  1.5676162E+00  1.5675804E+00  1.5709179E+00  1.5710462E+00  9.6117418E-01  5.5687059E-01  0.0000000E+00  1.7278638E+01
 0.0000000E+00  7.6222197E-01  1.1607613E+00  1.7585525E+00  1.7585135E+00  1.7620575E+00  1.7621792E+00  1.1607613E+00  7.6222197E-01  0.0000000E+00  2.3765830E+01
 0.0000000E+00  1.0075237E+00  1.4004451E+00  1.9898049E+00  1.9897625E+00  1.9935193E+00  1.9936338E+00  1.4004451E+00  1.0075237E+00  0.0000000E+00  3.1569136E+01
 3.3497949E-01  1.3310265E+00  1.7179244E+00  2.2982443E+00  2.2981980E+00  2.3021979E+00  2.3023036E+00  1.7179244E+00  1.3310265E+00  3.3497949E-01  4.1249231E+01
 7.3006558E-01  1.7147600E+00  2.0957311E+00  2.6671558E+00  2.6671054E+00  2.6713590E+00  2.6714550E+00  2.0957311E+00  1.7147600E+00  7.3006558E-01  5.2813456E+01
 1.1925044E+00  2.1659680E+00  2.5411070E+00  3.1037793E+00  3.1037246E+00  3.1082427E+00  3.1083281E+00  2.5411070E+00  2.1659680E+00  1.1925044E+00  6.6453197E+01
 1.7298797E+00  2.6922302E+00  3.0616299E+00  3.6156886E+00  3.6156293E+00  3.6204234E+00  3.6204972E+00  3.0616299E+00  2.6922302E+00  1.7298797E+00  8.2355353E+01
 2.3500628E+00  3.3014139E+00  3.6651642E+00  4.2107445E+00  4.2106805E+00  4.2157622E+00  4.2158234E+00  3.6651642E+00  3.3014139E+00  2.3500628E+00  1.0069930E+02
 3.0611934E+00  4.0016545E+00  4.3598430E+00  4.8970763E+00  4.8970074E+00  4.9023887E+00  4.9024363E+00  4.3598430E+00  4.0016545E+00  3.0611934E+00  1.2165487E+02
 3.8716584E+00  4.8013356E+00  5.1540474E+00  5.6830616E+00  5.6829875E+00  5.6886812E+00  5.6887140E+00  5.1540474E+00  4.8013356E+00  3.8716584E+00  1.4538036E+02
 4.7900791E+00  5.7090752E+00  6.0563937E+00  6.5773139E+00  6.5772344E+00  6.5832534E+00  6.5832703E+00  6.0563937E+00  5.7090752E+00  4.7900791E+00  1.7202093E+02
 5.8252600E+00  6.7336765E+00  7.0756840E+00  7.5886339E+00  7.5885488E+00  7.5949065E+00  7.5949064E+00  7.0756840E+00  6.7336765E+00  5.8252600E+00  2.0170596E+02
 6.9863488E+00  7.8843083E+00  8.2210981E+00  8.7262177E+00  8.7261266E+00  8.7328370E+00  8.7328185E+00  8.2210981E+00  7.8843083E+00  6.9863488E+00  2.3321828E+02
 8.2819742E+00  9.1695215E+00  9.5011474E+00  9.9985176E+00  9.9984203E+00  1.0005500E+01  1.0005462E+01  9.5011474E+00  9.1695215E+00  8.2819742E+00  2.6704296E+02
 9.7217322E+00  1.0598884E+01  1.0925387E+01  1.1415067E+01  1.1414964E+01  1.1422431E+01  1.1422371E+01  1.0925387E+01  1.0598884E+01  9.7217322E+00  3.0418778E+02
 1.1315207E+01  1.2181988E+01  1.2503409E+01  1.2985466E+01  1.2985355E+01  1.2993228E+01  1.2993146E+01  1.2503409E+01  1.2181988E+01  1.1315207E+01  3.4472092E+02
 1.3071622E+01  1.3928060E+01  1.4244447E+01  1.4718950E+01  1.4718832E+01  1.4727130E+01  1.4727023E+01  1.4244447E+01  1.3928060E+01  1.3071622E+01  3.8868284E+02
 1.4999737E+01  1.5845867E+01  1.6157270E+01  1.6624291E+01  1.6624166E+01  1.6632909E+01  1.6632775E+01  1.6157270E+01  1.5845867E+01  1.4999737E+01  4.3608349E+02
 0.0000000E+00  2.7688466E-05  4.0104109E-01  1.0025737E+00  1.0025486E+00  1.0053188E+00  1.0054798E+00  4.0104109E-01  2.7688466E-05  0.0000000E+00  1.1399284E-01
 0.0000000E+00  5.8039063E-02  4.5288593E-01  1.0451632E+00  1.0451350E+00  1.0481122E+00  1.0482680E+00  4.5288593E-01  5.8039063E-02  0.0000000E+00  1.8702484E+00
 0.0000000E+00  1.3735063E-01  5.2623696E-01  1.1095680E+00  1.1095364E+00  1.1127266E+00  1.1128764E+00  5.2623696E-01  1.3735063E-01  0.0000000E+00  4.2732776E+00
 0.0000000E+00  2.4055448E-01  6.2367185E-01  1.1983442E+00  1.1983091E+00  1.2017180E+00  1.2018613E+00  6.2367185E-01  2.4055448E-01  0.0000000E+00  7.4277549E+00
 0.0000000E+00  3.7046276E-01  7.4798513E-01  1.3142597E+00  1.3142211E+00  1.3178547E+00  1.3179908E+00  7.4798513E-01  3.7046276E-01  0.0000000E+00  1.1441830E+01
 0.0000000E+00  5.3009540E-01  9.0218020E-01  1.4602934E+00  1.4602511E+00  1.4641158E+00  1.4642440E+00  9.0218020E-01  5.3009540E-01  0.0000000E+00  1.6425361E+01
 0.0000000E+00  7.2266479E-01  1.0894562E+00  1.6396245E+00  1.6395783E+00  1.6436807E+00  1.6438004E+00  1.0894562E+00  7.2266479E-01  0.0000000E+00  2.2487981E+01
 0.0000000E+00  9.5160688E-01  1.3132397E+00  1.8556653E+00  1.8556152E+00  1.8599623E+00  1.8600726E+00  1.3132397E+00  9.5160688E-01  0.0000000E+00  2.9738591E+01
 3.1142218E-01  1.2521203E+00  1.6082228E+00  2.1423477E+00  2.1422930E+00  2.1469195E+00  2.1470186E+00  1.6082228E+00  1.2521203E+00  3.1142218E-01  3.8677252E+01
 6.7701420E-01  1.6069207E+00  1.9575821E+00  2.4835401E+00  2.4834806E+00  2.4883983E+00  2.4884852E+00  1.9575821E+00  1.6069207E+00  6.7701420E-01  4.9294447E+01
 1.1029865E+00  2.0222162E+00  2.3675241E+00  2.8854470E+00  2.8853825E+00  2.8906037E+00  2.8906773E+00  2.3675241E+00  2.0222162E+00  1.1029865E+00  6.1746543E+01
 1.5957887E+00  2.5044527E+00  2.8444927E+00  3.3545089E+00  3.3544392E+00  3.3599767E+00  3.3600359E+00  2.8444927E+00  2.5044527E+00  1.5957887E+00  7.6184198E+01
 2.1620603E+00  3.0602657E+00  3.3951211E+00  3.8973556E+00  3.8972804E+00  3.9031473E+00  3.9031909E+00  3.3951211E+00  3.0602657E+00  2.1620603E+00  9.2749636E+01
 2.8086096E+00  3.6964598E+00  4.0262114E+00  4.5207857E+00  4.5207048E+00  4.5269147E+00  4.5269415E+00  4.0262114E+00  3.6964598E+00  2.8086096E+00  1.1157486E+02
 3.5423921E+00  4.4199869E+00  4.7447134E+00  5.2317458E+00  5.2316589E+00  5.2382260E+00  5.2382346E+00  4.7447134E+00  4.4199869E+00  3.5423921E+00  1.3277990E+02
 4.3704953E+00  5.2379317E+00  5.5577102E+00  6.0373164E+00  6.0372233E+00  6.0441621E+00  6.0441514E+00  5.5577102E+00  5.2379317E+00  4.3704953E+00  1.5647140E+02
 5.3000908E+00  6.1574644E+00  6.4723711E+00  6.9446657E+00  6.9445660E+00  6.9518917E+00  6.9518601E+00  6.4723711E+00  6.1574644E+00  5.3000908E+00  1.8274031E+02
 6.3385907E+00  7.1860173E+00  7.4961383E+00  7.9612506E+00  7.9611441E+00  7.9688721E+00  7.9688182E+00  7.4961383E+00  7.1860173E+00  6.3385907E+00  2.1046978E+02
 7.4928377E+00  8.3303590E+00  8.6357444E+00  9.0937495E+00  9.0936359E+00  9.1017848E+00  9.1017070E+00  8.6357444E+00  8.3303590E+00  7.4928377E+00  2.4007439E+02
 8.7704063E+00  9.5980378E+00  9.8987249E+00  1.0349679E+01  1.0349558E+01  1.0358148E+01  1.0358044E+01  9.8987249E+00  9.5980378E+00  8.7704063E+00  2.7243091E+02
 1.0178785E+01  1.0996548E+01  1.1292577E+01  1.1736541E+01  1.1736412E+01  1.1745464E+01  1.1745333E+01  1.1292577E+01  1.0996548E+01  1.0178785E+01  3.0757267E+02
 1.1725062E+01  1.2532983E+01  1.2824398E+01  1.3261436E+01  1.3261299E+01  1.3270835E+01  1.3270674E+01  1.2824398E+01  1.2532983E+01  1.1725062E+01  3.4550857E+02
 1.3415830E+01  1.4213942E+01  1.4500788E+01  1.4930970E+01  1.4930824E+01  1.4940865E+01  1.4940672E+01  1.4500788E+01  1.4213942E+01  1.3415830E+01  3.8622077E+02
 0.0000000E+00  2.7068496E-05  3.6906244E-01  9.2263040E-01  9.2260056E-01  9.2581416E-01  9.2598224E-01  3.6906244E-01  2.7068496E-05  0.0000000E+00  1.3025211E-01
 0.0000000E+00  5.6359769E-02  4.1973209E-01  9.6479933E-01  9.6476572E-01  9.6821853E-01  9.6837950E-01  4.1973209E-01  5.6359769E-02  0.0000000E+00  1.8284673E+00
 0.0000000E+00  1.3260390E-01  4.9050287E-01  1.0273540E+00  1.0273165E+00  1.0310149E+00  1.0311680E+00  4.9050287E-01  1.3260390E-01  0.0000000E+00  4.1341385E+00
 0.0000000E+00  2.3104185E-01  5.8364391E-01  1.1125438E+00  1.1125023E+00  1.1164527E+00  1.1165972E+00  5.8364391E-01  2.3104185E-01  0.0000000E+00  7.1385102E+00
 0.0000000E+00  3.5413818E-01  7.0160355E-01  1.2227927E+00  1.2227470E+00  1.2269563E+00  1.2270915E+00  7.0160355E-01  3.5413818E-01  0.0000000E+00  1.0934998E+01
 0.0000000E+00  5.0452580E-01  8.4699951E-01  1.3606957E+00  1.3606455E+00  1.3651210E+00  1.3652459E+00  8.4699951E-01  5.0452580E-01  0.0000000E+00  1.5617463E+01
 0.0000000E+00  6.8499016E-01  1.0226051E+00  1.5290077E+00  1.5289531E+00  1.5337020E+00  1.5338160E+00  1.0226051E+00  6.8499016E-01  0.0000000E+00  2.1278368E+01
 0.0000000E+00  8.9849750E-01  1.2313779E+00  1.7306735E+00  1.7306143E+00  1.7356443E+00  1.7357466E+00  1.2313779E+00  8.9849750E-01  0.0000000E+00  2.8008268E+01
 2.8928120E-01  1.1774053E+00  1.5052105E+00  1.9968877E+00  1.9968232E+00  2.0021741E+00  2.0022623E+00  1.5052105E+00  1.1774053E+00  2.8928120E-01  3.6251814E+01
 6.2726368E-01  1.5051249E+00  1.8279374E+00  2.3121201E+00  2.3120500E+00  2.3177350E+00  2.3178080E+00  1.8279374E+00  1.5051249E+00  6.2726368E-01  4.5985478E+01
 1.0192351E+00  1.8869418E+00  2.2048427E+00  2.6816527E+00  2.6815768E+00  2.6876098E+00  2.6876662E+00  2.2048427E+00  1.8869418E+00  1.0192351E+00  5.7335159E+01
 1.4706425E+00  2.3282994E+00  2.6413678E+00  3.1109239E+00  3.1108419E+00  3.1172372E+00  3.1172758E+00  2.6413678E+00  2.3282994E+00  1.4706425E+00  7.0420287E+01
 1.9870439E+00  2.8347522E+00  3.1430651E+00  3.6054829E+00  3.6053946E+00  3.6121669E+00  3.6121863E+00  3.1430651E+00  2.8347522E+00  1.9870439E+00  8.5351410E+01
 2.5740874E+00  3.4119445E+00  3.7155767E+00  4.1709687E+00  4.1708737E+00  4.1780384E+00  4.1780371E+00  3.7155767E+00  3.4119445E+00  2.5740874E+00  1.0222864E+02
 3.2374889E+00  4.0655889E+00  4.3646133E+00  4.8130890E+00  4.8129871E+00  4.8205599E+00  4.8205366E+00  4.3646133E+00  4.0655889E+00  3.2374889E+00  1.2114016E+02
 3.9830170E+00  4.8014514E+00  5.0959392E+00  5.5376057E+00  5.5374967E+00  5.5454939E+00  5.5454469E+00  5.0959392E+00  4.8014514E+00  3.9830170E+00  1.4216095E+02
 4.8164473E+00  5.6253062E+00  5.9153280E+00  6.3502914E+00  6.3501748E+00  6.3586133E+00  6.3585412E+00  5.9153280E+00  5.6253062E+00  4.8164473E+00  1.6535086E+02
 5.7437181E+00  6.5431107E+00  6.8287461E+00  7.2571260E+00  7.2570016E+00  7.2658986E+00  7.2657995E+00  6.8287461E+00  6.5431107E+00  5.7437181E+00  1.8968826E+02
 6.7701721E+00  7.5601373E+00  7.8414329E+00  8.2632993E+00  8.2631667E+00  8.2725429E+00  8.2724151E+00  7.8414329E+00  7.5601373E+00  6.7701721E+00  2.1552750E+02
 7.9016919E+00  8.6822437E+00  8.9592343E+00  9.3746398E+00  9.3744986E+00  9.3843766E+00  9.3842179E+00  8.9592343E+00  8.6822437E+00  7.9016919E+00  2.4363121E+02
 9.1440270E+00  9.9151849E+00  1.0187908E+01  1.0596910E+01  1.0596759E+01  1.0607162E+01  1.0606971E+01  1.0187908E+01  9.9151849E+00  9.1440270E+00  2.7400634E+02
 1.0502509E+01  1.1264298E+01  1.1532794E+01  1.1935452E+01  1.1935292E+01  1.1946244E+01  1.1946017E+01  1.1532794E+01  1.1264298E+01  1.0502509E+01  3.0663862E+02
 1.1981970E+01  1.2734419E+01  1.2998731E+01  1.3395109E+01  1.3394939E+01  1.3406465E+01  1.3406200E+01  1.2998731E+01  1.2734419E+01  1.1981970E+01  3.4149070E+02
 0.0000000E+00  2.6468902E-05  3.3966919E-01  8.4915103E-01  8.4911549E-01  8.5284441E-01  8.5301775E-01  3.3966919E-01  2.6468902E-05  0.0000000E+00  1.4884838E-01
 0.0000000E+00  5.4737645E-02  3.8918205E-01  8.9085956E-01  8.9081958E-01  8.9482459E-01  8.9498856E-01  3.8918205E-01  5.4737645E-02  0.0000000E+00  1.7926076E+00
 0.0000000E+00  1.2802890E-01  4.5744968E-01  9.5158509E-01  9.5154052E-01  9.5582873E-01  9.5598245E-01  4.5744968E-01  1.2802890E-01  0.0000000E+00  4.0056506E+00
 0.0000000E+00  2.2189733E-01  5.4645701E-01  1.0332943E+00  1.0332450E+00  1.0378237E+00  1.0379663E+00  5.4645701E-01  2.2189733E-01  0.0000000E+00  6.8667736E+00
 0.0000000E+00  3.3848937E-01  6.5833556E-01  1.1380963E+00  1.1380421E+00  1.1429189E+00  1.1430495E+00  6.5833556E-01  3.3848937E-01  0.0000000E+00  1.0455874E+01
 0.0000000E+00  4.8008575E-01  7.9535208E-01  1.2682370E+00  1.2681777E+00  1.2733605E+00  1.2734783E+00  7.9535208E-01  4.8008575E-01  0.0000000E+00  1.4852293E+01
 0.0000000E+00  6.4908572E-01  9.5989468E-01  1.4260877E+00  1.4260232E+00  1.4315203E+00  1.4316242E+00  9.5989468E-01  6.4908572E-01  0.0000000E+00  2.0133070E+01
 0.0000000E+00  8.4803284E-01  1.1544989E+00  1.6141720E+00  1.6141021E+00  1.6199222E+00  1.6200114E+00  1.1544989E+00  8.4803284E-01  0.0000000E+00  2.6372472E+01
 2.6847718E-01  1.1066414E+00  1.4084529E+00  1.8611379E+00  1.8610618E+00  1.8672502E+00  1.8673218E+00  1.4084529E+00  1.1066414E+00  2.6847718E-01  3.3964588E+01
 5.8062454E-01  1.4090245E+00  1.7062576E+00  2.1520693E+00  2.1519867E+00  2.1585582E+00  2.1586109E+00  1.7062576E+00  1.4090245E+00  5.8062454E-01  4.2874447E+01
 9.4091067E-01  1.7596486E+00  2.0523784E+00  2.4914294E+00  2.4913401E+00  2.4983102E+00  2.4983426E+00  2.0523784E+00  1.7596486E+00  9.4091067E-01  5.3201611E+01
 1.3538992E+00  2.1630740E+00  2.4513737E+00  2.8837741E+00  2.8836778E+00  2.8910625E+00  2.8910730E+00  2.4513737E+00  2.1630740E+00  1.3538992E+00  6.5038791E+01
 1.8242030E+00  2.6239100E+00  2.9078509E+00  3.3337078E+00  3.3336041E+00  3.3414201E+00  3.3414071E+00  2.9078509E+00  2.6239100E+00  1.8242030E+00  7.8469737E+01
 2.3564633E+00  3.1467943E+00  3.4264456E+00  3.8458632E+00  3.8457518E+00  3.8540161E+00  3.8539780E+00  3.4264456E+00  3.1467943E+00  2.3564633E+00  9.3567917E+01
 2.9553279E+00  3.7363718E+00  4.0118009E+00  4.4248806E+00  4.4247613E+00  4.4334915E+00  4.4334266E+00  4.0118009E+00  3.7363718E+00  2.9553279E+00  1.1039524E+02
 3.6254365E+00  4.3972795E+00  4.6685525E+00  5.0753936E+00  5.0752660E+00  5.0844803E+00  5.0843869E+00  4.6685525E+00  4.3972795E+00  3.6254365E+00  1.2900101E+02
 4.3713784E+00  5.1341054E+00  5.4012877E+00  5.8019884E+00  5.8018521E+00  5.8115694E+00  5.8114456E+00  5.4012877E+00  5.1341054E+00  4.3713784E+00  1.4942023E+02
 5.1978476E+00  5.9515618E+00  6.2147269E+00  6.6093981E+00  6.6092528E+00  6.6194920E+00  6.6193359E+00  6.2147269E+00  5.9515618E+00  5.1978476E+00  1.7072134E+02
 6.1089363E+00  6.8536738E+00  7.1128651E+00  7.5015719E+00  7.5014173E+00  7.5122016E+00  7.5120110E+00  7.1128651E+00  6.8536738E+00  6.1089363E+00  1.9320734E+02
 7.1091208E+00  7.8448940E+00  8.1001442E+00  8.4829359E+00  8.4827714E+00  8.4941259E+00  8.4938985E+00  8.1001442E+00  7.8448940E+00  7.1091208E+00  2.1754152E+02
 8.2027183E+00  8.9295450E+00  9.1808894E+00  9.5578192E+00  9.5576444E+00  9.5695949E+00  9.5693281E+00  9.1808894E+00  8.9295450E+00  8.2027183E+00  2.4371142E+02
 9.3936296E+00  1.0111532E+01  1.0359009E+01  1.0730133E+01  1.0729947E+01  1.0742520E+01  1.0742212E+01  1.0359009E+01  1.0111532E+01  9.3936296E+00  2.7168644E+02
 1.0685268E+01  1.1394274E+01  1.1637921E+01  1.2003301E+01  1.2003104E+01  1.2016326E+01  1.2015973E+01  1.1637921E+01  1.1394274E+01  1.0685268E+01  3.0141641E+02
 0.0000000E+00  2.5885947E-05  3.1265886E-01  7.8162947E-01  7.8158716E-01  7.8591495E-01  7.8609106E-01  3.1265886E-01  2.5885947E-05  0.0000000E+00  1.7011251E-01
 0.0000000E+00  5.3165472E-02  3.6102942E-01  8.2283892E-01  8.2279138E-01  8.2743769E-01  8.2760165E-01  3.6102942E-01  5.3165472E-02  0.0000000E+00  1.7626461E+00
 0.0000000E+00  1.2360917E-01  4.2686502E-01  8.8175499E-01  8.8170206E-01  8.8667481E-01  8.8682562E-01  4.2686502E-01  1.2360917E-01  0.0000000E+00  3.8873756E+00
 0.0000000E+00  2.1309208E-01  5.1188953E-01  9.6008481E-01  9.6002632E-01  9.6533359E-01  9.6547027E-01  5.1188953E-01  2.1309208E-01  0.0000000E+00  6.6116027E+00
 0.0000000E+00  3.2347025E-01  6.1794530E-01  1.0596501E+00  1.0595859E+00  1.0652362E+00  1.0653577E+00  6.1794530E-01  3.2347025E-01  0.0000000E+00  1.0002872E+01
 0.0000000E+00  4.5670492E-01  7.4698074E-01  1.1823801E+00  1.1823100E+00  1.1883121E+00  1.1884175E+00  7.4698074E-01  4.5670492E-01  0.0000000E+00  1.4127397E+01
 0.0000000E+00  6.1484706E-01  9.0103655E-01  1.3303001E+00  1.3302238E+00  1.3365871E+00  1.3366752E+00  9.0103655E-01  6.1484706E-01  0.0000000E+00  1.9048439E+01
 0.0000000E+00  8.0006114E-01  1.0822699E+00  1.5055562E+00  1.5054737E+00  1.5122077E+00  1.5122775E+00  1.0822699E+00  8.0006114E-01  0.0000000E+00  2.4825882E+01
 2.4893535E-01  1.0396041E+00  1.3175470E+00  1.7344283E+00  1.7343385E+00  1.7414948E+00  1.7415429E+00  1.3175470E+00  1.0396041E+00  2.4893535E-01  3.1807763E+01
 5.3691831E-01  1.3182931E+00  1.5920409E+00  2.0026231E+00  2.0025259E+00  2.0101211E+00  2.0101460E+00  1.5920409E+00  1.3182931E+00  5.3691831E-01  3.9949984E+01
 8.6769326E-01  1.6398706E+00  1.9094927E+00  2.3138805E+00  2.3137754E+00  2.3218270E+00  2.3218269E+00  1.9094927E+00  1.6398706E+00  8.6769326E-01  4.9329511E+01
 1.2450490E+00  2.0081222E+00  2.2736865E+00  2.6719817E+00  2.6718685E+00  2.6803942E+00  2.6803675E+00  2.2736865E+00  2.0081222E+00  1.2450490E+00  6.0016376E+01
 1.6727757E+00  2.4268347E+00  2.6884070E+00  3.0807090E+00  3.0805873E+00  3.0896058E+00  3.0895505E+00  2.6884070E+00  2.4268347E+00  1.6727757E+00  7.2071857E+01
 2.1546447E+00  2.8997762E+00  3.1574208E+00  3.5438261E+00  3.5436956E+00  3.5532258E+00  3.5531402E+00  3.1574208E+00  2.8997762E+00  2.1546447E+00  8.5547380E+01
 2.6943888E+00  3.4306764E+00  3.6844559E+00  4.0650585E+00  4.0649188E+00  4.0749805E+00  4.0748625E+00  3.6844559E+00  3.4306764E+00  2.6943888E+00  1.0048346E+02
 3.2956871E+00  4.0232120E+00  4.2731875E+00  4.6480797E+00  4.6479304E+00  4.6585438E+00  4.6583915E+00  4.2731875E+00  4.0232120E+00  3.2956871E+00  1.1690885E+02
 3.9621270E+00  4.6809694E+00  4.9272014E+00  5.2964741E+00  5.2963150E+00  5.3075008E+00  5.3073121E+00  4.9272014E+00  4.6809694E+00  3.9621270E+00  1.3483908E+02
 4.6973590E+00  5.4076163E+00  5.6501730E+00  6.0139289E+00  6.0137594E+00  6.0255388E+00  6.0253115E+00  5.6501730E+00  5.4076163E+00  4.6973590E+00  1.5342744E+02
 5.5044406E+00  6.2061463E+00  6.4450681E+00  6.8033681E+00  6.8031879E+00  6.8155866E+00  6.8153181E+00  6.4450681E+00  6.2061463E+00  5.5044406E+00  1.7293325E+02
 6.3866891E+00  7.0798542E+00  7.3151718E+00  7.6680622E+00  7.6678707E+00  7.6809165E+00  7.6806042E+00  7.3151718E+00  7.0798542E+00  6.3866891E+00  1.9393344E+02
 7.3472531E+00  8.0318937E+00  8.2636399E+00  8.6111706E+00  8.6109674E+00  8.6246889E+00  8.6243299E+00  8.2636399E+00  8.0318937E+00  7.3472531E+00  2.1640182E+02
 8.3888791E+00  9.0650158E+00  9.2932260E+00  9.6354499E+00  9.6352344E+00  9.6496609E+00  9.6492523E+00  9.2932260E+00  9.0650158E+00  8.3888791E+00  2.4029703E+02
 9.5138508E+00  1.0181509E+01  1.0406220E+01  1.0743193E+01  1.0742964E+01  1.0758126E+01  1.0757665E+01  1.0406220E+01  1.0181509E+01  9.5138508E+00  2.6556127E+02
 0.0000000E+00  2.5316219E-05  2.8784660E-01  7.1960372E-01  7.1955333E-01  7.2457721E-01  7.2475269E-01  2.8784660E-01  2.5316219E-05  0.0000000E+00  1.9441981E-01
 0.0000000E+00  5.1636703E-02  3.3508590E-01  7.6027652E-01  7.6022000E-01  7.6561118E-01  7.6577114E-01  3.3508590E-01  5.1636703E-02  0.0000000E+00  1.7386162E+00
 0.0000000E+00  1.1932984E-01  3.9855519E-01  8.1740195E-01  8.1733910E-01  8.2310636E-01  8.2324965E-01  3.9855519E-01  1.1932984E-01  0.0000000E+00  3.7789519E+00
 0.0000000E+00  2.0459992E-01  4.7973934E-01  8.9244945E-01  8.9238010E-01  8.9853240E-01  8.9865789E-01  4.7973934E-01  2.0459992E-01  0.0000000E+00  6.3721600E+00
 0.0000000E+00  3.0903881E-01  5.8021762E-01  9.8697936E-01  9.8690330E-01  9.9345006E-01  9.9355659E-01  5.8021762E-01  3.0903881E-01  0.0000000E+00  9.5745488E+00
 0.0000000E+00  4.3431883E-01  7.0165056E-01  1.1026345E+00  1.1025516E+00  1.1095027E+00  1.1095890E+00  7.0165056E-01  4.3431883E-01  0.0000000E+00  1.3440524E+01
 0.0000000E+00  5.8217796E-01  8.4576670E-01  1.2411294E+00  1.2410393E+00  1.2484050E+00  1.2484700E+00  8.4576670E-01  5.8217796E-01  0.0000000E+00  1.8021104E+01
 0.0000000E+00  7.5444190E-01  1.0143850E+00  1.4042728E+00  1.4041754E+00  1.4119663E+00  1.4120088E+00  1.0143850E+00  7.5444190E-01  0.0000000E+00  2.3363558E+01
 2.3058565E-01  9.7608449E-01  1.2321217E+00  1.6161438E+00  1.6160381E+00  1.6243128E+00  1.6243287E+00  1.2321217E+00  9.7608449E-01  2.3058565E-01  2.9774060E+01
 4.9597779E-01  1.2326265E+00  1.4848233E+00  1.8630782E+00  1.8629638E+00  1.8717410E+00  1.8717285E+00  1.4848233E+00  1.2326265E+00  4.9597779E-01  3.7201473E+01
 7.9928324E-01  1.5271728E+00  1.7755936E+00  2.1481781E+00  2.1480547E+00  2.1573539E+00  2.1573109E+00  1.7755936E+00  1.5271728E+00  7.9928324E-01  4.5703538E+01
 1.1436143E+00  1.8628328E+00  2.1075403E+00  2.4745491E+00  2.4744163E+00  2.4842573E+00  2.4841820E+00  2.1075403E+00  1.8628328E+00  1.1436143E+00  5.5331216E+01
 1.5320484E+00  2.2426806E+00  2.4837362E+00  2.8452614E+00  2.8451187E+00  2.8555222E+00  2.8554125E+00  2.4837362E+00  2.2426806E+00  1.5320484E+00  6.6127138E+01
 1.9676101E+00  2.6697378E+00  2.9072008E+00  3.2633319E+00  3.2631791E+00  3.2741662E+00  3.2740199E+00  2.9072008E+00  2.6697378E+00  1.9676101E+00  7.8124719E+01
 2.4532521E+00  3.1469541E+00  3.3808825E+00  3.7317070E+00  3.7315435E+00  3.7431361E+00  3.7429510E+00  3.3808825E+00  3.1469541E+00  2.4532521E+00  9.1347298E+01
 2.9918417E+00  3.6771945E+00  3.9076452E+00  4.2532484E+00  4.2530740E+00  4.2652944E+00  4.2650682E+00  3.9076452E+00  3.6771945E+00  2.9918417E+00  1.0580747E+02
 3.5861262E+00  4.2632053E+00  4.4902343E+00  4.8307009E+00  4.8305151E+00  4.8433865E+00  4.8431168E+00  4.4902343E+00  4.2632053E+00  3.5861262E+00  1.2150586E+02
 4.2388881E+00  4.9077855E+00  5.1314559E+00  5.4668809E+00  5.4666833E+00  5.4802289E+00  5.4799132E+00  5.1314559E+00  4.9077855E+00  4.2388881E+00  1.3767541E+02
 4.9523362E+00  5.6130830E+00  5.8334325E+00  6.1638728E+00  6.1636629E+00  6.1779112E+00  6.1775467E+00  5.8334325E+00  5.6130830E+00  4.9523362E+00  1.5453831E+02
 5.7288419E+00  6.3814477E+00  6.5985051E+00  6.9240043E+00  6.9237815E+00  6.9387633E+00  6.9383468E+00  6.5985051E+00  6.3814477E+00  5.7288419E+00  1.7259652E+02
 6.5706097E+00  7.2150889E+00  7.4288851E+00  7.7494901E+00  7.7492539E+00  7.7650007E+00  7.7645291E+00  7.4288851E+00  7.2150889E+00  6.5706097E+00  1.9181474E+02
 7.4794667E+00  8.1158382E+00  8.3264061E+00  8.6421665E+00  8.6419162E+00  8.6584604E+00  8.6579304E+00  8.3264061E+00  8.1158382E+00  7.4794667E+00  2.1214518E+02
 8.4568103E+00  9.0850969E+00  9.2924712E+00  9.6034394E+00  9.6031745E+00  9.6205492E+00  9.6199573E+00  9.2924712E+00  9.0850969E+00  8.4568103E+00  2.3352656E+02
 0.0000000E+00  2.4756611E-05  2.6506264E-01  6.6264947E-01  6.6258946E-01  6.6842260E-01  6.6859290E-01  2.6506264E-01  2.4756611E-05  0.0000000E+00  2.2219647E-01
 0.0000000E+00  5.0145374E-02  3.1117861E-01  7.0274928E-01  7.0268208E-01  7.0893854E-01  7.0908923E-01  3.1117861E-01  5.0145374E-02  0.0000000E+00  1.7206084E+00
 0.0000000E+00  1.1517730E-01  3.7234245E-01  7.5810215E-01  7.5802754E-01  7.6471702E-01  7.6484681E-01  3.7234245E-01  1.1517730E-01  0.0000000E+00  3.6800862E+00
 0.0000000E+00  1.9639679E-01  4.4982092E-01  8.2996066E-01  8.2987844E-01  8.3701084E-01  8.3711842E-01  4.4982092E-01  1.9639679E-01  0.0000000E+00  6.1476951E+00
 0.0000000E+00  2.9515614E-01  5.4495473E-01  9.1964811E-01  9.1955807E-01  9.2714379E-01  9.2722785E-01  5.4495473E-01  2.9515614E-01  0.0000000E+00  9.1695752E+00
 0.0000000E+00  4.1286737E-01  6.5914508E-01  1.0285495E+00  1.0284514E+00  1.0365013E+00  1.0365605E+00  6.5914508E-01  4.1286737E-01  0.0000000E+00  1.2789572E+01
 0.0000000E+00  5.5098820E-01  7.9384100E-01  1.1581007E+00  1.1579944E+00  1.1665200E+00  1.1665529E+00  7.9384100E-01  5.5098820E-01  0.0000000E+00  1.7047895E+01
 0.0000000E+00  7.1104282E-01  9.5056051E-01  1.3098107E+00  1.3096959E+00  1.3187089E+00  1.3187142E+00  9.5056051E-01  7.1104282E-01  0.0000000E+00  2.1980836E+01
 2.1336153E-01  9.1588534E-01  1.1518307E+00  1.5057152E+00  1.5055907E+00  1.5151575E+00  1.5151304E+00  1.1518307E+00  9.1588534E-01  2.1336153E-01  2.7856591E+01
 4.5764420E-01  1.1517367E+00  1.3841704E+00  1.7327805E+00  1.7326459E+00  1.7427876E+00  1.7427259E+00  1.3841704E+00  1.1517367E+00  4.5764420E-01  3.4618854E+01
 7.3539633E-01  1.4211433E+00  1.6501251E+00  1.9935508E+00  1.9934057E+00  2.0041437E+00  2.0040453E+00  1.6501251E+00  1.4211433E+00  7.3539633E-01  4.2309178E+01
 1.0491424E+00  1.7266269E+00  1.9522150E+00  2.2905441E+00  2.2903882E+00  2.3017447E+00  2.3016073E+00  1.9522150E+00  1.7266269E+00  1.0491424E+00  5.0962657E+01
 1.4013462E+00  2.0706483E+00  2.2928995E+00  2.6262174E+00  2.6260502E+00  2.6380481E+00  2.6378693E+00  2.2928995E+00  2.0706483E+00  1.4013462E+00  6.0606642E+01
 1.7943944E+00  2.4555910E+00  2.6745604E+00  3.0029505E+00  3.0027716E+00  3.0154344E+00  3.0152117E+00  2.6745604E+00  2.4555910E+00  1.7943944E+00  7.1260043E+01
 2.2305796E+00  2.8837449E+00  3.0994864E+00  3.4230297E+00  3.4228387E+00  3.4361904E+00  3.4359213E+00  3.0994864E+00  2.8837449E+00  2.2305796E+00  8.2932661E+01
 2.7120878E+00  3.3572940E+00  3.5698602E+00  3.8886362E+00  3.8884325E+00  3.9024981E+00  3.9021800E+00  3.5698602E+00  3.3572940E+00  2.7120878E+00  9.5624673E+01
 3.2409681E+00  3.8782863E+00  4.0877292E+00  4.4018164E+00  4.4015997E+00  4.4164046E+00  4.4160347E+00  4.0877292E+00  3.8782863E+00  3.2409681E+00  1.0932565E+02
 3.8192868E+00  4.4488037E+00  4.6551818E+00  4.9646682E+00  4.9644380E+00  4.9800077E+00  4.9795833E+00  4.6551818E+00  4.4488037E+00  3.8192868E+00  1.2334298E+02
 4.4485640E+00  5.0703084E+00  5.2736569E+00  5.5785959E+00  5.5783516E+00  5.5947174E+00  5.5942353E+00  5.2736569E+00  5.0703084E+00  4.4485640E+00  1.3786745E+02
 5.1304076E+00  5.7443879E+00  5.9447337E+00  6.2451664E+00  6.2449074E+00  6.2621033E+00  6.2615599E+00  5.9447337E+00  5.7443879E+00  5.1304076E+00  1.5333590E+02
 5.8662693E+00  6.4724982E+00  6.6698705E+00  6.9658408E+00  6.9655665E+00  6.9836273E+00  6.9830191E+00  6.6698705E+00  6.4724982E+00  5.8662693E+00  1.6970762E+02
 6.6572541E+00  7.2557488E+00  7.4501783E+00  7.7417328E+00  7.7414426E+00  7.7604038E+00  7.7597269E+00  7.4501783E+00  7.2557488E+00  6.6572541E+00  1.8693179E+02
 7.5040762E+00  8.0948576E+00  8.2863768E+00  8.5735645E+00  8.5732577E+00  8.5931555E+00  8.5924062E+00  8.2863768E+00  8.0948576E+00  7.5040762E+00  2.0494679E+02
 0.0000000E+00  2.4204348E-05  2.4415246E-01  6.1038057E-01  6.1030910E-01  6.1708319E-01  6.1724236E-01  2.4415246E-01  2.4204348E-05  0.0000000E+00  2.5392377E-01
 0.0000000E+00  4.8686176E-02  2.8915038E-01  6.4987236E-01  6.4979245E-01  6.5705415E-01  6.5718879E-01  2.8915038E-01  4.8686176E-02  0.0000000E+00  1.7087723E+00
 0.0000000E+00  1.1113940E-01  3.4806532E-01  7.0347032E-01  7.0338174E-01  7.1114171E-01  7.1125034E-01  3.4806532E-01  1.1113940E-01  0.0000000E+00  3.5905568E+00
 0.0000000E+00  1.8846103E-01  4.2196575E-01  7.7222982E-01  7.7213236E-01  7.8040148E-01  7.8048263E-01  4.2196575E-01  1.8846103E-01  0.0000000E+00  5.9375500E+00
 0.0000000E+00  2.8178695E-01  5.1197687E-01  8.5726011E-01  8.5715353E-01  8.6594326E-01  8.6599543E-01  5.1197687E-01  2.8178695E-01  0.0000000E+00  8.7867463E+00
 0.0000000E+00  3.9229554E-01  6.1926715E-01  9.5971472E-01  9.5959878E-01  9.6892112E-01  9.6894279E-01  6.1926715E-01  3.9229554E-01  0.0000000E+00  1.2172609E+01
 0.0000000E+00  5.2119466E-01  7.4503643E-01  1.0807815E+00  1.0806560E+00  1.0905235E+00  1.0905131E+00  7.4503643E-01  5.2119466E-01  0.0000000E+00  1.6125879E+01
 0.0000000E+00  6.6974133E-01  8.9053608E-01  1.2217034E+00  1.2215680E+00  1.2319938E+00  1.2319497E+00  8.9053608E-01  6.6974133E-01  0.0000000E+00  2.0673377E+01
 1.9720053E-01  8.5882304E-01  1.0763550E+00  1.4026204E+00  1.4024738E+00  1.4135331E+00  1.4134497E+00  1.0763550E+00  8.5882304E-01  1.9720053E-01  2.6048924E+01
 4.2176857E-01  1.0753549E+00  1.2896803E+00  1.6111288E+00  1.6109706E+00  1.6226866E+00  1.6225615E+00  1.2896803E+00  1.0753549E+00  4.2176857E-01  3.2192724E+01
 6.7576587E-01  1.3213970E+00  1.5325712E+00  1.8492864E+00  1.8491161E+00  1.8615128E+00  1.8613434E+00  1.5325712E+00  1.3213970E+00  6.7576587E-01  3.9132848E+01
 9.6120919E-01  1.5989634E+00  1.8070405E+00  2.1191038E+00  2.1189210E+00  2.1320230E+00  2.1318068E+00  1.8070405E+00  1.5989634E+00  9.6120919E-01  4.6891369E+01
 1.2800370E+00  1.9099896E+00  2.1150223E+00  2.4225133E+00  2.4223174E+00  2.4361500E+00  2.4358842E+00  2.1150223E+00  1.9099896E+00  1.2800370E+00  5.5483304E+01
 1.6340951E+00  2.2563186E+00  2.4583580E+00  2.7613540E+00  2.7611447E+00  2.7757337E+00  2.7754156E+00  2.4583580E+00  2.2563186E+00  1.6340951E+00  6.4916097E+01
 2.0251214E+00  2.6396857E+00  2.8387818E+00  3.1373581E+00  3.1371349E+00  3.1525071E+00  3.1521337E+00  2.8387818E+00  2.6396857E+00  2.0251214E+00  7.5189117E+01
 2.4547356E+00  3.0617086E+00  3.2579103E+00  3.5521407E+00  3.5519031E+00  3.5680856E+00  3.5676541E+00  3.2579103E+00  3.0617086E+00  2.4547356E+00  8.6293291E+01
 2.9244115E+00  3.5238601E+00  3.7172156E+00  4.0071731E+00  4.0069206E+00  4.0239415E+00  4.0234487E+00  3.7172156E+00  3.5238601E+00  2.9244115E+00  9.8210321E+01
 3.4356308E+00  4.0276368E+00  4.2182002E+00  4.5039665E+00  4.5036985E+00  4.5215857E+00  4.5210285E+00  4.2182002E+00  4.0276368E+00  3.4356308E+00  1.1031701E+02
 3.9893617E+00  4.5739517E+00  4.7617558E+00  5.0433808E+00  5.0430967E+00  5.0618847E+00  5.0612595E+00  4.7617558E+00  4.5739517E+00  3.9893617E+00  1.2277751E+02
 4.5866042E+00  5.1637853E+00  5.3488556E+00  5.6263778E+00  5.6260770E+00  5.6458031E+00  5.6451059E+00  5.3488556E+00  5.1637853E+00  4.5866042E+00  1.3597221E+02
 5.2282183E+00  5.7980018E+00  5.9803656E+00  6.2538265E+00  6.2535083E+00  6.2742106E+00  6.2734373E+00  5.9803656E+00  5.7980018E+00  5.2282183E+00  1.4985785E+02
 5.9147526E+00  6.4771537E+00  6.6568397E+00  6.9262831E+00  6.9259468E+00  6.9476640E+00  6.9468105E+00  6.6568397E+00  6.4771537E+00  5.9147526E+00  1.6438324E+02
 6.6464059E+00  7.2014439E+00  7.3784824E+00  7.6439540E+00  7.6435990E+00  7.6663707E+00  7.6654326E+00  7.3784824E+00  7.2014439E+00  6.6464059E+00  1.7948868E+02
 0.0000000E+00  2.3656983E-05  2.2497514E-01  5.6244493E-01  5.6235979E-01  5.7022813E-01  5.7036847E-01  2.2497514E-01  2.3656983E-05  0.0000000E+00  2.9014392E-01
 0.0000000E+00  4.7254400E-02  2.6885802E-01  6.0129510E-01  6.0120007E-01  6.0962971E-01  6.0973961E-01  2.6885802E-01  4.7254400E-02  0.0000000E+00  1.7033171E+00
 0.0000000E+00  1.0720525E-01  3.2557684E-01  6.5315552E-01  6.5305037E-01  6.6205296E-01  6.6213074E-01  3.2557684E-01  1.0720525E-01  0.0000000E+00  3.5102083E+00
 0.0000000E+00  1.8077304E-01  3.9602042E-01  7.1890302E-01  7.1878749E-01  7.2837494E-01  7.2841896E-01  3.9602042E-01  1.8077304E-01  0.0000000E+00  5.7411472E+00
 0.0000000E+00  2.6889893E-01  4.8112014E-01  7.9945427E-01  7.9932813E-01  8.0951297E-01  8.0952151E-01  4.8112014E-01  2.6889893E-01  0.0000000E+00  8.4249613E+00
 0.0000000E+00  3.7255256E-01  5.8183649E-01  8.9575605E-01  8.9561904E-01  9.0641445E-01  9.0638580E-01  5.8183649E-01  3.7255256E-01  0.0000000E+00  1.1587845E+01
 0.0000000E+00  4.9272000E-01  6.9914824E-01  1.0087761E+00  1.0086280E+00  1.0200477E+00  1.0199801E+00  6.9914824E-01  4.9272000E-01  0.0000000E+00  1.5252315E+01
 0.0000000E+00  6.3042273E-01  8.3407163E-01  1.1395230E+00  1.1393634E+00  1.1514218E+00  1.1513134E+00  8.3407163E-01  6.3042273E-01  0.0000000E+00  1.9437110E+01
 1.8204356E-01  8.0472502E-01  1.0053987E+00  1.3063793E+00  1.3062068E+00  1.3189891E+00  1.3188333E+00  1.0053987E+00  8.0472502E-01  1.8204356E-01  2.4345008E+01
 3.8821011E-01  1.0032282E+00  1.2009788E+00  1.4975676E+00  1.4973817E+00  1.5109136E+00  1.5107077E+00  1.2009788E+00  1.0032282E+00  3.8821011E-01  2.9914216E+01
 6.2014001E-01  1.2275710E+00  1.4224500E+00  1.7147246E+00  1.7145248E+00  1.7288328E+00  1.7285738E+00  1.4224500E+00  1.2275710E+00  6.2014001E-01  3.6161745E+01
 8.7941431E-01  1.4793318E+00  1.6713894E+00  1.9594257E+00  1.9592114E+00  1.9743227E+00  1.9740077E+00  1.6713894E+00  1.4793318E+00  8.7941431E-01  4.3099146E+01
 1.1675251E+00  1.7600001E+00  1.9492851E+00  2.2331570E+00  2.2329277E+00  2.2488701E+00  2.2484960E+00  1.9492851E+00  1.7600001E+00  1.1675251E+00  5.0731670E+01
 1.4858629E+00  2.0709637E+00  2.2575236E+00  2.5373029E+00  2.5370582E+00  2.5538602E+00  2.5534239E+00  2.2575236E+00  2.0709637E+00  1.4858629E+00  5.9057907E+01
 1.8357042E+00  2.4134964E+00  2.5973776E+00  2.8731343E+00  2.8728737E+00  2.8905646E+00  2.8900628E+00  2.5973776E+00  2.4134964E+00  1.8357042E+00  6.8069437E+01
 2.2182019E+00  2.7887495E+00  2.9699971E+00  3.2417999E+00  3.2415228E+00  3.2601325E+00  3.2595619E+00  2.9699971E+00  2.7887495E+00  2.2182019E+00  7.7750586E+01
 2.6343618E+00  3.1977276E+00  3.3763866E+00  3.6443032E+00  3.6440090E+00  3.6635680E+00  3.6629252E+00  3.3763866E+00  3.1977276E+00  2.6343618E+00  8.8077825E+01
 3.0851937E+00  3.6414550E+00  3.8175752E+00  4.0816812E+00  4.0813695E+00  4.1019082E+00  4.1011896E+00  3.8175752E+00  3.6414550E+00  3.0851937E+00  9.8492396E+01
 3.5712305E+00  4.1204116E+00  4.2940239E+00  4.5543659E+00  4.5540359E+00  4.5755921E+00  4.5747936E+00  4.2940239E+00  4.1204116E+00  3.5712305E+00  1.0913596E+02
 4.0929960E+00  4.6351027E+00  4.8062308E+00  5.0628455E+00  5.0624964E+00  5.0851109E+00  5.0842281E+00  4.8062308E+00  4.6351027E+00  4.0929960E+00  1.2033994E+02
 4.6508939E+00  5.1859362E+00  5.3546058E+00  5.6075318E+00  5.6071630E+00  5.6308773E+00  5.6299057E+00  5.3546058E+00  5.1859362E+00  4.6508939E+00  1.3206074E+02
 5.2450533E+00  5.7730448E+00  5.9392827E+00  6.1885611E+00  6.1881718E+00  6.2130282E+00  6.2119631E+00  5.9392827E+00  5.7730448E+00  5.2450533E+00  1.4424874E+02
 5.8752964E+00  6.3962545E+00  6.5600888E+00  6.8057626E+00  6.8053521E+00  6.8313933E+00  6.8302299E+00  6.5600888E+00  6.3962545E+00  5.8752964E+00  1.5684780E+02
 0.0000000E+00  2.3112388E-05  2.0740250E-01  5.1852230E-01  5.1842084E-01  5.2756189E-01  5.2767356E-01  2.0740250E-01  2.3112388E-05  0.0000000E+00  3.3146515E-01
 0.0000000E+00  4.5845913E-02  2.5017148E-01  5.5669878E-01  5.5658577E-01  5.6637247E-01  5.6644663E-01  2.5017148E-01  4.5845913E-02  0.0000000E+00  1.7045129E+00
 0.0000000E+00  1.0336518E-01  3.0474356E-01  6.0683899E-01  6.0671415E-01  6.1715917E-01  6.1719395E-01  3.0474356E-01  1.0336518E-01  0.0000000E+00  3.4389482E+00
 0.0000000E+00  1.7331512E-01  3.7184557E-01  6.6965870E-01  6.6952178E-01  6.8063807E-01  6.8063160E-01  3.7184557E-01  1.7331512E-01  0.0000000E+00  5.5579827E+00
 0.0000000E+00  2.5646252E-01  4.5223533E-01  7.4590224E-01  7.4575297E-01  7.5755418E-01  7.5750454E-01  4.5223533E-01  2.5646252E-01  0.0000000E+00  8.0832135E+00
 0.0000000E+00  3.5359136E-01  5.4668840E-01  8.3633258E-01  8.3617069E-01  8.4867117E-01  8.4857644E-01  5.4668840E-01  3.5359136E-01  0.0000000E+00  1.1033612E+01
 0.0000000E+00  4.6549197E-01  6.5598840E-01  9.4172325E-01  9.4154844E-01  9.5476322E-01  9.5462139E-01  6.5598840E-01  4.6549197E-01  0.0000000E+00  1.4424633E+01
 0.0000000E+00  5.9297934E-01  7.8094553E-01  1.0628772E+00  1.0626892E+00  1.0766340E+00  1.0764430E+00  7.8094553E-01  5.9297934E-01  0.0000000E+00  1.8268204E+01
 1.6783465E-01  7.5342868E-01  9.3868723E-01  1.2165495E+00  1.2163465E+00  1.2311175E+00  1.2308697E+00  9.3868723E-01  7.5342868E-01  1.6783465E-01  2.2739134E+01
 3.5683553E-01  9.3511759E-01  1.1177170E+00  1.3915832E+00  1.3913647E+00  1.4069904E+00  1.4066824E+00  1.1177170E+00  9.3511759E-01  3.5683553E-01  2.7774968E+01
 5.6828058E-01  1.1393224E+00  1.3193104E+00  1.5892526E+00  1.5890182E+00  1.6055276E+00  1.6051564E+00  1.3193104E+00  1.1393224E+00  5.6828058E-01  3.3383791E+01
 8.0337977E-01  1.3672507E+00  1.5446737E+00  1.8107626E+00  1.8105116E+00  1.8279346E+00  1.8274967E+00  1.5446737E+00  1.3672507E+00  8.0337977E-01  3.9568830E+01
 1.0632488E+00  1.6200156E+00  1.7949190E+00  2.0572231E+00  2.0569550E+00  2.0753222E+00  2.0748142E+00  1.7949190E+00  1.6200156E+00  1.0632488E+00  4.6327791E+01
 1.3488990E+00  1.8986257E+00  2.0710535E+00  2.3296397E+00  2.3293538E+00  2.3486965E+00  2.3481148E+00  2.0710535E+00  1.8986257E+00  1.3488990E+00  5.3652642E+01
 1.6612261E+00  2.2039746E+00  2.3739698E+00  2.6289031E+00  2.6285989E+00  2.6489490E+00  2.6482900E+00  2.3739698E+00  2.2039746E+00  1.6612261E+00  6.1529393E+01
 2.0010035E+00  2.5368337E+00  2.7044382E+00  2.9557823E+00  2.9554593E+00  2.9768494E+00  2.9761094E+00  2.7044382E+00  2.5368337E+00  2.0010035E+00  6.9937966E+01
 2.3688612E+00  2.8978322E+00  3.0630875E+00  3.3109052E+00  3.3105628E+00  3.3330262E+00  3.3322013E+00  3.0630875E+00  2.8978322E+00  2.3688612E+00  7.8851747E+01
 2.7654338E+00  3.2876184E+00  3.4505706E+00  3.6949320E+00  3.6945695E+00  3.7181391E+00  3.7172253E+00  3.4505706E+00  3.2876184E+00  2.7654338E+00  8.7771604E+01
 3.1909170E+00  3.7063375E+00  3.8670152E+00  4.1079638E+00  4.1075806E+00  4.1322973E+00  4.1312902E+00  3.8670152E+00  3.7063375E+00  3.1909170E+00  9.6820189E+01
 3.6454693E+00  4.1541303E+00  4.3125560E+00  4.5501261E+00  4.5497214E+00  4.5756297E+00  4.5745242E+00  4.3125560E+00  4.1541303E+00  3.6454693E+00  1.0628645E+02
 4.1291512E+00  4.6310612E+00  4.7872587E+00  5.0214868E+00  5.0210598E+00  5.0482048E+00  5.0469960E+00  4.7872587E+00  4.6310612E+00  4.1291512E+00  1.1612815E+02
 4.6417850E+00  5.1369562E+00  5.2909505E+00  5.5218749E+00  5.5214248E+00  5.5498522E+00  5.5485348E+00  5.2909505E+00  5.1369562E+00  4.6417850E+00  1.2629857E+02
 5.1829287E+00  5.6713767E+00  5.8231940E+00  6.0508548E+00  6.0503806E+00  6.0801368E+00  6.0787055E+00  5.8231940E+00  5.6713767E+00  5.1829287E+00  1.3674626E+02
 0.0000000E+00  2.2568762E-05  1.9131885E-01  4.7832373E-01  4.7820279E-01  4.8882424E-01  4.8889480E-01  1.9131885E-01  2.2568762E-05  0.0000000E+00  3.7856392E-01
 0.0000000E+00  4.4457164E-02  2.3297361E-01  5.1579614E-01  5.1566169E-01  5.2702525E-01  5.2704988E-01  2.3297361E-01  4.4457164E-02  0.0000000E+00  1.7126892E+00
 0.0000000E+00  9.9610708E-02  2.8544540E-01  5.6423350E-01  5.6408527E-01  5.7620459E-01  5.7618121E-01  2.8544540E-01  9.9610708E-02  0.0000000E+00  3.3767450E+00
 0.0000000E+00  1.6607147E-01  3.4931572E-01  6.2420715E-01  6.2404487E-01  6.3693393E-01  6.3686044E-01  3.4931572E-01  1.6607147E-01  0.0000000E+00  5.3876257E+00
 0.0000000E+00  2.4445090E-01  4.2518775E-01  6.9630791E-01  6.9613128E-01  7.0980483E-01  7.0967910E-01  4.2518775E-01  2.4445090E-01  0.0000000E+00  7.7605912E+00
 0.0000000E+00  3.3536880E-01  5.1367361E-01  7.8113629E-01  7.8094502E-01  7.9541864E-01  7.9523849E-01  5.1367361E-01  3.3536880E-01  0.0000000E+00  1.0508377E+01
 0.0000000E+00  4.3944375E-01  6.1538570E-01  8.7929545E-01  8.7908923E-01  8.9437919E-01  8.9414240E-01  6.1538570E-01  4.3944375E-01  0.0000000E+00  1.3640449E+01
 0.0000000E+00  5.5731091E-01  7.3095477E-01  9.9140950E-01  9.9118803E-01  1.0073113E+00  1.0070156E+00  7.3095477E-01  5.5731091E-01  0.0000000E+00  1.7163088E+01
 1.5452117E-01  7.0478200E-01  8.7596763E-01  1.1327270E+00  1.1324883E+00  1.1495535E+00  1.1491898E+00  8.7596763E-01  7.0478200E-01  1.5452117E-01  2.1225968E+01
 3.2751952E-01  8.7079923E-01  1.0395716E+00  1.2927038E+00  1.2924472E+00  1.3104856E+00  1.3100503E+00  1.0395716E+00  8.7079923E-01  3.2751952E-01  2.5767149E+01
 5.1996387E-01  1.0563299E+00  1.2227332E+00  1.4723053E+00  1.4720304E+00  1.4910738E+00  1.4905632E+00  1.2227332E+00  1.0563299E+00  5.1996387E-01  3.0787676E+01
 7.3275080E-01  1.2622683E+00  1.4263456E+00  1.6724232E+00  1.6721292E+00  1.6922103E+00  1.6916207E+00  1.4263456E+00  1.2622683E+00  7.3275080E-01  3.6284359E+01
 9.6668191E-01  1.4894135E+00  1.6512069E+00  1.8938536E+00  1.8935400E+00  1.9146922E+00  1.9140197E+00  1.6512069E+00  1.4894135E+00  9.6668191E-01  4.2249270E+01
 1.2224555E+00  1.7384615E+00  1.8980116E+00  2.1372895E+00  2.1369557E+00  2.1592129E+00  2.1584536E+00  1.8980116E+00  1.7384615E+00  1.2224555E+00  4.8669643E+01
 1.5006579E+00  2.0099962E+00  2.1673429E+00  2.4033123E+00  2.4029576E+00  2.4263547E+00  2.4255045E+00  2.1673429E+00  2.0099962E+00  1.5006579E+00  5.5527771E+01
 1.8017578E+00  2.3044847E+00  2.4596667E+00  2.6923866E+00  2.6920105E+00  2.7165829E+00  2.7156375E+00  2.4596667E+00  2.3044847E+00  1.8017578E+00  6.2800967E+01
 2.1260885E+00  2.6222595E+00  2.7753152E+00  3.0048438E+00  3.0044456E+00  3.0302293E+00  3.0291845E+00  2.7753152E+00  2.6222595E+00  2.1260885E+00  7.0461250E+01
 2.4739918E+00  2.9636754E+00  3.1146472E+00  3.3410492E+00  3.3406282E+00  3.3676584E+00  3.3665099E+00  3.1146472E+00  2.9636754E+00  2.4739918E+00  7.8064452E+01
 2.8454085E+00  3.3286251E+00  3.4775396E+00  3.7008555E+00  3.7004111E+00  3.7287321E+00  3.7274748E+00  3.4775396E+00  3.3286251E+00  2.8454085E+00  8.5717159E+01
 3.2402248E+00  3.7169778E+00  3.8638558E+00  4.0841179E+00  4.0836491E+00  4.1133092E+00  4.1119376E+00  3.8638558E+00  3.7169778E+00  3.2402248E+00  9.3671496E+01
 3.6582507E+00  4.1285472E+00  4.2734111E+00  4.4906534E+00  4.4901593E+00  4.5212072E+00  4.5197157E+00  4.2734111E+00  4.1285472E+00  3.6582507E+00  1.0188775E+02
 4.0990939E+00  4.5629447E+00  4.7058176E+00  4.9200757E+00  4.9195556E+00  4.9520404E+00  4.9504233E+00  4.7058176E+00  4.5629447E+00  4.0990939E+00  1.1032306E+02
 4.5621386E+00  5.0195577E+00  5.1604637E+00  5.3717749E+00  5.3712278E+00  5.4051991E+00  5.4034506E+00  5.1604637E+00  5.0195577E+00  4.5621386E+00  1.1893127E+02
 0.0000000E+00  2.2024586E-05  1.7661976E-01  4.4158847E-01  4.4144425E-01  4.5378779E-01  4.5380162E-01  1.7661976E-01  2.2024586E-05  0.0000000E+00  4.3218729E-01
 0.0000000E+00  4.3085081E-02  2.1715879E-01  4.7832806E-01  4.7816808E-01  4.9136384E-01  4.9132176E-01  2.1715879E-01  4.3085081E-02  0.0000000E+00  1.7282321E+00
 0.0000000E+00  9.5934304E-02  2.6757408E-01  5.2508004E-01  5.2490401E-01  5.3896659E-01  5.3886628E-01  2.6757408E-01  9.5934304E-02  0.0000000E+00  3.3236199E+00
 0.0000000E+00  1.5902775E-01  3.2831747E-01  5.8228687E-01  5.8209450E-01  5.9703886E-01  5.9687799E-01  3.2831747E-01  1.5902775E-01  0.0000000E+00  5.2297028E+00
 0.0000000E+00  2.3283930E-01  3.9985526E-01  6.5040351E-01  6.5019450E-01  6.6603646E-01  6.6581266E-01  3.9985526E-01  2.3283930E-01  0.0000000E+00  7.4562564E+00
 0.0000000E+00  3.1784451E-01  4.8265597E-01  7.2988783E-01  7.2966187E-01  7.4641817E-01  7.4612902E-01  4.8265597E-01  3.1784451E-01  0.0000000E+00  1.0010705E+01
 0.0000000E+00  4.1451236E-01  5.7718290E-01  8.2119463E-01  8.2095140E-01  8.3863955E-01  8.3828257E-01  5.7718290E-01  4.1451236E-01  0.0000000E+00  1.2897522E+01
 0.0000000E+00  5.2332258E-01  6.8391172E-01  9.2479350E-01  9.2453266E-01  9.4317096E-01  9.4274363E-01  6.8391172E-01  5.2332258E-01  0.0000000E+00  1.6118394E+01
 1.4205311E-01  6.5864077E-01  8.1700443E-01  1.0545401E+00  1.0542594E+00  1.0739701E+00  1.0734618E+00  8.1700443E-01  6.5864077E-01  1.4205311E-01  1.9800471E+01
 3.0014327E-01  8.1006076E-01  9.6624054E-01  1.2004935E+00  1.2001922E+00  1.2210094E+00  1.2204161E+00  9.6624054E-01  8.1006076E-01  3.0014327E-01  2.3883363E+01
 4.7497801E-01  9.7828865E-01  1.1323254E+00  1.3633578E+00  1.3630355E+00  1.3849939E+00  1.3843116E+00  1.1323254E+00  9.7828865E-01  4.7497801E-01  2.8362724E+01
 6.6719207E-01  1.1639570E+00  1.3158907E+00  1.5437633E+00  1.5434191E+00  1.5665543E+00  1.5657787E+00  1.3158907E+00  1.1639570E+00  6.6719207E-01  3.3230594E+01
 8.7732774E-01  1.3676057E+00  1.5174751E+00  1.7422469E+00  1.7418804E+00  1.7662286E+00  1.7653553E+00  1.5174751E+00  1.3676057E+00  8.7732774E-01  3.8475037E+01
 1.1058287E+00  1.5896761E+00  1.7375189E+00  1.9592474E+00  1.9588578E+00  1.9844558E+00  1.9834806E+00  1.7375189E+00  1.5896761E+00  1.1058287E+00  4.4080138E+01
 1.3530331E+00  1.8305044E+00  1.9763571E+00  2.1950982E+00  2.1946849E+00  2.2215703E+00  2.2204885E+00  1.9763571E+00  1.8305044E+00  1.3530331E+00  5.0025996E+01
 1.6191695E+00  2.0903175E+00  2.2342159E+00  2.4500241E+00  2.4495864E+00  2.4777973E+00  2.4766043E+00  2.2342159E+00  2.0903175E+00  1.6191695E+00  5.6288759E+01
 1.9043423E+00  2.3692190E+00  2.5111983E+00  2.7241274E+00  2.7236646E+00  2.7532398E+00  2.7519309E+00  2.5111983E+00  2.3692190E+00  1.9043423E+00  6.2840425E+01
 2.2086696E+00  2.6673394E+00  2.8074387E+00  3.0175480E+00  3.0170595E+00  3.0480365E+00  3.0466070E+00  2.8074387E+00  2.6673394E+00  2.2086696E+00  6.9287307E+01
 2.5319060E+00  2.9843875E+00  3.1226313E+00  3.3299585E+00  3.3294434E+00  3.3618700E+00  3.3603142E+00  3.1226313E+00  2.9843875E+00  2.5319060E+00  7.5722408E+01
 2.8737419E+00  3.3200374E+00  3.4564451E+00  3.6610203E+00  3.6604777E+00  3.6944056E+00  3.6927174E+00  3.4564451E+00  3.3200374E+00  2.8737419E+00  8.2365894E+01
 3.2338133E+00  3.6739287E+00  3.8085207E+00  4.0103754E+00  4.0098044E+00  4.0452859E+00  4.0434593E+00  3.8085207E+00  3.6739287E+00  3.2338133E+00  8.9181372E+01
 3.6115874E+00  4.0455320E+00  4.1783297E+00  4.3774969E+00  4.3768966E+00  4.4139843E+00  4.4120128E+00  4.1783297E+00  4.0455320E+00  3.6115874E+00  9.6130415E+01
 4.0063460E+00  4.4341322E+00  4.5651579E+00  4.7616718E+00  4.7610413E+00  4.7997879E+00  4.7976653E+00  4.5651579E+00  4.4341322E+00  4.0063460E+00  1.0317248E+02
 0.0000000E+00  2.1478566E-05  1.6321119E-01  4.0808177E-01  4.0790971E-01  4.2225663E-01  4.2219426E-01  1.6321119E-01  2.1478566E-05  0.0000000E+00  4.9315217E-01
 0.0000000E+00  4.1726940E-02  2.0263194E-01  4.4406137E-01  4.4387094E-01  4.5919558E-01  4.5906551E-01  2.0263194E-01  4.1726940E-02  0.0000000E+00  1.7515786E+00
 0.0000000E+00  9.2329084E-02  2.5103197E-01  4.8914532E-01  4.8893622E-01  5.0525402E-01  5.0505368E-01  2.5103197E-01  9.2329084E-02  0.0000000E+00  3.2796366E+00
 0.0000000E+00  1.5217054E-01  3.0874821E-01  5.4366192E-01  5.4343386E-01  5.6076065E-01  5.6048747E-01  3.0874821E-01  1.5217054E-01  0.0000000E+00  5.0838848E+00
 0.0000000E+00  2.2160422E-01  3.7612663E-01  6.0794673E-01  6.0769938E-01  6.2605198E-01  6.2570335E-01  3.7612663E-01  2.2160422E-01  0.0000000E+00  7.1694254E+00
 0.0000000E+00  3.0097993E-01  4.5351058E-01  6.8233334E-01  6.8206640E-01  7.0146262E-01  7.0103585E-01  4.5351058E-01  3.0097993E-01  0.0000000E+00  9.5392398E+00
 0.0000000E+00  3.9063741E-01  5.4123458E-01  7.6714848E-01  7.6686159E-01  7.8732012E-01  7.8681248E-01  5.4123458E-01  3.9063741E-01  0.0000000E+00  1.2193720E+01
 0.0000000E+00  4.9092328E-01  6.3964156E-01  8.6272946E-01  8.6242229E-01  8.8396265E-01  8.8337134E-01  6.3964156E-01  4.9092328E-01  0.0000000E+00  1.5130918E+01
 1.3038272E-01  6.1486667E-01  7.6157686E-01  9.8164512E-01  9.8131510E-01  1.0040746E+00  1.0033873E+00  7.6157686E-01  6.1486667E-01  1.3038272E-01  1.8457851E+01
 2.7459348E-01  7.5269880E-01  8.9743930E-01  1.1145466E+00  1.1141930E+00  1.1382086E+00  1.1374209E+00  8.9743930E-01  7.5269880E-01  2.7459348E-01  2.2116583E+01
 4.3312148E-01  9.0490752E-01  1.0477161E+00  1.2619200E+00  1.2615422E+00  1.2868516E+00  1.2859588E+00  1.0477161E+00  9.0490752E-01  4.3312148E-01  2.6098809E+01
 6.0638528E-01  1.0719093E+00  1.2128226E+00  1.4241793E+00  1.4237767E+00  1.4504182E+00  1.4494158E+00  1.2128226E+00  1.0719093E+00  6.0638528E-01  3.0393208E+01
 7.9471619E-01  1.2540333E+00  1.3930871E+00  1.6016511E+00  1.6012229E+00  1.6292357E+00  1.6281187E+00  1.3930871E+00  1.2540333E+00  7.9471619E-01  3.4985205E+01
 9.9835388E-01  1.4515170E+00  1.5887458E+00  1.7945702E+00  1.7941157E+00  1.8235394E+00  1.8223030E+00  1.5887458E+00  1.4515170E+00  9.9835388E-01  3.9857050E+01
 1.2174414E+00  1.6645014E+00  1.7999390E+00  2.0030751E+00  2.0025937E+00  2.0334685E+00  2.0321078E+00  1.7999390E+00  1.6645014E+00  1.2174414E+00  4.4987876E+01
 1.4520225E+00  1.8930289E+00  2.0267079E+00  2.2272060E+00  2.2266969E+00  2.2590637E+00  2.2575735E+00  2.0267079E+00  1.8930289E+00  1.4520225E+00  5.0353810E+01
 1.7020296E+00  2.1370310E+00  2.2689838E+00  2.4668932E+00  2.4663558E+00  2.5002558E+00  2.4986309E+00  2.2689838E+00  2.1370310E+00  1.7020296E+00  5.5927855E+01
 1.9674151E+00  2.3964723E+00  2.5267344E+00  2.7221095E+00  2.7215430E+00  2.7570159E+00  2.7552512E+00  2.5267344E+00  2.3964723E+00  1.9674151E+00  6.1362512E+01
 2.2478043E+00  2.6709341E+00  2.7995279E+00  2.9924034E+00  2.9918069E+00  3.0289036E+00  3.0269929E+00  2.7995279E+00  2.6709341E+00  2.2478043E+00  6.6739273E+01
 2.5427545E+00  2.9599582E+00  3.0869015E+00  3.2773050E+00  3.2766777E+00  3.3154536E+00  3.3133902E+00  3.0869015E+00  2.9599582E+00  2.5427545E+00  7.2250556E+01
 2.8517889E+00  3.2630712E+00  3.3883828E+00  3.5763434E+00  3.5756842E+00  3.6161949E+00  3.6139721E+00  3.3883828E+00  3.2630712E+00  2.8517889E+00  7.7863772E+01
 3.1742933E+00  3.5796623E+00  3.7033615E+00  3.8889094E+00  3.8882174E+00  3.9305186E+00  3.9281296E+00  3.7033615E+00  3.5796623E+00  3.1742933E+00  8.3545189E+01
 3.5095029E+00  3.9089696E+00  4.0310766E+00  4.2142430E+00  4.2135172E+00  4.2576645E+00  4.2551024E+00  4.0310766E+00  3.9089696E+00  3.5095029E+00  8.9259904E+01
 0.0000000E+00  2.0929599E-05  1.5100997E-01  3.7759623E-01  3.7739081E-01  3.9406825E-01  3.9390558E-01  1.5100997E-01  2.0929599E-05  0.0000000E+00  5.6233230E-01
 0.0000000E+00  4.0380338E-02  1.8930895E-01  4.1278996E-01  4.1256316E-01  4.3036107E-01  4.3011682E-01  1.8930895E-01  4.0380338E-02  0.0000000E+00  1.7832029E+00
 0.0000000E+00  8.8788801E-02  2.3573252E-01  4.5622291E-01  4.5597442E-01  4.7490891E-01  4.7458026E-01  2.3573252E-01  8.8788801E-02  0.0000000E+00  3.2448902E+00
 0.0000000E+00  1.4548745E-01  2.9051655E-01  5.0812303E-01  5.0785256E-01  5.2794018E-01  5.2752432E-01  2.9051655E-01  1.4548745E-01  0.0000000E+00  4.9498814E+00
 0.0000000E+00  2.1072374E-01  3.5390216E-01  5.6872188E-01  5.6842911E-01  5.8968751E-01  5.8918156E-01  3.5390216E-01  2.1072374E-01  0.0000000E+00  6.8993750E+00
 0.0000000E+00  2.8473888E-01  4.2612464E-01  6.3824583E-01  6.3793044E-01  6.6037836E-01  6.5977940E-01  4.2612464E-01  2.8473888E-01  0.0000000E+00  9.0927180E+00
 0.0000000E+00  3.6776208E-01  5.0740843E-01  7.1691216E-01  7.1657379E-01  7.4023094E-01  7.3953596E-01  5.0740843E-01  3.6776208E-01  0.0000000E+00  1.1527060E+01
 0.0000000E+00  4.6002728E-01  5.9798407E-01  8.0494624E-01  8.0458454E-01  8.2947156E-01  8.2867748E-01  5.9798407E-01  4.6002728E-01  0.0000000E+00  1.4197678E+01
 1.1946516E-01  5.7332942E-01  7.0948126E-01  9.1372911E-01  9.1334120E-01  9.3961178E-01  9.3870438E-01  7.0948126E-01  5.7332942E-01  1.1946516E-01  1.7193645E+01
 2.5076397E-01  6.9852203E-01  8.3290420E-01  1.0344918E+00  1.0340770E+00  1.0617711E+00  1.0607454E+00  8.3290420E-01  6.9852203E-01  2.5076397E-01  2.0460266E+01
 3.9420562E-01  8.3591306E-01  9.6856016E-01  1.1675407E+00  1.1670982E+00  1.1962563E+00  1.1951073E+00  9.6856016E-01  8.3591306E-01  3.9420562E-01  2.3986499E+01
 5.5003293E-01  9.8574337E-01  1.1166891E+00  1.3131141E+00  1.3126433E+00  1.3433066E+00  1.3420291E+00  1.1166891E+00  9.8574337E-01  5.5003293E-01  2.7758860E+01
 7.1840849E-01  1.1481735E+00  1.2774504E+00  1.4713702E+00  1.4708702E+00  1.5030806E+00  1.5016692E+00  1.2774504E+00  1.1481735E+00  7.1840849E-01  3.1761275E+01
 8.9941195E-01  1.3232811E+00  1.4509208E+00  1.6423838E+00  1.6418541E+00  1.6756538E+00  1.6741032E+00  1.4509208E+00  1.3232811E+00  8.9941195E-01  3.5975224E+01
 1.0930367E+00  1.5110576E+00  1.6370909E+00  1.8261443E+00  1.8255839E+00  1.8610158E+00  1.8593206E+00  1.6370909E+00  1.5110576E+00  1.0930367E+00  4.0379860E+01
 1.2991884E+00  1.7114074E+00  1.8358640E+00  2.0225536E+00  2.0219620E+00  2.0590692E+00  2.0572238E+00  1.8358640E+00  1.7114074E+00  1.2991884E+00  4.4952156E+01
 1.5176754E+00  1.9241382E+00  2.0470473E+00  2.2314182E+00  2.2307946E+00  2.2696208E+00  2.2676195E+00  2.0470473E+00  1.9241382E+00  1.5176754E+00  4.9666874E+01
 1.7483329E+00  2.1490967E+00  2.2704905E+00  2.4525920E+00  2.4519356E+00  2.4925222E+00  2.4903596E+00  2.2704905E+00  2.1490967E+00  1.7483329E+00  5.4218612E+01
 1.9907025E+00  2.3857826E+00  2.5056814E+00  2.6855450E+00  2.6848549E+00  2.7272559E+00  2.7249250E+00  2.5056814E+00  2.3857826E+00  1.9907025E+00  5.8679081E+01
 2.2442597E+00  2.6336563E+00  2.7520763E+00  2.9297271E+00  2.9290025E+00  2.9732764E+00  2.9707702E+00  2.7520763E+00  2.6336563E+00  2.2442597E+00  6.3216570E+01
 2.5084636E+00  2.8921806E+00  3.0091384E+00  3.1846029E+00  3.1838427E+00  3.2300482E+00  3.2273593E+00  3.0091384E+00  2.8921806E+00  2.5084636E+00  6.7802531E+01
 2.7826646E+00  3.1607088E+00  3.2762220E+00  3.4495273E+00  3.4487304E+00  3.4969260E+00  3.4940470E+00  3.2762220E+00  3.1607088E+00  2.7826646E+00  7.2407970E+01
 3.0660935E+00  3.4384749E+00  3.5525613E+00  3.7237354E+00  3.7229009E+00  3.7731448E+00  3.7700682E+00  3.5525613E+00  3.4384749E+00  3.0660935E+00  7.7003450E+01
 0.0000000E+00  2.0376609E-05  1.3994190E-01  3.4994687E-01  3.4970145E-01  3.6908981E-01  3.6879719E-01  1.3994190E-01  2.0376609E-05  0.0000000E+00  6.4064709E-01
 0.0000000E+00  3.9042858E-02  1.7711445E-01  3.8432960E-01  3.8405931E-01  4.0473016E-01  4.0433967E-01  1.7711445E-01  3.9042858E-02  0.0000000E+00  1.8235978E+00
 0.0000000E+00  8.5307103E-02  2.2159754E-01  4.2612755E-01  4.2583212E-01  4.4780198E-01  4.4731058E-01  2.2159754E-01  8.5307103E-02  0.0000000E+00  3.2194803E+00
 0.0000000E+00  1.3896587E-01  2.7353911E-01  4.7548142E-01  4.7516054E-01  4.9844644E-01  4.9785107E-01  2.7353911E-01  1.3896587E-01  0.0000000E+00  4.8274037E+00
 0.0000000E+00  2.0017566E-01  3.3308988E-01  5.3253316E-01  5.3218654E-01  5.5680668E-01  5.5610422E-01  3.3308988E-01  2.0017566E-01  0.0000000E+00  6.6453898E+00
 0.0000000E+00  2.6908496E-01  4.0039292E-01  5.9741769E-01  5.9704499E-01  6.2301885E-01  6.2220610E-01  4.0039292E-01  2.6908496E-01  0.0000000E+00  8.6699028E+00
 0.0000000E+00  3.4582968E-01  4.7557979E-01  6.7025998E-01  6.6986086E-01  6.9720895E-01  6.9628266E-01  4.7557979E-01  3.4582968E-01  0.0000000E+00  1.0895614E+01
 0.0000000E+00  4.3054965E-01  5.5878720E-01  7.5119202E-01  7.5076612E-01  7.7950992E-01  7.7846675E-01  5.5878720E-01  4.3054965E-01  0.0000000E+00  1.3315789E+01
 1.0925722E-01  5.3390105E-01  6.6052334E-01  8.5049929E-01  8.5004338E-01  8.8035453E-01  8.7917810E-01  6.6052334E-01  5.3390105E-01  1.0925722E-01  1.6003557E+01
 2.2855269E-01  6.4734387E-01  7.7238307E-01  9.5997977E-01  9.5949310E-01  9.9141432E-01  9.9009917E-01  7.7238307E-01  6.4734387E-01  2.2855269E-01  1.8908134E+01
 3.5804974E-01  7.7104027E-01  8.9452790E-01  1.0797939E+00  1.0792757E+00  1.1128503E+00  1.1113908E+00  8.9452790E-01  7.7104027E-01  3.5804974E-01  2.2016785E+01
 4.9785104E-01  9.0509111E-01  1.0270578E+00  1.2100403E+00  1.2094898E+00  1.2447615E+00  1.2431521E+00  1.0270578E+00  9.0509111E-01  4.9785104E-01  2.5314856E+01
 6.4798727E-01  1.0495252E+00  1.1700004E+00  1.3507451E+00  1.3501617E+00  1.3871748E+00  1.3854096E+00  1.1700004E+00  1.0495252E+00  6.4798727E-01  2.8785708E+01
 8.0841591E-01  1.2042980E+00  1.3233104E+00  1.5018615E+00  1.5012443E+00  1.5400435E+00  1.5381167E+00  1.3233104E+00  1.2042980E+00  8.0841591E-01  3.2410907E+01
 9.7901938E-01  1.3692904E+00  1.4868676E+00  1.6632678E+00  1.6626161E+00  1.7032465E+00  1.7011521E+00  1.4868676E+00  1.3692904E+00  9.7901938E-01  3.6170378E+01
 1.1596046E+00  1.5443080E+00  1.6604769E+00  1.8347676E+00  1.8340806E+00  1.8765876E+00  1.8743196E+00  1.6604769E+00  1.5443080E+00  1.1596046E+00  4.0042592E+01
 1.3498957E+00  1.7290744E+00  1.8438611E+00  2.0160831E+00  2.0153600E+00  2.0597891E+00  2.0573415E+00  1.8438611E+00  1.7290744E+00  1.3498957E+00  4.4004585E+01
 1.5496501E+00  1.9233581E+00  2.0367914E+00  2.2069887E+00  2.2062289E+00  2.2526228E+00  2.2499896E+00  2.0367914E+00  1.9233581E+00  1.5496501E+00  4.7789166E+01
 1.7583630E+00  2.1266142E+00  2.2387120E+00  2.4069130E+00  2.4061155E+00  2.4545306E+00  2.4517045E+00  2.2387120E+00  2.1266142E+00  1.7583630E+00  5.1459707E+01
 1.9754683E+00  2.3382621E+00  2.4490388E+00  2.6152658E+00  2.6144297E+00  2.6649276E+00  2.6619008E+00  2.4490388E+00  2.3382621E+00  1.9754683E+00  5.5163476E+01
 2.2003994E+00  2.5577389E+00  2.6672092E+00  2.8314856E+00  2.8306098E+00  2.8832517E+00  2.8800163E+00  2.6672092E+00  2.5577389E+00  2.2003994E+00  5.8876008E+01
 2.4325060E+00  2.7843973E+00  2.8925763E+00  3.0549261E+00  3.0540097E+00  3.1088562E+00  3.1054043E+00  2.8925763E+00  2.7843973E+00  2.4325060E+00  6.2572910E+01
 2.6710461E+00  3.0174982E+00  3.1244015E+00  3.2848492E+00  3.2838912E+00  3.3410023E+00  3.3373260E+00  3.1244015E+00  3.0174982E+00  2.6710461E+00  6.6229893E+01
 0.0000000E+00  1.9818423E-05  1.2994178E-01  3.2497145E-01  3.2467795E-01  3.4721928E-01  3.4676044E-01  1.2994178E-01  1.9818423E-05  0.0000000E+00  7.2902845E-01
 0.0000000E+00  3.7711883E-02  1.6598157E-01  3.5851784E-01  3.5819548E-01  3.8220272E-01  3.8162700E-01  1.6598157E-01  3.7711883E-02  0.0000000E+00  1.8732411E+00
 0.0000000E+00  8.1877212E-02  2.0855689E-01  3.9869490E-01  3.9834343E-01  4.2383315E-01  4.2313728E-01  2.0855689E-01  8.1877212E-02  0.0000000E+00  3.2034803E+00
 0.0000000E+00  1.3259259E-01  2.5774012E-01  4.4556836E-01  4.4518749E-01  4.7217681E-01  4.7135750E-01  2.5774012E-01  1.3259259E-01  0.0000000E+00  4.7161388E+00
 0.0000000E+00  1.8993715E-01  3.1360511E-01  4.9920406E-01  4.9879352E-01  5.2730087E-01  5.2635478E-01  3.1360511E-01  1.8993715E-01  0.0000000E+00  6.4067451E+00
 0.0000000E+00  2.5398135E-01  3.7621741E-01  5.5966010E-01  5.5921958E-01  5.8926481E-01  5.8818849E-01  3.7621741E-01  2.5398135E-01  0.0000000E+00  8.2695742E+00
 0.0000000E+00  3.2478366E-01  4.4563151E-01  6.2698494E-01  6.2651410E-01  6.5811818E-01  6.5690813E-01  4.4563151E-01  3.2478366E-01  0.0000000E+00  1.0297510E+01
 0.0000000E+00  4.0240670E-01  5.2190717E-01  7.0123401E-01  7.0073251E-01  7.3391744E-01  7.3257008E-01  5.2190717E-01  4.0240670E-01  0.0000000E+00  1.2482482E+01
 9.9717653E-02  4.9645673E-01  6.1451870E-01  7.9168310E-01  7.9114733E-01  8.2610414E-01  8.2460070E-01  6.1451870E-01  4.9645673E-01  9.9717653E-02  1.4883494E+01
 2.0786267E-01  5.9898387E-01  7.1563639E-01  8.9068340E-01  8.9011258E-01  9.2688655E-01  9.2522104E-01  7.1563639E-01  5.9898387E-01  2.0786267E-01  1.7454238E+01
 3.2448269E-01  7.1003473E-01  8.2530616E-01  9.9827977E-01  9.9767314E-01  1.0363099E+00  1.0344763E+00  8.2530616E-01  7.1003473E-01  3.2448269E-01  2.0181155E+01
 4.4957142E-01  8.2960134E-01  9.4351911E-01  1.1144619E+00  1.1138187E+00  1.1543645E+00  1.1523565E+00  9.4351911E-01  8.2960134E-01  4.4957142E-01  2.3049240E+01
 5.8305952E-01  9.5761260E-01  1.0702032E+00  1.2391564E+00  1.2384758E+00  1.2809769E+00  1.2787883E+00  1.0702032E+00  9.5761260E-01  5.8305952E-01  2.6042039E+01
 7.2481467E-01  1.0939344E+00  1.2052233E+00  1.3722266E+00  1.3715079E+00  1.4160110E+00  1.4136355E+00  1.2052233E+00  1.0939344E+00  7.2481467E-01  2.9141863E+01
 8.7464094E-01  1.2383694E+00  1.3483812E+00  1.5134726E+00  1.5127151E+00  1.5592671E+00  1.5566983E+00  1.3483812E+00  1.2383694E+00  8.7464094E-01  3.2329976E+01
 1.0322794E+00  1.3906575E+00  1.4994158E+00  1.6626325E+00  1.6618353E+00  1.7104831E+00  1.7077146E+00  1.4994158E+00  1.3906575E+00  1.0322794E+00  3.5586795E+01
 1.1974025E+00  1.5504706E+00  1.6579987E+00  1.8193765E+00  1.8185390E+00  1.8693296E+00  1.8663548E+00  1.6579987E+00  1.5504706E+00  1.1974025E+00  3.8891958E+01
 1.3697218E+00  1.7175313E+00  1.8238542E+00  1.9834322E+00  1.9825537E+00  2.0355303E+00  2.0323430E+00  1.8238542E+00  1.7175313E+00  1.3697218E+00  4.2012808E+01
 1.5487154E+00  1.8912789E+00  1.9964123E+00  2.1542152E+00  2.1532947E+00  2.2085158E+00  2.2051081E+00  1.9964123E+00  1.8912789E+00  1.5487154E+00  4.5005564E+01
 1.7338072E+00  2.0711237E+00  2.1750798E+00  2.3311270E+00  2.3301635E+00  2.3876928E+00  2.3840565E+00  2.1750798E+00  2.0711237E+00  1.7338072E+00  4.7999155E+01
 1.9244340E+00  2.2565061E+00  2.3592973E+00  2.5136089E+00  2.5126014E+00  2.5725020E+00  2.5686286E+00  2.3592973E+00  2.2565061E+00  1.9244340E+00  5.0973081E+01
 2.1199709E+00  2.4468041E+00  2.5484432E+00  2.7010396E+00  2.6999871E+00  2.7623210E+00  2.7582022E+00  2.5484432E+00  2.4468041E+00  2.1199709E+00  5.3907286E+01
 2.3197249E+00  2.6413277E+00  2.7418277E+00  2.8927295E+00  2.8916312E+00  2.9564594E+00  2.9520868E+00  2.7418277E+00  2.6413277E+00  2.3197249E+00  5.6782208E+01
 0.0000000E+00  1.9253580E-05  1.2095276E-01  3.0252871E-01  3.0217730E-01  3.2838479E-01  3.2771562E-01  1.2095276E-01  1.9253580E-05  0.0000000E+00  8.2836991E-01
 0.0000000E+00  3.6384289E-02  1.5585096E-01  3.3521194E-01  3.3482711E-01  3.6270754E-01  3.6189937E-01  1.5585096E-01  3.6384289E-02  0.0000000E+00  1.9325449E+00
 0.0000000E+00  7.8491369E-02  1.9654711E-01  3.7377899E-01  3.7336051E-01  4.0293000E-01  4.0197936E-01  1.9654711E-01  7.8491369E-02  0.0000000E+00  3.1968879E+00
 0.0000000E+00  1.2635306E-01  2.4304979E-01  4.1823231E-01  4.1777996E-01  4.4905517E-01  4.4795859E-01  2.4304979E-01  1.2635306E-01  0.0000000E+00  4.6157033E+00
 0.0000000E+00  1.7998383E-01  2.9536866E-01  4.6857429E-01  4.6808782E-01  5.0108694E-01  4.9984087E-01  2.9536866E-01  1.7998383E-01  0.0000000E+00  6.1826637E+00
 0.0000000E+00  2.3938983E-01  3.5350540E-01  5.2479982E-01  5.2427895E-01  5.5902171E-01  5.5762251E-01  3.5350540E-01  2.3938983E-01  0.0000000E+00  7.8904906E+00
 0.0000000E+00  3.0456658E-01  4.1745192E-01  5.8689530E-01  5.8633974E-01  6.2284709E-01  6.2129102E-01  4.1745192E-01  3.0456658E-01  0.0000000E+00  9.7308985E+00
 0.0000000E+00  3.7551486E-01  4.8720639E-01  6.5485494E-01  6.5426437E-01  6.9255835E-01  6.9084161E-01  4.8720639E-01  3.7551486E-01  0.0000000E+00  1.1695069E+01
 9.0807158E-02  4.6087369E-01  5.7129074E-01  7.3702454E-01  7.3639494E-01  7.7668739E-01  7.7478857E-01  5.7129074E-01  4.6087369E-01  9.0807158E-02  1.3829532E+01
 1.8860181E-01  5.5326667E-01  6.6243505E-01  8.2629444E-01  8.2562504E-01  8.6796337E-01  8.6587597E-01  6.6243505E-01  5.5326667E-01  1.8860181E-01  1.6092920E+01
 2.9334252E-01  6.5265147E-01  7.6059628E-01  9.2262052E-01  9.2191055E-01  9.6634237E-01  9.6405984E-01  7.6059628E-01  6.5265147E-01  2.9334252E-01  1.8471560E+01
 4.0494116E-01  7.5893843E-01  8.6568386E-01  1.0259108E+00  1.0251595E+00  1.0717327E+00  1.0692484E+00  8.6568386E-01  7.5893843E-01  4.0494116E-01  2.0950753E+01
 5.2325578E-01  8.7198401E-01  9.7755330E-01  1.1360194E+00  1.1352260E+00  1.1839886E+00  1.1812958E+00  9.7755330E-01  8.7198401E-01  5.2325578E-01  2.3514812E+01
 6.4809170E-01  9.9159197E-01  1.0960074E+00  1.2527476E+00  1.2519113E+00  1.3029113E+00  1.3000032E+00  1.0960074E+00  9.9159197E-01  6.4809170E-01  2.6147293E+01
 7.7920198E-01  1.1175140E+00  1.2207968E+00  1.3758446E+00  1.3749648E+00  1.4282501E+00  1.4251200E+00  1.2207968E+00  1.1175140E+00  7.7920198E-01  2.8831194E+01
 9.1628874E-01  1.2494512E+00  1.3516220E+00  1.5050095E+00  1.5040854E+00  1.5597040E+00  1.5563450E+00  1.3516220E+00  1.2494512E+00  9.1628874E-01  3.1549164E+01
 1.0589991E+00  1.3870504E+00  1.4881291E+00  1.6398876E+00  1.6389185E+00  1.6969178E+00  1.6933230E+00  1.4881291E+00  1.3870504E+00  1.0589991E+00  3.4283602E+01
 1.2070241E+00  1.5300132E+00  1.6300213E+00  1.7801845E+00  1.7791697E+00  1.8395928E+00  1.8357556E+00  1.6300213E+00  1.5300132E+00  1.2070241E+00  3.6832926E+01
 1.3598474E+00  1.6777863E+00  1.7767368E+00  1.9253255E+00  1.9242642E+00  1.9871703E+00  1.9830826E+00  1.7767368E+00  1.6777863E+00  1.3598474E+00  3.9247180E+01
 1.5169070E+00  1.8297946E+00  1.9276972E+00  2.0747273E+00  2.0736185E+00  2.1390729E+00  2.1347259E+00  1.9276972E+00  1.8297946E+00  1.5169070E+00  4.1639250E+01
 1.6776646E+00  1.9855032E+00  2.0823681E+00  2.2278560E+00  2.2266986E+00  2.2947653E+00  2.2901501E+00  2.0823681E+00  1.9855032E+00  1.6776646E+00  4.3992376E+01
 1.8415389E+00  2.1443338E+00  2.2401710E+00  2.3841332E+00  2.3829265E+00  2.4536678E+00  2.4487756E+00  2.2401710E+00  2.1443338E+00  1.8415389E+00  4.6290487E+01
 2.0079003E+00  2.3056599E+00  2.4004798E+00  2.5429329E+00  2.5416759E+00  2.6151527E+00  2.6099749E+00  2.4004798E+00  2.3056599E+00  2.0079003E+00  4.8518256E+01
 0.0000000E+00  1.8680072E-05  1.1292498E-01  2.8249506E-01  2.8207375E-01  3.1254259E-01  3.1160970E-01  1.1292498E-01  1.8680072E-05  0.0000000E+00  9.3945402E-01
 0.0000000E+00  3.5056013E-02  1.4666892E-01  3.1428493E-01  3.1382500E-01  3.4619965E-01  3.4510216E-01  1.4666892E-01  3.5056013E-02  0.0000000E+00  2.0017833E+00
 0.0000000E+00  7.5140017E-02  1.8550919E-01  3.5124783E-01  3.5074913E-01  3.8504453E-01  3.8377882E-01  1.8550919E-01  7.5140017E-02  0.0000000E+00  3.1995543E+00
 0.0000000E+00  1.2023021E-01  2.2940167E-01  3.9333408E-01  3.9279644E-01  4.2902814E-01  4.2759060E-01  2.2940167E-01  1.2023021E-01  0.0000000E+00  4.5255731E+00
 0.0000000E+00  1.7028837E-01  2.7830382E-01  4.4049452E-01  4.3991776E-01  4.7810300E-01  4.7648992E-01  2.7830382E-01  1.7028837E-01  0.0000000E+00  5.9722460E+00
 0.0000000E+00  2.2526902E-01  3.3216612E-01  4.9267348E-01  4.9205737E-01  5.3221510E-01  5.3042267E-01  3.3216612E-01  2.2526902E-01  0.0000000E+00  7.5313167E+00
 0.0000000E+00  2.8511809E-01  3.9093121E-01  5.4980858E-01  5.4915289E-01  5.9130339E-01  5.8932770E-01  3.9093121E-01  2.8511809E-01  0.0000000E+00  9.1938776E+00
 0.0000000E+00  3.4978842E-01  4.5454957E-01  6.1184667E-01  6.1115114E-01  6.5531583E-01  6.5315291E-01  4.5454957E-01  3.4978842E-01  0.0000000E+00  1.0950865E+01
 8.2487857E-02  4.2702859E-01  5.3066634E-01  6.8627737E-01  6.8553758E-01  7.3195037E-01  7.2957592E-01  5.3066634E-01  4.2702859E-01  8.2487857E-02  1.2837829E+01
 1.7068187E-01  5.1001892E-01  6.1255568E-01  7.6651605E-01  7.6573122E-01  8.1444104E-01  8.1184810E-01  6.1255568E-01  5.1001892E-01  1.7068187E-01  1.4818708E+01
 2.6447480E-01  5.9865140E-01  7.0010884E-01  8.5245284E-01  8.5162223E-01  9.0267797E-01  8.9985951E-01  7.0010884E-01  5.9865140E-01  2.6447480E-01  1.6880286E+01
 3.6372013E-01  6.9277816E-01  7.9317707E-01  9.4393758E-01  9.4306047E-01  9.9651102E-01  9.9345998E-01  7.9317707E-01  6.9277816E-01  3.6372013E-01  1.9008680E+01
 4.6822665E-01  7.9220657E-01  8.9156680E-01  1.0407752E+00  1.0398509E+00  1.0957450E+00  1.0924543E+00  8.9156680E-01  7.9220657E-01  4.6822665E-01  2.1189407E+01
 5.7776039E-01  8.9670128E-01  9.9504169E-01  1.1427280E+00  1.1417557E+00  1.2001420E+00  1.1966044E+00  9.9504169E-01  8.9670128E-01  5.7776039E-01  2.3407615E+01
 6.9204585E-01  1.0059856E+00  1.1033241E+00  1.2495168E+00  1.2484959E+00  1.3094225E+00  1.3056310E+00  1.1033241E+00  1.0059856E+00  6.9204585E-01  2.5648291E+01
 8.1076804E-01  1.1197436E+00  1.2160975E+00  1.3608237E+00  1.3597535E+00  1.4232682E+00  1.4192155E+00  1.2160975E+00  1.1197436E+00  8.1076804E-01  2.7896464E+01
 9.3356957E-01  1.2376179E+00  1.3330035E+00  1.4762895E+00  1.4751694E+00  1.5413192E+00  1.5369982E+00  1.3330035E+00  1.2376179E+00  9.3356957E-01  3.0137320E+01
 1.0601407E+00  1.3593090E+00  1.4537441E+00  1.5956180E+00  1.5944474E+00  1.6632737E+00  1.6586777E+00  1.4537441E+00  1.3593090E+00  1.0601407E+00  3.2197110E+01
 1.1899877E+00  1.4842877E+00  1.5777825E+00  1.7182606E+00  1.7170387E+00  1.7886007E+00  1.7837213E+00  1.5777825E+00  1.4842877E+00  1.1899877E+00  3.4120503E+01
 1.3225799E+00  1.6120109E+00  1.7045725E+00  1.8436671E+00  1.8423930E+00  1.9167562E+00  1.9115840E+00  1.7045725E+00  1.6120109E+00  1.3225799E+00  3.6006314E+01
 1.4574195E+00  1.7419840E+00  1.8336197E+00  1.9713430E+00  1.9700158E+00  2.0472438E+00  2.0417697E+00  1.8336197E+00  1.7419840E+00  1.4574195E+00  3.7841216E+01
 1.5939804E+00  1.8736841E+00  1.9644012E+00  2.1007654E+00  2.0993843E+00  2.1795385E+00  2.1737534E+00  1.9644012E+00  1.8736841E+00  1.5939804E+00  3.9612711E+01
 1.7317054E+00  2.0065570E+00  2.0963627E+00  2.2313800E+00  2.2299441E+00  2.3130836E+00  2.3069788E+00  2.0963627E+00  2.0065570E+00  1.7317054E+00  4.1309184E+01
 0.0000000E+00  1.8095068E-05  1.0581430E-01  2.6476153E-01  2.6425567E-01  2.9967523E-01  2.9841440E-01  1.0581430E-01  1.8095068E-05  0.0000000E+00  1.0628433E+00
 0.0000000E+00  3.3721638E-02  1.3838570E-01  2.9562199E-01  2.9507162E-01  3.3265786E-01  3.3120292E-01  1.3838570E-01  3.3721638E-02  0.0000000E+00  2.0809892E+00
 0.0000000E+00  7.1811078E-02  1.7538644E-01  3.3097937E-01  3.3038444E-01  3.7015018E-01  3.6849744E-01  1.7538644E-01  7.1811078E-02  0.0000000E+00  3.2110877E+00
 0.0000000E+00  1.1420354E-01  2.1673036E-01  3.7074245E-01  3.7010292E-01  4.1206166E-01  4.1020743E-01  2.1673036E-01  1.1420354E-01  0.0000000E+00  4.4449949E+00
 0.0000000E+00  1.6081938E-01  2.6233392E-01  4.1482175E-01  4.1413752E-01  4.5830465E-01  4.5624516E-01  2.6233392E-01  1.6081938E-01  0.0000000E+00  5.7743886E+00
 0.0000000E+00  2.1157331E-01  3.1210823E-01  4.6312280E-01  4.6239374E-01  5.0878654E-01  5.0651787E-01  3.1210823E-01  2.1157331E-01  0.0000000E+00  7.1905494E+00
 0.0000000E+00  2.6637386E-01  3.6595886E-01  5.1554664E-01  5.1477261E-01  5.6340980E-01  5.6092795E-01  3.6595886E-01  2.6637386E-01  0.0000000E+00  8.6844230E+00
 0.0000000E+00  3.2513850E-01  4.2380112E-01  5.7200525E-01  5.7118607E-01  6.2208759E-01  6.1938847E-01  4.2380112E-01  3.2513850E-01  0.0000000E+00  1.0247123E+01
 7.4723238E-02  3.9479664E-01  4.9247336E-01  6.3920026E-01  6.3833107E-01  6.9175396E-01  6.8881015E-01  4.9247336E-01  3.9479664E-01  7.4723238E-02  1.1904563E+01
 1.5401833E-01  4.6906853E-01  5.6577816E-01  7.1105794E-01  7.1013804E-01  7.6613185E-01  7.6293597E-01  5.6577816E-01  4.6906853E-01  1.5401833E-01  1.3626262E+01
 2.3773239E-01  5.4780066E-01  6.4356126E-01  7.8742292E-01  7.8645162E-01  8.4506555E-01  8.4161020E-01  6.4356126E-01  5.4780066E-01  2.3773239E-01  1.5399900E+01
 3.2568060E-01  6.3080704E-01  7.2563580E-01  8.6810691E-01  8.6708353E-01  9.2836650E-01  9.2464426E-01  7.2563580E-01  6.3080704E-01  3.2568060E-01  1.7212787E+01
 4.1764220E-01  7.1786567E-01  8.1177882E-01  9.5288548E-01  9.5180940E-01  1.0158099E+00  1.0118133E+00  8.1177882E-01  7.1786567E-01  4.1764220E-01  1.9051951E+01
 5.1336296E-01  8.0872115E-01  9.0173398E-01  1.0415008E+00  1.0403714E+00  1.1071372E+00  1.1028589E+00  9.0173398E-01  8.0872115E-01  5.1336296E-01  2.0904359E+01
 6.1255714E-01  9.0308669E-01  9.9521357E-01  1.1336638E+00  1.1324804E+00  1.2020588E+00  1.1974913E+00  9.9521357E-01  9.0308669E-01  6.1255714E-01  2.2757114E+01
 7.1490983E-01  1.0006467E+00  1.0919012E+00  1.2290566E+00  1.2278188E+00  1.3002560E+00  1.2953921E+00  1.0919012E+00  1.0006467E+00  7.1490983E-01  2.4597660E+01
 8.2007520E-01  1.1010554E+00  1.1914503E+00  1.3273318E+00  1.3260389E+00  1.4013802E+00  1.3962125E+00  1.1914503E+00  1.1010554E+00  8.2007520E-01  2.6413890E+01
 9.2775748E-01  1.2040272E+00  1.2935765E+00  1.4282063E+00  1.4268580E+00  1.5051416E+00  1.4996634E+00  1.2935765E+00  1.2040272E+00  9.2775748E-01  2.8056856E+01
 1.0374978E+00  1.3090690E+00  1.3977797E+00  1.5311695E+00  1.5297651E+00  1.6110486E+00  1.6052513E+00  1.3977797E+00  1.3090690E+00  1.0374978E+00  2.9566510E+01
 1.1488092E+00  1.4156820E+00  1.5035584E+00  1.6357161E+00  1.6342547E+00  1.7186024E+00  1.7124764E+00  1.5035584E+00  1.4156820E+00  1.1488092E+00  3.1029290E+01
 1.2612439E+00  1.5234217E+00  1.6104681E+00  1.7414015E+00  1.7398823E+00  1.8273556E+00  1.8208916E+00  1.6104681E+00  1.5234217E+00  1.2612439E+00  3.2434941E+01
 1.3743381E+00  1.6318277E+00  1.7180482E+00  1.8477648E+00  1.8461872E+00  1.9368448E+00  1.9300336E+00  1.7180482E+00  1.6318277E+00  1.3743381E+00  3.3774092E+01
 1.4876104E+00  1.7404215E+00  1.8258201E+00  1.9543271E+00  1.9526905E+00  2.0465879E+00  2.0394208E+00  1.8258201E+00  1.7404215E+00  1.4876104E+00  3.5038308E+01
 0.0000000E+00  1.7486789E-05  9.9506071E-02  2.4904384E-01  2.4843402E-01  2.8968114E-01  2.8800976E-01  9.9506071E-02  1.7486789E-05  0.0000000E+00  1.2005554E+00
 0.0000000E+00  3.2356525E-02  1.3086314E-01  2.7891711E-01  2.7825611E-01  3.2196465E-01  3.2006485E-01  1.3086314E-01  3.2356525E-02  0.0000000E+00  2.1710149E+00
 0.0000000E+00  6.8446535E-02  1.6600829E-01  3.1263676E-01  3.1192468E-01  3.5810407E-01  3.5597221E-01  1.6600829E-01  6.8446535E-02  0.0000000E+00  3.2310257E+00
 0.0000000E+00  1.0817208E-01  2.0482317E-01  3.5007988E-01  3.4931682E-01  3.9797724E-01  3.9560965E-01  2.0482317E-01  1.0817208E-01  0.0000000E+00  4.3719917E+00
 0.0000000E+00  1.5142238E-01  2.4719354E-01  3.9112691E-01  3.9031293E-01  4.4146668E-01  4.3885961E-01  2.4719354E-01  1.5142238E-01  0.0000000E+00  5.5853445E+00
 0.0000000E+00  1.9808301E-01  2.9300176E-01  4.3565523E-01  4.3479033E-01  4.8845183E-01  4.8560138E-01  2.9300176E-01  1.9808301E-01  0.0000000E+00  6.8623554E+00
 0.0000000E+00  2.4803600E-01  3.4212723E-01  4.8354016E-01  4.8262433E-01  5.3880954E-01  5.3571172E-01  3.4212723E-01  2.4803600E-01  0.0000000E+00  8.1942329E+00
 0.0000000E+00  3.0117439E-01  3.9446107E-01  5.3466982E-01  5.3370301E-01  5.9242916E-01  5.8907987E-01  3.9446107E-01  3.0117439E-01  0.0000000E+00  9.5726192E+00
 6.7388242E-02  3.6366525E-01  4.5609039E-01  5.9501155E-01  5.9398847E-01  6.5553683E-01  6.5190523E-01  4.5609039E-01  3.6366525E-01  6.7388242E-02  1.1014896E+01
 1.3833855E-01  4.2975863E-01  5.2133717E-01  6.5899513E-01  6.5791519E-01  7.2233466E-01  7.1841307E-01  5.2133717E-01  4.2975863E-01  1.3833855E-01  1.2496425E+01
 2.1266946E-01  4.9927262E-01  5.9001872E-01  7.2643671E-01  7.2529932E-01  7.9263811E-01  7.8841884E-01  5.9001872E-01  4.9927262E-01  2.1266946E-01  1.4006116E+01
 2.9017465E-01  5.7199990E-01  6.6192687E-01  7.9712670E-01  7.9593131E-01  8.6623693E-01  8.6171232E-01  6.6192687E-01  5.7199990E-01  2.9017465E-01  1.5532755E+01
 3.7062003E-01  6.4770537E-01  7.3682556E-01  8.7082759E-01  8.6957367E-01  9.4289278E-01  9.3805522E-01  7.3682556E-01  6.4770537E-01  3.7062003E-01  1.7065092E+01
 4.5374671E-01  7.2612913E-01  8.1445398E-01  9.4727709E-01  9.4596416E-01  1.0223424E+00  1.0171843E+00  8.1445398E-01  7.2612913E-01  4.5374671E-01  1.8592052E+01
 5.3927329E-01  8.0698893E-01  8.9452900E-01  1.0261906E+00  1.0248182E+00  1.1043001E+00  1.0988140E+00  8.9452900E-01  8.0698893E-01  5.3927329E-01  2.0102918E+01
 6.2689848E-01  8.8998302E-01  9.7674802E-01  1.1072643E+00  1.1058320E+00  1.1884607E+00  1.1826393E+00  9.7674802E-01  8.8998302E-01  6.2689848E-01  2.1587510E+01
 7.1630021E-01  9.7478944E-01  1.0607884E+00  1.1901744E+00  1.1886819E+00  1.2744989E+00  1.2683348E+00  1.0607884E+00  9.7478944E-01  7.1630021E-01  2.3036300E+01
 8.0720771E-01  1.0611476E+00  1.1463903E+00  1.2746621E+00  1.2731092E+00  1.3621477E+00  1.3556345E+00  1.1463903E+00  1.0611476E+00  8.0720771E-01  2.4322591E+01
 8.9920567E-01  1.1486092E+00  1.2330993E+00  1.3602635E+00  1.3586496E+00  1.4509636E+00  1.4440925E+00  1.2330993E+00  1.1486092E+00  8.9920567E-01  2.5482098E+01
 9.9185926E-01  1.2367281E+00  1.3204667E+00  1.4465264E+00  1.4448508E+00  1.5405012E+00  1.5332627E+00  1.3204667E+00  1.2367281E+00  9.9185926E-01  2.6590206E+01
 1.0847769E+00  1.3251161E+00  1.4081043E+00  1.5330621E+00  1.5313243E+00  1.6303684E+00  1.6227531E+00  1.4081043E+00  1.3251161E+00  1.0847769E+00  2.7639377E+01
 1.1775610E+00  1.4133791E+00  1.4956174E+00  1.6194759E+00  1.6176753E+00  1.7201666E+00  1.7121657E+00  1.4956174E+00  1.4133791E+00  1.1775610E+00  2.8622942E+01
 1.2698066E+00  1.5011150E+00  1.5826042E+00  1.7053651E+00  1.7035014E+00  1.8094896E+00  1.8010944E+00  1.5826042E+00  1.5011150E+00  1.2698066E+00  2.9535153E+01
 0.0000000E+00  1.6865775E-05  9.4125386E-02  2.3565539E-01  2.3492090E-01  2.8284374E-01  2.8067522E-01  9.4125386E-02  1.6865775E-05  0.0000000E+00  1.3485890E+00
 0.0000000E+00  3.0986924E-02  1.2424740E-01  2.6449702E-01  2.6370407E-01  3.1441079E-01  3.1197520E-01  1.2424740E-01  3.0986924E-02  0.0000000E+00  2.2685737E+00
 0.0000000E+00  6.5115033E-02  1.5755828E-01  2.9657655E-01  2.9572546E-01  3.4922054E-01  3.4651441E-01  1.5755828E-01  6.5115033E-02  0.0000000E+00  3.2575256E+00
 0.0000000E+00  1.0226339E-01  1.9391766E-01  3.3174955E-01  3.3084062E-01  3.8712940E-01  3.8414927E-01  1.9391766E-01  1.0226339E-01  0.0000000E+00  4.3068529E+00
 0.0000000E+00  1.4230056E-01  2.3319108E-01  3.6987683E-01  3.6891032E-01  4.2800050E-01  4.2474279E-01  2.3319108E-01  1.4230056E-01  0.0000000E+00  5.4081680E+00
 0.0000000E+00  1.8509353E-01  2.7524268E-01  4.1081814E-01  4.0979424E-01  4.7169591E-01  4.6815685E-01  2.7524268E-01  1.8509353E-01  0.0000000E+00  6.5531196E+00
 0.0000000E+00  2.3050835E-01  3.1993622E-01  4.5443358E-01  4.5335245E-01  5.1807737E-01  5.1425313E-01  3.1993622E-01  2.3050835E-01  0.0000000E+00  7.7335092E+00
 0.0000000E+00  2.7842400E-01  3.6714894E-01  5.0059772E-01  4.9945949E-01  5.6702073E-01  5.6290735E-01  3.6714894E-01  2.7842400E-01  0.0000000E+00  8.9417661E+00
 6.0639750E-02  3.3431683E-01  4.2228674E-01  5.5461119E-01  5.5341019E-01  6.2411315E-01  6.1967623E-01  4.2228674E-01  3.3431683E-01  6.0639750E-02  1.0187944E+01
 1.2397286E-01  3.9294291E-01  4.8016865E-01  6.1138711E-01  6.1012290E-01  6.8401425E-01  6.7924592E-01  4.8016865E-01  3.9294291E-01  1.2397286E-01  1.1453256E+01
 1.8980438E-01  4.5410700E-01  5.4059866E-01  6.7072828E-01  6.6940043E-01  7.4652565E-01  7.4141812E-01  5.4059866E-01  4.5410700E-01  1.8980438E-01  1.2728041E+01
 2.5792090E-01  5.1759491E-01  6.0336172E-01  7.3241825E-01  7.3102638E-01  8.1142979E-01  8.0597533E-01  6.0336172E-01  5.1759491E-01  2.5792090E-01  1.4002695E+01
 3.2808855E-01  5.8317194E-01  6.6822223E-01  7.9621996E-01  7.9476373E-01  8.7848833E-01  8.7267933E-01  6.6822223E-01  5.8317194E-01  3.2808855E-01  1.5267761E+01
 4.0005618E-01  6.5058612E-01  7.3492733E-01  8.6187912E-01  8.6035825E-01  9.4744551E-01  9.4127446E-01  7.3492733E-01  6.5058612E-01  4.0005618E-01  1.6514116E+01
 4.7355783E-01  7.1957086E-01  8.0320955E-01  9.2912687E-01  9.2754109E-01  1.0180308E+00  1.0114904E+00  8.0320955E-01  7.1957086E-01  4.7355783E-01  1.7733135E+01
 5.4831549E-01  7.8984781E-01  8.7278976E-01  9.9768278E-01  9.9603191E-01  1.0899620E+00  1.0830450E+00  8.7278976E-01  7.8984781E-01  5.4831549E-01  1.8916848E+01
 6.2403873E-01  8.6112683E-01  9.4337715E-01  1.0672550E+00  1.0655389E+00  1.1629451E+00  1.1556444E+00  9.4337715E-01  8.6112683E-01  6.2403873E-01  2.0058046E+01
 7.0048854E-01  9.3317896E-01  1.0147433E+00  1.1376157E+00  1.1358344E+00  1.2367425E+00  1.2290522E+00  1.0147433E+00  9.3317896E-01  7.0048854E-01  2.1049363E+01
 7.7729741E-01  1.0056050E+00  1.0864835E+00  1.2083516E+00  1.2065048E+00  1.3109629E+00  1.3028743E+00  1.0864835E+00  1.0056050E+00  7.7729741E-01  2.1922773E+01
 8.5408590E-01  1.0780147E+00  1.1582049E+00  1.2790667E+00  1.2771540E+00  1.3852171E+00  1.3767210E+00  1.1582049E+00  1.0780147E+00  8.5408590E-01  2.2744015E+01
 9.3052003E-01  1.1500776E+00  1.2295771E+00  1.3494299E+00  1.3474510E+00  1.4591697E+00  1.4502571E+00  1.2295771E+00  1.1500776E+00  9.3052003E-01  2.3507826E+01
 1.0062670E+00  1.2214641E+00  1.3002702E+00  1.4191111E+00  1.4170656E+00  1.5324859E+00  1.5231483E+00  1.3002702E+00  1.2214641E+00  1.0062670E+00  2.4209755E+01
 1.0809943E+00  1.2918452E+00  1.3699548E+00  1.4877801E+00  1.4856680E+00  1.6048308E+00  1.5950602E+00  1.3699548E+00  1.2918452E+00  1.0809943E+00  2.4846203E+01
 0.0000000E+00  1.6217450E-05  8.9544366E-02  2.2427948E-01  2.2339365E-01  2.7904922E-01  2.7627532E-01  8.9544366E-02  1.6217450E-05  0.0000000E+00  1.5074149E+00
 0.0000000E+00  2.9583675E-02  1.1838168E-01  2.5201651E-01  2.5106434E-01  3.0985846E-01  3.0677367E-01  1.1838168E-01  2.9583675E-02  0.0000000E+00  2.3730562E+00
 0.0000000E+00  6.1750099E-02  1.4984246E-01  2.8241665E-01  2.8139875E-01  3.4332895E-01  3.3993018E-01  1.4984246E-01  6.1750099E-02  0.0000000E+00  3.2887581E+00
 0.0000000E+00  9.6364546E-02  1.8377353E-01  3.1532318E-01  3.1424013E-01  3.7930490E-01  3.7558907E-01  1.8377353E-01  9.6364546E-02  0.0000000E+00  4.2463202E+00
 0.0000000E+00  1.3328421E-01  2.2002948E-01  3.5058657E-01  3.4943887E-01  4.1763941E-01  4.1360329E-01  2.2002948E-01  1.3328421E-01  0.0000000E+00  5.2378920E+00
 0.0000000E+00  1.7236677E-01  2.5846556E-01  3.8805818E-01  3.8684629E-01  4.5818642E-01  4.5382661E-01  2.5846556E-01  1.7236677E-01  0.0000000E+00  6.2558136E+00
 0.0000000E+00  2.1347137E-01  2.9893887E-01  4.2759195E-01  4.2631627E-01  5.0080169E-01  4.9611467E-01  2.9893887E-01  2.1347137E-01  0.0000000E+00  7.2927379E+00
 0.0000000E+00  2.5647159E-01  3.4132149E-01  4.6905754E-01  4.6771845E-01  5.4535619E-01  5.4033835E-01  3.4132149E-01  2.5647159E-01  0.0000000E+00  8.3420703E+00
 5.4346500E-02  3.0620974E-01  3.9039313E-01  5.1714151E-01  5.1573299E-01  5.9685221E-01  5.9146543E-01  3.9039313E-01  3.0620974E-01  5.4346500E-02  9.4075077E+00
 1.1063598E-01  3.5793118E-01  4.4145460E-01  5.6722722E-01  5.6574904E-01  6.5039204E-01  6.4462851E-01  4.4145460E-01  3.5793118E-01  1.1063598E-01  1.0476110E+01
 1.6867204E-01  4.1143940E-01  4.9430867E-01  6.1911621E-01  6.1756818E-01  7.0577553E-01  6.9962753E-01  4.9430867E-01  4.1143940E-01  1.6867204E-01  1.1539754E+01
 2.2824559E-01  4.6652471E-01  5.4874480E-01  6.7259657E-01  6.7097857E-01  7.6278913E-01  7.5624911E-01  5.4874480E-01  4.6652471E-01  2.2824559E-01  1.2590510E+01
 2.8913344E-01  5.2296327E-01  6.0453829E-01  7.2744224E-01  7.2575418E-01  8.2120489E-01  8.1426547E-01  6.0453829E-01  5.2296327E-01  2.8913344E-01  1.3620717E+01
 3.5110153E-01  5.8052041E-01  6.6145363E-01  7.8341630E-01  7.8165814E-01  8.8078388E-01  8.7343786E-01  6.6145363E-01  5.8052041E-01  3.5110153E-01  1.4623147E+01
 4.1390745E-01  6.3895323E-01  7.1924712E-01  8.4027371E-01  8.3844548E-01  9.4127882E-01  9.3351923E-01  7.1924712E-01  6.3895323E-01  4.1390745E-01  1.5591141E+01
 4.7730313E-01  6.9801349E-01  7.7766975E-01  8.9776424E-01  8.9586603E-01  1.0024370E+00  9.9425714E-01  7.7766975E-01  6.9801349E-01  4.7730313E-01  1.6518748E+01
 5.4103484E-01  7.5744789E-01  8.3646760E-01  9.5563291E-01  9.5366488E-01  1.0640008E+00  1.0553941E+00  8.3646760E-01  7.5744789E-01  5.4103484E-01  1.7400806E+01
 6.0489932E-01  8.1706313E-01  8.9544782E-01  1.0136873E+00  1.0116499E+00  1.1257661E+00  1.1167274E+00  8.9544782E-01  8.1706313E-01  6.0489932E-01  1.8146882E+01
 6.6857890E-01  8.7651105E-01  9.5425702E-01  1.0715662E+00  1.0694593E+00  1.1873952E+00  1.1779166E+00  9.5425702E-01  8.7651105E-01  6.6857890E-01  1.8785561E+01
 7.3175041E-01  9.3545812E-01  1.0125595E+00  1.1289309E+00  1.1267544E+00  1.2485563E+00  1.2386288E+00  1.0125595E+00  9.3545812E-01  7.3175041E-01  1.9374022E+01
 7.9413675E-01  9.9363082E-01  1.0700816E+00  1.1855070E+00  1.1832609E+00  1.3089695E+00  1.2985849E+00  1.0700816E+00  9.9363082E-01  7.9413675E-01  1.9908880E+01
 8.5546699E-01  1.0507617E+00  1.1265554E+00  1.2410262E+00  1.2387106E+00  1.3683611E+00  1.3575117E+00  1.1265554E+00  1.0507617E+00  8.5546699E-01  2.0387473E+01
 9.1547592E-01  1.1065887E+00  1.1817188E+00  1.2952258E+00  1.2928409E+00  1.4264624E+00  1.4151409E+00  1.1817188E+00  1.1065887E+00  9.1547592E-01  2.0807890E+01
 0.0000000E+00  1.5533883E-05  8.5720018E-02  2.1481130E-01  2.1374214E-01  2.7834033E-01  2.7483367E-01  8.5720018E-02  1.5533883E-05  0.0000000E+00  1.6745999E+00
 0.0000000E+00  2.8133847E-02  1.1320769E-01  2.4135187E-01  2.4020809E-01  3.0833146E-01  3.0446452E-01  1.1320769E-01  2.8133847E-02  0.0000000E+00  2.4816634E+00
 0.0000000E+00  5.8327322E-02  1.4278872E-01  2.7001604E-01  2.6879858E-01  3.4043518E-01  3.3620553E-01  1.4278872E-01  5.8327322E-02  0.0000000E+00  3.3217388E+00
 0.0000000E+00  9.0440488E-02  1.7430576E-01  3.0064339E-01  2.9935320E-01  3.7449220E-01  3.6989740E-01  1.7430576E-01  9.0440488E-02  0.0000000E+00  4.1873374E+00
 0.0000000E+00  1.2432772E-01  2.0761099E-01  3.3308256E-01  3.3172050E-01  4.1035415E-01  4.0539160E-01  2.0761099E-01  1.2432772E-01  0.0000000E+00  5.0714316E+00
 0.0000000E+00  1.5984578E-01  2.4255908E-01  3.6718493E-01  3.6575176E-01  4.4787529E-01  4.4254218E-01  2.4255908E-01  1.5984578E-01  0.0000000E+00  5.9672945E+00
 0.0000000E+00  1.9685481E-01  2.7900848E-01  4.0280618E-01  4.0130261E-01  4.8691331E-01  4.8120670E-01  2.7900848E-01  1.9685481E-01  0.0000000E+00  6.8686151E+00
 0.0000000E+00  2.3523039E-01  3.1683346E-01  4.3981849E-01  4.3824521E-01  5.2734174E-01  5.2125862E-01  3.1683346E-01  2.3523039E-01  0.0000000E+00  7.7698925E+00
 4.8480390E-02  2.7923341E-01  3.6023832E-01  4.8234236E-01  4.8069311E-01  5.7362712E-01  5.6712561E-01  3.6023832E-01  2.7923341E-01  4.8480390E-02  8.6693443E+00
 9.8264024E-02  3.2458153E-01  4.0499035E-01  5.2621851E-01  5.2449337E-01  6.2130015E-01  6.1437272E-01  4.0499035E-01  3.2458153E-01  9.8264024E-02  9.5597655E+00
 1.4916273E-01  3.7108659E-01  4.5090070E-01  5.7125694E-01  5.6945602E-01  6.7016845E-01  6.6280779E-01  4.5090070E-01  3.7108659E-01  1.4916273E-01  1.0434600E+01
 2.0098058E-01  4.1855226E-01  4.9777224E-01  6.1725921E-01  6.1538271E-01  7.2003132E-01  7.1223035E-01  4.9777224E-01  4.1855226E-01  2.0098058E-01  1.1287572E+01
 2.5351299E-01  4.6677345E-01  5.4539911E-01  6.6401815E-01  6.6206631E-01  7.7067910E-01  7.6243098E-01  5.4539911E-01  4.6677345E-01  2.5351299E-01  1.2112747E+01
 3.0654973E-01  5.1553947E-01  5.9356983E-01  7.1132100E-01  7.0929413E-01  8.2189633E-01  8.1319451E-01  5.9356983E-01  5.1553947E-01  3.0654973E-01  1.2904670E+01
 3.5987737E-01  5.6463655E-01  6.4206991E-01  7.5895202E-01  7.5685050E-01  8.7346438E-01  8.6430264E-01  6.4206991E-01  5.6463655E-01  3.5987737E-01  1.3658471E+01
 4.1328178E-01  6.1385054E-01  6.9068452E-01  8.0669523E-01  8.0451951E-01  9.2516414E-01  9.1553656E-01  6.9068452E-01  6.1385054E-01  4.1328178E-01  1.4369978E+01
 4.6654833E-01  6.6296734E-01  7.3919900E-01  8.5433501E-01  8.5208562E-01  9.7677644E-01  9.6667750E-01  7.3919900E-01  6.6296734E-01  4.6654833E-01  1.5035786E+01
 5.1951099E-01  7.1183075E-01  7.8745754E-01  9.0171592E-01  8.9939365E-01  1.0281326E+00  1.0175583E+00  7.8745754E-01  7.1183075E-01  5.1951099E-01  1.5580192E+01
 5.7190171E-01  7.6014341E-01  8.3515789E-01  9.4852839E-01  9.4613359E-01  1.0789476E+00  1.0678908E+00  8.3515789E-01  7.6014341E-01  5.7190171E-01  1.6028684E+01
 6.2345210E-01  8.0762701E-01  8.8201975E-01  9.9448915E-01  9.9202206E-01  1.1289453E+00  1.1173982E+00  8.8201975E-01  8.0762701E-01  6.2345210E-01  1.6430823E+01
 6.7393904E-01  8.5406210E-01  9.2782340E-01  1.0393780E+00  1.0368390E+00  1.1778988E+00  1.1658541E+00  9.2782340E-01  8.5406210E-01  6.7393904E-01  1.6784722E+01
 7.2314882E-01  8.9923842E-01  9.7235832E-01  1.0829838E+00  1.0803735E+00  1.2255903E+00  1.2130416E+00  9.7235832E-01  8.9923842E-01  7.2314882E-01  1.7089110E+01
 7.7087685E-01  9.4295473E-01  1.0154230E+00  1.1251048E+00  1.1224237E+00  1.2718109E+00  1.2587525E+00  1.0154230E+00  9.4295473E-01  7.7087685E-01  1.7343346E+01
 0.0000000E+00  1.4806345E-05  8.2601112E-02  2.0712559E-01  2.0583550E-01  2.8075380E-01  2.7636507E-01  8.2601112E-02  1.4806345E-05  0.0000000E+00  1.8462190E+00
 0.0000000E+00  2.6623745E-02  1.0865770E-01  2.3235705E-01  2.3098391E-01  3.0984416E-01  3.0503993E-01  1.0865770E-01  2.6623745E-02  0.0000000E+00  2.5902837E+00
 0.0000000E+00  5.4821893E-02  1.3631551E-01  2.5921062E-01  2.5775586E-01  3.4053350E-01  3.3531232E-01  1.3631551E-01  5.4821893E-02  0.0000000E+00  3.3523552E+00
 0.0000000E+00  8.4457108E-02  1.6542087E-01  2.8753010E-01  2.8599510E-01  3.7266694E-01  3.6702737E-01  1.6542087E-01  8.4457108E-02  0.0000000E+00  4.1259039E+00
 0.0000000E+00  1.1538861E-01  1.9583120E-01  3.1716995E-01  3.1555597E-01  4.0610236E-01  4.0004275E-01  1.9583120E-01  1.1538861E-01  0.0000000E+00  4.9049343E+00
 0.0000000E+00  1.4747950E-01  2.2740789E-01  3.4798879E-01  3.4629701E-01  4.4070168E-01  4.3422015E-01  2.2740789E-01  1.4747950E-01  0.0000000E+00  5.6838189E+00
 0.0000000E+00  1.8059772E-01  2.6001748E-01  3.7985084E-01  3.7808236E-01  4.7633132E-01  4.6942586E-01  2.6001748E-01  1.8059772E-01  0.0000000E+00  6.4573947E+00
 0.0000000E+00  2.1462687E-01  2.9354248E-01  4.1263682E-01  4.1079270E-01  5.1287343E-01  5.0554194E-01  2.9354248E-01  2.1462687E-01  0.0000000E+00  7.2213025E+00
 4.3016888E-02  2.5329549E-01  3.3165883E-01  4.4994519E-01  4.4801906E-01  5.5430334E-01  5.4650022E-01  3.3165883E-01  2.5329549E-01  4.3016888E-02  7.9690811E+00
 8.6800942E-02  2.9277579E-01  3.7058438E-01  4.8806096E-01  4.8605326E-01  5.9656605E-01  5.8828443E-01  3.7058438E-01  2.9277579E-01  8.6800942E-02  8.6990384E+00
 1.3117957E-01  3.3289534E-01  4.1014608E-01  5.2680994E-01  5.2472120E-01  6.3948429E-01  6.3071766E-01  4.1014608E-01  3.3289534E-01  1.3117957E-01  9.4061374E+00
 1.7597658E-01  3.7347764E-01  4.5016672E-01  5.6601377E-01  5.6384458E-01  6.8287672E-01  6.7361884E-01  4.5016672E-01  3.7347764E-01  1.7597658E-01  1.0085668E+01
 2.2101145E-01  4.1434182E-01  4.9046476E-01  6.0548969E-01  6.0324072E-01  7.2655737E-01  7.1680240E-01  4.9046476E-01  4.1434182E-01  2.2101145E-01  1.0733294E+01
 2.6610215E-01  4.5530549E-01  5.3085712E-01  6.4505351E-01  6.4272548E-01  7.7033865E-01  7.6008112E-01  5.3085712E-01  4.5530549E-01  2.6610215E-01  1.1345156E+01
 3.1106731E-01  4.9618705E-01  5.7116160E-01  6.8452191E-01  6.8211564E-01  8.1403362E-01  8.0326845E-01  5.7116160E-01  4.9618705E-01  3.1106731E-01  1.1917957E+01
 3.5572844E-01  5.3680808E-01  6.1119918E-01  7.2371490E-01  7.2123126E-01  8.5745839E-01  8.4618097E-01  6.1119918E-01  5.3680808E-01  3.5572844E-01  1.2449043E+01
 3.9991021E-01  5.7699383E-01  6.5079465E-01  7.6245642E-01  7.5989639E-01  9.0043259E-01  8.8863879E-01  6.5079465E-01  5.7699383E-01  3.9991021E-01  1.2936456E+01
 4.4348317E-01  6.1662452E-01  6.8982870E-01  8.0062758E-01  7.9799243E-01  9.4282224E-01  9.3050966E-01  6.8982870E-01  6.1662452E-01  4.4348317E-01  1.3317216E+01
 4.8622689E-01  6.5545156E-01  7.2804805E-01  8.3796811E-01  8.3525865E-01  9.8439268E-01  9.7155576E-01  7.2804805E-01  6.5545156E-01  4.8622689E-01  1.3613960E+01
 5.2792438E-01  6.9324851E-01  7.6522435E-01  8.7424684E-01  8.7146378E-01  1.0249198E+00  1.0115521E+00  7.6522435E-01  6.9324851E-01  5.2792438E-01  1.3869455E+01
 5.6840207E-01  7.2984548E-01  8.0118751E-01  9.0929325E-01  9.0643744E-01  1.0642252E+00  1.0503211E+00  8.0118751E-01  7.2984548E-01  5.6840207E-01  1.4082962E+01
 6.0749753E-01  7.6508345E-01  8.3577833E-01  9.4294771E-01  9.4002018E-01  1.1021413E+00  1.0876962E+00  8.3577833E-01  7.6508345E-01  6.0749753E-01  1.4254238E+01
 6.4505921E-01  7.9881422E-01  8.6884846E-01  9.7506155E-01  9.7206347E-01  1.1385114E+00  1.1235214E+00  8.6884846E-01  7.9881422E-01  6.4505921E-01  1.4383549E+01
 0.0000000E+00  1.4026242E-05  8.0123935E-02  2.0106570E-01  1.9951185E-01  2.8630824E-01  2.8086294E-01  8.0123935E-02  1.4026242E-05  0.0000000E+00  2.0165897E+00
 0.0000000E+00  2.5040545E-02  1.0465211E-01  2.2485468E-01  2.2320971E-01  3.1439098E-01  3.0846895E-01  1.0465211E-01  2.5040545E-02  0.0000000E+00  2.6933185E+00
 0.0000000E+00  5.1211851E-02  1.3033118E-01  2.4980643E-01  2.4807230E-01  3.4359752E-01  3.3719877E-01  1.3033118E-01  5.1211851E-02  0.0000000E+00  3.3752699E+00
 0.0000000E+00  7.8386010E-02  1.5701802E-01  2.7577582E-01  2.7395445E-01  3.7378437E-01  3.6690890E-01  1.5701802E-01  7.8386010E-02  0.0000000E+00  4.0570400E+00
 0.0000000E+00  1.0643360E-01  1.8458180E-01  3.0262963E-01  3.0072278E-01  4.0482226E-01  3.9746983E-01  1.8458180E-01  1.0643360E-01  0.0000000E+00  4.7337955E+00
 0.0000000E+00  1.3523015E-01  2.1289672E-01  3.3023979E-01  3.2824911E-01  4.3658690E-01  4.2875698E-01  2.1289672E-01  1.3523015E-01  0.0000000E+00  5.4010962E+00
 0.0000000E+00  1.6465682E-01  2.4184280E-01  3.5848446E-01  3.5641150E-01  4.6895895E-01  4.6065087E-01  2.4184280E-01  1.6465682E-01  0.0000000E+00  6.0549668E+00
 0.0000000E+00  1.9460987E-01  2.7131544E-01  3.8725755E-01  3.8510383E-01  5.0183382E-01  4.9304683E-01  2.7131544E-01  1.9460987E-01  0.0000000E+00  6.6921739E+00
 3.7935733E-02  2.2833146E-01  3.0450596E-01  4.1967592E-01  4.1743510E-01  5.3873579E-01  5.2942075E-01  3.0450596E-01  2.2833146E-01  3.7935733E-02  7.3023203E+00
 7.6199628E-02  2.6242944E-01  3.3806596E-01  4.5245506E-01  4.5012806E-01  5.7601006E-01  5.6616127E-01  3.3806596E-01  2.6242944E-01  7.6199628E-02  7.8888822E+00
 1.1463985E-01  2.9675224E-01  3.7184330E-01  4.8544186E-01  4.8302968E-01  6.1349963E-01  6.0311182E-01  3.7184330E-01  2.9675224E-01  1.1463985E-01  8.4482308E+00
 1.5310421E-01  3.3114745E-01  4.0568503E-01  5.1848233E-01  5.1598604E-01  6.5104674E-01  6.4011510E-01  4.0568503E-01  3.3114745E-01  1.5310421E-01  8.9770776E+00
 1.9143960E-01  3.6546166E-01  4.3943716E-01  5.5142150E-01  5.4884227E-01  6.8849246E-01  6.7701262E-01  4.3943716E-01  3.6546166E-01  1.9143960E-01  9.4725045E+00
 2.2949439E-01  3.9954293E-01  4.7294724E-01  5.8410597E-01  5.8144501E-01  7.2567922E-01  7.1364732E-01  4.7294724E-01  3.9954293E-01  2.2949439E-01  9.9320376E+00
 2.6712026E-01  4.3324280E-01  5.0606629E-01  6.1638588E-01  6.1364451E-01  7.6245280E-01  7.4986549E-01  5.0606629E-01  4.3324280E-01  2.6712026E-01  1.0353707E+01
 3.0417411E-01  4.6641821E-01  5.3865087E-01  6.4811698E-01  6.4529659E-01  7.9866426E-01  7.8551877E-01  5.3865087E-01  4.6641821E-01  3.0417411E-01  1.0736101E+01
 3.4051821E-01  4.9893208E-01  5.7056354E-01  6.7916117E-01  6.7626326E-01  8.3417040E-01  8.2046454E-01  5.7056354E-01  4.9893208E-01  3.4051821E-01  1.1078404E+01
 3.7605746E-01  5.3069868E-01  6.0171918E-01  7.0943403E-01  7.0646039E-01  8.6886980E-01  8.5460343E-01  6.0171918E-01  5.3069868E-01  3.7605746E-01  1.1328542E+01
 4.1061563E-01  5.6151482E-01  6.3191001E-01  7.3872088E-01  7.3567284E-01  9.0257429E-01  8.8774392E-01  6.3191001E-01  5.6151482E-01  4.1061563E-01  1.1506508E+01
 4.4402243E-01  5.9120118E-01  6.6095486E-01  7.6683784E-01  7.6371664E-01  9.3510687E-01  9.1970810E-01  6.6095486E-01  5.9120118E-01  4.4402243E-01  1.1649007E+01
 4.7614828E-01  6.1963181E-01  6.8872772E-01  7.9365862E-01  7.9046566E-01  9.6633217E-01  9.5036165E-01  6.8872772E-01  6.1963181E-01  4.7614828E-01  1.1756130E+01
 5.0687527E-01  6.4669216E-01  7.1511397E-01  8.1906839E-01  8.1580526E-01  9.9612624E-01  9.7958169E-01  7.1511397E-01  6.4669216E-01  5.0687527E-01  1.1828349E+01
 5.3609692E-01  6.7227900E-01  7.4001040E-01  8.4296383E-01  8.3963228E-01  1.0243764E+00  1.0072567E+00  7.4001040E-01  6.7227900E-01  5.3609692E-01  1.1866519E+01
 0.0000000E+00  1.3186959E-05  7.8209257E-02  1.9643533E-01  1.9457135E-01  2.9498694E-01  2.8828207E-01  7.8209257E-02  1.3186959E-05  0.0000000E+00  2.1780981E+00
 0.0000000E+00  2.3375496E-02  1.0109989E-01  2.1863181E-01  2.1666956E-01  3.2193204E-01  3.1468340E-01  1.0109989E-01  2.3375496E-02  0.0000000E+00  2.7836462E+00
 0.0000000E+00  4.7484447E-02  1.2473784E-01  2.4157912E-01  2.3952120E-01  3.4956877E-01  3.4177841E-01  1.2473784E-01  4.7484447E-02  0.0000000E+00  3.3840036E+00
 0.0000000E+00  7.2213902E-02  1.4899618E-01  2.6514882E-01  2.6299772E-01  3.7777075E-01  3.6944070E-01  1.4899618E-01  7.2213902E-02  0.0000000E+00  3.9749744E+00
 0.0000000E+00  9.7450951E-02  1.7376091E-01  2.8922511E-01  2.8698315E-01  4.0642679E-01  3.9755875E-01  1.7376091E-01  9.7450951E-02  0.0000000E+00  4.5529339E+00
 0.0000000E+00  1.2308820E-01  1.9892366E-01  3.1369781E-01  3.1136719E-01  4.3543111E-01  4.2602647E-01  1.9892366E-01  1.2308820E-01  0.0000000E+00  5.1146405E+00
 0.0000000E+00  1.4902396E-01  2.2438189E-01  3.3846297E-01  3.3604575E-01  4.6468262E-01  4.5474259E-01  2.2438189E-01  1.4902396E-01  0.0000000E+00  5.6572763E+00
 0.0000000E+00  1.7517033E-01  2.5004705E-01  3.6343085E-01  3.6092904E-01  4.9409324E-01  4.8361892E-01  2.5004705E-01  1.7517033E-01  0.0000000E+00  6.1786603E+00
 3.3223766E-02  2.0432665E-01  2.7866707E-01  3.9127440E-01  3.8868188E-01  5.2677247E-01  5.1571160E-01  2.7866707E-01  2.0432665E-01  3.3223766E-02  6.6651618E+00
 6.6427371E-02  2.3351563E-01  3.0730868E-01  4.1912428E-01  4.1644253E-01  5.5945104E-01  5.4779970E-01  3.0730868E-01  2.3351563E-01  6.6427371E-02  7.1249514E+00
 9.9482784E-02  2.6260950E-01  3.3584370E-01  4.4685156E-01  4.4408211E-01  5.9199524E-01  5.7975007E-01  3.3584370E-01  2.6260950E-01  9.9482784E-02  7.5556457E+00
 1.3226409E-01  2.9148214E-01  3.6414559E-01  4.7432888E-01  4.7147338E-01  6.2427317E-01  6.1143134E-01  3.6414559E-01  2.9148214E-01  1.3226409E-01  7.9551892E+00
 1.6464686E-01  3.2000881E-01  3.9208924E-01  5.0143040E-01  4.9849054E-01  6.5615420E-01  6.4271351E-01  3.9208924E-01  3.2000881E-01  1.6464686E-01  8.3218677E+00
 1.9651012E-01  3.4806826E-01  4.1955302E-01  5.2803380E-01  5.2501137E-01  6.8751111E-01  6.7346995E-01  4.1955302E-01  3.4806826E-01  1.9651012E-01  8.6543558E+00
 2.2773786E-01  3.7554424E-01  4.4642041E-01  5.5402192E-01  5.5091879E-01  7.1822161E-01  7.0357900E-01  4.4642041E-01  3.7554424E-01  2.2773786E-01  8.9517532E+00
 2.5822042E-01  4.0232717E-01  4.7258155E-01  5.7928438E-01  5.7610250E-01  7.4816988E-01  7.3292556E-01  4.7258155E-01  4.0232717E-01  2.5822042E-01  9.2136165E+00
 2.8785460E-01  4.2831438E-01  4.9793363E-01  6.0371797E-01  6.0045939E-01  7.7724680E-01  7.6140121E-01  4.9793363E-01  4.2831438E-01  2.8785460E-01  9.4399767E+00
 3.1657607E-01  4.5345057E-01  5.2242222E-01  6.2726932E-01  6.2393642E-01  8.0538027E-01  7.8893618E-01  5.2242222E-01  4.5345057E-01  3.1657607E-01  9.5880321E+00
 3.4424841E-01  4.7757357E-01  5.4588050E-01  6.4976466E-01  6.4635936E-01  8.3242361E-01  8.1538028E-01  5.4588050E-01  4.7757357E-01  3.4424841E-01  9.6753150E+00
 3.7074233E-01  5.0054551E-01  5.6816881E-01  6.7106169E-01  6.6758581E-01  8.5824112E-01  8.4059689E-01  5.6816881E-01  5.0054551E-01  3.7074233E-01  9.7331287E+00
 3.9596608E-01  5.2227812E-01  5.8919898E-01  6.9107222E-01  6.8752777E-01  8.8273432E-01  8.6448879E-01  5.8919898E-01  5.2227812E-01  3.9596608E-01  9.7621170E+00
 4.1983913E-01  5.4269409E-01  6.0889387E-01  7.0971918E-01  7.0610835E-01  9.0581588E-01  8.8696991E-01  6.0889387E-01  5.4269409E-01  4.1983913E-01  9.7631981E+00
 4.4229207E-01  5.6172710E-01  6.2718735E-01  7.2693663E-01  7.2326178E-01  9.2740956E-01  9.0796527E-01  6.2718735E-01  5.6172710E-01  4.4229207E-01  9.7375654E+00
 0.0000000E+00  1.2285086E-05  7.6757494E-02  1.9298575E-01  1.9076483E-01  3.0673016E-01  2.9852940E-01  7.6757494E-02  1.2285086E-05  0.0000000E+00  2.3215623E+00
 0.0000000E+00  2.1625592E-02  9.7895823E-02  2.1342980E-01  2.1110504E-01  3.3238772E-01  3.2357098E-01  9.7895823E-02  2.1625592E-02  0.0000000E+00  2.8530206E+00
 0.0000000E+00  4.3638542E-02  1.1942984E-01  2.3426573E-01  2.3184038E-01  3.5835256E-01  3.4892470E-01  1.1942984E-01  4.3638542E-02  0.0000000E+00  3.3713298E+00
 0.0000000E+00  6.5944833E-02  1.4125276E-01  2.5538580E-01  2.5286298E-01  3.8451957E-01  3.7448534E-01  1.4125276E-01  6.5944833E-02  0.0000000E+00  3.8734994E+00
 0.0000000E+00  8.8451612E-02  1.6327101E-01  2.7669508E-01  2.7407771E-01  4.1079933E-01  4.0016309E-01  1.6327101E-01  8.8451612E-02  0.0000000E+00  4.3570801E+00
 0.0000000E+00  1.1107157E-01  1.8539659E-01  2.9810428E-01  2.9539510E-01  4.3710766E-01  4.2587337E-01  1.8539659E-01  1.1107157E-01  0.0000000E+00  4.8199663E+00
 0.0000000E+00  1.3372258E-01  2.0754680E-01  3.1952965E-01  3.1673128E-01  4.6336422E-01  4.5153561E-01  2.0754680E-01  1.3372258E-01  0.0000000E+00  5.2604048E+00
 0.0000000E+00  1.5633425E-01  2.2965079E-01  3.4089947E-01  3.3801444E-01  4.8949913E-01  4.7707983E-01  2.2965079E-01  1.5633425E-01  0.0000000E+00  5.6771448E+00
 2.8871009E-02  1.8130459E-01  2.5405222E-01  3.6447818E-01  3.6150082E-01  5.1823975E-01  5.0517508E-01  2.5405222E-01  1.8130459E-01  2.8871009E-02  6.0540014E+00
 5.7457208E-02  2.0604799E-01  2.7821202E-01  3.8779427E-01  3.8472662E-01  5.4668684E-01  5.3297538E-01  2.7821202E-01  2.0604799E-01  5.7457208E-02  6.4032347E+00
 8.5655512E-02  2.3046157E-01  3.0202711E-01  4.1074411E-01  4.0758832E-01  5.7473114E-01  5.6037217E-01  3.0202711E-01  2.3046157E-01  8.5655512E-02  6.7235083E+00
 1.1336662E-01  2.5444576E-01  3.2539768E-01  4.3322741E-01  4.2998569E-01  6.0226697E-01  5.8726047E-01  3.2539768E-01  2.5444576E-01  1.1336662E-01  7.0137821E+00
 1.4049431E-01  2.7790397E-01  3.4822697E-01  4.5514694E-01  4.5182160E-01  6.2919163E-01  6.1353827E-01  3.4822697E-01  2.7790397E-01  1.4049431E-01  7.2733122E+00
 1.6694693E-01  3.0074416E-01  3.7042280E-01  4.7641015E-01  4.7300357E-01  6.5540691E-01  6.3910811E-01  3.7042280E-01  3.0074416E-01  1.6694693E-01  7.5016749E+00
 1.9263850E-01  3.2288003E-01  3.9189878E-01  4.9693036E-01  4.9344500E-01  6.8082032E-01  6.6387826E-01  3.9189878E-01  3.2288003E-01  1.9263850E-01  7.6987828E+00
 2.1748964E-01  3.4423214E-01  4.1257544E-01  5.1662788E-01  5.1306630E-01  7.0534607E-01  6.8776371E-01  4.1257544E-01  3.4423214E-01  2.1748964E-01  7.8648973E+00
 2.4142752E-01  3.6472812E-01  4.3238044E-01  5.3543028E-01  5.3179512E-01  7.2890509E-01  7.1068627E-01  4.3238044E-01  3.6472812E-01  2.4142752E-01  8.0006315E+00
 2.6441424E-01  3.8433851E-01  4.5128560E-01  5.5331099E-01  5.4960524E-01  7.5145061E-01  7.3260174E-01  4.5128560E-01  3.8433851E-01  2.6441424E-01  8.0709967E+00
 2.8634804E-01  4.0293716E-01  4.6915993E-01  5.7013184E-01  5.6635802E-01  7.7287172E-01  7.5339557E-01  4.6915993E-01  4.0293716E-01  2.8634804E-01  8.0912398E+00
 3.0713456E-01  4.2042156E-01  4.8589915E-01  5.8578590E-01  5.8194648E-01  7.9306774E-01  7.7296620E-01  4.8589915E-01  4.2042156E-01  3.0713456E-01  8.0878600E+00
 3.2671336E-01  4.3673452E-01  5.0144643E-01  6.0021671E-01  5.9631432E-01  8.1197083E-01  7.9124719E-01  5.0144643E-01  4.3673452E-01  3.2671336E-01  8.0618235E+00
 3.4503431E-01  4.5182889E-01  5.1575500E-01  6.1337794E-01  6.0941541E-01  8.2952345E-01  8.0818244E-01  5.1575500E-01  4.5182889E-01  3.4503431E-01  8.0142795E+00
 3.6205732E-01  4.6566743E-01  5.2878811E-01  6.2523340E-01  6.2121374E-01  8.4567826E-01  8.2372606E-01  5.2878811E-01  4.6566743E-01  3.6205732E-01  7.9465572E+00
 0.0000000E+00  1.1323582E-05  7.5649986E-02  1.9041795E-01  1.8779797E-01  3.2140958E-01  3.1144027E-01  7.5649986E-02  1.1323582E-05  0.0000000E+00  2.4367233E+00
 0.0000000E+00  1.9798877E-02  9.4927561E-02  2.0895303E-01  2.0622573E-01  3.4561794E-01  3.3495685E-01  9.4927561E-02  1.9798877E-02  0.0000000E+00  2.8927049E+00
 0.0000000E+00  3.9694841E-02  1.1430604E-01  2.2757947E-01  2.2474875E-01  3.6980182E-01  3.5845747E-01  1.1430604E-01  3.9694841E-02  0.0000000E+00  3.3300314E+00
 0.0000000E+00  5.9614999E-02  1.3370104E-01  2.4621240E-01  2.4328197E-01  3.9387979E-01  3.8186054E-01  1.3370104E-01  5.9614999E-02  0.0000000E+00  3.7468342E+00
 0.0000000E+00  7.9488319E-02  1.5304109E-01  2.6477943E-01  2.6175282E-01  4.1778605E-01  4.0509973E-01  1.5304109E-01  7.9488319E-02  0.0000000E+00  4.1417324E+00
 0.0000000E+00  9.9248867E-02  1.7225984E-01  2.8321334E-01  2.8009383E-01  4.4145944E-01  4.2811339E-01  1.7225984E-01  9.9248867E-02  0.0000000E+00  4.5136293E+00
 0.0000000E+00  1.1883484E-01  1.9129514E-01  3.0145128E-01  2.9824204E-01  4.6484123E-01  4.5084249E-01  1.9129514E-01  1.1883484E-01  0.0000000E+00  4.8616913E+00
 0.0000000E+00  1.3819359E-01  2.1009408E-01  3.1943977E-01  3.1614384E-01  4.8788010E-01  4.7323556E-01  2.1009408E-01  1.3819359E-01  0.0000000E+00  5.1854391E+00
 2.4876227E-02  1.5936197E-01  2.3063381E-01  3.3906888E-01  3.3568123E-01  5.1295077E-01  4.9760433E-01  2.3063381E-01  1.5936197E-01  2.4876227E-02  5.4668007E+00
 4.9279037E-02  1.8011980E-01  2.5074557E-01  3.5824447E-01  3.5476775E-01  5.3750711E-01  5.2146074E-01  2.5074557E-01  1.8011980E-01  4.9279037E-02  5.7213982E+00
 7.3129692E-02  2.0038844E-01  2.7035069E-01  3.7688768E-01  3.7332466E-01  5.6146381E-01  5.4472034E-01  2.7035069E-01  2.0038844E-01  7.3129692E-02  5.9487231E+00
 9.6354243E-02  2.2009352E-01  2.8937484E-01  3.9492400E-01  3.9127750E-01  5.8474027E-01  5.6730331E-01  2.8937484E-01  2.2009352E-01  9.6354243E-02  6.1485207E+00
 1.1888269E-01  2.3916454E-01  3.0774755E-01  4.1228288E-01  4.0855583E-01  6.0725980E-01  5.8913378E-01  3.0774755E-01  2.3916454E-01  1.1888269E-01  6.3207783E+00
 1.4065003E-01  2.5753593E-01  3.2540337E-01  4.2889884E-01  4.2509423E-01  6.2895072E-01  6.1014093E-01  3.2540337E-01  2.5753593E-01  1.4065003E-01  6.4657311E+00
 1.6159689E-01  2.7514785E-01  3.4228262E-01  4.4471229E-01  4.4083320E-01  6.4974706E-01  6.3025963E-01  3.4228262E-01  2.7514785E-01  1.6159689E-01  6.5838622E+00
 1.8167012E-01  2.9194690E-01  3.5833211E-01  4.5967019E-01  4.5571978E-01  6.6958916E-01  6.4943114E-01  3.5833211E-01  2.9194690E-01  1.8167012E-01  6.6758995E+00
 2.0082249E-01  3.0788611E-01  3.7350512E-01  4.7372608E-01  4.6970762E-01  6.8842345E-01  6.6760282E-01  3.7350512E-01  3.0788611E-01  2.0082249E-01  6.7428071E+00
 2.1903764E-01  3.2295693E-01  3.8779485E-01  4.8687547E-01  4.8279255E-01  7.0622407E-01  6.8475166E-01  3.8779485E-01  3.2295693E-01  2.1903764E-01  6.7561217E+00
 2.3624306E-01  3.3706386E-01  4.0110068E-01  4.9901011E-01  4.9486591E-01  7.2290988E-01  7.0079276E-01  4.0110068E-01  3.3706386E-01  2.3624306E-01  6.7289754E+00
 2.5237308E-01  3.5013351E-01  4.1334746E-01  5.1005221E-01  5.0584986E-01  7.3840883E-01  7.1565320E-01  4.1334746E-01  3.5013351E-01  2.5237308E-01  6.6836192E+00
 2.6739222E-01  3.6213339E-01  4.2450331E-01  5.1997070E-01  5.1571349E-01  7.5267762E-01  7.2929129E-01  4.2450331E-01  3.6213339E-01  2.6739222E-01  6.6211595E+00
 2.8127399E-01  3.7303964E-01  4.3454510E-01  5.2874332E-01  5.2443475E-01  7.6568212E-01  7.4167444E-01  4.3454510E-01  3.7303964E-01  2.8127399E-01  6.5428113E+00
 2.9400059E-01  3.8283699E-01  4.4345830E-01  5.3635657E-01  5.3200030E-01  7.7739718E-01  7.5277908E-01  4.4345830E-01  3.8283699E-01  2.9400059E-01  6.4498928E+00
 0.0000000E+00  1.0312393E-05  7.4748791E-02  1.8838189E-01  1.8533110E-01  3.3882885E-01  3.2677915E-01  7.4748791E-02  1.0312393E-05  0.0000000E+00  2.5136450E+00
 0.0000000E+00  1.7914714E-02  9.2076191E-02  2.0486984E-01  2.0171046E-01  3.6142403E-01  3.4860586E-01  9.2076191E-02  1.7914714E-02  0.0000000E+00  2.8947485E+00
 0.0000000E+00  3.5694915E-02  1.0926976E-01  2.2121078E-01  2.1794728E-01  3.8371873E-01  3.7014531E-01  1.0926976E-01  3.5694915E-02  0.0000000E+00  3.2540129E+00
 0.0000000E+00  5.3289190E-02  1.2626788E-01  2.3734299E-01  2.3397968E-01  4.0565580E-01  3.9134007E-01  1.2626788E-01  5.3289190E-02  0.0000000E+00  3.5905424E+00
 0.0000000E+00  7.0648285E-02  1.4302108E-01  2.5321646E-01  2.4975737E-01  4.2719315E-01  4.1214736E-01  1.4302108E-01  7.0648285E-02  0.0000000E+00  3.9038581E+00
 0.0000000E+00  8.7727247E-02  1.5948419E-01  2.6878545E-01  2.6523442E-01  4.4829236E-01  4.3252811E-01  1.5948419E-01  8.7727247E-02  0.0000000E+00  4.1936963E+00
 0.0000000E+00  1.0448385E-01  1.7561485E-01  2.8400722E-01  2.8036791E-01  4.6891572E-01  4.5244418E-01  1.7561485E-01  1.0448385E-01  0.0000000E+00  4.4599620E+00
 0.0000000E+00  1.2088219E-01  1.9137702E-01  2.9884540E-01  2.9512136E-01  4.8902951E-01  4.7186167E-01  1.9137702E-01  1.2088219E-01  0.0000000E+00  4.7027691E+00
 2.1240329E-02  1.3863681E-01  2.0841805E-01  3.1484904E-01  3.1103606E-01  5.1068238E-01  4.9276212E-01  2.0841805E-01  1.3863681E-01  2.1240329E-02  4.9028128E+00
 4.1885727E-02  1.5586375E-01  2.2491239E-01  3.3027758E-01  3.2637894E-01  5.3166309E-01  5.1299675E-01  2.2491239E-01  1.5586375E-01  4.1885727E-02  5.0782557E+00
 6.1879816E-02  1.7250654E-01  2.4080379E-01  3.4507496E-01  3.4109404E-01  5.5190845E-01  5.3250332E-01  2.4080379E-01  1.7250654E-01  6.1879816E-02  5.2291966E+00
 8.1171458E-02  1.8851343E-01  2.5604077E-01  3.5918990E-01  3.5513016E-01  5.7136057E-01  5.5122483E-01  2.5604077E-01  1.8851343E-01  8.1171458E-02  5.3559403E+00
 9.9713773E-02  2.0383682E-01  2.7057605E-01  3.7257542E-01  3.6844042E-01  5.8996590E-01  5.6910864E-01  2.7057605E-01  2.0383682E-01  9.9713773E-02  5.4589784E+00
 1.1746477E-01  2.1843395E-01  2.8436723E-01  3.8518951E-01  3.8098288E-01  6.0767587E-01  5.8610708E-01  2.8436723E-01  2.1843395E-01  1.1746477E-01  5.5389816E+00
 1.3438759E-01  2.3226725E-01  2.9737718E-01  3.9699551E-01  3.9272098E-01  6.2444716E-01  6.0217779E-01  2.9737718E-01  2.3226725E-01  1.3438759E-01  5.5967877E+00
 1.5045073E-01  2.4530478E-01  3.0957440E-01  4.0796245E-01  4.0362382E-01  6.4024194E-01  6.1728389E-01  3.0957440E-01  2.4530478E-01  1.5045073E-01  5.6333875E+00
 1.6562754E-01  2.5751988E-01  3.2093278E-01  4.1806488E-01  4.1366605E-01  6.5502739E-01  6.3139358E-01  3.2093278E-01  2.5751988E-01  1.6562754E-01  5.6499093E+00
 1.7991831E-01  2.6891988E-01  3.3146189E-01  4.2731548E-01  4.2286067E-01  6.6879437E-01  6.4450072E-01  3.3146189E-01  2.6891988E-01  1.7991831E-01  5.6232931E+00
 1.9327430E-01  2.7943460E-01  3.4108605E-01  4.3563035E-01  4.3112342E-01  6.8148533E-01  6.5654396E-01  3.4108605E-01  2.7943460E-01  1.9327430E-01  5.5647306E+00
 2.0565258E-01  2.8901384E-01  3.4975328E-01  4.4295483E-01  4.3839961E-01  6.9305083E-01  6.6747302E-01  3.4975328E-01  2.8901384E-01  2.0565258E-01  5.4927452E+00
 2.1703671E-01  2.9764376E-01  3.5745068E-01  4.4927731E-01  4.4467781E-01  7.0346657E-01  6.7726532E-01  3.5745068E-01  2.9764376E-01  2.1703671E-01  5.4084493E+00
 2.2741773E-01  3.0531768E-01  3.6417262E-01  4.5459354E-01  4.4995393E-01  7.1271616E-01  6.8590613E-01  3.6417262E-01  3.0531768E-01  2.2741773E-01  5.3130074E+00
 2.3679390E-01  3.1203599E-01  3.6992056E-01  4.5890649E-01  4.5423111E-01  7.2079087E-01  6.9338836E-01  3.6992056E-01  3.1203599E-01  2.3679390E-01  5.2076293E+00
 0.0000000E+00  9.2692055E-06  7.3902589E-02  1.8649191E-01  1.8299320E-01  3.5871457E-01  3.4423547E-01  7.3902589E-02  9.2692055E-06  0.0000000E+00  2.5442609E+00
 0.0000000E+00  1.6004598E-02  8.9223411E-02  2.0083008E-01  1.9722312E-01  3.7954079E-01  3.6421998E-01  8.9223411E-02  1.6004598E-02  0.0000000E+00  2.8533939E+00
 0.0000000E+00  3.1701989E-02  1.0423629E-01  2.1484606E-01  2.1113587E-01  3.9984718E-01  3.8370366E-01  1.0423629E-01  3.1701989E-02  0.0000000E+00  3.1395605E+00
 0.0000000E+00  4.7060892E-02  1.1890099E-01  2.2849982E-01  2.2469123E-01  4.1959976E-01  4.0265206E-01  1.1890099E-01  4.7060892E-02  0.0000000E+00  3.4026419E+00
 0.0000000E+00  6.2052175E-02  1.3318831E-01  2.4176186E-01  2.3785943E-01  4.3877863E-01  4.2104435E-01  1.3318831E-01  6.2052175E-02  0.0000000E+00  3.6428587E+00
 0.0000000E+00  7.6649997E-02  1.4707232E-01  2.5460589E-01  2.5061397E-01  4.5736639E-01  4.3886227E-01  1.4707232E-01  7.6649997E-02  0.0000000E+00  3.8605767E+00
 0.0000000E+00  9.0829706E-02  1.6052835E-01  2.6700709E-01  2.6292985E-01  4.7534445E-01  4.5608663E-01  1.6052835E-01  9.0829706E-02  0.0000000E+00  4.0562423E+00
 0.0000000E+00  1.0457013E-01  1.7353523E-01  2.7894413E-01  2.7478563E-01  4.9269487E-01  4.7269922E-01  1.7353523E-01  1.0457013E-01  0.0000000E+00  4.2303817E+00
 1.7965815E-02  1.1930122E-01  1.8744637E-01  2.9165805E-01  2.8741508E-01  5.1116388E-01  4.9037609E-01  1.8744637E-01  1.1930122E-01  1.7965815E-02  4.3630902E+00
 3.5272129E-02  1.3344327E-01  2.0074929E-01  3.0373459E-01  2.9941109E-01  5.2885589E-01  5.0728760E-01  2.0074929E-01  1.3344327E-01  3.5272129E-02  4.4742005E+00
 5.1881955E-02  1.4695894E-01  2.1340715E-01  3.1513752E-01  3.1073754E-01  5.4572714E-01  5.2339100E-01  2.1340715E-01  1.4695894E-01  5.1881955E-02  4.5642129E+00
 6.7763557E-02  1.5981567E-01  2.2538794E-01  3.2583539E-01  3.2136309E-01  5.6173932E-01  5.3864897E-01  2.2538794E-01  1.5981567E-01  6.7763557E-02  4.6337873E+00
 8.2889379E-02  1.7198494E-01  2.3666369E-01  3.3580097E-01  3.3126061E-01  5.7685853E-01  5.5302851E-01  2.3666369E-01  1.7198494E-01  8.2889379E-02  4.6837190E+00
 9.7236285E-02  1.8344260E-01  2.4721090E-01  3.4501153E-01  3.4040743E-01  5.9105547E-01  5.6650131E-01  2.4721090E-01  1.8344260E-01  9.7236285E-02  4.7149224E+00
 1.1078550E-01  1.9416893E-01  2.5701055E-01  3.5344891E-01  3.4878550E-01  6.0430542E-01  5.7904357E-01  2.5701055E-01  1.9416893E-01  1.1078550E-01  4.7284113E+00
 1.2352252E-01  2.0414871E-01  2.6604811E-01  3.6109952E-01  3.5638131E-01  6.1658806E-01  5.9063598E-01  2.6604811E-01  2.0414871E-01  1.2352252E-01  4.7252785E+00
 1.3543642E-01  2.1337077E-01  2.7431321E-01  3.6795402E-01  3.6318563E-01  6.2788687E-01  6.0126304E-01  2.7431321E-01  2.1337077E-01  1.3543642E-01  4.7066754E+00
 1.4653947E-01  2.2185355E-01  2.8182711E-01  3.7403762E-01  3.6922395E-01  6.3820555E-01  6.1093153E-01  2.8182711E-01  2.2185355E-01  1.4653947E-01  4.6539827E+00
 1.5680157E-01  2.2954716E-01  2.8853391E-01  3.7928552E-01  3.7443118E-01  6.4750439E-01  6.1959792E-01  2.8853391E-01  2.2954716E-01  1.5680157E-01  4.5766333E+00
 1.6619708E-01  2.3641918E-01  2.9439940E-01  3.8366075E-01  3.7877032E-01  6.5575100E-01  6.2722908E-01  2.9439940E-01  2.3641918E-01  1.6619708E-01  4.4899122E+00
 1.7472333E-01  2.4246912E-01  2.9942436E-01  3.8716588E-01  3.8224414E-01  6.6293538E-01  6.3381674E-01  2.9942436E-01  2.4246912E-01  1.7472333E-01  4.3948491E+00
 1.8238367E-01  2.4770219E-01  3.0361538E-01  3.8980938E-01  3.8486127E-01  6.6905416E-01  6.3935925E-01  3.0361538E-01  2.4770219E-01  1.8238367E-01  4.2924855E+00
 1.8918718E-01  2.5212918E-01  3.0698463E-01  3.9160544E-01  3.8663601E-01  6.7411039E-01  6.4386125E-01  3.0698463E-01  2.5212918E-01  1.8918718E-01  4.1838679E+00
 0.0000000E+00  8.2183833E-06  7.2955269E-02  1.8435095E-01  1.8040071E-01  3.8071051E-01  3.6342724E-01  7.2955269E-02  8.2183833E-06  0.0000000E+00  2.5240333E+00
 0.0000000E+00  1.4109937E-02  8.6258254E-02  1.9648799E-01  1.9243011E-01  3.9962945E-01  3.8144068E-01  8.6258254E-02  1.4109937E-02  0.0000000E+00  2.7664561E+00
 0.0000000E+00  2.7795876E-02  9.9137102E-02  2.0818850E-01  2.0402861E-01  4.1786388E-01  3.9879532E-01  9.9137102E-02  2.7795876E-02  0.0000000E+00  2.9864535E+00
 0.0000000E+00  4.1043986E-02  1.1157019E-01  2.1943127E-01  2.1517480E-01  4.3540051E-01  4.1547717E-01  1.1157019E-01  4.1043986E-02  0.0000000E+00  3.1844692E+00
 0.0000000E+00  5.3842359E-02  1.2354557E-01  2.3020413E-01  2.2585626E-01  4.5223888E-01  4.3148453E-01  1.2354557E-01  5.3842359E-02  0.0000000E+00  3.3612090E+00
 0.0000000E+00  6.6181316E-02  1.3505352E-01  2.4049708E-01  2.3606274E-01  4.6837981E-01  4.4681703E-01  1.3505352E-01  6.6181316E-02  0.0000000E+00  3.5174611E+00
 0.0000000E+00  7.8050891E-02  1.4608412E-01  2.5030012E-01  2.4578411E-01  4.8382107E-01  4.6147170E-01  1.4608412E-01  7.8050891E-02  0.0000000E+00  3.6540217E+00
 0.0000000E+00  8.9442012E-02  1.5662835E-01  2.5960419E-01  2.5501120E-01  4.9855802E-01  4.7544343E-01  1.5662835E-01  8.9442012E-02  0.0000000E+00  3.7716636E+00
 1.5053961E-02  1.0153642E-01  1.6778074E-01  2.6937536E-01  2.6470337E-01  5.1405539E-01  4.9012516E-01  1.6778074E-01  1.0153642E-01  1.5053961E-02  3.8504737E+00
 2.9429757E-02  1.1302470E-01  1.7830933E-01  2.7849523E-01  2.7374899E-01  5.2871362E-01  5.0398549E-01  1.7830933E-01  1.1302470E-01  2.9429757E-02  3.9110928E+00
 4.3106271E-02  1.2388515E-01  1.8819318E-01  2.8694382E-01  2.8212823E-01  5.4250520E-01  5.1699795E-01  1.8819318E-01  1.2388515E-01  4.3106271E-02  3.9542482E+00
 5.6067360E-02  1.3410057E-01  1.9741587E-01  2.9470572E-01  2.8982577E-01  5.5540799E-01  5.2914136E-01  1.9741587E-01  1.3410057E-01  5.6067360E-02  3.9807839E+00
 6.8300720E-02  1.4365743E-01  2.0596471E-01  3.0176932E-01  2.9683012E-01  5.6740409E-01  5.4039875E-01  2.0596471E-01  1.4365743E-01  6.8300720E-02  3.9916360E+00
 7.9797826E-02  1.5254597E-01  2.1383082E-01  3.0812688E-01  3.0313363E-01  5.7847966E-01  5.5075720E-01  2.1383082E-01  1.5254597E-01  7.9797826E-02  3.9878110E+00
 9.0553624E-02  1.6075993E-01  2.2100887E-01  3.1377433E-01  3.0873230E-01  5.8862464E-01  5.6020756E-01  2.2100887E-01  1.6075993E-01  9.0553624E-02  3.9703635E+00
 1.0056619E-01  1.6829645E-01  2.2749693E-01  3.1871102E-01  3.1362557E-01  5.9783231E-01  5.6874404E-01  2.2749693E-01  1.6829645E-01  1.0056619E-01  3.9403715E+00
 1.0983595E-01  1.7515545E-01  2.3329593E-01  3.2293927E-01  3.1781587E-01  6.0609848E-01  5.7636345E-01  2.3329593E-01  1.7515545E-01  1.0983595E-01  3.8989153E+00
 1.1838305E-01  1.8136233E-01  2.3843464E-01  3.2649267E-01  3.2133700E-01  6.1343663E-01  5.8308230E-01  2.3843464E-01  1.8136233E-01  1.1838305E-01  3.8310001E+00
 1.2619135E-01  1.8688292E-01  2.4287239E-01  3.2932081E-01  3.2413835E-01  6.1981948E-01  5.8886960E-01  2.4287239E-01  1.8688292E-01  1.2619135E-01  3.7444895E+00
 1.3324787E-01  1.9169796E-01  2.4658804E-01  3.3139971E-01  3.2619594E-01  6.2522705E-01  5.9370465E-01  2.4658804E-01  1.9169796E-01  1.3324787E-01  3.6518899E+00
 1.3955925E-01  1.9581584E-01  2.4959159E-01  3.3274166E-01  3.2752221E-01  6.2965981E-01  5.9758967E-01  2.4959159E-01  1.9581584E-01  1.3955925E-01  3.5540980E+00
 1.4513684E-01  1.9924936E-01  2.5189749E-01  3.3336346E-01  3.2813410E-01  6.3312377E-01  6.0053229E-01  2.5189749E-01  1.9924936E-01  1.4513684E-01  3.4519965E+00
 1.4999634E-01  2.0201552E-01  2.5352444E-01  3.3328628E-01  3.2805286E-01  6.3563019E-01  6.0254532E-01  2.5352444E-01  2.0201552E-01  1.4999634E-01  3.3464477E+00
 0.0000000E+00  7.1839653E-06  7.1751814E-02  1.8157113E-01  1.7716637E-01  4.0447694E-01  3.8400036E-01  7.1751814E-02  7.1839653E-06  0.0000000E+00  2.4527784E+00
 0.0000000E+00  1.2269678E-02  8.3070111E-02  1.9150898E-01  1.8699586E-01  4.2136493E-01  3.9993539E-01  8.3070111E-02  1.2269678E-02  0.0000000E+00  2.6355634E+00
 0.0000000E+00  2.4048058E-02  9.3899772E-02  2.0095077E-01  1.9633582E-01  4.3745315E-01  4.1510375E-01  9.3899772E-02  2.4048058E-02  0.0000000E+00  2.7976721E+00
 0.0000000E+00  3.5335301E-02  1.0423420E-01  2.0989035E-01  2.0517990E-01  4.5274584E-01  4.2950858E-01  1.0423420E-01  3.5335301E-02  0.0000000E+00  2.9399050E+00
 0.0000000E+00  4.6133156E-02  1.1407504E-01  2.1832902E-01  2.1352917E-01  4.6725853E-01  4.4316383E-01  1.1407504E-01  4.6133156E-02  0.0000000E+00  3.0632542E+00
 0.0000000E+00  5.6444609E-02  1.2342513E-01  2.2626928E-01  2.2138588E-01  4.8100684E-01  4.5608363E-01  1.2342513E-01  5.6444609E-02  0.0000000E+00  3.1687441E+00
 0.0000000E+00  6.6271108E-02  1.3228596E-01  2.3371249E-01  2.2875123E-01  4.9400185E-01  4.6827801E-01  1.3228596E-01  6.6271108E-02  0.0000000E+00  3.2573533E+00
 0.0000000E+00  7.5612862E-02  1.4065777E-01  2.4065887E-01  2.3562535E-01  5.0624956E-01  4.7975232E-01  1.4065777E-01  7.5612862E-02  0.0000000E+00  3.3299649E+00
 1.2491653E-02  8.5437214E-02  1.4940931E-01  2.4783149E-01  2.4272526E-01  5.1895020E-01  4.9163532E-01  1.4940931E-01  8.5437214E-02  1.2491653E-02  3.3671832E+00
 2.4321175E-02  9.4671256E-02  1.5755614E-01  2.5437604E-01  2.4920301E-01  5.3078220E-01  5.0267401E-01  1.5755614E-01  9.4671256E-02  2.4321175E-02  3.3896682E+00
 3.5479734E-02  1.0330532E-01  1.6508961E-01  2.6028523E-01  2.5505143E-01  5.4173121E-01  5.1285506E-01  1.6508961E-01  1.0330532E-01  3.5479734E-02  3.3982378E+00
 4.5963022E-02  1.1133382E-01  1.7200514E-01  2.6555581E-01  2.6026739E-01  5.5178801E-01  5.2217015E-01  1.7200514E-01  1.1133382E-01  4.5963022E-02  3.3937913E+00
 5.5770088E-02  1.1875439E-01  1.7830141E-01  2.7018787E-01  2.6485108E-01  5.6094728E-01  5.3061482E-01  1.7830141E-01  1.1875439E-01  5.5770088E-02  3.3772855E+00
 6.4903068E-02  1.2556769E-01  1.8398017E-01  2.7418465E-01  2.6880580E-01  5.6920725E-01  5.3818810E-01  1.8398017E-01  1.2556769E-01  6.4903068E-02  3.3497118E+00
 7.3366691E-02  1.3177707E-01  1.8904586E-01  2.7755214E-01  2.7213762E-01  5.7656910E-01  5.4489201E-01  1.8904586E-01  1.3177707E-01  7.3366691E-02  3.3120724E+00
 8.1167775E-02  1.3738817E-01  1.9350528E-01  2.8029871E-01  2.7485496E-01  5.8303640E-01  5.5073093E-01  1.9350528E-01  1.3738817E-01  8.1167775E-02  3.2653567E+00
 8.8314385E-02  1.4240833E-01  1.9736693E-01  2.8243458E-01  2.7696808E-01  5.8861414E-01  5.5571076E-01  1.9736693E-01  1.4240833E-01  8.8314385E-02  3.2105196E+00
 9.4831158E-02  1.4686656E-01  2.0066369E-01  2.8399818E-01  2.7851560E-01  5.9332331E-01  5.5985529E-01  2.0066369E-01  1.4686656E-01  9.4831158E-02  3.1355198E+00
 1.0071200E-01  1.5074055E-01  2.0336619E-01  2.8494963E-01  2.7945744E-01  5.9714440E-01  5.6314157E-01  2.0336619E-01  1.5074055E-01  1.0071200E-01  3.0468399E+00
 1.0595276E-01  1.5402040E-01  2.0546257E-01  2.8527405E-01  2.7977877E-01  6.0006606E-01  5.6555756E-01  2.0546257E-01  1.5402040E-01  1.0595276E-01  2.9546255E+00
 1.1056589E-01  1.5671988E-01  2.0696848E-01  2.8498986E-01  2.7949810E-01  6.0209646E-01  5.6711306E-01  2.0696848E-01  1.5671988E-01  1.1056589E-01  2.8596205E+00
 1.1456737E-01  1.5885605E-01  2.0790289E-01  2.8411879E-01  2.7863720E-01  6.0324832E-01  5.6782231E-01  2.0790289E-01  1.5885605E-01  1.1456737E-01  2.7625397E+00
 1.1797642E-01  1.6044900E-01  2.0828781E-01  2.8268569E-01  2.7722095E-01  6.0353870E-01  5.6770374E-01  2.0828781E-01  1.6044900E-01  1.1797642E-01  2.6640641E+00
 0.0000000E+00  6.2063119E-06  7.0179408E-02  1.7787746E-01  1.7300094E-01  4.2919906E-01  4.0522049E-01  7.0179408E-02  6.2063119E-06  0.0000000E+00  2.3368683E+00
 0.0000000E+00  1.0550192E-02  7.9622611E-02  1.8570981E-01  1.8072228E-01  4.4398185E-01  4.1902618E-01  7.9622611E-02  1.0550192E-02  0.0000000E+00  2.4691574E+00
 0.0000000E+00  2.0583094E-02  8.8556172E-02  1.9303291E-01  1.8794246E-01  4.5789336E-01  4.3200101E-01  8.8556172E-02  2.0583094E-02  0.0000000E+00  2.5832149E+00
 0.0000000E+00  3.0108998E-02  9.6984486E-02  1.9985147E-01  1.9466596E-01  4.7095154E-01  4.4416149E-01  9.6984486E-02  3.0108998E-02  0.0000000E+00  2.6800200E+00
 0.0000000E+00  3.9139434E-02  1.0491876E-01  2.0617609E-01  2.0090308E-01  4.8318412E-01  4.5553338E-01  1.0491876E-01  3.9139434E-02  0.0000000E+00  2.7606848E+00
 0.0000000E+00  4.7686345E-02  1.1237061E-01  2.1201779E-01  2.0666457E-01  4.9461793E-01  4.6614166E-01  1.1237061E-01  4.7686345E-02  0.0000000E+00  2.8263180E+00
 0.0000000E+00  5.5759224E-02  1.1934939E-01  2.1738564E-01  2.1195930E-01  5.0527408E-01  4.7600609E-01  1.1934939E-01  5.5759224E-02  0.0000000E+00  2.8779495E+00
 0.0000000E+00  6.3364758E-02  1.2586178E-01  2.2228619E-01  2.1679369E-01  5.1516652E-01  4.8513980E-01  1.2586178E-01  6.3364758E-02  0.0000000E+00  2.9164722E+00
 1.0297221E-02  7.1289900E-02  1.3258491E-01  2.2723388E-01  2.2167695E-01  5.2524835E-01  4.9442688E-01  1.3258491E-01  7.1289900E-02  1.0297221E-02  2.9234301E+00
 1.9971869E-02  7.8662307E-02  1.3874590E-01  2.3160253E-01  2.2598869E-01  5.3445608E-01  5.0287080E-01  1.3874590E-01  7.8662307E-02  1.9971869E-02  2.9188457E+00
 2.9023940E-02  8.5480946E-02  1.4434490E-01  2.3539398E-01  2.2973084E-01  5.4278562E-01  5.1046843E-01  1.4434490E-01  8.5480946E-02  2.9023940E-02  2.9035334E+00
 3.7457426E-02  9.1748362E-02  1.4938564E-01  2.3861354E-01  2.3290881E-01  5.5023767E-01  5.1722124E-01  1.4938564E-01  9.1748362E-02  3.7457426E-02  2.8783612E+00
 4.5279160E-02  9.7469808E-02  1.5387456E-01  2.4126935E-01  2.3553075E-01  5.5681650E-01  5.2313423E-01  1.5387456E-01  9.7469808E-02  4.5279160E-02  2.8442293E+00
 5.2498405E-02  1.0265292E-01  1.5782051E-01  2.4337198E-01  2.3760725E-01  5.6252939E-01  5.2821538E-01  1.5782051E-01  1.0265292E-01  5.2498405E-02  2.8020481E+00
 5.9126254E-02  1.0730726E-01  1.6123428E-01  2.4493397E-01  2.3915086E-01  5.6738595E-01  5.3247495E-01  1.6123428E-01  1.0730726E-01  5.9126254E-02  2.7527157E+00
 6.5175024E-02  1.1144381E-01  1.6412809E-01  2.4596937E-01  2.4017559E-01  5.7139730E-01  5.3592472E-01  1.6412809E-01  1.1144381E-01  6.5175024E-02  2.6970958E+00
 7.0657393E-02  1.1507435E-01  1.6651502E-01  2.4649314E-01  2.4069638E-01  5.7457518E-01  5.3857720E-01  1.6651502E-01  1.1507435E-01  7.0657393E-02  2.6359981E+00
 7.5599868E-02  1.1822893E-01  1.6842934E-01  2.4654581E-01  2.4075375E-01  5.7694653E-01  5.4046181E-01  1.6842934E-01  1.1822893E-01  7.5599868E-02  2.5597489E+00
 8.0003116E-02  1.2089380E-01  1.6984973E-01  2.4609470E-01  2.4031493E-01  5.7849570E-01  5.4155978E-01  1.6984973E-01  1.2089380E-01  8.0003116E-02  2.4736531E+00
 8.3868761E-02  1.2306539E-01  1.7077052E-01  2.4513100E-01  2.3937111E-01  5.7921694E-01  5.4186476E-01  1.7077052E-01  1.2306539E-01  8.3868761E-02  2.3859014E+00
 8.7212359E-02  1.2476019E-01  1.7121033E-01  2.4367643E-01  2.3794398E-01  5.7912412E-01  5.4139208E-01  1.7121033E-01  1.2476019E-01  8.7212359E-02  2.2970883E+00
 9.0052050E-02  1.2599708E-01  1.7119007E-01  2.4175499E-01  2.3605748E-01  5.7823490E-01  5.4016069E-01  1.7119007E-01  1.2599708E-01  9.0052050E-02  2.2077725E+00
 9.2408256E-02  1.2679703E-01  1.7073278E-01  2.3939283E-01  2.3373767E-01  5.7657054E-01  5.3819300E-01  1.7073278E-01  1.2679703E-01  9.2408256E-02  2.1184729E+00
 0.0000000E+00  5.2964487E-06  6.8123044E-02  1.7300916E-01  1.6759016E-01  4.5460590E-01  4.2686075E-01  6.8123044E-02  5.2964487E-06  0.0000000E+00  2.1844015E+00
 0.0000000E+00  8.9653116E-03  7.5822415E-02  1.7886185E-01  1.7332970E-01  4.6720401E-01  4.3848404E-01  7.5822415E-02  8.9653116E-03  0.0000000E+00  2.2752013E+00
 0.0000000E+00  1.7418116E-02  8.3023996E-02  1.8422751E-01  1.7859278E-01  4.7889404E-01  4.4924650E-01  8.3023996E-02  1.7418116E-02  0.0000000E+00  2.3505028E+00
 0.0000000E+00  2.5375374E-02  8.9739501E-02  1.8911789E-01  1.8339078E-01  4.8970429E-01  4.5917465E-01  8.9739501E-02  2.5375374E-02  0.0000000E+00  2.4113334E+00
 0.0000000E+00  3.2854961E-02  9.5986135E-02  1.9354916E-01  1.8773946E-01  4.9967133E-01  4.6830269E-01  9.5986135E-02  3.2854961E-02  0.0000000E+00  2.4588064E+00
 0.0000000E+00  3.9874553E-02  1.0178091E-01  1.9753733E-01  1.9165443E-01  5.0882998E-01  4.7666331E-01  1.0178091E-01  3.9874553E-02  0.0000000E+00  2.4940099E+00
 0.0000000E+00  4.6448798E-02  1.0713809E-01  2.0109608E-01  1.9514903E-01  5.1720859E-01  4.8428322E-01  1.0713809E-01  4.6448798E-02  0.0000000E+00  2.5179374E+00
 0.0000000E+00  5.2588531E-02  1.1206832E-01  2.0423579E-01  1.9823340E-01  5.2482691E-01  4.9118117E-01  1.1206832E-01  5.2588531E-02  0.0000000E+00  2.5314277E+00
 8.4215294E-03  5.8929062E-02  1.1708675E-01  2.0729283E-01  2.0123997E-01  5.3240225E-01  4.9801019E-01  1.1708675E-01  5.8929062E-02  8.4215294E-03  2.5172856E+00
 1.6274445E-02  6.4767326E-02  1.2160003E-01  2.0983638E-01  2.0374267E-01  5.3911487E-01  5.0401381E-01  1.2160003E-01  6.4767326E-02  1.6274445E-02  2.4943974E+00
 2.3564741E-02  7.0108143E-02  1.2561430E-01  2.1187452E-01  2.0574956E-01  5.4496870E-01  5.0919679E-01  1.2561430E-01  7.0108143E-02  2.3564741E-02  2.4635184E+00
 3.0301858E-02  7.4959400E-02  1.2913870E-01  2.1341816E-01  2.0727151E-01  5.4997211E-01  5.1356817E-01  1.2913870E-01  7.4959400E-02  3.0301858E-02  2.4254366E+00
 3.6497583E-02  7.9331206E-02  1.3218458E-01  2.1448054E-01  2.0832166E-01  5.5413673E-01  5.1714013E-01  1.3218458E-01  7.9331206E-02  3.6497583E-02  2.3809545E+00
 4.2165556E-02  8.3235484E-02  1.3476513E-01  2.1507667E-01  2.0891491E-01  5.5747674E-01  5.1992737E-01  1.3476513E-01  8.3235484E-02  4.2165556E-02  2.3308690E+00
 4.7320621E-02  8.6685450E-02  1.3689482E-01  2.1522294E-01  2.0906747E-01  5.6000809E-01  5.2194633E-01  1.3689482E-01  8.6685450E-02  4.7320621E-02  2.2759518E+00
 5.1978166E-02  8.9695072E-02  1.3858886E-01  2.1493648E-01  2.0879633E-01  5.6174766E-01  5.2321434E-01  1.3858886E-01  8.9695072E-02  5.1978166E-02  2.2169296E+00
 5.6153292E-02  9.2278422E-02  1.3986267E-01  2.1423472E-01  2.0811870E-01  5.6271225E-01  5.2374877E-01  1.3986267E-01  9.2278422E-02  5.6153292E-02  2.1544677E+00
 5.9872534E-02  9.4464859E-02  1.4075002E-01  2.1315815E-01  2.0707487E-01  5.6293404E-01  5.2358390E-01  1.4075002E-01  9.4464859E-02  5.9872534E-02  2.0808097E+00
 6.3140881E-02  9.6246694E-02  1.4123520E-01  2.1167898E-01  2.0563699E-01  5.6239810E-01  5.2270208E-01  1.4123520E-01  9.6246694E-02  6.3140881E-02  2.0002608E+00
 6.5963534E-02  9.7624481E-02  1.4131654E-01  2.0979222E-01  2.0379998E-01  5.6110215E-01  5.2110055E-01  1.4131654E-01  9.7624481E-02  6.5963534E-02  1.9193928E+00
 6.8357274E-02  9.8615640E-02  1.4101364E-01  2.0752085E-01  2.0158664E-01  5.5906461E-01  5.1879893E-01  1.4101364E-01  9.8615640E-02  6.8357274E-02  1.8386652E+00
 7.0340717E-02  9.9239212E-02  1.4034769E-01  2.0488930E-01  1.9902117E-01  5.5630707E-01  5.1581983E-01  1.4034769E-01  9.9239212E-02  7.0340717E-02  1.7584999E+00
 7.1934018E-02  9.9515633E-02  1.3934120E-01  2.0192335E-01  1.9612908E-01  5.5285413E-01  5.1218870E-01  1.3934120E-01  9.9515633E-02  7.1934018E-02  1.6792787E+00
 0.0000000E+00  4.4751699E-06  6.5531547E-02  1.6686948E-01  1.6077482E-01  4.7998315E-01  4.4834339E-01  6.5531547E-02  4.4751699E-06  0.0000000E+00  2.0074095E+00
 0.0000000E+00  7.5462787E-03  7.1660608E-02  1.7092357E-01  1.6472114E-01  4.9034089E-01  4.5775378E-01  7.1660608E-02  7.5462787E-03  0.0000000E+00  2.0656837E+00
 0.0000000E+00  1.4605968E-02  7.7326576E-02  1.7453777E-01  1.6824140E-01  4.9978129E-01  4.6630009E-01  7.7326576E-02  1.4605968E-02  0.0000000E+00  2.1111396E+00
 0.0000000E+00  2.1199758E-02  8.2545323E-02  1.7772754E-01  1.7135044E-01  5.0834010E-01  4.7401597E-01  8.2545323E-02  2.1199758E-02  0.0000000E+00  2.1447673E+00
 0.0000000E+00  2.7348993E-02  8.7337036E-02  1.8051149E-01  1.7406619E-01  5.1605974E-01  4.8094124E-01  8.7337036E-02  2.7348993E-02  0.0000000E+00  2.1676088E+00
 0.0000000E+00  3.3074411E-02  9.1721336E-02  1.8290771E-01  1.7640607E-01  5.2298038E-01  4.8711364E-01  9.1721336E-02  3.3074411E-02  0.0000000E+00  2.1806686E+00
 0.0000000E+00  3.8393457E-02  9.5714921E-02  1.8493192E-01  1.7838524E-01  5.2913529E-01  4.9256458E-01  9.5714921E-02  3.8393457E-02  0.0000000E+00  2.1848545E+00
 0.0000000E+00  4.3319247E-02  9.9330466E-02  1.8659625E-01  1.8001542E-01  5.3454821E-01  4.9731668E-01  9.9330466E-02  4.3319247E-02  0.0000000E+00  2.1809191E+00
 6.8472485E-03  4.8361793E-02  1.0294908E-01  1.8808894E-01  1.8148308E-01  5.3971063E-01  5.0180390E-01  1.0294908E-01  4.8361793E-02  6.8472485E-03  2.1531280E+00
 1.3186482E-02  5.2958069E-02  1.0612624E-01  1.8914214E-01  1.8252308E-01  5.4403368E-01  5.0549508E-01  1.0612624E-01  5.2958069E-02  1.3186482E-02  2.1189069E+00
 1.9027416E-02  5.7116532E-02  1.0887177E-01  1.8976773E-01  1.8314707E-01  5.4752766E-01  5.0840123E-01  1.0887177E-01  5.7116532E-02  1.9027416E-02  2.0789262E+00
 2.4382691E-02  6.0848222E-02  1.1119791E-01  1.8997988E-01  1.8336895E-01  5.5020693E-01  5.1053722E-01  1.1119791E-01  6.0848222E-02  2.4382691E-02  2.0338735E+00
 2.9266855E-02  6.4165972E-02  1.1311874E-01  1.8979455E-01  1.8320436E-01  5.5208881E-01  5.1192078E-01  1.1311874E-01  6.4165972E-02  2.9266855E-02  1.9844395E+00
 3.3695827E-02  6.7083960E-02  1.1464959E-01  1.8922899E-01  1.8267021E-01  5.5319286E-01  5.1257177E-01  1.1464959E-01  6.7083960E-02  3.3695827E-02  1.9313002E+00
 3.7686247E-02  6.9617169E-02  1.1580665E-01  1.8830128E-01  1.8178418E-01  5.5353997E-01  5.1251135E-01  1.1580665E-01  6.9617169E-02  3.7686247E-02  1.8751003E+00
 4.1254813E-02  7.1780842E-02  1.1660633E-01  1.8702974E-01  1.8056421E-01  5.5315142E-01  5.1176107E-01  1.1660633E-01  7.1780842E-02  4.1254813E-02  1.8164360E+00
 4.4417489E-02  7.3589852E-02  1.1706474E-01  1.8543253E-01  1.7902804E-01  5.5204807E-01  5.1034210E-01  1.1706474E-01  7.3589852E-02  4.4417489E-02  1.7558420E+00
 4.7199631E-02  7.5071745E-02  1.1721394E-01  1.8354866E-01  1.7721416E-01  5.5026707E-01  5.0829316E-01  1.1721394E-01  7.5071745E-02  4.7199631E-02  1.6871039E+00
 4.9608741E-02  7.6223003E-02  1.1704195E-01  1.8135348E-01  1.7509789E-01  5.4779177E-01  5.0559543E-01  1.1704195E-01  7.6223003E-02  4.9608741E-02  1.6136958E+00
 5.1652007E-02  7.7046710E-02  1.1654950E-01  1.7884419E-01  1.7267627E-01  5.4462184E-01  5.0224819E-01  1.1654950E-01  7.7046710E-02  5.1652007E-02  1.5408691E+00
 5.3346184E-02  7.7559999E-02  1.1575589E-01  1.7604357E-01  1.6997169E-01  5.4077959E-01  4.9827465E-01  1.1575589E-01  7.7559999E-02  5.3346184E-02  1.4689692E+00
 5.4709269E-02  7.7781063E-02  1.1468140E-01  1.7297523E-01  1.6700728E-01  5.3629001E-01  4.9370047E-01  1.1468140E-01  7.7781063E-02  5.4709269E-02  1.3983051E+00
 5.5760244E-02  7.7728952E-02  1.1334709E-01  1.6966347E-01  1.6380687E-01  5.3118062E-01  4.8855361E-01  1.1334709E-01  7.7728952E-02  5.5760244E-02  1.3291474E+00
 0.0000000E+00  3.7511304E-06  6.2394102E-02  1.5945495E-01  1.5250430E-01  5.0470617E-01  4.6916903E-01  6.2394102E-02  3.7511304E-06  0.0000000E+00  1.8179090E+00
 0.0000000E+00  6.3036460E-03  6.7146963E-02  1.6192167E-01  1.5488707E-01  5.1277769E-01  4.7633963E-01  6.7146963E-02  6.3036460E-03  0.0000000E+00  1.8517077E+00
 0.0000000E+00  1.2159165E-02  7.1485162E-02  1.6401104E-01  1.5690955E-01  5.1994380E-01  4.8266356E-01  7.1485162E-02  1.2159165E-02  0.0000000E+00  1.8751023E+00
 0.0000000E+00  1.7588756E-02  7.5426281E-02  1.6573970E-01  1.5858737E-01  5.2624536E-01  4.8817936E-01  7.5426281E-02  1.7588756E-02  0.0000000E+00  1.8890013E+00
 0.0000000E+00  2.2615079E-02  7.8991224E-02  1.6712627E-01  1.5993809E-01  5.3172843E-01  4.9293025E-01  7.8991224E-02  2.2615079E-02  0.0000000E+00  1.8943405E+00
 0.0000000E+00  2.7259960E-02  8.2200137E-02  1.6818875E-01  1.6097869E-01  5.3643639E-01  4.9695702E-01  8.2200137E-02  2.7259960E-02  0.0000000E+00  1.8920139E+00
 0.0000000E+00  3.1541903E-02  8.5070317E-02  1.6894295E-01  1.6172409E-01  5.4040569E-01  5.0029408E-01  8.5070317E-02  3.1541903E-02  0.0000000E+00  1.8828238E+00
 0.0000000E+00  3.5474955E-02  8.7615040E-02  1.6940124E-01  1.6218601E-01  5.4366277E-01  5.0296661E-01  8.7615040E-02  3.5474955E-02  0.0000000E+00  1.8674277E+00
 5.5419717E-03  3.9466761E-02  9.0106538E-02  1.6963149E-01  1.6243420E-01  5.4648126E-01  5.0519907E-01  9.0106538E-02  3.9466761E-02  5.5419717E-03  1.8316440E+00
 1.0637554E-02  4.3068648E-02  9.2221341E-02  1.6949871E-01  1.6233272E-01  5.4849279E-01  5.0667382E-01  9.2221341E-02  4.3068648E-02  1.0637554E-02  1.7912703E+00
 1.5298503E-02  4.6291079E-02  9.3971181E-02  1.6901671E-01  1.6189489E-01  5.4971292E-01  5.0740696E-01  9.3971181E-02  4.6291079E-02  1.5298503E-02  1.7468863E+00
 1.9539026E-02  4.9146672E-02  9.5369782E-02  1.6820111E-01  1.6113575E-01  5.5016088E-01  5.0741806E-01  9.5369782E-02  4.9146672E-02  1.9539026E-02  1.6990786E+00
 2.3374859E-02  5.1649468E-02  9.6432249E-02  1.6706886E-01  1.6007163E-01  5.4985866E-01  5.0672930E-01  9.6432249E-02  5.1649468E-02  2.3374859E-02  1.6484292E+00
 2.6822732E-02  5.3814484E-02  9.7174615E-02  1.6563780E-01  1.5871972E-01  5.4883014E-01  5.0536464E-01  9.7174615E-02  5.3814484E-02  2.6822732E-02  1.5955003E+00
 2.9899734E-02  5.5657178E-02  9.7613337E-02  1.6392615E-01  1.5709760E-01  5.4710019E-01  5.0334898E-01  9.7613337E-02  5.5657178E-02  2.9899734E-02  1.5408210E+00
 3.2622680E-02  5.7192926E-02  9.7764785E-02  1.6195209E-01  1.5522276E-01  5.4469379E-01  5.0070725E-01  9.7764785E-02  5.7192926E-02  3.2622680E-02  1.4848726E+00
 3.5007380E-02  5.8436433E-02  9.7644733E-02  1.5973326E-01  1.5311224E-01  5.4163515E-01  4.9746369E-01  9.7644733E-02  5.8436433E-02  3.5007380E-02  1.4280784E+00
 3.7077311E-02  5.9412840E-02  9.7282708E-02  1.5730620E-01  1.5080164E-01  5.3796645E-01  4.9366139E-01  9.7282708E-02  5.9412840E-02  3.7077311E-02  1.3654617E+00
 3.8841219E-02  6.0121402E-02  9.6669225E-02  1.5464824E-01  1.4826840E-01  5.3366750E-01  4.8927862E-01  9.6669225E-02  6.0121402E-02  3.8841219E-02  1.2998145E+00
 4.0307208E-02  6.0566626E-02  9.5806248E-02  1.5175762E-01  1.4551052E-01  5.2873886E-01  4.8431559E-01  9.5806248E-02  6.0566626E-02  4.0307208E-02  1.2353209E+00
 4.1491223E-02  6.0764641E-02  9.4711975E-02  1.4865597E-01  1.4254897E-01  5.2320643E-01  4.7879872E-01  9.4711975E-02  6.0764641E-02  4.1491223E-02  1.1722336E+00
 4.2410015E-02  6.0732219E-02  9.3405109E-02  1.4536520E-01  1.3940500E-01  5.1709835E-01  4.7275634E-01  9.3405109E-02  6.0732219E-02  4.2410015E-02  1.1107711E+00
 4.3080898E-02  6.0486588E-02  9.1904703E-02  1.4190742E-01  1.3610003E-01  5.1044487E-01  4.6621869E-01  9.1904703E-02  6.0486588E-02  4.3080898E-02  1.0511176E+00
 0.0000000E+00  3.1255696E-06  5.8745257E-02  1.5084361E-01  1.4287330E-01  5.2817511E-01  4.8881656E-01  5.8745257E-02  3.1255696E-06  0.0000000E+00  1.6266139E+00
 0.0000000E+00  5.2359701E-03  6.2323258E-02  1.5194911E-01  1.4394773E-01  5.3391957E-01  4.9371812E-01  6.2323258E-02  5.2359701E-03  0.0000000E+00  1.6426960E+00
 0.0000000E+00  1.0068073E-02  6.5541366E-02  1.5274759E-01  1.4473396E-01  5.3878705E-01  4.9780725E-01  6.5541366E-02  1.0068073E-02  0.0000000E+00  1.6504214E+00
 0.0000000E+00  1.4518505E-02  6.8417160E-02  1.5325499E-01  1.4524648E-01  5.4282187E-01  5.0112571E-01  6.8417160E-02  1.4518505E-02  0.0000000E+00  1.6506019E+00
 0.0000000E+00  1.8609790E-02  7.0970720E-02  1.5348830E-01  1.4550084E-01  5.4607207E-01  5.0371849E-01  7.0970720E-02  1.8609790E-02  0.0000000E+00  1.6440603E+00
 0.0000000E+00  2.2363512E-02  7.3221310E-02  1.5346387E-01  1.4551202E-01  5.4858277E-01  5.0562792E-01  7.3221310E-02  2.2363512E-02  0.0000000E+00  1.6315776E+00
 0.0000000E+00  2.5798082E-02  7.5185595E-02  1.5319626E-01  1.4529338E-01  5.5039232E-01  5.0689012E-01  7.5185595E-02  2.5798082E-02  0.0000000E+00  1.6138511E+00
 0.0000000E+00  2.8927571E-02  7.6876490E-02  1.5269704E-01  1.4485558E-01  5.5152898E-01  5.0753189E-01  7.6876490E-02  2.8927571E-02  0.0000000E+00  1.5914477E+00
 4.4707516E-03  3.2076784E-02  7.8479535E-02  1.5193901E-01  1.4417867E-01  5.5205505E-01  5.0757601E-01  7.8479535E-02  3.2076784E-02  4.4707516E-03  1.5517402E+00
 8.5540587E-03  3.4889472E-02  7.9767823E-02  1.5089260E-01  1.4322669E-01  5.5181448E-01  5.0690895E-01  7.9767823E-02  3.4889472E-02  8.5540587E-03  1.5088588E+00
 1.2262548E-02  3.7376983E-02  8.0753787E-02  1.4957225E-01  1.4201324E-01  5.5082740E-01  5.0555117E-01  8.0753787E-02  3.7376983E-02  1.2262548E-02  1.4632987E+00
 1.5610883E-02  3.9552442E-02  8.1451436E-02  1.4799366E-01  1.4055317E-01  5.4911726E-01  5.0352619E-01  8.1451436E-02  3.9552442E-02  1.5610883E-02  1.4155543E+00
 1.8614943E-02  4.1430097E-02  8.1875829E-02  1.4617355E-01  1.3886226E-01  5.4671002E-01  5.0085984E-01  8.1875829E-02  4.1430097E-02  1.8614943E-02  1.3661108E+00
 2.1291300E-02  4.3024876E-02  8.2042650E-02  1.4412913E-01  1.3695681E-01  5.4363325E-01  4.9757947E-01  8.2042650E-02  4.3024876E-02  2.1291300E-02  1.3154314E+00
 2.3656634E-02  4.4351896E-02  8.1967735E-02  1.4187776E-01  1.3485326E-01  5.3991529E-01  4.9371306E-01  8.1967735E-02  4.4351896E-02  2.3656634E-02  1.2639458E+00
 2.5727131E-02  4.5425958E-02  8.1666610E-02  1.3943646E-01  1.3256774E-01  5.3558426E-01  4.8928831E-01  8.1666610E-02  4.5425958E-02  2.5727131E-02  1.2120388E+00
 2.7517830E-02  4.6261018E-02  8.1154040E-02  1.3682159E-01  1.3011580E-01  5.3066733E-01  4.8433201E-01  8.1154040E-02  4.6261018E-02  2.7517830E-02  1.1600415E+00
 2.9049991E-02  4.6879577E-02  8.0456638E-02  1.3406654E-01  1.2752956E-01  5.2521187E-01  4.7889163E-01  8.0456638E-02  4.6879577E-02  2.9049991E-02  1.1039695E+00
 3.0332769E-02  4.7282669E-02  7.9566520E-02  1.3114988E-01  1.2478789E-01  5.1919282E-01  4.7294116E-01  7.9566520E-02  4.7282669E-02  3.0332769E-02  1.0460600E+00
 3.1374473E-02  4.7475483E-02  7.8486172E-02  1.2807015E-01  1.2188910E-01  5.1261089E-01  4.6648100E-01  7.8486172E-02  4.7475483E-02  3.1374473E-02  9.8963988E-01
 3.2189811E-02  4.7472761E-02  7.7232191E-02  1.2484714E-01  1.1885212E-01  5.0549542E-01  4.5954045E-01  7.7232191E-02  4.7472761E-02  3.2189811E-02  9.3488793E-01
 3.2793970E-02  4.7289589E-02  7.5821346E-02  1.2150054E-01  1.1569582E-01  4.9787754E-01  4.5215027E-01  7.5821346E-02  4.7289589E-02  3.2793970E-02  8.8195273E-01
 3.3202396E-02  4.6941219E-02  7.4270444E-02  1.1804990E-01  1.1243890E-01  4.8979009E-01  4.4434270E-01  7.4270444E-02  4.6941219E-02  3.3202396E-02  8.3095193E-01
 0.0000000E+00  2.5940111E-06  5.4659877E-02  1.4116729E-01  1.3212431E-01  5.4983838E-01  5.0673298E-01  5.4659877E-02  2.5940111E-06  0.0000000E+00  1.4419389E+00
 0.0000000E+00  4.3328671E-03  5.7260467E-02  1.4114162E-01  1.3215346E-01  5.5321647E-01  5.0933516E-01  5.7260467E-02  4.3328671E-03  0.0000000E+00  1.4456577E+00
 0.0000000E+00  8.3071440E-03  5.9556789E-02  1.4088126E-01  1.3196553E-01  5.5575982E-01  5.1117419E-01  5.9556789E-02  8.3071440E-03  0.0000000E+00  1.4426832E+00
 0.0000000E+00  1.1944110E-02  6.1565342E-02  1.4040020E-01  1.3157274E-01  5.5751505E-01  5.1229375E-01  6.1565342E-02  1.1944110E-02  0.0000000E+00  1.4337349E+00
 0.0000000E+00  1.5265276E-02  6.3304458E-02  1.3971273E-01  1.3098770E-01  5.5853102E-01  5.1273932E-01  6.3304458E-02  1.5265276E-02  0.0000000E+00  1.4195314E+00
 0.0000000E+00  1.8291203E-02  6.4791690E-02  1.3883258E-01  1.3022260E-01  5.5885356E-01  5.1255359E-01  6.4791690E-02  1.8291203E-02  0.0000000E+00  1.4007513E+00
 0.0000000E+00  2.1039511E-02  6.6042334E-02  1.3777218E-01  1.2928848E-01  5.5852205E-01  5.1177337E-01  6.6042334E-02  2.1039511E-02  0.0000000E+00  1.3779984E+00
 0.0000000E+00  2.3523750E-02  6.7068356E-02  1.3654157E-01  1.2819436E-01  5.5756594E-01  5.1042637E-01  6.7068356E-02  2.3523750E-02  0.0000000E+00  1.3517605E+00
 3.5988570E-03  2.6002200E-02  6.7987795E-02  1.3504127E-01  1.2685479E-01  5.5584198E-01  5.0834075E-01  6.7987795E-02  2.6002200E-02  3.5988570E-03  1.3108989E+00
 6.8643847E-03  2.8192735E-02  6.8649209E-02  1.3332260E-01  1.2530777E-01  5.5339979E-01  5.0559909E-01  6.8649209E-02  2.8192735E-02  6.8643847E-03  1.2679296E+00
 9.8093171E-03  3.0106857E-02  6.9064913E-02  1.3139959E-01  1.2356628E-01  5.5026368E-01  5.0222564E-01  6.9064913E-02  3.0106857E-02  9.8093171E-03  1.2232738E+00
 1.2448071E-02  3.1757523E-02  6.9248441E-02  1.2928715E-01  1.2164412E-01  5.4646090E-01  4.9824729E-01  6.9248441E-02  3.1757523E-02  1.2448071E-02  1.1773473E+00
 1.4796016E-02  3.3158565E-02  6.9214106E-02  1.2700083E-01  1.1955575E-01  5.4202095E-01  4.9369297E-01  6.9214106E-02  3.3158565E-02  1.4796016E-02  1.1305531E+00
 1.6868987E-02  3.4324272E-02  6.8976604E-02  1.2455647E-01  1.1731590E-01  5.3697473E-01  4.8859281E-01  6.8976604E-02  3.4324272E-02  1.6868987E-02  1.0832713E+00
 1.8682744E-02  3.5268935E-02  6.8550602E-02  1.2196978E-01  1.1493923E-01  5.3135359E-01  4.8297732E-01  6.8550602E-02  3.5268935E-02  1.8682744E-02  1.0358494E+00
 2.0252424E-02  3.6006385E-02  6.7950316E-02  1.1925604E-01  1.1244003E-01  5.2518844E-01  4.7687645E-01  6.7950316E-02  3.6006385E-02  2.0252424E-02  9.8859299E-01
 2.1591955E-02  3.6549518E-02  6.7189131E-02  1.1642981E-01  1.0983194E-01  5.1850909E-01  4.7031907E-01  6.7189131E-02  3.6549518E-02  2.1591955E-02  9.4175858E-01
 2.2720294E-02  3.6918194E-02  6.6290605E-02  1.1352090E-01  1.0714332E-01  5.1136815E-01  4.6335687E-01  6.6290605E-02  3.6918194E-02  2.2720294E-02  8.9215501E-01
 2.3646471E-02  3.7114533E-02  6.5247898E-02  1.1050871E-01  1.0435416E-01  5.0373476E-01  4.5595864E-01  6.5247898E-02  3.7114533E-02  2.3646471E-02  8.4157191E-01
 2.4378561E-02  3.7143915E-02  6.4063552E-02  1.0739160E-01  1.0146269E-01  4.9560922E-01  4.4812429E-01  6.4063552E-02  3.7143915E-02  2.4378561E-02  7.9264943E-01
 2.4929841E-02  3.7019547E-02  6.2752331E-02  1.0418711E-01  9.8485514E-02  4.8702414E-01  4.3988568E-01  6.2752331E-02  3.7019547E-02  2.4929841E-02  7.4550925E-01
 2.5313820E-02  3.6754757E-02  6.1328930E-02  1.0091244E-01  9.5438931E-02  4.7801341E-01  4.3127569E-01  6.1328930E-02  3.6754757E-02  2.5313820E-02  7.0024594E-01
 2.5544057E-02  3.6362839E-02  5.9807863E-02  9.7584347E-02  9.2338835E-02  4.6861228E-01  4.2232822E-01  5.9807863E-02  3.6362839E-02  2.5544057E-02  6.5692699E-01
 0.0000000E+00  2.1483979E-06  5.0245926E-02  1.3060184E-01  1.2062134E-01  5.6919101E-01  5.2234468E-01  5.0245926E-02  2.1483979E-06  0.0000000E+00  1.2697375E+00
 0.0000000E+00  3.5786286E-03  5.2054624E-02  1.2967237E-01  1.1985848E-01  5.7016493E-01  5.2262479E-01  5.2054624E-02  3.5786286E-03  0.0000000E+00  1.2651261E+00
 0.0000000E+00  6.8419127E-03  5.3611808E-02  1.2857820E-01  1.1894355E-01  5.7035931E-01  5.2220542E-01  5.3611808E-02  6.8419127E-03  0.0000000E+00  1.2551359E+00
 0.0000000E+00  9.8097461E-03  5.4932310E-02  1.2733057E-01  1.1788603E-01  5.6982223E-01  5.2113111E-01  5.4932310E-02  9.8097461E-03  0.0000000E+00  1.2404064E+00
 0.0000000E+00  1.2502192E-02  5.6032276E-02  1.2594048E-01  1.1669532E-01  5.6860255E-01  5.1944672E-01  5.6032276E-02  1.2502192E-02  0.0000000E+00  1.2215687E+00
 0.0000000E+00  1.4938390E-02  5.6927151E-02  1.2441849E-01  1.1538051E-01  5.6674601E-01  5.1719426E-01  5.6927151E-02  1.4938390E-02  0.0000000E+00  1.1992155E+00
 0.0000000E+00  1.7134816E-02  5.7630498E-02  1.2277440E-01  1.1395008E-01  5.6429237E-01  5.1441038E-01  5.7630498E-02  1.7134816E-02  0.0000000E+00  1.1738719E+00
 0.0000000E+00  1.9104211E-02  5.8153038E-02  1.2101632E-01  1.1241122E-01  5.6127176E-01  5.1112303E-01  5.8153038E-02  1.9104211E-02  0.0000000E+00  1.1459597E+00
 2.8939839E-03  2.1051770E-02  5.8561602E-02  1.1899274E-01  1.1063380E-01  5.5734116E-01  5.0697328E-01  5.8561602E-02  2.1051770E-02  2.8939839E-03  1.1057185E+00
 5.5029143E-03  2.2754456E-02  5.8762379E-02  1.1681409E-01  1.0870754E-01  5.5274989E-01  5.0223189E-01  5.8762379E-02  2.2754456E-02  5.5029143E-03  1.0641620E+00
 7.8391663E-03  2.4223479E-02  5.8767052E-02  1.1449333E-01  1.0664422E-01  5.4752616E-01  4.9692639E-01  5.8767052E-02  2.4223479E-02  7.8391663E-03  1.0216494E+00
 9.9164952E-03  2.5471234E-02  5.8588223E-02  1.1204391E-01  1.0445616E-01  5.4170067E-01  4.9108650E-01  5.8588223E-02  2.5471234E-02  9.9164952E-03  9.7853062E-01
 1.1749393E-02  2.6510784E-02  5.8239049E-02  1.0947966E-01  1.0215607E-01  5.3530615E-01  4.8474370E-01  5.8239049E-02  2.6510784E-02  1.1749393E-02  9.3514090E-01
 1.3352643E-02  2.7355479E-02  5.7732895E-02  1.0681450E-01  9.9756763E-02  5.2837639E-01  4.7793034E-01  5.7732895E-02  2.7355479E-02  1.3352643E-02  8.9179201E-01
 1.4740824E-02  2.8018539E-02  5.7082964E-02  1.0406208E-01  9.7270895E-02  5.2094540E-01  4.7067886E-01  5.7082964E-02  2.8018539E-02  1.4740824E-02  8.4876427E-01
 1.5927820E-02  2.8512635E-02  5.6301935E-02  1.0123556E-01  9.4710671E-02  5.1304649E-01  4.6302093E-01  5.6301935E-02  2.8512635E-02  1.5927820E-02  8.0629878E-01
 1.6926296E-02  2.8849464E-02  5.5401642E-02  9.8347377E-02  9.2087697E-02  5.0471172E-01  4.5498695E-01  5.5401642E-02  2.8849464E-02  1.6926296E-02  7.6459192E-01
 1.7752968E-02  2.9046385E-02  5.4402624E-02  9.5423585E-02  8.9426511E-02  4.9599873E-01  4.4663246E-01  5.4402624E-02  2.9046385E-02  1.7752968E-02  7.2108553E-01
 1.8416427E-02  2.9106126E-02  5.3298751E-02  9.2444234E-02  8.6708205E-02  4.8687024E-01  4.3792036E-01  5.3298751E-02  2.9106126E-02  1.8416427E-02  6.7720892E-01
 1.8924255E-02  2.9033954E-02  5.2092347E-02  8.9407208E-02  8.3930702E-02  4.7732566E-01  4.2884956E-01  5.2092347E-02  2.9033954E-02  1.8924255E-02  6.3505424E-01
 1.9288250E-02  2.8841524E-02  5.0796278E-02  8.6327626E-02  8.1108234E-02  4.6740052E-01  4.1945404E-01  5.0796278E-02  2.8841524E-02  1.9288250E-02  5.9469875E-01
 1.9520266E-02  2.8540458E-02  4.9423177E-02  8.3220046E-02  7.8254530E-02  4.5713117E-01  4.0976831E-01  4.9423177E-02  2.8540458E-02  1.9520266E-02  5.5619585E-01
 1.9632057E-02  2.8142205E-02  4.7985345E-02  8.0098431E-02  7.5382781E-02  4.4655483E-01  3.9982745E-01  4.7985345E-02  2.8142205E-02  1.9632057E-02  5.1957540E-01
 0.0000000E+00  1.7760739E-06  4.5595529E-02  1.1927892E-01  1.0869339E-01  5.8589044E-01  5.3519971E-01  4.5595529E-02  1.7760739E-06  0.0000000E+00  1.1122687E+00
 0.0000000E+00  2.9504164E-03  4.6775969E-02  1.1766051E-01  1.0736345E-01  5.8440857E-01  5.3313567E-01  4.6775969E-02  2.9504164E-03  0.0000000E+00  1.1021986E+00
 0.0000000E+00  5.6253149E-03  4.7752855E-02  1.1594213E-01  1.0593784E-01  5.8221649E-01  5.3045053E-01  4.7752855E-02  5.6253149E-03  0.0000000E+00  1.0877818E+00
 0.0000000E+00  8.0430279E-03  4.8539119E-02  1.1413191E-01  1.0442327E-01  5.7936304E-01  5.2718869E-01  4.8539119E-02  8.0430279E-03  0.0000000E+00  1.0695923E+00
 0.0000000E+00  1.0222008E-02  4.9148592E-02  1.1223728E-01  1.0282599E-01  5.7589628E-01  5.2339334E-01  4.9148592E-02  1.0222008E-02  0.0000000E+00  1.0481903E+00
 0.0000000E+00  1.2179838E-02  4.9594510E-02  1.1026543E-01  1.0115215E-01  5.7186116E-01  5.1910489E-01  4.9594510E-02  1.2179838E-02  0.0000000E+00  1.0240986E+00
 0.0000000E+00  1.3931703E-02  4.9888588E-02  1.0822328E-01  9.9407732E-02  5.6729714E-01  5.1435895E-01  4.9888588E-02  1.3931703E-02  0.0000000E+00  9.9777836E-01
 0.0000000E+00  1.5489409E-02  5.0040189E-02  1.0611684E-01  9.7598076E-02  5.6223456E-01  5.0918304E-01  5.0040189E-02  1.5489409E-02  0.0000000E+00  9.6959652E-01
 2.3231244E-03  1.7015707E-02  5.0078249E-02  1.0376012E-01  9.5565455E-02  5.5613574E-01  5.0303876E-01  5.0078249E-02  1.7015707E-02  2.3231244E-03  9.3104523E-01
 4.4037060E-03  1.8334783E-02  4.9952086E-02  1.0130392E-01  9.3433158E-02  5.4944485E-01  4.9637741E-01  4.9952086E-02  1.8334783E-02  4.4037060E-03  8.9176960E-01
 6.2534915E-03  1.9457300E-02  4.9672451E-02  9.8759626E-02  9.1211527E-02  5.4219367E-01  4.8922929E-01  4.9672451E-02  1.9457300E-02  6.2534915E-03  8.5207644E-01
 7.8853503E-03  2.0394872E-02  4.9250764E-02  9.6138842E-02  8.8911176E-02  5.3441602E-01  4.8162638E-01  4.9250764E-02  2.0394872E-02  7.8853503E-03  8.1226086E-01
 9.3127108E-03  2.1159616E-02  4.8698823E-02  9.3453341E-02  8.6542934E-02  5.2614740E-01  4.7360207E-01  4.8698823E-02  2.1159616E-02  9.3127108E-03  7.7260180E-01
 1.0549154E-02  2.1763801E-02  4.8028493E-02  9.0714808E-02  8.4117603E-02  5.1742405E-01  4.6519030E-01  4.8028493E-02  2.1763801E-02  1.0549154E-02  7.3335459E-01
 1.1607968E-02  2.2219469E-02  4.7251394E-02  8.7934615E-02  8.1645750E-02  5.0828214E-01  4.5642481E-01  4.7251394E-02  2.2219469E-02  1.1607968E-02  6.9474425E-01
 1.2501708E-02  2.2538061E-02  4.6378589E-02  8.5123601E-02  7.9137502E-02  4.9875685E-01  4.4733833E-01  4.6378589E-02  2.2538061E-02  1.2501708E-02  6.5695906E-01
 1.3241732E-02  2.2730045E-02  4.5420318E-02  8.2291969E-02  7.6602438E-02  4.8888197E-01  4.3796217E-01  4.5420318E-02  2.2730045E-02  1.3241732E-02  6.2014604E-01
 1.3842648E-02  2.2810464E-02  4.4394229E-02  7.9461951E-02  7.4061419E-02  4.7871973E-01  4.2835511E-01  4.4394229E-02  2.2810464E-02  1.3842648E-02  5.8225438E-01
 1.4312431E-02  2.2782337E-02  4.3294724E-02  7.6614259E-02  7.1496659E-02  4.6822587E-01  4.1847370E-01  4.3294724E-02  2.2782337E-02  1.4312431E-02  5.4442201E-01
 1.4658030E-02  2.2650629E-02  4.2123761E-02  7.3746192E-02  6.8905756E-02  4.5739846E-01  4.0831532E-01  4.2123761E-02  2.2650629E-02  1.4658030E-02  5.0830121E-01
 1.4889794E-02  2.2425502E-02  4.0892344E-02  7.0870371E-02  6.6300611E-02  4.4627546E-01  3.9791550E-01  4.0892344E-02  2.2425502E-02  1.4889794E-02  4.7393459E-01
 1.5018008E-02  2.2116975E-02  3.9611134E-02  6.7998739E-02  6.3692526E-02  4.3489509E-01  3.8730977E-01  3.9611134E-02  2.2116975E-02  1.5018008E-02  4.4134400E-01
 1.5052752E-02  2.1734805E-02  3.8290373E-02  6.5142535E-02  6.1092177E-02  4.2329597E-01  3.7653376E-01  3.8290373E-02  2.1734805E-02  1.5052752E-02  4.1053106E-01
 0.0000000E+00  1.4704639E-06  4.0890013E-02  1.0757737E-01  9.6868282E-02  5.9932334E-01  5.4469722E-01  4.0890013E-02  1.4704639E-06  0.0000000E+00  9.7261558E-01
 0.0000000E+00  2.4361452E-03  4.1592010E-02  1.0547916E-01  9.5169135E-02  5.9537176E-01  5.4031828E-01  4.1592010E-02  2.4361452E-03  0.0000000E+00  9.5912888E-01
 0.0000000E+00  4.6320509E-03  4.2131964E-02  1.0333727E-01  9.3420411E-02  5.9079408E-01  5.3541018E-01  4.2131964E-02  4.6320509E-03  0.0000000E+00  9.4209786E-01
 0.0000000E+00  6.6045106E-03  4.2520925E-02  1.0115669E-01  9.1626319E-02  5.8563910E-01  5.3001611E-01  4.2520925E-02  6.6045106E-03  0.0000000E+00  9.2204527E-01
 0.0000000E+00  8.3703970E-03  4.2770524E-02  9.8941362E-02  8.9790355E-02  5.7995322E-01  5.2417664E-01  4.2770524E-02  8.3703970E-03  0.0000000E+00  8.9947534E-01
 0.0000000E+00  9.9457667E-03  4.2891905E-02  9.6695204E-02  8.7916066E-02  5.7377974E-01  5.1792958E-01  4.2891905E-02  9.9457667E-03  0.0000000E+00  8.7485552E-01
 0.0000000E+00  1.1344524E-02  4.2895009E-02  9.4422349E-02  8.6007245E-02  5.6715711E-01  5.1130866E-01  4.2895009E-02  1.1344524E-02  0.0000000E+00  8.4859520E-01
 0.0000000E+00  1.2577519E-02  4.2787871E-02  9.2126709E-02  8.4067559E-02  5.6011525E-01  5.0434028E-01  4.2787871E-02  1.2577519E-02  0.0000000E+00  8.2101620E-01
 1.8672701E-03  1.3774038E-02  4.2572759E-02  8.9603245E-02  8.1925420E-02  5.5193051E-01  4.9631806E-01  4.2572759E-02  1.3774038E-02  1.8672701E-03  7.8471559E-01
 3.5285313E-03  1.4795505E-02  4.2229899E-02  8.7026656E-02  7.9723038E-02  5.4323371E-01  4.8786255E-01  4.2229899E-02  1.4795505E-02  3.5285313E-03  7.4812862E-01
 4.9947702E-03  1.5651906E-02  4.1768974E-02  8.4406530E-02  7.7469245E-02  5.3405971E-01  4.7900613E-01  4.1768974E-02  1.5651906E-02  4.9947702E-03  7.1151807E-01
 6.2778807E-03  1.6353986E-02  4.1200135E-02  8.1752446E-02  7.5172955E-02  5.2444483E-01  4.6978236E-01  4.1200135E-02  1.6353986E-02  6.2778807E-03  6.7513324E-01
 7.3901692E-03  1.6912855E-02  4.0533769E-02  7.9073994E-02  7.2843149E-02  5.1442672E-01  4.6022580E-01  4.0533769E-02  1.6912855E-02  7.3901692E-03  6.3920629E-01
 8.3439870E-03  1.7339672E-02  3.9780228E-02  7.6380573E-02  7.0488696E-02  5.0404340E-01  4.5037123E-01  3.9780228E-02  1.7339672E-02  8.3439870E-03  6.0394588E-01
 9.1513312E-03  1.7645300E-02  3.8949567E-02  7.3681237E-02  6.8118195E-02  4.9333246E-01  4.4025290E-01  3.8949567E-02  1.7645300E-02  9.1513312E-03  5.6953151E-01
 9.8234508E-03  1.7839975E-02  3.8051275E-02  7.0984538E-02  6.5739823E-02  4.8233025E-01  4.2990384E-01  3.8051275E-02  1.7839975E-02  9.8234508E-03  5.3610808E-01
 1.0370438E-02  1.7932970E-02  3.7094060E-02  6.8298485E-02  6.3361281E-02  4.7107153E-01  4.1935556E-01  3.7094060E-02  1.7932970E-02  1.0370438E-02  5.0378221E-01
 1.0804985E-02  1.7937262E-02  3.6092917E-02  6.5641627E-02  6.1000038E-02  4.5962224E-01  4.0866912E-01  3.6092917E-02  1.7937262E-02  1.0804985E-02  4.7090458E-01
 1.1134378E-02  1.7855943E-02  3.5042682E-02  6.2995456E-02  5.8639501E-02  4.4793089E-01  3.9779457E-01  3.5042682E-02  1.7855943E-02  1.1134378E-02  4.3837989E-01
 1.1364876E-02  1.7693574E-02  3.3944900E-02  6.0356706E-02  5.6276975E-02  4.3599369E-01  3.8672732E-01  3.3944900E-02  1.7693574E-02  1.1364876E-02  4.0751137E-01
 1.1505478E-02  1.7458939E-02  3.2808839E-02  5.7735600E-02  5.3922215E-02  4.2385028E-01  3.7550370E-01  3.2808839E-02  1.7458939E-02  1.1505478E-02  3.7831485E-01
 1.1565038E-02  1.7160610E-02  3.1643362E-02  5.5141621E-02  5.1584328E-02  4.1154000E-01  3.6415951E-01  3.1643362E-02  1.7160610E-02  1.1565038E-02  3.5078830E-01
 1.1552136E-02  1.6806844E-02  3.0456861E-02  5.2583512E-02  4.9271762E-02  3.9910202E-01  3.5273018E-01  3.0456861E-02  1.6806844E-02  1.1552136E-02  3.2491248E-01
 0.0000000E+00  1.2176321E-06  3.6198935E-02  9.5650132E-02  8.5340891E-02  6.0924619E-01  5.5060410E-01  3.6198935E-02  1.2176321E-06  0.0000000E+00  8.4905050E-01
 0.0000000E+00  2.0116838E-03  3.6544659E-02  9.3255979E-02  8.3429913E-02  6.0280347E-01  5.4394363E-01  3.6544659E-02  2.0116838E-03  0.0000000E+00  8.3348230E-01
 0.0000000E+00  3.8142017E-03  3.6763552E-02  9.0865083E-02  8.1505849E-02  5.9583586E-01  5.3685989E-01  3.6763552E-02  3.8142017E-03  0.0000000E+00  8.1501083E-01
 0.0000000E+00  5.4229072E-03  3.6864919E-02  8.8479420E-02  7.9570765E-02  5.8839103E-01  5.2939381E-01  3.6864919E-02  5.4229072E-03  0.0000000E+00  7.9411740E-01
 0.0000000E+00  6.8531945E-03  3.6858410E-02  8.6099784E-02  7.7625871E-02  5.8051266E-01  5.2158223E-01  3.6858410E-02  6.8531945E-03  0.0000000E+00  7.7126124E-01
 0.0000000E+00  8.1196887E-03  3.6753277E-02  8.3727109E-02  7.5672553E-02  5.7224137E-01  5.1345936E-01  3.6753277E-02  8.1196887E-03  0.0000000E+00  7.4686460E-01
 0.0000000E+00  9.2350743E-03  3.6557840E-02  8.1362959E-02  7.3712737E-02  5.6361362E-01  5.0505612E-01  3.6557840E-02  9.2350743E-03  0.0000000E+00  7.2129378E-01
 0.0000000E+00  1.0209273E-02  3.6278896E-02  7.9009290E-02  7.1748664E-02  5.5465815E-01  4.9639704E-01  3.6278896E-02  1.0209273E-02  0.0000000E+00  6.9483198E-01
 1.4995163E-03  1.1144912E-02  3.5900704E-02  7.6454620E-02  6.9605155E-02  5.4447398E-01  4.8661944E-01  3.5900704E-02  1.1144912E-02  1.4995163E-03  6.6104931E-01
 2.8245206E-03  1.1933089E-02  3.5424996E-02  7.3884173E-02  6.7432375E-02  5.3387051E-01  4.7650173E-01  3.5424996E-02  1.1933089E-02  2.8245206E-03  6.2731239E-01
 3.9851797E-03  1.2583052E-02  3.4860341E-02  7.1305667E-02  6.5237686E-02  5.2288491E-01  4.6607764E-01  3.4860341E-02  1.2583052E-02  3.9851797E-03  5.9384567E-01
 4.9923852E-03  1.3104649E-02  3.4215619E-02  6.8726642E-02  6.3028379E-02  5.1155527E-01  4.5538146E-01  3.4215619E-02  1.3104649E-02  4.9923852E-03  5.6085881E-01
 5.8573202E-03  1.3507980E-02  3.3499830E-02  6.6154527E-02  6.0811712E-02  4.9992051E-01  4.4444811E-01  3.3499830E-02  1.3507980E-02  5.8573202E-03  5.2854385E-01
 6.5911271E-03  1.3803106E-02  3.2721867E-02  6.3596505E-02  5.8594767E-02  4.8801956E-01  4.3331232E-01  3.2721867E-02  1.3803106E-02  6.5911271E-03  4.9706964E-01
 7.2045516E-03  1.3999747E-02  3.1890295E-02  6.1059414E-02  5.6384344E-02  4.7589053E-01  4.2200803E-01  3.1890295E-02  1.3999747E-02  7.2045516E-03  4.6657705E-01
 7.7075911E-03  1.4106984E-02  3.1013124E-02  5.8549648E-02  5.4186853E-02  4.6357003E-01  4.1056771E-01  3.1013124E-02  1.4106984E-02  7.7075911E-03  4.3717442E-01
 8.1091348E-03  1.4132960E-02  3.0097635E-02  5.6073167E-02  5.2008300E-02  4.5109288E-01  3.9902221E-01  3.0097635E-02  1.4132960E-02  8.1091348E-03  4.0893454E-01
 8.4201467E-03  1.4088807E-02  2.9156405E-02  5.3645058E-02  4.9863076E-02  4.3852757E-01  3.8743380E-01  2.9156405E-02  1.4088807E-02  8.4201467E-03  3.8052919E-01
 8.6471968E-03  1.3977550E-02  2.8184678E-02  5.1247782E-02  4.7735855E-02  4.2581519E-01  3.7574600E-01  2.8184678E-02  1.3977550E-02  8.6471968E-03  3.5267395E-01
 8.7958396E-03  1.3803291E-02  2.7183586E-02  4.8877610E-02  4.5623723E-02  4.1294952E-01  3.6395177E-01  2.7183586E-02  1.3803291E-02  8.7958396E-03  3.2639167E-01
 8.8738346E-03  1.3573559E-02  2.6160811E-02  4.6542534E-02  4.3534495E-02  3.9997098E-01  3.5208742E-01  2.6160811E-02  1.3573559E-02  8.8738346E-03  3.0167723E-01
 8.8887386E-03  1.3295628E-02  2.5123599E-02  4.4249806E-02  4.1475333E-02  3.8691908E-01  3.4018821E-01  2.5123599E-02  1.3295628E-02  8.8887386E-03  2.7851040E-01
 8.8477984E-03  1.2976423E-02  2.4078711E-02  4.2005941E-02  3.9452745E-02  3.7383261E-01  3.2828851E-01  2.4078711E-02  1.2976423E-02  8.8477984E-03  2.5685654E-01
 0.0000000E+00  1.0094397E-06  3.1644352E-02  8.3825201E-02  7.4393529E-02  6.1523501E-01  5.5263952E-01  3.1644352E-02  1.0094397E-06  0.0000000E+00  7.4106920E-01
 0.0000000E+00  1.6629178E-03  3.1736619E-02  8.1296705E-02  7.2395987E-02  6.0631835E-01  5.4377110E-01  3.1736619E-02  1.6629178E-03  0.0000000E+00  7.2430196E-01
 0.0000000E+00  3.1436936E-03  3.1730998E-02  7.8808090E-02  7.0412871E-02  5.9699553E-01  5.3459811E-01  3.1730998E-02  3.1436936E-03  0.0000000E+00  7.0515519E-01
 0.0000000E+00  4.4563815E-03  3.1635270E-02  7.6358728E-02  6.8444522E-02  5.8731181E-01  5.2515807E-01  3.1635270E-02  4.4563815E-03  0.0000000E+00  6.8407561E-01
 0.0000000E+00  5.6150369E-03  3.1457383E-02  7.3946724E-02  6.6490359E-02  5.7730681E-01  5.1548297E-01  3.1457383E-02  5.6150369E-03  0.0000000E+00  6.6148477E-01
 0.0000000E+00  6.6329835E-03  3.1204961E-02  7.1570492E-02  6.4550072E-02  5.6701720E-01  5.0560233E-01  3.1204961E-02  6.6329835E-03  0.0000000E+00  6.3776670E-01
 0.0000000E+00  7.5217815E-03  3.0884907E-02  6.9229398E-02  6.2624091E-02  5.5647632E-01  4.9554328E-01  3.0884907E-02  7.5217815E-03  0.0000000E+00  6.1325050E-01
 0.0000000E+00  8.2904739E-03  3.0502919E-02  6.6923708E-02  6.0713490E-02  5.4571075E-01  4.8532768E-01  3.0502919E-02  8.2904739E-03  0.0000000E+00  5.8818522E-01
 1.2039214E-03  9.0205340E-03  3.0032080E-02  6.4445579E-02  5.8647053E-02  5.3365408E-01  4.7395091E-01  3.0032080E-02  9.0205340E-03  1.2039214E-03  5.5698767E-01
 2.2602654E-03  9.6266126E-03  2.9488183E-02  6.1980066E-02  5.6574758E-02  5.2128282E-01  4.6233513E-01  2.9488183E-02  9.6266126E-03  2.2602654E-03  5.2609032E-01
 3.1783677E-03  1.0117208E-02  2.8878712E-02  5.9533086E-02  5.4502598E-02  5.0863556E-01  4.5051454E-01  2.8878712E-02  1.0117208E-02  3.1783677E-03  4.9568336E-01
 3.9681356E-03  1.0501282E-02  2.8211336E-02  5.7110257E-02  5.2436394E-02  4.9575109E-01  4.3852325E-01  2.8211336E-02  1.0501282E-02  3.9681356E-03  4.6594147E-01
 4.6396679E-03  1.0787954E-02  2.7493757E-02  5.4717014E-02  5.0381858E-02  4.8266858E-01  4.2639557E-01  2.7493757E-02  1.0787954E-02  4.6396679E-03  4.3702147E-01
 5.2029558E-03  1.0986239E-02  2.6733522E-02  5.2358517E-02  4.8344489E-02  4.6942674E-01  4.1416523E-01  2.6733522E-02  1.0986239E-02  5.2029558E-03  4.0905763E-01
 5.6675655E-03  1.1104782E-02  2.5937827E-02  5.0039604E-02  4.6329503E-02  4.5606313E-01  4.0186490E-01  2.5937827E-02  1.1104782E-02  5.6675655E-03  3.8215758E-01
 6.0423247E-03  1.1151580E-02  2.5113341E-02  4.7764744E-02  4.4341763E-02  4.4261352E-01  3.8952557E-01  2.5113341E-02  1.1151580E-02  6.0423247E-03  3.5639850E-01
 6.3350059E-03  1.1133733E-02  2.4266059E-02  4.5538085E-02  4.2385799E-02  4.2911176E-01  3.7717656E-01  2.4266059E-02  1.1133733E-02  6.3350059E-03  3.3182466E-01
 6.5550333E-03  1.1060741E-02  2.3406407E-02  4.3371584E-02  4.0473276E-02  4.1562746E-01  3.6488008E-01  2.3406407E-02  1.1060741E-02  6.5550333E-03  3.0736376E-01
 6.7082735E-03  1.0935477E-02  2.2530036E-02  4.1248870E-02  3.8590189E-02  4.0209424E-01  3.5257325E-01  2.2530036E-02  1.0935477E-02  6.7082735E-03  2.8357818E-01
 6.7995949E-03  1.0761564E-02  2.1637702E-02  3.9165900E-02  3.6733489E-02  3.8850296E-01  3.4024622E-01  2.1637702E-02  1.0761564E-02  6.7995949E-03  2.6126627E-01
 6.8356383E-03  1.0545410E-02  2.0735676E-02  3.7128692E-02  3.4909296E-02  3.7489372E-01  3.2793437E-01  2.0735676E-02  1.0545410E-02  6.8356383E-03  2.4040663E-01
 6.8228084E-03  1.0293138E-02  1.9829793E-02  3.5142552E-02  3.3123096E-02  3.6130518E-01  3.1567154E-01  1.9829793E-02  1.0293138E-02  6.8228084E-03  2.2096534E-01
 6.7671820E-03  1.0010516E-02  1.8925407E-02  3.3212089E-02  3.1379750E-02  3.4777469E-01  3.0349020E-01  1.8925407E-02  1.0010516E-02  6.7671820E-03  2.0289671E-01
 0.0000000E+00  8.3792526E-07  2.7315752E-02  7.2381018E-02  6.4195225E-02  6.1697649E-01  5.5066627E-01  2.7315752E-02  8.3792526E-07  0.0000000E+00  6.4723709E-01
 0.0000000E+00  1.3761935E-03  2.7237652E-02  6.9852066E-02  6.2206474E-02  6.0564399E-01  5.3969840E-01  2.7237652E-02  1.3761935E-03  0.0000000E+00  6.2983610E-01
 0.0000000E+00  2.5936526E-03  2.7084827E-02  6.7389393E-02  6.0251752E-02  5.9404114E-01  5.2855612E-01  2.7084827E-02  2.5936526E-03  0.0000000E+00  6.1049741E-01
 0.0000000E+00  3.6652741E-03  2.6863782E-02  6.4990264E-02  5.8330103E-02  5.8220921E-01  5.1727227E-01  2.6863782E-02  3.6652741E-03  0.0000000E+00  5.8963696E-01
 0.0000000E+00  4.6039174E-03  2.6581058E-02  6.2650675E-02  5.6439627E-02  5.7018227E-01  5.0587281E-01  2.6581058E-02  4.6039174E-03  0.0000000E+00  5.6764287E-01
 0.0000000E+00  5.4217360E-03  2.6242928E-02  6.0367059E-02  5.4578756E-02  5.5799158E-01  4.9438144E-01  2.6242928E-02  5.4217360E-03  0.0000000E+00  5.4486500E-01
 0.0000000E+00  6.1292658E-03  2.5855102E-02  5.8137040E-02  5.2746789E-02  5.4566606E-01  4.8282052E-01  2.5855102E-02  6.1292658E-03  0.0000000E+00  5.2159886E-01
 0.0000000E+00  6.7347308E-03  2.5422331E-02  5.5959516E-02  5.0943886E-02  5.3322908E-01  4.7120833E-01  2.5422331E-02  6.7347308E-03  0.0000000E+00  4.9806217E-01
 9.6621717E-04  7.3028088E-03  2.4911704E-02  5.3637869E-02  4.9008050E-02  5.1946344E-01  4.5841467E-01  2.4911704E-02  7.3028088E-03  9.6621717E-04  4.6940450E-01
 1.8078316E-03  7.7668456E-03  2.4347400E-02  5.1348934E-02  4.7083313E-02  5.0549838E-01  4.4548929E-01  2.4347400E-02  7.7668456E-03  1.8078316E-03  4.4124443E-01
 2.5333627E-03  8.1345987E-03  2.3735887E-02  4.9096992E-02  4.5174447E-02  4.9137270E-01  4.3246582E-01  2.3735887E-02  8.1345987E-03  2.5333627E-03  4.1374081E-01
 3.1517731E-03  8.4141762E-03  2.3083722E-02  4.6885958E-02  4.3285983E-02  4.7712472E-01  4.1937719E-01  2.3083722E-02  8.4141762E-03  3.1517731E-03  3.8703667E-01
 3.6721353E-03  8.6137672E-03  2.2397430E-02  4.4719518E-02  4.1422289E-02  4.6279262E-01  4.0625607E-01  2.2397430E-02  8.6137672E-03  3.6721353E-03  3.6125730E-01
 4.1033623E-03  8.7414077E-03  2.1683344E-02  4.2601082E-02  3.9587501E-02  4.4841364E-01  3.9313418E-01  2.1683344E-02  8.7414077E-03  4.1033623E-03  3.3650635E-01
 4.4539250E-03  8.8047374E-03  2.0947448E-02  4.0533776E-02  3.7785485E-02  4.3402361E-01  3.8004191E-01  2.0947448E-02  8.8047374E-03  4.4539250E-03  3.1286238E-01
 4.7315735E-03  8.8107612E-03  2.0195223E-02  3.8520437E-02  3.6019789E-02  4.1965626E-01  3.6700784E-01  2.0195223E-02  8.8107612E-03  4.7315735E-03  2.9037576E-01
 4.9430577E-03  8.7656196E-03  1.9431533E-02  3.6563686E-02  3.4293688E-02  4.0534337E-01  3.5405883E-01  1.9431533E-02  8.7656196E-03  4.9430577E-03  2.6906666E-01
 5.0964394E-03  8.6773844E-03  1.8664925E-02  3.4672736E-02  3.2616486E-02  3.9115408E-01  3.4125577E-01  1.8664925E-02  8.6773844E-03  5.0964394E-03  2.4806680E-01
 5.1969146E-03  8.5487216E-03  1.7891464E-02  3.2832567E-02  3.0975521E-02  3.7701469E-01  3.2852961E-01  1.7891464E-02  8.5487216E-03  5.1969146E-03  2.2781422E-01
 5.2487028E-03  8.3827845E-03  1.7111587E-02  3.1038997E-02  2.9367699E-02  3.6291261E-01  3.1586740E-01  1.7111587E-02  8.3827845E-03  5.2487028E-03  2.0892753E-01
 5.2574476E-03  8.1849832E-03  1.6330340E-02  2.9296357E-02  2.7797689E-02  3.4888657E-01  3.0330267E-01  1.6330340E-02  8.1849832E-03  5.2574476E-03  1.9137286E-01
 5.2285406E-03  7.9604389E-03  1.5552347E-02  2.7608324E-02  2.6269569E-02  3.3497325E-01  2.9086697E-01  1.5552347E-02  7.9604389E-03  5.2285406E-03  1.7510619E-01
 5.1670424E-03  7.7139174E-03  1.4781776E-02  2.5977946E-02  2.4786834E-02  3.2120753E-01  2.7859009E-01  1.4781776E-02  7.7139174E-03  5.1670424E-03  1.6007425E-01
 0.0000000E+00  6.9637547E-07  2.3282015E-02  6.1557699E-02  5.4850288E-02  6.1424836E-01  5.4464588E-01  2.3282015E-02  6.9637547E-07  0.0000000E+00  5.6593373E-01
 0.0000000E+00  1.1400618E-03  2.3098817E-02  5.9133199E-02  5.2939920E-02  6.0060548E-01  5.3172276E-01  2.3098817E-02  1.1400618E-03  0.0000000E+00  5.4825654E-01
 0.0000000E+00  2.1416619E-03  2.2858940E-02  5.6791856E-02  5.1076469E-02  5.8684339E-01  5.1876485E-01  2.2858940E-02  2.1416619E-03  0.0000000E+00  5.2902671E-01
 0.0000000E+00  3.0166675E-03  2.2567859E-02  5.4529372E-02  4.9258068E-02  5.7299769E-01  5.0579904E-01  2.2567859E-02  3.0166675E-03  0.0000000E+00  5.0863080E-01
 0.0000000E+00  3.7768689E-03  2.2230996E-02  5.2340247E-02  4.7481931E-02  5.5909525E-01  4.9284402E-01  2.2230996E-02  3.7768689E-03  0.0000000E+00  4.8742541E-01
 0.0000000E+00  4.4333691E-03  2.1853537E-02  5.0219505E-02  4.5745630E-02  5.4516038E-01  4.7991657E-01  2.1853537E-02  4.4333691E-03  0.0000000E+00  4.6572819E-01
 0.0000000E+00  4.9957712E-03  2.1440220E-02  4.8163505E-02  4.4047663E-02  5.3121617E-01  4.6703317E-01  2.1440220E-02  4.9957712E-03  0.0000000E+00  4.4380296E-01
 0.0000000E+00  5.4715392E-03  2.0994998E-02  4.6170134E-02  4.2387509E-02  5.1728166E-01  4.5420775E-01  2.0994998E-02  5.4715392E-03  0.0000000E+00  4.2183781E-01
 7.7489995E-04  5.9120045E-03  2.0482774E-02  4.4059263E-02  4.0615799E-02  5.0200639E-01  4.4020258E-01  2.0482774E-02  5.9120045E-03  7.7489995E-04  3.9561469E-01
 1.4447736E-03  6.2653474E-03  1.9931904E-02  4.1993879E-02  3.8866784E-02  4.8665481E-01  4.2617688E-01  1.9931904E-02  6.2653474E-03  1.4447736E-03  3.7004346E-01
 2.0173526E-03  6.5386072E-03  1.9347931E-02  3.9976861E-02  3.7144178E-02  4.7126466E-01  4.1216268E-01  1.9347931E-02  6.5386072E-03  2.0173526E-03  3.4525381E-01
 2.5007051E-03  6.7390809E-03  1.8736418E-02  3.8010691E-02  3.5451412E-02  4.5587245E-01  3.9819065E-01  1.8736418E-02  6.7390809E-03  2.5007051E-03  3.2135961E-01
 2.9029426E-03  6.8740847E-03  1.8102849E-02  3.6097601E-02  3.3791722E-02  4.4051406E-01  3.8429074E-01  1.8102849E-02  6.8740847E-03  2.9029426E-03  2.9845754E-01
 3.2319788E-03  6.9507437E-03  1.7452495E-02  3.4239565E-02  3.2168105E-02  4.2522399E-01  3.7049165E-01  1.7452495E-02  6.9507437E-03  3.2319788E-03  2.7662373E-01
 3.4952772E-03  6.9757752E-03  1.6790283E-02  3.2438316E-02  3.0583300E-02  4.1003502E-01  3.5682050E-01  1.6790283E-02  6.9757752E-03  3.4952772E-03  2.5591114E-01
 3.6996040E-03  6.9552758E-03  1.6120667E-02  3.0695377E-02  2.9039772E-02  3.9497772E-01  3.4330253E-01  1.6120667E-02  6.9552758E-03  3.6996040E-03  2.3634691E-01
 3.8507820E-03  6.8945186E-03  1.5447540E-02  2.9012147E-02  2.7539761E-02  3.8008065E-01  3.2996132E-01  1.5447540E-02  6.8945186E-03  3.8507820E-03  2.1793093E-01
 3.9556745E-03  6.8003284E-03  1.4777832E-02  2.7395512E-02  2.6090553E-02  3.6541088E-01  3.1685507E-01  1.4777832E-02  6.8003284E-03  3.9556745E-03  1.9995768E-01
 4.0188498E-03  6.6751337E-03  1.4108032E-02  2.5831942E-02  2.4680833E-02  3.5088769E-01  3.0390907E-01  1.4108032E-02  6.6751337E-03  4.0188498E-03  1.8276423E-01
 4.0439270E-03  6.5216402E-03  1.3438320E-02  2.4317282E-02  2.3307537E-02  3.3649466E-01  2.9110696E-01  1.3438320E-02  6.5216402E-03  4.0439270E-03  1.6682542E-01
 4.0356692E-03  6.3443832E-03  1.2772698E-02  2.2854481E-02  2.1974123E-02  3.2226803E-01  2.7847959E-01  1.2772698E-02  6.3443832E-03  4.0356692E-03  1.5209801E-01
 3.9985844E-03  6.1476127E-03  1.2114775E-02  2.1445909E-02  2.0683513E-02  3.0824150E-01  2.6605545E-01  1.2114775E-02  6.1476127E-03  3.9985844E-03  1.3853088E-01
 3.9368574E-03  5.9352361E-03  1.1467737E-02  2.0093380E-02  1.9438097E-02  2.9444648E-01  2.5386086E-01  1.1467737E-02  5.9352361E-03  3.9368574E-03  1.2606591E-01
 0.0000000E+00  5.7926323E-07  1.9591885E-02  5.1544637E-02  4.6413052E-02  6.0693985E-01  5.3463231E-01  1.9591885E-02  5.7926323E-07  0.0000000E+00  4.9555059E-01
 0.0000000E+00  9.4513262E-04  1.9353242E-02  4.9301353E-02  4.4628929E-02  5.9114245E-01  5.1993368E-01  1.9353242E-02  9.4513262E-04  0.0000000E+00  4.7782374E-01
 0.0000000E+00  1.7694044E-03  1.9071590E-02  4.7149702E-02  4.2899098E-02  5.7538941E-01  5.0534677E-01  1.9071590E-02  1.7694044E-03  0.0000000E+00  4.5888932E-01
 0.0000000E+00  2.4837572E-03  1.8751605E-02  4.5084380E-02  4.1221129E-02  5.5970889E-01  4.9089117E-01  1.8751605E-02  2.4837572E-03  0.0000000E+00  4.3910429E-01
 0.0000000E+00  3.0990189E-03  1.8397845E-02  4.3098980E-02  3.9591717E-02  5.4411891E-01  4.7657713E-01  1.8397845E-02  3.0990189E-03  0.0000000E+00  4.1879399E-01
 0.0000000E+00  3.6253426E-03  1.8014650E-02  4.1187672E-02  3.8007917E-02  5.2863528E-01  4.6241338E-01  1.8014650E-02  3.6253426E-03  0.0000000E+00  3.9824441E-01
 0.0000000E+00  4.0714787E-03  1.7605984E-02  3.9346022E-02  3.6467715E-02  5.1327389E-01  4.4840955E-01  1.7605984E-02  4.0714787E-03  0.0000000E+00  3.7768852E-01
 0.0000000E+00  4.4441848E-03  1.7175147E-02  3.7571249E-02  3.4970120E-02  4.9804830E-01  4.3457439E-01  1.7175147E-02  4.4441848E-03  0.0000000E+00  3.5728584E-01
 6.2078923E-04  4.7841780E-03  1.6687533E-02  3.5702953E-02  3.3380328E-02  4.8149490E-01  4.1958222E-01  1.6687533E-02  4.7841780E-03  6.2078923E-04  3.3336350E-01
 1.1532270E-03  5.0513982E-03  1.6172661E-02  3.3886755E-02  3.1820500E-02  4.6499305E-01  4.0468199E-01  1.6172661E-02  5.0513982E-03  1.1532270E-03  3.1021348E-01
 1.6042929E-03  5.2521970E-03  1.5635257E-02  3.2124398E-02  3.0293458E-02  4.4857807E-01  3.8990300E-01  1.5635257E-02  5.2521970E-03  1.6042929E-03  2.8793806E-01
 1.9812145E-03  5.3931065E-03  1.5080013E-02  3.0417223E-02  2.8801721E-02  4.3228333E-01  3.7527262E-01  1.5080013E-02  5.3931065E-03  1.9812145E-03  2.6662409E-01
 2.2912103E-03  5.4806297E-03  1.4511510E-02  2.8766324E-02  2.7347594E-02  4.1614107E-01  3.6081709E-01  1.4511510E-02  5.4806297E-03  2.2912103E-03  2.4634197E-01
 2.5412731E-03  5.5210517E-03  1.3934108E-02  2.7172560E-02  2.5933145E-02  4.0018178E-01  3.4656108E-01  1.3934108E-02  5.5210517E-03  2.5412731E-03  2.2714307E-01
 2.7379467E-03  5.5202461E-03  1.3351830E-02  2.5636602E-02  2.4560206E-02  3.8443399E-01  3.3252753E-01  1.3351830E-02  5.5202461E-03  2.7379467E-03  2.0905763E-01
 2.8871053E-03  5.4834866E-03  1.2768264E-02  2.4158970E-02  2.3230367E-02  3.6892395E-01  3.1873748E-01  1.2768264E-02  5.4834866E-03  2.8871053E-03  1.9209277E-01
 2.9937377E-03  5.4152673E-03  1.2186484E-02  2.2740141E-02  2.1945036E-02  3.5367600E-01  3.0521048E-01  1.2186484E-02  5.4152673E-03  2.9937377E-03  1.7623147E-01
 3.0636574E-03  5.3213278E-03  1.1612049E-02  2.1385092E-02  2.0709811E-02  3.3875360E-01  2.9200084E-01  1.1612049E-02  5.3213278E-03  3.0636574E-03  1.6089822E-01
 3.1008537E-03  5.2038473E-03  1.1041873E-02  2.0081867E-02  1.9514686E-02  3.2406948E-01  2.7902870E-01  1.1041873E-02  5.2038473E-03  3.1008537E-03  1.4634810E-01
 3.1083988E-03  5.0651153E-03  1.0475944E-02  1.8826487E-02  1.8356701E-02  3.0960314E-01  2.6627422E-01  1.0475944E-02  5.0651153E-03  3.1083988E-03  1.3294122E-01
 3.0902853E-03  4.9089052E-03  9.9173925E-03  1.7620816E-02  1.7238326E-02  2.9538732E-01  2.5376481E-01  9.9173925E-03  4.9089052E-03  3.0902853E-03  1.2062765E-01
 3.0502562E-03  4.7387164E-03  9.3689878E-03  1.6466217E-02  1.6161548E-02  2.8145182E-01  2.4152518E-01  9.3689878E-03  4.7387164E-03  3.0502562E-03  1.0935156E-01
 2.9917470E-03  4.5577259E-03  8.8331198E-03  1.5363584E-02  1.5127891E-02  2.6782378E-01  2.2957762E-01  8.8331198E-03  4.5577259E-03  2.9917470E-03  9.9052272E-02
 0.0000000E+00  4.8207930E-07  1.6274599E-02  4.2474177E-02  3.8897370E-02  5.9506310E-01  5.2076772E-01  1.6274599E-02  4.8207930E-07  0.0000000E+00  4.3458179E-01
 0.0000000E+00  7.8376594E-04  1.6016830E-02  4.0463086E-02  3.7269412E-02  5.7731634E-01  5.0450684E-01  1.6016830E-02  7.8376594E-04  0.0000000E+00  4.1695237E-01
 0.0000000E+00  1.4620145E-03  1.5726103E-02  3.8545066E-02  3.5698780E-02  5.5978608E-01  4.8850782E-01  1.5726103E-02  1.4620145E-03  0.0000000E+00  3.9843095E-01
 0.0000000E+00  2.0448443E-03  1.5406490E-02  3.6714321E-02  3.4182768E-02  5.4249132E-01  4.7278172E-01  1.5406490E-02  2.0448443E-03  0.0000000E+00  3.7934378E-01
 0.0000000E+00  2.5422051E-03  1.5061906E-02  3.4964083E-02  3.2717855E-02  5.2543966E-01  4.5732927E-01  1.5061906E-02  2.5422051E-03  0.0000000E+00  3.5998417E-01
 0.0000000E+00  2.9633817E-03  1.4696053E-02  3.3288174E-02  3.1300863E-02  5.0863696E-01  4.4215016E-01  1.4696053E-02  2.9633817E-03  0.0000000E+00  3.4060620E-01
 0.0000000E+00  3.3163392E-03  1.4312292E-02  3.1681793E-02  2.9929500E-02  4.9209061E-01  4.2724626E-01  1.4312292E-02  3.3163392E-03  0.0000000E+00  3.2141224E-01
 0.0000000E+00  3.6071763E-03  1.3913404E-02  3.0141816E-02  2.8602482E-02  4.7580769E-01  4.1262040E-01  1.3913404E-02  3.6071763E-03  0.0000000E+00  3.0253401E-01
 4.9655940E-04  3.8681616E-03  1.3467037E-02  2.8529099E-02  2.7200388E-02  4.5823358E-01  3.9687963E-01  1.3467037E-02  3.8681616E-03  4.9655940E-04  2.8076881E-01
 9.1897034E-04  4.0685422E-03  1.3001828E-02  2.6970151E-02  2.5832147E-02  4.4083997E-01  3.8134159E-01  1.3001828E-02  4.0685422E-03  9.1897034E-04  2.5986863E-01
 1.2734992E-03  4.2140152E-03  1.2521788E-02  2.5465849E-02  2.4499847E-02  4.2365843E-01  3.6603187E-01  1.2521788E-02  4.2140152E-03  1.2734992E-03  2.3991000E-01
 1.5665882E-03  4.3103961E-03  1.2030862E-02  2.4016687E-02  2.3205265E-02  4.0671793E-01  3.5097355E-01  1.2030862E-02  4.3103961E-03  1.5665882E-03  2.2095460E-01
 1.8046296E-03  4.3634342E-03  1.1532864E-02  2.2622927E-02  2.1949962E-02  3.9004580E-01  3.3618820E-01  1.1532864E-02  4.3634342E-03  1.8046296E-03  2.0304878E-01
 1.9937724E-03  4.3786430E-03  1.1031382E-02  2.1284628E-02  2.0735272E-02  3.7366735E-01  3.2169559E-01  1.1031382E-02  4.3786430E-03  1.9937724E-03  1.8622155E-01
 2.1397239E-03  4.3611295E-03  1.0529685E-02  2.0001702E-02  1.9562306E-02  3.5760576E-01  3.0751370E-01  1.0529685E-02  4.3611295E-03  2.1397239E-03  1.7048312E-01
 2.2475549E-03  4.3154260E-03  1.0030638E-02  1.8773964E-02  1.8431972E-02  3.4188200E-01  2.9365865E-01  1.0030638E-02  4.3154260E-03  2.2475549E-03  1.5582344E-01
 2.3215092E-03  4.2453319E-03  9.5366366E-03  1.7601242E-02  1.7345026E-02  3.2651532E-01  2.8014535E-01  9.5366366E-03  4.2453319E-03  2.3215092E-03  1.4221165E-01
 2.3664846E-03  4.1556465E-03  9.0520963E-03  1.6487008E-02  1.6305672E-02  3.1156412E-01  2.6702311E-01  9.0520963E-03  4.1556465E-03  2.3664846E-03  1.2917628E-01
 2.3859419E-03  4.0482993E-03  8.5743532E-03  1.5420901E-02  1.5305162E-02  2.9693530E-01  2.5420769E-01  8.5743532E-03  4.0482993E-03  2.3859419E-03  1.1690597E-01
 2.3824625E-03  3.9252009E-03  8.1032570E-03  1.4399240E-02  1.4340692E-02  2.8260414E-01  2.4167570E-01  8.1032570E-03  3.9252009E-03  2.3824625E-03  1.0566965E-01
 2.3593690E-03  3.7894657E-03  7.6412214E-03  1.3423076E-02  1.3413939E-02  2.6859907E-01  2.2945052E-01  7.6412214E-03  3.7894657E-03  2.3593690E-03  9.5412912E-02
 2.3197471E-03  3.6439513E-03  7.1903392E-03  1.2493041E-02  1.2526159E-02  2.5494523E-01  2.1755257E-01  7.1903392E-03  3.6439513E-03  2.3197471E-03  8.6077292E-02
 2.2663961E-03  3.4912176E-03  6.7523656E-03  1.1609377E-02  1.1678206E-02  2.4166482E-01  2.0599964E-01  6.7523656E-03  3.4912176E-03  2.2663961E-03  7.7601337E-02
 0.0000000E+00  4.0119122E-07  1.3342665E-02  3.4425686E-02  3.2286433E-02  5.7875806E-01  5.0328299E-01  1.3342665E-02  4.0119122E-07  0.0000000E+00  3.8168342E-01
 0.0000000E+00  6.4981721E-04  1.3090984E-02  3.2675100E-02  3.0830132E-02  5.5931280E-01  4.8570319E-01  1.3090984E-02  6.4981721E-04  0.0000000E+00  3.6425267E-01
 0.0000000E+00  1.2075565E-03  1.2813494E-02  3.1013443E-02  2.9430947E-02  5.4026015E-01  4.6853531E-01  1.2813494E-02  1.2075565E-03  0.0000000E+00  3.4622211E-01
 0.0000000E+00  1.6825343E-03  1.2513831E-02  2.9434888E-02  2.8086118E-02  5.2160836E-01  4.5178079E-01  1.2513831E-02  1.6825343E-03  0.0000000E+00  3.2788551E-01
 0.0000000E+00  2.0838875E-03  1.2195443E-02  2.7932774E-02  2.6792140E-02  5.0335319E-01  4.3542993E-01  1.2195443E-02  2.0838875E-03  0.0000000E+00  3.0950303E-01
 0.0000000E+00  2.4200975E-03  1.1861566E-02  2.6501012E-02  2.5545817E-02  4.8548937E-01  4.1947255E-01  1.1861566E-02  2.4200975E-03  0.0000000E+00  2.9129627E-01
 0.0000000E+00  2.6983997E-03  1.1515105E-02  2.5134809E-02  2.4344766E-02  4.6801465E-01  4.0390206E-01  1.1515105E-02  2.6983997E-03  0.0000000E+00  2.7343695E-01
 0.0000000E+00  2.9242768E-03  1.1158426E-02  2.3830978E-02  2.3187546E-02  4.5092875E-01  3.8871476E-01  1.1158426E-02  2.9242768E-03  0.0000000E+00  2.5602979E-01
 3.9639135E-04  3.1232697E-03  1.0762496E-02  2.2471784E-02  2.1970098E-02  4.3260973E-01  3.7247170E-01  1.0762496E-02  3.1232697E-03  3.9639135E-04  2.3627800E-01
 7.3072895E-04  3.2719706E-03  1.0353768E-02  2.1164296E-02  2.0787849E-02  4.1459735E-01  3.5653750E-01  1.0353768E-02  3.2719706E-03  7.3072895E-04  2.1746036E-01
 1.0086068E-03  3.3754580E-03  9.9356436E-03  1.9908781E-02  1.9642292E-02  3.9691826E-01  3.4093310E-01  9.9356436E-03  3.3754580E-03  1.0086068E-03  1.9962926E-01
 1.2357363E-03  3.4388789E-03  9.5114334E-03  1.8705163E-02  1.8534618E-02  3.7959584E-01  3.2567647E-01  9.5114334E-03  3.4388789E-03  1.2357363E-03  1.8282312E-01
 1.4177486E-03  3.4672870E-03  9.0843078E-03  1.7553153E-02  1.7465803E-02  3.6265144E-01  3.1078372E-01  9.0843078E-03  3.4672870E-03  1.4177486E-03  1.6706633E-01
 1.5600224E-03  3.4654913E-03  8.6572132E-03  1.6452293E-02  1.6436609E-02  3.4610417E-01  2.9626901E-01  8.6572132E-03  3.4654913E-03  1.5600224E-03  1.5236789E-01
 1.6675082E-03  3.4379046E-03  8.2327958E-03  1.5402011E-02  1.5447599E-02  3.2997099E-01  2.8214471E-01  8.2327958E-03  3.4379046E-03  1.6675082E-03  1.3872045E-01
 1.7445568E-03  3.3883957E-03  7.8133282E-03  1.4401680E-02  1.4499156E-02  3.1426677E-01  2.6842152E-01  7.8133282E-03  3.3883957E-03  1.7445568E-03  1.2609950E-01
 1.7947513E-03  3.3201493E-03  7.4006578E-03  1.3450720E-02  1.3591541E-02  2.9900504E-01  2.5510922E-01  7.4006578E-03  3.3201493E-03  1.7947513E-03  1.1446316E-01
 1.8221942E-03  3.2371529E-03  6.9982568E-03  1.2551453E-02  1.2727830E-02  2.8423792E-01  2.4225130E-01  6.9982568E-03  3.2371529E-03  1.8221942E-03  1.0342340E-01
 1.8298680E-03  3.1410945E-03  6.6038663E-03  1.1695093E-02  1.1900450E-02  2.6986737E-01  2.2975992E-01  6.6038663E-03  3.1410945E-03  1.8298680E-03  9.3115205E-02
 1.8199195E-03  3.0335457E-03  6.2172482E-03  1.0878341E-02  1.1106795E-02  2.5586452E-01  2.1760832E-01  6.2172482E-03  3.0335457E-03  1.8199195E-03  8.3735504E-02
 1.7950933E-03  2.9170551E-03  5.8402381E-03  1.0101672E-02  1.0347920E-02  2.4225281E-01  2.0581538E-01  5.8402381E-03  2.9170551E-03  1.7950933E-03  7.5227275E-02
 1.7579138E-03  2.7939358E-03  5.4743904E-03  9.3652221E-03  9.6245240E-03  2.2905220E-01  1.9439688E-01  5.4743904E-03  2.7939358E-03  1.7579138E-03  6.7531135E-02
 1.7106440E-03  2.6662303E-03  5.1209656E-03  8.6688110E-03  8.9369601E-03  2.1627951E-01  1.8336587E-01  5.1209656E-03  2.6662303E-03  1.7106440E-03  6.0586355E-02
 0.0000000E+00  3.3365677E-07  1.0793234E-02  2.7428101E-02  2.6537066E-02  5.5828342E-01  4.8248815E-01  1.0793234E-02  3.3365677E-07  0.0000000E+00  3.3566828E-01
 0.0000000E+00  5.3831460E-04  1.0563857E-02  2.5947285E-02  2.5256902E-02  5.3742916E-01  4.6385682E-01  1.0563857E-02  5.3831460E-04  0.0000000E+00  3.1851262E-01
 0.0000000E+00  9.9638301E-04  1.0313585E-02  2.4547136E-02  2.4031372E-02  5.1714251E-01  4.4578345E-01  1.0313585E-02  9.9638301E-04  0.0000000E+00  3.0102893E-01
 0.0000000E+00  1.3827838E-03  1.0045742E-02  2.3222181E-02  2.2857820E-02  4.9741965E-01  4.2825896E-01  1.0045742E-02  1.3827838E-03  0.0000000E+00  2.8347677E-01
 0.0000000E+00  1.7058904E-03  9.7634510E-03  2.1966253E-02  2.1732915E-02  4.7824346E-01  4.1126258E-01  9.7634510E-03  1.7058904E-03  0.0000000E+00  2.6608192E-01
 0.0000000E+00  1.9734321E-03  9.4696112E-03  2.0773706E-02  2.0653596E-02  4.5959652E-01  3.9477369E-01  9.4696112E-03  1.9734321E-03  0.0000000E+00  2.4903281E-01
 0.0000000E+00  2.1919608E-03  9.1667894E-03  1.9640062E-02  1.9617518E-02  4.4146614E-01  3.7877671E-01  9.1667894E-03  2.1919608E-03  0.0000000E+00  2.3247064E-01
 0.0000000E+00  2.3663823E-03  8.8570271E-03  1.8562301E-02  1.8623189E-02  4.2384398E-01  3.6326104E-01  8.8570271E-03  2.3663823E-03  0.0000000E+00  2.1647394E-01
 3.1562073E-04  2.5168780E-03  8.5151290E-03  1.7443203E-02  1.7581304E-02  4.0506529E-01  3.4676304E-01  8.5151290E-03  2.5168780E-03  3.1562073E-04  1.9859718E-01
 5.7948373E-04  2.6258147E-03  8.1646421E-03  1.6371139E-02  1.6574127E-02  3.8671279E-01  3.3067247E-01  8.1646421E-03  2.6258147E-03  5.7948373E-04  1.8170303E-01
 7.9655214E-04  2.6976892E-03  7.8084480E-03  1.5346005E-02  1.5602676E-02  3.6880714E-01  3.1500490E-01  7.8084480E-03  2.6976892E-03  7.9655214E-04  1.6582150E-01
 9.7186027E-04  2.7370282E-03  7.4493276E-03  1.4367394E-02  1.4667684E-02  3.5136519E-01  2.9977249E-01  7.4493276E-03  2.7370282E-03  9.7186027E-04  1.5096969E-01
 1.1103405E-03  2.7482459E-03  7.0899168E-03  1.3434712E-02  1.3769677E-02  3.3440148E-01  2.8498533E-01  7.0899168E-03  2.7482459E-03  1.1103405E-03  1.3715216E-01
 1.2166712E-03  2.7355105E-03  6.7326352E-03  1.2547225E-02  1.2908985E-02  3.1792813E-01  2.7065144E-01  6.7326352E-03  2.7355105E-03  1.2166712E-03  1.2436018E-01
 1.2951213E-03  2.7026100E-03  6.3796216E-03  1.1704108E-02  1.2085758E-02  3.0195521E-01  2.5677715E-01  6.3796216E-03  2.7026100E-03  1.2951213E-03  1.1257129E-01
 1.3493992E-03  2.6528223E-03  6.0326717E-03  1.0904512E-02  1.1299992E-02  2.8649096E-01  2.4336742E-01  6.0326717E-03  2.6528223E-03  1.3493992E-03  1.0174900E-01
 1.3825067E-03  2.5887926E-03  5.6931937E-03  1.0147645E-02  1.0551583E-02  2.7154276E-01  2.3042667E-01  5.6931937E-03  2.5887926E-03  1.3825067E-03  9.1843012E-02
 1.3978582E-03  2.5138107E-03  5.3638940E-03  9.4349963E-03  9.8427039E-03  2.5715555E-01  2.1799192E-01  5.3638940E-03  2.5138107E-03  1.3978582E-03  8.2532412E-02
 1.3980074E-03  2.4293364E-03  5.0428934E-03  8.7592754E-03  9.1668691E-03  2.4322738E-01  2.0597268E-01  5.0428934E-03  2.4293364E-03  1.3980074E-03  7.3909192E-02
 1.3847200E-03  2.3366431E-03  4.7299057E-03  8.1176163E-03  8.5216937E-03  2.2972545E-01  1.9433908E-01  4.7299057E-03  2.3366431E-03  1.3847200E-03  6.6113782E-02
 1.3602456E-03  2.2377975E-03  4.4263079E-03  7.5101210E-03  7.9077596E-03  2.1666779E-01  1.8310523E-01  4.4263079E-03  2.2377975E-03  1.3602456E-03  5.9088199E-02
 1.3266332E-03  2.1346537E-03  4.1332344E-03  6.9366185E-03  7.3253479E-03  2.0406887E-01  1.7228213E-01  4.1332344E-03  2.1346537E-03  1.3266332E-03  5.2773530E-02
 1.2856966E-03  2.0288246E-03  3.8515677E-03  6.3966873E-03  6.7744538E-03  1.9193996E-01  1.6187802E-01  3.8515677E-03  2.0288246E-03  1.2856966E-03  4.7110961E-02
 0.0000000E+00  2.7756220E-07  8.6290474E-03  2.1516843E-02  2.1627562E-02  5.3423451E-01  4.5898509E-01  8.6290474E-03  2.7756220E-07  0.0000000E+00  2.9584159E-01
 0.0000000E+00  4.4600425E-04  8.4308350E-03  2.0297365E-02  2.0518697E-02  5.1229889E-01  4.3959200E-01  8.4308350E-03  4.4600425E-04  0.0000000E+00  2.7902203E-01
 0.0000000E+00  8.2214175E-04  8.2149666E-03  1.9147682E-02  1.9460551E-02  4.9109812E-01  4.2089372E-01  8.2149666E-03  8.2214175E-04  0.0000000E+00  2.6212475E-01
 0.0000000E+00  1.1362913E-03  7.9845477E-03  1.8062970E-02  1.8450665E-02  4.7061547E-01  4.0287020E-01  7.9845477E-03  1.1362913E-03  0.0000000E+00  2.4537388E-01
 0.0000000E+00  1.3961065E-03  7.7424809E-03  1.7037836E-02  1.7485981E-02  4.5082035E-01  3.8548929E-01  7.7424809E-03  1.3961065E-03  0.0000000E+00  2.2896006E-01
 0.0000000E+00  1.6086122E-03  7.4914263E-03  1.6067341E-02  1.6563659E-02  4.3168268E-01  3.6871978E-01  7.4914263E-03  1.6086122E-03  0.0000000E+00  2.1303845E-01
 0.0000000E+00  1.7797216E-03  7.2337002E-03  1.5147545E-02  1.5681481E-02  4.1317890E-01  3.5253692E-01  7.2337002E-03  1.7797216E-03  0.0000000E+00  1.9772025E-01
 0.0000000E+00  1.9138040E-03  6.9710933E-03  1.4275766E-02  1.4837970E-02  3.9529233E-01  3.3692310E-01  6.9710933E-03  1.9138040E-03  0.0000000E+00  1.8305912E-01
 2.5102813E-04  2.0268044E-03  6.6823417E-03  1.3373491E-02  1.3957484E-02  3.7633998E-01  3.2041080E-01  6.6823417E-03  2.0268044E-03  2.5102813E-04  1.6691173E-01
 4.5898633E-04  2.1055716E-03  6.3878087E-03  1.2512053E-02  1.3109959E-02  3.5792228E-01  3.0439362E-01  6.3878087E-03  2.1055716E-03  4.5898633E-04  1.5177678E-01
 6.2825384E-04  2.1540633E-03  6.0899429E-03  1.1691173E-02  1.2296041E-02  3.4005318E-01  2.8888126E-01  6.0899429E-03  2.1540633E-03  6.2825384E-04  1.3766396E-01
 7.6324534E-04  2.1762377E-03  5.7910875E-03  1.0910312E-02  1.1516113E-02  3.2274242E-01  2.7387972E-01  5.7910875E-03  2.1762377E-03  7.6324534E-04  1.2457123E-01
 8.6825997E-04  2.1759293E-03  5.4934422E-03  1.0168772E-02  1.0770365E-02  3.0599714E-01  2.5939271E-01  5.4934422E-03  2.1759293E-03  8.6825997E-04  1.1248568E-01
 9.4734683E-04  2.1567305E-03  5.1990007E-03  9.4657316E-03  1.0058808E-02  2.8982209E-01  2.4542191E-01  5.1990007E-03  2.1567305E-03  9.4734683E-04  1.0138324E-01
 1.0041688E-03  2.1218747E-03  4.9094960E-03  8.8003026E-03  9.3812963E-03  2.7422010E-01  2.3196749E-01  4.9094960E-03  2.1218747E-03  1.0041688E-03  9.1228776E-02
 1.0418697E-03  2.0741214E-03  4.6263466E-03  8.1715765E-03  8.7375518E-03  2.5919260E-01  2.1902856E-01  4.6263466E-03  2.0741214E-03  1.0418697E-03  8.1976289E-02
 1.0629468E-03  2.0156493E-03  4.3506182E-03  7.5787030E-03  8.1272156E-03  2.4474070E-01  2.0660425E-01  4.3506182E-03  2.0156493E-03  1.0629468E-03  7.3569493E-02
 1.0702275E-03  1.9491568E-03  4.0844074E-03  7.0226021E-03  7.5517560E-03  2.3090164E-01  1.9472474E-01  4.0844074E-03  1.9491568E-03  1.0702275E-03  6.5741246E-02
 1.0658864E-03  1.8758941E-03  3.8261793E-03  6.4973524E-03  7.0056689E-03  2.1757071E-01  1.8329795E-01  3.8261793E-03  1.8758941E-03  1.0658864E-03  5.8549604E-02
 1.0513621E-03  1.7968783E-03  3.5756302E-03  6.0005354E-03  6.4868030E-03  2.0471161E-01  1.7229130E-01  3.5756302E-03  1.7968783E-03  1.0513621E-03  5.2091507E-02
 1.0284864E-03  1.7137720E-03  3.3337815E-03  5.5320365E-03  5.9953919E-03  1.9233685E-01  1.6171412E-01  3.3337815E-03  1.7137720E-03  1.0284864E-03  4.6309354E-02
 9.9891172E-04  1.6280493E-03  3.1014486E-03  5.0915255E-03  5.5314209E-03  1.8045537E-01  1.5157268E-01  3.1014486E-03  1.6280493E-03  9.9891172E-04  4.1145837E-02
 9.6408157E-04  1.5409714E-03  2.8792334E-03  4.6784753E-03  5.0946421E-03  1.6907296E-01  1.4187058E-01  2.8792334E-03  1.5409714E-03  9.6408157E-04  3.6544941E-02
 0.0000000E+00  2.3002196E-07  6.7883831E-03  1.6542571E-02  1.7398654E-02  5.0663851E-01  4.3279332E-01  6.7883831E-03  2.3002196E-07  0.0000000E+00  2.6063282E-01
 0.0000000E+00  3.6805455E-04  6.6254475E-03  1.5568751E-02  1.6454259E-02  4.8394994E-01  4.1292348E-01  6.6254475E-03  3.6805455E-04  0.0000000E+00  2.4421113E-01
 0.0000000E+00  6.7554678E-04  6.4469706E-03  1.4652345E-02  1.5555756E-02  4.6215367E-01  3.9387481E-01  6.4469706E-03  6.7554678E-04  0.0000000E+00  2.2794488E-01
 0.0000000E+00  9.2967298E-04  6.2558995E-03  1.3789393E-02  1.4700940E-02  4.4121936E-01  3.7561592E-01  6.2558995E-03  9.2967298E-04  0.0000000E+00  2.1202124E-01
 0.0000000E+00  1.1373903E-03  6.0549775E-03  1.2975477E-02  1.3887070E-02  4.2110252E-01  3.5810322E-01  6.0549775E-03  1.1373903E-03  0.0000000E+00  1.9659480E-01
 0.0000000E+00  1.3050469E-03  5.8466911E-03  1.2206545E-02  1.3111583E-02  4.0176011E-01  3.4129481E-01  5.8466911E-03  1.3050469E-03  0.0000000E+00  1.8178707E-01
 0.0000000E+00  1.4379464E-03  5.6331646E-03  1.1479351E-02  1.2372437E-02  3.8315743E-01  3.2515676E-01  5.6331646E-03  1.4379464E-03  0.0000000E+00  1.6767953E-01
 0.0000000E+00  1.5399510E-03  5.4159885E-03  1.0791670E-02  1.1668219E-02  3.6526930E-01  3.0966441E-01  5.4159885E-03  1.5399510E-03  0.0000000E+00  1.5430212E-01
 1.9849754E-04  1.6235983E-03  5.1777216E-03  1.0081721E-02  1.0935891E-02  3.4641813E-01  2.9336612E-01  5.1777216E-03  1.6235983E-03  1.9849754E-04  1.3977696E-01
 3.6137724E-04  1.6792545E-03  4.9355049E-03  9.4056542E-03  1.0233909E-02  3.2819786E-01  2.7763915E-01  4.9355049E-03  1.6792545E-03  3.6137724E-04  1.2627774E-01
 4.9247126E-04  1.7103717E-03  4.6914198E-03  8.7631668E-03  9.5626241E-03  3.1061516E-01  2.6248700E-01  4.6914198E-03  1.7103717E-03  4.9247126E-04  1.1379570E-01
 5.9561990E-04  1.7203812E-03  4.4474434E-03  8.1537352E-03  8.9221527E-03  2.9367216E-01  2.4790919E-01  4.4474434E-03  1.7203812E-03  5.9561990E-04  1.0231165E-01
 6.7454054E-04  1.7125846E-03  4.2054137E-03  7.5767004E-03  8.3124374E-03  2.7736827E-01  2.3390290E-01  4.2054137E-03  1.7125846E-03  6.7454054E-04  9.1797253E-02
 7.3270979E-04  1.6900514E-03  3.9669762E-03  7.0312980E-03  7.7332612E-03  2.6170059E-01  2.2046337E-01  3.9669762E-03  1.6900514E-03  7.3270979E-04  8.2215224E-02
 7.7324453E-04  1.6555160E-03  3.7335357E-03  6.5167014E-03  7.1842714E-03  2.4666460E-01  2.0758456E-01  3.7335357E-03  1.6555160E-03  7.7324453E-04  7.3519932E-02
 7.9878634E-04  1.6112781E-03  3.5062100E-03  6.0320638E-03  6.6650048E-03  2.3225481E-01  1.9525983E-01  3.5062100E-03  1.6112781E-03  7.9878634E-04  6.5657999E-02
 8.1139051E-04  1.5591101E-03  3.2857965E-03  5.5765805E-03  6.1749348E-03  2.1846613E-01  1.8348308E-01  3.2857965E-03  1.5591101E-03  8.1139051E-04  5.8569264E-02
 8.1337712E-04  1.5012025E-03  3.0739033E-03  5.1507987E-03  5.7149835E-03  2.0532774E-01  1.7227753E-01  3.0739033E-03  1.5012025E-03  8.1337712E-04  5.2030655E-02
 8.0658220E-04  1.4386128E-03  2.8693055E-03  4.7500342E-03  5.2805382E-03  1.9273340E-01  1.6155053E-01  2.8693055E-03  1.4386128E-03  8.0658220E-04  4.6073289E-02
 7.9216158E-04  1.3721374E-03  2.6717035E-03  4.3723077E-03  4.8696904E-03  1.8064382E-01  1.5126724E-01  2.6717035E-03  1.3721374E-03  7.9216158E-04  4.0760470E-02
 7.7159128E-04  1.3030971E-03  2.4818428E-03  4.0174006E-03  4.4824243E-03  1.6906597E-01  1.4143229E-01  2.4818428E-03  1.3030971E-03  7.7159128E-04  3.6036106E-02
 7.4618915E-04  1.2326479E-03  2.3002966E-03  3.6849255E-03  4.1185244E-03  1.5800337E-01  1.3204740E-01  2.3002966E-03  1.2326479E-03  7.4618915E-04  3.1845411E-02
 7.1709084E-04  1.1617615E-03  2.1274593E-03  3.3743418E-03  3.7775891E-03  1.4745653E-01  1.2311171E-01  2.1274593E-03  1.1617615E-03  7.1709084E-04  2.8135889E-02
 0.0000000E+00  1.9003312E-07  5.2617878E-03  1.2489465E-02  1.3818904E-02  4.7621944E-01  4.0458745E-01  5.2617878E-03  1.9003312E-07  0.0000000E+00  2.2967549E-01
 0.0000000E+00  3.0274770E-04  5.1341577E-03  1.1734679E-02  1.3027826E-02  4.5312681E-01  3.8453418E-01  5.1341577E-03  3.0274770E-04  0.0000000E+00  2.1370920E-01
 0.0000000E+00  5.5322192E-04  4.9923485E-03  1.1024682E-02  1.2277324E-02  4.3106787E-01  3.6541337E-01  4.9923485E-03  5.5322192E-04  0.0000000E+00  1.9811128E-01
 0.0000000E+00  7.5795532E-04  4.8391819E-03  1.0356491E-02  1.1565460E-02  4.0999857E-01  3.4718242E-01  4.8391819E-03  7.5795532E-04  0.0000000E+00  1.8303129E-01
 0.0000000E+00  9.2323357E-04  4.6772795E-03  9.7267545E-03  1.0889836E-02  3.8986070E-01  3.2978661E-01  4.6772795E-03  9.2323357E-04  0.0000000E+00  1.6858757E-01
 0.0000000E+00  1.0547582E-03  4.5089931E-03  9.1323879E-03  1.0248187E-02  3.7059849E-01  3.1317372E-01  4.5089931E-03  1.0547582E-03  0.0000000E+00  1.5486832E-01
 0.0000000E+00  1.1572557E-03  4.3362947E-03  8.5709104E-03  9.6386740E-03  3.5216633E-01  2.9730095E-01  4.3362947E-03  1.1572557E-03  0.0000000E+00  1.4192630E-01
 0.0000000E+00  1.2341141E-03  4.1606121E-03  8.0406091E-03  9.0599851E-03  3.3453073E-01  2.8213693E-01  4.1606121E-03  1.2341141E-03  0.0000000E+00  1.2976932E-01
 1.5624699E-04  1.2951587E-03  3.9680080E-03  7.4940186E-03  8.4604211E-03  3.1604220E-01  2.6626426E-01  3.9680080E-03  1.2951587E-03  1.5624699E-04  1.1675125E-01
 2.8319691E-04  1.3334663E-03  3.7725843E-03  6.9743785E-03  7.8880219E-03  2.9826506E-01  2.5102516E-01  3.7725843E-03  1.3334663E-03  2.8319691E-04  1.0475757E-01
 3.8417695E-04  1.3520225E-03  3.5761136E-03  6.4814611E-03  7.3429210E-03  2.8119851E-01  2.3641682E-01  3.5761136E-03  1.3520225E-03  3.8417695E-04  9.3763249E-02
 4.6250249E-04  1.3537768E-03  3.3802689E-03  6.0148577E-03  6.8250428E-03  2.6483697E-01  2.2243235E-01  3.3802689E-03  1.3537768E-03  4.6250249E-04  8.3734188E-02
 5.2136402E-04  1.3415493E-03  3.1865914E-03  5.5740419E-03  6.3341591E-03  2.4917217E-01  2.0906250E-01  3.1865914E-03  1.3415493E-03  5.2136402E-04  7.4628876E-02
 5.6372450E-04  1.3179407E-03  2.9964440E-03  5.1583925E-03  5.8699037E-03  2.3419364E-01  1.9629622E-01  2.9964440E-03  1.3179407E-03  5.6372450E-04  6.6399090E-02
 5.9221621E-04  1.2852439E-03  2.8109698E-03  4.7672256E-03  5.4317959E-03  2.1988969E-01  1.8412155E-01  2.8109698E-03  1.2852439E-03  5.9221621E-04  5.8990879E-02
 6.0904061E-04  1.2453575E-03  2.6310507E-03  4.3998272E-03  5.0192650E-03  2.0624823E-01  1.7252639E-01  2.6310507E-03  1.2453575E-03  6.0904061E-04  5.2345579E-02
 6.1587256E-04  1.1997059E-03  2.4572783E-03  4.0554996E-03  4.6316918E-03  1.9325828E-01  1.6149979E-01  2.4572783E-03  1.1997059E-03  6.1587256E-04  4.6401099E-02
 6.1460039E-04  1.1500508E-03  2.2908773E-03  3.7345655E-03  4.2695923E-03  1.8094098E-01  1.5105809E-01  2.2908773E-03  1.1500508E-03  6.1460039E-04  4.0970355E-02
 6.0676250E-04  1.0972767E-03  2.1308926E-03  3.4334122E-03  3.9291510E-03  1.6918988E-01  1.4110917E-01  2.1308926E-03  1.0972767E-03  6.0676250E-04  3.6063619E-02
 5.9327543E-04  1.0419946E-03  1.9770432E-03  3.1504640E-03  3.6087046E-03  1.5796336E-01  1.3161652E-01  1.9770432E-03  1.0419946E-03  5.9327543E-04  3.1718884E-02
 5.7531723E-04  9.8524126E-04  1.8298658E-03  2.8854741E-03  3.3080731E-03  1.4726310E-01  1.2258033E-01  1.8298658E-03  9.8524126E-04  5.7531723E-04  2.7882471E-02
 5.5392871E-04  9.2791202E-04  1.6897546E-03  2.6380643E-03  3.0269197E-03  1.3708754E-01  1.1399809E-01  1.6897546E-03  9.2791202E-04  5.5392871E-04  2.4502825E-02
 5.2999389E-04  8.7074427E-04  1.5569561E-03  2.4077365E-03  2.7647637E-03  1.2743236E-01  1.0586497E-01  1.5569561E-03  8.7074427E-04  5.2999389E-04  2.1531448E-02
 0.0000000E+00  1.5633008E-07  4.0148306E-03  9.2631192E-03  1.0810565E-02  4.4353654E-01  3.7485126E-01  4.0148306E-03  1.5633008E-07  0.0000000E+00  2.0232979E-01
 0.0000000E+00  2.4794405E-04  3.9199728E-03  8.6955383E-03  1.0160468E-02  4.2038733E-01  3.5490029E-01  3.9199728E-03  2.4794405E-04  0.0000000E+00  1.8687659E-01
 0.0000000E+00  4.5101694E-04  3.8118633E-03  8.1608707E-03  9.5453515E-03  3.9839314E-01  3.3597533E-01  3.8118633E-03  4.5101694E-04  0.0000000E+00  1.7198353E-01
 0.0000000E+00  6.1510411E-04  3.6932097E-03  7.6571210E-03  8.9635585E-03  3.7749657E-01  3.1802301E-01  3.6932097E-03  6.1510411E-04  0.0000000E+00  1.5776242E-01
 0.0000000E+00  7.4584236E-04  3.5665255E-03  7.1819969E-03  8.4130380E-03  3.5762630E-01  3.0097811E-01  3.5665255E-03  7.4584236E-04  0.0000000E+00  1.4429571E-01
 0.0000000E+00  8.4831466E-04  3.4340454E-03  6.7333725E-03  7.8918391E-03  3.3871454E-01  2.8477882E-01  3.4340454E-03  8.4831466E-04  0.0000000E+00  1.3163910E-01
 0.0000000E+00  9.2670049E-04  3.2976107E-03  6.3095274E-03  7.3983498E-03  3.2070534E-01  2.6937407E-01  3.2976107E-03  9.2670049E-04  0.0000000E+00  1.1981793E-01
 0.0000000E+00  9.8394690E-04  3.1585115E-03  5.9092567E-03  6.9313843E-03  3.0355743E-01  2.5472623E-01  3.1585115E-03  9.8394690E-04  0.0000000E+00  1.0881977E-01
 1.2231079E-04  1.0277209E-03  3.0058977E-03  5.4969342E-03  6.4493157E-03  2.8567024E-01  2.3946878E-01  3.0058977E-03  1.0277209E-03  1.2231079E-04  9.7201613E-02
 2.2067598E-04  1.0531672E-03  2.8511298E-03  5.1051976E-03  5.9908755E-03  2.6855745E-01  2.2489211E-01  2.8511298E-03  1.0531672E-03  2.2067598E-04  8.6592773E-02
 2.9795939E-04  1.0628440E-03  2.6957195E-03  4.7339488E-03  5.5560448E-03  2.5221082E-01  2.1098729E-01  2.6957195E-03  1.0628440E-03  2.9795939E-04  7.6954171E-02
 3.5699918E-04  1.0592633E-03  2.5410849E-03  4.3829409E-03  5.1446250E-03  2.3661734E-01  1.9774122E-01  2.5410849E-03  1.0592633E-03  3.5699918E-04  6.8239104E-02
 4.0051103E-04  1.0448119E-03  2.3885221E-03  4.0518231E-03  4.7562868E-03  2.2176131E-01  1.8513856E-01  2.3885221E-03  1.0448119E-03  4.0051103E-04  6.0395173E-02
 4.3099933E-04  1.0216733E-03  2.2391641E-03  3.7401557E-03  4.3905840E-03  2.0762512E-01  1.7316241E-01  2.2391641E-03  1.0216733E-03  4.3099933E-04  5.3365410E-02
 4.5066843E-04  9.9175197E-04  2.0939441E-03  3.4474313E-03  4.0469761E-03  1.9419037E-01  1.6179530E-01  2.0939441E-03  9.9175197E-04  4.5066843E-04  4.7089637E-02
 4.6133656E-04  9.5659898E-04  1.9535596E-03  3.1730969E-03  3.7248510E-03  1.8143888E-01  1.5102017E-01  1.9535596E-03  9.5659898E-04  4.6133656E-04  4.1505824E-02
 4.6435367E-04  9.1734391E-04  1.8184457E-03  2.9165871E-03  3.4235607E-03  1.6935433E-01  1.4082171E-01  1.8184457E-03  9.1734391E-04  4.6435367E-04  3.6551663E-02
 4.6124277E-04  8.7538847E-04  1.6895287E-03  2.6780987E-03  3.1433347E-03  1.5795014E-01  1.3120977E-01  1.6895287E-03  8.7538847E-04  4.6124277E-04  3.2069690E-02
 4.5328229E-04  8.3146392E-04  1.5660831E-03  2.4549150E-03  2.8810675E-03  1.4712094E-01  1.2209376E-01  1.5660831E-03  8.3146392E-04  4.5328229E-04  2.8054379E-02
 4.4118856E-04  7.8602782E-04  1.4478544E-03  2.2458118E-03  2.6353393E-03  1.3682354E-01  1.1343615E-01  1.4478544E-03  7.8602782E-04  4.4118856E-04  2.4525096E-02
 4.2589200E-04  7.3988356E-04  1.3352238E-03  2.0505576E-03  2.4058767E-03  1.2705477E-01  1.0523312E-01  1.3352238E-03  7.3988356E-04  4.2589200E-04  2.1431292E-02
 4.0820582E-04  6.9371436E-04  1.2284557E-03  1.8688181E-03  2.1922864E-03  1.1780847E-01  9.7478385E-02  1.2284557E-03  6.9371436E-04  4.0820582E-04  1.8725150E-02
 3.8881013E-04  6.4807055E-04  1.1276940E-03  1.7001647E-03  1.9940662E-03  1.0907609E-01  9.0163644E-02  1.1276940E-03  6.4807055E-04  3.8881013E-04  1.6362491E-02
 0.0000000E+00  1.2787972E-07  3.0116917E-03  6.7553023E-03  8.3027725E-03  4.0915658E-01  3.4405374E-01  3.0116917E-03  1.2787972E-07  0.0000000E+00  1.7805111E-01
 0.0000000E+00  2.0189655E-04  2.9455330E-03  6.3409915E-03  7.7809683E-03  3.8628741E-01  3.2447699E-01  2.9455330E-03  2.0189655E-04  0.0000000E+00  1.6316946E-01
 0.0000000E+00  3.6554295E-04  2.8668513E-03  5.9492304E-03  7.2883704E-03  3.6467130E-01  3.0599999E-01  2.8668513E-03  3.6554295E-04  0.0000000E+00  1.4901759E-01
 0.0000000E+00  4.9619365E-04  2.7782337E-03  5.5789347E-03  6.8236181E-03  3.4423830E-01  2.8855936E-01  2.7782337E-03  4.9619365E-04  0.0000000E+00  1.3567003E-01
 0.0000000E+00  5.9885849E-04  2.6820820E-03  5.2287737E-03  6.3850210E-03  3.2490510E-01  2.7208039E-01  2.6820820E-03  5.9885849E-04  0.0000000E+00  1.2317418E-01
 0.0000000E+00  6.7802886E-04  2.5805152E-03  4.8974882E-03  5.9709578E-03  3.0659294E-01  2.5649259E-01  2.5805152E-03  6.7802886E-04  0.0000000E+00  1.1155448E-01
 0.0000000E+00  7.3736732E-04  2.4752519E-03  4.5840449E-03  5.5800674E-03  2.8923652E-01  2.4173750E-01  2.4752519E-03  7.3736732E-04  0.0000000E+00  1.0081054E-01
 0.0000000E+00  7.7941210E-04  2.3674596E-03  4.2876947E-03  5.2113213E-03  2.7278756E-01  2.2777194E-01  2.3674596E-03  7.7941210E-04  0.0000000E+00  9.0911729E-02
 9.5097745E-05  8.1011365E-04  2.2489182E-03  3.9822751E-03  4.8319298E-03  2.5571305E-01  2.1329484E-01  2.2489182E-03  8.1011365E-04  9.5097745E-05  8.0593969E-02
 1.7077105E-04  8.2617539E-04  2.1286009E-03  3.6920048E-03  4.4724290E-03  2.3945737E-01  1.9953016E-01  2.1286009E-03  8.2617539E-04  1.7077105E-04  7.1258320E-02
 2.2946105E-04  8.2976592E-04  2.0077953E-03  3.4169238E-03  4.1327123E-03  2.2400529E-01  1.8646318E-01  2.0077953E-03  8.2976592E-04  2.2946105E-04  6.2853983E-02
 2.7357448E-04  8.2300305E-04  1.8877045E-03  3.1569498E-03  3.8125230E-03  2.0933680E-01  1.7407509E-01  1.8877045E-03  8.2300305E-04  2.7357448E-04  5.5323945E-02
 3.0540125E-04  8.0788590E-04  1.7694196E-03  2.9119073E-03  3.5114947E-03  1.9542937E-01  1.6234498E-01  1.7694196E-03  8.0788590E-04  3.0540125E-04  4.8607165E-02
 3.2703851E-04  7.8622896E-04  1.6538844E-03  2.6815347E-03  3.2291646E-03  1.8225890E-01  1.5125067E-01  1.6538844E-03  7.8622896E-04  3.2703851E-04  4.2640069E-02
 3.4031478E-04  7.5959704E-04  1.5418628E-03  2.4654964E-03  2.9649927E-03  1.6980097E-01  1.4076981E-01  1.5418628E-03  7.5959704E-04  3.4031478E-04  3.7358214E-02
 3.4671664E-04  7.2924262E-04  1.4339074E-03  2.2633959E-03  2.7183824E-03  1.5803203E-01  1.3088101E-01  1.4339074E-03  7.2924262E-04  3.4671664E-04  3.2697953E-02
 3.4731887E-04  6.9604771E-04  1.3303356E-03  2.0747962E-03  2.4887100E-03  1.4693113E-01  1.2156524E-01  1.3303356E-03  6.9604771E-04  3.4731887E-04  2.8598243E-02
 3.4333727E-04  6.6111418E-04  1.2318430E-03  1.8998263E-03  2.2760200E-03  1.3650452E-01  1.1282634E-01  1.2318430E-03  6.6111418E-04  3.4333727E-04  2.4926221E-02
 3.3582448E-04  6.2503903E-04  1.1378938E-03  1.7364916E-03  2.0778365E-03  1.2664920E-01  1.0457632E-01  1.1378938E-03  6.2503903E-04  3.3582448E-04  2.1664732E-02
 3.2533130E-04  5.8815523E-04  1.0482649E-03  1.5838586E-03  1.8929784E-03  1.1732121E-01  9.6777272E-02  1.0482649E-03  5.8815523E-04  3.2533130E-04  1.8819852E-02
 3.1258398E-04  5.5107579E-04  9.6322245E-04  1.4417296E-03  1.7211357E-03  1.0851307E-01  8.9421855E-02  9.6322245E-04  5.5107579E-04  3.1258398E-04  1.6344689E-02
 2.9821027E-04  5.1431356E-04  8.8293868E-04  1.3098258E-03  1.5619093E-03  1.0021472E-01  8.2500595E-02  8.8293868E-04  5.1431356E-04  2.9821027E-04  1.4195524E-02
 2.8272653E-04  4.7827106E-04  8.0748861E-04  1.1877940E-03  1.4148201E-03  9.2413990E-02  7.6002310E-02  8.0748861E-04  4.7827106E-04  2.8272653E-04  1.2332655E-02
 0.0000000E+00  1.0392543E-07  2.2198916E-03  4.8558754E-03  6.2432711E-03  3.7377525E-01  3.1275705E-01  2.2198916E-03  1.0392543E-07  0.0000000E+00  1.5645834E-01
 0.0000000E+00  1.6331782E-04  2.1775207E-03  4.5613230E-03  5.8363176E-03  3.5150084E-01  2.9380528E-01  2.1775207E-03  1.6331782E-04  0.0000000E+00  1.4220496E-01
 0.0000000E+00  2.9428929E-04  2.1233172E-03  4.2809971E-03  5.4527050E-03  3.3055162E-01  2.7600556E-01  2.1233172E-03  2.9428929E-04  0.0000000E+00  1.2882748E-01
 0.0000000E+00  3.9755748E-04  2.0597310E-03  4.0145636E-03  5.0913982E-03  3.1084644E-01  2.5928560E-01  2.0597310E-03  3.9755748E-04  0.0000000E+00  1.1636429E-01
 0.0000000E+00  4.7753019E-04  1.9890369E-03  3.7614777E-03  4.7510925E-03  2.9229151E-01  2.4356247E-01  1.9890369E-03  4.7753019E-04  0.0000000E+00  1.0482921E-01
 0.0000000E+00  5.3813652E-04  1.9132286E-03  3.5211859E-03  4.4305217E-03  2.7479858E-01  2.2875826E-01  1.9132286E-03  5.3813652E-04  0.0000000E+00  9.4217218E-02
 0.0000000E+00  5.8255384E-04  1.8339012E-03  3.2932121E-03  4.1286055E-03  2.5829430E-01  2.1480819E-01  1.8339012E-03  5.8255384E-04  0.0000000E+00  8.4504242E-02
 0.0000000E+00  6.1294498E-04  1.7521076E-03  3.0771727E-03  3.8445034E-03  2.4272445E-01  2.0166440E-01  1.7521076E-03  6.1294498E-04  0.0000000E+00  7.5643766E-02
 7.3398306E-05  6.3390099E-04  1.6617944E-03  2.8542069E-03  3.5530352E-03  2.2663936E-01  1.8810344E-01  1.6617944E-03  6.3390099E-04  7.3398306E-05  6.6529498E-02
 1.3116825E-04  6.4327779E-04  1.5699205E-03  2.6420561E-03  3.2776871E-03  2.1139859E-01  1.7527084E-01  1.5699205E-03  6.4327779E-04  1.3116825E-04  5.8359530E-02
 1.7536925E-04  6.4289336E-04  1.4775809E-03  2.4408725E-03  3.0183270E-03  1.9698053E-01  1.6314665E-01  1.4775809E-03  6.4289336E-04  1.7536925E-04  5.1073697E-02
 2.0802162E-04  6.3451334E-04  1.3857942E-03  2.2507071E-03  2.7747003E-03  1.8335898E-01  1.5170703E-01  1.3857942E-03  6.3451334E-04  2.0802162E-04  4.4606983E-02
 2.3103708E-04  6.1979397E-04  1.2954786E-03  2.0715271E-03  2.5464618E-03  1.7050539E-01  1.4092618E-01  1.2954786E-03  6.1979397E-04  2.3103708E-04  3.8891922E-02
 2.4615432E-04  6.0022637E-04  1.2074206E-03  1.9032163E-03  2.3331867E-03  1.5839004E-01  1.3077741E-01  1.2074206E-03  6.0022637E-04  2.4615432E-04  3.3860383E-02
 2.5487490E-04  5.7708178E-04  1.1222463E-03  1.7455801E-03  2.1343866E-03  1.4698338E-01  1.2123427E-01  1.1222463E-03  5.7708178E-04  2.5487490E-04  2.9445498E-02
 2.5840132E-04  5.5135888E-04  1.0403943E-03  1.5983510E-03  1.9495259E-03  1.3625739E-01  1.1227177E-01  1.0403943E-03  5.5135888E-04  2.5840132E-04  2.5583570E-02
 2.5757814E-04  5.2373492E-04  9.6209361E-04  1.4612007E-03  1.7780462E-03  1.2618735E-01  1.0386794E-01  9.6209361E-04  5.2373492E-04  2.5757814E-04  2.2216067E-02
 2.5336539E-04  4.9506476E-04  8.8786328E-04  1.3342181E-03  1.6198891E-03  1.1677310E-01  9.6021271E-02  8.8786328E-04  4.9506476E-04  2.5336539E-04  1.9230691E-02
 2.4662156E-04  4.6582961E-04  8.1732025E-04  1.2159684E-03  1.4731305E-03  1.0791521E-01  8.8647317E-02  8.1732025E-04  4.6582961E-04  2.4662156E-04  1.6602123E-02
 2.3776266E-04  4.3626334E-04  7.5027318E-04  1.1057472E-03  1.3368164E-03  9.9569729E-02  8.1708449E-02  7.5027318E-04  4.3626334E-04  2.3776266E-04  1.4327391E-02
 2.2734870E-04  4.0682606E-04  6.8690510E-04  1.0033931E-03  1.2106431E-03  9.1725591E-02  7.5194420E-02  6.8690510E-04  4.0682606E-04  2.2734870E-04  1.2363625E-02
 2.1585805E-04  3.7789566E-04  6.2732396E-04  9.0868074E-04  1.0942421E-03  8.4369515E-02  6.9093186E-02  6.2732396E-04  3.7789566E-04  2.1585805E-04  1.0671397E-02
 2.0367733E-04  3.4975992E-04  5.7156034E-04  8.2132587E-04  9.8718720E-04  7.7486518E-02  6.3391331E-02  5.7156034E-04  3.4975992E-04  2.0367733E-04  9.2155069E-03
 0.0000000E+00  8.3787833E-08  1.6057731E-03  3.4442780E-03  4.5843361E-03  3.3801903E-01  2.8144315E-01  1.6057731E-03  8.3787833E-08  0.0000000E+00  1.3718623E-01
 0.0000000E+00  1.3105521E-04  1.5821123E-03  3.2397866E-03  4.2776035E-03  3.1662247E-01  2.6334128E-01  1.5821123E-03  1.3105521E-04  0.0000000E+00  1.2361604E-01
 0.0000000E+00  2.3501480E-04  1.5473716E-03  3.0433475E-03  3.9884564E-03  2.9659619E-01  2.4642150E-01  1.5473716E-03  2.3501480E-04  0.0000000E+00  1.1104359E-01
 0.0000000E+00  3.1593352E-04  1.5038402E-03  2.8551706E-03  3.7162174E-03  2.7784951E-01  2.3060396E-01  1.5038402E-03  3.1593352E-04  0.0000000E+00  9.9472800E-02
 0.0000000E+00  3.7764461E-04  1.4536441E-03  2.6752827E-03  3.4599901E-03  2.6028002E-01  2.1579906E-01  1.4536441E-03  3.7764461E-04  0.0000000E+00  8.8885960E-02
 0.0000000E+00  4.2354613E-04  1.3986364E-03  2.5036427E-03  3.2188859E-03  2.4379181E-01  2.0192292E-01  1.3986364E-03  4.2354613E-04  0.0000000E+00  7.9250795E-02
 0.0000000E+00  4.5636306E-04  1.3402820E-03  2.3401773E-03  2.9921280E-03  2.2830500E-01  1.8890571E-01  1.3402820E-03  4.5636306E-04  0.0000000E+00  7.0521906E-02
 0.0000000E+00  4.7791645E-04  1.2795233E-03  2.1847654E-03  2.7790860E-03  2.1376066E-01  1.7669593E-01  1.2795233E-03  4.7791645E-04  0.0000000E+00  6.2639365E-02
 5.6169568E-05  4.9172367E-04  1.2120375E-03  2.0240316E-03  2.5609691E-03  1.9880523E-01  1.6415746E-01  1.2120375E-03  4.9172367E-04  5.6169568E-05  5.4636475E-02
 9.9882174E-05  4.9647475E-04  1.1431292E-03  1.8708323E-03  2.3553745E-03  1.8470120E-01  1.5234802E-01  1.1431292E-03  4.9647475E-04  9.9882174E-05  4.7530967E-02
 1.3285553E-04  4.9367501E-04  1.0737247E-03  1.7253903E-03  2.1621940E-03  1.7142144E-01  1.4124319E-01  1.0737247E-03  4.9367501E-04  1.3285553E-04  4.1255636E-02
 1.5676669E-04  4.8477862E-04  1.0046832E-03  1.5878451E-03  1.9812212E-03  1.5893445E-01  1.3081487E-01  1.0046832E-03  4.8477862E-04  1.5676669E-04  3.5739716E-02
 1.7319404E-04  4.7114113E-04  9.3677442E-04  1.4582608E-03  1.8121751E-03  1.4720671E-01  1.2103328E-01  9.3677442E-04  4.7114113E-04  1.7319404E-04  3.0911438E-02
 1.8356330E-04  4.5397298E-04  8.7065235E-04  1.3366232E-03  1.6547077E-03  1.3620391E-01  1.1186806E-01  8.7065235E-04  4.5397298E-04  1.8356330E-04  2.6700044E-02
 1.8909382E-04  4.3429394E-04  8.0682964E-04  1.2228389E-03  1.5084164E-03  1.2589239E-01  1.0328955E-01  8.0682964E-04  4.3429394E-04  1.8909382E-04  2.3037922E-02
 1.9074690E-04  4.1288926E-04  7.4565408E-04  1.1167364E-03  1.3728562E-03  1.1624065E-01  9.5270051E-02  7.4565408E-04  4.1288926E-04  1.9074690E-04  1.9862687E-02
 1.8917665E-04  3.9026917E-04  6.8728886E-04  1.0180706E-03  1.2475570E-03  1.0722112E-01  8.7785382E-02  6.8728886E-04  3.9026917E-04  1.8917665E-04  1.7119328E-02
 1.8513209E-04  3.6708720E-04  6.3211835E-04  9.2690396E-04  1.1324178E-03  9.8828139E-02  8.0829516E-02  6.3211835E-04  3.6708720E-04  1.8513209E-04  1.4712898E-02
 1.7930598E-04  3.4372589E-04  5.7987893E-04  8.4222152E-04  1.0259879E-03  9.0966916E-02  7.4322403E-02  5.7987893E-04  3.4372589E-04  1.7930598E-04  1.2612742E-02
 1.7200631E-04  3.2034216E-04  5.3040963E-04  7.6349557E-04  9.2751923E-04  8.3594310E-02  6.8227331E-02  5.3040963E-04  3.2034216E-04  1.7200631E-04  1.0810150E-02
 1.6365906E-04  2.9727491E-04  4.8383386E-04  6.9059622E-04  8.3674224E-04  7.6696396E-02  6.2531794E-02  4.8383386E-04  2.9727491E-04  1.6365906E-04  9.2664840E-03
 1.5462367E-04  2.7479669E-04  4.4021595E-04  6.2334415E-04  7.5334004E-04  7.0257443E-02  5.7221838E-02  4.4021595E-04  2.7479669E-04  1.5462367E-04  7.9466741E-03
 1.4518514E-04  2.5310770E-04  3.9955931E-04  5.6151383E-04  6.7695471E-04  6.4260412E-02  5.2282475E-02  3.9955931E-04  2.5310770E-04  1.4518514E-04  6.8199346E-03
 0.0000000E+00  6.6905944E-08  1.1381770E-03  2.4083382E-03  3.2823462E-03  3.0248223E-01  2.5056574E-01  1.1381770E-03  6.6905944E-08  0.0000000E+00  1.1993079E-01
 0.0000000E+00  1.0415636E-04  1.1284092E-03  2.2699047E-03  3.0596691E-03  2.8220793E-01  2.3350891E-01  1.1284092E-03  1.0415636E-04  0.0000000E+00  1.0709578E-01
 0.0000000E+00  1.8586764E-04  1.1084254E-03  2.1352177E-03  2.8493009E-03  2.6332199E-01  2.1764166E-01  1.1084254E-03  1.8586764E-04  0.0000000E+00  9.5355506E-02
 0.0000000E+00  2.4862729E-04  1.0803291E-03  2.0048350E-03  2.6509216E-03  2.4572614E-01  2.0287825E-01  1.0803291E-03  2.4862729E-04  0.0000000E+00  8.4681747E-02
 0.0000000E+00  2.9572486E-04  1.0460741E-03  1.8791547E-03  2.4640331E-03  2.2931147E-01  1.8912410E-01  1.0460741E-03  2.9572486E-04  0.0000000E+00  7.5027727E-02
 0.0000000E+00  3.3006077E-04  1.0073551E-03  1.7584702E-03  2.2881143E-03  2.1397636E-01  1.7629106E-01  1.0073551E-03  3.3006077E-04  0.0000000E+00  6.6336523E-02
 0.0000000E+00  3.5394177E-04  9.6549820E-04  1.6429708E-03  2.1226860E-03  1.9963614E-01  1.6430570E-01  9.6549820E-04  3.5394177E-04  0.0000000E+00  5.8544043E-02
 0.0000000E+00  3.6888079E-04  9.2133680E-04  1.5327065E-03  1.9673261E-03  1.8622851E-01  1.5311401E-01  9.2133680E-04  3.6888079E-04  0.0000000E+00  5.1579498E-02
 4.2562421E-05  3.7754999E-04  8.7188902E-04  1.4183545E-03  1.8084318E-03  1.7250566E-01  1.4167439E-01  8.7188902E-04  3.7754999E-04  4.2562421E-05  4.4600078E-02
 7.5301495E-05  3.7922649E-04  8.2113230E-04  1.3091251E-03  1.6588485E-03  1.5962402E-01  1.3095010E-01  8.2113230E-04  3.7922649E-04  7.5301495E-05  3.8463521E-02
 9.9631949E-05  3.7513976E-04  7.6984405E-04  1.2052740E-03  1.5185188E-03  1.4755196E-01  1.2091311E-01  7.6984405E-04  3.7513976E-04  9.9631949E-05  3.3097836E-02
 1.1692866E-04  3.6647128E-04  7.1874353E-04  1.1069883E-03  1.3873078E-03  1.3625378E-01  1.1153199E-01  7.1874353E-04  3.6647128E-04  1.1692866E-04  2.8428664E-02
 1.2847886E-04  3.5431556E-04  6.6847219E-04  1.0143888E-03  1.2650182E-03  1.2569209E-01  1.0277397E-01  6.6847219E-04  3.5431556E-04  1.2847886E-04  2.4381932E-02
 1.3543733E-04  3.3964189E-04  6.1957052E-04  9.2752451E-04  1.1513957E-03  1.1582909E-01  9.4605987E-02  6.1957052E-04  3.3964189E-04  1.3543733E-04  2.0886041E-02
 1.3878207E-04  3.2325685E-04  5.7245639E-04  8.4636881E-04  1.0461365E-03  1.0662815E-01  8.6996122E-02  5.7245639E-04  3.2325685E-04  1.3878207E-04  1.7874132E-02
 1.3927156E-04  3.0576835E-04  5.2740455E-04  7.7081708E-04  9.4889504E-04  9.8055303E-02  7.9914849E-02  5.2740455E-04  3.0576835E-04  1.3927156E-04  1.5286302E-02
 1.3740431E-04  2.8755244E-04  4.8452928E-04  7.0068730E-04  8.5929670E-04  9.0081106E-02  7.3336622E-02  4.8452928E-04  2.8755244E-04  1.3740431E-04  1.3071835E-02
 1.3375693E-04  2.6910051E-04  4.4411271E-04  6.3602255E-04  7.7723484E-04  8.2695346E-02  6.7251756E-02  4.4411271E-04  2.6910051E-04  1.3375693E-04  1.1150556E-02
 1.2888195E-04  2.5071216E-04  4.0598164E-04  5.7611731E-04  7.0165026E-04  7.5808831E-02  6.1585332E-02  4.0598164E-04  2.5071216E-04  1.2888195E-04  9.4887647E-03
 1.2300217E-04  2.3248610E-04  3.7000282E-04  5.2057858E-04  6.3197347E-04  6.9379920E-02  5.6302146E-02  3.7000282E-04  2.3248610E-04  1.2300217E-04  8.0745394E-03
 1.1643681E-04  2.1466660E-04  3.3625749E-04  4.6930320E-04  5.6798112E-04  6.3392606E-02  5.1388102E-02  3.3625749E-04  2.1466660E-04  1.1643681E-04  6.8735591E-03
 1.0945173E-04  1.9744540E-04  3.0478104E-04  4.2215011E-04  5.0941590E-04  5.7829473E-02  4.6827997E-02  3.0478104E-04  1.9744540E-04  1.0945173E-04  5.8550637E-03
 1.0225341E-04  1.8095713E-04  2.7556156E-04  3.7894263E-04  4.5599116E-04  5.2672178E-02  4.2605920E-02  2.7556156E-04  1.8095713E-04  1.0225341E-04  4.9925070E-03
 0.0000000E+00  5.2815413E-08  7.8913113E-04  1.6554736E-03  2.2900235E-03  2.6771141E-01  2.2055378E-01  7.8913113E-04  5.2815413E-08  0.0000000E+00  1.0444251E-01
 0.0000000E+00  8.1832623E-05  7.8897388E-04  1.5647307E-03  2.1346390E-03  2.4876091E-01  2.0470301E-01  7.8897388E-04  8.1832623E-05  0.0000000E+00  9.2390389E-02
 0.0000000E+00  1.4531436E-04  7.7958522E-04  1.4748677E-03  1.9871122E-03  2.3119083E-01  1.9002726E-01  7.7958522E-04  1.4531436E-04  0.0000000E+00  8.1504949E-02
 0.0000000E+00  1.9340887E-04  7.6286014E-04  1.3866357E-03  1.8474344E-03  2.1489741E-01  1.7643669E-01  7.6286014E-04  1.9340887E-04  0.0000000E+00  7.1728610E-02
 0.0000000E+00  2.2889636E-04  7.4055851E-04  1.3006475E-03  1.7154514E-03  1.9976747E-01  1.6383372E-01  7.4055851E-04  2.2889636E-04  0.0000000E+00  6.2988485E-02
 0.0000000E+00  2.5421565E-04  7.1420060E-04  1.2173921E-03  1.5909591E-03  1.8569578E-01  1.5212769E-01  7.1420060E-04  2.5421565E-04  0.0000000E+00  5.5205948E-02
 0.0000000E+00  2.7129063E-04  6.8496550E-04  1.1372135E-03  1.4737371E-03  1.7259469E-01  1.4124314E-01  6.8496550E-04  2.7129063E-04  0.0000000E+00  4.8301045E-02
 0.0000000E+00  2.8135962E-04  6.5357887E-04  1.0602646E-03  1.3635459E-03  1.6039988E-01  1.3112475E-01  6.5357887E-04  2.8135962E-04  0.0000000E+00  4.2194733E-02
 3.1886154E-05  2.8643240E-04  6.1806462E-04  9.8018115E-04  1.2508398E-03  1.4797584E-01  1.2083014E-01  6.1806462E-04  2.8643240E-04  3.1886154E-05  3.6154437E-02
 5.6119900E-05  2.8618386E-04  5.8135816E-04  9.0347243E-04  1.1447621E-03  1.3636725E-01  1.1122411E-01  5.8135816E-04  2.8618386E-04  5.6119900E-05  3.0896388E-02
 7.3850170E-05  2.8160300E-04  5.4410495E-04  8.3039980E-04  1.0453115E-03  1.2553904E-01  1.0227600E-01  5.4410495E-04  2.8160300E-04  7.3850170E-05  2.6345960E-02
 8.6188604E-05  2.7363533E-04  5.0690083E-04  7.6116878E-04  9.5242515E-04  1.1545249E-01  9.3952103E-02  5.0690083E-04  2.7363533E-04  8.6188604E-05  2.2427228E-02
 9.4170625E-05  2.6315136E-04  4.7027489E-04  6.9592772E-04  8.6598870E-04  1.0606749E-01  8.6217627E-02  4.7027489E-04  2.6315136E-04  9.4170625E-05  1.9065669E-02
 9.8718846E-05  2.5091549E-04  4.3466977E-04  6.3476094E-04  7.8583782E-04  9.7343959E-02  7.9037880E-02  4.3466977E-04  2.5091549E-04  9.8718846E-05  1.6190455E-02
 1.0060689E-04  2.3755573E-04  4.0042327E-04  5.7768350E-04  7.1176236E-04  8.9243374E-02  7.2379633E-02  4.0042327E-04  2.3755573E-04  1.0060689E-04  1.3736795E-02
 1.0042460E-04  2.2353458E-04  3.6775082E-04  5.2463669E-04  6.4351062E-04  8.1730376E-02  6.6212447E-02  3.6775082E-04  2.2353458E-04  1.0042460E-04  1.1648228E-02
 9.8545087E-05  2.0912223E-04  3.3673042E-04  4.7548609E-04  5.8079658E-04  7.4774555E-02  6.0510221E-02  3.3673042E-04  2.0912223E-04  9.8545087E-05  9.8788922E-03
 9.5405665E-05  1.9468126E-04  3.0756692E-04  4.3026128E-04  5.2352705E-04  6.8362189E-02  5.5260509E-02  3.0756692E-04  1.9468126E-04  9.5405665E-05  8.3612875E-03
 9.1441326E-05  1.8044247E-04  2.8015315E-04  3.8848229E-04  4.7095383E-04  6.2410429E-02  5.0394122E-02  2.8015315E-04  1.8044247E-04  9.1441326E-05  7.0604956E-03
 8.6808982E-05  1.6646204E-04  2.5438030E-04  3.4985894E-04  4.2265443E-04  5.6879767E-02  4.5877888E-02  2.5438030E-04  1.6646204E-04  8.6808982E-05  5.9632737E-03
 8.1743855E-05  1.5291167E-04  2.3030020E-04  3.1431060E-04  3.7845362E-04  5.1752866E-02  4.1696773E-02  2.3030020E-04  1.5291167E-04  8.1743855E-05  5.0395826E-03
 7.6439220E-05  1.3992224E-04  2.0792962E-04  2.8172809E-04  3.3815173E-04  4.7011361E-02  3.7834954E-02  2.0792962E-04  1.3992224E-04  7.6439220E-05  4.2628341E-03
 7.1041734E-05  1.2758046E-04  1.8724919E-04  2.5197516E-04  3.0152801E-04  4.2636317E-02  3.4276207E-02  1.8724919E-04  1.2758046E-04  7.1041734E-05  3.6104737E-03
 0.0000000E+00  4.1124749E-08  5.3405656E-04  1.1146515E-03  1.5555079E-03  2.3418527E-01  1.9179629E-01  5.3405656E-04  4.1124749E-08  0.0000000E+00  9.0513890E-02
 0.0000000E+00  6.3419631E-05  5.3991696E-04  1.0577468E-03  1.4515781E-03  2.1671567E-01  1.7727504E-01  5.3991696E-04  6.3419631E-05  0.0000000E+00  7.9286941E-02
 0.0000000E+00  1.1206479E-04  5.3763262E-04  9.9992005E-04  1.3520469E-03  2.0059419E-01  1.6389348E-01  5.3763262E-04  1.1206479E-04  0.0000000E+00  6.9273655E-02
 0.0000000E+00  1.4840520E-04  5.2887208E-04  9.4200225E-04  1.2571403E-03  1.8571382E-01  1.5155966E-01  5.2887208E-04  1.4840520E-04  0.0000000E+00  6.0390349E-02
 0.0000000E+00  1.7474964E-04  5.1518454E-04  8.8470648E-04  1.1669648E-03  1.7195938E-01  1.4017498E-01  5.1518454E-04  1.7474964E-04  0.0000000E+00  5.2541356E-02
 0.0000000E+00  1.9311354E-04  4.9790355E-04  8.2861607E-04  1.0815584E-03  1.5922415E-01  1.2964815E-01  4.9790355E-04  1.9311354E-04  0.0000000E+00  4.5629575E-02
 0.0000000E+00  2.0507450E-04  4.7805553E-04  7.7415163E-04  1.0008998E-03  1.4741931E-01  1.1990328E-01  4.7805553E-04  2.0507450E-04  0.0000000E+00  3.9562191E-02
 0.0000000E+00  2.1162919E-04  4.5626057E-04  7.2152008E-04  9.2489248E-04  1.3647995E-01  1.1088494E-01  4.5626057E-04  2.1162919E-04  0.0000000E+00  3.4254508E-02
 2.3575047E-05  2.1427106E-04  4.3127090E-04  6.6648903E-04  8.4704962E-04  1.2538639E-01  1.0175217E-01  4.3127090E-04  2.1427106E-04  2.3575047E-05  2.9072246E-02
 4.1271755E-05  2.1293031E-04  4.0521995E-04  6.1358472E-04  7.7372155E-04  1.1506893E-01  9.3269975E-02  4.0521995E-04  2.1293031E-04  4.1271755E-05  2.4607011E-02
 5.4008642E-05  2.0838906E-04  3.7863602E-04  5.6305694E-04  7.0495352E-04  1.0549021E-01  8.5406049E-02  3.7863602E-04  2.0838906E-04  5.4008642E-05  2.0783548E-02
 6.2670626E-05  2.0139126E-04  3.5200583E-04  5.1511040E-04  6.4074270E-04  9.6609667E-02  7.8125449E-02  3.5200583E-04  2.0139126E-04  6.2670626E-05  1.7526235E-02
 6.8077813E-05  1.9261756E-04  3.2575988E-04  4.6990145E-04  5.8104319E-04  8.8385668E-02  7.1392426E-02  3.2575988E-04  1.9261756E-04  6.8077813E-05  1.4761779E-02
 7.0956048E-05  1.8266057E-04  3.0025599E-04  4.2753077E-04  5.2576555E-04  8.0776977E-02  6.5171652E-02  3.0025599E-04  1.8266057E-04  7.0956048E-05  1.2421547E-02
 7.1907859E-05  1.7200067E-04  2.7576385E-04  3.8803752E-04  4.7477796E-04  7.3744314E-02  5.9429558E-02  2.7576385E-04  1.7200067E-04  7.1907859E-05  1.0443940E-02
 7.1384536E-05  1.6098292E-04  2.5245037E-04  3.5139393E-04  4.2790757E-04  6.7251915E-02  5.4135660E-02  2.5245037E-04  1.6098292E-04  7.1384536E-05  8.7766952E-03
 6.9659747E-05  1.4979567E-04  2.3036689E-04  3.1750186E-04  3.8494412E-04  6.1269301E-02  4.9264057E-02  2.3036689E-04  1.4979567E-04  6.9659747E-05  7.3791516E-03
 6.7059630E-05  1.3870076E-04  2.0966003E-04  2.8638199E-04  3.4581456E-04  5.5780245E-02  4.4800430E-02  2.0966003E-04  1.3870076E-04  6.7059630E-05  6.1947602E-03
 6.3921675E-05  1.2787282E-04  1.9026888E-04  2.5771668E-04  3.1000808E-04  5.0708822E-02  4.0681767E-02  1.9026888E-04  1.2787282E-04  6.3921675E-05  5.1888217E-03
 6.0352910E-05  1.1733821E-04  1.7210567E-04  2.3129406E-04  2.7721860E-04  4.6018182E-02  3.6877358E-02  1.7210567E-04  1.1733821E-04  6.0352910E-05  4.3481292E-03
 5.6523465E-05  1.0721409E-04  1.5520204E-04  2.0705250E-04  2.4731452E-04  4.1690374E-02  3.3371838E-02  1.5520204E-04  1.0721409E-04  5.6523465E-05  3.6467967E-03
 5.2571091E-05  9.7586574E-05  1.3956328E-04  1.8490920E-04  2.2014666E-04  3.7706761E-02  3.0149345E-02  1.3956328E-04  9.7586574E-05  5.2571091E-05  3.0621926E-03
 4.8597682E-05  8.8508344E-05  1.2516751E-04  1.6476112E-04  1.9555069E-04  3.4048462E-02  2.7193885E-02  1.2516751E-04  8.8508344E-05  4.8597682E-05  2.5754535E-03
 0.0000000E+00  3.1501755E-08  3.5192357E-04  7.3237607E-04  1.0271473E-03  2.0231454E-01  1.6463383E-01  3.5192357E-04  3.1501755E-08  0.0000000E+00  7.7974392E-02
 0.0000000E+00  4.8354557E-05  3.6095458E-04  6.9884664E-04  9.6086207E-04  1.8643810E-01  1.5152604E-01  3.6095458E-04  4.8354557E-05  0.0000000E+00  6.7608292E-02
 0.0000000E+00  8.5028092E-05  3.6299275E-04  6.6338003E-04  8.9649853E-04  1.7185541E-01  1.3950397E-01  3.6299275E-04  8.5028092E-05  0.0000000E+00  5.8478292E-02
 0.0000000E+00  1.1203633E-04  3.5946941E-04  6.2680577E-04  8.3443105E-04  1.5845844E-01  1.2847552E-01  3.5946941E-04  1.1203633E-04  0.0000000E+00  5.0478268E-02
 0.0000000E+00  1.3125764E-04  3.5171300E-04  5.8985406E-04  7.7493666E-04  1.4613229E-01  1.1834306E-01  3.5171300E-04  1.3125764E-04  0.0000000E+00  4.3493430E-02
 0.0000000E+00  1.4432442E-04  3.4086369E-04  5.5312965E-04  7.1821411E-04  1.3477083E-01  1.0901652E-01  3.4086369E-04  1.4432442E-04  0.0000000E+00  3.7411663E-02
 0.0000000E+00  1.5250511E-04  3.2779345E-04  5.1707350E-04  6.6437695E-04  1.2428588E-01  1.0042113E-01  3.2779345E-04  1.5250511E-04  0.0000000E+00  3.2130388E-02
 0.0000000E+00  1.5658693E-04  3.1302071E-04  4.8191213E-04  6.1342916E-04  1.1461327E-01  9.2502536E-02  3.1302071E-04  1.5658693E-04  0.0000000E+00  2.7561810E-02
 1.7166152E-05  1.5766350E-04  2.9580433E-04  4.4491930E-04  5.6111043E-04  1.0484998E-01  8.4521014E-02  2.9580433E-04  1.5766350E-04  1.7166152E-05  2.3159434E-02
 2.9888832E-05  1.5581560E-04  2.7767164E-04  4.0918523E-04  5.1172481E-04  9.5812085E-02  7.7142820E-02  2.7767164E-04  1.5581560E-04  2.9888832E-05  1.9405734E-02
 3.8889448E-05  1.5164995E-04  2.5904742E-04  3.7493713E-04  4.6534884E-04  8.7461108E-02  7.0335049E-02  2.5904742E-04  1.5164995E-04  3.8889448E-05  1.6226653E-02
 4.4860160E-05  1.4574079E-04  2.4032234E-04  3.4236639E-04  4.2202177E-04  7.9755777E-02  6.4062521E-02  2.4032234E-04  1.4574079E-04  4.4860160E-05  1.3548557E-02
 4.8439281E-05  1.3861022E-04  2.2184063E-04  3.1162415E-04  3.8174722E-04  7.2654111E-02  5.8289541E-02  2.2184063E-04  1.3861022E-04  4.8439281E-05  1.1300866E-02
 5.0187990E-05  1.3070885E-04  2.0388662E-04  2.8281440E-04  3.4449119E-04  6.6114840E-02  5.2981103E-02  2.0388662E-04  1.3070885E-04  5.0187990E-05  9.4183712E-03
 5.0567397E-05  1.2239686E-04  1.8667212E-04  2.5598796E-04  3.1018117E-04  6.0098953E-02  4.8104192E-02  1.8667212E-04  1.2239686E-04  5.0567397E-05  7.8435832E-03
 4.9916527E-05  1.1392599E-04  1.7032428E-04  2.3113700E-04  2.7870562E-04  5.4571223E-02  4.3629080E-02  1.7032428E-04  1.1392599E-04  4.9916527E-05  6.5289975E-03
 4.8431541E-05  1.0542289E-04  1.5487505E-04  2.0819090E-04  2.4991493E-04  4.9501907E-02  3.9530742E-02  1.5487505E-04  1.0542289E-04  4.8431541E-05  5.4393081E-03
 4.6351117E-05  9.7072049E-05  1.4042753E-04  1.8716457E-04  2.2375625E-04  4.4873240E-02  3.5793816E-02  1.4042753E-04  9.7072049E-05  4.6351117E-05  4.5274732E-03
 4.3932794E-05  8.9002904E-05  1.2695150E-04  1.6785498E-04  1.9989323E-04  4.0616612E-02  3.2361754E-02  1.2695150E-04  8.9002904E-05  4.3932794E-05  3.7601140E-03
 4.1246781E-05  8.1222162E-05  1.1437709E-04  1.5010943E-04  1.7810901E-04  3.6698256E-02  2.9206634E-02  1.1437709E-04  8.1222162E-05  4.1246781E-05  3.1249845E-03
 3.8413562E-05  7.3806932E-05  1.0272233E-04  1.3388201E-04  1.5830837E-04  3.3100244E-02  2.6313307E-02  1.0272233E-04  7.3806932E-05  3.8413562E-05  2.6001432E-03
 3.5529162E-05  6.6811301E-05  9.1985839E-05  1.1911132E-04  1.4038356E-04  2.9804278E-02  2.3666375E-02  9.1985839E-05  6.6811301E-05  3.5529162E-05  2.1666413E-03
 3.2662594E-05  6.0264634E-05  8.2146248E-05  1.0572111E-04  1.2421587E-04  2.6792090E-02  2.1250535E-02  8.2146248E-05  6.0264634E-05  3.2662594E-05  1.8089678E-03
 0.0000000E+00  2.3661742E-08  2.2516657E-04  4.6783605E-04  6.5792580E-04  1.7244323E-01  1.3935095E-01  2.2516657E-04  2.3661742E-08  0.0000000E+00  6.6685423E-02
 0.0000000E+00  3.6156363E-05  2.3525121E-04  4.4981928E-04  6.1796741E-04  1.5822783E-01  1.2770091E-01  2.3525121E-04  3.6156363E-05  0.0000000E+00  5.7208041E-02
 0.0000000E+00  6.3274735E-05  2.3951402E-04  4.2942866E-04  5.7831675E-04  1.4523252E-01  1.1706665E-01  2.3951402E-04  6.3274735E-05  0.0000000E+00  4.8965402E-02
 0.0000000E+00  8.2960336E-05  2.3914648E-04  4.0743389E-04  5.3941689E-04  1.3335048E-01  1.0735786E-01  2.3914648E-04  8.2960336E-05  0.0000000E+00  4.1832952E-02
 0.0000000E+00  9.6704805E-05  2.3525412E-04  3.8452306E-04  5.0163244E-04  1.2246924E-01  9.8479771E-02  2.3525412E-04  9.6704805E-05  0.0000000E+00  3.5680701E-02
 0.0000000E+00  1.0579936E-04  2.2878355E-04  3.6127025E-04  4.6524866E-04  1.1248527E-01  9.0345239E-02  2.2878355E-04  1.0579936E-04  0.0000000E+00  3.0385151E-02
 0.0000000E+00  1.1124082E-04  2.2045503E-04  3.3809689E-04  4.3045505E-04  1.0331274E-01  8.2882080E-02  2.2045503E-04  1.1124082E-04  0.0000000E+00  2.5837102E-02
 0.0000000E+00  1.1363777E-04  2.1069131E-04  3.1522496E-04  3.9731755E-04  9.4889479E-02  7.6038122E-02  2.1069131E-04  1.1363777E-04  0.0000000E+00  2.1948111E-02
 1.2280426E-05  1.1377689E-04  1.9908720E-04  2.9096415E-04  3.6314045E-04  8.6427401E-02  6.9172483E-02  1.9908720E-04  1.1377689E-04  1.2280426E-05  1.8250136E-02
 2.1263698E-05  1.1181490E-04  1.8671950E-04  2.6738263E-04  3.3076948E-04  7.8631101E-02  6.2855966E-02  1.8671950E-04  1.1181490E-04  2.1263698E-05  1.5130799E-02
 2.7505122E-05  1.0821231E-04  1.7392254E-04  2.4467841E-04  3.0029671E-04  7.1462079E-02  5.7055997E-02  1.7392254E-04  1.0821231E-04  2.7505122E-05  1.2518866E-02
 3.1535375E-05  1.0340279E-04  1.6100321E-04  2.2302148E-04  2.7178558E-04  6.4879469E-02  5.1738111E-02  1.6100321E-04  1.0340279E-04  3.1535375E-05  1.0344165E-02
 3.3841503E-05  9.7778213E-05  1.4823094E-04  2.0254907E-04  2.4527045E-04  5.8842016E-02  4.6867590E-02  1.4823094E-04  9.7778213E-05  3.3841503E-05  8.5400977E-03
 3.4848862E-05  9.1673713E-05  1.3582697E-04  1.8335942E-04  2.2075379E-04  5.3309448E-02  4.2410621E-02  1.3582697E-04  9.1673713E-05  3.4848862E-05  7.0459001E-03
 3.4903375E-05  8.5353303E-05  1.2395415E-04  1.6550621E-04  1.9820416E-04  4.8243969E-02  3.8335543E-02  1.2395415E-04  8.5353303E-05  3.4903375E-05  5.8089068E-03
 3.4254518E-05  7.8996059E-05  1.1270727E-04  1.4899329E-04  1.7755446E-04  4.3611728E-02  3.4614075E-02  1.1270727E-04  7.8996059E-05  3.4254518E-05  4.7867386E-03
 3.3039267E-05  7.2683401E-05  1.0210449E-04  1.3377059E-04  1.5870130E-04  3.9384417E-02  3.1222647E-02  1.0210449E-04  7.2683401E-05  3.3039267E-05  3.9494231E-03
 3.1428592E-05  6.6541641E-05  9.2216668E-05  1.1984911E-04  1.4160898E-04  3.5543619E-02  2.8145605E-02  9.2216668E-05  6.6541641E-05  3.1428592E-05  3.2581911E-03
 2.9615341E-05  6.0664584E-05  8.3032639E-05  1.0710449E-04  1.2606466E-04  3.2028256E-02  2.5332980E-02  8.3032639E-05  6.0664584E-05  2.9615341E-05  2.6818000E-03
 2.7643369E-05  5.5047047E-05  7.4497518E-05  9.5428293E-05  1.1191790E-04  2.8807937E-02  2.2759863E-02  7.4497518E-05  5.5047047E-05  2.7643369E-05  2.2095407E-03
 2.5595991E-05  4.9737588E-05  6.6620449E-05  8.4787143E-05  9.9102110E-05  2.5865326E-02  2.0411776E-02  6.6620449E-05  4.9737588E-05  2.5595991E-05  1.8231438E-03
 2.3538476E-05  4.4768135E-05  5.9396601E-05  7.5136580E-05  8.7541821E-05  2.3182972E-02  1.8274206E-02  5.9396601E-05  4.4768135E-05  2.3538476E-05  1.5070249E-03
 2.1516217E-05  4.0152828E-05  5.2806760E-05  6.6421432E-05  7.7153711E-05  2.0743685E-02  1.6332911E-02  5.2806760E-05  4.0152828E-05  2.1516217E-05  1.2486642E-03
 0.0000000E+00  1.7345905E-08  1.3921810E-04  2.8898270E-04  4.0705575E-04  1.4479194E-01  1.1612471E-01  1.3921810E-04  1.7345905E-08  0.0000000E+00  5.6513283E-02
 0.0000000E+00  2.6391155E-05  1.4890481E-04  2.8070869E-04  3.8464174E-04  1.3226652E-01  1.0594191E-01  1.4890481E-04  2.6391155E-05  0.0000000E+00  4.7945758E-02
 0.0000000E+00  4.5972590E-05  1.5391398E-04  2.7003451E-04  3.6161738E-04  1.2087120E-01  9.6691835E-02  1.5391398E-04  4.5972590E-05  0.0000000E+00  4.0588818E-02
 0.0000000E+00  5.9984609E-05  1.5520267E-04  2.5763072E-04  3.3842850E-04  1.1050247E-01  8.8287787E-02  1.5520267E-04  5.9984609E-05  0.0000000E+00  3.4303738E-02
 0.0000000E+00  6.9577156E-05  1.5365884E-04  2.4410302E-04  3.1545934E-04  1.0105235E-01  8.0639592E-02  1.5365884E-04  6.9577156E-05  0.0000000E+00  2.8949434E-02
 0.0000000E+00  7.5742502E-05  1.5004164E-04  2.2995948E-04  2.9302084E-04  9.2421786E-02  7.3664623E-02  1.5004164E-04  7.5742502E-05  0.0000000E+00  2.4394745E-02
 0.0000000E+00  7.9242642E-05  1.4492676E-04  2.1557508E-04  2.7133043E-04  8.4528829E-02  6.7294597E-02  1.4492676E-04  7.9242642E-05  0.0000000E+00  2.0526981E-02
 0.0000000E+00  8.0536585E-05  1.3864917E-04  2.0115120E-04  2.5048451E-04  7.7314477E-02  6.1480464E-02  1.3864917E-04  8.0536585E-05  0.0000000E+00  1.7259361E-02
 8.5995336E-06  8.0177320E-05  1.3101375E-04  1.8568776E-04  2.2884870E-04  7.0101861E-02  5.5676126E-02  1.3101375E-04  8.0177320E-05  8.5995336E-06  1.4194086E-02
 1.4805956E-05  7.8346888E-05  1.2276679E-04  1.7053794E-04  2.0825501E-04  6.3488829E-02  5.0361874E-02  1.2276679E-04  7.8346888E-05  1.4805956E-05  1.1636960E-02
 1.9036764E-05  7.5386023E-05  1.1416463E-04  1.5586725E-04  1.8879753E-04  5.7437876E-02  4.5506332E-02  1.1416463E-04  7.5386023E-05  1.9036764E-05  9.5209888E-03
 2.1689414E-05  7.1614019E-05  1.0544214E-04  1.4181963E-04  1.7054873E-04  5.1909560E-02  4.1076601E-02  1.0544214E-04  7.1614019E-05  2.1689414E-05  7.7807144E-03
 2.3126971E-05  6.7317557E-05  9.6804764E-05  1.2851306E-04  1.5355782E-04  4.6864333E-02  3.7039756E-02  9.6804764E-05  6.7317557E-05  2.3126971E-05  6.3545828E-03
 2.3664436E-05  6.2739583E-05  8.8420182E-05  1.1603419E-04  1.3784773E-04  4.2263842E-02  3.3363935E-02  8.8420182E-05  6.2739583E-05  2.3664436E-05  5.1870888E-03
 2.3555336E-05  5.8068541E-05  8.0410370E-05  1.0443344E-04  1.2341257E-04  3.8072341E-02  3.0019510E-02  8.0410370E-05  5.8068541E-05  2.3555336E-05  4.2309191E-03
 2.2978873E-05  5.3428094E-05  7.2844053E-05  9.3720403E-05  1.1021538E-04  3.4258073E-02  2.6980231E-02  7.2844053E-05  5.3428094E-05  2.2978873E-05  3.4490180E-03
 2.2027811E-05  4.8867649E-05  6.5729955E-05  8.3860018E-05  9.8186634E-05  3.0794750E-02  2.4224448E-02  6.5729955E-05  4.8867649E-05  2.2027811E-05  2.8165787E-03
 2.0821595E-05  4.4470788E-05  5.9115305E-05  7.4860384E-05  8.7303618E-05  2.7664097E-02  2.1736861E-02  5.9115305E-05  4.4470788E-05  2.0821595E-05  2.3020427E-03
 1.9501435E-05  4.0303718E-05  5.2999679E-05  6.6649377E-05  7.7437724E-05  2.4812611E-02  1.9474058E-02  5.2999679E-05  4.0303718E-05  1.9501435E-05  1.8768823E-03
 1.8092982E-05  3.6355122E-05  4.7340707E-05  5.9151219E-05  6.8486829E-05  2.2213470E-02  1.7414258E-02  4.7340707E-05  3.6355122E-05  1.8092982E-05  1.5322257E-03
 1.6652262E-05  3.2653863E-05  4.2141950E-05  5.2342243E-05  6.0405813E-05  1.9850396E-02  1.5544031E-02  4.2141950E-05  3.2653863E-05  1.6652262E-05  1.2531610E-03
 1.5222339E-05  2.9217164E-05  3.7397192E-05  4.6191012E-05  5.3143363E-05  1.7707206E-02  1.3850073E-02  3.7397192E-05  2.9217164E-05  1.5222339E-05  1.0271257E-03
 1.3832038E-05  2.6049842E-05  3.3090155E-05  4.0658553E-05  4.6642617E-05  1.5768152E-02  1.2319485E-02  3.3090155E-05  2.6049842E-05  1.3832038E-05  8.4422333E-04
 0.0000000E+00  1.2377239E-08  8.3153912E-05  1.7252716E-04  2.4320526E-04  1.1976848E-01  9.5280175E-02  8.3153912E-05  1.2377239E-08  0.0000000E+00  4.7440563E-02
 0.0000000E+00  1.8757406E-05  9.1575202E-05  1.6984909E-04  2.3175463E-04  1.0890787E-01  8.6526870E-02  9.1575202E-05  1.8757406E-05  0.0000000E+00  3.9786839E-02
 0.0000000E+00  3.2535598E-05  9.6382191E-05  1.6501116E-04  2.1929288E-04  9.9075482E-02  7.8614324E-02  9.6382191E-05  3.2535598E-05  0.0000000E+00  3.3298534E-02
 0.0000000E+00  4.2260025E-05  9.8312974E-05  1.5856326E-04  2.0622138E-04  9.0172947E-02  7.1460967E-02  9.8312974E-05  4.2260025E-05  0.0000000E+00  2.7827306E-02
 0.0000000E+00  4.8787476E-05  9.8052719E-05  1.5100598E-04  1.9289502E-04  8.2098572E-02  6.4982690E-02  9.8052719E-05  4.8787476E-05  0.0000000E+00  2.3225262E-02
 0.0000000E+00  5.2855782E-05  9.6187046E-05  1.4276123E-04  1.7960648E-04  7.4759365E-02  5.9102677E-02  9.6187046E-05  5.2855782E-05  0.0000000E+00  1.9357370E-02
 0.0000000E+00  5.5029727E-05  9.3159608E-05  1.3414239E-04  1.6656629E-04  6.8078608E-02  5.3757627E-02  9.3159608E-05  5.5029727E-05  0.0000000E+00  1.6110512E-02
 0.0000000E+00  5.5646711E-05  8.9227964E-05  1.2532118E-04  1.5387833E-04  6.2001411E-02  4.8902371E-02  8.9227964E-05  5.5646711E-05  0.0000000E+00  1.3401652E-02
 5.8915449E-06  5.5085471E-05  8.4317374E-05  1.1573534E-04  1.4059495E-04  5.5955611E-02  4.4079181E-02  8.4317374E-05  5.5085471E-05  5.8915449E-06  1.0895316E-02
 1.0085627E-05  5.3521222E-05  7.8936457E-05  1.0625186E-04  1.2786660E-04  5.0439718E-02  3.9684991E-02  7.8936457E-05  5.3521222E-05  1.0085627E-05  8.8281014E-03
 1.2888464E-05  5.1199400E-05  7.3276310E-05  9.7003406E-05  1.1577980E-04  4.5418112E-02  3.5690348E-02  7.3276310E-05  5.1199400E-05  1.2888464E-05  7.1383677E-03
 1.4590510E-05  4.8348879E-05  6.7511639E-05  8.8106433E-05  1.0440499E-04  4.0853642E-02  3.2064614E-02  6.7511639E-05  4.8348879E-05  1.4590510E-05  5.7663365E-03
 1.5455882E-05  4.5173863E-05  6.1794721E-05  7.9657387E-05  9.3794503E-05  3.6709284E-02  2.8777308E-02  6.1794721E-05  4.5173863E-05  1.5455882E-05  4.6562712E-03
 1.5712263E-05  4.1845783E-05  5.6249090E-05  7.1728298E-05  8.3979688E-05  3.2949358E-02  2.5799116E-02  5.6249090E-05  4.1845783E-05  1.5712263E-05  3.7584716E-03
 1.5541014E-05  3.8495486E-05  5.0963525E-05  6.4362715E-05  7.4968349E-05  2.9540834E-02  2.3102961E-02  5.0963525E-05  3.8495486E-05  1.5541014E-05  3.0312591E-03
 1.5067700E-05  3.5205770E-05  4.5986343E-05  5.7571884E-05  6.6742432E-05  2.6454601E-02  2.0665046E-02  4.5986343E-05  3.5205770E-05  1.5067700E-05  2.4428860E-03
 1.4353177E-05  3.2004511E-05  4.1320263E-05  5.1331476E-05  5.9256226E-05  2.3666824E-02  1.8465959E-02  4.1320263E-05  3.2004511E-05  1.4353177E-05  1.9733686E-03
 1.3478775E-05  2.8945033E-05  3.6995711E-05  4.5647302E-05  5.2496083E-05  2.1160024E-02  1.6491280E-02  3.6995711E-05  2.8945033E-05  1.3478775E-05  1.5973621E-03
 1.2545507E-05  2.6072813E-05  3.3017349E-05  4.0480144E-05  4.6388098E-05  1.8888098E-02  1.4703927E-02  3.3017349E-05  2.6072813E-05  1.2545507E-05  1.2894007E-03
 1.1567109E-05  2.3374440E-05  2.9353106E-05  3.5777875E-05  4.0864278E-05  1.6827829E-02  1.3085235E-02  2.9353106E-05  2.3374440E-05  1.1567109E-05  1.0425200E-03
 1.0580192E-05  2.0865872E-05  2.6003322E-05  3.1524046E-05  3.5894900E-05  1.4964350E-02  1.1623085E-02  2.6003322E-05  2.0865872E-05  1.0580192E-05  8.4479361E-04
 9.6123094E-06  1.8555173E-05  2.2961695E-05  2.7696908E-05  3.1446004E-05  1.3283043E-02  1.0305601E-02  2.2961695E-05  1.8555173E-05  9.6123094E-06  6.8629974E-04
 8.6810922E-06  1.6442039E-05  2.0215096E-05  2.4269550E-05  2.7479775E-05  1.1769844E-02  9.1213961E-03  2.0215096E-05  1.6442039E-05  8.6810922E-06  5.5938069E-04
 0.0000000E+00  8.4996905E-09  4.7455925E-05  9.8441511E-05  1.3881261E-04  9.7199113E-02  7.6650183E-02  4.7455925E-05  8.4996905E-09  0.0000000E+00  3.9282624E-02
 0.0000000E+00  1.2837838E-05  5.4183760E-05  9.8612428E-05  1.3379282E-04  8.7961561E-02  6.9274550E-02  5.4183760E-05  1.2837838E-05  0.0000000E+00  3.2546922E-02
 0.0000000E+00  2.2184937E-05  5.8255695E-05  9.7015532E-05  1.2770808E-04  7.9640964E-02  6.2641162E-02  5.8255695E-05  2.2184937E-05  0.0000000E+00  2.6911794E-02
 0.0000000E+00  2.8698823E-05  6.0210738E-05  9.4071578E-05  1.2088557E-04  7.2145820E-02  5.6674942E-02  6.0210738E-05  2.8698823E-05  0.0000000E+00  2.2223819E-02
 0.0000000E+00  3.2988140E-05  6.0550110E-05  9.0166332E-05  1.1361972E-04  6.5382276E-02  5.1299084E-02  6.0550110E-05  3.2988140E-05  0.0000000E+00  1.8332538E-02
 0.0000000E+00  3.5576977E-05  5.9702947E-05  8.5626875E-05  1.0615684E-04  5.9264816E-02  4.6443685E-02  5.9702947E-05  3.5576977E-05  0.0000000E+00  1.5102734E-02
 0.0000000E+00  3.6866588E-05  5.7995291E-05  8.0698416E-05  9.8678193E-05  5.3723100E-02  4.2051329E-02  5.7995291E-05  3.6866588E-05  0.0000000E+00  1.2423773E-02
 0.0000000E+00  3.7096842E-05  5.5617984E-05  7.5519104E-05  9.1280209E-05  4.8707166E-02  3.8081347E-02  5.5617984E-05  3.7096842E-05  0.0000000E+00  1.0218236E-02
 3.9140744E-06  3.6517132E-05  5.2557815E-05  6.9793537E-05  8.3444067E-05  4.3742737E-02  3.4157774E-02  5.2557815E-05  3.6517132E-05  3.9140744E-06  8.2064823E-03
 6.6615984E-06  3.5277645E-05  4.9152674E-05  6.4061293E-05  7.5869070E-05  3.9236646E-02  3.0601460E-02  4.9152674E-05  3.5277645E-05  6.6615984E-06  6.5667148E-03
 8.4598605E-06  3.3548972E-05  4.5539799E-05  5.8423768E-05  6.8628244E-05  3.5155924E-02  2.7385475E-02  4.5539799E-05  3.3548972E-05  8.4598605E-06  5.2435600E-03
 9.5142431E-06  3.1489432E-05  4.1844386E-05  5.2970560E-05  6.1783012E-05  3.1466443E-02  2.4482008E-02  4.1844386E-05  3.1489432E-05  9.5142431E-06  4.1836897E-03
 1.0010681E-05  2.9239376E-05  3.8175154E-05  4.7776394E-05  5.5381192E-05  2.8134391E-02  2.1863550E-02  3.8175154E-05  2.9239376E-05  1.0010681E-05  3.3377836E-03
 1.0108452E-05  2.6915506E-05  3.4619755E-05  4.2897703E-05  4.9454504E-05  2.5127378E-02  1.9503800E-02  3.4619755E-05  2.6915506E-05  1.0108452E-05  2.6623408E-03
 9.9331164E-06  2.4605396E-05  3.1240398E-05  3.8369434E-05  4.4016320E-05  2.2415622E-02  1.7378627E-02  3.1240398E-05  2.4605396E-05  9.9331164E-06  2.1214753E-03
 9.5697695E-06  2.2362262E-05  2.8069690E-05  3.4202051E-05  3.9059570E-05  1.9973097E-02  1.5467002E-02  2.8069690E-05  2.2362262E-05  9.5697695E-06  1.6886414E-03
 9.0566863E-06  2.0200152E-05  2.5106882E-05  3.0378902E-05  3.4555014E-05  1.7778737E-02  1.3751969E-02  2.5106882E-05  2.0200152E-05  9.0566863E-06  1.3482840E-03
 8.4473590E-06  1.8151452E-05  2.2370653E-05  2.6903938E-05  3.0494940E-05  1.5816391E-02  1.2220395E-02  2.2370653E-05  1.8151452E-05  8.4473590E-06  1.0804395E-03
 7.8117628E-06  1.6246294E-05  1.9867272E-05  2.3757782E-05  2.6839669E-05  1.4047107E-02  1.0841246E-02  1.9867272E-05  1.6246294E-05  7.8117628E-06  8.6291392E-04
 7.1562228E-06  1.4471771E-05  1.7573171E-05  2.0905413E-05  2.3545109E-05  1.2451250E-02  9.5989048E-03  1.7573171E-05  1.4471771E-05  7.1562228E-06  6.9058276E-04
 6.5037553E-06  1.2835752E-05  1.5487057E-05  1.8335689E-05  2.0592321E-05  1.1015621E-02  8.4827449E-03  1.5487057E-05  1.2835752E-05  6.5037553E-06  5.5414999E-04
 5.8712751E-06  1.1340982E-05  1.3603300E-05  1.6033982E-05  1.7959553E-05  9.7273795E-03  7.4824624E-03  1.3603300E-05  1.1340982E-05  5.8712751E-06  4.4598169E-04
 5.2690265E-06  9.9847981E-06  1.1911826E-05  1.3982256E-05  1.5622464E-05  8.5743068E-03  6.5882809E-03  1.1911826E-05  9.9847981E-06  5.2690265E-06  3.6031329E-04
 0.0000000E+00  5.5696284E-09  2.5827199E-05  5.3570426E-05  7.5548859E-05  7.7301659E-02  6.0388285E-02  2.5827199E-05  5.5696284E-09  0.0000000E+00  3.2035640E-02
 0.0000000E+00  8.3931388E-06  3.0779001E-05  5.4830678E-05  7.3884893E-05  6.9603101E-02  5.4303186E-02  3.0779001E-05  8.3931388E-06  0.0000000E+00  2.6205106E-02
 0.0000000E+00  1.4465046E-05  3.3895867E-05  5.4772525E-05  7.1311644E-05  6.2705288E-02  4.8859256E-02  3.3895867E-05  1.4465046E-05  0.0000000E+00  2.1393135E-02
 0.0000000E+00  1.8653720E-05  3.5544368E-05  5.3691774E-05  6.8068876E-05  5.6524919E-02  4.3988934E-02  3.5544368E-05  1.8653720E-05  0.0000000E+00  1.7445833E-02
 0.0000000E+00  2.1365471E-05  3.6066802E-05  5.1861938E-05  6.4375625E-05  5.0977212E-02  3.9623616E-02  3.6066802E-05  2.1365471E-05  0.0000000E+00  1.4214391E-02
 0.0000000E+00  2.2951356E-05  3.5757836E-05  4.9517094E-05  6.0417981E-05  4.5985183E-02  3.5701091E-02  3.5757836E-05  2.2951356E-05  0.0000000E+00  1.1566991E-02
 0.0000000E+00  2.3681891E-05  3.4843546E-05  4.6835568E-05  5.6336451E-05  4.1485741E-02  3.2170442E-02  3.4843546E-05  2.3681891E-05  0.0000000E+00  9.3981826E-03
 0.0000000E+00  2.3721561E-05  3.3459792E-05  4.3922463E-05  5.2211777E-05  3.7434423E-02  2.8995900E-02  3.3459792E-05  2.3721561E-05  0.0000000E+00  7.6377034E-03
 2.5138071E-06  2.3226463E-05  3.1617716E-05  4.0633178E-05  4.7775980E-05  3.3446160E-02  2.5875193E-02  3.1617716E-05  2.3226463E-05  2.5138071E-06  6.0554310E-03
 4.2537169E-06  2.2313824E-05  2.9535038E-05  3.7293399E-05  4.3440286E-05  2.9845440E-02  2.3061628E-02  2.9535038E-05  2.2313824E-05  4.2537169E-06  4.7814910E-03
 5.3682759E-06  2.1097564E-05  2.7306233E-05  3.3976712E-05  3.9261732E-05  2.6602535E-02  2.0531233E-02  2.7306233E-05  2.1097564E-05  5.3682759E-06  3.7673813E-03
 5.9974299E-06  1.9682910E-05  2.5017292E-05  3.0748436E-05  3.5289266E-05  2.3686887E-02  1.8259414E-02  2.5017292E-05  1.9682910E-05  5.9974299E-06  2.9666947E-03
 6.2673443E-06  1.8162567E-05  2.2742614E-05  2.7663304E-05  3.1562041E-05  2.1068386E-02  1.6221980E-02  2.2742614E-05  1.8162567E-05  6.2673443E-06  2.3368458E-03
 6.2854417E-06  1.6612882E-05  2.0541811E-05  2.4762945E-05  2.8107444E-05  1.8718365E-02  1.4395937E-02  2.0541811E-05  1.6612882E-05  6.2854417E-06  1.8406751E-03
 6.1355525E-06  1.5090151E-05  1.8456654E-05  2.2073522E-05  2.4939274E-05  1.6610641E-02  1.2760328E-02  1.8456654E-05  1.5090151E-05  6.1355525E-06  1.4480335E-03
 5.8732779E-06  1.3627105E-05  1.6508178E-05  1.9603508E-05  2.2056050E-05  1.4722533E-02  1.1297049E-02  1.6508178E-05  1.3627105E-05  5.8732779E-06  1.1373033E-03
 5.5216288E-06  1.2229667E-05  1.4694055E-05  1.7341706E-05  1.9439554E-05  1.3035911E-02  9.9916907E-03  1.4694055E-05  1.2229667E-05  5.5216288E-06  8.9684791E-04
 5.1144873E-06  1.0916458E-05  1.3025130E-05  1.5290607E-05  1.7085655E-05  1.1536339E-02  8.8326782E-03  1.3025130E-05  1.0916458E-05  5.1144873E-06  7.1128654E-04
 4.6986089E-06  9.7066815E-06  1.1507322E-05  1.3441858E-05  1.4974697E-05  1.0191593E-02  7.7946012E-03  1.1507322E-05  9.7066815E-06  4.6986089E-06  5.6174171E-04
 4.2761368E-06  8.5894269E-06  1.0123946E-05  1.1772567E-05  1.3078871E-05  8.9854707E-03  6.8647158E-03  1.0123946E-05  8.5894269E-06  4.2761368E-06  4.4473660E-04
 3.8609517E-06  7.5679240E-06  8.8731316E-06  1.0275388E-05  1.1386489E-05  7.9065867E-03  6.0339760E-03  8.8731316E-06  7.5679240E-06  3.8609517E-06  3.5322595E-04
 3.4629818E-06  6.6422283E-06  7.7503070E-06  8.9407745E-06  9.8840681E-06  6.9439799E-03  5.2936946E-03  7.7503070E-06  6.6422283E-06  3.4629818E-06  2.8150094E-04
 3.0878447E-06  5.8090630E-06  6.7481351E-06  7.7570278E-06  8.5564520E-06  6.0873303E-03  4.6357169E-03  6.7481351E-06  5.8090630E-06  3.0878447E-06  2.2535035E-04
 0.0000000E+00  3.4277172E-09  1.3196952E-05  2.7370606E-05  3.8603868E-05  6.0076394E-02  4.6463858E-02  1.3196952E-05  3.4277172E-09  0.0000000E+00  2.5645017E-02
 0.0000000E+00  5.1638112E-06  1.6536690E-05  2.8754436E-05  3.8437576E-05  5.3806019E-02  4.1560758E-02  1.6536690E-05  5.1638112E-06  0.0000000E+00  2.0695758E-02
 0.0000000E+00  8.8923023E-06  1.8708159E-05  2.9253205E-05  3.7610671E-05  4.8218822E-02  3.7198367E-02  1.8708159E-05  8.8923023E-06  0.0000000E+00  1.6668311E-02
 0.0000000E+00  1.1450840E-05  1.9936090E-05  2.9051678E-05  3.6276242E-05  4.3240742E-02  3.3317359E-02  1.9936090E-05  1.1450840E-05  0.0000000E+00  1.3412840E-02
 0.0000000E+00  1.3087324E-05  2.0432388E-05  2.8323083E-05  3.4576870E-05  3.8796951E-02  2.9857918E-02  2.0432388E-05  1.3087324E-05  0.0000000E+00  1.0786256E-02
 0.0000000E+00  1.4018210E-05  2.0381915E-05  2.7218346E-05  3.2636584E-05  3.4819763E-02  2.6766007E-02  2.0381915E-05  1.4018210E-05  0.0000000E+00  8.6635281E-03
 0.0000000E+00  1.4413497E-05  1.9929911E-05  2.5856106E-05  3.0552943E-05  3.1253919E-02  2.3997576E-02  1.9929911E-05  1.4413497E-05  0.0000000E+00  6.9468274E-03
 0.0000000E+00  1.4381575E-05  1.9169031E-05  2.4312116E-05  2.8388301E-05  2.8060826E-02  2.1521962E-02  1.9169031E-05  1.4381575E-05  0.0000000E+00  5.5742814E-03
 1.5488037E-06  1.4013054E-05  1.8114679E-05  2.2520985E-05  2.6013238E-05  2.4935071E-02  1.9101905E-02  1.8114679E-05  1.4013054E-05  1.5488037E-06  4.3594586E-03
 2.6056081E-06  1.3391781E-05  1.6901019E-05  2.0670931E-05  2.3658810E-05  2.2128828E-02  1.6932149E-02  1.6901019E-05  1.3391781E-05  2.6056081E-06  3.3938139E-03
 3.2675414E-06  1.2590309E-05  1.5589940E-05  1.8812388E-05  2.1366374E-05  1.9616027E-02  1.4991952E-02  1.5589940E-05  1.2590309E-05  3.2675414E-06  2.6360470E-03
 3.6258314E-06  1.1675363E-05  1.4237656E-05  1.6990278E-05  1.9171901E-05  1.7370048E-02  1.3260169E-02  1.4237656E-05  1.1675363E-05  3.6258314E-06  2.0468867E-03
 3.7624025E-06  1.0705374E-05  1.2892636E-05  1.5242368E-05  1.7104679E-05  1.5364804E-02  1.1716112E-02  1.2892636E-05  1.0705374E-05  3.7624025E-06  1.5905676E-03
 3.7466124E-06  9.7280169E-06  1.1593488E-05  1.3597527E-05  1.5185856E-05  1.3575605E-02  1.0340232E-02  1.1593488E-05  9.7280169E-06  3.7466124E-06  1.2362116E-03
 3.6320651E-06  8.7778342E-06  1.0366939E-05  1.2074081E-05  1.3427103E-05  1.1980058E-02  9.1148340E-03  1.0366939E-05  8.7778342E-06  3.6320651E-06  9.5918832E-04
 3.4535655E-06  7.8739829E-06  9.2259132E-06  1.0678264E-05  1.1829347E-05  1.0558939E-02  8.0247705E-03  9.2259132E-06  7.8739829E-06  3.4535655E-06  7.4241859E-04
 3.2242581E-06  7.0181520E-06  8.1677893E-06  9.4028199E-06  1.0381665E-05  9.2970976E-03  7.0581518E-03  8.1677893E-06  7.0181520E-06  3.2242581E-06  5.7761455E-04
 2.9646668E-06  6.2203773E-06  7.1984640E-06  8.2492012E-06  9.0819821E-06  8.1820586E-03  6.2051197E-03  7.1984640E-06  6.2203773E-06  2.9646668E-06  4.5324121E-04
 2.7046855E-06  5.4923582E-06  6.3226910E-06  7.2146990E-06  7.9216771E-06  7.1877912E-03  5.4453713E-03  6.3226910E-06  5.4923582E-06  2.7046855E-06  3.5366213E-04
 2.4444001E-06  4.8257874E-06  5.5292382E-06  6.2849393E-06  6.8838855E-06  6.3012908E-03  4.7687992E-03  5.5292382E-06  4.8257874E-06  2.4444001E-06  2.7677842E-04
 2.1917731E-06  4.2215173E-06  4.8162999E-06  5.4552612E-06  5.9616832E-06  5.5130397E-03  4.1679399E-03  4.8162999E-06  4.2215173E-06  2.1917731E-06  2.1742063E-04
 1.9523207E-06  3.6785389E-06  4.1804719E-06  4.7196868E-06  5.1470533E-06  4.8139627E-03  3.6356943E-03  4.1804719E-06  3.6785389E-06  1.9523207E-06  1.7145739E-04
 1.7288975E-06  3.1939000E-06  3.6167203E-06  4.0709460E-06  4.4309529E-06  4.1956077E-03  3.1654683E-03  3.6167203E-06  3.1939000E-06  1.7288975E-06  1.3591674E-04
 0.0000000E+00  1.9257057E-09  6.3007648E-06  1.3067492E-05  1.8430555E-05  4.5445769E-02  3.4774625E-02  6.3007648E-06  1.9257057E-09  0.0000000E+00  2.0068668E-02
 0.0000000E+00  2.9124355E-06  8.3109878E-06  1.4110551E-05  1.8707079E-05  4.0471398E-02  3.0929472E-02  8.3109878E-06  2.9124355E-06  0.0000000E+00  1.5963702E-02
 0.0000000E+00  5.0314513E-06  9.6645231E-06  1.4641744E-05  1.8586514E-05  3.6064917E-02  2.7528238E-02  9.6645231E-06  5.0314513E-06  0.0000000E+00  1.2672305E-02
 0.0000000E+00  6.4932899E-06  1.0476091E-05  1.4754737E-05  1.8145844E-05  3.2162163E-02  2.4520197E-02  1.0476091E-05  6.4932899E-06  0.0000000E+00  1.0052958E-02
 0.0000000E+00  7.4277762E-06  1.0856642E-05  1.4540204E-05  1.7459670E-05  2.8698766E-02  2.1854562E-02  1.0856642E-05  7.4277762E-06  0.0000000E+00  7.9720599E-03
 0.0000000E+00  7.9515581E-06  1.0906324E-05  1.4080570E-05  1.6596370E-05  2.5616731E-02  1.9485631E-02  1.0906324E-05  7.9515581E-06  0.0000000E+00  6.3143958E-03
 0.0000000E+00  8.1607996E-06  1.0708448E-05  1.3445334E-05  1.5614499E-05  2.2868923E-02  1.7376320E-02  1.0708448E-05  8.1607996E-06  0.0000000E+00  4.9918189E-03
 0.0000000E+00  8.1238138E-06  1.0323275E-05  1.2686112E-05  1.4558818E-05  2.0422750E-02  1.5501075E-02  1.0323275E-05  8.1238138E-06  0.0000000E+00  3.9516637E-03
 9.0741412E-07  7.8870717E-06  9.7608405E-06  1.1773792E-05  1.3369191E-05  1.8042456E-02  1.3678768E-02  9.7608405E-06  7.8870717E-06  9.0741412E-07  3.0457573E-03
 1.5181299E-06  7.5047643E-06  9.0987912E-06  1.0811221E-05  1.2168437E-05  1.5918155E-02  1.2054549E-02  9.0987912E-06  7.5047643E-06  1.5181299E-06  2.3352959E-03
 1.8922010E-06  7.0204694E-06  8.3752683E-06  9.8307003E-06  1.0984229E-05  1.4027667E-02  1.0611015E-02  8.3752683E-06  7.0204694E-06  1.8922010E-06  1.7862170E-03
 2.0858851E-06  6.4741148E-06  7.6248602E-06  8.8610816E-06  9.8408712E-06  1.2348486E-02  9.3305374E-03  7.6248602E-06  6.4741148E-06  2.0858851E-06  1.3663255E-03
 2.1495322E-06  5.9004843E-06  6.8773088E-06  7.9266904E-06  8.7583972E-06  1.0858675E-02  8.1959536E-03  6.8773088E-06  5.9004843E-06  2.1495322E-06  1.0465193E-03
 2.1255559E-06  5.3277237E-06  6.1561939E-06  7.0462015E-06  7.7515936E-06  9.5375976E-03  7.1911445E-03  6.1561939E-06  5.3277237E-06  2.1255559E-06  8.0194141E-04
 2.0464551E-06  4.7759055E-06  5.4776761E-06  6.2315729E-06  6.8290882E-06  8.3666704E-03  6.3016232E-03  5.4776761E-06  4.7759055E-06  2.0464551E-06  6.1311151E-04
 1.9329240E-06  4.2556631E-06  4.8493038E-06  5.4870392E-06  5.9924885E-06  7.3300990E-03  5.5151091E-03  4.8493038E-06  4.2556631E-06  1.9329240E-06  4.6700912E-04
 1.7920769E-06  3.7669313E-06  4.2689224E-06  4.8082004E-06  5.2356157E-06  6.4156206E-03  4.8221097E-03  4.2689224E-06  3.7669313E-06  1.7920769E-06  3.5810169E-04
 1.6357061E-06  3.3147524E-06  3.7395309E-06  4.1958610E-06  4.5575344E-06  5.6128349E-03  4.2145252E-03  3.7395309E-06  3.3147524E-06  1.6357061E-06  2.7802061E-04
 1.4818867E-06  2.9058990E-06  3.2645154E-06  3.6497690E-06  3.9551095E-06  4.9012844E-03  3.6765848E-03  3.2645154E-06  2.9058990E-06  1.4818867E-06  2.1419443E-04
 1.3299580E-06  2.5346904E-06  2.8368217E-06  3.1613945E-06  3.4186413E-06  4.2708587E-03  3.2005288E-03  2.8368217E-06  2.5346904E-06  1.3299580E-06  1.6560284E-04
 1.1842322E-06  2.2010065E-06  2.4550435E-06  2.7279497E-06  2.9442471E-06  3.7138665E-03  2.7804083E-03  2.4550435E-06  2.2010065E-06  1.1842322E-06  1.2859691E-04
 1.0475874E-06  1.9037029E-06  2.1168856E-06  2.3459031E-06  2.5274156E-06  3.2230453E-03  2.4106180E-03  2.1168856E-06  1.9037029E-06  1.0475874E-06  1.0030211E-04
 9.2134522E-07  1.6405715E-06  1.8191493E-06  2.0109915E-06  2.1630400E-06  2.7917053E-03  2.0860076E-03  1.8191493E-06  1.6405715E-06  9.2134522E-07  7.8706259E-05
 0.0000000E+00  9.3187434E-10  2.8016831E-06  5.8104840E-06  8.1951359E-06  3.3289187E-02  2.5184346E-02  2.8016831E-06  9.3187434E-10  0.0000000E+00  1.5269067E-02
 0.0000000E+00  1.4304946E-06  3.8183175E-06  6.3835157E-06  8.4165871E-06  2.9463505E-02  2.2263285E-02  3.8183175E-06  1.4304946E-06  0.0000000E+00  1.1958524E-02
 0.0000000E+00  2.5044901E-06  4.5431211E-06  6.7331877E-06  8.4689458E-06  2.6095877E-02  1.9695563E-02  4.5431211E-06  2.5044901E-06  0.0000000E+00  9.3454358E-03
 0.0000000E+00  3.2681872E-06  5.0118397E-06  6.8850157E-06  8.3696195E-06  2.3132318E-02  1.7439100E-02  5.0118397E-06  3.2681872E-06  0.0000000E+00  7.3004394E-03
 0.0000000E+00  3.7692524E-06  5.2630069E-06  6.8677214E-06  8.1395538E-06  2.0519055E-02  1.5452057E-02  5.2630069E-06  3.7692524E-06  0.0000000E+00  5.7027210E-03
 0.0000000E+00  4.0551117E-06  5.3360954E-06  6.7122336E-06  7.8029061E-06  1.8207843E-02  1.3696942E-02  5.3360954E-06  4.0551117E-06  0.0000000E+00  4.4494436E-03
 0.0000000E+00  4.1710204E-06  5.2702014E-06  6.4510319E-06  7.3869115E-06  1.6159670E-02  1.2143488E-02  5.2702014E-06  4.1710204E-06  0.0000000E+00  3.4637372E-03
 0.0000000E+00  4.1581412E-06  5.1026884E-06  6.1173986E-06  6.9216179E-06  1.4347873E-02  1.0771083E-02  5.1026884E-06  4.1581412E-06  0.0000000E+00  2.7025208E-03
 5.0003405E-07  4.0348627E-06  4.8355284E-06  5.6956692E-06  6.3773830E-06  1.2596206E-02  9.4459070E-03  4.8355284E-06  4.0348627E-06  5.0003405E-07  2.0507891E-03
 8.3254451E-07  3.8318300E-06  4.5095396E-06  5.2375906E-06  5.8146155E-06  1.1042895E-02  8.2722276E-03  4.5095396E-06  3.8318300E-06  8.3254451E-07  1.5468964E-03
 1.0321106E-06  3.5734048E-06  4.1465276E-06  4.7622228E-06  5.2501990E-06  9.6697009E-03  7.2359455E-03  4.1465276E-06  3.5734048E-06  1.0321106E-06  1.1637877E-03
 1.1310651E-06  3.2818596E-06  3.7662628E-06  4.2866482E-06  4.6990856E-06  8.4582307E-03  6.3228592E-03  3.7662628E-06  3.2818596E-06  1.1310651E-06  8.7604189E-04
 1.1582759E-06  2.9765355E-06  3.3857323E-06  3.8253247E-06  4.1737289E-06  7.3906537E-03  5.5192200E-03  3.3857323E-06  2.9765355E-06  1.1582759E-06  6.6085216E-04
 1.1379736E-06  2.6730029E-06  3.0183837E-06  3.3894197E-06  3.6834887E-06  6.4503002E-03  4.8121922E-03  3.0183837E-06  2.6730029E-06  1.1379736E-06  4.9895193E-04
 1.0886095E-06  2.3822538E-06  2.6734016E-06  2.9861762E-06  3.2340695E-06  5.6222738E-03  4.1903267E-03  2.6734016E-06  2.3822538E-06  1.0886095E-06  3.7552172E-04
 1.0217651E-06  2.1099342E-06  2.3550214E-06  2.6183138E-06  2.8269894E-06  4.8940479E-03  3.6440209E-03  2.3550214E-06  2.1099342E-06  1.0217651E-06  2.8105654E-04
 9.4112731E-07  1.8556358E-06  2.0618988E-06  2.2834832E-06  2.4591027E-06  4.2560639E-03  3.1659796E-03  2.0618988E-06  1.8556358E-06  9.4112731E-07  2.1218745E-04
 8.5307138E-07  1.6217650E-06  1.7955099E-06  1.9821607E-06  2.1300931E-06  3.6999875E-03  2.7498096E-03  1.7955099E-06  1.6217650E-06  8.5307138E-07  1.6308932E-04
 7.6776509E-07  1.4120369E-06  1.5580379E-06  1.7148840E-06  1.8391944E-06  3.2102560E-03  2.3836617E-03  1.5580379E-06  1.4120369E-06  7.6776509E-07  1.2400101E-04
 6.8451284E-07  1.2230470E-06  1.3454808E-06  1.4770091E-06  1.5812535E-06  2.7793016E-03  2.0618044E-03  1.3454808E-06  1.2230470E-06  6.8451284E-07  9.4676604E-05
 6.0550803E-07  1.0544758E-06  1.1569437E-06  1.2670231E-06  1.3542679E-06  2.4011466E-03  1.7796797E-03  1.1569437E-06  1.0544758E-06  6.0550803E-07  7.2658790E-05
 5.3215472E-07  9.0547615E-07  9.9106790E-07  1.0830174E-06  1.1558933E-06  2.0702023E-03  1.5330340E-03  9.9106790E-07  9.0547615E-07  5.3215472E-07  5.6040571E-05
 4.6500160E-07  7.7465506E-07  8.4602350E-07  9.2269320E-07  9.8345880E-07  1.7813798E-03  1.3180036E-03  8.4602350E-07  7.7465506E-07  4.6500160E-07  4.3526155E-05
 0.0000000E+00  3.2930982E-10  1.0759023E-06  2.2313593E-06  3.1471642E-06  2.3476127E-02  1.7549504E-02  1.0759023E-06  3.2930982E-10  0.0000000E+00  1.1217468E-02
 0.0000000E+00  5.3437774E-07  1.4444815E-06  2.4221796E-06  3.1970943E-06  2.0639450E-02  1.5411418E-02  1.4444815E-06  5.3437774E-07  0.0000000E+00  8.6386230E-03
 0.0000000E+00  9.8122002E-07  1.7524176E-06  2.5808928E-06  3.2375346E-06  1.8159353E-02  1.3544580E-02  1.7524176E-06  9.8122002E-07  0.0000000E+00  6.6369055E-03
 0.0000000E+00  1.3310442E-06  1.9857934E-06  2.6891715E-06  3.2466624E-06  1.5991966E-02  1.1915299E-02  1.9857934E-06  1.3310442E-06  0.0000000E+00  5.0985017E-03
 0.0000000E+00  1.5806499E-06  2.1374914E-06  2.7356900E-06  3.2098166E-06  1.4093892E-02  1.0490304E-02  2.1374914E-06  1.5806499E-06  0.0000000E+00  3.9182055E-03
 0.0000000E+00  1.7345223E-06  2.2086019E-06  2.7178917E-06  3.1215500E-06  1.2426376E-02  9.2399149E-03  2.2086019E-06  1.7345223E-06  0.0000000E+00  3.0076235E-03
 0.0000000E+00  1.8062090E-06  2.2100631E-06  2.6439119E-06  2.9877762E-06  1.0958260E-02  8.1403126E-03  2.2100631E-06  1.8062090E-06  0.0000000E+00  2.3022636E-03
 0.0000000E+00  1.8197516E-06  2.1643384E-06  2.5345180E-06  2.8279187E-06  9.6685258E-03  7.1754886E-03  2.1643384E-06  1.8197516E-06  0.0000000E+00  1.7685320E-03
 2.5380854E-07  1.7771681E-06  2.0670234E-06  2.3784065E-06  2.6252057E-06  8.4302885E-03  6.2502820E-03  2.0670234E-06  1.7771681E-06  2.5380854E-07  1.3197835E-03
 4.2074957E-07  1.6928912E-06  1.9363159E-06  2.1978201E-06  2.4050856E-06  7.3398397E-03  5.4364243E-03  1.9363159E-06  1.6928912E-06  4.2074957E-07  9.7800605E-04
 5.1900636E-07  1.5794272E-06  1.7836656E-06  2.0030731E-06  2.1769732E-06  6.3827618E-03  4.7229389E-03  1.7836656E-06  1.5794272E-06  5.1900636E-07  7.2267465E-04
 5.6556647E-07  1.4482162E-06  1.6194825E-06  1.8034690E-06  1.9492947E-06  5.5446014E-03  4.0988348E-03  1.6194825E-06  1.4482162E-06  5.6556647E-07  5.3461592E-04
 5.7558099E-07  1.3091979E-06  1.4527414E-06  1.6069459E-06  1.7291669E-06  4.8114264E-03  3.5535287E-03  1.4527414E-06  1.3091979E-06  5.7558099E-07  3.9675784E-04
 5.6174796E-07  1.1703802E-06  1.2905850E-06  1.4197174E-06  1.5220664E-06  4.1702957E-03  3.0772032E-03  1.2905850E-06  1.1703802E-06  5.6174796E-07  2.9484032E-04
 5.3371165E-07  1.0374236E-06  1.1379432E-06  1.2459284E-06  1.3315164E-06  3.6097389E-03  2.6611715E-03  1.1379432E-06  1.0374236E-06  5.3371165E-07  2.1811001E-04
 4.9748909E-07  9.1324667E-07  9.9717196E-07  1.0873304E-06  1.1587891E-06  3.1202229E-03  2.2982318E-03  9.9717196E-07  9.1324667E-07  4.9748909E-07  1.5998400E-04
 4.5493169E-07  7.9766065E-07  8.6772019E-07  9.4298311E-07  1.0026357E-06  2.6946158E-03  1.9830201E-03  8.6772019E-07  7.9766065E-07  4.5493169E-07  1.1867744E-04
 4.0922621E-07  6.9179668E-07  7.5034992E-07  8.1325196E-07  8.6310743E-07  2.3265343E-03  1.7107144E-03  7.5034992E-07  6.9179668E-07  4.0922621E-07  9.0335363E-05
 3.6556117E-07  5.9758369E-07  6.4638785E-07  6.9881674E-07  7.4037131E-07  2.0045855E-03  1.4727527E-03  6.4638785E-07  5.9758369E-07  3.6556117E-07  6.7686068E-05
 3.2346188E-07  5.1329332E-07  5.5388360E-07  5.9748857E-07  6.3204938E-07  1.7233539E-03  1.2650892E-03  5.5388360E-07  5.1329332E-07  3.2346188E-07  5.0962467E-05
 2.8395154E-07  4.3870403E-07  4.7239296E-07  5.0858400E-07  5.3726861E-07  1.4783993E-03  1.0843871E-03  4.7239296E-07  4.3870403E-07  2.8395154E-07  3.8598054E-05
 2.4765082E-07  3.7333925E-07  4.0124303E-07  4.3121924E-07  4.5497805E-07  1.2656123E-03  9.2756322E-04  4.0124303E-07  3.7333925E-07  2.4765082E-07  2.9395799E-05
 2.1474510E-07  3.1645888E-07  3.3952814E-07  3.6431078E-07  3.8395321E-07  1.0812974E-03  7.9185056E-04  3.3952814E-07  3.1645888E-07  2.1474510E-07  2.2568053E-05
 0.0000000E+00  8.5116361E-12  3.7336927E-07  7.7446289E-07  1.0923579E-06  1.5745158E-02  1.1621676E-02  3.7336927E-07  8.5116361E-12  0.0000000E+00  7.8639155E-03
 0.0000000E+00  5.6546473E-08  3.7082299E-07  7.0844362E-07  9.7603186E-07  1.3739199E-02  1.0130490E-02  3.7082299E-07  5.6546473E-08  0.0000000E+00  5.9435402E-03
 0.0000000E+00  1.6820496E-07  4.3315355E-07  7.1778221E-07  9.4337056E-07  1.1998701E-02  8.8382382E-03  4.3315355E-07  1.6820496E-07  0.0000000E+00  4.4802979E-03
 0.0000000E+00  2.9706689E-07  5.2089627E-07  7.6135142E-07  9.5192913E-07  1.0489490E-02  7.7190912E-03  5.2089627E-07  2.9706689E-07  0.0000000E+00  3.3783438E-03
 0.0000000E+00  4.1370002E-07  6.0314820E-07  8.0666834E-07  9.6797245E-07  9.1780031E-03  6.7477198E-03  6.0314820E-07  4.1370002E-07  0.0000000E+00  2.5499945E-03
 0.0000000E+00  5.0009527E-07  6.6063074E-07  8.3309055E-07  9.6977716E-07  8.0344157E-03  5.9016407E-03  6.6063074E-07  5.0009527E-07  0.0000000E+00  1.9225831E-03
 0.0000000E+00  5.5268799E-07  6.8880987E-07  8.3504267E-07  9.5094253E-07  7.0349090E-03  5.1629293E-03  6.8880987E-07  5.5268799E-07  0.0000000E+00  1.4444915E-03
 0.0000000E+00  5.8545818E-07  7.0108931E-07  8.2530934E-07  9.2376251E-07  6.1636595E-03  4.5197241E-03  7.0108931E-07  5.8545818E-07  0.0000000E+00  1.0911448E-03
 1.1617978E-07  5.9234026E-07  6.8914611E-07  7.9314255E-07  8.7556709E-07  5.3337207E-03  3.9076676E-03  6.8914611E-07  5.9234026E-07  1.1617978E-07  7.9978786E-04
 1.9225551E-07  5.7784456E-07  6.5875802E-07  7.4568160E-07  8.1457469E-07  4.6084468E-03  3.3733380E-03  6.5875802E-07  5.7784456E-07  1.9225551E-07  5.8141436E-04
 2.3660468E-07  5.4773790E-07  6.1530785E-07  6.8789678E-07  7.4542865E-07  3.9769829E-03  2.9086042E-03  6.1530785E-07  5.4773790E-07  2.3660468E-07  4.2135192E-04
 2.5706759E-07  5.0733521E-07  5.6373729E-07  6.2432882E-07  6.7235189E-07  3.4285150E-03  2.5053735E-03  5.6373729E-07  5.0733521E-07  2.5706759E-07  3.0597424E-04
 2.6065410E-07  4.6130000E-07  5.0836138E-07  5.5891839E-07  5.9898840E-07  2.9526810E-03  2.1558991E-03  5.0836138E-07  4.6130000E-07  2.6065410E-07  2.2324195E-04
 2.5326136E-07  4.1344778E-07  4.5268453E-07  4.9483571E-07  5.2824351E-07  2.5399242E-03  1.8530442E-03  4.5268453E-07  4.1344778E-07  2.5326136E-07  1.6321678E-04
 2.3939880E-07  3.6655612E-07  3.9922322E-07  4.3431678E-07  4.6213091E-07  2.1818515E-03  1.5905508E-03  3.9922322E-07  3.6655612E-07  2.3939880E-07  1.1856344E-04
 2.2192550E-07  3.2218401E-07  3.4933749E-07  3.7850787E-07  4.0162747E-07  1.8715812E-03  1.3632998E-03  3.4933749E-07  3.2218401E-07  2.2192550E-07  8.5028444E-05
 2.0180360E-07  2.8050396E-07  3.0307473E-07  3.2732202E-07  3.4653971E-07  1.6040870E-03  1.1675681E-03  3.0307473E-07  2.8050396E-07  2.0180360E-07  6.1892363E-05
 1.8049227E-07  2.4212761E-07  2.6091684E-07  2.8110170E-07  2.9709962E-07  1.3747504E-03  9.9992210E-04  2.6091684E-07  2.4212761E-07  1.8049227E-07  4.6769559E-05
 1.6027950E-07  2.0802258E-07  2.2361964E-07  2.4037521E-07  2.5365519E-07  1.1756401E-03  8.5448300E-04  2.2361964E-07  2.0802258E-07  1.6027950E-07  3.4530674E-05
 1.4096587E-07  1.7756161E-07  1.9048143E-07  2.0436090E-07  2.1536137E-07  1.0031065E-03  7.2856335E-04  1.9048143E-07  1.7756161E-07  1.4096587E-07  2.5640166E-05
 1.2299349E-07  1.5070706E-07  1.6138759E-07  1.7286144E-07  1.8195528E-07  8.5403839E-04  6.1985986E-04  1.6138759E-07  1.5070706E-07  1.2299349E-07  1.9169393E-05
 1.0661685E-07  1.2730110E-07  1.3611279E-07  1.4557900E-07  1.5308163E-07  7.2558734E-04  5.2626686E-04  1.3611279E-07  1.2730110E-07  1.0661685E-07  1.4420034E-05
 9.1887756E-08  1.0706038E-07  1.1431726E-07  1.2211315E-07  1.2829196E-07  6.1522649E-04  4.4591967E-04  1.1431726E-07  1.0706038E-07  9.1887756E-08  1.0948419E-05
 0.0000000E+00 -1.1886330E-10  9.8898168E-08  2.0526976E-07  2.8957767E-07  9.9336813E-03  7.2359014E-03  9.8898168E-08 -1.1886330E-10  0.0000000E+00  5.1950936E-03
 0.0000000E+00 -1.3754409E-07 -5.5009222E-08  3.3655976E-08  1.0393017E-07  8.5951692E-03  6.2551952E-03 -5.5009222E-08 -1.3754409E-07  0.0000000E+00  3.8446931E-03
 0.0000000E+00 -1.6913259E-07 -1.0023414E-07 -2.6218219E-08  3.2445268E-08  7.4437719E-03  5.4125120E-03 -1.0023414E-07 -1.6913259E-07  0.0000000E+00  2.8369762E-03
 0.0000000E+00 -1.4002681E-07 -8.2387484E-08 -2.0466967E-08  2.8609957E-08  6.4542047E-03  4.6890624E-03 -8.2387484E-08 -1.4002681E-07  0.0000000E+00  2.0954365E-03
 0.0000000E+00 -8.7006677E-08 -3.8691907E-08  1.3211464E-08  5.4349007E-08  5.6018220E-03  4.0665549E-03 -3.8691907E-08 -8.7006677E-08  0.0000000E+00  1.5508362E-03
 0.0000000E+00 -3.5114203E-08  5.4305000E-09  4.8986677E-08  8.3508408E-08  4.8648425E-03  3.5288423E-03  5.4305000E-09 -3.5114203E-08  0.0000000E+00  1.1466563E-03
 0.0000000E+00  5.7095882E-09  3.9751129E-08  7.6321117E-08  1.0530574E-07  4.2260053E-03  3.0631504E-03  3.9751129E-08  5.7095882E-09  0.0000000E+00  8.4397442E-04
 0.0000000E+00  4.4068566E-08  7.2707040E-08  1.0347264E-07  1.2785683E-07  3.6740475E-03  2.6611783E-03  7.2707040E-08  4.4068566E-08  0.0000000E+00  6.2633990E-04
 4.6209672E-08  7.1350205E-08  9.5073128E-08  1.2055808E-07  1.4075693E-07  3.1528704E-03  2.2819642E-03  9.5073128E-08  7.1350205E-08  4.6209672E-08  4.5048187E-04
 7.6605933E-08  8.7467292E-08  1.0707982E-07  1.2814907E-07  1.4484813E-07  2.7013102E-03  1.9536820E-03  1.0707982E-07  8.7467292E-08  7.6605933E-08  3.2085313E-04
 9.4392125E-08  9.4814492E-08  1.1101135E-07  1.2841124E-07  1.4220203E-07  2.3116725E-03  1.6706652E-03  1.1101135E-07  9.4814492E-08  9.4392125E-08  2.2773496E-04
 1.0258789E-07  9.5644134E-08  1.0901322E-07  1.2337529E-07  1.3475838E-07  1.9763419E-03  1.4273091E-03  1.0901322E-07  9.5644134E-08  1.0258789E-07  1.6215305E-04
 1.0391951E-07  9.1984976E-08  1.0301493E-07  1.1486414E-07  1.2425558E-07  1.6880691E-03  1.2182828E-03  1.0301493E-07  9.1984976E-08  1.0391951E-07  1.1623921E-04
 1.0071442E-07  8.5563586E-08  9.4655061E-08  1.0442181E-07  1.1216273E-07  1.4402208E-03  1.0387132E-03  9.4655061E-08  8.5563586E-08  1.0071442E-07  8.3576231E-05
 9.4798180E-08  7.7727764E-08  8.5208270E-08  9.3244390E-08  9.9613659E-08  1.2270331E-03  8.8437099E-04  8.5208270E-08  7.7727764E-08  9.4798180E-08  5.9533805E-05
 8.7396088E-08  6.9373404E-08  7.5515666E-08  8.2114143E-08  8.7343966E-08  1.0438558E-03  7.5185130E-04  7.5515666E-08  6.9373404E-08  8.7396088E-08  4.1588856E-05
 7.9040707E-08  6.0875947E-08  6.5919617E-08  7.1337904E-08  7.5632332E-08  8.8739296E-04  6.3875012E-04  6.5919617E-08  6.0875947E-08  7.9040707E-08  2.9627552E-05
 7.0331928E-08  5.2630320E-08  5.6779631E-08  6.1237132E-08  6.4770059E-08  7.5453122E-04  5.4278959E-04  5.6779631E-08  5.2630320E-08  7.0331928E-08  2.2288028E-05
 6.2068188E-08  4.5124538E-08  4.8526097E-08  5.2180305E-08  5.5076560E-08  6.4008065E-04  4.6017758E-04  4.8526097E-08  4.5124538E-08  6.2068188E-08  1.6194904E-05
 5.4231890E-08  3.8293393E-08  4.1075217E-08  4.4063660E-08  4.6432242E-08  5.4176243E-04  3.8925997E-04  4.1075217E-08  3.8293393E-08  5.4231890E-08  1.1844320E-05
 4.6996257E-08  3.2214422E-08  3.4484134E-08  3.6922429E-08  3.8854974E-08  4.5754898E-04  3.2855815E-04  3.4484134E-08  3.2214422E-08  4.6996257E-08  8.7300857E-06
 4.0455610E-08  2.6906510E-08  2.8754052E-08  3.0738819E-08  3.2311907E-08  3.8560554E-04  2.7673561E-04  2.8754052E-08  2.6906510E-08  4.0455610E-08  6.4776234E-06
 3.4619172E-08  2.2325831E-08  2.3826585E-08  2.5438808E-08  2.6716624E-08  3.2432870E-04  2.3262603E-04  2.3826585E-08  2.2325831E-08  3.4619172E-08  4.8575908E-06
 0.0000000E+00 -1.3439581E-10  1.5792944E-08  3.2903345E-08  4.6464565E-08  5.7625184E-03  4.1394727E-03  1.5792944E-08 -1.3439581E-10  0.0000000E+00  3.1603903E-03
 0.0000000E+00 -1.6941245E-07 -1.5632048E-07 -1.4225606E-07 -1.3110900E-07  4.9377795E-03  3.5443464E-03 -1.5632048E-07 -1.6941245E-07  0.0000000E+00  2.2839633E-03
 0.0000000E+00 -2.3768145E-07 -2.2690576E-07 -2.1532967E-07 -2.0615479E-07  4.2355264E-03  3.0380640E-03 -2.2690576E-07 -2.3768145E-07  0.0000000E+00  1.6452863E-03
 0.0000000E+00 -2.4373316E-07 -2.3484436E-07 -2.2529531E-07 -2.1772700E-07  3.6382458E-03  2.6078498E-03 -2.3484436E-07 -2.4373316E-07  0.0000000E+00  1.1876436E-03
 0.0000000E+00 -2.1959395E-07 -2.1224681E-07 -2.0435394E-07 -1.9809827E-07  3.1290173E-03  2.2413730E-03 -2.1224681E-07 -2.1959395E-07  0.0000000E+00  8.6032842E-04
 0.0000000E+00 -1.8765199E-07 -1.8157300E-07 -1.7504249E-07 -1.6986658E-07  2.6929995E-03  1.9278277E-03 -1.8157300E-07 -1.8765199E-07  0.0000000E+00  6.2268644E-04
 0.0000000E+00 -1.5782275E-07 -1.5279198E-07 -1.4738753E-07 -1.4310411E-07  2.3185633E-03  1.6587597E-03 -1.5279198E-07 -1.5782275E-07  0.0000000E+00  4.4779483E-04
 0.0000000E+00 -1.2464836E-07 -1.2047580E-07 -1.1599332E-07 -1.1244063E-07  1.9983236E-03  1.4288198E-03 -1.2047580E-07 -1.2464836E-07  0.0000000E+00  3.2615746E-04
 1.4460159E-08 -9.5907706E-08 -9.2505092E-08 -8.8849737E-08 -8.5952604E-08  1.6989237E-03  1.2139994E-03 -9.2505092E-08 -9.5907706E-08  1.4460159E-08  2.2983650E-04
 2.4264660E-08 -7.3090458E-08 -7.0322974E-08 -6.7349927E-08 -6.4993571E-08  1.4419826E-03  1.0297686E-03 -7.0322974E-08 -7.3090458E-08  2.4264660E-08  1.6006737E-04
 3.0239931E-08 -5.5328302E-08 -5.3080779E-08 -5.0666314E-08 -4.8752675E-08  1.2224909E-03  8.7250107E-04 -5.3080779E-08 -5.5328302E-08  3.0239931E-08  1.1102405E-04
 3.3187540E-08 -4.1766575E-08 -3.9942726E-08 -3.7983405E-08 -3.6430501E-08  1.0355243E-03  7.3863371E-04 -3.9942726E-08 -4.1766575E-08  3.3187540E-08  7.7356450E-05
 3.3858309E-08 -3.1592149E-08 -3.0113111E-08 -2.8524213E-08 -2.7264895E-08  8.7642818E-04  6.2480078E-04 -3.0113111E-08 -3.1592149E-08  3.3858309E-08  5.4409368E-05
 3.2927480E-08 -2.4059328E-08 -2.2861545E-08 -2.1574792E-08 -2.0554947E-08  7.4098107E-04  5.2795173E-04 -2.2861545E-08 -2.4059328E-08  3.2927480E-08  3.8431769E-05
 3.0970297E-08 -1.8515602E-08 -1.7548065E-08 -1.6508662E-08 -1.5684860E-08  6.2555856E-04  4.4547025E-04 -1.7548065E-08 -1.8515602E-08  3.0970297E-08  2.6780314E-05
 2.8438555E-08 -1.4426481E-08 -1.3647353E-08 -1.2810352E-08 -1.2146969E-08  5.2729206E-04  3.7528901E-04 -1.3647353E-08 -1.4426481E-08  2.8438555E-08  1.8113236E-05
 2.5638524E-08 -1.1399223E-08 -1.0771857E-08 -1.0097892E-08 -9.5637255E-09  4.4422344E-04  3.1600156E-04 -1.0771857E-08 -1.1399223E-08  2.5638524E-08  1.2572956E-05
 2.2781006E-08 -9.1609326E-09 -8.6545237E-09 -8.1104996E-09 -7.6793208E-09  3.7444455E-04  2.6623381E-04 -8.6545237E-09 -9.1609326E-09  2.2781006E-08  9.4598241E-06
 2.0011880E-08 -7.4619011E-09 -7.0552006E-09 -6.6182912E-09 -6.2720085E-09  3.1483660E-04  2.2374062E-04 -7.0552006E-09 -7.4619011E-09  2.0011880E-08  6.7528713E-06
 1.7393769E-08 -6.1612264E-09 -5.8356562E-09 -5.4859033E-09 -5.2086984E-09  2.6411654E-04  1.8760398E-04 -5.8356562E-09 -6.1612264E-09  1.7393769E-08  4.8564474E-06
 1.4987078E-08 -5.1463494E-09 -4.8865569E-09 -4.6074675E-09 -4.3862686E-09  2.2108475E-04  1.5696218E-04 -4.8865569E-09 -5.1463494E-09  1.4987078E-08  3.5236851E-06
 1.2823679E-08 -4.3349106E-09 -4.1282971E-09 -3.9063367E-09 -3.7304167E-09  1.8466888E-04  1.3104555E-04 -4.1282971E-09 -4.3349106E-09  1.2823679E-08  2.5749987E-06
 1.0904679E-08 -3.6778637E-09 -3.5140457E-09 -3.3380596E-09 -3.1985777E-09  1.5394697E-04  1.0919313E-04 -3.5140457E-09 -3.6778637E-09  1.0904679E-08  1.9049184E-06
 0.0000000E+00 -9.4397596E-11  1.4685964E-09  3.1476842E-09  4.4784904E-09  2.9550489E-03  2.0930464E-03  1.4685964E-09 -9.4397596E-11  0.0000000E+00  1.6984355E-03
 0.0000000E+00 -1.2073017E-07 -1.1948647E-07 -1.1815039E-07 -1.1709145E-07  2.5039448E-03  1.7726833E-03 -1.1948647E-07 -1.2073017E-07  0.0000000E+00  1.1944480E-03
 0.0000000E+00 -1.7279524E-07 -1.7180649E-07 -1.7074430E-07 -1.6990244E-07  2.1246058E-03  1.5034361E-03 -1.7180649E-07 -1.7279524E-07  0.0000000E+00  8.3740278E-04
 0.0000000E+00 -1.8204866E-07 -1.8126241E-07 -1.8041774E-07 -1.7974829E-07  1.8060434E-03  1.2774534E-03 -1.8126241E-07 -1.8204866E-07  0.0000000E+00  5.8959529E-04
 0.0000000E+00 -1.6979889E-07 -1.6917372E-07 -1.6850210E-07 -1.6796980E-07  1.5377573E-03  1.0872365E-03 -1.6917372E-07 -1.6979889E-07  0.0000000E+00  4.1779034E-04
 0.0000000E+00 -1.5099555E-07 -1.5049937E-07 -1.4996633E-07 -1.4954386E-07  1.3106341E-03  9.2628109E-04 -1.5049937E-07 -1.5099555E-07  0.0000000E+00  2.9592840E-04
 0.0000000E+00 -1.3235087E-07 -1.3195845E-07 -1.3153688E-07 -1.3120275E-07  1.1176521E-03  7.8958019E-04 -1.3195845E-07 -1.3235087E-07  0.0000000E+00  2.0762757E-04
 0.0000000E+00 -1.1041785E-07 -1.1010759E-07 -1.0977428E-07 -1.0951011E-07  9.5453709E-04  6.7409354E-04 -1.1010759E-07 -1.1041785E-07  0.0000000E+00  1.4870655E-04
 3.4801211E-09 -9.0495354E-08 -9.0256343E-08 -8.9999580E-08 -8.9796075E-08  8.0370374E-04  5.6735001E-04 -9.0256343E-08 -9.0495354E-08  3.4801211E-09  1.0281988E-04
 6.0878049E-09 -7.3751992E-08 -7.3569736E-08 -7.3373942E-08 -7.3218760E-08  6.7559298E-04  4.7672510E-04 -7.3569736E-08 -7.3751992E-08  6.0878049E-09  7.0121819E-05
 7.8842317E-09 -5.9859018E-08 -5.9721372E-08 -5.9573503E-08 -5.9456304E-08  5.6733652E-04  4.0017886E-04 -5.9721372E-08 -5.9859018E-08  7.8842317E-09  4.7607001E-05
 8.9485726E-09 -4.8473665E-08 -4.8370725E-08 -4.8260139E-08 -4.8172490E-08  4.7613541E-04  3.3572124E-04 -4.8370725E-08 -4.8473665E-08  8.9485726E-09  3.2529485E-05
 9.3781457E-09 -3.9248851E-08 -3.9172755E-08 -3.9091008E-08 -3.9026216E-08  3.9936496E-04  2.8148663E-04 -3.9172755E-08 -3.9248851E-08  9.3781457E-09  2.2516782E-05
 9.2886508E-09 -3.1841639E-08 -3.1786295E-08 -3.1726840E-08 -3.1679717E-08  3.3466866E-04  2.3580075E-04 -3.1786295E-08 -3.1841639E-08  9.2886508E-09  1.5679042E-05
 8.8142233E-09 -2.5921942E-08 -2.5882671E-08 -2.5840483E-08 -2.5807046E-08  2.8005228E-04  1.9724752E-04 -2.5882671E-08 -2.5921942E-08  8.8142233E-09  1.0715118E-05
 8.1073741E-09 -2.1181043E-08 -2.1154157E-08 -2.1125273E-08 -2.1102381E-08  2.3397451E-04  1.6473354E-04 -2.1154157E-08 -2.1181043E-08  8.1073741E-09  7.0135045E-06
 7.3388867E-09 -1.7339967E-08 -1.7322267E-08 -1.7303253E-08 -1.7288183E-08  1.9543494E-04  1.3755065E-04 -1.7322267E-08 -1.7339967E-08  7.3388867E-09  4.7473443E-06
 6.5771765E-09 -1.4225953E-08 -1.4214856E-08 -1.4202935E-08 -1.4193486E-08  1.6342036E-04  1.1498046E-04 -1.4214856E-08 -1.4225953E-08  6.5771765E-09  3.6044654E-06
 5.7855954E-09 -1.1706069E-08 -1.1699996E-08 -1.1693472E-08 -1.1688301E-08  1.3628095E-04  9.5853087E-05 -1.1699996E-08 -1.1706069E-08  5.7855954E-09  2.5359535E-06
 5.0296401E-09 -9.6431980E-09 -9.6407673E-09 -9.6381560E-09 -9.6360860E-09  1.1339920E-04  7.9732483E-05 -9.6407673E-09 -9.6431980E-09  5.0296401E-09  1.7990890E-06
 4.3307078E-09 -7.9498861E-09 -7.9500246E-09 -7.9501736E-09 -7.9502912E-09  9.4161164E-05  6.6183967E-05 -7.9500246E-09 -7.9498861E-09  4.3307078E-09  1.2890068E-06
 3.7006543E-09 -6.5551112E-09 -6.5570004E-09 -6.5590299E-09 -6.5606381E-09  7.8024846E-05  5.4823985E-05 -6.5570004E-09 -6.5551112E-09  3.7006543E-09  9.3050959E-07
 3.1410263E-09 -5.4063212E-09 -5.4093347E-09 -5.4125721E-09 -5.4151376E-09  6.4532273E-05  4.5328669E-05 -5.4093347E-09 -5.4063212E-09  3.1410263E-09  6.8103836E-07
 0.0000000E+00 -5.1923551E-11 -2.5019434E-09 -5.1339511E-09 -7.2199950E-09  1.2623657E-03  8.7938902E-04 -2.5019434E-09 -5.1923551E-11  0.0000000E+00  7.6305390E-04
 0.0000000E+00 -6.6965832E-08 -6.9026835E-08 -7.1240930E-08 -7.2995751E-08  1.0567564E-03  7.3581784E-04 -6.9026835E-08 -6.6965832E-08  0.0000000E+00  5.2201962E-04
 0.0000000E+00 -9.6928384E-08 -9.8664859E-08 -1.0053032E-07 -1.0200882E-07  8.8592407E-04  6.1659142E-04 -9.8664859E-08 -9.6928384E-08  0.0000000E+00  3.5553575E-04
 0.0000000E+00 -1.0363359E-07 -1.0509975E-07 -1.0667482E-07 -1.0792317E-07  7.4424641E-04  5.1776369E-04 -1.0509975E-07 -1.0363359E-07  0.0000000E+00  2.4343112E-04
 0.0000000E+00 -9.8422265E-08 -9.9662577E-08 -1.0099502E-07 -1.0205107E-07  6.2639536E-04  4.3559682E-04 -9.9662577E-08 -9.8422265E-08  0.0000000E+00  1.6810061E-04
 0.0000000E+00 -8.9267113E-08 -9.0317624E-08 -9.1446167E-08 -9.2340614E-08  5.2778426E-04  3.6687469E-04 -9.0317624E-08 -8.9267113E-08  0.0000000E+00  1.1595973E-04
 0.0000000E+00 -7.9774998E-08 -8.0665341E-08 -8.1621818E-08 -8.2379891E-08  4.4492644E-04  3.0915455E-04 -8.0665341E-08 -7.9774998E-08  0.0000000E+00  7.8804016E-05
 0.0000000E+00 -6.8166464E-08 -6.8922467E-08 -6.9734625E-08 -7.0378316E-08  3.7577376E-04  2.6100478E-04 -6.8922467E-08 -6.8166464E-08  0.0000000E+00  5.5183301E-05
-2.8872438E-10 -5.7307572E-08 -5.7940228E-08 -5.8619878E-08 -5.9158546E-08  3.1259359E-04  2.1703227E-04 -5.7940228E-08 -5.7307572E-08 -2.8872438E-10  3.7152930E-05
-2.6746654E-10 -4.7875638E-08 -4.8404221E-08 -4.8972066E-08 -4.9422123E-08  2.5954884E-04  1.8012880E-04 -4.8404221E-08 -4.7875638E-08 -2.6746654E-10  2.4567890E-05
-7.3425308E-11 -3.9781405E-08 -4.0222655E-08 -4.0696681E-08 -4.1072378E-08  2.1527780E-04  1.4934256E-04 -4.0222655E-08 -3.9781405E-08 -7.3425308E-11  1.6135048E-05
 1.7773662E-10 -3.2920264E-08 -3.3288461E-08 -3.3684008E-08 -3.3997505E-08  1.7846021E-04  1.2375094E-04 -3.3288461E-08 -3.2920264E-08  1.7773663E-10  1.0679180E-05
 3.9800986E-10 -2.7174386E-08 -2.7481514E-08 -2.7811456E-08 -2.8072957E-08  1.4786667E-04  1.0249508E-04 -2.7481514E-08 -2.7174386E-08  3.9800986E-10  7.1925364E-06
 5.3298174E-10 -2.2414205E-08 -2.2670200E-08 -2.2945211E-08 -2.3163176E-08  1.2240350E-04  8.4811150E-05 -2.2670200E-08 -2.2414205E-08  5.3298174E-10  4.8823814E-06
 5.6752422E-10 -1.8500159E-08 -1.8713239E-08 -1.8942147E-08 -1.9123572E-08  1.0115743E-04  7.0061661E-05 -1.8713239E-08 -1.8500159E-08  5.6752422E-10  3.2171120E-06
 5.3115940E-10 -1.5284473E-08 -1.5461549E-08 -1.5651779E-08 -1.5802548E-08  8.3438555E-05  5.7765475E-05 -1.5461549E-08 -1.5284473E-08  5.3115940E-10  1.9701148E-06
 5.0306934E-10 -1.2613063E-08 -1.2760227E-08 -1.2918322E-08 -1.3043623E-08  6.8821866E-05  4.7626814E-05 -1.2760227E-08 -1.2613063E-08  5.0306934E-10  1.2610058E-06
 4.9455755E-10 -1.0397291E-08 -1.0519784E-08 -1.0651375E-08 -1.0755670E-08  5.6859191E-05  3.9333275E-05 -1.0519784E-08 -1.0397291E-08  4.9455755E-10  9.7741638E-07
 4.3966832E-10 -8.5778703E-09 -8.6795404E-09 -8.7887624E-09 -8.8753283E-09  4.6822899E-05  3.2377507E-05 -8.6795404E-09 -8.5778703E-09  4.3966832E-10  6.6497408E-07
 3.8140297E-10 -7.0671644E-09 -7.1513757E-09 -7.2418422E-09 -7.3135430E-09  3.8468028E-05  2.6589458E-05 -7.1513757E-09 -7.0671644E-09  3.8140297E-10  4.5638623E-07
 3.2453786E-10 -5.8144660E-09 -5.8840780E-09 -5.9588607E-09 -6.0181311E-09  3.1533140E-05  2.1787129E-05 -5.8840780E-09 -5.8144660E-09  3.2453786E-10  3.1663968E-07
 2.7206759E-10 -4.7765245E-09 -4.8339549E-09 -4.8956513E-09 -4.9445498E-09  2.5790538E-05  1.7812082E-05 -4.8339549E-09 -4.7765245E-09  2.7206759E-10  2.2121704E-07
 2.2504852E-10 -3.9186154E-09 -3.9659130E-09 -4.0167237E-09 -4.0569948E-09  2.1051509E-05  1.4533090E-05 -3.9659130E-09 -3.9186154E-09  2.2504852E-10  1.5712482E-07
 0.0000000E+00 -1.6105747E-11 -1.2016156E-10 -2.3194666E-10 -3.2054391E-10  3.7577146E-04  2.5860284E-04 -1.2016156E-10 -1.6105747E-11  0.0000000E+00  2.3385207E-04
 0.0000000E+00 -2.0689286E-08 -2.0776734E-08 -2.0870677E-08 -2.0945133E-08  3.1311512E-04  2.1546634E-04 -2.0776734E-08 -2.0689286E-08  0.0000000E+00  1.5806408E-04
 0.0000000E+00 -2.9796654E-08 -2.9870261E-08 -2.9949335E-08 -3.0012007E-08  2.6133694E-04  1.7982318E-04 -2.9870261E-08 -2.9796654E-08  0.0000000E+00  1.0636614E-04
 0.0000000E+00 -3.1665006E-08 -3.1727097E-08 -3.1793799E-08 -3.1846666E-08  2.1863165E-04  1.5042881E-04 -3.1727097E-08 -3.1665006E-08  0.0000000E+00  7.2064263E-05
 0.0000000E+00 -2.9870467E-08 -2.9922945E-08 -2.9979322E-08 -3.0024004E-08  1.8329561E-04  1.2610898E-04 -2.9922945E-08 -2.9870467E-08  0.0000000E+00  4.9347335E-05
 0.0000000E+00 -2.6916905E-08 -2.6961313E-08 -2.7009020E-08 -2.7046831E-08  1.5386884E-04  1.0585756E-04 -2.6961313E-08 -2.6916905E-08  0.0000000E+00  3.3771849E-05
 0.0000000E+00 -2.3919522E-08 -2.3957126E-08 -2.3997524E-08 -2.4029542E-08  1.2925010E-04  8.8915927E-05 -2.3957126E-08 -2.3919522E-08  0.0000000E+00  2.2717197E-05
 0.0000000E+00 -2.0281216E-08 -2.0313120E-08 -2.0347393E-08 -2.0374557E-08  1.0880615E-04  7.4848285E-05 -2.0313120E-08 -2.0281216E-08  0.0000000E+00  1.5846394E-05
-8.6923018E-11 -1.6913598E-08 -1.6940273E-08 -1.6968928E-08 -1.6991640E-08  9.0209480E-05  6.2052413E-05 -1.6940273E-08 -1.6913598E-08 -8.6923018E-11  1.0615800E-05
-7.3769582E-11 -1.4009701E-08 -1.4031967E-08 -1.4055887E-08 -1.4074846E-08  7.4658118E-05  5.1352459E-05 -1.4031967E-08 -1.4009701E-08 -7.3769582E-11  6.9830911E-06
-4.9097329E-12 -1.1536584E-08 -1.1555155E-08 -1.1575105E-08 -1.1590916E-08  6.1733122E-05  4.2460015E-05 -1.1555155E-08 -1.1536584E-08 -4.9097329E-12  4.5645180E-06
 8.2202220E-11 -9.4569191E-09 -9.4724016E-09 -9.4890341E-09 -9.5022164E-09  5.1029386E-05  3.5096205E-05 -9.4724016E-09 -9.4569191E-09  8.2202220E-11  3.0118961E-06
 1.5899794E-10 -7.7298278E-09 -7.7427312E-09 -7.7565931E-09 -7.7675797E-09  4.2170850E-05  2.9002156E-05 -7.7427312E-09 -7.7298278E-09  1.5899794E-10  2.0273638E-06
 2.0770995E-10 -6.3115175E-09 -6.3222636E-09 -6.3338079E-09 -6.3429575E-09  3.4824329E-05  2.3948522E-05 -6.3222636E-09 -6.3115175E-09  2.0770995E-10  1.3775474E-06
 2.2320427E-10 -5.1559906E-09 -5.1649276E-09 -5.1745284E-09 -5.1821377E-09  2.8713288E-05  1.9744962E-05 -5.1649276E-09 -5.1559906E-09  2.2320427E-10  9.0729392E-07
 2.1470917E-10 -4.2157595E-09 -4.2231799E-09 -4.2311516E-09 -4.2374697E-09  2.3631085E-05  1.6249260E-05 -4.2231799E-09 -4.2157595E-09  2.1470917E-10  5.5273105E-07
 2.0742930E-10 -3.4425871E-09 -3.4487489E-09 -3.4553684E-09 -3.4606149E-09  1.9453727E-05  1.3376108E-05 -3.4487489E-09 -3.4425871E-09  2.0742930E-10  3.5354243E-07
 2.0513403E-10 -2.8080068E-09 -2.8131316E-09 -2.8186371E-09 -2.8230006E-09  1.6047916E-05  1.1033770E-05 -2.8131316E-09 -2.8080068E-09  2.0513403E-10  2.7789273E-07
 1.8699748E-10 -2.2924246E-09 -2.2966748E-09 -2.3012408E-09 -2.3048596E-09  1.3195424E-05  9.0720529E-06 -2.2966748E-09 -2.2924246E-09  1.8699748E-10  1.9003082E-07
 1.6690071E-10 -1.8689841E-09 -1.8725016E-09 -1.8762804E-09 -1.8792754E-09  1.0826687E-05  7.4431102E-06 -1.8725016E-09 -1.8689841E-09  1.6690071E-10  1.3122689E-07
 1.4656542E-10 -1.5217262E-09 -1.5246316E-09 -1.5277528E-09 -1.5302266E-09  8.8650229E-06  6.0941766E-06 -1.5246316E-09 -1.5217262E-09  1.4656542E-10  9.1688871E-08
 1.2713969E-10 -1.2371507E-09 -1.2395458E-09 -1.2421187E-09 -1.2441580E-09  7.2439486E-06  4.9795086E-06 -1.2395458E-09 -1.2371507E-09  1.2713969E-10  6.4568670E-08
 1.0914601E-10 -1.0045551E-09 -1.0065261E-09 -1.0086434E-09 -1.0103215E-09  5.9087355E-06  4.0614524E-06 -1.0065261E-09 -1.0045551E-09  1.0914601E-10  4.6250281E-08
 0.0000000E+00  4.3232347E-12  3.3959749E-09  7.0395590E-09  9.9273459E-09  2.9902009E-05  2.4105879E-05  3.3959749E-09  4.3232348E-12  0.0000000E+00  7.9507095E-06
 0.0000000E+00  6.0008155E-09  8.8467664E-09  1.1904115E-08  1.4327270E-08  2.9650398E-05  2.3623137E-05  8.8467664E-09  6.0008155E-09  0.0000000E+00  9.8035155E-06
 0.0000000E+00  9.4879197E-09  1.1879813E-08  1.4449375E-08  1.6485928E-08  2.8865230E-05  2.2782934E-05  1.1879813E-08  9.4879197E-09  0.0000000E+00  1.0108133E-05
 0.0000000E+00  1.1227277E-08  1.3241987E-08  1.5406348E-08  1.7121751E-08  2.7694969E-05  2.1692071E-05  1.3241987E-08  1.1227277E-08  0.0000000E+00  9.4597489E-06
 0.0000000E+00  1.1869735E-08  1.3570133E-08  1.5396837E-08  1.6844623E-08  2.6272395E-05  2.0445399E-05  1.3570133E-08  1.1869735E-08  0.0000000E+00  8.3554720E-06
 0.0000000E+00  1.1900397E-08  1.3337303E-08  1.4880942E-08  1.6104381E-08  2.4705978E-05  1.9119757E-05  1.3337303E-08  1.1900397E-08  0.0000000E+00  7.1519609E-06
 0.0000000E+00  1.1585886E-08  1.2800953E-08  1.4106274E-08  1.5140830E-08  2.3071246E-05  1.7767757E-05  1.2800953E-08  1.1585886E-08  0.0000000E+00  6.0233950E-06
 0.0000000E+00  1.0920468E-08  1.1949962E-08  1.3055926E-08  1.3932478E-08  2.1401459E-05  1.6411023E-05  1.1949962E-08  1.0920468E-08  0.0000000E+00  4.9182195E-06
 1.0468665E-09  1.0076393E-08  1.0935919E-08  1.1859290E-08  1.2591124E-08  1.9591052E-05  1.4959894E-05  1.0935919E-08  1.0076393E-08  1.0468665E-09  3.8795936E-06
 1.7138438E-09  9.1573401E-09  9.8737904E-09  1.0643458E-08  1.1253472E-08  1.7829790E-05  1.3563003E-05  9.8737904E-09  9.1573401E-09  1.7138438E-09  3.0246546E-06
 2.0864705E-09  8.2085555E-09  8.8052434E-09  9.4462530E-09  9.9542966E-09  1.6137322E-05  1.2232783E-05  8.8052434E-09  8.2085555E-09  2.0864705E-09  2.3325913E-06
 2.2437279E-09  7.2698306E-09  7.7665967E-09  8.3002624E-09  8.7232287E-09  1.4530409E-05  1.0979541E-05  7.7665967E-09  7.2698306E-09  2.2437279E-09  1.7820128E-06
 2.2549363E-09  6.3738525E-09  6.7873015E-09  7.2314613E-09  7.5834881E-09  1.3022362E-05  9.8111287E-06  6.7873015E-09  6.3738525E-09  2.2549363E-09  1.3515669E-06
 2.1767626E-09  5.5445263E-09  5.8883816E-09  6.2577783E-09  6.5505503E-09  1.1622375E-05  8.7325009E-06  5.8883816E-09  5.5445263E-09  2.1767626E-09  1.0204918E-06
 2.0503127E-09  4.7953811E-09  5.0809570E-09  5.3877453E-09  5.6308958E-09  1.0334915E-05  7.7453367E-06  5.0809570E-09  4.7953811E-09  2.0503127E-09  7.6917881E-07
 1.8983610E-09  4.1280641E-09  4.3648510E-09  4.6192262E-09  4.8208359E-09  9.1591443E-06  6.8476783E-06  4.3648510E-09  4.1280641E-09  1.8983610E-09  5.7972019E-07
 1.7227522E-09  3.5309619E-09  3.7273210E-09  3.9382656E-09  4.1054534E-09  8.0884495E-06  6.0336387E-06  3.7273210E-09  3.5309619E-09  1.7227522E-09  4.3644125E-07
 1.5353563E-09  3.0020434E-09  3.1651511E-09  3.3403743E-09  3.4792506E-09  7.1212094E-06  5.3010848E-06  3.1651511E-09  3.0020434E-09  1.5353563E-09  3.2791626E-07
 1.3618369E-09  2.5452642E-09  2.6803592E-09  2.8254889E-09  2.9405141E-09  6.2501487E-06  4.6434038E-06  2.6803592E-09  2.5452642E-09  1.3618369E-09  2.4678641E-07
 1.1967832E-09  2.1474213E-09  2.2590824E-09  2.3790375E-09  2.4741101E-09  5.4651338E-06  4.0524986E-06  2.2590824E-09  2.1474213E-09  1.1967832E-09  1.8629995E-07
 1.0436400E-09  1.8038263E-09  1.8959359E-09  1.9948873E-09  2.0733131E-09  4.7617083E-06  3.5245102E-06  1.8959359E-09  1.8038263E-09  1.0436400E-09  1.4126488E-07
 9.0434938E-10  1.5093449E-09  1.5851773E-09  1.6666425E-09  1.7312092E-09  4.1348052E-06  3.0552003E-06  1.5851773E-09  1.5093449E-09  9.0434938E-10  1.0761985E-07
 7.7923221E-10  1.2584408E-09  1.3207641E-09  1.3877167E-09  1.4407812E-09  3.5788046E-06  2.6400046E-06  1.3207641E-09  1.2584408E-09  7.7923221E-10  8.2560540E-08
 0.0000000E+00  0.0000000E+00  0.0000000E+00  0.0000000E+00  0.0000000E+00  0.0000000E+00  0.0000000E+00  0.0000000E+00  0.0000000E+00  0.0000000E+00  0.0000000E+00
 0.0000000E+00  0.0000000E+00  0.0000000E+00  0.0000000E+00  0.0000000E+00  0.0000000E+00  0.0000000E+00  0.0000000E+00  0.0000000E+00  0.0000000E+00  0.0000000E+00
 0.0000000E+00  0.0000000E+00  0.0000000E+00  0.0000000E+00  0.0000000E+00  0.0000000E+00  0.0000000E+00  0.0000000E+00  0.0000000E+00  0.0000000E+00  0.0000000E+00
 0.0000000E+00  0.0000000E+00  0.0000000E+00  0.0000000E+00  0.0000000E+00  0.0000000E+00  0.0000000E+00  0.0000000E+00  0.0000000E+00  0.0000000E+00  0.0000000E+00
 0.0000000E+00  0.0000000E+00  0.0000000E+00  0.0000000E+00  0.0000000E+00  0.0000000E+00  0.0000000E+00  0.0000000E+00  0.0000000E+00  0.0000000E+00  0.0000000E+00
 0.0000000E+00  0.0000000E+00  0.0000000E+00  0.0000000E+00  0.0000000E+00  0.0000000E+00  0.0000000E+00  0.0000000E+00  0.0000000E+00  0.0000000E+00  0.0000000E+00
 0.0000000E+00  0.0000000E+00  0.0000000E+00  0.0000000E+00  0.0000000E+00  0.0000000E+00  0.0000000E+00  0.0000000E+00  0.0000000E+00  0.0000000E+00  0.0000000E+00
 0.0000000E+00  0.0000000E+00  0.0000000E+00  0.0000000E+00  0.0000000E+00  0.0000000E+00  0.0000000E+00  0.0000000E+00  0.0000000E+00  0.0000000E+00  0.0000000E+00
 0.0000000E+00  0.0000000E+00  0.0000000E+00  0.0000000E+00  0.0000000E+00  0.0000000E+00  0.0000000E+00  0.0000000E+00  0.0000000E+00  0.0000000E+00  0.0000000E+00
 0.0000000E+00  0.0000000E+00  0.0000000E+00  0.0000000E+00  0.0000000E+00  0.0000000E+00  0.0000000E+00  0.0000000E+00  0.0000000E+00  0.0000000E+00  0.0000000E+00
 0.0000000E+00  0.0000000E+00  0.0000000E+00  0.0000000E+00  0.0000000E+00  0.0000000E+00  0.0000000E+00  0.0000000E+00  0.0000000E+00  0.0000000E+00  0.0000000E+00
 0.0000000E+00  0.0000000E+00  0.0000000E+00  0.0000000E+00  0.0000000E+00  0.0000000E+00  0.0000000E+00  0.0000000E+00  0.0000000E+00  0.0000000E+00  0.0000000E+00
 0.0000000E+00  0.0000000E+00  0.0000000E+00  0.0000000E+00  0.0000000E+00  0.0000000E+00  0.0000000E+00  0.0000000E+00  0.0000000E+00  0.0000000E+00  0.0000000E+00
 0.0000000E+00  0.0000000E+00  0.0000000E+00  0.0000000E+00  0.0000000E+00  0.0000000E+00  0.0000000E+00  0.0000000E+00  0.0000000E+00  0.0000000E+00  0.0000000E+00
 0.0000000E+00  0.0000000E+00  0.0000000E+00  0.0000000E+00  0.0000000E+00  0.0000000E+00  0.0000000E+00  0.0000000E+00  0.0000000E+00  0.0000000E+00  0.0000000E+00
 0.0000000E+00  0.0000000E+00  0.0000000E+00  0.0000000E+00  0.0000000E+00  0.0000000E+00  0.0000000E+00  0.0000000E+00  0.0000000E+00  0.0000000E+00  0.0000000E+00
 0.0000000E+00  0.0000000E+00  0.0000000E+00  0.0000000E+00  0.0000000E+00  0.0000000E+00  0.0000000E+00  0.0000000E+00  0.0000000E+00  0.0000000E+00  0.0000000E+00
 0.0000000E+00  0.0000000E+00  0.0000000E+00  0.0000000E+00  0.0000000E+00  0.0000000E+00  0.0000000E+00  0.0000000E+00  0.0000000E+00  0.0000000E+00  0.0000000E+00
 0.0000000E+00  0.0000000E+00  0.0000000E+00  0.0000000E+00  0.0000000E+00  0.0000000E+00  0.0000000E+00  0.0000000E+00  0.0000000E+00  0.0000000E+00  0.0000000E+00
 0.0000000E+00  0.0000000E+00  0.0000000E+00  0.0000000E+00  0.0000000E+00  0.0000000E+00  0.0000000E+00  0.0000000E+00  0.0000000E+00  0.0000000E+00  0.0000000E+00
 0.0000000E+00  0.0000000E+00  0.0000000E+00  0.0000000E+00  0.0000000E+00  0.0000000E+00  0.0000000E+00  0.0000000E+00  0.0000000E+00  0.0000000E+00  0.0000000E+00
 0.0000000E+00  0.0000000E+00  0.0000000E+00  0.0000000E+00  0.0000000E+00  0.0000000E+00  0.0000000E+00  0.0000000E+00  0.0000000E+00  0.0000000E+00  0.0000000E+00
 0.0000000E+00  0.0000000E+00  0.0000000E+00  0.0000000E+00  0.0000000E+00  0.0000000E+00  0.0000000E+00  0.0000000E+00  0.0000000E+00  0.0000000E+00  0.0000000E+00
---

---
