PdfType: central
Format: lhagrid1
---
   1.0000000000000001E-009   1.4508287784959398E-009   2.1049041445120207E-009   3.0538555088334157E-009   4.4306214575838816E-009   6.4280731172843209E-009   9.3260334688321995E-009   1.3530477745798068E-008   1.9630406500402714E-008   2.8480358684358022E-008   4.1320124001153370E-008   5.9948425031894094E-008   8.6974900261778356E-008   1.2618568830660210E-007   1.8307382802953678E-007   2.6560877829466870E-007   3.8535285937105315E-007   5.5908101825122239E-007   8.1113083078968731E-007   1.1768119524349981E-006   1.7073526474706905E-006   2.4770763559917115E-006   3.5938136638046262E-006   5.2140082879996849E-006   7.5646332755462914E-006   1.0974987654930569E-005   1.5922827933410941E-005   2.3101297000831580E-005   3.3516026509388410E-005   4.8626015800653536E-005   7.0548023107186455E-005   1.0235310218990269E-004   1.4849682622544667E-004   2.1544346900318823E-004   3.1257158496882353E-004   4.5348785081285824E-004   6.5793322465756835E-004   9.5454845666183481E-004   1.3848863713938717E-003   2.0092330025650459E-003   2.9150530628251760E-003   4.2292428743894986E-003   6.1359072734131761E-003   8.9021508544503934E-003   1.2915496650148829E-002   1.8738174228603830E-002   2.7185882427329403E-002   3.9442060594376556E-002   5.7223676593502207E-002   8.3021756813197525E-002  0.10000000000000001       0.11836734693877551       0.13673469387755102       0.15510204081632653       0.17346938775510204       0.19183673469387758       0.21020408163265308       0.22857142857142856       0.24693877551020407       0.26530612244897961       0.28367346938775512       0.30204081632653063       0.32040816326530613       0.33877551020408170       0.35714285714285710       0.37551020408163271       0.39387755102040811       0.41224489795918373       0.43061224489795924       0.44897959183673475       0.46734693877551026       0.48571428571428565       0.50408163265306127       0.52244897959183678       0.54081632653061229       0.55918367346938780       0.57755102040816331       0.59591836734693870       0.61428571428571421       0.63265306122448983       0.65102040816326534       0.66938775510204085       0.68775510204081625       0.70612244897959175       0.72448979591836737       0.74285714285714288       0.76122448979591839       0.77959183673469379       0.79795918367346941       0.81632653061224492       0.83469387755102042       0.85306122448979593       0.87142857142857133       0.88979591836734695       0.90816326530612246       0.92653061224489797       0.94489795918367347       0.96326530612244898       0.98163265306122449        1.0000000000000000     
  0.99999999999999989        1.0768843285925549        1.1642787193942459        1.2640246654080958        1.3783565426534774        1.5099999999999998     
  -5 -4 -3 -2 -1 21  1  2  3  4  5
 0.0000000E+00  0.0000000E+00  5.7696218E-01  5.7995730E-01  5.7998575E-01  2.8739230E-01  5.8004917E-01  5.8002483E-01  5.7696218E-01  0.0000000E+00  0.0000000E+00
 0.0000000E+00  0.0000000E+00  6.0650460E-01  6.0955207E-01  6.0958148E-01  7.2431423E-01  6.0964739E-01  6.0962217E-01  6.0650460E-01  0.0000000E+00  0.0000000E+00
 0.0000000E+00  0.0000000E+00  6.7523211E-01  6.7833173E-01  6.7836212E-01  1.5200063E+00  6.7843054E-01  6.7840443E-01  6.7523211E-01  0.0000000E+00  0.0000000E+00
 0.0000000E+00  0.0000000E+00  7.9526137E-01  7.9841297E-01  7.9844433E-01  2.8283787E+00  7.9851528E-01  7.9848829E-01  7.9526137E-01  0.0000000E+00  0.0000000E+00
 0.0000000E+00  0.0000000E+00  9.8008173E-01  9.8328514E-01  9.8331750E-01  4.8603688E+00  9.8339099E-01  9.8336311E-01  9.8008172E-01  0.0000000E+00  0.0000000E+00
 0.0000000E+00  0.0000000E+00  1.2446346E+00  1.2478897E+00  1.2479231E+00  7.8960678E+00  1.2479991E+00  1.2479704E+00  1.2446346E+00  0.0000000E+00  0.0000000E+00
 0.0000000E+00  0.0000000E+00  5.6491231E-01  5.6829399E-01  5.6832823E-01 -4.9838582E-01  5.6840405E-01  5.6837455E-01  5.6491231E-01  0.0000000E+00  0.0000000E+00
 0.0000000E+00  0.0000000E+00  5.9314969E-01  5.9658987E-01  5.9662525E-01 -5.0064747E-02  5.9670405E-01  5.9667351E-01  5.9314969E-01  0.0000000E+00  0.0000000E+00
 0.0000000E+00  0.0000000E+00  6.5927732E-01  6.6277576E-01  6.6281231E-01  7.5397366E-01  6.6289412E-01  6.6286252E-01  6.5927732E-01  0.0000000E+00  0.0000000E+00
 0.0000000E+00  0.0000000E+00  7.7451018E-01  7.7806667E-01  7.7810437E-01  2.0639663E+00  7.7818923E-01  7.7815658E-01  7.7451018E-01  0.0000000E+00  0.0000000E+00
 0.0000000E+00  0.0000000E+00  9.5126485E-01  9.5487920E-01  9.5491806E-01  4.0839225E+00  9.5500599E-01  9.5497227E-01  9.5126485E-01  0.0000000E+00  0.0000000E+00
 0.0000000E+00  0.0000000E+00  1.2032305E+00  1.2069026E+00  1.2069426E+00  7.0823856E+00  1.2070336E+00  1.2069988E+00  1.2032305E+00  0.0000000E+00  0.0000000E+00
 0.0000000E+00  0.0000000E+00  5.5405072E-01  5.5786691E-01  5.5790811E-01 -1.0811596E+00  5.5799877E-01  5.5796304E-01  5.5405072E-01  0.0000000E+00  0.0000000E+00
 0.0000000E+00  0.0000000E+00  5.8155129E-01  5.8543274E-01  5.8547529E-01 -6.1899487E-01  5.8556954E-01  5.8553258E-01  5.8155129E-01  0.0000000E+00  0.0000000E+00
 0.0000000E+00  0.0000000E+00  6.4563030E-01  6.4957673E-01  6.4962065E-01  1.9533578E-01  6.4971852E-01  6.4968030E-01  6.4563030E-01  0.0000000E+00  0.0000000E+00
 0.0000000E+00  0.0000000E+00  7.5664664E-01  7.6065779E-01  7.6070308E-01  1.5081344E+00  7.6080460E-01  7.6076514E-01  7.5664664E-01  0.0000000E+00  0.0000000E+00
 0.0000000E+00  0.0000000E+00  9.2600635E-01  9.3008199E-01  9.3012865E-01  3.5162394E+00  9.3023386E-01  9.3019314E-01  9.2600635E-01  0.0000000E+00  0.0000000E+00
 0.0000000E+00  0.0000000E+00  1.1662267E+00  1.1703666E+00  1.1704146E+00  6.4765165E+00  1.1705236E+00  1.1704815E+00  1.1662267E+00  0.0000000E+00  0.0000000E+00
 0.0000000E+00  0.0000000E+00  5.4413817E-01  5.4844223E-01  5.4849178E-01 -1.5054554E+00  5.4860028E-01  5.4855706E-01  5.4413819E-01  0.0000000E+00  0.0000000E+00
 0.0000000E+00  0.0000000E+00  5.7131903E-01  5.7569577E-01  5.7574693E-01 -1.0284412E+00  5.7585974E-01  5.7581505E-01  5.7131905E-01  0.0000000E+00  0.0000000E+00
 0.0000000E+00  0.0000000E+00  6.3375787E-01  6.3820695E-01  6.3825971E-01 -2.0322192E-01  6.3837688E-01  6.3833070E-01  6.3375789E-01  0.0000000E+00  0.0000000E+00
 0.0000000E+00  0.0000000E+00  7.4100124E-01  7.4552234E-01  7.4557672E-01  1.1123226E+00  7.4569828E-01  7.4565062E-01  7.4100126E-01  0.0000000E+00  0.0000000E+00
 0.0000000E+00  0.0000000E+00  9.0350404E-01  9.0809687E-01  9.0815286E-01  3.1076475E+00  9.0827886E-01  9.0822970E-01  9.0350406E-01  0.0000000E+00  0.0000000E+00
 0.0000000E+00  0.0000000E+00  1.1326877E+00  1.1373520E+00  1.1374096E+00  6.0278554E+00  1.1375401E+00  1.1374894E+00  1.1326877E+00  0.0000000E+00  0.0000000E+00
 0.0000000E+00  0.0000000E+00  5.3564237E-01  5.4049357E-01  5.4055313E-01 -1.8106977E+00  5.4068305E-01  5.4063079E-01  5.3564237E-01  0.0000000E+00  0.0000000E+00
 0.0000000E+00  0.0000000E+00  5.6279798E-01  5.6772995E-01  5.6779141E-01 -1.3176332E+00  5.6792651E-01  5.6787251E-01  5.6279797E-01  0.0000000E+00  0.0000000E+00
 0.0000000E+00  0.0000000E+00  6.2388352E-01  6.2889587E-01  6.2895922E-01 -4.8087772E-01  6.2909955E-01  6.2904381E-01  6.2388352E-01  0.0000000E+00  0.0000000E+00
 0.0000000E+00  0.0000000E+00  7.2767646E-01  7.3276880E-01  7.3283404E-01  8.3730147E-01  7.3297966E-01  7.3292215E-01  7.2767646E-01  0.0000000E+00  0.0000000E+00
 0.0000000E+00  0.0000000E+00  8.8373822E-01  8.8891018E-01  8.8897732E-01  2.8188188E+00  8.8912827E-01  8.8906900E-01  8.8373821E-01  0.0000000E+00  0.0000000E+00
 0.0000000E+00  0.0000000E+00  1.1024676E+00  1.1077188E+00  1.1077879E+00  5.6969955E+00  1.1079442E+00  1.1078831E+00  1.1024676E+00  0.0000000E+00  0.0000000E+00
 0.0000000E+00  0.0000000E+00  5.2851185E-01  5.3397651E-01  5.3404805E-01 -2.0191242E+00  5.3420372E-01  5.3414060E-01  5.2851185E-01  0.0000000E+00  0.0000000E+00
 0.0000000E+00  0.0000000E+00  5.5580142E-01  5.6135562E-01  5.6142939E-01 -1.5097309E+00  5.6159130E-01  5.6152612E-01  5.5580142E-01  0.0000000E+00  0.0000000E+00
 0.0000000E+00  0.0000000E+00  6.1569440E-01  6.2133767E-01  6.2141365E-01 -6.6174272E-01  6.2158186E-01  6.2151462E-01  6.1569440E-01  0.0000000E+00  0.0000000E+00
 0.0000000E+00  0.0000000E+00  7.1624071E-01  7.2197257E-01  7.2205077E-01  6.5802623E-01  7.2222532E-01  7.2215602E-01  7.1624071E-01  0.0000000E+00  0.0000000E+00
 0.0000000E+00  0.0000000E+00  8.6616336E-01  8.7198337E-01  8.7206378E-01  2.6238462E+00  8.7224475E-01  8.7217338E-01  8.6616336E-01  0.0000000E+00  0.0000000E+00
 0.0000000E+00  0.0000000E+00  1.0749078E+00  1.0808155E+00  1.0808982E+00  5.4572994E+00  1.0810856E+00  1.0810121E+00  1.0749078E+00  0.0000000E+00  0.0000000E+00
 0.0000000E+00  0.0000000E+00  5.2193351E-01  5.2808457E-01  5.2817045E-01 -2.1498814E+00  5.2835707E-01  5.2828090E-01  5.2193350E-01  0.0000000E+00  0.0000000E+00
 0.0000000E+00  0.0000000E+00  5.4947932E-01  5.5572937E-01  5.5581784E-01 -1.6247878E+00  5.5601197E-01  5.5593340E-01  5.4947932E-01  0.0000000E+00  0.0000000E+00
 0.0000000E+00  0.0000000E+00  6.0830547E-01  6.1465391E-01  6.1474497E-01 -7.6666961E-01  6.1494668E-01  6.1486568E-01  6.0830547E-01  0.0000000E+00  0.0000000E+00
 0.0000000E+00  0.0000000E+00  7.0577502E-01  7.1222128E-01  7.1231492E-01  5.5295442E-01  7.1252427E-01  7.1244086E-01  7.0577501E-01  0.0000000E+00  0.0000000E+00
 0.0000000E+00  0.0000000E+00  8.4982569E-01  8.5636923E-01  8.5646546E-01  2.5006266E+00  8.5668251E-01  8.5659668E-01  8.4982569E-01  0.0000000E+00  0.0000000E+00
 0.0000000E+00  0.0000000E+00  1.0490158E+00  1.0556561E+00  1.0557549E+00  5.2862657E+00  1.0559798E+00  1.0558915E+00  1.0490158E+00  0.0000000E+00  0.0000000E+00
 0.0000000E+00  0.0000000E+00  5.1556678E-01  5.2248386E-01  5.2258683E-01 -2.2185713E+00  5.2281080E-01  5.2271901E-01  5.1556678E-01  0.0000000E+00  0.0000000E+00
 0.0000000E+00  0.0000000E+00  5.4348749E-01  5.5051366E-01  5.5061964E-01 -1.6790494E+00  5.5085265E-01  5.5075805E-01  5.4348749E-01  0.0000000E+00  0.0000000E+00
 0.0000000E+00  0.0000000E+00  6.0136579E-01  6.0850033E-01  6.0860931E-01 -8.1253094E-01  6.0885144E-01  6.0875402E-01  6.0136579E-01  0.0000000E+00  0.0000000E+00
 0.0000000E+00  0.0000000E+00  6.9591809E-01  7.0316031E-01  7.0327230E-01  5.0464616E-01  7.0352362E-01  7.0342338E-01  6.9591809E-01  0.0000000E+00  0.0000000E+00
 0.0000000E+00  0.0000000E+00  8.3434850E-01  8.4169775E-01  8.4181273E-01  2.4312594E+00  8.4207331E-01  8.4197026E-01  8.3434850E-01  0.0000000E+00  0.0000000E+00
 0.0000000E+00  0.0000000E+00  1.0243918E+00  1.0318475E+00  1.0319654E+00  5.1656890E+00  1.0322354E+00  1.0321295E+00  1.0243918E+00  0.0000000E+00  0.0000000E+00
 0.0000000E+00  0.0000000E+00  5.0970539E-01  5.1747627E-01  5.1759960E-01 -2.2427543E+00  5.1786864E-01  5.1775820E-01  5.0970536E-01  0.0000000E+00  0.0000000E+00
 0.0000000E+00  0.0000000E+00  5.3801431E-01  5.4590496E-01  5.4603175E-01 -1.6898232E+00  5.4631169E-01  5.4619796E-01  5.3801429E-01  0.0000000E+00  0.0000000E+00
 0.0000000E+00  0.0000000E+00  5.9497281E-01  6.0298236E-01  6.0311261E-01 -8.1635459E-01  6.0340352E-01  6.0328652E-01  5.9497278E-01  0.0000000E+00  0.0000000E+00
 0.0000000E+00  0.0000000E+00  6.8668816E-01  6.9481579E-01  6.9494950E-01  4.9638902E-01  6.9525147E-01  6.9513120E-01  6.8668814E-01  0.0000000E+00  0.0000000E+00
 0.0000000E+00  0.0000000E+00  8.1967906E-01  8.2792399E-01  8.2806114E-01  2.3994048E+00  8.2837425E-01  8.2825072E-01  8.1967904E-01  0.0000000E+00  0.0000000E+00
 0.0000000E+00  0.0000000E+00  1.0009161E+00  1.0092776E+00  1.0094181E+00  5.0796896E+00  1.0097425E+00  1.0096157E+00  1.0009161E+00  0.0000000E+00  0.0000000E+00
 0.0000000E+00  0.0000000E+00  5.0475564E-01  5.1347462E-01  5.1362204E-01 -2.2267002E+00  5.1394565E-01  5.1381296E-01  5.0475563E-01  0.0000000E+00  0.0000000E+00
 0.0000000E+00  0.0000000E+00  5.3352899E-01  5.4237907E-01  5.4253049E-01 -1.6614643E+00  5.4286718E-01  5.4273071E-01  5.3352898E-01  0.0000000E+00  0.0000000E+00
 0.0000000E+00  0.0000000E+00  5.8964124E-01  5.9862139E-01  5.9877677E-01 -7.8274071E-01  5.9912666E-01  5.9898641E-01  5.8964123E-01  0.0000000E+00  0.0000000E+00
 0.0000000E+00  0.0000000E+00  6.7862963E-01  6.8773884E-01  6.8789818E-01  5.2324410E-01  6.8826136E-01  6.8811734E-01  6.7862962E-01  0.0000000E+00  0.0000000E+00
 0.0000000E+00  0.0000000E+00  8.0637602E-01  8.1561335E-01  8.1577662E-01  2.3997591E+00  8.1615319E-01  8.1600542E-01  8.0637602E-01  0.0000000E+00  0.0000000E+00
 0.0000000E+00  0.0000000E+00  9.7914522E-01  9.8850974E-01  9.8867693E-01  5.0226389E+00  9.8906701E-01  9.8891548E-01  9.7914521E-01  0.0000000E+00  0.0000000E+00
 0.0000000E+00  0.0000000E+00  5.0186125E-01  5.1163200E-01  5.1180789E-01 -2.1692285E+00  5.1219746E-01  5.1203837E-01  5.0186125E-01  0.0000000E+00  0.0000000E+00
 0.0000000E+00  0.0000000E+00  5.3094791E-01  5.4086142E-01  5.4104186E-01 -1.5952760E+00  5.4144718E-01  5.4128374E-01  5.3094791E-01  0.0000000E+00  0.0000000E+00
 0.0000000E+00  0.0000000E+00  5.8608343E-01  5.9613847E-01  5.9632343E-01 -7.1513111E-01  5.9674459E-01  5.9657683E-01  5.8608343E-01  0.0000000E+00  0.0000000E+00
 0.0000000E+00  0.0000000E+00  6.7227119E-01  6.8246657E-01  6.8265601E-01  5.7996797E-01  6.8309315E-01  6.8292108E-01  6.7227119E-01  0.0000000E+00  0.0000000E+00
 0.0000000E+00  0.0000000E+00  7.9480121E-01  8.0513578E-01  8.0532970E-01  2.4256152E+00  8.0578292E-01  8.0560656E-01  7.9480121E-01  0.0000000E+00  0.0000000E+00
 0.0000000E+00  0.0000000E+00  9.5928649E-01  9.6975917E-01  9.6995754E-01  4.9867115E+00  9.7042696E-01  9.7024632E-01  9.5928649E-01  0.0000000E+00  0.0000000E+00
 0.0000000E+00  0.0000000E+00  4.9949620E-01  5.1043158E-01  5.1064096E-01 -2.0878331E+00  5.1111031E-01  5.1092004E-01  4.9949621E-01  0.0000000E+00  0.0000000E+00
 0.0000000E+00  0.0000000E+00  5.2880834E-01  5.3989846E-01  5.4011296E-01 -1.5091116E+00  5.4060124E-01  5.4040602E-01  5.2880835E-01  0.0000000E+00  0.0000000E+00
 0.0000000E+00  0.0000000E+00  5.8289636E-01  5.9413973E-01  5.9435933E-01 -6.3146549E-01  5.9486666E-01  5.9466652E-01  5.8289637E-01  0.0000000E+00  0.0000000E+00
 0.0000000E+00  0.0000000E+00  6.6626536E-01  6.7766055E-01  6.7788522E-01  6.4878425E-01  6.7841171E-01  6.7820668E-01  6.6626536E-01  0.0000000E+00  0.0000000E+00
 0.0000000E+00  0.0000000E+00  7.8365706E-01  7.9520271E-01  7.9543239E-01  2.4595960E+00  7.9597821E-01  7.9576831E-01  7.8365707E-01  0.0000000E+00  0.0000000E+00
 0.0000000E+00  0.0000000E+00  9.4008433E-01  9.5177910E-01  9.5201378E-01  4.9551576E+00  9.5257904E-01  9.5236430E-01  9.4008434E-01  0.0000000E+00  0.0000000E+00
 0.0000000E+00  0.0000000E+00  4.9710684E-01  5.0932976E-01  5.0957826E-01 -2.0018277E+00  5.1014438E-01  5.0991746E-01  4.9710685E-01  0.0000000E+00  0.0000000E+00
 0.0000000E+00  0.0000000E+00  5.2651167E-01  5.3890099E-01  5.3915525E-01 -1.4207497E+00  5.3974408E-01  5.3951159E-01  5.2651168E-01  0.0000000E+00  0.0000000E+00
 0.0000000E+00  0.0000000E+00  5.7944920E-01  5.9200317E-01  5.9226311E-01 -5.4815130E-01  5.9287480E-01  5.9263677E-01  5.7944921E-01  0.0000000E+00  0.0000000E+00
 0.0000000E+00  0.0000000E+00  6.5995946E-01  6.7267638E-01  6.7294195E-01  7.1453908E-01  6.7357665E-01  6.7333312E-01  6.5995947E-01  0.0000000E+00  0.0000000E+00
 0.0000000E+00  0.0000000E+00  7.7227635E-01  7.8515458E-01  7.8542575E-01  2.4877340E+00  7.8608359E-01  7.8583460E-01  7.7227636E-01  0.0000000E+00  0.0000000E+00
 0.0000000E+00  0.0000000E+00  9.2086039E-01  9.3389836E-01  9.3417505E-01  4.9151778E+00  9.3485622E-01  9.3460180E-01  9.2086040E-01  0.0000000E+00  0.0000000E+00
 0.0000000E+00  0.0000000E+00  4.9451755E-01  5.0815331E-01  5.0844729E-01 -1.9277360E+00  5.0913076E-01  5.0886106E-01  4.9451756E-01  0.0000000E+00  0.0000000E+00
 0.0000000E+00  0.0000000E+00  5.2398956E-01  5.3780266E-01  5.3810298E-01 -1.3466824E+00  5.3881370E-01  5.3853779E-01  5.2398957E-01  0.0000000E+00  0.0000000E+00
 0.0000000E+00  0.0000000E+00  5.7577079E-01  5.8975922E-01  5.9006580E-01 -4.8130212E-01  5.9080393E-01  5.9052185E-01  5.7577080E-01  0.0000000E+00  0.0000000E+00
 0.0000000E+00  0.0000000E+00  6.5346903E-01  6.6763080E-01  6.6794359E-01  7.6181325E-01  6.6870928E-01  6.6842109E-01  6.5346904E-01  0.0000000E+00  0.0000000E+00
 0.0000000E+00  0.0000000E+00  7.6084968E-01  7.7518290E-01  7.7550181E-01  2.4955893E+00  7.7629524E-01  7.7600098E-01  7.6084969E-01  0.0000000E+00  0.0000000E+00
 0.0000000E+00  0.0000000E+00  9.0186680E-01  9.1636964E-01  9.1669462E-01  4.8535660E+00  9.1751595E-01  9.1721568E-01  9.0186681E-01  0.0000000E+00  0.0000000E+00
 0.0000000E+00  0.0000000E+00  4.9299650E-01  5.0817183E-01  5.0851820E-01 -1.8861804E+00  5.0934426E-01  5.0902504E-01  4.9299649E-01  0.0000000E+00  0.0000000E+00
 0.0000000E+00  0.0000000E+00  5.2238404E-01  5.3774663E-01  5.3809988E-01 -1.3022535E+00  5.3895857E-01  5.3863250E-01  5.2238404E-01  0.0000000E+00  0.0000000E+00
 0.0000000E+00  0.0000000E+00  5.7288741E-01  5.8843492E-01  5.8879496E-01 -4.4156969E-01  5.8968644E-01  5.8935361E-01  5.7288740E-01  0.0000000E+00  0.0000000E+00
 0.0000000E+00  0.0000000E+00  6.4771292E-01  6.6344308E-01  6.6380983E-01  7.8406659E-01  6.6473427E-01  6.6439475E-01  6.4771291E-01  0.0000000E+00  0.0000000E+00
 0.0000000E+00  0.0000000E+00  7.5019425E-01  7.6610489E-01  7.6647826E-01  2.4801885E+00  7.6743585E-01  7.6708969E-01  7.5019425E-01  0.0000000E+00  0.0000000E+00
 0.0000000E+00  0.0000000E+00  8.8382173E-01  8.9991073E-01  9.0029065E-01  4.7704237E+00  9.0128156E-01  9.0092884E-01  8.8382173E-01  0.0000000E+00  0.0000000E+00
 0.0000000E+00  0.0000000E+00  4.9087852E-01  5.0771402E-01  5.0812007E-01 -1.8392358E+00  5.0911936E-01  5.0874339E-01  4.9087853E-01  0.0000000E+00  0.0000000E+00
 0.0000000E+00  0.0000000E+00  5.2009427E-01  5.3712625E-01  5.3753966E-01 -1.2525412E+00  5.3857790E-01  5.3819455E-01  5.2009427E-01  0.0000000E+00  0.0000000E+00
 0.0000000E+00  0.0000000E+00  5.6925900E-01  5.8648476E-01  5.8690539E-01 -3.9712876E-01  5.8798279E-01  5.8759212E-01  5.6925900E-01  0.0000000E+00  0.0000000E+00
 0.0000000E+00  0.0000000E+00  6.4120804E-01  6.5862495E-01  6.5905270E-01  8.1007302E-01  6.6016942E-01  6.5977154E-01  6.4120805E-01  0.0000000E+00  0.0000000E+00
 0.0000000E+00  0.0000000E+00  7.3887891E-01  7.5648442E-01  7.5691919E-01  2.4674052E+00  7.5807542E-01  7.5767041E-01  7.3887891E-01  0.0000000E+00  0.0000000E+00
 0.0000000E+00  0.0000000E+00  8.6533884E-01  8.8313051E-01  8.8357218E-01  4.6889516E+00  8.8476815E-01  8.8435607E-01  8.6533885E-01  0.0000000E+00  0.0000000E+00
 0.0000000E+00  0.0000000E+00  4.8723284E-01  5.0586809E-01  5.0634126E-01 -1.7901678E+00  5.0755016E-01  5.0711008E-01  4.8723284E-01  0.0000000E+00  0.0000000E+00
 0.0000000E+00  0.0000000E+00  5.1625365E-01  5.3509172E-01  5.3557253E-01 -1.2016140E+00  5.3682786E-01  5.3637994E-01  5.1625365E-01  0.0000000E+00  0.0000000E+00
 0.0000000E+00  0.0000000E+00  5.6408092E-01  5.8311874E-01  5.8360706E-01 -3.5235839E-01  5.8490898E-01  5.8445334E-01  5.6408093E-01  0.0000000E+00  0.0000000E+00
 0.0000000E+00  0.0000000E+00  6.3320795E-01  6.5244253E-01  6.5293821E-01  8.3550775E-01  6.5428693E-01  6.5382368E-01  6.3320796E-01  0.0000000E+00  0.0000000E+00
 0.0000000E+00  0.0000000E+00  7.2620971E-01  7.4563817E-01  7.4614109E-01  2.4532399E+00  7.4753681E-01  7.4706604E-01  7.2620972E-01  0.0000000E+00  0.0000000E+00
 0.0000000E+00  0.0000000E+00  8.4576861E-01  8.6538817E-01  8.6589820E-01  4.6056768E+00  8.6734114E-01  8.6686294E-01  8.4576861E-01  0.0000000E+00  0.0000000E+00
 0.0000000E+00  0.0000000E+00  4.8237154E-01  5.0292463E-01  5.0347185E-01 -1.7346759E+00  5.0493431E-01  5.0442308E-01  4.8237154E-01  0.0000000E+00  0.0000000E+00
 0.0000000E+00  0.0000000E+00  5.1114602E-01  5.3190470E-01  5.3245964E-01 -1.1440292E+00  5.3397726E-01  5.3345795E-01  5.1114602E-01  0.0000000E+00  0.0000000E+00
 0.0000000E+00  0.0000000E+00  5.5760819E-01  5.7856906E-01  5.7913155E-01 -3.0123973E-01  5.8070453E-01  5.8017725E-01  5.5760819E-01  0.0000000E+00  0.0000000E+00
 0.0000000E+00  0.0000000E+00  6.2393791E-01  6.4509769E-01  6.4566756E-01  8.6658032E-01  6.4729609E-01  6.4676097E-01  6.2393791E-01  0.0000000E+00  0.0000000E+00
 0.0000000E+00  0.0000000E+00  7.1238011E-01  7.3373562E-01  7.3431273E-01  2.4438531E+00  7.3599703E-01  7.3545417E-01  7.1238011E-01  0.0000000E+00  0.0000000E+00
 0.0000000E+00  0.0000000E+00  8.2526877E-01  8.4681695E-01  8.4740115E-01  4.5265836E+00  8.4914144E-01  8.4859095E-01  8.2526877E-01  0.0000000E+00  0.0000000E+00
 0.0000000E+00  0.0000000E+00  4.7562537E-01  4.9818423E-01  4.9881109E-01 -1.6707134E+00  5.0057909E-01  4.9999082E-01  4.7562536E-01  0.0000000E+00  0.0000000E+00
 0.0000000E+00  0.0000000E+00  5.0409018E-01  5.2685357E-01  5.2748788E-01 -1.0792721E+00  5.2932122E-01  5.2872487E-01  5.0409018E-01  0.0000000E+00  0.0000000E+00
 0.0000000E+00  0.0000000E+00  5.4915249E-01  5.7211674E-01  5.7275833E-01 -2.4416700E-01  5.7465721E-01  5.7405290E-01  5.4915248E-01  0.0000000E+00  0.0000000E+00
 0.0000000E+00  0.0000000E+00  6.1270539E-01  6.3586698E-01  6.3651569E-01  9.0244934E-01  6.3848030E-01  6.3786814E-01  6.1270538E-01  0.0000000E+00  0.0000000E+00
 0.0000000E+00  0.0000000E+00  6.9669402E-01  7.2004956E-01  7.2070520E-01  2.4382972E+00  7.2273576E-01  7.2211588E-01  6.9669401E-01  0.0000000E+00  0.0000000E+00
 0.0000000E+00  0.0000000E+00  8.0313759E-01  8.2668380E-01  8.2734621E-01  4.4508678E+00  8.2944294E-01  8.2881547E-01  8.0313758E-01  0.0000000E+00  0.0000000E+00
 0.0000000E+00  0.0000000E+00  4.6589315E-01  4.9051412E-01  4.9122363E-01 -1.5894213E+00  4.9335718E-01  4.9268862E-01  4.6589315E-01  0.0000000E+00  0.0000000E+00
 0.0000000E+00  0.0000000E+00  4.9403784E-01  5.1885777E-01  5.1957409E-01 -9.9796368E-01  5.2178502E-01  5.2110865E-01  4.9403784E-01  0.0000000E+00  0.0000000E+00
 0.0000000E+00  0.0000000E+00  5.3771513E-01  5.6273024E-01  5.6345319E-01 -1.7179166E-01  5.6574166E-01  5.6505761E-01  5.3771513E-01  0.0000000E+00  0.0000000E+00
 0.0000000E+00  0.0000000E+00  5.9855772E-01  6.2376438E-01  6.2449378E-01  9.5206627E-01  6.2685996E-01  6.2616836E-01  5.9855772E-01  0.0000000E+00  0.0000000E+00
 0.0000000E+00  0.0000000E+00  6.7824015E-01  7.0363483E-01  7.0437050E-01  2.4449080E+00  7.0681461E-01  7.0611557E-01  6.7824015E-01  0.0000000E+00  0.0000000E+00
 0.0000000E+00  0.0000000E+00  7.7849891E-01  8.0407823E-01  8.0482001E-01  4.3861443E+00  8.0734226E-01  8.0663590E-01  7.7849891E-01  0.0000000E+00  0.0000000E+00
 0.0000000E+00  0.0000000E+00  4.5291188E-01  4.7959729E-01  4.8038704E-01 -1.4926890E+00  4.8296092E-01  4.8221365E-01  4.5291187E-01  0.0000000E+00  0.0000000E+00
 0.0000000E+00  0.0000000E+00  4.8072851E-01  5.0760262E-01  5.0839820E-01 -9.0430866E-01  5.1106349E-01  5.1030892E-01  4.8072850E-01  0.0000000E+00  0.0000000E+00
 0.0000000E+00  0.0000000E+00  5.2304326E-01  5.5010235E-01  5.5090359E-01 -8.9915184E-02  5.5366041E-01  5.5289865E-01  5.2304326E-01  0.0000000E+00  0.0000000E+00
 0.0000000E+00  0.0000000E+00  5.8125277E-01  6.0849327E-01  6.0929998E-01  1.0086185E+00  6.1214849E-01  6.1137965E-01  5.8125277E-01  0.0000000E+00  0.0000000E+00
 0.0000000E+00  0.0000000E+00  6.5678786E-01  6.8420630E-01  6.8501833E-01  2.4563374E+00  6.8795867E-01  6.8718286E-01  6.5678785E-01  0.0000000E+00  0.0000000E+00
 0.0000000E+00  0.0000000E+00  7.5113170E-01  7.7872478E-01  7.7954195E-01  4.3249119E+00  7.8257434E-01  7.8179164E-01  7.5113170E-01  0.0000000E+00  0.0000000E+00
 0.0000000E+00  0.0000000E+00  4.3641435E-01  4.6508037E-01  4.6594144E-01 -1.3927195E+00  4.6904651E-01  4.6822800E-01  4.3641435E-01  0.0000000E+00  0.0000000E+00
 0.0000000E+00  0.0000000E+00  4.6395419E-01  4.9279686E-01  4.9366246E-01 -8.0809121E-01  4.9687511E-01  4.9605001E-01  4.6395418E-01  0.0000000E+00  0.0000000E+00
 0.0000000E+00  0.0000000E+00  5.0498380E-01  5.3399963E-01  5.3486960E-01 -6.3746017E-03  5.3818991E-01  5.3735826E-01  5.0498380E-01  0.0000000E+00  0.0000000E+00
 0.0000000E+00  0.0000000E+00  5.6068791E-01  5.8987351E-01  5.9074773E-01  1.0658445E+00  5.9417577E-01  5.9333763E-01  5.6068791E-01  0.0000000E+00  0.0000000E+00
 0.0000000E+00  0.0000000E+00  6.3227968E-01  6.6163178E-01  6.6251011E-01  2.4676148E+00  6.6604600E-01  6.6520142E-01  6.3227967E-01  0.0000000E+00  0.0000000E+00
 0.0000000E+00  0.0000000E+00  7.2101699E-01  7.5053245E-01  7.5141475E-01  4.2632759E+00  7.5505864E-01  7.5420767E-01  7.2101698E-01  0.0000000E+00  0.0000000E+00
 0.0000000E+00  0.0000000E+00  4.1705641E-01  4.4757643E-01  4.4849225E-01 -1.2885816E+00  4.5223779E-01  4.5136243E-01  4.1705641E-01  0.0000000E+00  0.0000000E+00
 0.0000000E+00  0.0000000E+00  4.4444410E-01  4.7513021E-01  4.7604998E-01 -7.0979206E-01  4.7992139E-01  4.7903928E-01  4.4444410E-01  0.0000000E+00  0.0000000E+00
 0.0000000E+00  0.0000000E+00  4.8433855E-01  5.1518755E-01  5.1611113E-01  7.7320964E-02  5.2010838E-01  5.1921957E-01  4.8433855E-01  0.0000000E+00  0.0000000E+00
 0.0000000E+00  0.0000000E+00  5.3773446E-01  5.6874323E-01  5.6967049E-01  1.1215360E+00  5.7379359E-01  5.7289809E-01  5.3773446E-01  0.0000000E+00  0.0000000E+00
 0.0000000E+00  0.0000000E+00  6.0565104E-01  6.3681655E-01  6.3774735E-01  2.4761139E+00  6.4199634E-01  6.4109418E-01  6.0565104E-01  0.0000000E+00  0.0000000E+00
 0.0000000E+00  0.0000000E+00  6.8914631E-01  7.2046563E-01  7.2139984E-01  4.1984275E+00  7.2577480E-01  7.2486601E-01  6.8914631E-01  0.0000000E+00  0.0000000E+00
 0.0000000E+00  0.0000000E+00  3.9873300E-01  4.3103145E-01  4.3200524E-01 -1.1913933E+00  4.3651484E-01  4.3557816E-01  3.9873299E-01  0.0000000E+00  0.0000000E+00
 0.0000000E+00  0.0000000E+00  4.2594251E-01  4.5840044E-01  4.5937722E-01 -6.1865176E-01  4.6403362E-01  4.6309019E-01  4.2594251E-01  0.0000000E+00  0.0000000E+00
 0.0000000E+00  0.0000000E+00  4.6470279E-01  4.9731658E-01  4.9829621E-01  1.5352831E-01  5.0309925E-01  5.0214909E-01  4.6470279E-01  0.0000000E+00  0.0000000E+00
 0.0000000E+00  0.0000000E+00  5.1584034E-01  5.4860653E-01  5.4958885E-01  1.1694226E+00  5.5453841E-01  5.5358153E-01  5.1584034E-01  0.0000000E+00  0.0000000E+00
 0.0000000E+00  0.0000000E+00  5.8020342E-01  6.1311864E-01  6.1410350E-01  2.4767594E+00  6.1919953E-01  6.1823593E-01  5.8020342E-01  0.0000000E+00  0.0000000E+00
 0.0000000E+00  0.0000000E+00  6.5867442E-01  6.9173544E-01  6.9272270E-01  4.1263441E+00  6.9796516E-01  6.9699486E-01  6.5867442E-01  0.0000000E+00  0.0000000E+00
 0.0000000E+00  0.0000000E+00  3.8224644E-01  4.1623932E-01  4.1726489E-01 -1.0988698E+00  4.2268996E-01  4.2169586E-01  3.8224645E-01  0.0000000E+00  0.0000000E+00
 0.0000000E+00  0.0000000E+00  4.0920942E-01  4.4335023E-01  4.4437693E-01 -5.3278106E-01  4.4997183E-01  4.4897153E-01  4.0920943E-01  0.0000000E+00  0.0000000E+00
 0.0000000E+00  0.0000000E+00  4.4679490E-01  4.8108063E-01  4.8210834E-01  2.2384696E-01  4.8787276E-01  4.8686622E-01  4.4679491E-01  0.0000000E+00  0.0000000E+00
 0.0000000E+00  0.0000000E+00  4.9568171E-01  5.3010938E-01  5.3113801E-01  1.2109066E+00  5.3707170E-01  5.3605885E-01  4.9568172E-01  0.0000000E+00  0.0000000E+00
 0.0000000E+00  0.0000000E+00  5.5656860E-01  5.9113526E-01  5.9216473E-01  2.4708387E+00  5.9826747E-01  5.9724826E-01  5.5656860E-01  0.0000000E+00  0.0000000E+00
 0.0000000E+00  0.0000000E+00  6.3018474E-01  6.6488753E-01  6.6591773E-01  4.0482682E+00  6.7218939E-01  6.7116376E-01  6.3018475E-01  0.0000000E+00  0.0000000E+00
 0.0000000E+00  0.0000000E+00  3.6756485E-01  4.0316442E-01  4.0420090E-01 -1.0110888E+00  4.1070674E-01  4.0969138E-01  3.6756485E-01  0.0000000E+00  0.0000000E+00
 0.0000000E+00  0.0000000E+00  3.9403317E-01  4.2978763E-01  4.3082402E-01 -4.5226077E-01  4.3752563E-01  4.3650361E-01  3.9403318E-01  0.0000000E+00  0.0000000E+00
 0.0000000E+00  0.0000000E+00  4.3024713E-01  4.6615192E-01  4.6718826E-01  2.8818079E-01  4.7408513E-01  4.7305622E-01  4.3024714E-01  0.0000000E+00  0.0000000E+00
 0.0000000E+00  0.0000000E+00  4.7675514E-01  5.1280581E-01  5.1384215E-01  1.2458923E+00  5.2093381E-01  5.1989780E-01  4.7675515E-01  0.0000000E+00  0.0000000E+00
 0.0000000E+00  0.0000000E+00  5.3412445E-01  5.7031670E-01  5.7135306E-01  2.4582904E+00  5.7863912E-01  5.7759580E-01  5.3412446E-01  0.0000000E+00  0.0000000E+00
 0.0000000E+00  0.0000000E+00  6.0294994E-01  6.3927956E-01  6.4031596E-01  3.9642135E+00  6.4779612E-01  6.4674527E-01  6.0294994E-01  0.0000000E+00  0.0000000E+00
 0.0000000E+00  0.0000000E+00  3.5122559E-01  3.8881296E-01  3.8983320E-01 -9.3206413E-01  3.9762258E-01  3.9660548E-01  3.5122559E-01  0.0000000E+00  0.0000000E+00
 0.0000000E+00  0.0000000E+00  3.7722141E-01  4.1495182E-01  4.1597515E-01 -3.8047372E-01  4.2398781E-01  4.2295892E-01  3.7722142E-01  0.0000000E+00  0.0000000E+00
 0.0000000E+00  0.0000000E+00  4.1211616E-01  4.4998405E-01  4.5101033E-01  3.4378665E-01  4.5924552E-01  4.5820476E-01  4.1211616E-01  0.0000000E+00  0.0000000E+00
 0.0000000E+00  0.0000000E+00  4.5634586E-01  4.9434581E-01  4.9537487E-01  1.2722773E+00  5.0383195E-01  5.0277925E-01  4.5634586E-01  0.0000000E+00  0.0000000E+00
 0.0000000E+00  0.0000000E+00  5.1036467E-01  5.4849141E-01  5.4952310E-01  2.4376472E+00  5.5820147E-01  5.5713679E-01  5.1036468E-01  0.0000000E+00  0.0000000E+00
 0.0000000E+00  0.0000000E+00  5.7465197E-01  6.1290037E-01  6.1393451E-01  3.8733309E+00  6.2283372E-01  6.2175698E-01  5.7465198E-01  0.0000000E+00  0.0000000E+00
 0.0000000E+00  0.0000000E+00  3.3340877E-01  3.7331413E-01  3.7439302E-01 -8.5796109E-01  3.8367561E-01  3.8257519E-01  3.3340878E-01  0.0000000E+00  0.0000000E+00
 0.0000000E+00  0.0000000E+00  3.5894519E-01  3.9895549E-01  4.0003803E-01 -3.1321680E-01  4.0957362E-01  4.0845843E-01  3.5894520E-01  0.0000000E+00  0.0000000E+00
 0.0000000E+00  0.0000000E+00  3.9257414E-01  4.3268246E-01  4.3376828E-01  3.9510465E-01  4.4355591E-01  4.4242605E-01  3.9257414E-01  0.0000000E+00  0.0000000E+00
 0.0000000E+00  0.0000000E+00  4.3463419E-01  4.7483396E-01  4.7592268E-01  1.2946361E+00  4.8596149E-01  4.8481706E-01  4.3463420E-01  0.0000000E+00  0.0000000E+00
 0.0000000E+00  0.0000000E+00  4.8548175E-01  5.2576670E-01  5.2685797E-01  2.4135403E+00  5.3714719E-01  5.3598826E-01  4.8548175E-01  0.0000000E+00  0.0000000E+00
 0.0000000E+00  0.0000000E+00  5.4549653E-01  5.8586068E-01  5.8695417E-01  3.7802480E+00  5.9749314E-01  5.9631980E-01  5.4549654E-01  0.0000000E+00  0.0000000E+00
 0.0000000E+00  0.0000000E+00  3.1585278E-01  3.5786026E-01  3.5902873E-01 -7.8380153E-01  3.7004605E-01  3.6882371E-01  3.1585279E-01  0.0000000E+00  0.0000000E+00
 0.0000000E+00  0.0000000E+00  3.4096136E-01  3.8300372E-01  3.8417294E-01 -2.4647454E-01  3.9547366E-01  3.9423665E-01  3.4096137E-01  0.0000000E+00  0.0000000E+00
 0.0000000E+00  0.0000000E+00  3.7338197E-01  4.1545425E-01  4.1662387E-01  4.4532259E-01  4.2820683E-01  4.2695513E-01  3.7338197E-01  0.0000000E+00  0.0000000E+00
 0.0000000E+00  0.0000000E+00  4.1337210E-01  4.5546958E-01  4.5663924E-01  1.3154739E+00  4.6850339E-01  4.6723702E-01  4.1337210E-01  0.0000000E+00  0.0000000E+00
 0.0000000E+00  0.0000000E+00  4.6120662E-01  5.0332475E-01  5.0449410E-01  2.3879347E+00  5.1663854E-01  5.1535747E-01  4.6120662E-01  0.0000000E+00  0.0000000E+00
 0.0000000E+00  0.0000000E+00  5.1718181E-01  5.5931623E-01  5.6048493E-01  3.6865170E+00  5.7290888E-01  5.7161311E-01  5.1718181E-01  0.0000000E+00  0.0000000E+00
 0.0000000E+00  0.0000000E+00  2.9861903E-01  3.4237271E-01  3.4361655E-01 -7.1489232E-01  3.5658284E-01  3.5525021E-01  2.9861903E-01  0.0000000E+00  0.0000000E+00
 0.0000000E+00  0.0000000E+00  3.2326015E-01  3.6699857E-01  3.6824044E-01 -1.8439918E-01  3.8152230E-01  3.8017377E-01  3.2326015E-01  0.0000000E+00  0.0000000E+00
 0.0000000E+00  0.0000000E+00  3.5447691E-01  3.9819331E-01  3.9943277E-01  4.9127537E-01  4.1302899E-01  4.1166456E-01  3.5447691E-01  0.0000000E+00  0.0000000E+00
 0.0000000E+00  0.0000000E+00  3.9245806E-01  4.3614606E-01  4.3738267E-01  1.3324583E+00  4.5129218E-01  4.4991184E-01  3.9245806E-01  0.0000000E+00  0.0000000E+00
 0.0000000E+00  0.0000000E+00  4.3740928E-01  4.8106288E-01  4.8229624E-01  2.3591931E+00  4.9651811E-01  4.9512184E-01  4.3740928E-01  0.0000000E+00  0.0000000E+00
 0.0000000E+00  0.0000000E+00  4.8955607E-01  5.3316962E-01  5.3439931E-01  3.5910715E+00  5.4893279E-01  5.4752054E-01  4.8955607E-01  0.0000000E+00  0.0000000E+00
 0.0000000E+00  0.0000000E+00  2.8258463E-01  3.2858813E-01  3.2990312E-01 -6.4621586E-01  3.4504510E-01  3.4359930E-01  2.8258463E-01  0.0000000E+00  0.0000000E+00
 0.0000000E+00  0.0000000E+00  3.0676123E-01  3.5260957E-01  3.5391790E-01 -1.2323943E-01  3.6941077E-01  3.6794839E-01  3.0676124E-01  0.0000000E+00  0.0000000E+00
 0.0000000E+00  0.0000000E+00  3.3681207E-01  3.8250055E-01  3.8380181E-01  5.3565504E-01  3.9964433E-01  3.9816526E-01  3.3681208E-01  0.0000000E+00  0.0000000E+00
 0.0000000E+00  0.0000000E+00  3.7286944E-01  4.1839388E-01  4.1968768E-01  1.3474356E+00  4.3587876E-01  4.3438286E-01  3.7286944E-01  0.0000000E+00  0.0000000E+00
 0.0000000E+00  0.0000000E+00  4.1508202E-01  4.6043874E-01  4.6172470E-01  2.3285181E+00  4.7826346E-01  4.7675055E-01  4.1508202E-01  0.0000000E+00  0.0000000E+00
 0.0000000E+00  0.0000000E+00  4.6361665E-01  5.0880243E-01  5.1008015E-01  3.4946467E+00  5.2696586E-01  5.2543580E-01  4.6361665E-01  0.0000000E+00  0.0000000E+00
 0.0000000E+00  0.0000000E+00  2.6847326E-01  3.1571291E-01  3.1707770E-01 -5.8502165E-01  3.3465618E-01  3.3310421E-01  2.6847326E-01  0.0000000E+00  0.0000000E+00
 0.0000000E+00  0.0000000E+00  2.9218661E-01  3.3904367E-01  3.4039671E-01 -6.7989298E-02  3.5836389E-01  3.5679344E-01  2.9218661E-01  0.0000000E+00  0.0000000E+00
 0.0000000E+00  0.0000000E+00  3.2110808E-01  3.6758465E-01  3.6892551E-01  5.7534405E-01  3.8728014E-01  3.8569099E-01  3.2110808E-01  0.0000000E+00  0.0000000E+00
 0.0000000E+00  0.0000000E+00  3.5532449E-01  4.0142341E-01  4.0275168E-01  1.3588211E+00  4.2149271E-01  4.1988464E-01  3.5532449E-01  0.0000000E+00  0.0000000E+00
 0.0000000E+00  0.0000000E+00  3.9493826E-01  4.4066306E-01  4.4197830E-01  2.2955527E+00  4.6110492E-01  4.5947769E-01  3.9493826E-01  0.0000000E+00  0.0000000E+00
 0.0000000E+00  0.0000000E+00  4.4006825E-01  4.8542304E-01  4.8672487E-01  3.3978418E+00  5.0623644E-01  5.0458980E-01  4.4006825E-01  0.0000000E+00  0.0000000E+00
 0.0000000E+00  0.0000000E+00  2.5859422E-01  3.0245271E-01  3.0385856E-01 -5.1370297E-01  3.2415312E-01  3.2248351E-01  2.5859422E-01  0.0000000E+00  0.0000000E+00
 0.0000000E+00  0.0000000E+00  2.8178228E-01  3.2502658E-01  3.2641330E-01 -3.9870170E-03  3.4713217E-01  3.4544187E-01  2.8178228E-01  0.0000000E+00  0.0000000E+00
 0.0000000E+00  0.0000000E+00  3.0954143E-01  3.5219828E-01  3.5356542E-01  6.2239667E-01  3.7470779E-01  3.7299656E-01  3.0954143E-01  0.0000000E+00  0.0000000E+00
 0.0000000E+00  0.0000000E+00  3.4192367E-01  3.8401896E-01  3.8536606E-01  1.3763998E+00  4.0693141E-01  4.0519895E-01  3.4192367E-01  0.0000000E+00  0.0000000E+00
 0.0000000E+00  0.0000000E+00  3.7899549E-01  4.2055427E-01  4.2188091E-01  2.2681354E+00  4.4386890E-01  4.4211493E-01  3.7899549E-01  0.0000000E+00  0.0000000E+00
 0.0000000E+00  0.0000000E+00  4.2083798E-01  4.6188444E-01  4.6319023E-01  3.3068413E+00  4.8560078E-01  4.8382498E-01  4.2083798E-01  0.0000000E+00  0.0000000E+00
 0.0000000E+00  0.0000000E+00  2.5386439E-01  2.8851832E-01  2.8992417E-01 -4.4480022E-01  3.1307403E-01  3.1128557E-01  2.5386439E-01  0.0000000E+00  0.0000000E+00
 0.0000000E+00  0.0000000E+00  2.7615397E-01  3.1039979E-01  3.1177573E-01  5.7720165E-02  3.3538750E-01  3.3357730E-01  2.7615397E-01  0.0000000E+00  0.0000000E+00
 0.0000000E+00  0.0000000E+00  3.0243634E-01  3.3630251E-01  3.3764829E-01  6.6710610E-01  3.6172242E-01  3.5988994E-01  3.0243634E-01  0.0000000E+00  0.0000000E+00
 0.0000000E+00  0.0000000E+00  3.3273597E-01  3.6624933E-01  3.6756473E-01  1.3916777E+00  3.9210187E-01  3.9024657E-01  3.3273597E-01  0.0000000E+00  0.0000000E+00
 0.0000000E+00  0.0000000E+00  3.6709050E-01  4.0027641E-01  4.0156119E-01  2.2388733E+00  4.2656222E-01  4.2468353E-01  3.6709050E-01  0.0000000E+00  0.0000000E+00
 0.0000000E+00  0.0000000E+00  4.0555028E-01  4.3843274E-01  4.3968667E-01  3.2152479E+00  4.6515269E-01  4.6325006E-01  4.0555028E-01  0.0000000E+00  0.0000000E+00
 0.0000000E+00  0.0000000E+00  2.4909550E-01  2.7599965E-01  2.7731685E-01 -3.7583197E-01  3.0334500E-01  3.0147617E-01  2.4909550E-01  0.0000000E+00  0.0000000E+00
 0.0000000E+00  0.0000000E+00  2.7035718E-01  2.9713020E-01  2.9840529E-01  1.1960045E-01  3.2494418E-01  3.2305149E-01  2.7035718E-01  0.0000000E+00  0.0000000E+00
 0.0000000E+00  0.0000000E+00  2.9508187E-01  3.2174638E-01  3.2297938E-01  7.1195359E-01  3.5003104E-01  3.4811356E-01  2.9508187E-01  0.0000000E+00  0.0000000E+00
 0.0000000E+00  0.0000000E+00  3.2327255E-01  3.4985008E-01  3.5104103E-01  1.4071638E+00  3.7860771E-01  3.7666448E-01  3.2327255E-01  0.0000000E+00  0.0000000E+00
 0.0000000E+00  0.0000000E+00  3.5494396E-01  3.8145497E-01  3.8260395E-01  2.2103068E+00  4.1068810E-01  4.0871818E-01  3.5494396E-01  0.0000000E+00  0.0000000E+00
 0.0000000E+00  0.0000000E+00  3.9012178E-01  4.1658574E-01  4.1769279E-01  3.1256214E+00  4.4629710E-01  4.4429952E-01  3.9012178E-01  0.0000000E+00  0.0000000E+00
 0.0000000E+00  0.0000000E+00  2.4306254E-01  2.6413847E-01  2.6522324E-01 -3.0109846E-01  2.9408928E-01  2.9222636E-01  2.4306254E-01  0.0000000E+00  0.0000000E+00
 0.0000000E+00  0.0000000E+00  2.6320265E-01  2.8456808E-01  2.8559925E-01  1.8688091E-01  3.1504532E-01  3.1315110E-01  2.6320265E-01  0.0000000E+00  0.0000000E+00
 0.0000000E+00  0.0000000E+00  2.8632153E-01  3.0798455E-01  3.0896245E-01  7.6162578E-01  3.3899251E-01  3.3706575E-01  2.8632153E-01  0.0000000E+00  0.0000000E+00
 0.0000000E+00  0.0000000E+00  3.1240648E-01  3.3437407E-01  3.3529909E-01  1.4270029E+00  3.6591726E-01  3.6395670E-01  3.1240648E-01  0.0000000E+00  0.0000000E+00
 0.0000000E+00  0.0000000E+00  3.4145496E-01  3.6373317E-01  3.6460567E-01  2.1860739E+00  3.9581631E-01  3.9382063E-01  3.4145496E-01  0.0000000E+00  0.0000000E+00
 0.0000000E+00  0.0000000E+00  3.7347355E-01  3.9606758E-01  3.9688796E-01  3.0411421E+00  4.2869559E-01  4.2666352E-01  3.7347355E-01  0.0000000E+00  0.0000000E+00
 0.0000000E+00  0.0000000E+00  2.3391052E-01  2.5577368E-01  2.5644135E-01 -2.2189796E-01  2.8810336E-01  2.8634174E-01  2.3391052E-01  0.0000000E+00  0.0000000E+00
 0.0000000E+00  0.0000000E+00  2.5300168E-01  2.7538321E-01  2.7598912E-01  2.5885102E-01  3.0832263E-01  3.0651472E-01  2.5300168E-01  0.0000000E+00  0.0000000E+00
 0.0000000E+00  0.0000000E+00  2.7462649E-01  2.9752214E-01  2.9806737E-01  8.1604123E-01  3.3107965E-01  3.2922344E-01  2.7462649E-01  0.0000000E+00  0.0000000E+00
 0.0000000E+00  0.0000000E+00  2.9876022E-01  3.2216566E-01  3.2265120E-01  1.4517278E+00  3.5634958E-01  3.5444310E-01  2.9876022E-01  0.0000000E+00  0.0000000E+00
 0.0000000E+00  0.0000000E+00  3.2538691E-01  3.4929768E-01  3.4972449E-01  2.1672687E+00  3.8411632E-01  3.8215768E-01  3.2538691E-01  0.0000000E+00  0.0000000E+00
 0.0000000E+00  0.0000000E+00  3.5449821E-01  3.7890972E-01  3.7927872E-01  2.9633816E+00  4.1437141E-01  4.1235877E-01  3.5449821E-01  0.0000000E+00  0.0000000E+00
 0.0000000E+00  0.0000000E+00  2.2350691E-01  2.4975801E-01  2.4993337E-01 -1.1789645E-01  2.8408171E-01  2.8236518E-01  2.2350691E-01  0.0000000E+00  0.0000000E+00
 0.0000000E+00  0.0000000E+00  2.4152667E-01  2.6848258E-01  2.6859643E-01  3.5381722E-01  3.0356785E-01  3.0177569E-01  2.4152666E-01  0.0000000E+00  0.0000000E+00
 0.0000000E+00  0.0000000E+00  2.6167398E-01  2.8931154E-01  2.8936462E-01  8.9143301E-01  3.2516949E-01  3.2330017E-01  2.6167397E-01  0.0000000E+00  0.0000000E+00
 0.0000000E+00  0.0000000E+00  2.8391641E-01  3.1221378E-01  3.1220681E-01  1.4955424E+00  3.4885538E-01  3.4690742E-01  2.8391641E-01  0.0000000E+00  0.0000000E+00
 0.0000000E+00  0.0000000E+00  3.0822875E-01  3.3716534E-01  3.3709903E-01  2.1661630E+00  3.7460143E-01  3.7257337E-01  3.0822875E-01  0.0000000E+00  0.0000000E+00
 0.0000000E+00  0.0000000E+00  3.3459187E-01  3.6414823E-01  3.6402326E-01  2.9028007E+00  4.0238957E-01  4.0027995E-01  3.3459187E-01  0.0000000E+00  0.0000000E+00
 0.0000000E+00  0.0000000E+00  2.1114316E-01  2.4584084E-01  2.4554223E-01  1.0381470E-02  2.8215179E-01  2.8028213E-01  2.1114317E-01  0.0000000E+00  0.0000000E+00
 0.0000000E+00  0.0000000E+00  2.2828039E-01  2.6349786E-01  2.6313265E-01  4.7000303E-01  3.0082637E-01  2.9885206E-01  2.2828040E-01  0.0000000E+00  0.0000000E+00
 0.0000000E+00  0.0000000E+00  2.4715781E-01  2.8288254E-01  2.8245179E-01  9.8496165E-01  3.2124027E-01  3.1915972E-01  2.4715782E-01  0.0000000E+00  0.0000000E+00
 0.0000000E+00  0.0000000E+00  2.6773966E-01  3.0395948E-01  3.0346417E-01  1.5547388E+00  3.4335763E-01  3.4116933E-01  2.6773967E-01  0.0000000E+00  0.0000000E+00
 0.0000000E+00  0.0000000E+00  2.8999588E-01  3.2669896E-01  3.2614004E-01  2.1783659E+00  3.6714835E-01  3.6485085E-01  2.8999589E-01  0.0000000E+00  0.0000000E+00
 0.0000000E+00  0.0000000E+00  3.1390107E-01  3.5107591E-01  3.5045429E-01  2.8544892E+00  3.9258707E-01  3.9017893E-01  3.1390107E-01  0.0000000E+00  0.0000000E+00
 0.0000000E+00  0.0000000E+00  2.0172270E-01  2.4262108E-01  2.4183566E-01  1.5780504E-01  2.8254325E-01  2.8030994E-01  2.0172271E-01  0.0000000E+00  0.0000000E+00
 0.0000000E+00  0.0000000E+00  2.1778502E-01  2.5911773E-01  2.5826227E-01  6.0154343E-01  3.0037699E-01  2.9800317E-01  2.1778503E-01  0.0000000E+00  0.0000000E+00
 0.0000000E+00  0.0000000E+00  2.3524399E-01  2.7700147E-01  2.7607677E-01  1.0903873E+00  3.1960614E-01  3.1709084E-01  2.3524399E-01  0.0000000E+00  0.0000000E+00
 0.0000000E+00  0.0000000E+00  2.5406242E-01  2.9623511E-01  2.9524198E-01  1.6229640E+00  3.4019321E-01  3.3753547E-01  2.5406242E-01  0.0000000E+00  0.0000000E+00
 0.0000000E+00  0.0000000E+00  2.7420751E-01  3.1678593E-01  3.1572515E-01  2.1975928E+00  3.6210523E-01  3.5930411E-01  2.7420751E-01  0.0000000E+00  0.0000000E+00
 0.0000000E+00  0.0000000E+00  2.9564992E-01  3.3862468E-01  3.3749707E-01  2.8123423E+00  3.8531278E-01  3.8236734E-01  2.9564992E-01  0.0000000E+00  0.0000000E+00
 0.0000000E+00  0.0000000E+00  1.9339238E-01  2.3911152E-01  2.3780459E-01  3.2601640E-01  2.8455856E-01  2.8174994E-01  1.9339239E-01  0.0000000E+00  0.0000000E+00
 0.0000000E+00  0.0000000E+00  2.0824102E-01  2.5434625E-01  2.5295803E-01  7.4894629E-01  3.0151077E-01  2.9852561E-01  2.0824103E-01  0.0000000E+00  0.0000000E+00
 0.0000000E+00  0.0000000E+00  2.2418267E-01  2.7066659E-01  2.6919868E-01  1.2070914E+00  3.1955299E-01  3.1639010E-01  2.2418267E-01  0.0000000E+00  0.0000000E+00
 0.0000000E+00  0.0000000E+00  2.4118047E-01  2.8803565E-01  2.8648959E-01  1.6985668E+00  3.3864791E-01  3.3530617E-01  2.4118047E-01  0.0000000E+00  0.0000000E+00
 0.0000000E+00  0.0000000E+00  2.5920079E-01  3.0641973E-01  3.0479702E-01  2.2212984E+00  3.5876153E-01  3.5523988E-01  2.5920079E-01  0.0000000E+00  0.0000000E+00
 0.0000000E+00  0.0000000E+00  2.7821252E-01  3.2578769E-01  3.2408979E-01  2.7730744E+00  3.7986247E-01  3.7615988E-01  2.7821253E-01  0.0000000E+00  0.0000000E+00
 0.0000000E+00  0.0000000E+00  1.8479062E-01  2.3470378E-01  2.3272650E-01  4.9403119E-01  2.8835030E-01  2.8475277E-01  1.8479062E-01  0.0000000E+00  0.0000000E+00
 0.0000000E+00  0.0000000E+00  1.9831158E-01  2.4869393E-01  2.4663168E-01  8.9200954E-01  3.0449561E-01  3.0067023E-01  1.9831158E-01  0.0000000E+00  0.0000000E+00
 0.0000000E+00  0.0000000E+00  2.1266324E-01  2.6349524E-01  2.6134995E-01  1.3160723E+00  3.2145065E-01  3.1739692E-01  2.1266325E-01  0.0000000E+00  0.0000000E+00
 0.0000000E+00  0.0000000E+00  2.2780994E-01  2.7907291E-01  2.7684641E-01  1.7640181E+00  3.3918016E-01  3.3489768E-01  2.2780994E-01  0.0000000E+00  0.0000000E+00
 0.0000000E+00  0.0000000E+00  2.4371831E-01  2.9539442E-01  2.9308847E-01  2.2335801E+00  3.5765127E-01  3.5313969E-01  2.4371831E-01  0.0000000E+00  0.0000000E+00
 0.0000000E+00  0.0000000E+00  2.6035685E-01  3.1242898E-01  3.1004531E-01  2.7224631E+00  3.7683295E-01  3.7209199E-01  2.6035685E-01  0.0000000E+00  0.0000000E+00
 0.0000000E+00  0.0000000E+00  1.7476131E-01  2.3143022E-01  2.2873850E-01  6.6223493E-01  2.9637254E-01  2.9155764E-01  1.7476132E-01  0.0000000E+00  0.0000000E+00
 0.0000000E+00  0.0000000E+00  1.8697381E-01  2.4398487E-01  2.4120330E-01  1.0319820E+00  3.1162367E-01  3.0652647E-01  1.8697381E-01  0.0000000E+00  0.0000000E+00
 0.0000000E+00  0.0000000E+00  1.9978390E-01  2.5711948E-01  2.5425050E-01  1.4191488E+00  3.2744172E-01  3.2206261E-01  1.9978390E-01  0.0000000E+00  0.0000000E+00
 0.0000000E+00  0.0000000E+00  2.1315800E-01  2.7080100E-01  2.6784695E-01  1.8215160E+00  3.4379322E-01  3.3813268E-01  2.1315800E-01  0.0000000E+00  0.0000000E+00
 0.0000000E+00  0.0000000E+00  2.2706438E-01  2.8499821E-01  2.8196136E-01  2.2368871E+00  3.6064667E-01  3.5470522E-01  2.2706439E-01  0.0000000E+00  0.0000000E+00
 0.0000000E+00  0.0000000E+00  2.4147277E-01  2.9968134E-01  2.9656384E-01  2.6631152E+00  3.7797214E-01  3.7175034E-01  2.4147277E-01  0.0000000E+00  0.0000000E+00
 0.0000000E+00  0.0000000E+00  1.6471848E-01  2.2748928E-01  2.2398853E-01  8.3164093E-01  3.0856450E-01  3.0211320E-01  1.6471847E-01  0.0000000E+00  0.0000000E+00
 0.0000000E+00  0.0000000E+00  1.7550231E-01  2.3843443E-01  2.3484568E-01  1.1692707E+00  3.2279081E-01  3.1599081E-01  1.7550230E-01  0.0000000E+00  0.0000000E+00
 0.0000000E+00  0.0000000E+00  1.8668913E-01  2.4976917E-01  2.4609452E-01  1.5164327E+00  3.3737627E-01  3.3023010E-01  1.8668912E-01  0.0000000E+00  0.0000000E+00
 0.0000000E+00  0.0000000E+00  1.9824779E-01  2.6146271E-01  2.5770426E-01  1.8710918E+00  3.5229023E-01  3.4480037E-01  1.9824779E-01  0.0000000E+00  0.0000000E+00
 0.0000000E+00  0.0000000E+00  2.1014874E-01  2.7348584E-01  2.6964572E-01  2.2313058E+00  3.6750368E-01  3.5967258E-01  2.1014874E-01  0.0000000E+00  0.0000000E+00
 0.0000000E+00  0.0000000E+00  2.2236380E-01  2.8581069E-01  2.8189101E-01  2.5952393E+00  3.8298904E-01  3.7481908E-01  2.2236380E-01  0.0000000E+00  0.0000000E+00
 0.0000000E+00  0.0000000E+00  1.5335645E-01  2.2000075E-01  2.1560467E-01  1.0127249E+00  3.2240874E-01  3.1376941E-01  1.5335646E-01  0.0000000E+00  0.0000000E+00
 0.0000000E+00  0.0000000E+00  1.6276190E-01  2.2947436E-01  2.2498453E-01  1.3120735E+00  3.3581578E-01  3.2676476E-01  1.6276191E-01  0.0000000E+00  0.0000000E+00
 0.0000000E+00  0.0000000E+00  1.7238947E-01  2.3915617E-01  2.3457606E-01  1.6141476E+00  3.4937889E-01  3.3991977E-01  1.7238948E-01  0.0000000E+00  0.0000000E+00
 0.0000000E+00  0.0000000E+00  1.8221382E-01  2.4902101E-01  2.4435401E-01  1.9172817E+00  3.6307309E-01  3.5320951E-01  1.8221383E-01  0.0000000E+00  0.0000000E+00
 0.0000000E+00  0.0000000E+00  1.9221085E-01  2.5904496E-01  2.5429437E-01  2.2199417E+00  3.7687481E-01  3.6661038E-01  1.9221086E-01  0.0000000E+00  0.0000000E+00
 0.0000000E+00  0.0000000E+00  2.0235754E-01  2.6920522E-01  2.6437426E-01  2.5207277E+00  3.9076170E-01  3.8010001E-01  2.0235755E-01  0.0000000E+00  0.0000000E+00
 0.0000000E+00  0.0000000E+00  1.4142684E-01  2.1233444E-01  2.0682435E-01  1.1888957E+00  3.4406128E-01  3.3259646E-01  1.4142683E-01  0.0000000E+00  0.0000000E+00
 0.0000000E+00  0.0000000E+00  1.4929601E-01  2.2016101E-01  2.1456387E-01  1.4429153E+00  3.5650615E-01  3.4455030E-01  1.4929600E-01  0.0000000E+00  0.0000000E+00
 0.0000000E+00  0.0000000E+00  1.5724784E-01  2.2804982E-01  2.2237036E-01  1.6943863E+00  3.6892608E-01  3.5648572E-01  1.5724783E-01  0.0000000E+00  0.0000000E+00
 0.0000000E+00  0.0000000E+00  1.6526286E-01  2.3598223E-01  2.3022493E-01  1.9421196E+00  3.8130322E-01  3.6838488E-01  1.6526285E-01  0.0000000E+00  0.0000000E+00
 0.0000000E+00  0.0000000E+00  1.7332265E-01  2.4394052E-01  2.3810972E-01  2.1850673E+00  3.9362088E-01  3.8023110E-01  1.7332265E-01  0.0000000E+00  0.0000000E+00
 0.0000000E+00  0.0000000E+00  1.8140977E-01  2.5190792E-01  2.4600776E-01  2.4223160E+00  4.0586347E-01  3.9200873E-01  1.8140976E-01  0.0000000E+00  0.0000000E+00
 0.0000000E+00  0.0000000E+00  1.2676372E-01  2.0316434E-01  1.9640720E-01  1.3215872E+00  3.7516106E-01  3.5984247E-01  1.2676372E-01  0.0000000E+00  0.0000000E+00
 0.0000000E+00  0.0000000E+00  1.3305302E-01  2.0913149E-01  2.0231056E-01  1.5258954E+00  3.8627872E-01  3.7040243E-01  1.3305302E-01  0.0000000E+00  0.0000000E+00
 0.0000000E+00  0.0000000E+00  1.3932868E-01  2.1506062E-01  2.0818073E-01  1.7242300E+00  3.9722600E-01  3.8080240E-01  1.3932868E-01  0.0000000E+00  0.0000000E+00
 0.0000000E+00  0.0000000E+00  1.4557643E-01  2.2093925E-01  2.1400503E-01  1.9158729E+00  4.0799273E-01  3.9103202E-01  1.4557643E-01  0.0000000E+00  0.0000000E+00
 0.0000000E+00  0.0000000E+00  1.5178299E-01  2.2675567E-01  2.1977166E-01  2.1002285E+00  4.1856970E-01  4.0108189E-01  1.5178299E-01  0.0000000E+00  0.0000000E+00
 0.0000000E+00  0.0000000E+00  1.5793599E-01  2.3249898E-01  2.2546955E-01  2.2768162E+00  4.2894857E-01  4.1094342E-01  1.5793599E-01  0.0000000E+00  0.0000000E+00
 0.0000000E+00  0.0000000E+00  1.0868603E-01  1.8946344E-01  1.8135703E-01  1.3961979E+00  4.1385024E-01  3.9383866E-01  1.0868603E-01  0.0000000E+00  0.0000000E+00
 0.0000000E+00  0.0000000E+00  1.1365530E-01  1.9356238E-01  1.8543183E-01  1.5519183E+00  4.2334764E-01  4.0271055E-01  1.1365529E-01  0.0000000E+00  0.0000000E+00
 0.0000000E+00  0.0000000E+00  1.1852421E-01  1.9755610E-01  1.8940687E-01  1.6992787E+00  4.3255128E-01  4.1130325E-01  1.1852421E-01  0.0000000E+00  0.0000000E+00
 0.0000000E+00  0.0000000E+00  1.2328644E-01  2.0143875E-01  1.9327599E-01  1.8380289E+00  4.4146002E-01  4.1961556E-01  1.2328644E-01  0.0000000E+00  0.0000000E+00
 0.0000000E+00  0.0000000E+00  1.2793626E-01  2.0520509E-01  1.9703366E-01  1.9680306E+00  4.5007336E-01  4.2764685E-01  1.2793626E-01  0.0000000E+00  0.0000000E+00
 0.0000000E+00  0.0000000E+00  1.3246850E-01  2.0885046E-01  2.0067495E-01  2.0892398E+00  4.5839136E-01  4.3539701E-01  1.3246850E-01  0.0000000E+00  0.0000000E+00
 0.0000000E+00  0.0000000E+00  9.1935827E-02  1.7141174E-01  1.6202027E-01  1.4448872E+00  4.6150364E-01  4.3557015E-01  9.1935826E-02  0.0000000E+00  0.0000000E+00
 0.0000000E+00  0.0000000E+00  9.5572660E-02  1.7356974E-01  1.6420974E-01  1.5463837E+00  4.6873920E-01  4.4214441E-01  9.5572659E-02  0.0000000E+00  0.0000000E+00
 0.0000000E+00  0.0000000E+00  9.9061640E-02  1.7560406E-01  1.6628080E-01  1.6389836E+00  4.7561408E-01  4.4837579E-01  9.9061639E-02  0.0000000E+00  0.0000000E+00
 0.0000000E+00  0.0000000E+00  1.0240299E-01  1.7751362E-01  1.6823235E-01  1.7228366E+00  4.8213202E-01  4.5426798E-01  1.0240298E-01  0.0000000E+00  0.0000000E+00
 0.0000000E+00  0.0000000E+00  1.0559717E-01  1.7929788E-01  1.7006379E-01  1.7982428E+00  4.8829762E-01  4.5982551E-01  1.0559717E-01  0.0000000E+00  0.0000000E+00
 0.0000000E+00  0.0000000E+00  1.0864495E-01  1.8095686E-01  1.7177496E-01  1.8655697E+00  4.9411626E-01  4.6505367E-01  1.0864495E-01  0.0000000E+00  0.0000000E+00
 0.0000000E+00  0.0000000E+00  7.8877523E-02  1.4601581E-01  1.3542974E-01  1.3799710E+00  5.1561986E-01  4.8237725E-01  7.8877523E-02  0.0000000E+00  0.0000000E+00
 0.0000000E+00  0.0000000E+00  8.1071549E-02  1.4645214E-01  1.3602550E-01  1.4260044E+00  5.1995662E-01  4.8595603E-01  8.1071550E-02  0.0000000E+00  0.0000000E+00
 0.0000000E+00  0.0000000E+00  8.3115126E-02  1.4677686E-01  1.3651272E-01  1.4656769E+00  5.2386700E-01  4.8914382E-01  8.3115127E-02  0.0000000E+00  0.0000000E+00
 0.0000000E+00  0.0000000E+00  8.5014907E-02  1.4699845E-01  1.3689859E-01  1.4996498E+00  5.2737498E-01  4.9196385E-01  8.5014907E-02  0.0000000E+00  0.0000000E+00
 0.0000000E+00  0.0000000E+00  8.6777031E-02  1.4712391E-01  1.3718913E-01  1.5282871E+00  5.3050246E-01  4.9443730E-01  8.6777032E-02  0.0000000E+00  0.0000000E+00
 0.0000000E+00  0.0000000E+00  8.8407136E-02  1.4715904E-01  1.3738935E-01  1.5518293E+00  5.3326922E-01  4.9658328E-01  8.8407137E-02  0.0000000E+00  0.0000000E+00
 0.0000000E+00  0.0000000E+00  7.2537801E-02  1.3064057E-01  1.2020703E-01  1.2584199E+00  5.4492204E-01  5.0611853E-01  7.2537803E-02  0.0000000E+00  0.0000000E+00
 0.0000000E+00  0.0000000E+00  7.4100604E-02  1.3047462E-01  1.2021826E-01  1.2943064E+00  5.4752213E-01  5.0807190E-01  7.4100606E-02  0.0000000E+00  0.0000000E+00
 0.0000000E+00  0.0000000E+00  7.5529685E-02  1.3023743E-01  1.2015372E-01  1.3237045E+00  5.4975525E-01  5.0969740E-01  7.5529687E-02  0.0000000E+00  0.0000000E+00
 0.0000000E+00  0.0000000E+00  7.6829861E-02  1.2992578E-01  1.2001221E-01  1.3461437E+00  5.5162585E-01  5.1099752E-01  7.6829862E-02  0.0000000E+00  0.0000000E+00
 0.0000000E+00  0.0000000E+00  7.8005520E-02  1.2953773E-01  1.1979346E-01  1.3618875E+00  5.5313892E-01  5.1197490E-01  7.8005521E-02  0.0000000E+00  0.0000000E+00
 0.0000000E+00  0.0000000E+00  7.9060826E-02  1.2907261E-01  1.1949812E-01  1.3715590E+00  5.5430038E-01  5.1263318E-01  7.9060827E-02  0.0000000E+00  0.0000000E+00
 0.0000000E+00  0.0000000E+00  6.8276753E-02  1.1791625E-01  1.0733873E-01  1.1755013E+00  5.7577130E-01  5.3209758E-01  6.8276754E-02  0.0000000E+00  0.0000000E+00
 0.0000000E+00  0.0000000E+00  6.9048448E-02  1.1691328E-01  1.0660732E-01  1.1846761E+00  5.7596431E-01  5.3164760E-01  6.9048449E-02  0.0000000E+00  0.0000000E+00
 0.0000000E+00  0.0000000E+00  6.9719557E-02  1.1586955E-01  1.0583229E-01  1.1897028E+00  5.7579275E-01  5.3087757E-01  6.9719558E-02  0.0000000E+00  0.0000000E+00
 0.0000000E+00  0.0000000E+00  7.0295793E-02  1.1478873E-01  1.0501708E-01  1.1909934E+00  5.7527660E-01  5.2980602E-01  7.0295794E-02  0.0000000E+00  0.0000000E+00
 0.0000000E+00  0.0000000E+00  7.0782376E-02  1.1367401E-01  1.0416472E-01  1.1889369E+00  5.7443467E-01  5.2845027E-01  7.0782377E-02  0.0000000E+00  0.0000000E+00
 0.0000000E+00  0.0000000E+00  7.1184113E-02  1.1252821E-01  1.0327785E-01  1.1838967E+00  5.7328466E-01  5.2682656E-01  7.1184114E-02  0.0000000E+00  0.0000000E+00
 0.0000000E+00  0.0000000E+00  6.3220528E-02  1.0431107E-01  9.4207626E-02  1.0488342E+00  5.9837754E-01  5.4961212E-01  6.3220530E-02  0.0000000E+00  0.0000000E+00
 0.0000000E+00  0.0000000E+00  6.3477548E-02  1.0285859E-01  9.3084356E-02  1.0472811E+00  5.9641403E-01  5.4709179E-01  6.3477549E-02  0.0000000E+00  0.0000000E+00
 0.0000000E+00  0.0000000E+00  6.3664152E-02  1.0140202E-01  9.1950251E-02  1.0428370E+00  5.9413856E-01  5.4430960E-01  6.3664154E-02  0.0000000E+00  0.0000000E+00
 0.0000000E+00  0.0000000E+00  6.3784807E-02  9.9943120E-02  9.0806923E-02  1.0358397E+00  5.9157166E-01  5.4128425E-01  6.3784808E-02  0.0000000E+00  0.0000000E+00
 0.0000000E+00  0.0000000E+00  6.3843509E-02  9.8483266E-02  8.9655690E-02  1.0265988E+00  5.8873214E-01  5.3803273E-01  6.3843510E-02  0.0000000E+00  0.0000000E+00
 0.0000000E+00  0.0000000E+00  6.3843880E-02  9.7023564E-02  8.8497643E-02  1.0153978E+00  5.8563738E-01  5.3457060E-01  6.3843881E-02  0.0000000E+00  0.0000000E+00
 0.0000000E+00  0.0000000E+00  5.8152911E-02  9.1168345E-02  8.1906685E-02  9.2422667E-01  6.1494373E-01  5.6111107E-01  5.8152911E-02  0.0000000E+00  0.0000000E+00
 0.0000000E+00  0.0000000E+00  5.8034184E-02  8.9468741E-02  8.0569528E-02  9.1645417E-01  6.1099222E-01  5.5673064E-01  5.8034185E-02  0.0000000E+00  0.0000000E+00
 0.0000000E+00  0.0000000E+00  5.7872321E-02  8.7792921E-02  7.9246725E-02  9.0668467E-01  6.0677857E-01  5.5214238E-01  5.7872321E-02  0.0000000E+00  0.0000000E+00
 0.0000000E+00  0.0000000E+00  5.7670057E-02  8.6140833E-02  7.7938200E-02  8.9519582E-01  6.0232334E-01  5.4736444E-01  5.7670057E-02  0.0000000E+00  0.0000000E+00
 0.0000000E+00  0.0000000E+00  5.7429854E-02  8.4512244E-02  7.6643735E-02  8.8223848E-01  5.9764552E-01  5.4241355E-01  5.7429854E-02  0.0000000E+00  0.0000000E+00
 0.0000000E+00  0.0000000E+00  5.7153954E-02  8.2906802E-02  7.5363035E-02  8.6803727E-01  5.9276273E-01  5.3730504E-01  5.7153954E-02  0.0000000E+00  0.0000000E+00
 0.0000000E+00  0.0000000E+00  5.2874647E-02  7.8897566E-02  7.0681988E-02  8.0793582E-01  6.2676312E-01  5.6792444E-01  5.2874646E-02  0.0000000E+00  0.0000000E+00
 0.0000000E+00  0.0000000E+00  5.2510224E-02  7.7065531E-02  6.9239640E-02  7.9660994E-01  6.2077710E-01  5.6168259E-01  5.2510223E-02  0.0000000E+00  0.0000000E+00
 0.0000000E+00  0.0000000E+00  5.2126306E-02  7.5282928E-02  6.7832865E-02  7.8400498E-01  6.1461566E-01  5.5532175E-01  5.2126306E-02  0.0000000E+00  0.0000000E+00
 0.0000000E+00  0.0000000E+00  5.1723562E-02  7.3547372E-02  6.6459750E-02  7.7032926E-01  6.0829316E-01  5.4885332E-01  5.1723562E-02  0.0000000E+00  0.0000000E+00
 0.0000000E+00  0.0000000E+00  5.1302635E-02  7.1856575E-02  6.5118448E-02  7.5577380E-01  6.0182352E-01  5.4228841E-01  5.1302635E-02  0.0000000E+00  0.0000000E+00
 0.0000000E+00  0.0000000E+00  5.0864168E-02  7.0208360E-02  6.3807195E-02  7.4050522E-01  5.9522015E-01  5.3563770E-01  5.0864168E-02  0.0000000E+00  0.0000000E+00
 0.0000000E+00  0.0000000E+00  4.7759873E-02  6.7276122E-02  6.0287386E-02  7.0135863E-01  6.3293705E-01  5.6943270E-01  4.7759874E-02  0.0000000E+00  0.0000000E+00
 0.0000000E+00  0.0000000E+00  4.7257097E-02  6.5432401E-02  5.8839923E-02  6.8817660E-01  6.2515597E-01  5.6160314E-01  4.7257098E-02  0.0000000E+00  0.0000000E+00
 0.0000000E+00  0.0000000E+00  4.6750473E-02  6.3655343E-02  5.7443304E-02  6.7433031E-01  6.1725787E-01  5.5371201E-01  4.6750474E-02  0.0000000E+00  0.0000000E+00
 0.0000000E+00  0.0000000E+00  4.6239315E-02  6.1941112E-02  5.6094087E-02  6.5996075E-01  6.0925947E-01  5.4577271E-01  4.6239315E-02  0.0000000E+00  0.0000000E+00
 0.0000000E+00  0.0000000E+00  4.5723065E-02  6.0286059E-02  5.4789050E-02  6.4518475E-01  6.0117603E-01  5.3779728E-01  4.5723066E-02  0.0000000E+00  0.0000000E+00
 0.0000000E+00  0.0000000E+00  4.5201299E-02  5.8686740E-02  5.3525202E-02  6.3010300E-01  5.9302139E-01  5.2979653E-01  4.5201300E-02  0.0000000E+00  0.0000000E+00
 0.0000000E+00  0.0000000E+00  4.2945110E-02  5.6301563E-02  5.0680549E-02  6.0216312E-01  6.3433169E-01  5.6663332E-01  4.2945110E-02  0.0000000E+00  0.0000000E+00
 0.0000000E+00  0.0000000E+00  4.2382064E-02  5.4544773E-02  4.9315298E-02  5.8908038E-01  6.2481529E-01  5.5729864E-01  4.2382064E-02  0.0000000E+00  0.0000000E+00
 0.0000000E+00  0.0000000E+00  4.1825182E-02  5.2866842E-02  4.8010126E-02  5.7569286E-01  6.1526731E-01  5.4798405E-01  4.1825182E-02  0.0000000E+00  0.0000000E+00
 0.0000000E+00  0.0000000E+00  4.1272571E-02  5.1262116E-02  4.6760140E-02  5.6210812E-01  6.0570092E-01  5.3869919E-01  4.1272571E-02  0.0000000E+00  0.0000000E+00
 0.0000000E+00  0.0000000E+00  4.0722707E-02  4.9725421E-02  4.5560914E-02  5.4839760E-01  5.9612786E-01  5.2945239E-01  4.0722707E-02  0.0000000E+00  0.0000000E+00
 0.0000000E+00  0.0000000E+00  4.0174369E-02  4.8252013E-02  4.4408437E-02  5.3461394E-01  5.8655852E-01  5.2025091E-01  4.0174369E-02  0.0000000E+00  0.0000000E+00
 0.0000000E+00  0.0000000E+00  3.8660257E-02  4.6153597E-02  4.1996474E-02  5.1368842E-01  6.3076030E-01  5.5943751E-01  3.8660257E-02  0.0000000E+00  0.0000000E+00
 0.0000000E+00  0.0000000E+00  3.8085521E-02  4.4569714E-02  4.0779673E-02  5.0104226E-01  6.1971687E-01  5.4881286E-01  3.8085521E-02  0.0000000E+00  0.0000000E+00
 0.0000000E+00  0.0000000E+00  3.7520792E-02  4.3067682E-02  3.9624829E-02  4.8877965E-01  6.0872679E-01  5.3828811E-01  3.7520792E-02  0.0000000E+00  0.0000000E+00
 0.0000000E+00  0.0000000E+00  3.6963901E-02  4.1641022E-02  3.8526332E-02  4.7670923E-01  5.9779817E-01  5.2786767E-01  3.6963901E-02  0.0000000E+00  0.0000000E+00
 0.0000000E+00  0.0000000E+00  3.6413059E-02  4.0283837E-02  3.7479152E-02  4.6473792E-01  5.8693822E-01  5.1755528E-01  3.6413059E-02  0.0000000E+00  0.0000000E+00
 0.0000000E+00  0.0000000E+00  3.5866815E-02  3.8990771E-02  3.6478788E-02  4.5282334E-01  5.7615336E-01  5.0735414E-01  3.5866815E-02  0.0000000E+00  0.0000000E+00
 0.0000000E+00  0.0000000E+00  3.5005927E-02  3.7105349E-02  3.4383458E-02  4.3191822E-01  6.2309072E-01  5.4871045E-01  3.5005927E-02  0.0000000E+00  0.0000000E+00
 0.0000000E+00  0.0000000E+00  3.4432767E-02  3.5729267E-02  3.3341058E-02  4.2180260E-01  6.1074709E-01  5.3702484E-01  3.4432766E-02  0.0000000E+00  0.0000000E+00
 0.0000000E+00  0.0000000E+00  3.3871656E-02  3.4433674E-02  3.2358634E-02  4.1195877E-01  5.9852486E-01  5.2550104E-01  3.3871656E-02  0.0000000E+00  0.0000000E+00
 0.0000000E+00  0.0000000E+00  3.3320225E-02  3.3211532E-02  3.1430191E-02  4.0228544E-01  5.8643023E-01  5.1414147E-01  3.3320224E-02  0.0000000E+00  0.0000000E+00
 0.0000000E+00  0.0000000E+00  3.2776570E-02  3.2056557E-02  3.0550456E-02  3.9270813E-01  5.7446853E-01  5.0294797E-01  3.2776570E-02  0.0000000E+00  0.0000000E+00
 0.0000000E+00  0.0000000E+00  3.2239178E-02  3.0963120E-02  2.9714773E-02  3.8317264E-01  5.6264429E-01  4.9192182E-01  3.2239177E-02  0.0000000E+00  0.0000000E+00
 0.0000000E+00  0.0000000E+00  3.1755423E-02  2.8903111E-02  2.7543660E-02  3.4958591E-01  6.1205869E-01  5.3507447E-01  3.1755423E-02  0.0000000E+00  0.0000000E+00
 0.0000000E+00  0.0000000E+00  3.1199228E-02  2.7777797E-02  2.6715102E-02  3.4573606E-01  5.9857129E-01  5.2249496E-01  3.1199229E-02  0.0000000E+00  0.0000000E+00
 0.0000000E+00  0.0000000E+00  3.0654214E-02  2.6725573E-02  2.5938636E-02  3.4132615E-01  5.8527074E-01  5.1013484E-01  3.0654215E-02  0.0000000E+00  0.0000000E+00
 0.0000000E+00  0.0000000E+00  3.0118580E-02  2.5739694E-02  2.5208729E-02  3.3635503E-01  5.7216177E-01  4.9799506E-01  3.0118581E-02  0.0000000E+00  0.0000000E+00
 0.0000000E+00  0.0000000E+00  2.9590847E-02  2.4814131E-02  2.4520508E-02  3.3084405E-01  5.5924811E-01  4.8607583E-01  2.9590847E-02  0.0000000E+00  0.0000000E+00
 0.0000000E+00  0.0000000E+00  2.9069806E-02  2.3943485E-02  2.3869670E-02  3.2482773E-01  5.4653253E-01  4.7437669E-01  2.9069806E-02  0.0000000E+00  0.0000000E+00
 0.0000000E+00  0.0000000E+00  2.8785329E-02  2.1693264E-02  2.1698062E-02  3.0252113E-01  5.9774008E-01  5.1872821E-01  2.8785329E-02  0.0000000E+00  0.0000000E+00
 0.0000000E+00  0.0000000E+00  2.8262939E-02  2.0833981E-02  2.1087767E-02  3.0070071E-01  5.8327373E-01  5.0541861E-01  2.8262938E-02  0.0000000E+00  0.0000000E+00
 0.0000000E+00  0.0000000E+00  2.7750073E-02  2.0037762E-02  2.0519667E-02  2.9799284E-01  5.6906035E-01  4.9238527E-01  2.7750073E-02  0.0000000E+00  0.0000000E+00
 0.0000000E+00  0.0000000E+00  2.7245216E-02  1.9298246E-02  1.9988798E-02  2.9447554E-01  5.5510225E-01  4.7962677E-01  2.7245215E-02  0.0000000E+00  0.0000000E+00
 0.0000000E+00  0.0000000E+00  2.6747144E-02  1.8609762E-02  1.9490799E-02  2.9022841E-01  5.4140071E-01  4.6714097E-01  2.6747143E-02  0.0000000E+00  0.0000000E+00
 0.0000000E+00  0.0000000E+00  2.6254877E-02  1.7967253E-02  1.9021837E-02  2.8533026E-01  5.2795610E-01  4.5492513E-01  2.6254877E-02  0.0000000E+00  0.0000000E+00
 0.0000000E+00  0.0000000E+00  2.6161739E-02  1.5431124E-02  1.6759675E-02  2.6786654E-01  5.8134218E-01  5.0077580E-01  2.6161739E-02  0.0000000E+00  0.0000000E+00
 0.0000000E+00  0.0000000E+00  2.5674851E-02  1.4854230E-02  1.6371560E-02  2.6668212E-01  5.6597518E-01  4.8682286E-01  2.5674851E-02  0.0000000E+00  0.0000000E+00
 0.0000000E+00  0.0000000E+00  2.5195819E-02  1.4326273E-02  1.6013021E-02  2.6459196E-01  5.5093230E-01  4.7320561E-01  2.5195819E-02  0.0000000E+00  0.0000000E+00
 0.0000000E+00  0.0000000E+00  2.4723332E-02  1.3841663E-02  1.5679942E-02  2.6168203E-01  5.3621287E-01  4.5991986E-01  2.4723332E-02  0.0000000E+00  0.0000000E+00
 0.0000000E+00  0.0000000E+00  2.4256366E-02  1.3395455E-02  1.5368744E-02  2.5803268E-01  5.2181520E-01  4.4696074E-01  2.4256366E-02  0.0000000E+00  0.0000000E+00
 0.0000000E+00  0.0000000E+00  2.3794132E-02  1.2983276E-02  1.5076318E-02  2.5372192E-01  5.0773665E-01  4.3432281E-01  2.3794132E-02  0.0000000E+00  0.0000000E+00
 0.0000000E+00  0.0000000E+00  2.3888030E-02  1.0293369E-02  1.2809904E-02  2.3861932E-01  5.6231711E-01  4.8080209E-01  2.3888031E-02  0.0000000E+00  0.0000000E+00
 0.0000000E+00  0.0000000E+00  2.3435696E-02  9.9795627E-03  1.2621458E-02  2.3795527E-01  5.4622663E-01  4.6637764E-01  2.3435696E-02  0.0000000E+00  0.0000000E+00
 0.0000000E+00  0.0000000E+00  2.2988580E-02  9.6993735E-03  1.2449516E-02  2.3639333E-01  5.3052474E-01  4.5234007E-01  2.2988580E-02  0.0000000E+00  0.0000000E+00
 0.0000000E+00  0.0000000E+00  2.2545872E-02  9.4482700E-03  1.2291016E-02  2.3401896E-01  5.1520831E-01  4.3868305E-01  2.2545872E-02  0.0000000E+00  0.0000000E+00
 0.0000000E+00  0.0000000E+00  2.2106966E-02  9.2222850E-03  1.2143341E-02  2.3090575E-01  5.0027310E-01  4.2539953E-01  2.2106966E-02  0.0000000E+00  0.0000000E+00
 0.0000000E+00  0.0000000E+00  2.1671427E-02  9.0179405E-03  1.2004253E-02  2.2712488E-01  4.8571392E-01  4.1248187E-01  2.1671427E-02  0.0000000E+00  0.0000000E+00
 0.0000000E+00  0.0000000E+00  2.1865347E-02  6.1472549E-03  9.6813206E-03  2.1114050E-01  5.4138715E-01  4.5956606E-01  2.1865347E-02  0.0000000E+00  0.0000000E+00
 0.0000000E+00  0.0000000E+00  2.1449254E-02  6.0964657E-03  9.6913161E-03  2.1197397E-01  5.2469432E-01  4.4477281E-01  2.1449253E-02  0.0000000E+00  0.0000000E+00
 0.0000000E+00  0.0000000E+00  2.1034716E-02  6.0592729E-03  9.7008824E-03  2.1167165E-01  5.0845471E-01  4.3041754E-01  2.1034715E-02  0.0000000E+00  0.0000000E+00
 0.0000000E+00  0.0000000E+00  2.0621743E-02  6.0328885E-03  9.7085763E-03  2.1035210E-01  4.9266223E-01  4.1649137E-01  2.0621743E-02  0.0000000E+00  0.0000000E+00
 0.0000000E+00  0.0000000E+00  2.0210381E-02  6.0149421E-03  9.7132624E-03  2.0811930E-01  4.7730967E-01  4.0298470E-01  2.0210381E-02  0.0000000E+00  0.0000000E+00
 0.0000000E+00  0.0000000E+00  1.9800705E-02  6.0034130E-03  9.7140489E-03  2.0507227E-01  4.6238892E-01  3.8988742E-01  1.9800705E-02  0.0000000E+00  0.0000000E+00
 0.0000000E+00  0.0000000E+00  1.9982941E-02  3.1532025E-03  7.5375118E-03  1.9073949E-01  5.1855861E-01  4.3703416E-01  1.9982941E-02  0.0000000E+00  0.0000000E+00
 0.0000000E+00  0.0000000E+00  1.9608321E-02  3.2892987E-03  7.6744152E-03  1.9241974E-01  5.0135707E-01  4.2196237E-01  1.9608321E-02  0.0000000E+00  0.0000000E+00
 0.0000000E+00  0.0000000E+00  1.9231437E-02  3.4278024E-03  7.8024823E-03  1.9286226E-01  4.8468168E-01  4.0738399E-01  1.9231437E-02  0.0000000E+00  0.0000000E+00
 0.0000000E+00  0.0000000E+00  1.8852966E-02  3.5664663E-03  7.9207270E-03  1.9216909E-01  4.6852154E-01  3.9328639E-01  1.8852966E-02  0.0000000E+00  0.0000000E+00
 0.0000000E+00  0.0000000E+00  1.8473528E-02  3.7034348E-03  8.0284545E-03  1.9044901E-01  4.5286485E-01  3.7965641E-01  1.8473528E-02  0.0000000E+00  0.0000000E+00
 0.0000000E+00  0.0000000E+00  1.8093683E-02  3.8371895E-03  8.1252069E-03  1.8781420E-01  4.3769915E-01  3.6648048E-01  1.8093683E-02  0.0000000E+00  0.0000000E+00
 0.0000000E+00  0.0000000E+00  1.8297287E-02  6.5390002E-04  5.7738413E-03  1.7422725E-01  4.9344422E-01  4.1299027E-01  1.8297288E-02  0.0000000E+00  0.0000000E+00
 0.0000000E+00  0.0000000E+00  1.7962935E-02  9.9638182E-04  6.0509992E-03  1.7721023E-01  4.7595370E-01  3.9781901E-01  1.7962936E-02  0.0000000E+00  0.0000000E+00
 0.0000000E+00  0.0000000E+00  1.7623613E-02  1.3236697E-03  6.3059298E-03  1.7865458E-01  4.5904940E-01  3.8318564E-01  1.7623614E-02  0.0000000E+00  0.0000000E+00
 0.0000000E+00  0.0000000E+00  1.7280177E-02  1.6352344E-03  6.5392004E-03  1.7868879E-01  4.4271690E-01  3.6907482E-01  1.7280177E-02  0.0000000E+00  0.0000000E+00
 0.0000000E+00  0.0000000E+00  1.6933465E-02  1.9307150E-03  6.7514165E-03  1.7745972E-01  4.2694088E-01  3.5547066E-01  1.6933466E-02  0.0000000E+00  0.0000000E+00
 0.0000000E+00  0.0000000E+00  1.6584281E-02  2.2098949E-03  6.9432133E-03  1.7512278E-01  4.1170535E-01  3.4235689E-01  1.6584281E-02  0.0000000E+00  0.0000000E+00
 0.0000000E+00  0.0000000E+00  1.6800330E-02 -1.1906345E-03  4.4805815E-03  1.6649120E-01  4.6686136E-01  3.8817483E-01  1.6800329E-02  0.0000000E+00  0.0000000E+00
 0.0000000E+00  0.0000000E+00  1.6506758E-02 -6.4017512E-04  4.9020501E-03  1.7007145E-01  4.4920781E-01  3.7298697E-01  1.6506758E-02  0.0000000E+00  0.0000000E+00
 0.0000000E+00  0.0000000E+00  1.6204021E-02 -1.2601071E-04  5.2847257E-03  1.7167948E-01  4.3220181E-01  3.5838438E-01  1.6204021E-02  0.0000000E+00  0.0000000E+00
 0.0000000E+00  0.0000000E+00  1.5893832E-02  3.5321826E-04  5.6309137E-03  1.7159262E-01  4.1582442E-01  3.4434812E-01  1.5893832E-02  0.0000000E+00  0.0000000E+00
 0.0000000E+00  0.0000000E+00  1.5577684E-02  7.9891970E-04  5.9428027E-03  1.7006048E-01  4.0005593E-01  3.3085873E-01  1.5577684E-02  0.0000000E+00  0.0000000E+00
 0.0000000E+00  0.0000000E+00  1.5256878E-02  1.2125187E-03  6.2224618E-03  1.6731115E-01  3.8487610E-01  3.1789644E-01  1.5256878E-02  0.0000000E+00  0.0000000E+00
 0.0000000E+00  0.0000000E+00  1.5576580E-02 -1.8637995E-03  4.0472485E-03  1.6642281E-01  4.3838100E-01  3.6196339E-01  1.5576580E-02  0.0000000E+00  0.0000000E+00
 0.0000000E+00  0.0000000E+00  1.5331189E-02 -1.1723332E-03  4.5607362E-03  1.6975829E-01  4.2076477E-01  3.4693174E-01  1.5331189E-02  0.0000000E+00  0.0000000E+00
 0.0000000E+00  0.0000000E+00  1.5068489E-02 -5.3568998E-04  5.0224780E-03  1.7080667E-01  4.0385197E-01  3.3252770E-01  1.5068489E-02  0.0000000E+00  0.0000000E+00
 0.0000000E+00  0.0000000E+00  1.4791797E-02  4.9882239E-05  5.4364038E-03  1.6991737E-01  3.8761809E-01  3.1872771E-01  1.4791797E-02  0.0000000E+00  0.0000000E+00
 0.0000000E+00  0.0000000E+00  1.4503903E-02  5.8775252E-04  5.8060355E-03  1.6742429E-01  3.7203828E-01  3.0550804E-01  1.4503903E-02  0.0000000E+00  0.0000000E+00
 0.0000000E+00  0.0000000E+00  1.4207165E-02  1.0809868E-03  6.1345660E-03  1.6363478E-01  3.5708757E-01  2.9284503E-01  1.4207165E-02  0.0000000E+00  0.0000000E+00
 0.0000000E+00  0.0000000E+00  1.4807280E-02 -1.3607562E-03  4.5405402E-03  1.7815894E-01  4.0843372E-01  3.3472664E-01  1.4807279E-02  0.0000000E+00  0.0000000E+00
 0.0000000E+00  0.0000000E+00  1.4554512E-02 -6.1657923E-04  5.0785822E-03  1.7856412E-01  3.9106974E-01  3.2003308E-01  1.4554511E-02  0.0000000E+00  0.0000000E+00
 0.0000000E+00  0.0000000E+00  1.4285686E-02  5.9661924E-05  5.5548391E-03  1.7682362E-01  3.7445322E-01  3.0599952E-01  1.4285685E-02  0.0000000E+00  0.0000000E+00
 0.0000000E+00  0.0000000E+00  1.4003996E-02  6.7363948E-04  5.9749525E-03  1.7335464E-01  3.5855442E-01  2.9259795E-01  1.4003995E-02  0.0000000E+00  0.0000000E+00
 0.0000000E+00  0.0000000E+00  1.3712136E-02  1.2304027E-03  6.3438962E-03  1.6852730E-01  3.4334364E-01  2.7980055E-01  1.3712135E-02  0.0000000E+00  0.0000000E+00
 0.0000000E+00  0.0000000E+00  1.3412396E-02  1.7344821E-03  6.6660968E-03  1.6266453E-01  3.2879151E-01  2.6757997E-01  1.3412396E-02  0.0000000E+00  0.0000000E+00
 0.0000000E+00  0.0000000E+00  1.4318169E-02 -3.3351809E-04  5.3955501E-03  1.9314538E-01  3.7776314E-01  3.0711077E-01  1.4318169E-02  0.0000000E+00  0.0000000E+00
 0.0000000E+00  0.0000000E+00  1.4047232E-02  3.9943898E-04  5.9146550E-03  1.8971086E-01  3.6082662E-01  2.9291108E-01  1.4047231E-02  0.0000000E+00  0.0000000E+00
 0.0000000E+00  0.0000000E+00  1.3760065E-02  1.0624028E-03  6.3704546E-03  1.8439664E-01  3.4466925E-01  2.7939111E-01  1.3760065E-02  0.0000000E+00  0.0000000E+00
 0.0000000E+00  0.0000000E+00  1.3460429E-02  1.6608174E-03  6.7683441E-03  1.7770027E-01  3.2925688E-01  2.6651925E-01  1.3460429E-02  0.0000000E+00  0.0000000E+00
 0.0000000E+00  0.0000000E+00  1.3151417E-02  2.1996230E-03  7.1132028E-03  1.7002959E-01  3.1455576E-01  2.5426448E-01  1.3151417E-02  0.0000000E+00  0.0000000E+00
 0.0000000E+00  0.0000000E+00  1.2835592E-02  2.6833446E-03  7.4094765E-03  1.6171578E-01  3.0053280E-01  2.4259659E-01  1.2835592E-02  0.0000000E+00  0.0000000E+00
 0.0000000E+00  0.0000000E+00  1.4132352E-02  1.4672896E-03  7.0310586E-03  2.0789126E-01  3.4624753E-01  2.7902661E-01  1.4132352E-02  0.0000000E+00  0.0000000E+00
 0.0000000E+00  0.0000000E+00  1.3794617E-02  2.1462142E-03  7.4774699E-03  1.9890485E-01  3.2993458E-01  2.6548367E-01  1.3794617E-02  0.0000000E+00  0.0000000E+00
 0.0000000E+00  0.0000000E+00  1.3449115E-02  2.7492589E-03  7.8574721E-03  1.8905043E-01  3.1442303E-01  2.5263218E-01  1.3449115E-02  0.0000000E+00  0.0000000E+00
 0.0000000E+00  0.0000000E+00  1.3098503E-02  3.2832945E-03  8.1776518E-03  1.7868006E-01  2.9967337E-01  2.4043617E-01  1.3098503E-02  0.0000000E+00  0.0000000E+00
 0.0000000E+00  0.0000000E+00  1.2744978E-02  3.7545196E-03  8.4439007E-03  1.6807125E-01  2.8564725E-01  2.2886090E-01  1.2744978E-02  0.0000000E+00  0.0000000E+00
 0.0000000E+00  0.0000000E+00  1.2390365E-02  4.1685501E-03  8.6615154E-03  1.5744030E-01  2.7230761E-01  2.1787302E-01  1.2390365E-02  0.0000000E+00  0.0000000E+00
 0.0000000E+00  0.0000000E+00  1.3823496E-02  3.8445303E-03  9.1026633E-03  2.1049204E-01  3.1463886E-01  2.5115712E-01  1.3823496E-02  0.0000000E+00  0.0000000E+00
 0.0000000E+00  0.0000000E+00  1.3427513E-02  4.3538907E-03  9.3766258E-03  1.9798362E-01  2.9916836E-01  2.3846417E-01  1.3427513E-02  0.0000000E+00  0.0000000E+00
 0.0000000E+00  0.0000000E+00  1.3032029E-02  4.8000650E-03  9.5977732E-03  1.8537825E-01  2.8449405E-01  2.2644697E-01  1.3032029E-02  0.0000000E+00  0.0000000E+00
 0.0000000E+00  0.0000000E+00  1.2638677E-02  5.1885198E-03  9.7712995E-03  1.7287439E-01  2.7057440E-01  2.1506874E-01  1.2638677E-02  0.0000000E+00  0.0000000E+00
 0.0000000E+00  0.0000000E+00  1.2248776E-02  5.5242699E-03  9.9018980E-03  1.6063504E-01  2.5736935E-01  2.0429417E-01  1.2248776E-02  0.0000000E+00  0.0000000E+00
 0.0000000E+00  0.0000000E+00  1.1863399E-02  5.8119275E-03  9.9938234E-03  1.4878708E-01  2.4484043E-01  1.9408945E-01  1.1863399E-02  0.0000000E+00  0.0000000E+00
 0.0000000E+00  0.0000000E+00  1.3330953E-02  5.7786787E-03  1.0667641E-02  2.0579536E-01  2.8427258E-01  2.2480225E-01  1.3330953E-02  0.0000000E+00  0.0000000E+00
 0.0000000E+00  0.0000000E+00  1.2901652E-02  6.1574213E-03  1.0808174E-02  1.9118692E-01  2.6969322E-01  2.1296657E-01  1.2901653E-02  0.0000000E+00  0.0000000E+00
 0.0000000E+00  0.0000000E+00  1.2477756E-02  6.4791628E-03  1.0905086E-02  1.7690903E-01  2.5589974E-01  2.0179124E-01  1.2477756E-02  0.0000000E+00  0.0000000E+00
 0.0000000E+00  0.0000000E+00  1.2060399E-02  6.7493657E-03  1.0962884E-02  1.6314603E-01  2.4284859E-01  1.9123778E-01  1.2060399E-02  0.0000000E+00  0.0000000E+00
 0.0000000E+00  0.0000000E+00  1.1650477E-02  6.9729839E-03  1.0985651E-02  1.5001726E-01  2.3049813E-01  1.8126961E-01  1.1650477E-02  0.0000000E+00  0.0000000E+00
 0.0000000E+00  0.0000000E+00  1.1248690E-02  7.1545177E-03  1.0977092E-02  1.3759626E-01  2.1880865E-01  1.7185203E-01  1.1248690E-02  0.0000000E+00  0.0000000E+00
 0.0000000E+00  0.0000000E+00  1.2792159E-02  7.5088458E-03  1.1884565E-02  1.9579287E-01  2.5511539E-01  1.9976545E-01  1.2792158E-02  0.0000000E+00  0.0000000E+00
 0.0000000E+00  0.0000000E+00  1.2331653E-02  7.7524139E-03  1.1913974E-02  1.7987718E-01  2.4148221E-01  1.8883905E-01  1.2331653E-02  0.0000000E+00  0.0000000E+00
 0.0000000E+00  0.0000000E+00  1.1882547E-02  7.9501420E-03  1.1908887E-02  1.6481815E-01  2.2861597E-01  1.7854491E-01  1.1882547E-02  0.0000000E+00  0.0000000E+00
 0.0000000E+00  0.0000000E+00  1.1445194E-02  8.1060984E-03  1.1872732E-02  1.5064257E-01  2.1647238E-01  1.6884510E-01  1.1445194E-02  0.0000000E+00  0.0000000E+00
 0.0000000E+00  0.0000000E+00  1.1019808E-02  8.2240571E-03  1.1808677E-02  1.3736700E-01  2.0500915E-01  1.5970359E-01  1.1019808E-02  0.0000000E+00  0.0000000E+00
 0.0000000E+00  0.0000000E+00  1.0606501E-02  8.3075262E-03  1.1719652E-02  1.2499474E-01  1.9418609E-01  1.5108628E-01  1.0606501E-02  0.0000000E+00  0.0000000E+00
 0.0000000E+00  0.0000000E+00  1.2191400E-02  8.9133152E-03  1.2809052E-02  1.8286657E-01  2.2736413E-01  1.7639294E-01  1.2191401E-02  0.0000000E+00  0.0000000E+00
 0.0000000E+00  0.0000000E+00  1.1713081E-02  9.0620722E-03  1.2765232E-02  1.6681884E-01  2.1470587E-01  1.6635895E-01  1.1713082E-02  0.0000000E+00  0.0000000E+00
 0.0000000E+00  0.0000000E+00  1.1250143E-02  9.1685273E-03  1.2689776E-02  1.5170675E-01  2.0279185E-01  1.5693029E-01  1.1250144E-02  0.0000000E+00  0.0000000E+00
 0.0000000E+00  0.0000000E+00  1.0802460E-02  9.2366940E-03  1.2585990E-02  1.3758948E-01  1.9157676E-01  1.4806889E-01  1.0802461E-02  0.0000000E+00  0.0000000E+00
 0.0000000E+00  0.0000000E+00  1.0369838E-02  9.2703266E-03  1.2456965E-02  1.2448810E-01  1.8101762E-01  1.3973880E-01  1.0369839E-02  0.0000000E+00  0.0000000E+00
 0.0000000E+00  0.0000000E+00  9.9520313E-03  9.2729290E-03  1.2305589E-02  1.1239667E-01  1.7107382E-01  1.3190609E-01  9.9520317E-03  0.0000000E+00  0.0000000E+00
 0.0000000E+00  0.0000000E+00  1.1551991E-02  1.0090442E-02  1.3603326E-02  1.6949630E-01  2.0121607E-01  1.5478764E-01  1.1551991E-02  0.0000000E+00  0.0000000E+00
 0.0000000E+00  0.0000000E+00  1.1058113E-02  1.0156705E-02  1.3500087E-02  1.5311973E-01  1.8953828E-01  1.4562477E-01  1.1058113E-02  0.0000000E+00  0.0000000E+00
 0.0000000E+00  0.0000000E+00  1.0584163E-02  1.0183702E-02  1.3365792E-02  1.3798299E-01  1.7857824E-01  1.3703795E-01  1.0584163E-02  0.0000000E+00  0.0000000E+00
 0.0000000E+00  0.0000000E+00  1.0129405E-02  1.0175475E-02  1.3204054E-02  1.2405967E-01  1.6829020E-01  1.2898935E-01  1.0129405E-02  0.0000000E+00  0.0000000E+00
 0.0000000E+00  0.0000000E+00  9.6931151E-03  1.0135791E-02  1.3018241E-02  1.1131032E-01  1.5863091E-01  1.2144340E-01  9.6931152E-03  0.0000000E+00  0.0000000E+00
 0.0000000E+00  0.0000000E+00  9.2745851E-03  1.0068145E-02  1.2811482E-02  9.9684307E-02  1.4955965E-01  1.1436667E-01  9.2745851E-03  0.0000000E+00  0.0000000E+00
 0.0000000E+00  0.0000000E+00  1.0814817E-02  1.1382126E-02  1.4642956E-02  1.5436923E-01  1.7638332E-01  1.3464438E-01  1.0814817E-02  0.0000000E+00  0.0000000E+00
 0.0000000E+00  0.0000000E+00  1.0321785E-02  1.1372407E-02  1.4468505E-02  1.3847508E-01  1.6570135E-01  1.2632386E-01  1.0321785E-02  0.0000000E+00  0.0000000E+00
 0.0000000E+00  0.0000000E+00  9.8515983E-03  1.1322515E-02  1.4261973E-02  1.2386640E-01  1.5570923E-01  1.1855271E-01  9.8515984E-03  0.0000000E+00  0.0000000E+00
 0.0000000E+00  0.0000000E+00  9.4030193E-03  1.1237182E-02  1.4027789E-02  1.1052227E-01  1.4636010E-01  1.1129277E-01  9.4030193E-03  0.0000000E+00  0.0000000E+00
 0.0000000E+00  0.0000000E+00  8.9749006E-03  1.1120787E-02  1.3770009E-02  9.8397955E-02  1.3761006E-01  1.0450833E-01  8.9749007E-03  0.0000000E+00  0.0000000E+00
 0.0000000E+00  0.0000000E+00  8.5661807E-03  1.0977368E-02  1.3492337E-02  8.7432727E-02  1.2941801E-01  9.8166043E-02  8.5661808E-03  0.0000000E+00  0.0000000E+00
 0.0000000E+00  0.0000000E+00  1.0090044E-02  1.3294131E-02  1.6295642E-02  1.4148292E-01  1.5250185E-01  1.1532259E-01  1.0090044E-02  0.0000000E+00  0.0000000E+00
 0.0000000E+00  0.0000000E+00  9.6037645E-03  1.3122696E-02  1.5966407E-02  1.2561451E-01  1.4289666E-01  1.0790674E-01  9.6037644E-03  0.0000000E+00  0.0000000E+00
 0.0000000E+00  0.0000000E+00  9.1422073E-03  1.2917601E-02  1.5611844E-02  1.1122084E-01  1.3394046E-01  1.0100483E-01  9.1422072E-03  0.0000000E+00  0.0000000E+00
 0.0000000E+00  0.0000000E+00  8.7037778E-03  1.2684042E-02  1.5236686E-02  9.8237798E-02  1.2558686E-01  9.4578915E-02  8.7037778E-03  0.0000000E+00  0.0000000E+00
 0.0000000E+00  0.0000000E+00  8.2870432E-03  1.2426744E-02  1.4845227E-02  8.6584831E-02  1.1779254E-01  8.8593704E-02  8.2870431E-03  0.0000000E+00  0.0000000E+00
 0.0000000E+00  0.0000000E+00  7.8907096E-03  1.2149965E-02  1.4441323E-02  7.6171241E-02  1.1051715E-01  8.3016447E-02  7.8907096E-03  0.0000000E+00  0.0000000E+00
 0.0000000E+00  0.0000000E+00  9.3962815E-03  1.5316069E-02  1.8113675E-02  1.2834121E-01  1.2995321E-01  9.7172038E-02  9.3962816E-03  0.0000000E+00  0.0000000E+00
 0.0000000E+00  0.0000000E+00  8.9158476E-03  1.4908265E-02  1.7551804E-02  1.1243606E-01  1.2149815E-01  9.0729184E-02  8.9158477E-03  0.0000000E+00  0.0000000E+00
 0.0000000E+00  0.0000000E+00  8.4623092E-03  1.4486230E-02  1.6983677E-02  9.8262418E-02  1.1363763E-01  8.4750148E-02  8.4623093E-03  0.0000000E+00  0.0000000E+00
 0.0000000E+00  0.0000000E+00  8.0336754E-03  1.4054395E-02  1.6413429E-02  8.5694364E-02  1.0632560E-01  7.9197901E-02  8.0336755E-03  0.0000000E+00  0.0000000E+00
 0.0000000E+00  0.0000000E+00  7.6281763E-03  1.3616433E-02  1.5844423E-02  7.4599025E-02  9.9520057E-02  7.4038780E-02  7.6281764E-03  0.0000000E+00  0.0000000E+00
 0.0000000E+00  0.0000000E+00  7.2442345E-03  1.3175416E-02  1.5279413E-02  6.4840933E-02  9.3182498E-02  6.9242079E-02  7.2442346E-03  0.0000000E+00  0.0000000E+00
 0.0000000E+00  0.0000000E+00  8.6801702E-03  1.6717008E-02  1.9316543E-02  1.1196022E-01  1.0976887E-01  8.1191766E-02  8.6801705E-03  0.0000000E+00  0.0000000E+00
 0.0000000E+00  0.0000000E+00  8.2134046E-03  1.6106611E-02  1.8548733E-02  9.6650716E-02  1.0241411E-01  7.5655565E-02  8.2134048E-03  0.0000000E+00  0.0000000E+00
 0.0000000E+00  0.0000000E+00  7.7747980E-03  1.5502144E-02  1.7796546E-02  8.3304859E-02  9.5589697E-02  7.0527809E-02  7.7747982E-03  0.0000000E+00  0.0000000E+00
 0.0000000E+00  0.0000000E+00  7.3619755E-03  1.4905818E-02  1.7061626E-02  7.1706731E-02  8.9254157E-02  6.5775524E-02  7.3619756E-03  0.0000000E+00  0.0000000E+00
 0.0000000E+00  0.0000000E+00  6.9728976E-03  1.4319492E-02  1.6345281E-02  6.1654768E-02  8.3369490E-02  6.1368644E-02  6.9728977E-03  0.0000000E+00  0.0000000E+00
 0.0000000E+00  0.0000000E+00  6.6057922E-03  1.3744711E-02  1.5648529E-02  5.2963160E-02  7.7900785E-02  5.7279672E-02  6.6057923E-03  0.0000000E+00  0.0000000E+00
 0.0000000E+00  0.0000000E+00  7.9733744E-03  1.7556388E-02  1.9871220E-02  9.2574979E-02  9.2097320E-02  6.7382567E-02  7.9733742E-03  0.0000000E+00  0.0000000E+00
 0.0000000E+00  0.0000000E+00  7.5262685E-03  1.6771557E-02  1.8939009E-02  7.9031819E-02  8.5728348E-02  6.2650173E-02  7.5262684E-03  0.0000000E+00  0.0000000E+00
 0.0000000E+00  0.0000000E+00  7.1072397E-03  1.6012078E-02  1.8041747E-02  6.7381137E-02  7.9830304E-02  5.8274723E-02  7.1072396E-03  0.0000000E+00  0.0000000E+00
 0.0000000E+00  0.0000000E+00  6.7138839E-03  1.5277837E-02  1.7178702E-02  5.7385865E-02  7.4366956E-02  5.4228073E-02  6.7138838E-03  0.0000000E+00  0.0000000E+00
 0.0000000E+00  0.0000000E+00  6.3441303E-03  1.4568846E-02  1.6349308E-02  4.8829666E-02  6.9304421E-02  5.0483967E-02  6.3441302E-03  0.0000000E+00  0.0000000E+00
 0.0000000E+00  0.0000000E+00  5.9961746E-03  1.3885135E-02  1.5553038E-02  4.1519386E-02  6.4611247E-02  4.7018095E-02  5.9961745E-03  0.0000000E+00  0.0000000E+00
 0.0000000E+00  0.0000000E+00  7.3011475E-03  1.7829866E-02  1.9864142E-02  7.3978771E-02  7.6360622E-02  5.5266448E-02  7.3011475E-03  0.0000000E+00  0.0000000E+00
 0.0000000E+00  0.0000000E+00  6.8724782E-03  1.6889101E-02  1.8786438E-02  6.2491142E-02  7.0929580E-02  5.1286194E-02  6.8724781E-03  0.0000000E+00  0.0000000E+00
 0.0000000E+00  0.0000000E+00  6.4719806E-03  1.5994506E-02  1.7764434E-02  5.2709933E-02  6.5910408E-02  4.7612892E-02  6.4719806E-03  0.0000000E+00  0.0000000E+00
 0.0000000E+00  0.0000000E+00  6.0972088E-03  1.5144041E-02  1.6795420E-02  4.4405925E-02  6.1270118E-02  4.4221362E-02  6.0972087E-03  0.0000000E+00  0.0000000E+00
 0.0000000E+00  0.0000000E+00  5.7460436E-03  1.4335778E-02  1.5876840E-02  3.7372356E-02  5.6978344E-02  4.1088517E-02  5.7460435E-03  0.0000000E+00  0.0000000E+00
 0.0000000E+00  0.0000000E+00  5.4166295E-03  1.3567876E-02  1.5006270E-02  3.1426996E-02  5.3007151E-02  3.8193187E-02  5.4166295E-03  0.0000000E+00  0.0000000E+00
 0.0000000E+00  0.0000000E+00  6.6087083E-03  1.7239958E-02  1.8989458E-02  5.7310531E-02  6.2768368E-02  4.4998392E-02  6.6087083E-03  0.0000000E+00  0.0000000E+00
 0.0000000E+00  0.0000000E+00  6.2053944E-03  1.6232939E-02  1.7858619E-02  4.7757119E-02  5.8147692E-02  4.1651017E-02  6.2053944E-03  0.0000000E+00  0.0000000E+00
 0.0000000E+00  0.0000000E+00  5.8294848E-03  1.5283699E-02  1.6794643E-02  3.9740883E-02  5.3891351E-02  3.8571635E-02  5.8294848E-03  0.0000000E+00  0.0000000E+00
 0.0000000E+00  0.0000000E+00  5.4785803E-03  1.4388959E-02  1.5793577E-02  3.3031334E-02  4.9968825E-02  3.5737274E-02  5.4785802E-03  0.0000000E+00  0.0000000E+00
 0.0000000E+00  0.0000000E+00  5.1505918E-03  1.3545671E-02  1.4851749E-02  2.7428248E-02  4.6352086E-02  3.3126913E-02  5.1505918E-03  0.0000000E+00  0.0000000E+00
 0.0000000E+00  0.0000000E+00  4.8436843E-03  1.2750976E-02  1.3965711E-02  2.2758263E-02  4.3015464E-02  3.0721370E-02  4.8436843E-03  0.0000000E+00  0.0000000E+00
 0.0000000E+00  0.0000000E+00  5.9231673E-03  1.6143731E-02  1.7614653E-02  4.2042068E-02  5.0756010E-02  3.6060132E-02  5.9231672E-03  0.0000000E+00  0.0000000E+00
 0.0000000E+00  0.0000000E+00  5.5507048E-03  1.5111710E-02  1.6473304E-02  3.4509596E-02  4.6927308E-02  3.3322138E-02  5.5507047E-03  0.0000000E+00  0.0000000E+00
 0.0000000E+00  0.0000000E+00  5.2036649E-03  1.4147633E-02  1.5408341E-02  2.8270056E-02  4.3403785E-02  3.0804462E-02  5.2036648E-03  0.0000000E+00  0.0000000E+00
 0.0000000E+00  0.0000000E+00  4.8799501E-03  1.3246713E-02  1.4414319E-02  2.3122628E-02  4.0160454E-02  2.8488789E-02  4.8799500E-03  0.0000000E+00  0.0000000E+00
 0.0000000E+00  0.0000000E+00  4.5777059E-03  1.2404573E-02  1.3486247E-02  1.8889464E-02  3.7174137E-02  2.6358173E-02  4.5777059E-03  0.0000000E+00  0.0000000E+00
 0.0000000E+00  0.0000000E+00  4.2952779E-03  1.1617186E-02  1.2619529E-02  1.5416862E-02  3.4423429E-02  2.4397007E-02  4.2952779E-03  0.0000000E+00  0.0000000E+00
 0.0000000E+00  0.0000000E+00  5.2769774E-03  1.4530813E-02  1.5741049E-02  2.8614654E-02  4.0820628E-02  2.8845778E-02  5.2769774E-03  0.0000000E+00  0.0000000E+00
 0.0000000E+00  0.0000000E+00  4.9347555E-03  1.3542131E-02  1.4657848E-02  2.3008046E-02  3.7618421E-02  2.6571276E-02  4.9347555E-03  0.0000000E+00  0.0000000E+00
 0.0000000E+00  0.0000000E+00  4.6164058E-03  1.2622921E-02  1.3651825E-02  1.8475442E-02  3.4685894E-02  2.4489962E-02  4.6164058E-03  0.0000000E+00  0.0000000E+00
 0.0000000E+00  0.0000000E+00  4.3199154E-03  1.1768123E-02  1.2717272E-02  1.4813796E-02  3.1998352E-02  2.2583869E-02  4.3199154E-03  0.0000000E+00  0.0000000E+00
 0.0000000E+00  0.0000000E+00  4.0435146E-03  1.0973059E-02  1.1848917E-02  1.1859232E-02  2.9533565E-02  2.0836879E-02  4.0435147E-03  0.0000000E+00  0.0000000E+00
 0.0000000E+00  0.0000000E+00  3.7856328E-03  1.0233396E-02  1.1041881E-02  9.4785297E-03  2.7271487E-02  1.9234501E-02  3.7856328E-03  0.0000000E+00  0.0000000E+00
 0.0000000E+00  0.0000000E+00  4.7651653E-03  1.2742391E-02  1.3711379E-02  1.7631416E-02  3.2221518E-02  2.2675553E-02  4.7651654E-03  0.0000000E+00  0.0000000E+00
 0.0000000E+00  0.0000000E+00  4.4432183E-03  1.1823562E-02  1.2712680E-02  1.3846356E-02  2.9618691E-02  2.0837915E-02  4.4432184E-03  0.0000000E+00  0.0000000E+00
 0.0000000E+00  0.0000000E+00  4.1438142E-03  1.0973674E-02  1.1789826E-02  1.0829965E-02  2.7238858E-02  1.9158526E-02  4.1438142E-03  0.0000000E+00  0.0000000E+00
 0.0000000E+00  0.0000000E+00  3.8652203E-03  1.0187321E-02  1.0936797E-02  8.4350238E-03  2.5061870E-02  1.7622946E-02  3.8652204E-03  0.0000000E+00  0.0000000E+00
 0.0000000E+00  0.0000000E+00  3.6058766E-03  9.4595398E-03  1.0148063E-02  6.5403378E-03  2.3069424E-02  1.6218089E-02  3.6058766E-03  0.0000000E+00  0.0000000E+00
 0.0000000E+00  0.0000000E+00  3.3643662E-03  8.7857641E-03  9.4185466E-03  5.0468766E-03  2.1244900E-02  1.4932094E-02  3.3643663E-03  0.0000000E+00  0.0000000E+00
 0.0000000E+00  0.0000000E+00  4.2725196E-03  1.0896098E-02  1.1639784E-02  9.4589532E-03  2.5036272E-02  1.7576006E-02  4.2725197E-03  0.0000000E+00  0.0000000E+00
 0.0000000E+00  0.0000000E+00  3.9635876E-03  1.0065327E-02  1.0744754E-02  7.0661123E-03  2.2935798E-02  1.6097509E-02  3.9635876E-03  0.0000000E+00  0.0000000E+00
 0.0000000E+00  0.0000000E+00  3.6778575E-03  9.3007145E-03  9.9217359E-03  5.2206066E-03  2.1022639E-02  1.4751413E-02  3.6778575E-03  0.0000000E+00  0.0000000E+00
 0.0000000E+00  0.0000000E+00  3.4134761E-03  8.5967603E-03  9.1646707E-03  3.8051470E-03  1.9279024E-02  1.3525061E-02  3.4134762E-03  0.0000000E+00  0.0000000E+00
 0.0000000E+00  0.0000000E+00  3.1687593E-03  7.9484344E-03  8.4680232E-03  2.7264512E-03  1.7688949E-02  1.2407072E-02  3.1687593E-03  0.0000000E+00  0.0000000E+00
 0.0000000E+00  0.0000000E+00  2.9421691E-03  7.3511299E-03  7.8267308E-03  1.9104511E-03  1.6237987E-02  1.1387203E-02  2.9421691E-03  0.0000000E+00  0.0000000E+00
 0.0000000E+00  0.0000000E+00  3.6993767E-03  9.0325527E-03  9.5822770E-03  3.4313390E-03  1.8958156E-02  1.3278751E-02  3.6993767E-03  0.0000000E+00  0.0000000E+00
 0.0000000E+00  0.0000000E+00  3.4144907E-03  8.3065790E-03  8.8067220E-03  2.1732079E-03  1.7312079E-02  1.2123555E-02  3.4144907E-03  0.0000000E+00  0.0000000E+00
 0.0000000E+00  0.0000000E+00  3.1525227E-03  7.6416832E-03  8.0969344E-03  1.2534134E-03  1.5816816E-02  1.1074508E-02  3.1525227E-03  0.0000000E+00  0.0000000E+00
 0.0000000E+00  0.0000000E+00  2.9115194E-03  7.0325150E-03  7.4471066E-03  5.9374914E-04  1.4457965E-02  1.0121418E-02  2.9115194E-03  0.0000000E+00  0.0000000E+00
 0.0000000E+00  0.0000000E+00  2.6897107E-03  6.4741963E-03  6.8519462E-03  1.3179400E-04  1.3222480E-02  9.2550651E-03  2.6897107E-03  0.0000000E+00  0.0000000E+00
 0.0000000E+00  0.0000000E+00  2.4854866E-03  5.9622790E-03  6.3066308E-03 -1.8151324E-04  1.2098564E-02  8.4671221E-03  2.4854866E-03  0.0000000E+00  0.0000000E+00
 0.0000000E+00  0.0000000E+00  3.0848837E-03  7.2358080E-03  7.6255622E-03 -6.8264231E-04  1.3991002E-02  9.7823686E-03  3.0848837E-03  0.0000000E+00  0.0000000E+00
 0.0000000E+00  0.0000000E+00  2.8337506E-03  6.6242408E-03  6.9771312E-03 -1.1069526E-03  1.2726121E-02  8.8966026E-03  2.8337506E-03  0.0000000E+00  0.0000000E+00
 0.0000000E+00  0.0000000E+00  2.6039352E-03  6.0668864E-03  6.3865918E-03 -1.3478920E-03  1.1582355E-02  8.0958363E-03  2.6039352E-03  0.0000000E+00  0.0000000E+00
 0.0000000E+00  0.0000000E+00  2.3935571E-03  5.5587434E-03  5.8485579E-03 -1.4594604E-03  1.0547487E-02  7.3714631E-03  2.3935571E-03  0.0000000E+00  0.0000000E+00
 0.0000000E+00  0.0000000E+00  2.2009039E-03  5.0952686E-03  5.3581422E-03 -1.4815740E-03  9.6105531E-03  6.7157665E-03  2.2009039E-03  0.0000000E+00  0.0000000E+00
 0.0000000E+00  0.0000000E+00  2.0244163E-03  4.6723405E-03  4.9109154E-03 -1.4437848E-03  8.7617173E-03  6.1218306E-03  2.0244163E-03  0.0000000E+00  0.0000000E+00
 0.0000000E+00  0.0000000E+00  2.4755336E-03  5.5818087E-03  5.8449980E-03 -3.1844177E-03  9.9655162E-03  6.9558117E-03  2.4755336E-03  0.0000000E+00  0.0000000E+00
 0.0000000E+00  0.0000000E+00  2.2628434E-03  5.0868437E-03  5.3240139E-03 -3.0175005E-03  9.0299743E-03  6.3020945E-03  2.2628434E-03  0.0000000E+00  0.0000000E+00
 0.0000000E+00  0.0000000E+00  2.0692547E-03  4.6380337E-03  4.8519002E-03 -2.7972461E-03  8.1874618E-03  5.7134687E-03  2.0692547E-03  0.0000000E+00  0.0000000E+00
 0.0000000E+00  0.0000000E+00  1.8929690E-03  4.2308340E-03  4.4238106E-03 -2.5503968E-03  7.4281179E-03  5.1830222E-03  1.8929690E-03  0.0000000E+00  0.0000000E+00
 0.0000000E+00  0.0000000E+00  1.7323684E-03  3.8611784E-03  4.0354139E-03 -2.2953975E-03  6.7432143E-03  4.7046390E-03  1.7323684E-03  0.0000000E+00  0.0000000E+00
 0.0000000E+00  0.0000000E+00  1.5859928E-03  3.5254190E-03  3.6828284E-03 -2.0444966E-03  6.1249993E-03  4.2728899E-03  1.5859928E-03  0.0000000E+00  0.0000000E+00
 0.0000000E+00  0.0000000E+00  1.9012664E-03  4.1284590E-03  4.2956691E-03 -4.3768558E-03  6.8170149E-03  4.7499610E-03  1.9012664E-03  0.0000000E+00  0.0000000E+00
 0.0000000E+00  0.0000000E+00  1.7298342E-03  3.7461203E-03  3.8960874E-03 -3.8606553E-03  6.1549501E-03  4.2883994E-03  1.7298342E-03  0.0000000E+00  0.0000000E+00
 0.0000000E+00  0.0000000E+00  1.5743466E-03  3.4004703E-03  3.5350320E-03 -3.3797230E-03  5.5597087E-03  3.8734385E-03  1.5743466E-03  0.0000000E+00  0.0000000E+00
 0.0000000E+00  0.0000000E+00  1.4333322E-03  3.0879974E-03  3.2087969E-03 -2.9390735E-03  5.0245482E-03  3.5003772E-03  1.4333322E-03  0.0000000E+00  0.0000000E+00
 0.0000000E+00  0.0000000E+00  1.3054341E-03  2.8054756E-03  2.9139796E-03 -2.5409184E-03  4.5433097E-03  3.1649211E-03  1.3054341E-03  0.0000000E+00  0.0000000E+00
 0.0000000E+00  0.0000000E+00  1.1894092E-03  2.5499624E-03  2.6474780E-03 -2.1853427E-03  4.1104088E-03  2.8631757E-03  1.1894092E-03  0.0000000E+00  0.0000000E+00
 0.0000000E+00  0.0000000E+00  1.3940968E-03  2.9178034E-03  3.0164200E-03 -4.6649798E-03  4.4698596E-03  3.1102440E-03  1.3940969E-03  0.0000000E+00  0.0000000E+00
 0.0000000E+00  0.0000000E+00  1.2608987E-03  2.6321646E-03  2.7199218E-03 -3.9858376E-03  4.0127938E-03  2.7921792E-03  1.2608988E-03  0.0000000E+00  0.0000000E+00
 0.0000000E+00  0.0000000E+00  1.1409969E-03  2.3759675E-03  2.4541317E-03 -3.3888792E-03  3.6052335E-03  2.5085486E-03  1.1409970E-03  0.0000000E+00  0.0000000E+00
 0.0000000E+00  0.0000000E+00  1.0330165E-03  2.1460238E-03  2.2157050E-03 -2.8692679E-03  3.2414959E-03  2.2554055E-03  1.0330165E-03  0.0000000E+00  0.0000000E+00
 0.0000000E+00  0.0000000E+00  9.3572471E-04  1.9395009E-03  2.0016725E-03 -2.4205494E-03  2.9165801E-03  2.0292757E-03  9.3572475E-04  0.0000000E+00  0.0000000E+00
 0.0000000E+00  0.0000000E+00  8.4801749E-04  1.7538819E-03  1.8093987E-03 -2.0355741E-03  2.6260833E-03  1.8270990E-03  8.4801752E-04  0.0000000E+00  0.0000000E+00
 0.0000000E+00  0.0000000E+00  9.5993271E-04  1.9385758E-03  1.9906286E-03 -4.3459257E-03  2.7525929E-03  1.9127762E-03  9.5993264E-04  0.0000000E+00  0.0000000E+00
 0.0000000E+00  0.0000000E+00  8.6307257E-04  1.7387192E-03  1.7846677E-03 -3.6286504E-03  2.4574248E-03  1.7077686E-03  8.6307251E-04  0.0000000E+00  0.0000000E+00
 0.0000000E+00  0.0000000E+00  7.7642822E-04  1.5605928E-03  1.6012007E-03 -3.0198179E-03  2.1958756E-03  1.5260774E-03  7.7642817E-04  0.0000000E+00  0.0000000E+00
 0.0000000E+00  0.0000000E+00  6.9888306E-04  1.4017048E-03  1.4376334E-03 -2.5061077E-03  1.9638593E-03  1.3648782E-03  6.9888302E-04  0.0000000E+00  0.0000000E+00
 0.0000000E+00  0.0000000E+00  6.2944282E-04  1.2598606E-03  1.2916828E-03 -2.0747779E-03  1.7578170E-03  1.2217085E-03  6.2944279E-04  0.0000000E+00  0.0000000E+00
 0.0000000E+00  0.0000000E+00  5.6722298E-04  1.1331262E-03  1.1613401E-03 -1.7140940E-03  1.5746455E-03  1.0944192E-03  5.6722295E-04  0.0000000E+00  0.0000000E+00
 0.0000000E+00  0.0000000E+00  6.0837833E-04  1.1849216E-03  1.2078069E-03 -3.6669790E-03  1.5511607E-03  1.0768524E-03  6.0837833E-04  0.0000000E+00  0.0000000E+00
 0.0000000E+00  0.0000000E+00  5.4397845E-04  1.0574310E-03  1.0775288E-03 -3.0002311E-03  1.3790781E-03  9.5755601E-04  5.4397845E-04  0.0000000E+00  0.0000000E+00
 0.0000000E+00  0.0000000E+00  4.8666787E-04  9.4430840E-04  9.6197728E-04 -2.4502001E-03  1.2270461E-03  8.5211712E-04  4.8666787E-04  0.0000000E+00  0.0000000E+00
 0.0000000E+00  0.0000000E+00  4.3563584E-04  8.4384711E-04  8.5939645E-04 -1.9976265E-03  1.0925908E-03  7.5883700E-04  4.3563584E-04  0.0000000E+00  0.0000000E+00
 0.0000000E+00  0.0000000E+00  3.9016841E-04  7.5455759E-04  7.6825502E-04 -1.6261518E-03  9.7356751E-04  6.7624021E-04  3.9016840E-04  0.0000000E+00  0.0000000E+00
 0.0000000E+00  0.0000000E+00  3.4963552E-04  6.7513596E-04  6.8721334E-04 -1.3219149E-03  8.6811077E-04  6.0304135E-04  3.4963552E-04  0.0000000E+00  0.0000000E+00
 0.0000000E+00  0.0000000E+00  3.4826821E-04  6.5675250E-04  6.6471022E-04 -2.8102754E-03  7.9062928E-04  5.4872566E-04  3.4826821E-04  0.0000000E+00  0.0000000E+00
 0.0000000E+00  0.0000000E+00  3.0980213E-04  5.8322219E-04  5.9018638E-04 -2.2607339E-03  6.9979865E-04  4.8583890E-04  3.0980213E-04  0.0000000E+00  0.0000000E+00
 0.0000000E+00  0.0000000E+00  2.7561395E-04  5.1804666E-04  5.2414584E-04 -1.8154719E-03  6.1956423E-04  4.3025012E-04  2.7561395E-04  0.0000000E+00  0.0000000E+00
 0.0000000E+00  0.0000000E+00  2.4525024E-04  4.6030166E-04  4.6564750E-04 -1.4557445E-03  5.4871938E-04  3.8113881E-04  2.4525024E-04  0.0000000E+00  0.0000000E+00
 0.0000000E+00  0.0000000E+00  2.1829577E-04  4.0915113E-04  4.1384067E-04 -1.1658301E-03  4.8617737E-04  3.3776286E-04  2.1829577E-04  0.0000000E+00  0.0000000E+00
 0.0000000E+00  0.0000000E+00  1.9437344E-04  3.6384338E-04  3.6796084E-04 -9.3264346E-04  4.3096537E-04  2.9945574E-04  1.9437344E-04  0.0000000E+00  0.0000000E+00
 0.0000000E+00  0.0000000E+00  1.7264208E-04  3.1550886E-04  3.1767839E-04 -1.9556961E-03  3.4450837E-04  2.3913521E-04  1.7264208E-04  0.0000000E+00  0.0000000E+00
 0.0000000E+00  0.0000000E+00  1.5230432E-04  2.7789714E-04  2.7981093E-04 -1.5433834E-03  3.0252355E-04  2.1010705E-04  1.5230432E-04  0.0000000E+00  0.0000000E+00
 0.0000000E+00  0.0000000E+00  1.3439617E-04  2.4487275E-04  2.4656274E-04 -1.2164931E-03  2.6577191E-04  1.8466949E-04  1.3439617E-04  0.0000000E+00  0.0000000E+00
 0.0000000E+00  0.0000000E+00  1.1863364E-04  2.1587607E-04  2.1737009E-04 -9.5781146E-04  2.3360071E-04  1.6238217E-04  1.1863364E-04  0.0000000E+00  0.0000000E+00
 0.0000000E+00  0.0000000E+00  1.0476214E-04  1.9041215E-04  1.9173435E-04 -7.5345215E-04  2.0543458E-04  1.4285474E-04  1.0476214E-04  0.0000000E+00  0.0000000E+00
 0.0000000E+00  0.0000000E+00  9.2554753E-05  1.6804447E-04  1.6921589E-04 -5.9223312E-04  1.8076785E-04  1.2574258E-04  9.2554754E-05  0.0000000E+00  0.0000000E+00
 0.0000000E+00  0.0000000E+00  6.9662082E-05  1.2411797E-04  1.2497434E-04 -1.1950534E-03  1.2136116E-04  8.4563524E-05  6.9662082E-05  0.0000000E+00  0.0000000E+00
 0.0000000E+00  0.0000000E+00  6.0955420E-05  1.0841436E-04  1.0917408E-04 -9.2442966E-04  1.0565152E-04  7.3687274E-05  6.0955420E-05  0.0000000E+00  0.0000000E+00
 0.0000000E+00  0.0000000E+00  5.3322173E-05  9.4696911E-05  9.5372175E-05 -7.1379182E-04  9.1976720E-05  6.4202899E-05  5.3322173E-05  0.0000000E+00  0.0000000E+00
 0.0000000E+00  0.0000000E+00  4.6642175E-05  8.2728274E-05  8.3329436E-05 -5.5038832E-04  8.0086380E-05  5.5943958E-05  4.6642175E-05  0.0000000E+00  0.0000000E+00
 0.0000000E+00  0.0000000E+00  4.0803794E-05  7.2293273E-05  7.2829212E-05 -4.2391706E-04  6.9754933E-05  4.8758917E-05  4.0803794E-05  0.0000000E+00  0.0000000E+00
 0.0000000E+00  0.0000000E+00  3.5705208E-05  6.3199144E-05  6.3677520E-05 -3.2620536E-04  6.0781376E-05  4.2511680E-05  3.5705208E-05  0.0000000E+00  0.0000000E+00
 0.0000000E+00  0.0000000E+00  1.8924303E-05  3.3105882E-05  3.3607842E-05 -6.0278984E-04  2.7086414E-05  1.9168998E-05  1.8924303E-05  0.0000000E+00  0.0000000E+00
 0.0000000E+00  0.0000000E+00  1.6347938E-05  2.8538409E-05  2.8990365E-05 -4.5319410E-04  2.3273651E-05  1.6510468E-05  1.6347938E-05  0.0000000E+00  0.0000000E+00
 0.0000000E+00  0.0000000E+00  1.4119141E-05  2.4605861E-05  2.5012220E-05 -3.4004234E-04  1.9999496E-05  1.4218097E-05  1.4119141E-05  0.0000000E+00  0.0000000E+00
 0.0000000E+00  0.0000000E+00  1.2194432E-05  2.1222565E-05  2.1587501E-05 -2.5477178E-04  1.7190631E-05  1.2244727E-05  1.2194432E-05  0.0000000E+00  0.0000000E+00
 0.0000000E+00  0.0000000E+00  1.0534268E-05  1.8312945E-05  1.8640371E-05 -1.9068911E-04  1.4782290E-05  1.0547803E-05  1.0534268E-05  0.0000000E+00  0.0000000E+00
 0.0000000E+00  0.0000000E+00  9.1032885E-06  1.5810914E-05  1.6104462E-05 -1.4263073E-04  1.2717828E-05  9.0895185E-06  9.1032885E-06  0.0000000E+00  0.0000000E+00
 0.0000000E+00  0.0000000E+00  2.3712015E-06  4.1315814E-06  4.4944953E-06 -1.9577277E-04  2.4057688E-06  1.9443852E-06  2.3712015E-06  0.0000000E+00  0.0000000E+00
 0.0000000E+00  0.0000000E+00  2.0169075E-06  3.4976205E-06  3.8181544E-06 -1.4357362E-04  2.0241297E-06  1.6535818E-06  2.0169075E-06  0.0000000E+00  0.0000000E+00
 0.0000000E+00  0.0000000E+00  1.7133922E-06  2.9602785E-06  3.2424980E-06 -1.0446692E-04  1.7018728E-06  1.4039644E-06  1.7133922E-06  0.0000000E+00  0.0000000E+00
 0.0000000E+00  0.0000000E+00  1.4545461E-06  2.5057287E-06  2.7535827E-06 -7.5548828E-05  1.4306282E-06  1.1908781E-06  1.4545461E-06  0.0000000E+00  0.0000000E+00
 0.0000000E+00  0.0000000E+00  1.2344768E-06  2.1216832E-06  2.3389059E-06 -5.4383919E-05  1.2027990E-06  1.0096691E-06  1.2344768E-06  0.0000000E+00  0.0000000E+00
 0.0000000E+00  0.0000000E+00  1.0477582E-06  1.7974149E-06  1.9874708E-06 -3.9025892E-05  1.0116769E-06  8.5596416E-07  1.0477582E-06  0.0000000E+00  0.0000000E+00
 0.0000000E+00  0.0000000E+00  0.0000000E+00  0.0000000E+00  0.0000000E+00  0.0000000E+00  0.0000000E+00  0.0000000E+00  0.0000000E+00  0.0000000E+00  0.0000000E+00
 0.0000000E+00  0.0000000E+00  0.0000000E+00  0.0000000E+00  0.0000000E+00  0.0000000E+00  0.0000000E+00  0.0000000E+00  0.0000000E+00  0.0000000E+00  0.0000000E+00
 0.0000000E+00  0.0000000E+00  0.0000000E+00  0.0000000E+00  0.0000000E+00  0.0000000E+00  0.0000000E+00  0.0000000E+00  0.0000000E+00  0.0000000E+00  0.0000000E+00
 0.0000000E+00  0.0000000E+00  0.0000000E+00  0.0000000E+00  0.0000000E+00  0.0000000E+00  0.0000000E+00  0.0000000E+00  0.0000000E+00  0.0000000E+00  0.0000000E+00
 0.0000000E+00  0.0000000E+00  0.0000000E+00  0.0000000E+00  0.0000000E+00  0.0000000E+00  0.0000000E+00  0.0000000E+00  0.0000000E+00  0.0000000E+00  0.0000000E+00
 0.0000000E+00  0.0000000E+00  0.0000000E+00  0.0000000E+00  0.0000000E+00  0.0000000E+00  0.0000000E+00  0.0000000E+00  0.0000000E+00  0.0000000E+00  0.0000000E+00
---
   1.0000000000000001E-009   1.4508287784959398E-009   2.1049041445120207E-009   3.0538555088334157E-009   4.4306214575838816E-009   6.4280731172843209E-009   9.3260334688321995E-009   1.3530477745798068E-008   1.9630406500402714E-008   2.8480358684358022E-008   4.1320124001153370E-008   5.9948425031894094E-008   8.6974900261778356E-008   1.2618568830660210E-007   1.8307382802953678E-007   2.6560877829466870E-007   3.8535285937105315E-007   5.5908101825122239E-007   8.1113083078968731E-007   1.1768119524349981E-006   1.7073526474706905E-006   2.4770763559917115E-006   3.5938136638046262E-006   5.2140082879996849E-006   7.5646332755462914E-006   1.0974987654930569E-005   1.5922827933410941E-005   2.3101297000831580E-005   3.3516026509388410E-005   4.8626015800653536E-005   7.0548023107186455E-005   1.0235310218990269E-004   1.4849682622544667E-004   2.1544346900318823E-004   3.1257158496882353E-004   4.5348785081285824E-004   6.5793322465756835E-004   9.5454845666183481E-004   1.3848863713938717E-003   2.0092330025650459E-003   2.9150530628251760E-003   4.2292428743894986E-003   6.1359072734131761E-003   8.9021508544503934E-003   1.2915496650148829E-002   1.8738174228603830E-002   2.7185882427329403E-002   3.9442060594376556E-002   5.7223676593502207E-002   8.3021756813197525E-002  0.10000000000000001       0.11836734693877551       0.13673469387755102       0.15510204081632653       0.17346938775510204       0.19183673469387758       0.21020408163265308       0.22857142857142856       0.24693877551020407       0.26530612244897961       0.28367346938775512       0.30204081632653063       0.32040816326530613       0.33877551020408170       0.35714285714285710       0.37551020408163271       0.39387755102040811       0.41224489795918373       0.43061224489795924       0.44897959183673475       0.46734693877551026       0.48571428571428565       0.50408163265306127       0.52244897959183678       0.54081632653061229       0.55918367346938780       0.57755102040816331       0.59591836734693870       0.61428571428571421       0.63265306122448983       0.65102040816326534       0.66938775510204085       0.68775510204081625       0.70612244897959175       0.72448979591836737       0.74285714285714288       0.76122448979591839       0.77959183673469379       0.79795918367346941       0.81632653061224492       0.83469387755102042       0.85306122448979593       0.87142857142857133       0.88979591836734695       0.90816326530612246       0.92653061224489797       0.94489795918367347       0.96326530612244898       0.98163265306122449        1.0000000000000000     
   1.5099999999999998        1.6573842566429429        1.8279486622459491        2.0263187760089423        2.2582322968798141        2.5308506754794142        2.8531703035962463        3.2365690285399831        3.6955379951490865        4.2486693342688726        4.9199999999999999     
  -5 -4 -3 -2 -1 21  1  2  3  4  5
 0.0000000E+00  4.6823206E-09  1.2446346E+00  1.2478897E+00  1.2479231E+00  7.8960680E+00  1.2479991E+00  1.2479704E+00  1.2446346E+00  4.6823202E-09  0.0000000E+00
 0.0000000E+00  2.3378150E-01  1.4747227E+00  1.4780260E+00  1.4780603E+00  1.2927898E+01  1.4781389E+00  1.4781092E+00  1.4747227E+00  2.3378150E-01  0.0000000E+00
 0.0000000E+00  5.5891236E-01  1.7962087E+00  1.7995604E+00  1.7995957E+00  1.9703512E+01  1.7996767E+00  1.7996462E+00  1.7962086E+00  5.5891236E-01  0.0000000E+00
 0.0000000E+00  9.9435915E-01  2.2280582E+00  2.2314588E+00  2.2314949E+00  2.8687990E+01  2.2315786E+00  2.2315472E+00  2.2280582E+00  9.9435915E-01  0.0000000E+00
 0.0000000E+00  1.5614651E+00  2.7916137E+00  2.7950634E+00  2.7951005E+00  4.0448768E+01  2.7951868E+00  2.7951545E+00  2.7916137E+00  1.5614651E+00  0.0000000E+00
 0.0000000E+00  2.2841948E+00  3.5108387E+00  3.5143378E+00  3.5143760E+00  5.5671484E+01  3.5144648E+00  3.5144317E+00  3.5108387E+00  2.2841948E+00  0.0000000E+00
 0.0000000E+00  3.1894211E+00  4.4126052E+00  4.4161539E+00  4.4161931E+00  7.5177509E+01  4.4162847E+00  4.4162507E+00  4.4126051E+00  3.1894211E+00  0.0000000E+00
 0.0000000E+00  4.3072327E+00  5.5270006E+00  5.5305994E+00  5.5306396E+00  9.9942213E+01  5.5307340E+00  5.5306989E+00  5.5270006E+00  4.3072327E+00  0.0000000E+00
 0.0000000E+00  5.6712969E+00  6.8876912E+00  6.8913404E+00  6.8913816E+00  1.3111425E+02  6.8914787E+00  6.8914428E+00  6.8876912E+00  5.6712969E+00  0.0000000E+00
 0.0000000E+00  7.3192774E+00  8.5323397E+00  8.5360394E+00  8.5360817E+00  1.7003716E+02  8.5361817E+00  8.5361448E+00  8.5323397E+00  7.3192774E+00  0.0000000E+00
 0.0000000E+00  9.2932962E+00  1.0503067E+01  1.0506818E+01  1.0506861E+01  2.1827140E+02  1.0506963E+01  1.0506926E+01  1.0503067E+01  9.2932962E+00  0.0000000E+00
 0.0000000E+00  4.4977306E-09  1.2032306E+00  1.2069026E+00  1.2069426E+00  7.0823858E+00  1.2070336E+00  1.2069989E+00  1.2032306E+00  4.4977268E-09  0.0000000E+00
 0.0000000E+00  2.2393405E-01  1.4238144E+00  1.4275402E+00  1.4275813E+00  1.1953962E+01  1.4276753E+00  1.4276395E+00  1.4238144E+00  2.2393405E-01  0.0000000E+00
 0.0000000E+00  5.3383453E-01  1.7304074E+00  1.7341872E+00  1.7342295E+00  1.8481706E+01  1.7343265E+00  1.7342897E+00  1.7304074E+00  5.3383453E-01  0.0000000E+00
 0.0000000E+00  9.4701681E-01  2.1403241E+00  2.1441584E+00  2.1442017E+00  2.7099583E+01  2.1443018E+00  2.1442640E+00  2.1403241E+00  9.4701681E-01  0.0000000E+00
 0.0000000E+00  1.4828991E+00  2.6729819E+00  2.6768709E+00  2.6769155E+00  3.8334677E+01  2.6770186E+00  2.6769798E+00  2.6729819E+00  1.4828991E+00  0.0000000E+00
 0.0000000E+00  2.1632177E+00  3.3501164E+00  3.3540604E+00  3.3541061E+00  5.2821015E+01  3.3542125E+00  3.3541726E+00  3.3501164E+00  2.1632177E+00  0.0000000E+00
 0.0000000E+00  3.0122702E+00  4.1960240E+00  4.2000234E+00  4.2000703E+00  7.1314684E+01  4.2001799E+00  4.2001389E+00  4.1960240E+00  3.0122702E+00  0.0000000E+00
 0.0000000E+00  4.0571899E+00  5.2378371E+00  5.2418922E+00  5.2419402E+00  9.4709558E+01  5.2420533E+00  5.2420111E+00  5.2378371E+00  4.0571899E+00  0.0000000E+00
 0.0000000E+00  5.3282701E+00  6.5058481E+00  6.5099592E+00  6.5100085E+00  1.2405387E+02  6.5101249E+00  6.5100816E+00  6.5058481E+00  5.3282701E+00  0.0000000E+00
 0.0000000E+00  6.8593183E+00  8.0338634E+00  8.0380309E+00  8.0380813E+00  1.6056849E+02  8.0382011E+00  8.0381567E+00  8.0338634E+00  6.8593183E+00  0.0000000E+00
 0.0000000E+00  8.6880621E+00  9.8596095E+00  9.8638337E+00  9.8638853E+00  2.0566561E+02  9.8640086E+00  9.8639631E+00  9.8596095E+00  8.6880621E+00  0.0000000E+00
 0.0000000E+00  4.3274243E-09  1.1662267E+00  1.1703666E+00  1.1704146E+00  6.4765167E+00  1.1705236E+00  1.1704816E+00  1.1662267E+00  4.3274253E-09  0.0000000E+00
 0.0000000E+00  2.1475469E-01  1.3779121E+00  1.3821119E+00  1.3821612E+00  1.1190865E+01  1.3822737E+00  1.3822306E+00  1.3779121E+00  2.1475469E-01  0.0000000E+00
 0.0000000E+00  5.1030965E-01  1.6704356E+00  1.6746956E+00  1.6747462E+00  1.7476456E+01  1.6748623E+00  1.6748180E+00  1.6704356E+00  5.1030965E-01  0.0000000E+00
 0.0000000E+00  9.0244315E-01  2.0595748E+00  2.0638953E+00  2.0639472E+00  2.5737559E+01  2.0640671E+00  2.0640215E+00  2.0595748E+00  9.0244315E-01  0.0000000E+00
 0.0000000E+00  1.4087894E+00  2.5629632E+00  2.5673445E+00  2.5673979E+00  3.6462930E+01  2.5675214E+00  2.5674746E+00  2.5629632E+00  1.4087894E+00  0.0000000E+00
 0.0000000E+00  2.0490277E+00  3.2002792E+00  3.2047218E+00  3.2047766E+00  5.0237803E+01  3.2049040E+00  3.2048558E+00  3.2002793E+00  2.0490277E+00  0.0000000E+00
 0.0000000E+00  2.8450876E+00  3.9934518E+00  3.9979559E+00  3.9980119E+00  6.7756860E+01  3.9981433E+00  3.9980939E+00  3.9934518E+00  2.8450876E+00  0.0000000E+00
 0.0000000E+00  3.8213937E+00  4.9669045E+00  4.9714705E+00  4.9715280E+00  8.9837693E+01  4.9716633E+00  4.9716126E+00  4.9669045E+00  3.8213937E+00  0.0000000E+00
 0.0000000E+00  5.0051554E+00  6.1478459E+00  6.1524741E+00  6.1525330E+00  1.1743497E+02  6.1526723E+00  6.1526204E+00  6.1478459E+00  5.0051554E+00  0.0000000E+00
 0.0000000E+00  6.4266649E+00  7.5665671E+00  7.5712580E+00  7.5713183E+00  1.5165578E+02  7.5714617E+00  7.5714083E+00  7.5665671E+00  6.4266649E+00  0.0000000E+00
 0.0000000E+00  8.1196541E+00  9.2567993E+00  9.2615530E+00  9.2616147E+00  1.9377541E+02  9.2617623E+00  9.2617077E+00  9.2567993E+00  8.1196541E+00  0.0000000E+00
 0.0000000E+00  4.1680664E-09  1.1326877E+00  1.1373520E+00  1.1374097E+00  6.0278556E+00  1.1375401E+00  1.1374894E+00  1.1326877E+00  4.1680678E-09  0.0000000E+00
 0.0000000E+00  2.0610494E-01  1.3359667E+00  1.3406975E+00  1.3407566E+00  1.0587353E+01  1.3408914E+00  1.3408393E+00  1.3359667E+00  2.0610494E-01  0.0000000E+00
 0.0000000E+00  4.8805787E-01  1.6151273E+00  1.6199250E+00  1.6199856E+00  1.6635863E+01  1.6201247E+00  1.6200713E+00  1.6151273E+00  4.8805787E-01  0.0000000E+00
 0.0000000E+00  8.6020819E-01  1.9845183E+00  1.9893832E+00  1.9894454E+00  2.4549343E+01  1.9895890E+00  1.9895340E+00  1.9845183E+00  8.6020819E-01  0.0000000E+00
 0.0000000E+00  1.3385390E+00  2.4601222E+00  2.4650546E+00  2.4651184E+00  3.4780184E+01  2.4652665E+00  2.4652101E+00  2.4601222E+00  1.3385390E+00  0.0000000E+00
 0.0000000E+00  1.9408333E+00  3.0597211E+00  3.0647215E+00  3.0647869E+00  4.7867566E+01  3.0649396E+00  3.0648817E+00  3.0597211E+00  1.9408333E+00  0.0000000E+00
 0.0000000E+00  2.6868464E+00  3.8030696E+00  3.8081383E+00  3.8082053E+00  6.4448492E+01  3.8083626E+00  3.8083033E+00  3.8030696E+00  2.6868464E+00  0.0000000E+00
 0.0000000E+00  3.5985236E+00  4.7121123E+00  4.7172495E+00  4.7173182E+00  8.5269261E+01  4.7174803E+00  4.7174195E+00  4.7121123E+00  3.5985236E+00  0.0000000E+00
 0.0000000E+00  4.7002592E+00  5.8112424E+00  5.8164486E+00  5.8165189E+00  1.1119749E+02  5.8166859E+00  5.8166234E+00  5.8112424E+00  4.7002592E+00  0.0000000E+00
 0.0000000E+00  6.0191454E+00  7.1275513E+00  7.1328268E+00  7.1328988E+00  1.4323495E+02  7.1330707E+00  7.1330067E+00  7.1275513E+00  6.0191454E+00  0.0000000E+00
 0.0000000E+00  7.5852858E+00  8.6911419E+00  8.6964871E+00  8.6965607E+00  1.8253070E+02  8.6967376E+00  8.6966721E+00  8.6911419E+00  7.5852858E+00  0.0000000E+00
 0.0000000E+00  4.0171875E-09  1.1024676E+00  1.1077188E+00  1.1077879E+00  5.6969957E+00  1.1079442E+00  1.1078831E+00  1.1024676E+00  4.0171893E-09  0.0000000E+00
 0.0000000E+00  1.9788239E-01  1.2977219E+00  1.3030469E+00  1.3031177E+00  1.0103978E+01  1.3032792E+00  1.3032166E+00  1.2977219E+00  1.9788239E-01  0.0000000E+00
 0.0000000E+00  4.6687045E-01  1.5641111E+00  1.5695102E+00  1.5695828E+00  1.5920344E+01  1.5697496E+00  1.5696852E+00  1.5641111E+00  4.6687045E-01  0.0000000E+00
 0.0000000E+00  8.1998724E-01  1.9146577E+00  1.9201313E+00  1.9202058E+00  2.3495102E+01  1.9203778E+00  1.9203118E+00  1.9146577E+00  8.1998724E-01  0.0000000E+00
 0.0000000E+00  1.2716901E+00  2.3638185E+00  2.3693669E+00  2.3694432E+00  3.3246206E+01  2.3696207E+00  2.3695529E+00  2.3638185E+00  1.2716901E+00  0.0000000E+00
 0.0000000E+00  1.8380165E+00  2.9276303E+00  2.9332539E+00  2.9333320E+00  4.5669427E+01  2.9335150E+00  2.9334455E+00  2.9276303E+00  1.8380165E+00  0.0000000E+00
 0.0000000E+00  2.5367280E+00  3.6238539E+00  3.6295531E+00  3.6296331E+00  6.1347690E+01  3.6298217E+00  3.6297504E+00  3.6238539E+00  2.5367280E+00  0.0000000E+00
 0.0000000E+00  3.3875044E+00  4.4721685E+00  4.4779436E+00  4.4780255E+00  8.0960778E+01  4.4782198E+00  4.4781468E+00  4.4721685E+00  3.3875044E+00  0.0000000E+00
 0.0000000E+00  4.4121735E+00  5.4944012E+00  5.5002525E+00  5.5003363E+00  1.0529548E+02  5.5005365E+00  5.5004616E+00  5.4944012E+00  4.4121735E+00  0.0000000E+00
 0.0000000E+00  5.6349190E+00  6.7147349E+00  6.7206628E+00  6.7207485E+00  1.3525620E+02  6.7209546E+00  6.7208780E+00  6.7147349E+00  5.6349190E+00  0.0000000E+00
 0.0000000E+00  7.0825550E+00  8.1599828E+00  8.1659876E+00  8.1660753E+00  1.7187587E+02  8.1662874E+00  8.1662090E+00  8.1599828E+00  7.0825550E+00  0.0000000E+00
 0.0000000E+00  3.8728919E-09  1.0749078E+00  1.0808156E+00  1.0808982E+00  5.4572996E+00  1.0810856E+00  1.0810122E+00  1.0749078E+00  3.8728901E-09  0.0000000E+00
 0.0000000E+00  1.9000763E-01  1.2624261E+00  1.2684153E+00  1.2685001E+00  9.7134972E+00  1.2686937E+00  1.2686183E+00  1.2624261E+00  1.9000763E-01  0.0000000E+00
 0.0000000E+00  4.4658444E-01  1.5165403E+00  1.5226115E+00  1.5226983E+00  1.5302047E+01  1.5228982E+00  1.5228209E+00  1.5165403E+00  4.4658444E-01  0.0000000E+00
 0.0000000E+00  7.8152432E-01  1.8490438E+00  1.8551973E+00  1.8552863E+00  2.2546348E+01  1.8554925E+00  1.8554132E+00  1.8490438E+00  7.8152432E-01  0.0000000E+00
 0.0000000E+00  1.2078769E+00  2.2729858E+00  2.2792219E+00  2.2793129E+00  3.1831783E+01  2.2795258E+00  2.2794444E+00  2.2729858E+00  1.2078769E+00  0.0000000E+00
 0.0000000E+00  1.7400752E+00  2.8027986E+00  2.8091177E+00  2.8092109E+00  4.3613283E+01  2.8094303E+00  2.8093470E+00  2.8027986E+00  1.7400752E+00  0.0000000E+00
 0.0000000E+00  2.3940558E+00  3.4544181E+00  3.4608205E+00  3.4609160E+00  5.8423151E+01  3.4611422E+00  3.4610567E+00  3.4544181E+00  2.3940558E+00  0.0000000E+00
 0.0000000E+00  3.1874308E+00  4.2454560E+00  4.2519420E+00  4.2520397E+00  7.6879215E+01  4.2522727E+00  4.2521853E+00  4.2454560E+00  3.1874308E+00  0.0000000E+00
 0.0000000E+00  4.1396925E+00  5.1954036E+00  5.2019736E+00  5.2020735E+00  9.9693333E+01  5.2023135E+00  5.2022240E+00  5.1954036E+00  4.1396925E+00  0.0000000E+00
 0.0000000E+00  5.2723847E+00  6.3258042E+00  6.3324586E+00  6.3325607E+00  1.2768008E+02  6.3328079E+00  6.3327162E+00  6.3258042E+00  5.2723847E+00  0.0000000E+00
 0.0000000E+00  6.6093432E+00  7.6604926E+00  7.6672318E+00  7.6673362E+00  1.6176575E+02  7.6675906E+00  7.6674967E+00  7.6604926E+00  6.6093432E+00  0.0000000E+00
 0.0000000E+00  3.7337054E-09  1.0490158E+00  1.0556561E+00  1.0557550E+00  5.2862659E+00  1.0559798E+00  1.0558915E+00  1.0490158E+00  3.7337062E-09  0.0000000E+00
 0.0000000E+00  1.8241913E-01  1.2290578E+00  1.2357880E+00  1.2358892E+00  9.3930988E+00  1.2361215E+00  1.2360309E+00  1.2290578E+00  1.8241913E-01  0.0000000E+00
 0.0000000E+00  4.2707267E-01  1.4713598E+00  1.4781803E+00  1.4782839E+00  1.4757851E+01  1.4785237E+00  1.4784309E+00  1.4713598E+00  4.2707267E-01  0.0000000E+00
 0.0000000E+00  7.4461728E-01  1.7865779E+00  1.7934889E+00  1.7935950E+00  2.1679614E+01  1.7938426E+00  1.7937474E+00  1.7865779E+00  7.4461728E-01  0.0000000E+00
 0.0000000E+00  1.1468058E+00  2.1864643E+00  2.1934663E+00  2.1935749E+00  3.0513019E+01  2.1938302E+00  2.1937328E+00  2.1864643E+00  1.1468058E+00  0.0000000E+00
 0.0000000E+00  1.6465992E+00  2.6839795E+00  2.6910728E+00  2.6911838E+00  4.1674627E+01  2.6914471E+00  2.6913473E+00  2.6839795E+00  1.6465992E+00  0.0000000E+00
 0.0000000E+00  2.2582658E+00  3.2933910E+00  3.3005758E+00  3.3006894E+00  5.5649434E+01  3.3009608E+00  3.3008586E+00  3.2933910E+00  2.2582658E+00  0.0000000E+00
 0.0000000E+00  2.9975340E+00  4.0304265E+00  4.0377033E+00  4.0378195E+00  7.2997665E+01  4.0380991E+00  4.0379944E+00  4.0304265E+00  2.9975340E+00  0.0000000E+00
 0.0000000E+00  3.8817736E+00  4.9124551E+00  4.9198242E+00  4.9199428E+00  9.4361839E+01  4.9202309E+00  4.9201238E+00  4.9124551E+00  3.8817736E+00  0.0000000E+00
 0.0000000E+00  4.9301364E+00  5.9586280E+00  5.9660898E+00  5.9662110E+00  1.2047381E+02  5.9665075E+00  5.9663981E+00  5.9586280E+00  4.9301364E+00  0.0000000E+00
 0.0000000E+00  6.1637659E+00  7.1900878E+00  7.1976425E+00  7.1977663E+00  1.5216212E+02  7.1980716E+00  7.1979596E+00  7.1900878E+00  6.1637659E+00  0.0000000E+00
 0.0000000E+00  3.5985234E-09  1.0243918E+00  1.0318475E+00  1.0319654E+00  5.1656891E+00  1.0322354E+00  1.0321295E+00  1.0243918E+00  3.5985248E-09  0.0000000E+00
 0.0000000E+00  1.7507023E-01  1.1972001E+00  1.2047545E+00  1.2048753E+00  9.1243337E+00  1.2051542E+00  1.2050456E+00  1.1972001E+00  1.7507023E-01  0.0000000E+00
 0.0000000E+00  4.0823773E-01  1.4281280E+00  1.4357816E+00  1.4359051E+00  1.4269077E+01  1.4361931E+00  1.4360819E+00  1.4281280E+00  4.0823773E-01  0.0000000E+00
 0.0000000E+00  7.0910875E-01  1.7267816E+00  1.7345345E+00  1.7346609E+00  2.0875974E+01  1.7349581E+00  1.7348442E+00  1.7267816E+00  7.0910875E-01  0.0000000E+00
 0.0000000E+00  1.0882437E+00  2.1037207E+00  2.1115734E+00  2.1117026E+00  2.9270664E+01  2.1120092E+00  2.1118926E+00  2.1037207E+00  1.0882437E+00  0.0000000E+00
 0.0000000E+00  1.5572550E+00  2.5705573E+00  2.5785100E+00  2.5786421E+00  3.9833720E+01  2.5789583E+00  2.5788389E+00  2.5705573E+00  1.5572550E+00  0.0000000E+00
 0.0000000E+00  2.1288885E+00  3.1400368E+00  3.1480899E+00  3.1482248E+00  5.3006004E+01  3.1485507E+00  3.1484287E+00  3.1400368E+00  2.1288885E+00  0.0000000E+00
 0.0000000E+00  2.8171595E+00  3.8261737E+00  3.8343275E+00  3.8344654E+00  6.9294271E+01  3.8348011E+00  3.8346763E+00  3.8261737E+00  2.8171595E+00  0.0000000E+00
 0.0000000E+00  3.6375119E+00  4.6444115E+00  4.6526663E+00  4.6528071E+00  8.9276998E+01  4.6531530E+00  4.6530253E+00  4.6444115E+00  3.6375119E+00  0.0000000E+00
 0.0000000E+00  4.6069340E+00  5.6117377E+00  5.6200938E+00  5.6202376E+00  1.1361000E+02  5.6205936E+00  5.6204632E+00  5.6117377E+00  4.6069340E+00  0.0000000E+00
 0.0000000E+00  5.7441392E+00  6.7468653E+00  6.7553230E+00  6.7554698E+00  1.4303240E+02  6.7558362E+00  6.7557029E+00  6.7468653E+00  5.7441392E+00  0.0000000E+00
 0.0000000E+00  3.4666029E-09  1.0009161E+00  1.0092776E+00  1.0094182E+00  5.0796898E+00  1.0097425E+00  1.0096157E+00  1.0009161E+00  3.4666031E-09  0.0000000E+00
 0.0000000E+00  1.6792905E-01  1.1666846E+00  1.1751541E+00  1.1752978E+00  8.8916988E+00  1.1756330E+00  1.1755031E+00  1.1666846E+00  1.6792905E-01  0.0000000E+00
 0.0000000E+00  3.9001092E-01  1.3866279E+00  1.3952058E+00  1.3953528E+00  1.3820545E+01  1.3956988E+00  1.3955659E+00  1.3866279E+00  3.9001092E-01  0.0000000E+00
 0.0000000E+00  6.7488349E-01  1.6693833E+00  1.6780698E+00  1.6782201E+00  2.0120485E+01  1.6785771E+00  1.6784412E+00  1.6693833E+00  6.7488349E-01  0.0000000E+00
 0.0000000E+00  1.0320126E+00  2.0244160E+00  2.0332115E+00  2.0333651E+00  2.8089866E+01  2.0337334E+00  2.0335943E+00  2.0244160E+00  1.0320126E+00  0.0000000E+00
 0.0000000E+00  1.4717775E+00  2.4621047E+00  2.4710094E+00  2.4711662E+00  3.8075566E+01  2.4715460E+00  2.4714037E+00  2.4621046E+00  1.4717775E+00  0.0000000E+00
 0.0000000E+00  2.0055376E+00  2.9938078E+00  3.0028221E+00  3.0029822E+00  5.0477346E+01  3.0033737E+00  3.0032282E+00  2.9938078E+00  2.0055376E+00  0.0000000E+00
 0.0000000E+00  2.6457522E+00  3.6319841E+00  3.6411082E+00  3.6412716E+00  6.5752428E+01  3.6416749E+00  3.6415263E+00  3.6319841E+00  2.6457522E+00  0.0000000E+00
 0.0000000E+00  3.4061213E+00  4.3903329E+00  4.3995671E+00  4.3997337E+00  8.4420250E+01  4.4001492E+00  4.3999973E+00  4.3903329E+00  3.4061213E+00  0.0000000E+00
 0.0000000E+00  4.3016789E+00  5.2838874E+00  5.2932319E+00  5.2934019E+00  1.0706689E+02  5.2938296E+00  5.2936745E+00  5.2838874E+00  4.3016789E+00  0.0000000E+00
 0.0000000E+00  5.3489499E+00  6.3291715E+00  6.3386266E+00  6.3388000E+00  1.3434980E+02  6.3392402E+00  6.3390818E+00  6.3291715E+00  5.3489499E+00  0.0000000E+00
 0.0000000E+00  3.3373073E-09  9.7914522E-01  9.8850974E-01  9.8867694E-01  5.0226390E+00  9.8906701E-01  9.8891549E-01  9.7914522E-01  3.3373059E-09  0.0000000E+00
 0.0000000E+00  1.6096782E-01  1.1380634E+00  1.1475458E+00  1.1477166E+00  8.6891701E+00  1.1481196E+00  1.1479645E+00  1.1380634E+00  1.6096782E-01  0.0000000E+00
 0.0000000E+00  3.7233168E-01  1.3473942E+00  1.3569946E+00  1.3571691E+00  1.3405790E+01  1.3575852E+00  1.3574266E+00  1.3473942E+00  3.7233168E-01  0.0000000E+00
 0.0000000E+00  6.4183858E-01  1.6148842E+00  1.6246030E+00  1.6247811E+00  1.9406174E+01  1.6252104E+00  1.6250484E+00  1.6148842E+00  6.4183858E-01  0.0000000E+00
 0.0000000E+00  9.7795172E-01  1.9489962E+00  1.9588334E+00  1.9590152E+00  2.6963032E+01  1.9594582E+00  1.9592925E+00  1.9489962E+00  9.7795172E-01  0.0000000E+00
 0.0000000E+00  1.3899249E+00  2.3589834E+00  2.3689394E+00  2.3691249E+00  3.6391763E+01  2.3695816E+00  2.3694123E+00  2.3589834E+00  1.3899249E+00  0.0000000E+00
 0.0000000E+00  1.8878570E+00  2.8549442E+00  2.8650191E+00  2.8652084E+00  4.8053926E+01  2.8656790E+00  2.8655062E+00  2.8549442E+00  1.8878570E+00  0.0000000E+00
 0.0000000E+00  2.4827972E+00  3.4479272E+00  3.4581214E+00  3.4583144E+00  6.2360954E+01  3.4587992E+00  3.4586227E+00  3.4479272E+00  2.4827972E+00  0.0000000E+00
 0.0000000E+00  3.1868692E+00  4.1500555E+00  4.1603691E+00  4.1605659E+00  7.9777972E+01  4.1610652E+00  4.1608850E+00  4.1500555E+00  3.1868692E+00  0.0000000E+00
 0.0000000E+00  4.0133452E+00  4.9746009E+00  4.9850341E+00  4.9852347E+00  1.0082722E+02  4.9857486E+00  4.9855648E+00  4.9746009E+00  4.0133452E+00  0.0000000E+00
 0.0000000E+00  4.9767817E+00  5.9361192E+00  5.9466723E+00  5.9468766E+00  1.2609178E+02  5.9474055E+00  5.9472179E+00  5.9361192E+00  4.9767817E+00  0.0000000E+00
 0.0000000E+00  3.2099367E-09  9.5928650E-01  9.6975918E-01  9.6995754E-01  4.9867117E+00  9.7042697E-01  9.7024633E-01  9.5928650E-01  3.2099373E-09  0.0000000E+00
 0.0000000E+00  1.5415745E-01  1.1114210E+00  1.1220215E+00  1.1222240E+00  8.5080280E+00  1.1227089E+00  1.1225242E+00  1.1114210E+00  1.5415745E-01  0.0000000E+00
 0.0000000E+00  3.5513870E-01  1.3103944E+00  1.3211228E+00  1.3213294E+00  1.3015339E+01  1.3218300E+00  1.3216414E+00  1.3103944E+00  3.5513870E-01  0.0000000E+00
 0.0000000E+00  6.0987281E-01  1.5631352E+00  1.5739917E+00  1.5742025E+00  1.8722905E+01  1.5747190E+00  1.5745264E+00  1.5631352E+00  6.0987281E-01  0.0000000E+00
 0.0000000E+00  9.2590630E-01  1.8771895E+00  1.8881743E+00  1.8883892E+00  2.5879388E+01  1.8889220E+00  1.8887253E+00  1.8771895E+00  9.2590630E-01  0.0000000E+00
 0.0000000E+00  1.3114680E+00  2.2607856E+00  2.2718988E+00  2.2721179E+00  3.4770810E+01  2.2726671E+00  2.2724664E+00  2.2607856E+00  1.3114680E+00  0.0000000E+00
 0.0000000E+00  1.7755127E+00  2.7228777E+00  2.7341195E+00  2.7343428E+00  4.5723292E+01  2.7349088E+00  2.7347039E+00  2.7228777E+00  1.7755127E+00  0.0000000E+00
 0.0000000E+00  2.3278140E+00  3.2732390E+00  3.2846096E+00  3.2848371E+00  5.9106004E+01  3.2854201E+00  3.2852110E+00  3.2732390E+00  2.3278140E+00  0.0000000E+00
 0.0000000E+00  2.9790732E+00  3.9225702E+00  3.9340696E+00  3.9343013E+00  7.5334203E+01  3.9349015E+00  3.9346884E+00  3.9225702E+00  2.9790732E+00  0.0000000E+00
 0.0000000E+00  3.7409774E+00  4.6825577E+00  4.6941861E+00  4.6944220E+00  9.4871813E+01  4.6950398E+00  4.6948226E+00  4.6825577E+00  3.7409774E+00  0.0000000E+00
 0.0000000E+00  4.6263164E+00  5.5659908E+00  5.5777484E+00  5.5779885E+00  1.1823431E+02  5.5786242E+00  5.5784027E+00  5.5659908E+00  4.6263164E+00  0.0000000E+00
 0.0000000E+00  3.0840739E-09  9.4008434E-01  9.5177911E-01  9.5201378E-01  4.9551577E+00  9.5257905E-01  9.5236431E-01  9.4008434E-01  3.0840728E-09  0.0000000E+00
 0.0000000E+00  1.4748025E-01  1.0855439E+00  1.0973765E+00  1.0976157E+00  8.3321458E+00  1.0981995E+00  1.0979803E+00  1.0855439E+00  1.4748025E-01  0.0000000E+00
 0.0000000E+00  3.3839375E-01  1.2744495E+00  1.2864199E+00  1.2866639E+00  1.2633722E+01  1.2872664E+00  1.2870427E+00  1.2744495E+00  3.3839375E-01  0.0000000E+00
 0.0000000E+00  5.7891999E-01  1.5129803E+00  1.5250887E+00  1.5253373E+00  1.8055845E+01  1.5259590E+00  1.5257306E+00  1.5129803E+00  5.7891999E-01  0.0000000E+00
 0.0000000E+00  8.7576900E-01  1.8078461E+00  1.8200925E+00  1.8203456E+00  2.4824641E+01  1.8209868E+00  1.8207539E+00  1.8078461E+00  8.7576900E-01  0.0000000E+00
 0.0000000E+00  1.2362377E+00  2.1663432E+00  2.1787277E+00  2.1789855E+00  3.3198763E+01  2.1796464E+00  2.1794089E+00  2.1663433E+00  1.2362377E+00  0.0000000E+00
 0.0000000E+00  1.6682447E+00  2.5963901E+00  2.6089127E+00  2.6091751E+00  4.3471501E+01  2.6098560E+00  2.6096140E+00  2.5963901E+00  1.6682447E+00  0.0000000E+00
 0.0000000E+00  2.1804120E+00  3.1066081E+00  3.1192688E+00  3.1195359E+00  5.5973096E+01  3.1202371E+00  3.1199905E+00  3.1066081E+00  2.1804120E+00  0.0000000E+00
 0.0000000E+00  2.7821594E+00  3.7064167E+00  3.7192155E+00  3.7194874E+00  7.1073107E+01  3.7202092E+00  3.7199579E+00  3.7064167E+00  2.7821594E+00  0.0000000E+00
 0.0000000E+00  3.4837508E+00  4.4060791E+00  4.4190162E+00  4.4192926E+00  8.9182302E+01  4.4200355E+00  4.4197795E+00  4.4060791E+00  3.4837508E+00  0.0000000E+00
 0.0000000E+00  4.2963929E+00  5.2168017E+00  5.2298770E+00  5.2301581E+00  1.1075485E+02  5.2309223E+00  5.2306617E+00  5.2168018E+00  4.2963929E+00  0.0000000E+00
 0.0000000E+00  2.9596185E-09  9.2086040E-01  9.3389837E-01  9.3417506E-01  4.9151779E+00  9.3485623E-01  9.3460181E-01  9.2086041E-01  2.9596189E-09  0.0000000E+00
 0.0000000E+00  1.4093146E-01  1.0597555E+00  1.0729409E+00  1.0732226E+00  8.1496591E+00  1.0739260E+00  1.0736666E+00  1.0597555E+00  1.4093146E-01  0.0000000E+00
 0.0000000E+00  3.2208371E-01  1.2388846E+00  1.2522173E+00  1.2525042E+00  1.2249916E+01  1.2532301E+00  1.2529655E+00  1.2388846E+00  3.2208371E-01  0.0000000E+00
 0.0000000E+00  5.4895074E-01  1.4637412E+00  1.4772213E+00  1.4775133E+00  1.7394694E+01  1.4782620E+00  1.4779924E+00  1.4637412E+00  5.4895074E-01  0.0000000E+00
 0.0000000E+00  8.2748077E-01  1.7402731E+00  1.7539004E+00  1.7541975E+00  2.3789047E+01  1.7549694E+00  1.7546947E+00  1.7402731E+00  8.2748077E-01  0.0000000E+00
 0.0000000E+00  1.1641252E+00  2.0749310E+00  2.0887054E+00  2.0890077E+00  3.1666183E+01  2.0898032E+00  2.0895234E+00  2.0749310E+00  1.1641252E+00  0.0000000E+00
 0.0000000E+00  1.5658659E+00  2.4746964E+00  2.4886179E+00  2.4889253E+00  4.1289047E+01  2.4897447E+00  2.4894598E+00  2.4746964E+00  1.5658659E+00  0.0000000E+00
 0.0000000E+00  2.0402868E+00  2.9471526E+00  2.9612211E+00  2.9615335E+00  5.2952097E+01  2.9623773E+00  2.9620872E+00  2.9471526E+00  2.0402868E+00  0.0000000E+00
 0.0000000E+00  2.5956564E+00  3.5005674E+00  3.5147827E+00  3.5151004E+00  6.6983113E+01  3.5159687E+00  3.5156735E+00  3.5005674E+00  2.5956564E+00  0.0000000E+00
 0.0000000E+00  3.2409621E+00  4.1439277E+00  4.1582898E+00  4.1586125E+00  8.3744525E+01  4.1595059E+00  4.1592056E+00  4.1439277E+00  3.2409621E+00  0.0000000E+00
 0.0000000E+00  3.9859957E+00  4.8870246E+00  4.9015333E+00  4.9018612E+00  1.0363502E+02  4.9027800E+00  4.9024745E+00  4.8870246E+00  3.9859957E+00  0.0000000E+00
 0.0000000E+00  2.8368720E-09  9.0186681E-01  9.1636964E-01  9.1669463E-01  4.8535661E+00  9.1751596E-01  9.1721569E-01  9.0186682E-01  2.8368713E-09  0.0000000E+00
 0.0000000E+00  1.3452276E-01  1.0343632E+00  1.0490223E+00  1.0493529E+00  7.9485391E+00  1.0502007E+00  1.0498949E+00  1.0343632E+00  1.3452276E-01  0.0000000E+00
 0.0000000E+00  3.0622770E-01  1.2040504E+00  1.2188656E+00  1.2192018E+00  1.1853103E+01  1.2200766E+00  1.2197651E+00  1.2040504E+00  3.0622770E-01  0.0000000E+00
 0.0000000E+00  5.1998296E-01  1.4157963E+00  1.4307675E+00  1.4311092E+00  1.6729810E+01  1.4320113E+00  1.4316942E+00  1.4157963E+00  5.1998296E-01  0.0000000E+00
 0.0000000E+00  7.8104425E-01  1.6748563E+00  1.6899832E+00  1.6903305E+00  2.2764016E+01  1.6912603E+00  1.6909376E+00  1.6748563E+00  7.8104425E-01  0.0000000E+00
 0.0000000E+00  1.0950971E+00  1.9869156E+00  2.0021979E+00  2.0025508E+00  3.0165295E+01  2.0035087E+00  2.0031805E+00  1.9869156E+00  1.0950971E+00  0.0000000E+00
 0.0000000E+00  1.4682784E+00  2.3581106E+00  2.3735482E+00  2.3739065E+00  3.9168585E+01  2.3748930E+00  2.3745591E+00  2.3581106E+00  1.4682784E+00  0.0000000E+00
 0.0000000E+00  1.9072383E+00  2.7950911E+00  2.8106837E+00  2.8110475E+00  5.0035509E+01  2.8120630E+00  2.8117235E+00  2.7950911E+00  1.9072383E+00  0.0000000E+00
 0.0000000E+00  2.4192122E+00  3.3050920E+00  3.3208393E+00  3.3212087E+00  6.3055730E+01  3.3222535E+00  3.3219085E+00  3.3050920E+00  2.4192122E+00  0.0000000E+00
 0.0000000E+00  3.0120459E+00  3.8959587E+00  3.9118605E+00  3.9122354E+00  7.8547817E+01  3.9133101E+00  3.9129593E+00  3.8959587E+00  3.0120459E+00  0.0000000E+00
 0.0000000E+00  3.6942683E+00  4.5762196E+00  4.5922757E+00  4.5926560E+00  9.6860393E+01  4.5937609E+00  4.5934046E+00  4.5762196E+00  3.6942683E+00  0.0000000E+00
 0.0000000E+00  2.7166050E-09  8.8382174E-01  8.9991074E-01  9.0029065E-01  4.7704239E+00  9.0128157E-01  9.0092885E-01  8.8382173E-01  2.7166033E-09  0.0000000E+00
 0.0000000E+00  1.2828244E-01  1.0100055E+00  1.0262586E+00  1.0266446E+00  7.7311407E+00  1.0276672E+00  1.0273083E+00  1.0100055E+00  1.2828244E-01  0.0000000E+00
 0.0000000E+00  2.9087339E-01  1.1705046E+00  1.1869216E+00  1.1873135E+00  1.1447446E+01  1.1883681E+00  1.1880033E+00  1.1705046E+00  2.9087339E-01  0.0000000E+00
 0.0000000E+00  4.9207122E-01  1.3696174E+00  1.3861977E+00  1.3865956E+00  1.6066714E+01  1.3876828E+00  1.3873118E+00  1.3696173E+00  4.9207122E-01  0.0000000E+00
 0.0000000E+00  7.3650381E-01  1.6119713E+00  1.6287147E+00  1.6291185E+00  2.1755964E+01  1.6302387E+00  1.6298617E+00  1.6119713E+00  7.3650381E-01  0.0000000E+00
 0.0000000E+00  1.0291650E+00  1.9025600E+00  1.9194661E+00  1.9198757E+00  2.8702898E+01  1.9210295E+00  1.9206463E+00  1.9025599E+00  1.0291650E+00  0.0000000E+00
 0.0000000E+00  1.3754308E+00  2.2467592E+00  2.2638276E+00  2.2642432E+00  3.7116693E+01  2.2654309E+00  2.2650416E+00  2.2467592E+00  1.3754308E+00  0.0000000E+00
 0.0000000E+00  1.7811140E+00  2.6503814E+00  2.6676115E+00  2.6680330E+00  4.7228951E+01  2.6692551E+00  2.6688599E+00  2.6503814E+00  1.7811140E+00  0.0000000E+00
 0.0000000E+00  2.2525251E+00  3.1197366E+00  3.1371281E+00  3.1375555E+00  5.9294672E+01  3.1388125E+00  3.1384112E+00  3.1197366E+00  2.2525251E+00  0.0000000E+00
 0.0000000E+00  2.7964912E+00  3.6616517E+00  3.6792042E+00  3.6796374E+00  7.3592764E+01  3.6809299E+00  3.6805224E+00  3.6616517E+00  2.7964912E+00  0.0000000E+00
 0.0000000E+00  3.4204170E+00  4.2835309E+00  4.3012440E+00  4.3016829E+00  9.0426815E+01  4.3030114E+00  4.3025978E+00  4.2835309E+00  3.4204170E+00  0.0000000E+00
 0.0000000E+00  2.5990029E-09  8.6533885E-01  8.8313052E-01  8.8357219E-01  4.6889517E+00  8.8476815E-01  8.8435608E-01  8.6533885E-01  2.5990032E-09  0.0000000E+00
 0.0000000E+00  1.2221611E-01  9.8534130E-01  1.0033040E+00  1.0037520E+00  7.5181979E+00  1.0049856E+00  1.0045671E+00  9.8534130E-01  1.2221611E-01  0.0000000E+00
 0.0000000E+00  2.7602561E-01  1.1369443E+00  1.1550775E+00  1.1555318E+00  1.1051345E+01  1.1568036E+00  1.1563785E+00  1.1369443E+00  2.7602561E-01  0.0000000E+00
 0.0000000E+00  4.6520964E-01  1.3239288E+00  1.3422319E+00  1.3426925E+00  1.5421585E+01  1.3440029E+00  1.3435713E+00  1.3239288E+00  4.6520964E-01  0.0000000E+00
 0.0000000E+00  6.9382840E-01  1.5503549E+00  1.5688272E+00  1.5692939E+00  2.0778899E+01  1.5706437E+00  1.5702056E+00  1.5503549E+00  6.9382840E-01  0.0000000E+00
 0.0000000E+00  9.6625250E-01  1.8205928E+00  1.8392338E+00  1.8397067E+00  2.7290796E+01  1.8410962E+00  1.8406517E+00  1.8205928E+00  9.6625250E-01  0.0000000E+00
 0.0000000E+00  1.2871752E+00  2.1393356E+00  2.1581446E+00  2.1586236E+00  3.5142812E+01  2.1600535E+00  2.1596024E+00  2.1393356E+00  1.2871752E+00  0.0000000E+00
 0.0000000E+00  1.6616594E+00  2.5116457E+00  2.5306221E+00  2.5311072E+00  4.4539159E+01  2.5325780E+00  2.5321204E+00  2.5116458E+00  1.6616594E+00  0.0000000E+00
 0.0000000E+00  2.0951902E+00  2.9430081E+00  2.9621511E+00  2.9626423E+00  5.5703395E+01  2.9641545E+00  2.9636906E+00  2.9430081E+00  2.0951902E+00  0.0000000E+00
 0.0000000E+00  2.5936876E+00  3.4393423E+00  3.4586514E+00  3.4591486E+00  6.8878650E+01  3.4607029E+00  3.4602324E+00  3.4393423E+00  2.5936876E+00  0.0000000E+00
 0.0000000E+00  3.1635581E+00  4.0070543E+00  4.0265289E+00  4.0270321E+00  8.4328109E+01  4.0286289E+00  4.0281520E+00  4.0070543E+00  3.1635581E+00  0.0000000E+00
 0.0000000E+00  2.4841824E-09  8.4576862E-01  8.6538817E-01  8.6589820E-01  4.6056770E+00  8.6734114E-01  8.6686295E-01  8.4576862E-01  2.4841831E-09  0.0000000E+00
 0.0000000E+00  1.1632670E-01  9.5976400E-01  9.7955884E-01  9.8007536E-01  7.3066948E+00  9.8156302E-01  9.8107797E-01  9.5976400E-01  1.1632670E-01  0.0000000E+00
 0.0000000E+00  2.6168463E-01  1.1027975E+00  1.1227669E+00  1.1232898E+00  1.0662222E+01  1.1248228E+00  1.1243309E+00  1.1027975E+00  2.6168463E-01  0.0000000E+00
 0.0000000E+00  4.3938658E-01  1.2781819E+00  1.2983249E+00  1.2988543E+00  1.4792196E+01  1.3004332E+00  1.2999344E+00  1.2781819E+00  4.3938658E-01  0.0000000E+00
 0.0000000E+00  6.5298084E-01  1.4894653E+00  1.5097811E+00  1.5103168E+00  1.9830789E+01  1.5119422E+00  1.5114367E+00  1.4894653E+00  6.5298084E-01  0.0000000E+00
 0.0000000E+00  9.0627803E-01  1.7404581E+00  1.7609459E+00  1.7614878E+00  2.5926897E+01  1.7631604E+00  1.7626481E+00  1.7404581E+00  9.0627803E-01  0.0000000E+00
 0.0000000E+00  1.2033600E+00  2.0352419E+00  2.0559008E+00  2.0564490E+00  3.3244410E+01  2.0581693E+00  2.0576502E+00  2.0352419E+00  1.2033600E+00  0.0000000E+00
 0.0000000E+00  1.5486202E+00  2.3782098E+00  2.3990390E+00  2.3995933E+00  4.1962617E+01  2.4013620E+00  2.4008362E+00  2.3782098E+00  1.5486202E+00  0.0000000E+00
 0.0000000E+00  1.9468087E+00  2.7741118E+00  2.7951103E+00  2.7956708E+00  5.2276632E+01  2.7974885E+00  2.7969560E+00  2.7741118E+00  1.9468087E+00  0.0000000E+00
 0.0000000E+00  2.4030403E+00  3.2280621E+00  3.2492291E+00  3.2497956E+00  6.4397410E+01  3.2516631E+00  3.2511238E+00  3.2280621E+00  2.4030403E+00  0.0000000E+00
 0.0000000E+00  2.9228367E+00  3.7455822E+00  3.7669170E+00  3.7674895E+00  7.8552010E+01  3.7694073E+00  3.7688614E+00  3.7455822E+00  2.9228367E+00  0.0000000E+00
 0.0000000E+00  2.3722169E-09  8.2526878E-01  8.4681696E-01  8.4740115E-01  4.5265837E+00  8.4914144E-01  8.4859095E-01  8.2526877E-01  2.3722171E-09  0.0000000E+00
 0.0000000E+00  1.1061512E-01  9.3340383E-01  9.5512846E-01  9.5571909E-01  7.1022307E+00  9.5751234E-01  9.5695482E-01  9.3340382E-01  1.1061512E-01  0.0000000E+00
 0.0000000E+00  2.4784614E-01  1.0681622E+00  1.0900623E+00  1.0906593E+00  1.0285189E+01  1.0925062E+00  1.0919417E+00  1.0681622E+00  2.4784614E-01  0.0000000E+00
 0.0000000E+00  4.1458324E-01  1.2324342E+00  1.2545086E+00  1.2551120E+00  1.4183067E+01  1.2570132E+00  1.2564416E+00  1.2324342E+00  4.1458324E-01  0.0000000E+00
 0.0000000E+00  6.1391453E-01  1.4293077E+00  1.4515555E+00  1.4521650E+00  1.8915425E+01  1.4541212E+00  1.4535428E+00  1.4293077E+00  6.1391453E-01  0.0000000E+00
 0.0000000E+00  8.4914891E-01  1.6620916E+00  1.6845116E+00  1.6851274E+00  2.4614064E+01  1.6871393E+00  1.6865539E+00  1.6620916E+00  8.4914891E-01  0.0000000E+00
 0.0000000E+00  1.1238224E+00  1.9343217E+00  1.9569129E+00  1.9575348E+00  3.1423114E+01  1.9596031E+00  1.9590108E+00  1.9343217E+00  1.1238224E+00  0.0000000E+00
 0.0000000E+00  1.4417324E+00  2.2497954E+00  2.2725567E+00  2.2731846E+00  3.9499260E+01  2.2753101E+00  2.2747109E+00  2.2497954E+00  1.4417324E+00  0.0000000E+00
 0.0000000E+00  1.8069765E+00  2.6126098E+00  2.6355403E+00  2.6361740E+00  4.9011963E+01  2.6383574E+00  2.6377513E+00  2.6126098E+00  1.8069765E+00  0.0000000E+00
 0.0000000E+00  2.2239559E+00  3.0271660E+00  3.0502645E+00  3.0509042E+00  6.0143343E+01  3.0531461E+00  3.0525332E+00  3.0271660E+00  2.2239559E+00  0.0000000E+00
 0.0000000E+00  2.6974114E+00  3.4982046E+00  3.5214700E+00  3.5221155E+00  7.3088253E+01  3.5244169E+00  3.5237971E+00  3.4982046E+00  2.6974114E+00  0.0000000E+00
 0.0000000E+00  2.2631208E-09  8.0313759E-01  8.2668381E-01  8.2734621E-01  4.4508679E+00  8.2944295E-01  8.2881548E-01  8.0313759E-01  2.2631213E-09  0.0000000E+00
 0.0000000E+00  1.0508009E-01  9.0556021E-01  9.2928076E-01  9.2994930E-01  6.9041386E+00  9.3210857E-01  9.3147409E-01  9.0556021E-01  1.0508009E-01  0.0000000E+00
 0.0000000E+00  2.3450203E-01  1.0323351E+00  1.0562288E+00  1.0569033E+00  9.9197234E+00  1.0591259E+00  1.0584845E+00  1.0323351E+00  2.3450203E-01  0.0000000E+00
 0.0000000E+00  3.9077579E-01  1.1859722E+00  1.2100378E+00  1.2107183E+00  1.3593761E+01  1.2130050E+00  1.2123565E+00  1.1859722E+00  3.9077579E-01  0.0000000E+00
 0.0000000E+00  5.7657708E-01  1.3691473E+00  1.3933835E+00  1.3940699E+00  1.8032316E+01  1.3964214E+00  1.3957661E+00  1.3691473E+00  5.7657708E-01  0.0000000E+00
 0.0000000E+00  7.9476675E-01  1.5847211E+00  1.6091268E+00  1.6098189E+00  2.3351518E+01  1.6122361E+00  1.6115739E+00  1.5847211E+00  7.9476675E-01  0.0000000E+00
 0.0000000E+00  1.0483949E+00  1.8357437E+00  1.8603174E+00  1.8610153E+00  2.9677508E+01  1.8634990E+00  1.8628299E+00  1.8357437E+00  1.0483949E+00  0.0000000E+00
 0.0000000E+00  1.3407300E+00  2.1254833E+00  2.1502240E+00  2.1509276E+00  3.7146522E+01  2.1534785E+00  2.1528025E+00  2.1254833E+00  1.3407300E+00  0.0000000E+00
 0.0000000E+00  1.6752917E+00  2.4574594E+00  2.4823658E+00  2.4830749E+00  4.5904969E+01  2.4856939E+00  2.4850112E+00  2.4574594E+00  1.6752917E+00  0.0000000E+00
 0.0000000E+00  2.0558515E+00  2.8354433E+00  2.8605140E+00  2.8612286E+00  5.6109202E+01  2.8639166E+00  2.8632270E+00  2.8354433E+00  2.0558515E+00  0.0000000E+00
 0.0000000E+00  2.4864621E+00  3.2634873E+00  3.2887213E+00  3.2894412E+00  6.7925481E+01  3.2921990E+00  3.2915026E+00  3.2634873E+00  2.4864621E+00  0.0000000E+00
 0.0000000E+00  2.1567124E-09  7.7849892E-01  8.0407823E-01  8.0482001E-01  4.3861444E+00  8.0734227E-01  8.0663590E-01  7.7849892E-01  2.1567126E-09  0.0000000E+00
 0.0000000E+00  9.9712284E-02  8.7539236E-01  9.0114025E-01  9.0188751E-01  6.7191750E+00  9.0448354E-01  9.0377041E-01  8.7539236E-01  9.9712284E-02  0.0000000E+00
 0.0000000E+00  2.2162838E-01  9.9450440E-01  1.0204195E+00  1.0211722E+00  9.5716507E+00  1.0238428E+00  1.0231230E+00  9.9450440E-01  2.2162838E-01  0.0000000E+00
 0.0000000E+00  3.6791761E-01  1.1380044E+00  1.1640853E+00  1.1648433E+00  1.3029097E+01  1.1675894E+00  1.1668629E+00  1.1380044E+00  3.6791761E-01  0.0000000E+00
 0.0000000E+00  5.4088752E-01  1.3081998E+00  1.3344453E+00  1.3352084E+00  1.7185178E+01  1.3380310E+00  1.3372976E+00  1.3081998E+00  5.4088752E-01  0.0000000E+00
 0.0000000E+00  7.4300018E-01  1.5075527E+00  1.5339612E+00  1.5347295E+00  2.2141711E+01  1.5376293E+00  1.5368894E+00  1.5075527E+00  7.4300018E-01  0.0000000E+00
 0.0000000E+00  9.7687459E-01  1.7386819E+00  1.7652521E+00  1.7660255E+00  2.8008524E+01  1.7690035E+00  1.7682568E+00  1.7386819E+00  9.7687459E-01  0.0000000E+00
 0.0000000E+00  1.2453114E+00  2.0043879E+00  2.0311185E+00  2.0318968E+00  3.4903423E+01  2.0349538E+00  2.0342006E+00  2.0043879E+00  1.2453114E+00  0.0000000E+00
 0.0000000E+00  1.5513201E+00  2.3076798E+00  2.3345694E+00  2.3353526E+00  4.2952171E+01  2.3384896E+00  2.3377298E+00  2.3076798E+00  1.5513201E+00  0.0000000E+00
 0.0000000E+00  1.8981179E+00  2.6517746E+00  2.6788219E+00  2.6796098E+00  5.2288189E+01  2.6828278E+00  2.6820614E+00  2.6517746E+00  1.8981179E+00  0.0000000E+00
 0.0000000E+00  2.2891531E+00  3.0401205E+00  3.0673241E+00  3.0681166E+00  6.3052442E+01  3.0714166E+00  3.0706435E+00  3.0401205E+00  2.2891531E+00  0.0000000E+00
 0.0000000E+00  2.0527317E-09  7.5113171E-01  7.7872479E-01  7.7954195E-01  4.3249120E+00  7.8257434E-01  7.8179164E-01  7.5113171E-01  2.0527335E-09  0.0000000E+00
 0.0000000E+00  9.4500168E-02  8.4269359E-01  8.7044593E-01  8.7126769E-01  6.5398457E+00  8.7438686E-01  8.7359777E-01  8.4269359E-01  9.4500168E-02  0.0000000E+00
 0.0000000E+00  2.0919869E-01  9.5447416E-01  9.8238437E-01  9.8321065E-01  9.2335944E+00  9.8641755E-01  9.8562208E-01  9.5447416E-01  2.0919869E-01  0.0000000E+00
 0.0000000E+00  3.4596063E-01  1.0883384E+00  1.1164051E+00  1.1172358E+00  1.2481852E+01  1.1205314E+00  1.1197295E+00  1.0883384E+00  3.4596063E-01  0.0000000E+00
 0.0000000E+00  5.0676588E-01  1.2462660E+00  1.2744879E+00  1.2753228E+00  1.6366886E+01  1.2787081E+00  1.2778999E+00  1.2462660E+00  5.0676588E-01  0.0000000E+00
 0.0000000E+00  6.9372272E-01  1.4303652E+00  1.4587407E+00  1.4595799E+00  2.0977463E+01  1.4630558E+00  1.4622413E+00  1.4303652E+00  6.9372272E-01  0.0000000E+00
 0.0000000E+00  9.0906894E-01  1.6428733E+00  1.6714011E+00  1.6722445E+00  2.6408640E+01  1.6758121E+00  1.6749912E+00  1.6428733E+00  9.0906894E-01  0.0000000E+00
 0.0000000E+00  1.1551925E+00  1.8861781E+00  1.9148569E+00  1.9157042E+00  3.2761659E+01  1.9193645E+00  1.9185373E+00  1.8861781E+00  1.1551925E+00  0.0000000E+00
 0.0000000E+00  1.4346540E+00  2.1628399E+00  2.1916681E+00  2.1925195E+00  4.0143849E+01  2.1962735E+00  2.1954398E+00  2.1628399E+00  1.4346540E+00  0.0000000E+00
 0.0000000E+00  1.7501842E+00  2.4755888E+00  2.5045653E+00  2.5054204E+00  4.8668293E+01  2.5092691E+00  2.5084292E+00  2.4755888E+00  1.7501842E+00  0.0000000E+00
 0.0000000E+00  2.1047028E+00  2.8273443E+00  2.8564676E+00  2.8573265E+00  5.8453660E+01  2.8612710E+00  2.8604247E+00  2.8273443E+00  2.1047028E+00  0.0000000E+00
 0.0000000E+00  1.9511054E-09  7.2101699E-01  7.5053246E-01  7.5141476E-01  4.2632760E+00  7.5505865E-01  7.5420767E-01  7.2101699E-01  1.9511046E-09  0.0000000E+00
 0.0000000E+00  8.9438892E-02  8.0748247E-01  8.3714679E-01  8.3803264E-01  6.3629742E+00  8.4177821E-01  8.4092124E-01  8.0748246E-01  8.9438892E-02  0.0000000E+00
 0.0000000E+00  1.9719841E-01  9.1229411E-01  9.4210595E-01  9.4299528E-01  8.9029045E+00  9.4684359E-01  9.4598061E-01  9.1229411E-01  1.9719841E-01  0.0000000E+00
 0.0000000E+00  3.2487304E-01  1.0370462E+00  1.0670042E+00  1.0678970E+00  1.1949703E+01  1.0718491E+00  1.0709800E+00  1.0370462E+00  3.2487304E-01  0.0000000E+00
 0.0000000E+00  4.7415221E-01  1.1834279E+00  1.2135307E+00  1.2144268E+00  1.5575215E+01  1.2184838E+00  1.2176086E+00  1.1834279E+00  4.7415221E-01  0.0000000E+00
 0.0000000E+00  6.4683156E-01  1.3532345E+00  1.3834808E+00  1.3843801E+00  1.9856363E+01  1.3885429E+00  1.3876618E+00  1.3532345E+00  6.4683156E-01  0.0000000E+00
 0.0000000E+00  8.4481292E-01  1.5483673E+00  1.5787558E+00  1.5796582E+00  2.4874894E+01  1.5839282E+00  1.5830408E+00  1.5483673E+00  8.4481292E-01  0.0000000E+00
 0.0000000E+00  1.0701216E+00  1.7708513E+00  1.8013805E+00  1.8022861E+00  3.0717229E+01  1.8066642E+00  1.8057706E+00  1.7708513E+00  1.0701216E+00  0.0000000E+00
 0.0000000E+00  1.3249246E+00  2.0228530E+00  2.0535217E+00  2.0544302E+00  3.7474309E+01  2.0589176E+00  2.0580179E+00  2.0228530E+00  1.3249246E+00  0.0000000E+00
 0.0000000E+00  1.6115273E+00  2.3066770E+00  2.3374838E+00  2.3383953E+00  4.5241265E+01  2.3429931E+00  2.3420871E+00  2.3066770E+00  1.6115273E+00  0.0000000E+00
 0.0000000E+00  1.9323882E+00  2.6247814E+00  2.6557250E+00  2.6566392E+00  5.4117209E+01  2.6613486E+00  2.6604363E+00  2.6247814E+00  1.9323882E+00  0.0000000E+00
 0.0000000E+00  1.8517186E-09  6.8914632E-01  7.2046563E-01  7.2139984E-01  4.1984276E+00  7.2577480E-01  7.2486601E-01  6.8914632E-01  1.8517179E-09  0.0000000E+00
 0.0000000E+00  8.4522775E-02  7.7080210E-01  8.0226145E-01  8.0319866E-01  6.1856308E+00  8.0769211E-01  8.0677709E-01  7.7080210E-01  8.4522775E-02  0.0000000E+00
 0.0000000E+00  1.8561233E-01  8.6905035E-01  9.0064847E-01  9.0158859E-01  8.5765796E+00  9.0620167E-01  9.0528037E-01  8.6905035E-01  1.8561233E-01  0.0000000E+00
 0.0000000E+00  3.0462340E-01  9.8524541E-01  1.0169810E+00  1.0179239E+00  1.1429568E+01  1.0226578E+00  1.0217302E+00  9.8524541E-01  3.0462340E-01  0.0000000E+00
 0.0000000E+00  4.4298891E-01  1.1208198E+00  1.1526915E+00  1.1536372E+00  1.4806929E+01  1.1584930E+00  1.1575591E+00  1.1208198E+00  4.4298891E-01  0.0000000E+00
 0.0000000E+00  6.0222916E-01  1.2772933E+00  1.3092998E+00  1.3102481E+00  1.8774854E+01  1.3152271E+00  1.3142867E+00  1.2772933E+00  6.0222916E-01  0.0000000E+00
 0.0000000E+00  7.8395102E-01  1.4562722E+00  1.4884122E+00  1.4893631E+00  2.3403131E+01  1.4944663E+00  1.4935195E+00  1.4562722E+00  7.8395102E-01  0.0000000E+00
 0.0000000E+00  9.8986214E-01  1.6594636E+00  1.6917357E+00  1.6926891E+00  2.8764962E+01  1.6979179E+00  1.6969646E+00  1.6594636E+00  9.8986214E-01  0.0000000E+00
 0.0000000E+00  1.2217858E+00  1.8886903E+00  1.9210931E+00  1.9220488E+00  3.4936781E+01  1.9274044E+00  1.9264445E+00  1.8886903E+00  1.2217858E+00  0.0000000E+00
 0.0000000E+00  1.4816565E+00  2.1458860E+00  2.1784181E+00  2.1793762E+00  4.1997934E+01  2.1848598E+00  2.1838932E+00  2.1458860E+00  1.4816565E+00  0.0000000E+00
 0.0000000E+00  1.7715319E+00  2.4331078E+00  2.4657679E+00  2.4667281E+00  5.0030459E+01  2.4723410E+00  2.4713679E+00  2.4331078E+00  1.7715319E+00  0.0000000E+00
 0.0000000E+00  1.7546341E-09  6.5867443E-01  6.9173544E-01  6.9272271E-01  4.1263442E+00  6.9796516E-01  6.9699486E-01  6.5867442E-01  1.7546337E-09  0.0000000E+00
 0.0000000E+00  7.9752673E-02  7.3567826E-01  7.6887152E-01  7.6986085E-01  6.0045418E+00  7.7524086E-01  7.7426424E-01  7.3567826E-01  7.9752673E-02  0.0000000E+00
 0.0000000E+00  1.7443719E-01  8.2763743E-01  8.6096139E-01  8.6195267E-01  8.2519306E+00  8.6747149E-01  8.6648847E-01  8.2763743E-01  1.7443719E-01  0.0000000E+00
 0.0000000E+00  2.8519686E-01  9.3569485E-01  9.6914796E-01  9.7014110E-01  1.0919161E+01  9.7579996E-01  9.7481049E-01  9.3569485E-01  2.8519686E-01  0.0000000E+00
 0.0000000E+00  4.1323909E-01  1.0610575E+00  1.0946382E+00  1.0956331E+00  1.4059921E+01  1.1014333E+00  1.1004372E+00  1.0610575E+00  4.1323909E-01  0.0000000E+00
 0.0000000E+00  5.5984270E-01  1.2050038E+00  1.2387105E+00  1.2397070E+00  1.7730731E+01  1.2456497E+00  1.2446472E+00  1.2050038E+00  5.5984270E-01  0.0000000E+00
 0.0000000E+00  7.2635667E-01  1.3688821E+00  1.4027132E+00  1.4037113E+00  2.1990687E+01  1.4097979E+00  1.4087887E+00  1.3688821E+00  7.2635667E-01  0.0000000E+00
 0.0000000E+00  9.1421158E-01  1.5541224E+00  1.5880765E+00  1.5890760E+00  2.6901261E+01  1.5953078E+00  1.5942918E+00  1.5541224E+00  9.1421158E-01  0.0000000E+00
 0.0000000E+00  1.1249315E+00  1.7622483E+00  1.7963237E+00  1.7973246E+00  3.2526109E+01  1.8037028E+00  1.8026800E+00  1.7622483E+00  1.1249315E+00  0.0000000E+00
 0.0000000E+00  1.3601291E+00  1.9948719E+00  2.0290670E+00  2.0300692E+00  3.8930776E+01  2.0365952E+00  2.0355655E+00  1.9948719E+00  1.3601291E+00  0.0000000E+00
 0.0000000E+00  1.6215152E+00  2.2537033E+00  2.2880165E+00  2.2890199E+00  4.6182479E+01  2.2956951E+00  2.2946585E+00  2.2537033E+00  1.6215152E+00  0.0000000E+00
 0.0000000E+00  1.6598994E-09  6.3018475E-01  6.6488753E-01  6.6591773E-01  4.0482683E+00  6.7218940E-01  6.7116376E-01  6.3018475E-01  1.6599009E-09  0.0000000E+00
 0.0000000E+00  7.5128852E-02  7.0265288E-01  7.3747910E-01  7.3850982E-01  5.8208305E+00  7.4494004E-01  7.4390825E-01  7.0265288E-01  7.5128852E-02  0.0000000E+00
 0.0000000E+00  1.6366878E-01  7.8855067E-01  8.2349892E-01  8.2453008E-01  7.9299246E+00  8.3112020E-01  8.3008211E-01  7.8855068E-01  1.6366878E-01  0.0000000E+00
 0.0000000E+00  2.6657757E-01  8.8883588E-01  9.2390469E-01  9.2493623E-01  1.0419218E+01  9.3168757E-01  9.3064308E-01  8.8883589E-01  2.6657757E-01  0.0000000E+00
 0.0000000E+00  3.8486524E-01  1.0045185E+00  1.0397063E+00  1.0407382E+00  1.3334570E+01  1.0476521E+00  1.0466010E+00  1.0045185E+00  3.8486524E-01  0.0000000E+00
 0.0000000E+00  5.1959985E-01  1.1366663E+00  1.1719717E+00  1.1730037E+00  1.6723823E+01  1.1800816E+00  1.1790240E+00  1.1366663E+00  5.1959985E-01  0.0000000E+00
 0.0000000E+00  6.7190582E-01  1.2864037E+00  1.3218249E+00  1.3228572E+00  2.0636555E+01  1.3301004E+00  1.3290359E+00  1.2864037E+00  6.7190582E-01  0.0000000E+00
 0.0000000E+00  8.4297308E-01  1.4549202E+00  1.4904558E+00  1.4914881E+00  2.5123877E+01  1.4988981E+00  1.4978266E+00  1.4549202E+00  8.4297308E-01  0.0000000E+00
 0.0000000E+00  1.0340664E+00  1.6434804E+00  1.6791287E+00  1.6801610E+00  3.0238255E+01  1.6877392E+00  1.6866606E+00  1.6434804E+00  1.0340664E+00  0.0000000E+00
 0.0000000E+00  1.2465205E+00  1.8534186E+00  1.8891779E+00  1.8902102E+00  3.6033231E+01  1.8979580E+00  1.8968722E+00  1.8534186E+00  1.2465205E+00  0.0000000E+00
 0.0000000E+00  1.4817469E+00  2.0861461E+00  2.1220147E+00  2.1230469E+00  4.2563234E+01  2.1309659E+00  2.1298726E+00  2.0861461E+00  1.4817469E+00  0.0000000E+00
 0.0000000E+00  1.5675619E-09  6.0294994E-01  6.3927957E-01  6.4031596E-01  3.9642136E+00  6.4779612E-01  6.4674528E-01  6.0294995E-01  1.5675611E-09  0.0000000E+00
 0.0000000E+00  7.0651641E-02  6.7091838E-01  7.0737138E-01  7.0840773E-01  5.6344940E+00  7.1606990E-01  7.1501173E-01  6.7091838E-01  7.0651641E-02  0.0000000E+00
 0.0000000E+00  1.5330326E-01  7.5090906E-01  7.8748300E-01  7.8851929E-01  7.6104995E+00  7.9636488E-01  7.9529916E-01  7.5090907E-01  1.5330326E-01  0.0000000E+00
 0.0000000E+00  2.4875063E-01  8.4371762E-01  8.8041004E-01  8.8144626E-01  9.9295426E+00  8.8947667E-01  8.8840318E-01  8.4371763E-01  2.4875063E-01  0.0000000E+00
 0.0000000E+00  3.5783191E-01  9.5018199E-01  9.8699039E-01  9.8802655E-01  1.2630424E+01  9.9624321E-01  9.9516170E-01  9.5018200E-01  3.5783191E-01  0.0000000E+00
 0.0000000E+00  4.8143203E-01  1.0711868E+00  1.1081087E+00  1.1091448E+00  1.5753233E+01  1.1175492E+00  1.1164594E+00  1.0711868E+00  4.8143203E-01  0.0000000E+00
 0.0000000E+00  6.2048081E-01  1.2076617E+00  1.2446945E+00  1.2457305E+00  1.9339113E+01  1.2543240E+00  1.2532258E+00  1.2076617E+00  6.2048081E-01  0.0000000E+00
 0.0000000E+00  7.7596010E-01  1.3605880E+00  1.3977293E+00  1.3987651E+00  2.3430080E+01  1.4075493E+00  1.4064424E+00  1.3605880E+00  7.7596010E-01  0.0000000E+00
 0.0000000E+00  9.4891098E-01  1.5310064E+00  1.5682537E+00  1.5692893E+00  2.8068845E+01  1.5782657E+00  1.5771500E+00  1.5310064E+00  9.4891098E-01  0.0000000E+00
 0.0000000E+00  1.1404290E+00  1.7200121E+00  1.7573629E+00  1.7583982E+00  3.3298582E+01  1.7675685E+00  1.7664435E+00  1.7200121E+00  1.1404290E+00  0.0000000E+00
 0.0000000E+00  1.3516689E+00  1.9287596E+00  1.9662112E+00  1.9672463E+00  3.9162752E+01  1.9766118E+00  1.9754776E+00  1.9287596E+00  1.3516689E+00  0.0000000E+00
 0.0000000E+00  1.4777264E-09  5.7465197E-01  6.1290037E-01  6.1393451E-01  3.8733310E+00  6.2283372E-01  6.2175698E-01  5.7465198E-01  1.4777260E-09  0.0000000E+00
 0.0000000E+00  6.6323711E-02  6.3832081E-01  6.7667713E-01  6.7771328E-01  5.4451151E+00  6.8681944E-01  6.8573129E-01  6.3832082E-01  6.6323711E-02  0.0000000E+00
 0.0000000E+00  1.4334105E-01  7.1270752E-01  7.5116842E-01  7.5220644E-01  7.2935711E+00  7.6152106E-01  7.6042133E-01  7.1270753E-01  1.4334105E-01  0.0000000E+00
 0.0000000E+00  2.3170718E-01  7.9846721E-01  8.3702933E-01  8.3806908E-01  9.4502508E+00  8.4759367E-01  8.4648223E-01  7.9846722E-01  2.3170718E-01  0.0000000E+00
 0.0000000E+00  3.3211133E-01  8.9628900E-01  9.3494899E-01  9.3599030E-01  1.1947621E+01  9.4572640E-01  9.4460311E-01  8.9628900E-01  3.3211133E-01  0.0000000E+00
 0.0000000E+00  4.4528017E-01  1.0068993E+00  1.0456538E+00  1.0466966E+00  1.4818878E+01  1.0566457E+00  1.0555104E+00  1.0068994E+00  4.4528017E-01  0.0000000E+00
 0.0000000E+00  5.7197570E-01  1.1310600E+00  1.1699057E+00  1.1709496E+00  1.8097739E+01  1.1811134E+00  1.1799660E+00  1.1310600E+00  5.7197570E-01  0.0000000E+00
 0.0000000E+00  7.1300078E-01  1.2695735E+00  1.3085069E+00  1.3095520E+00  2.1818278E+01  1.3199321E+00  1.3187724E+00  1.2695735E+00  7.1300078E-01  0.0000000E+00
 0.0000000E+00  8.6920448E-01  1.4232885E+00  1.4623065E+00  1.4633524E+00  2.6014770E+01  1.4739505E+00  1.4727783E+00  1.4232885E+00  8.6920448E-01  0.0000000E+00
 0.0000000E+00  1.0414775E+00  1.5930953E+00  1.6321945E+00  1.6332412E+00  3.0721491E+01  1.6440590E+00  1.6428741E+00  1.5930953E+00  1.0414775E+00  0.0000000E+00
 0.0000000E+00  1.2307558E+00  1.7799294E+00  1.8191065E+00  1.8201538E+00  3.5972573E+01  1.8311930E+00  1.8299954E+00  1.7799294E+00  1.2307558E+00  0.0000000E+00
 0.0000000E+00  1.3904334E-09  5.4549653E-01  5.8586068E-01  5.8695417E-01  3.7802481E+00  5.9749314E-01  5.9631980E-01  5.4549654E-01  1.3904330E-09  0.0000000E+00
 0.0000000E+00  6.2144840E-02  6.0508415E-01  6.4551624E-01  6.4661134E-01  5.2571525E+00  6.5738428E-01  6.5619739E-01  6.0508416E-01  6.2144840E-02  0.0000000E+00
 0.0000000E+00  1.3377677E-01  6.7418599E-01  7.1468183E-01  7.1577826E-01  6.9833301E+00  7.2678678E-01  7.2558627E-01  6.7418600E-01  1.3377677E-01  0.0000000E+00
 0.0000000E+00  2.1542966E-01  7.5333553E-01  7.9389102E-01  7.9498850E-01  8.9851464E+00  8.0623422E-01  8.0502000E-01  7.5333554E-01  2.1542966E-01  0.0000000E+00
 0.0000000E+00  3.0766458E-01  8.4309341E-01  8.8370453E-01  8.8480279E-01  1.1289424E+01  8.9628736E-01  8.9505935E-01  8.4309341E-01  3.0766458E-01  0.0000000E+00
 0.0000000E+00  4.1107220E-01  9.4404982E-01  9.8471262E-01  9.8581140E-01  1.3923274E+01  9.9753650E-01  9.9629459E-01  9.4404982E-01  4.1107220E-01  0.0000000E+00
 0.0000000E+00  5.2627065E-01  1.0568224E+00  1.0975331E+00  1.0986320E+00  1.6913925E+01  1.1105994E+00  1.1093435E+00  1.0568224E+00  5.2627065E-01  0.0000000E+00
 0.0000000E+00  6.5390967E-01  1.1820603E+00  1.2228150E+00  1.2239139E+00  2.0288574E+01  1.2361253E+00  1.2348554E+00  1.1820603E+00  6.5390967E-01  0.0000000E+00
 0.0000000E+00  7.9467445E-01  1.3204481E+00  1.3612432E+00  1.3623419E+00  2.4074250E+01  1.3747992E+00  1.3735149E+00  1.3204481E+00  7.9467445E-01  0.0000000E+00
 0.0000000E+00  9.4928141E-01  1.4727017E+00  1.5135336E+00  1.5146317E+00  2.8297665E+01  1.5273367E+00  1.5260381E+00  1.4727017E+00  9.4928141E-01  0.0000000E+00
 0.0000000E+00  1.1184805E+00  1.6395704E+00  1.6804357E+00  1.6815328E+00  3.2985085E+01  1.6944875E+00  1.6931744E+00  1.6395704E+00  1.1184805E+00  0.0000000E+00
 0.0000000E+00  1.3056223E-09  5.1718181E-01  5.5931623E-01  5.6048494E-01  3.6865170E+00  5.7290888E-01  5.7161311E-01  5.1718181E-01  1.3056232E-09  0.0000000E+00
 0.0000000E+00  5.8111145E-02  5.7287305E-01  6.1501855E-01  6.1618620E-01  5.0717665E+00  6.2887200E-01  6.2756229E-01  5.7287305E-01  5.8111145E-02  0.0000000E+00
 0.0000000E+00  1.2459860E-01  6.3696636E-01  6.7911948E-01  6.8028578E-01  6.6805572E+00  6.9323522E-01  6.9191142E-01  6.3696636E-01  1.2459860E-01  0.0000000E+00
 0.0000000E+00  1.9989227E-01  7.0989146E-01  7.5204878E-01  7.5321344E-01  8.5346026E+00  7.6642833E-01  7.6509028E-01  7.0989146E-01  1.9989227E-01  0.0000000E+00
 0.0000000E+00  2.8444354E-01  7.9209948E-01  8.3425765E-01  8.3542036E-01  1.0655717E+01  8.4890256E-01  8.4755009E-01  7.9209948E-01  2.8444354E-01  0.0000000E+00
 0.0000000E+00  3.7872693E-01  8.8406460E-01  9.2622029E-01  9.2738076E-01  1.3065675E+01  9.4113216E-01  9.3976511E-01  8.8406460E-01  3.7872693E-01  0.0000000E+00
 0.0000000E+00  4.8323792E-01  9.8628192E-01  1.0284319E+00  1.0295898E+00  1.5786063E+01  1.0436123E+00  1.0422306E+00  9.8628192E-01  4.8323792E-01  0.0000000E+00
 0.0000000E+00  5.9849600E-01  1.0992705E+00  1.1414115E+00  1.1425666E+00  1.8838163E+01  1.1568623E+00  1.1554655E+00  1.0992705E+00  5.9849600E-01  0.0000000E+00
 0.0000000E+00  7.2504732E-01  1.2235759E+00  1.2657049E+00  1.2668569E+00  2.2242839E+01  1.2814278E+00  1.2800158E+00  1.2235759E+00  7.2504732E-01  0.0000000E+00
 0.0000000E+00  8.6346079E-01  1.3597667E+00  1.4018805E+00  1.4030290E+00  2.6020420E+01  1.4178773E+00  1.4164501E+00  1.3597667E+00  8.6346079E-01  0.0000000E+00
 0.0000000E+00  1.0143295E+00  1.5084353E+00  1.5505311E+00  1.5516757E+00  3.0190603E+01  1.5668035E+00  1.5653608E+00  1.5084353E+00  1.0143295E+00  0.0000000E+00
 0.0000000E+00  1.2232995E-09  4.8955607E-01  5.3316963E-01  5.3439931E-01  3.5910716E+00  5.4893279E-01  5.4752054E-01  4.8955607E-01  1.2232993E-09  0.0000000E+00
 0.0000000E+00  5.4221039E-02  5.4152603E-01  5.8509762E-01  5.8632338E-01  4.8882197E+00  6.0114894E-01  5.9972149E-01  5.4152603E-01  5.4221039E-02  0.0000000E+00
 0.0000000E+00  1.1579882E-01  6.0087892E-01  6.4440380E-01  6.4562525E-01  6.3846998E+00  6.6074496E-01  6.5930215E-01  6.0087893E-01  1.1579882E-01  0.0000000E+00
 0.0000000E+00  1.8507482E-01  6.6795581E-01  7.1142938E-01  7.1264615E-01  8.0980924E+00  7.2806213E-01  7.2660374E-01  6.6795581E-01  1.8507482E-01  0.0000000E+00
 0.0000000E+00  2.6240726E-01  7.4311442E-01  7.8653228E-01  7.8774402E-01  1.0045814E+01  8.0345842E-01  8.0198424E-01  7.4311442E-01  2.6240726E-01  0.0000000E+00
 0.0000000E+00  3.4817206E-01  8.2673018E-01  8.7008811E-01  8.7129445E-01  1.2244998E+01  8.8730947E-01  8.8581928E-01  8.2673018E-01  3.4817206E-01  0.0000000E+00
 0.0000000E+00  4.4276091E-01  9.1919418E-01  9.6248813E-01  9.6368871E-01  1.4712384E+01  9.8000663E-01  9.7850020E-01  9.1919419E-01  4.4276091E-01  0.0000000E+00
 0.0000000E+00  5.4658323E-01  1.0209152E+00  1.0641414E+00  1.0653358E+00  1.7464222E+01  1.0819590E+00  1.0804361E+00  1.0209153E+00  5.4658323E-01  0.0000000E+00
 0.0000000E+00  6.6006796E-01  1.1323217E+00  1.1754763E+00  1.1766643E+00  2.0516185E+01  1.1935950E+00  1.1920554E+00  1.1323217E+00  6.6006796E-01  0.0000000E+00
 0.0000000E+00  7.8366007E-01  1.2538578E+00  1.2969374E+00  1.2981185E+00  2.3883282E+01  1.3153594E+00  1.3138028E+00  1.2538578E+00  7.8366007E-01  0.0000000E+00
 0.0000000E+00  9.1782136E-01  1.3859847E+00  1.4289860E+00  1.4301599E+00  2.7579794E+01  1.4477135E+00  1.4461396E+00  1.3859847E+00  9.1782136E-01  0.0000000E+00
 0.0000000E+00  1.1434520E-09  4.6361665E-01  5.0880243E-01  5.1008015E-01  3.4946467E+00  5.2696586E-01  5.2543581E-01  4.6361666E-01  1.1434517E-09  0.0000000E+00
 0.0000000E+00  5.0472738E-02  5.1204288E-01  5.5706781E-01  5.5833735E-01  4.7068456E+00  5.7554848E-01  5.7400200E-01  5.1204288E-01  5.0472738E-02  0.0000000E+00
 0.0000000E+00  1.0736994E-01  5.6691737E-01  6.1177790E-01  6.1303889E-01  6.0957332E+00  6.3057785E-01  6.2901464E-01  5.6691737E-01  1.0736994E-01  0.0000000E+00
 0.0000000E+00  1.7095833E-01  6.2850635E-01  6.7319924E-01  6.7445127E-01  7.6752308E+00  6.9232056E-01  6.9074031E-01  6.2850636E-01  1.7095833E-01  0.0000000E+00
 0.0000000E+00  2.4151747E-01  6.9708884E-01  7.4161112E-01  7.4285382E-01  9.4589088E+00  7.6105596E-01  7.5945835E-01  6.9708884E-01  2.4151747E-01  0.0000000E+00
 0.0000000E+00  3.1934023E-01  7.7295708E-01  8.1730612E-01  8.1853909E-01  1.1459895E+01  8.3707667E-01  8.3546140E-01  7.7295708E-01  3.1934023E-01  0.0000000E+00
 0.0000000E+00  4.0473092E-01  8.5641479E-01  9.0058822E-01  9.0181106E-01  1.3690792E+01  9.2068676E-01  9.1905349E-01  8.5641479E-01  4.0473092E-01  0.0000000E+00
 0.0000000E+00  4.9800662E-01  9.4777836E-01  9.9177409E-01  9.9298644E-01  1.6163604E+01  1.0122030E+00  1.0105514E+00  9.4777836E-01  4.9800662E-01  0.0000000E+00
 0.0000000E+00  5.9949816E-01  1.0473780E+00  1.0911942E+00  1.0923956E+00  1.8889678E+01  1.1119560E+00  1.1102856E+00  1.0473780E+00  5.9949816E-01  0.0000000E+00
 0.0000000E+00  7.0954713E-01  1.1555545E+00  1.1991897E+00  1.2003798E+00  2.1879642E+01  1.2202868E+00  1.2185974E+00  1.1555545E+00  7.0954713E-01  0.0000000E+00
 0.0000000E+00  8.2850615E-01  1.2726598E+00  1.3161127E+00  1.3172912E+00  2.5143365E+01  1.3375478E+00  1.3358390E+00  1.2726598E+00  8.2850615E-01  0.0000000E+00
 0.0000000E+00  1.0661748E-09  4.4006825E-01  4.8542304E-01  4.8672487E-01  3.3978419E+00  5.0623644E-01  5.0458981E-01  4.4006825E-01  1.0661747E-09  0.0000000E+00
 0.0000000E+00  4.6867936E-02  4.8512259E-01  5.3013893E-01  5.3142775E-01  4.5288125E+00  5.5130066E-01  5.4963537E-01  4.8512259E-01  4.6867936E-02  0.0000000E+00
 0.0000000E+00  9.9310065E-02  5.3576994E-01  5.8044939E-01  5.8172473E-01  5.8151639E+00  6.0196186E-01  6.0027750E-01  5.3576994E-01  9.9310065E-02  0.0000000E+00
 0.0000000E+00  1.5753060E-01  5.9221386E-01  6.3655848E-01  6.3781991E-01  7.2676310E+00  6.5842418E-01  6.5672037E-01  5.9221385E-01  1.5753060E-01  0.0000000E+00
 0.0000000E+00  2.2174335E-01  6.5466747E-01  6.9867987E-01  6.9992694E-01  8.8964782E+00  7.2090135E-01  7.1917769E-01  6.5466747E-01  2.2174335E-01  0.0000000E+00
 0.0000000E+00  2.9217182E-01  7.2335358E-01  7.6703683E-01  7.6826910E-01  1.0711432E+01  7.8961674E-01  7.8787281E-01  7.2335358E-01  2.9217182E-01  0.0000000E+00
 0.0000000E+00  3.6904752E-01  7.9850300E-01  8.4186061E-01  8.4307765E-01  1.2721623E+01  8.6480172E-01  8.6303707E-01  7.9850300E-01  3.6904752E-01  0.0000000E+00
 0.0000000E+00  4.5261071E-01  8.8035527E-01  9.2339116E-01  9.2459253E-01  1.4935543E+01  9.4669631E-01  9.4491052E-01  8.8035527E-01  4.5261071E-01  0.0000000E+00
 0.0000000E+00  5.4311090E-01  9.6915914E-01  1.0118777E+00  1.0130629E+00  1.7360995E+01  1.0355497E+00  1.0337424E+00  9.6915914E-01  5.4311090E-01  0.0000000E+00
 0.0000000E+00  6.4080422E-01  1.0651700E+00  1.1075758E+00  1.1087445E+00  2.0005066E+01  1.1316180E+00  1.1297886E+00  1.0651700E+00  6.4080422E-01  0.0000000E+00
 0.0000000E+00  7.4595341E-01  1.1686500E+00  1.2107480E+00  1.2118998E+00  2.2874104E+01  1.2351635E+00  1.2333115E+00  1.1686500E+00  7.4595341E-01  0.0000000E+00
 0.0000000E+00  9.9133344E-10  4.2083798E-01  4.6188444E-01  4.6319023E-01  3.3068413E+00  4.8560078E-01  4.8382499E-01  4.2083799E-01  9.9133334E-10  0.0000000E+00
 0.0000000E+00  4.3399872E-02  4.6260824E-01  5.0320157E-01  5.0448742E-01  4.3588967E+00  5.2729537E-01  5.2549849E-01  4.6260824E-01  4.3399872E-02  0.0000000E+00
 0.0000000E+00  9.1602304E-02  5.0918847E-01  5.4934450E-01  5.5060994E-01  5.5465023E+00  5.7381896E-01  5.7200051E-01  5.0918847E-01  9.1602304E-02  0.0000000E+00
 0.0000000E+00  1.4475963E-01  5.6073080E-01  6.0046530E-01  6.0170983E-01  6.8776345E+00  6.2532369E-01  6.2348318E-01  5.6073080E-01  1.4475963E-01  0.0000000E+00
 0.0000000E+00  2.0303112E-01  6.1739425E-01  6.5672290E-01  6.5794605E-01  8.3597358E+00  6.8196861E-01  6.8010552E-01  6.1739425E-01  2.0303112E-01  0.0000000E+00
 0.0000000E+00  2.6658283E-01  6.7934460E-01  7.1828295E-01  7.1948426E-01  9.9996691E+00  7.4391951E-01  7.4203331E-01  6.7934460E-01  2.6658283E-01  0.0000000E+00
 0.0000000E+00  3.3558607E-01  7.4675291E-01  7.8531635E-01  7.8649538E-01  1.1803686E+01  8.1134740E-01  8.0943751E-01  7.4675291E-01  3.3558607E-01  0.0000000E+00
 0.0000000E+00  4.1021779E-01  8.1979579E-01  8.5799957E-01  8.5915585E-01  1.3777399E+01  8.8442886E-01  8.8249473E-01  8.1979579E-01  4.1021779E-01  0.0000000E+00
 0.0000000E+00  4.9066062E-01  8.9865558E-01  9.3651474E-01  9.3764783E-01  1.5925753E+01  9.6334617E-01  9.6138722E-01  8.9865558E-01  4.9066062E-01  0.0000000E+00
 0.0000000E+00  5.7710076E-01  9.8351815E-01  1.0210476E+00  1.0221570E+00  1.8253020E+01  1.0482852E+00  1.0463007E+00  9.8351815E-01  5.7710076E-01  0.0000000E+00
 0.0000000E+00  6.6972773E-01  1.0745727E+00  1.1117869E+00  1.1128724E+00  2.0762788E+01  1.1394349E+00  1.1374245E+00  1.0745727E+00  6.6972773E-01  0.0000000E+00
 0.0000000E+00  9.1897412E-10  4.0555028E-01  4.3843274E-01  4.3968667E-01  3.2152480E+00  4.6515269E-01  4.6325006E-01  4.0555028E-01  9.1897444E-10  0.0000000E+00
 0.0000000E+00  4.0068896E-02  4.4394972E-01  4.7657227E-01  4.7779718E-01  4.1914499E+00  5.0370170E-01  5.0177571E-01  4.4394972E-01  4.0068896E-02  0.0000000E+00
 0.0000000E+00  8.4243217E-02  4.8645982E-01  5.1883910E-01  5.2003457E-01  5.2847192E+00  5.4638262E-01  5.4443253E-01  4.8645982E-01  8.4243217E-02  0.0000000E+00
 0.0000000E+00  1.3263262E-01  5.3319026E-01  5.6534249E-01  5.6650811E-01  6.5006819E+00  5.9330482E-01  5.9132991E-01  5.3319026E-01  1.3263262E-01  0.0000000E+00
 0.0000000E+00  1.8535155E-01  5.8425542E-01  6.1619647E-01  6.1733185E-01  7.8444119E+00  6.4458244E-01  6.4258196E-01  5.8425542E-01  1.8535155E-01  0.0000000E+00
 0.0000000E+00  2.4251887E-01  6.3977410E-01  6.7151946E-01  6.7262423E-01  9.3204059E+00  7.0033406E-01  6.9830721E-01  6.3977410E-01  2.4251887E-01  0.0000000E+00
 0.0000000E+00  3.0425665E-01  6.9986823E-01  7.3143305E-01  7.3250684E-01  1.0932572E+01  7.6068137E-01  7.5862738E-01  6.9986823E-01  3.0425665E-01  0.0000000E+00
 0.0000000E+00  3.7069012E-01  7.6466291E-01  7.9606197E-01  7.9710441E-01  1.2684215E+01  8.2574925E-01  8.2366730E-01  7.6466291E-01  3.7069012E-01  0.0000000E+00
 0.0000000E+00  4.4194756E-01  8.3428625E-01  8.6553399E-01  8.6654471E-01  1.4578030E+01  8.9566563E-01  8.9355487E-01  8.3428625E-01  4.4194756E-01  0.0000000E+00
 0.0000000E+00  5.1815860E-01  9.0886767E-01  9.3997816E-01  9.4095685E-01  1.6616108E+01  9.7055970E-01  9.6841930E-01  9.0886767E-01  5.1815860E-01  0.0000000E+00
 0.0000000E+00  5.9945377E-01  9.8853750E-01  1.0195245E+00  1.0204708E+00  1.8799937E+01  1.0505617E+00  1.0483907E+00  9.8853750E-01  5.9945377E-01  0.0000000E+00
 0.0000000E+00  8.4920754E-10  3.9012178E-01  4.1658574E-01  4.1769279E-01  3.1256215E+00  4.4629710E-01  4.4429952E-01  3.9012178E-01  8.4920670E-10  0.0000000E+00
 0.0000000E+00  3.6877539E-02  4.2523944E-01  4.5167741E-01  4.5274541E-01  4.0289225E+00  4.8184154E-01  4.7981670E-01  4.2523944E-01  3.6877539E-02  0.0000000E+00
 0.0000000E+00  7.7233097E-02  4.6384104E-01  4.9026802E-01  4.9129671E-01  5.0320883E+00  5.2089149E-01  5.1883831E-01  4.6384104E-01  7.7233097E-02  0.0000000E+00
 0.0000000E+00  1.2114161E-01  5.0600155E-01  5.3243215E-01  5.3342129E-01  6.1387775E+00  5.6352163E-01  5.6143904E-01  5.0600155E-01  1.2114161E-01  0.0000000E+00
 0.0000000E+00  1.6868109E-01  5.5179897E-01  5.7824738E-01  5.7919674E-01  7.3521170E+00  6.0980968E-01  6.0769656E-01  5.5179897E-01  1.6868109E-01  0.0000000E+00
 0.0000000E+00  2.1993215E-01  6.0131389E-01  6.2779389E-01  6.2870323E-01  8.6746918E+00  6.5983594E-01  6.5769116E-01  6.0131389E-01  2.1993215E-01  0.0000000E+00
 0.0000000E+00  2.7497700E-01  6.5462844E-01  6.8115334E-01  6.8202247E-01  1.0108550E+01  7.1368223E-01  7.1150465E-01  6.5462844E-01  2.7497700E-01  0.0000000E+00
 0.0000000E+00  3.3389925E-01  7.1182614E-01  7.3840882E-01  7.3923752E-01  1.1655203E+01  7.7143176E-01  7.6922023E-01  7.1182614E-01  3.3389925E-01  0.0000000E+00
 0.0000000E+00  3.9678360E-01  7.7299156E-01  7.9964445E-01  8.0043255E-01  1.3315625E+01  8.3316884E-01  8.3092217E-01  7.7299156E-01  3.9678360E-01  0.0000000E+00
 0.0000000E+00  4.6371454E-01  8.3820907E-01  8.6494415E-01  8.6569144E-01  1.5090276E+01  8.9897749E-01  8.9669449E-01  8.3820907E-01  4.6371454E-01  0.0000000E+00
 0.0000000E+00  5.3477593E-01  9.0756231E-01  9.3439113E-01  9.3509746E-01  1.6979111E+01  9.6894113E-01  9.6662058E-01  9.0756231E-01  5.3477593E-01  0.0000000E+00
 0.0000000E+00  7.8209647E-10  3.7347356E-01  3.9606758E-01  3.9688796E-01  3.0411422E+00  4.2869559E-01  4.2666352E-01  3.7347356E-01  7.8209558E-10  0.0000000E+00
 0.0000000E+00  3.3826582E-02  4.0542175E-01  4.2831346E-01  4.2908564E-01  3.8740114E+00  4.6145874E-01  4.5939088E-01  4.0542175E-01  3.3826582E-02  0.0000000E+00
 0.0000000E+00  7.0568949E-02  4.4029566E-01  4.6349088E-01  4.6421479E-01  4.7908247E+00  4.9716236E-01  4.9505729E-01  4.4029566E-01  7.0568949E-02  0.0000000E+00
 0.0000000E+00  1.1027414E-01  4.7814238E-01  5.0164648E-01  5.0232210E-01  5.7936321E+00  5.3585325E-01  5.3370947E-01  4.7814238E-01  1.1027414E-01  0.0000000E+00
 0.0000000E+00  1.5299092E-01  5.1901068E-01  5.4282860E-01  5.4345593E-01  6.8839979E+00  5.7757987E-01  5.7539591E-01  5.1901068E-01  1.5299092E-01  0.0000000E+00
 0.0000000E+00  1.9876930E-01  5.6295054E-01  5.8708683E-01  5.8766585E-01  8.0630039E+00  6.2239193E-01  6.2016628E-01  5.6295054E-01  1.9876930E-01  0.0000000E+00
 0.0000000E+00  2.4765974E-01  6.1001227E-01  6.3447112E-01  6.3500185E-01  9.3312663E+00  6.7033952E-01  6.6807067E-01  6.1001227E-01  2.4765974E-01  0.0000000E+00
 0.0000000E+00  2.9971282E-01  6.6024633E-01  6.8503158E-01  6.8551404E-01  1.0688945E+01  7.2147290E-01  7.1915929E-01  6.6024633E-01  2.9971282E-01  0.0000000E+00
 0.0000000E+00  3.5497893E-01  7.1370289E-01  7.3881805E-01  7.3925229E-01  1.2135753E+01  7.7584205E-01  7.7348212E-01  7.1370289E-01  3.5497893E-01  0.0000000E+00
 0.0000000E+00  4.1350723E-01  7.7043090E-01  7.9587918E-01  7.9626523E-01  1.3670984E+01  8.3349576E-01  8.3108794E-01  7.7043090E-01  4.1350723E-01  0.0000000E+00
 0.0000000E+00  4.7534529E-01  8.3047765E-01  8.5626197E-01  8.5659990E-01  1.5293533E+01  8.9448119E-01  8.9202389E-01  8.3047765E-01  4.7534529E-01  0.0000000E+00
 0.0000000E+00  7.1775340E-10  3.5449821E-01  3.7890972E-01  3.7927872E-01  2.9633816E+00  4.1437141E-01  4.1235877E-01  3.5449821E-01  7.1775353E-10  0.0000000E+00
 0.0000000E+00  3.0918115E-02  3.8350458E-01  4.0837670E-01  4.0869265E-01  3.7285353E+00  4.4445026E-01  4.4238500E-01  3.8350458E-01  3.0918115E-02  0.0000000E+00
 0.0000000E+00  6.4249384E-02  4.1493623E-01  4.4026857E-01  4.4053174E-01  4.5628677E+00  4.7696640E-01  4.7484656E-01  4.1493623E-01  6.4249384E-02  0.0000000E+00
 0.0000000E+00  1.0001887E-01  4.4881812E-01  4.7461001E-01  4.7482065E-01  5.4671570E+00  5.1194452E-01  5.0976818E-01  4.4881812E-01  1.0001887E-01  0.0000000E+00
 0.0000000E+00  1.3825236E-01  4.8517589E-01  5.1142637E-01  5.1158473E-01  6.4417627E+00  5.4941002E-01  5.4717526E-01  4.8517589E-01  1.3825236E-01  0.0000000E+00
 0.0000000E+00  1.7897594E-01  5.2403543E-01  5.5074326E-01  5.5084961E-01  7.4866382E+00  5.8938858E-01  5.8709349E-01  5.2403543E-01  1.7897594E-01  0.0000000E+00
 0.0000000E+00  2.2221533E-01  5.6542225E-01  5.9258596E-01  5.9264052E-01  8.6013548E+00  6.3190552E-01  6.2954820E-01  5.6542226E-01  2.2221533E-01  0.0000000E+00
 0.0000000E+00  2.6799560E-01  6.0936118E-01  6.3697904E-01  6.3698204E-01  9.7851166E+00  6.7698546E-01  6.7456403E-01  6.0936118E-01  2.6799560E-01  0.0000000E+00
 0.0000000E+00  3.1634076E-01  6.5587594E-01  6.8394602E-01  6.8389768E-01  1.1036776E+01  7.2465199E-01  7.2216458E-01  6.5587594E-01  3.1634076E-01  0.0000000E+00
 0.0000000E+00  3.6727311E-01  7.0498853E-01  7.3350867E-01  7.3340921E-01  1.2354866E+01  7.7492695E-01  7.7237170E-01  7.0498853E-01  3.6727311E-01  0.0000000E+00
 0.0000000E+00  4.2081283E-01  7.5671884E-01  7.8568667E-01  7.8553629E-01  1.3737616E+01  8.2783010E-01  8.2520515E-01  7.5671884E-01  4.2081283E-01  0.0000000E+00
 0.0000000E+00  6.5598330E-10  3.3459187E-01  3.6414823E-01  3.6402326E-01  2.9028008E+00  4.0238958E-01  4.0027995E-01  3.3459187E-01  6.5598264E-10  0.0000000E+00
 0.0000000E+00  2.8142149E-02  3.6080553E-01  3.9092006E-01  3.9074111E-01  3.6012755E+00  4.2992633E-01  4.2773876E-01  3.6080553E-01  2.8142149E-02  0.0000000E+00
 0.0000000E+00  5.8250095E-02  3.8900149E-01  4.1966355E-01  4.1943075E-01  4.3553997E+00  4.5945033E-01  4.5718292E-01  3.8900149E-01  5.8250095E-02  0.0000000E+00
 0.0000000E+00  9.0332101E-02  4.1918760E-01  4.5038684E-01  4.5010030E-01  5.1649977E+00  4.9096965E-01  4.8862053E-01  4.1918760E-01  9.0332101E-02  0.0000000E+00
 0.0000000E+00  1.2439645E-01  4.5137175E-01  4.8309803E-01  4.8275789E-01  6.0295517E+00  5.2449235E-01  5.2205965E-01  4.5137175E-01  1.2439645E-01  0.0000000E+00
 0.0000000E+00  1.6045107E-01  4.8556138E-01  5.1780483E-01  5.1741123E-01  6.9482206E+00  5.6002608E-01  5.5750794E-01  4.8556138E-01  1.6045107E-01  0.0000000E+00
 0.0000000E+00  1.9850305E-01  5.2176311E-01  5.5451408E-01  5.5406718E-01  7.9198675E+00  5.9757767E-01  5.9497219E-01  5.2176311E-01  1.9850305E-01  0.0000000E+00
 0.0000000E+00  2.3855837E-01  5.5998240E-01  5.9323150E-01  5.9273145E-01  8.9430783E+00  6.3715275E-01  6.3445809E-01  5.5998241E-01  2.3855837E-01  0.0000000E+00
 0.0000000E+00  2.8062152E-01  6.0022322E-01  6.3396125E-01  6.3340822E-01  1.0016179E+01  6.7875549E-01  6.7596977E-01  6.0022322E-01  2.8062152E-01  0.0000000E+00
 0.0000000E+00  3.2469506E-01  6.4248760E-01  6.7670562E-01  6.7609976E-01  1.1137268E+01  7.2238810E-01  7.1950946E-01  6.4248760E-01  3.2469506E-01  0.0000000E+00
 0.0000000E+00  3.7077937E-01  6.8677535E-01  7.2146461E-01  7.2080610E-01  1.2304236E+01  7.6805058E-01  7.6507717E-01  6.8677535E-01  3.7077937E-01  0.0000000E+00
 0.0000000E+00  5.9649136E-10  3.1390107E-01  3.5107591E-01  3.5045429E-01  2.8544892E+00  3.9258708E-01  3.9017893E-01  3.1390107E-01  5.9649173E-10  0.0000000E+00
 0.0000000E+00  2.5485337E-02  3.3758174E-01  3.7518371E-01  3.7450461E-01  3.4868835E+00  4.1769755E-01  4.1518445E-01  3.3758175E-01  2.5485337E-02  0.0000000E+00
 0.0000000E+00  5.2541420E-02  3.6284365E-01  4.0086678E-01  4.0013044E-01  4.1627078E+00  4.4440035E-01  4.4178026E-01  3.6284366E-01  5.2541420E-02  0.0000000E+00
 0.0000000E+00  8.1164072E-02  3.8968243E-01  4.2812072E-01  4.2732738E-01  4.8811146E+00  4.7269084E-01  4.6996173E-01  3.8968243E-01  8.1164072E-02  0.0000000E+00
 0.0000000E+00  1.1134868E-01  4.1809323E-01  4.5694061E-01  4.5609054E-01  5.6409936E+00  5.0256391E-01  4.9972377E-01  4.1809324E-01  1.1134868E-01  0.0000000E+00
 0.0000000E+00  1.4308990E-01  4.4807044E-01  4.8732083E-01  4.8641426E-01  6.4409937E+00  5.3401371E-01  5.3106054E-01  4.4807045E-01  1.4308990E-01  0.0000000E+00
 0.0000000E+00  1.7638132E-01  4.7960737E-01  5.1925466E-01  5.1829187E-01  7.2795510E+00  5.6703334E-01  5.6396518E-01  4.7960737E-01  1.7638132E-01  0.0000000E+00
 0.0000000E+00  2.1121523E-01  5.1269598E-01  5.5273408E-01  5.5171530E-01  8.1549089E+00  6.0161460E-01  5.9842949E-01  5.1269598E-01  2.1121523E-01  0.0000000E+00
 0.0000000E+00  2.4758232E-01  5.4732663E-01  5.8774943E-01  5.8667492E-01  9.0651362E+00  6.3774768E-01  6.3444369E-01  5.4732663E-01  2.4758232E-01  0.0000000E+00
 0.0000000E+00  2.8547144E-01  5.8348781E-01  6.2428922E-01  6.2315922E-01  1.0008157E+01  6.7542092E-01  6.7199614E-01  5.8348781E-01  2.8547144E-01  0.0000000E+00
 0.0000000E+00  3.2486935E-01  6.2116591E-01  6.6233986E-01  6.6115463E-01  1.0981767E+01  7.1462064E-01  7.1107313E-01  6.2116592E-01  3.2486935E-01  0.0000000E+00
 0.0000000E+00  5.3910619E-10  2.9564992E-01  3.3862468E-01  3.3749707E-01  2.8123423E+00  3.8531279E-01  3.8236734E-01  2.9564992E-01  5.3910584E-10  0.0000000E+00
 0.0000000E+00  2.2939008E-02  3.1680486E-01  3.6013814E-01  3.5894920E-01  3.3793933E+00  4.0811092E-01  4.0502964E-01  3.1680486E-01  2.2939008E-02  0.0000000E+00
 0.0000000E+00  4.7102653E-02  3.3919226E-01  3.8287907E-01  3.8162897E-01  3.9789643E+00  4.3215355E-01  4.2893446E-01  3.3919226E-01  4.7102653E-02  0.0000000E+00
 0.0000000E+00  7.2478001E-02  3.6279911E-01  4.0683431E-01  4.0552326E-01  4.6097790E+00  4.5742724E-01  4.5406839E-01  3.6279911E-01  7.2478001E-02  0.0000000E+00
 0.0000000E+00  9.9051450E-02  3.8761167E-01  4.3199006E-01  4.3061826E-01  5.2703782E+00  4.8391785E-01  4.8041732E-01  3.8761167E-01  9.9051450E-02  0.0000000E+00
 0.0000000E+00  1.2680850E-01  4.1361528E-01  4.5833156E-01  4.5689926E-01  5.9591412E+00  5.1161039E-01  5.0796624E-01  4.1361528E-01  1.2680850E-01  0.0000000E+00
 0.0000000E+00  1.5573359E-01  4.4079421E-01  4.8584301E-01  4.8435047E-01  6.6743127E+00  5.4048878E-01  5.3669910E-01  4.4079421E-01  1.5573359E-01  0.0000000E+00
 0.0000000E+00  1.8580989E-01  4.6913140E-01  5.1450731E-01  5.1295481E-01  7.4140204E+00  5.7053569E-01  5.6659857E-01  4.6913140E-01  1.8580989E-01  0.0000000E+00
 0.0000000E+00  2.1701906E-01  4.9860828E-01  5.4430584E-01  5.4269369E-01  8.1762926E+00  6.0173225E-01  5.9764580E-01  4.9860828E-01  2.1701906E-01  0.0000000E+00
 0.0000000E+00  2.4934118E-01  5.2920467E-01  5.7521841E-01  5.7354689E-01  8.9590825E+00  6.3405804E-01  6.2982038E-01  5.2920467E-01  2.4934118E-01  0.0000000E+00
 0.0000000E+00  2.8275458E-01  5.6089864E-01  6.0722304E-01  6.0549250E-01  9.7602846E+00  6.6749090E-01  6.6310013E-01  5.6089864E-01  2.8275458E-01  0.0000000E+00
 0.0000000E+00  4.8362420E-10  2.7821252E-01  3.2578769E-01  3.2408979E-01  2.7730744E+00  3.7986247E-01  3.7615988E-01  2.7821253E-01  4.8362475E-10  0.0000000E+00
 0.0000000E+00  2.0493771E-02  2.9688500E-01  3.4478260E-01  3.4301624E-01  3.2748820E+00  4.0047522E-01  3.9660287E-01  2.9688500E-01  2.0493771E-02  0.0000000E+00
 0.0000000E+00  4.1912566E-02  3.1648920E-01  3.6470524E-01  3.6287101E-01  3.7997140E+00  4.2203184E-01  4.1798749E-01  3.1648920E-01  4.1912566E-02  0.0000000E+00
 0.0000000E+00  6.4237740E-02  3.3700651E-01  3.8553673E-01  3.8363527E-01  4.3460798E+00  4.4451297E-01  4.4029444E-01  3.3700652E-01  6.4237740E-02  0.0000000E+00
 0.0000000E+00  8.7449925E-02  3.5841758E-01  4.0725750E-01  4.0528942E-01  4.9123759E+00  4.6789857E-01  4.6350372E-01  3.5841758E-01  8.7449925E-02  0.0000000E+00
 0.0000000E+00  1.1152887E-01  3.8070211E-01  4.2984705E-01  4.2781297E-01  5.4969064E+00  4.9216769E-01  4.8759445E-01  3.8070212E-01  1.1152887E-01  0.0000000E+00
 0.0000000E+00  1.3645343E-01  4.0383889E-01  4.5328392E-01  4.5118449E-01  6.0979064E+00  5.1729849E-01  5.1254481E-01  4.0383889E-01  1.3645343E-01  0.0000000E+00
 0.0000000E+00  1.6220134E-01  4.2780556E-01  4.7754560E-01  4.7538145E-01  6.7135577E+00  5.4326805E-01  5.3833194E-01  4.2780557E-01  1.6220134E-01  0.0000000E+00
 0.0000000E+00  1.8874913E-01  4.5257851E-01  5.0260827E-01  5.0038005E-01  7.3420032E+00  5.7005219E-01  5.6493169E-01  4.5257852E-01  1.8874913E-01  0.0000000E+00
 0.0000000E+00  2.1607208E-01  4.7813289E-01  5.2844693E-01  5.2615527E-01  7.9813672E+00  5.9762555E-01  5.9231874E-01  4.7813290E-01  2.1607208E-01  0.0000000E+00
 0.0000000E+00  2.4414418E-01  5.0444251E-01  5.5503521E-01  5.5268078E-01  8.6297676E+00  6.2596144E-01  6.2046644E-01  5.0444251E-01  2.4414418E-01  0.0000000E+00
 0.0000000E+00  4.3014114E-10  2.6035685E-01  3.1242898E-01  3.1004531E-01  2.7224631E+00  3.7683295E-01  3.7209199E-01  2.6035685E-01  4.3014132E-10  0.0000000E+00
 0.0000000E+00  1.8152035E-02  2.7661797E-01  3.2904096E-01  3.2658677E-01  3.1606020E+00  3.9544002E-01  3.9048511E-01  2.7661798E-01  1.8152035E-02  0.0000000E+00
 0.0000000E+00  3.6972526E-02  2.9355598E-01  3.4631887E-01  3.4379497E-01  3.6136148E+00  4.1472715E-01  4.0955633E-01  2.9355599E-01  3.6972526E-02  0.0000000E+00
 0.0000000E+00  5.6439571E-02  3.1114907E-01  3.6424101E-01  3.6164817E-01  4.0799605E+00  4.3467190E-01  4.2928329E-01  3.1114907E-01  5.6439571E-02  0.0000000E+00
 0.0000000E+00  7.6530660E-02  3.2937474E-01  3.8278495E-01  3.8012398E-01  4.5580489E+00  4.5525118E-01  4.4964298E-01  3.2937474E-01  7.6530660E-02  0.0000000E+00
 0.0000000E+00  9.7222588E-02  3.4820979E-01  4.0192754E-01  3.9919926E-01  5.0462577E+00  4.7644119E-01  4.7061164E-01  3.4820979E-01  9.7222588E-02  0.0000000E+00
 0.0000000E+00  1.1849149E-01  3.6763028E-01  4.2164495E-01  4.1885017E-01  5.5429512E+00  4.9821747E-01  4.9216487E-01  3.6763028E-01  1.1849149E-01  0.0000000E+00
 0.0000000E+00  1.4031275E-01  3.8761147E-01  4.4191249E-01  4.3905202E-01  6.0464917E+00  5.2055474E-01  5.1427748E-01  3.8761147E-01  1.4031275E-01  0.0000000E+00
 0.0000000E+00  1.6266083E-01  4.0812769E-01  4.6270457E-01  4.5977926E-01  6.5552505E+00  5.4342687E-01  5.3692336E-01  4.0812769E-01  1.6266083E-01  0.0000000E+00
 0.0000000E+00  1.8550945E-01  4.2915250E-01  4.8399481E-01  4.8100547E-01  7.0676228E+00  5.6680691E-01  5.6007564E-01  4.2915250E-01  1.8550945E-01  0.0000000E+00
 0.0000000E+00  2.0883149E-01  4.5065855E-01  5.0575593E-01  5.0270342E-01  7.5820352E+00  5.9066711E-01  5.8370658E-01  4.5065855E-01  2.0883149E-01  0.0000000E+00
 0.0000000E+00  3.7879877E-10  2.4147277E-01  2.9968134E-01  2.9656385E-01  2.6631152E+00  3.7797214E-01  3.7175034E-01  2.4147277E-01  3.7879895E-10  0.0000000E+00
 0.0000000E+00  1.5917528E-02  2.5546831E-01  3.1391556E-01  3.1072537E-01  3.0391384E+00  3.9464818E-01  3.8816612E-01  2.5546831E-01  1.5917528E-02  0.0000000E+00
 0.0000000E+00  3.2285560E-02  2.6992226E-01  3.2859690E-01  3.2533516E-01  3.4231680E+00  4.1177949E-01  4.0503555E-01  2.6992226E-01  3.2285560E-02  0.0000000E+00
 0.0000000E+00  4.9081158E-02  2.8481186E-01  3.4370263E-01  3.4037047E-01  3.8137635E+00  4.2934234E-01  4.2233502E-01  2.8481186E-01  4.9081158E-02  0.0000000E+00
 0.0000000E+00  6.6280995E-02  3.0011389E-01  3.5920955E-01  3.5580813E-01  4.2094851E+00  4.4731265E-01  4.4004052E-01  3.0011389E-01  6.6280995E-02  0.0000000E+00
 0.0000000E+00  8.3861324E-02  3.1580468E-01  3.7509405E-01  3.7162449E-01  4.6089059E+00  4.6566591E-01  4.5812765E-01  3.1580468E-01  8.3861324E-02  0.0000000E+00
 0.0000000E+00  1.0179806E-01  3.3186018E-01  3.9133211E-01  3.8779556E-01  5.0106256E+00  4.8437730E-01  4.7657167E-01  3.3186018E-01  1.0179806E-01  0.0000000E+00
 0.0000000E+00  1.2006670E-01  3.4825588E-01  4.0789927E-01  4.0429690E-01  5.4132786E+00  5.0342160E-01  4.9534743E-01  3.4825588E-01  1.2006670E-01  0.0000000E+00
 0.0000000E+00  1.3864229E-01  3.6496675E-01  4.2477059E-01  4.2110353E-01  5.8155406E+00  5.2277311E-01  5.1442932E-01  3.6496675E-01  1.3864229E-01  0.0000000E+00
 0.0000000E+00  1.5749950E-01  3.8196741E-01  4.4192075E-01  4.3819013E-01  6.2161383E+00  5.4240582E-01  5.3379139E-01  3.8196741E-01  1.5749950E-01  0.0000000E+00
 0.0000000E+00  1.7661264E-01  3.9923206E-01  4.5932403E-01  4.5553101E-01  6.6138534E+00  5.6229335E-01  5.5340733E-01  3.9923206E-01  1.7661264E-01  0.0000000E+00
 0.0000000E+00  3.2957035E-10  2.2236380E-01  2.8581069E-01  2.8189101E-01  2.5952393E+00  3.8298904E-01  3.7481908E-01  2.2236380E-01  3.2957020E-10  0.0000000E+00
 0.0000000E+00  1.3787405E-02  2.3415186E-01  2.9768731E-01  2.9369604E-01  2.9107442E+00  3.9777084E-01  3.8928817E-01  2.3415186E-01  1.3787405E-02  0.0000000E+00
 0.0000000E+00  2.7842325E-02  2.4621985E-01  3.0983425E-01  3.0577259E-01  3.2286520E+00  4.1282184E-01  4.0402586E-01  2.4621985E-01  2.7842325E-02  0.0000000E+00
 0.0000000E+00  4.2142798E-02  2.5854568E-01  3.2222938E-01  3.1809857E-01  3.5477368E+00  4.2811881E-01  4.1900896E-01  2.5854568E-01  4.2142798E-02  0.0000000E+00
 0.0000000E+00  5.6666748E-02  2.7110713E-01  3.3485047E-01  3.3065177E-01  3.8668090E+00  4.4363840E-01  4.3421425E-01  2.7110713E-01  5.6666748E-02  0.0000000E+00
 0.0000000E+00  7.1391985E-02  2.8388183E-01  3.4767510E-01  3.4340986E-01  4.1847231E+00  4.5935721E-01  4.4961839E-01  2.8388183E-01  7.1391985E-02  0.0000000E+00
 0.0000000E+00  8.6296304E-02  2.9684739E-01  3.6068088E-01  3.5635043E-01  4.5003859E+00  4.7525185E-01  4.6519806E-01  2.9684739E-01  8.6296304E-02  0.0000000E+00
 0.0000000E+00  1.0135744E-01  3.0998133E-01  3.7384533E-01  3.6945103E-01  4.8127608E+00  4.9129891E-01  4.8092994E-01  3.0998133E-01  1.0135744E-01  0.0000000E+00
 0.0000000E+00  1.1655305E-01  3.2326108E-01  3.8714585E-01  3.8268911E-01  5.1208702E+00  5.0747492E-01  4.9679062E-01  3.2326108E-01  1.1655305E-01  0.0000000E+00
 0.0000000E+00  1.3186080E-01  3.3666407E-01  4.0055990E-01  3.9604213E-01  5.4238006E+00  5.2375646E-01  5.1275677E-01  3.3666407E-01  1.3186080E-01  0.0000000E+00
 0.0000000E+00  1.4725840E-01  3.5016778E-01  4.1406492E-01  4.0948756E-01  5.7207037E+00  5.4012018E-01  5.2880510E-01  3.5016778E-01  1.4725840E-01  0.0000000E+00
 0.0000000E+00  2.8210989E-10  2.0235755E-01  2.6920522E-01  2.6437426E-01  2.5207277E+00  3.9076170E-01  3.8010001E-01  2.0235755E-01  2.8210935E-10  0.0000000E+00
 0.0000000E+00  1.1746684E-02  2.1206825E-01  2.7891412E-01  2.7401181E-01  2.7762777E+00  4.0387759E-01  3.9285063E-01  2.1206825E-01  1.1746684E-02  0.0000000E+00
 0.0000000E+00  2.3611520E-02  2.2190889E-01  2.8874158E-01  2.8376998E-01  3.0300138E+00  4.1709696E-01  4.0570478E-01  2.2190889E-01  2.3611520E-02  0.0000000E+00
 0.0000000E+00  3.5575278E-02  2.3186045E-01  2.9866851E-01  2.9362966E-01  3.2810000E+00  4.3039917E-01  4.1864201E-01  2.3186045E-01  3.5575278E-02  0.0000000E+00
 0.0000000E+00  4.7618869E-02  2.4190399E-01  3.0867591E-01  3.0357189E-01  3.5283567E+00  4.4376379E-01  4.3164203E-01  2.4190399E-01  4.7618869E-02  0.0000000E+00
 0.0000000E+00  5.9723367E-02  2.5202068E-01  3.1874490E-01  3.1357779E-01  3.7712641E+00  4.5717058E-01  4.4468474E-01  2.5202068E-01  5.9723367E-02  0.0000000E+00
 0.0000000E+00  7.1870098E-02  2.6219191E-01  3.2885686E-01  3.2362872E-01  4.0089658E+00  4.7059964E-01  4.5775037E-01  2.6219191E-01  7.1870098E-02  0.0000000E+00
 0.0000000E+00  8.4040624E-02  2.7239926E-01  3.3899334E-01  3.3370626E-01  4.2407690E+00  4.8403133E-01  4.7081940E-01  2.7239926E-01  8.4040624E-02  0.0000000E+00
 0.0000000E+00  9.6216704E-02  2.8262446E-01  3.4913608E-01  3.4379214E-01  4.4660450E+00  4.9744625E-01  4.8387257E-01  2.8262447E-01  9.6216704E-02  0.0000000E+00
 0.0000000E+00  1.0838042E-01  2.9284957E-01  3.5926713E-01  3.5386840E-01  4.6842291E+00  5.1082538E-01  4.9689097E-01  2.9284957E-01  1.0838042E-01  0.0000000E+00
 0.0000000E+00  1.2051417E-01  3.0305690E-01  3.6936883E-01  3.6391738E-01  4.8948198E+00  5.2415003E-01  5.0985603E-01  3.0305690E-01  1.2051417E-01  0.0000000E+00
 0.0000000E+00  2.3611531E-10  1.8140977E-01  2.5190792E-01  2.4600776E-01  2.4223160E+00  4.0586347E-01  3.9200873E-01  1.8140976E-01  2.3611575E-10  0.0000000E+00
 0.0000000E+00  9.7835213E-03  1.8908330E-01  2.5945207E-01  2.5349160E-01  2.6190368E+00  4.1728942E-01  4.0300971E-01  1.8908329E-01  9.7835213E-03  0.0000000E+00
 0.0000000E+00  1.9570312E-02  1.9677639E-01  2.6699979E-01  2.6098182E-01  2.8112112E+00  4.2868037E-01  4.1397768E-01  1.9677638E-01  1.9570312E-02  0.0000000E+00
 0.0000000E+00  2.9345062E-02  2.0447401E-01  2.7453623E-01  2.6846353E-01  2.9982187E+00  4.4001972E-01  4.2489627E-01  2.0447400E-01  2.9345062E-02  0.0000000E+00
 0.0000000E+00  3.9092807E-02  2.1216140E-01  2.8204680E-01  2.7592214E-01  3.1794999E+00  4.5129131E-01  4.3574948E-01  2.1216139E-01  3.9092807E-02  0.0000000E+00
 0.0000000E+00  4.8798946E-02  2.1982410E-01  2.8951725E-01  2.8334334E-01  3.3545564E+00  4.6247941E-01  4.4652176E-01  2.1982409E-01  4.8798946E-02  0.0000000E+00
 0.0000000E+00  5.8449315E-02  2.2744804E-01  2.9693372E-01  2.9071326E-01  3.5229511E+00  4.7356884E-01  4.5719807E-01  2.2744804E-01  5.8449315E-02  0.0000000E+00
 0.0000000E+00  6.8030172E-02  2.3501954E-01  3.0428272E-01  2.9801838E-01  3.6843060E+00  4.8454485E-01  4.6776384E-01  2.3501954E-01  6.8030172E-02  0.0000000E+00
 0.0000000E+00  7.7528170E-02  2.4252525E-01  3.1155112E-01  3.0524554E-01  3.8383003E+00  4.9539321E-01  4.7820493E-01  2.4252524E-01  7.7528170E-02  0.0000000E+00
 0.0000000E+00  8.6930448E-02  2.4995227E-01  3.1872627E-01  3.1238203E-01  3.9846687E+00  5.0610017E-01  4.8850775E-01  2.4995227E-01  8.6930448E-02  0.0000000E+00
 0.0000000E+00  9.6224612E-02  2.5728815E-01  3.2579591E-01  3.1941560E-01  4.1231983E+00  5.1665253E-01  4.9865922E-01  2.5728814E-01  9.6224612E-02  0.0000000E+00
 0.0000000E+00  1.9194217E-10  1.5793599E-01  2.3249898E-01  2.2546955E-01  2.2768162E+00  4.2894857E-01  4.1094342E-01  1.5793599E-01  1.9194194E-10  0.0000000E+00
 0.0000000E+00  7.9122135E-03  1.6372240E-01  2.3788672E-01  2.3081942E-01  2.4187643E+00  4.3851187E-01  4.2003664E-01  1.6372240E-01  7.9122135E-03  0.0000000E+00
 0.0000000E+00  1.5746127E-02  1.6945598E-01  2.4320328E-01  2.3610134E-01  2.5547845E+00  4.4793455E-01  4.2899352E-01  1.6945598E-01  1.5746127E-02  0.0000000E+00
 0.0000000E+00  2.3490943E-02  1.7512577E-01  2.4843841E-01  2.4130507E-01  2.6845350E+00  4.5720474E-01  4.3780238E-01  1.7512577E-01  2.3490943E-02  0.0000000E+00
 0.0000000E+00  3.1136350E-02  1.8072127E-01  2.5358229E-01  2.4642071E-01  2.8077322E+00  4.6631116E-01  4.4645210E-01  1.8072127E-01  3.1136350E-02  0.0000000E+00
 0.0000000E+00  3.8672526E-02  1.8623242E-01  2.5862549E-01  2.5143885E-01  2.9241486E+00  4.7524307E-01  4.5493214E-01  1.8623242E-01  3.8672526E-02  0.0000000E+00
 0.0000000E+00  4.6090184E-02  1.9164965E-01  2.6355909E-01  2.5635050E-01  3.0336101E+00  4.8399039E-01  4.6323257E-01  1.9164965E-01  4.6090184E-02  0.0000000E+00
 0.0000000E+00  5.3380554E-02  1.9696387E-01  2.6837460E-01  2.6114716E-01  3.1359933E+00  4.9254360E-01  4.7134404E-01  1.9696387E-01  5.3380554E-02  0.0000000E+00
 0.0000000E+00  6.0535350E-02  2.0216646E-01  2.7306400E-01  2.6582073E-01  3.2312211E+00  5.0089377E-01  4.7925773E-01  2.0216646E-01  6.0535350E-02  0.0000000E+00
 0.0000000E+00  6.7546823E-02  2.0724930E-01  2.7761973E-01  2.7036363E-01  3.3192600E+00  5.0903251E-01  4.8696544E-01  2.0724930E-01  6.7546823E-02  0.0000000E+00
 0.0000000E+00  7.4407740E-02  2.1220477E-01  2.8203473E-01  2.7476876E-01  3.4001161E+00  5.1695205E-01  4.9445950E-01  2.1220477E-01  7.4407740E-02  0.0000000E+00
 0.0000000E+00  1.5007323E-10  1.3246850E-01  2.0885046E-01  2.0067495E-01  2.0892398E+00  4.5839137E-01  4.3539701E-01  1.3246850E-01  1.5007317E-10  0.0000000E+00
 0.0000000E+00  6.1509985E-03  1.3667429E-01  2.1222935E-01  2.0405441E-01  2.1820592E+00  4.6593350E-01  4.4242683E-01  1.3667429E-01  6.1509985E-03  0.0000000E+00
 0.0000000E+00  1.2171958E-02  1.4077552E-01  2.1549453E-01  2.0732375E-01  2.2684411E+00  4.7325282E-01  4.4924152E-01  1.4077552E-01  1.2171958E-02  0.0000000E+00
 0.0000000E+00  1.8057187E-02  1.4476640E-01  2.1864077E-01  2.1047770E-01  2.3483272E+00  4.8034310E-01  4.5583514E-01  1.4476640E-01  1.8057187E-02  0.0000000E+00
 0.0000000E+00  2.3801466E-02  1.4864153E-01  2.2166328E-01  2.1351137E-01  2.4217039E+00  4.8719874E-01  4.6220231E-01  1.4864153E-01  2.3801466E-02  0.0000000E+00
 0.0000000E+00  2.9400040E-02  1.5239595E-01  2.2455768E-01  2.1642029E-01  2.4885986E+00  4.9381472E-01  4.6833821E-01  1.5239595E-01  2.9400040E-02  0.0000000E+00
 0.0000000E+00  3.4848633E-02  1.5602510E-01  2.2732000E-01  2.1920040E-01  2.5490745E+00  5.0018662E-01  4.7423859E-01  1.5602510E-01  3.4848633E-02  0.0000000E+00
 0.0000000E+00  4.0143430E-02  1.5952485E-01  2.2994670E-01  2.2184808E-01  2.6032270E+00  5.0631056E-01  4.7989972E-01  1.5952485E-01  4.0143430E-02  0.0000000E+00
 0.0000000E+00  4.5281044E-02  1.6289146E-01  2.3243458E-01  2.2436009E-01  2.6511804E+00  5.1218315E-01  4.8531839E-01  1.6289146E-01  4.5281044E-02  0.0000000E+00
 0.0000000E+00  5.0258538E-02  1.6612162E-01  2.3478090E-01  2.2673356E-01  2.6930829E+00  5.1780154E-01  4.9049185E-01  1.6612162E-01  5.0258538E-02  0.0000000E+00
 0.0000000E+00  5.5073398E-02  1.6921241E-01  2.3698328E-01  2.2896606E-01  2.7291037E+00  5.2316336E-01  4.9541784E-01  1.6921241E-01  5.5073398E-02  0.0000000E+00
 0.0000000E+00  1.1039958E-10  1.0864495E-01  1.8095686E-01  1.7177496E-01  1.8655698E+00  4.9411626E-01  4.6505367E-01  1.0864495E-01  1.1040400E-10  0.0000000E+00
 0.0000000E+00  4.4977540E-03  1.1142970E-01  1.8247136E-01  1.7334247E-01  1.9119568E+00  4.9927685E-01  4.6968425E-01  1.1142970E-01  4.4977540E-03  0.0000000E+00
 0.0000000E+00  8.8470051E-03  1.1408836E-01  1.8386662E-01  1.7479515E-01  1.9527804E+00  5.0416502E-01  4.7405310E-01  1.1408836E-01  8.8470051E-03  0.0000000E+00
 0.0000000E+00  1.3046633E-02  1.1661967E-01  1.8514189E-01  1.7613210E-01  1.9882103E+00  5.0877946E-01  4.7815931E-01  1.1661967E-01  1.3046633E-02  0.0000000E+00
 0.0000000E+00  1.7095862E-02  1.1902275E-01  1.8629677E-01  1.7735275E-01  2.0184268E+00  5.1311957E-01  4.8200271E-01  1.1902274E-01  1.7095862E-02  0.0000000E+00
 0.0000000E+00  2.0994247E-02  1.2129698E-01  1.8733119E-01  1.7845682E-01  2.0436225E+00  5.1718548E-01  4.8558379E-01  1.2129698E-01  2.0994247E-02  0.0000000E+00
 0.0000000E+00  2.4741674E-02  1.2344211E-01  1.8824534E-01  1.7944429E-01  2.0639862E+00  5.2097788E-01  4.8890363E-01  1.2344211E-01  2.4741674E-02  0.0000000E+00
 0.0000000E+00  2.8338331E-02  1.2545812E-01  1.8903969E-01  1.8031540E-01  2.0797230E+00  5.2449804E-01  4.9196380E-01  1.2545812E-01  2.8338331E-02  0.0000000E+00
 0.0000000E+00  3.1784688E-02  1.2734528E-01  1.8971493E-01  1.8107062E-01  2.0910495E+00  5.2774762E-01  4.9476628E-01  1.2734528E-01  3.1784688E-02  0.0000000E+00
 0.0000000E+00  3.5081494E-02  1.2910409E-01  1.9027194E-01  1.8171064E-01  2.0981833E+00  5.3072868E-01  4.9731339E-01  1.2910409E-01  3.5081494E-02  0.0000000E+00
 0.0000000E+00  3.8229771E-02  1.3073531E-01  1.9071184E-01  1.8223636E-01  2.1013518E+00  5.3344362E-01  4.9960778E-01  1.3073531E-01  3.8229771E-02  0.0000000E+00
 0.0000000E+00  7.4252597E-11  8.8407136E-02  1.4715904E-01  1.3738935E-01  1.5518293E+00  5.3326922E-01  4.9658328E-01  8.8407137E-02  7.4242210E-11  0.0000000E+00
 0.0000000E+00  3.0059635E-03  8.9863333E-02  1.4717288E-01  1.3755598E-01  1.5625637E+00  5.3556297E-01  4.9833332E-01  8.9863334E-02  3.0059635E-03  0.0000000E+00
 0.0000000E+00  5.8772032E-03  9.1208060E-02  1.4709849E-01  1.3763490E-01  1.5697335E+00  5.3757288E-01  4.9982255E-01  9.1208061E-02  5.8772032E-03  0.0000000E+00
 0.0000000E+00  8.6157883E-03  9.2443320E-02  1.4693829E-01  1.3762822E-01  1.5734377E+00  5.3930466E-01  5.0105678E-01  9.2443321E-02  8.6157883E-03  0.0000000E+00
 0.0000000E+00  1.1223911E-02  9.3571083E-02  1.4669440E-01  1.3753792E-01  1.5738084E+00  5.4076363E-01  5.0204127E-01  9.3571084E-02  1.1223911E-02  0.0000000E+00
 0.0000000E+00  1.3703874E-02  9.4593306E-02  1.4636881E-01  1.3736586E-01  1.5710018E+00  5.4195478E-01  5.0278091E-01  9.4593307E-02  1.3703874E-02  0.0000000E+00
 0.0000000E+00  1.6058083E-02  9.5511952E-02  1.4596338E-01  1.3711383E-01  1.5652221E+00  5.4288283E-01  5.0328017E-01  9.5511953E-02  1.6058083E-02  0.0000000E+00
 0.0000000E+00  1.8289042E-02  9.6329015E-02  1.4547990E-01  1.3678361E-01  1.5566730E+00  5.4355230E-01  5.0354329E-01  9.6329015E-02  1.8289042E-02  0.0000000E+00
 0.0000000E+00  2.0399337E-02  9.7046525E-02  1.4492017E-01  1.3637702E-01  1.5455561E+00  5.4396763E-01  5.0357443E-01  9.7046525E-02  2.0399337E-02  0.0000000E+00
 0.0000000E+00  2.2391634E-02  9.7666578E-02  1.4428599E-01  1.3589589E-01  1.5320849E+00  5.4413324E-01  5.0337764E-01  9.7666579E-02  2.2391634E-02  0.0000000E+00
 0.0000000E+00  2.4268671E-02  9.8191335E-02  1.4357924E-01  1.3534210E-01  1.5164495E+00  5.4405358E-01  5.0295702E-01  9.8191336E-02  2.4268671E-02  0.0000000E+00
 0.0000000E+00  5.7949393E-11  7.9060826E-02  1.2907261E-01  1.1949812E-01  1.3715590E+00  5.5430038E-01  5.1263318E-01  7.9060827E-02  5.7972102E-11  0.0000000E+00
 0.0000000E+00  2.3411217E-03  7.9984957E-02  1.2862240E-01  1.1920681E-01  1.3701834E+00  5.5510091E-01  5.1299656E-01  7.9984958E-02  2.3411217E-03  0.0000000E+00
 0.0000000E+00  4.5654456E-03  8.0805181E-02  1.2808909E-01  1.1883554E-01  1.3651864E+00  5.5560066E-01  5.1308049E-01  8.0805181E-02  4.5654456E-03  0.0000000E+00
 0.0000000E+00  6.6755640E-03  8.1523630E-02  1.2747437E-01  1.1838630E-01  1.3570432E+00  5.5580188E-01  5.1288667E-01  8.1523631E-02  6.6755640E-03  0.0000000E+00
 0.0000000E+00  8.6740756E-03  8.2142717E-02  1.2678050E-01  1.1786147E-01  1.3461869E+00  5.5570836E-01  5.1241845E-01  8.2142718E-02  8.6740756E-03  0.0000000E+00
 0.0000000E+00  1.0563612E-02  8.2665113E-02  1.2601027E-01  1.1726379E-01  1.3330083E+00  5.5532523E-01  5.1168072E-01  8.2665114E-02  1.0563612E-02  0.0000000E+00
 0.0000000E+00  1.2346845E-02  8.3093701E-02  1.2516683E-01  1.1659626E-01  1.3178030E+00  5.5465883E-01  5.1067965E-01  8.3093701E-02  1.2346845E-02  0.0000000E+00
 0.0000000E+00  1.4026490E-02  8.3431559E-02  1.2425363E-01  1.1586204E-01  1.3008415E+00  5.5371652E-01  5.0942263E-01  8.3431560E-02  1.4026490E-02  0.0000000E+00
 0.0000000E+00  1.5605316E-02  8.3681920E-02  1.2327429E-01  1.1506440E-01  1.2823759E+00  5.5250645E-01  5.0791785E-01  8.3681921E-02  1.5605316E-02  0.0000000E+00
 0.0000000E+00  1.7086124E-02  8.3848101E-02  1.2223255E-01  1.1420667E-01  1.2626105E+00  5.5103733E-01  5.0617411E-01  8.3848101E-02  1.7086124E-02  0.0000000E+00
 0.0000000E+00  1.8471742E-02  8.3933468E-02  1.2113219E-01  1.1329220E-01  1.2417798E+00  5.4931819E-01  5.0420062E-01  8.3933469E-02  1.8471742E-02  0.0000000E+00
 0.0000000E+00  4.4979635E-11  7.1184113E-02  1.1252821E-01  1.0327785E-01  1.1838967E+00  5.7328466E-01  5.2682656E-01  7.1184114E-02  4.4979684E-11  0.0000000E+00
 0.0000000E+00  1.8126586E-03  7.1524121E-02  1.1148004E-01  1.0246661E-01  1.1722970E+00  5.7198087E-01  5.2512049E-01  7.1524122E-02  1.8126586E-03  0.0000000E+00
 0.0000000E+00  3.5274309E-03  7.1789280E-02  1.1038902E-01  1.0161133E-01  1.1589287E+00  5.7041330E-01  5.2317998E-01  7.1789281E-02  3.5274309E-03  0.0000000E+00
 0.0000000E+00  5.1468719E-03  7.1982219E-02  1.0925773E-01  1.0071434E-01  1.1439713E+00  5.6859005E-01  5.2101293E-01  7.1982220E-02  5.1468719E-03  0.0000000E+00
 0.0000000E+00  6.6735635E-03  7.2105537E-02  1.0808860E-01  9.9777897E-02  1.1275960E+00  5.6651928E-01  5.1862728E-01  7.2105538E-02  6.6735635E-03  0.0000000E+00
 0.0000000E+00  8.1101120E-03  7.2161811E-02  1.0688403E-01  9.8804175E-02  1.1099658E+00  5.6420922E-01  5.1603092E-01  7.2161812E-02  8.1101120E-03  0.0000000E+00
 0.0000000E+00  9.4591433E-03  7.2153589E-02  1.0564630E-01  9.7795295E-02  1.0912345E+00  5.6166804E-01  5.1323172E-01  7.2153590E-02  9.4591433E-03  0.0000000E+00
 0.0000000E+00  1.0723301E-02  7.2083399E-02  1.0437766E-01  9.6753329E-02  1.0715466E+00  5.5890390E-01  5.1023749E-01  7.2083400E-02  1.0723301E-02  0.0000000E+00
 0.0000000E+00  1.1905239E-02  7.1953744E-02  1.0308028E-01  9.5680286E-02  1.0510377E+00  5.5592491E-01  5.0705597E-01  7.1953745E-02  1.1905239E-02  0.0000000E+00
 0.0000000E+00  1.3007613E-02  7.1767102E-02  1.0175626E-01  9.4578138E-02  1.0298341E+00  5.5273914E-01  5.0369480E-01  7.1767102E-02  1.3007613E-02  0.0000000E+00
 0.0000000E+00  1.4033105E-02  7.1525944E-02  1.0040770E-01  9.3448833E-02  1.0080537E+00  5.4935457E-01  5.0016155E-01  7.1525944E-02  1.4033105E-02  0.0000000E+00
 0.0000000E+00  3.5275433E-11  6.3843880E-02  9.7023564E-02  8.8497643E-02  1.0153978E+00  5.8563738E-01  5.3457060E-01  6.3843881E-02  3.5275265E-11  0.0000000E+00
 0.0000000E+00  1.4195584E-03  6.3826216E-02  9.5702743E-02  8.7450279E-02  9.9974415E-01  5.8257051E-01  5.3120364E-01  6.3826217E-02  1.4195584E-03  0.0000000E+00
 0.0000000E+00  2.7584749E-03  6.3754182E-02  9.4363637E-02  8.6380907E-02  9.8301065E-01  5.7927230E-01  5.2763889E-01  6.3754183E-02  2.7584749E-03  0.0000000E+00
 0.0000000E+00  4.0190115E-03  6.3629992E-02  9.3008111E-02  8.5291224E-02  9.6533450E-01  5.7575174E-01  5.2388484E-01  6.3629993E-02  4.0190115E-03  0.0000000E+00
 0.0000000E+00  5.2034506E-03  6.3455817E-02  9.1637927E-02  8.4182846E-02  9.4684536E-01  5.7201770E-01  5.1994987E-01  6.3455818E-02  5.2034506E-03  0.0000000E+00
 0.0000000E+00  6.3140927E-03  6.3233790E-02  9.0254770E-02  8.3057329E-02  9.2766497E-01  5.6807902E-01  5.1584225E-01  6.3233791E-02  6.3140927E-03  0.0000000E+00
 0.0000000E+00  7.3532505E-03  6.2966008E-02  8.8860235E-02  8.1916158E-02  9.0790729E-01  5.6394444E-01  5.1157013E-01  6.2966009E-02  7.3532505E-03  0.0000000E+00
 0.0000000E+00  8.3232466E-03  6.2654539E-02  8.7455866E-02  8.0760778E-02  8.8767782E-01  5.5962259E-01  5.0714156E-01  6.2654540E-02  8.3232466E-03  0.0000000E+00
 0.0000000E+00  9.2264072E-03  6.2301420E-02  8.6043142E-02  7.9592585E-02  8.6707409E-01  5.5512201E-01  5.0256441E-01  6.2301420E-02  9.2264072E-03  0.0000000E+00
 0.0000000E+00  1.0065056E-02  6.1908655E-02  8.4623484E-02  7.8412926E-02  8.4618592E-01  5.5045111E-01  4.9784644E-01  6.1908656E-02  1.0065056E-02  0.0000000E+00
 0.0000000E+00  1.0841532E-02  6.1478244E-02  8.3198287E-02  7.7223137E-02  8.2509585E-01  5.4561817E-01  4.9299527E-01  6.1478244E-02  1.0841532E-02  0.0000000E+00
 0.0000000E+00  2.7971592E-11  5.7153954E-02  8.2906802E-02  7.5363035E-02  8.6803727E-01  5.9276273E-01  5.3730504E-01  5.7153954E-02  2.7971464E-11  0.0000000E+00
 0.0000000E+00  1.1246166E-03  5.6892886E-02  8.1463889E-02  7.4212847E-02  8.5084826E-01  5.8807802E-01  5.3245360E-01  5.6892886E-02  1.1246166E-03  0.0000000E+00
 0.0000000E+00  2.1832863E-03  5.6594885E-02  8.0021325E-02  7.3057446E-02  8.3305389E-01  5.8319428E-01  5.2743951E-01  5.6594885E-02  2.1832863E-03  0.0000000E+00
 0.0000000E+00  3.1778597E-03  5.6261618E-02  7.8580314E-02  7.1897873E-02  8.1475836E-01  5.7812174E-01  5.2227230E-01  5.6261618E-02  3.1778597E-03  0.0000000E+00
 0.0000000E+00  4.1102169E-03  5.5894717E-02  7.7141969E-02  7.0735112E-02  7.9605804E-01  5.7287049E-01  5.1696122E-01  5.5894718E-02  4.1102169E-03  0.0000000E+00
 0.0000000E+00  4.9822639E-03  5.5495785E-02  7.5707326E-02  6.9570093E-02  7.7704160E-01  5.6745037E-01  5.1151532E-01  5.5495785E-02  4.9822639E-03  0.0000000E+00
 0.0000000E+00  5.7959243E-03  5.5066390E-02  7.4277348E-02  6.8403695E-02  7.5779046E-01  5.6187099E-01  5.0594332E-01  5.5066390E-02  5.7959243E-03  0.0000000E+00
 0.0000000E+00  6.5531409E-03  5.4608079E-02  7.2852940E-02  6.7236761E-02  7.3837877E-01  5.5614171E-01  5.0025374E-01  5.4608079E-02  6.5531409E-03  0.0000000E+00
 0.0000000E+00  7.2558622E-03  5.4122371E-02  7.1434954E-02  6.6070100E-02  7.1887396E-01  5.5027168E-01  4.9445480E-01  5.4122371E-02  7.2558622E-03  0.0000000E+00
 0.0000000E+00  7.9060403E-03  5.3610760E-02  7.0024193E-02  6.4904484E-02  6.9933710E-01  5.4426979E-01  4.8855448E-01  5.3610760E-02  7.9060403E-03  0.0000000E+00
 0.0000000E+00  8.5056548E-03  5.3074747E-02  6.8621445E-02  6.3740693E-02  6.7982295E-01  5.3814468E-01  4.8256054E-01  5.3074747E-02  8.5056548E-03  0.0000000E+00
 0.0000000E+00  2.2435495E-11  5.0864168E-02  7.0208360E-02  6.3807195E-02  7.4050522E-01  5.9522015E-01  5.3563770E-01  5.0864168E-02  2.2435585E-11  0.0000000E+00
 0.0000000E+00  9.0162519E-04  5.0462418E-02  6.8736876E-02  6.2637169E-02  7.2328453E-01  5.8899730E-01  5.2941357E-01  5.0462418E-02  9.0162519E-04  0.0000000E+00
 0.0000000E+00  1.7494350E-03  5.0037516E-02  6.7281283E-02  6.1475266E-02  7.0579028E-01  5.8262058E-01  5.2307317E-01  5.0037516E-02  1.7494350E-03  0.0000000E+00
 0.0000000E+00  2.5448383E-03  4.9590419E-02  6.5841913E-02  6.0321796E-02  6.8809610E-01  5.7609977E-01  5.1662522E-01  4.9590419E-02  2.5448383E-03  0.0000000E+00
 0.0000000E+00  3.2892927E-03  4.9122094E-02  6.4419057E-02  5.9177039E-02  6.7026866E-01  5.6944455E-01  5.1007830E-01  4.9122094E-02  3.2892927E-03  0.0000000E+00
 0.0000000E+00  3.9842985E-03  4.8633518E-02  6.3012971E-02  5.8041256E-02  6.5236812E-01  5.6266450E-01  5.0344081E-01  4.8633518E-02  3.9842985E-03  0.0000000E+00
 0.0000000E+00  4.6313898E-03  4.8125673E-02  6.1623874E-02  5.6914687E-02  6.3444843E-01  5.5576896E-01  4.9672097E-01  4.8125673E-02  4.6313898E-03  0.0000000E+00
 0.0000000E+00  5.2321337E-03  4.7599553E-02  6.0251962E-02  5.5797563E-02  6.1655824E-01  5.4876704E-01  4.8992677E-01  4.7599553E-02  5.2321337E-03  0.0000000E+00
 0.0000000E+00  5.7881156E-03  4.7056153E-02  5.8897409E-02  5.4690107E-02  5.9874107E-01  5.4166766E-01  4.8306593E-01  4.7056153E-02  5.7881156E-03  0.0000000E+00
 0.0000000E+00  6.3009362E-03  4.6496472E-02  5.7560367E-02  5.3592532E-02  5.8103558E-01  5.3447944E-01  4.7614594E-01  4.6496472E-02  6.3009362E-03  0.0000000E+00
 0.0000000E+00  6.7722371E-03  4.5921542E-02  5.6241007E-02  5.2505082E-02  5.6347315E-01  5.2721078E-01  4.6917407E-01  4.5921542E-02  6.7722371E-03  0.0000000E+00
 0.0000000E+00  1.8231708E-11  4.5201299E-02  5.8686740E-02  5.3525202E-02  6.3010300E-01  5.9302139E-01  5.2979653E-01  4.5201300E-02  1.8231631E-11  0.0000000E+00
 0.0000000E+00  7.3255124E-04  4.4728408E-02  5.7267571E-02  5.2404334E-02  6.1381218E-01  5.8541350E-01  5.2237175E-01  4.4728408E-02  7.3255124E-04  0.0000000E+00
 0.0000000E+00  1.4209781E-03  4.4241820E-02  5.5875382E-02  5.1301033E-02  5.9748396E-01  5.7769516E-01  5.1487346E-01  4.4241821E-02  1.4209781E-03  0.0000000E+00
 0.0000000E+00  2.0662741E-03  4.3741973E-02  5.4509765E-02  5.0214919E-02  5.8115860E-01  5.6987688E-01  5.0731081E-01  4.3741974E-02  2.0662741E-03  0.0000000E+00
 0.0000000E+00  2.6695083E-03  4.3229346E-02  5.3170298E-02  4.9145622E-02  5.6487242E-01  5.6196883E-01  4.9969261E-01  4.3229346E-02  2.6695083E-03  0.0000000E+00
 0.0000000E+00  3.2318156E-03  4.2704458E-02  5.1856549E-02  4.8092787E-02  5.4865809E-01  5.5398080E-01  4.9202725E-01  4.2704458E-02  3.2318156E-03  0.0000000E+00
 0.0000000E+00  3.7543854E-03  4.2167861E-02  5.0568082E-02  4.7056075E-02  5.3254517E-01  5.4592218E-01  4.8432279E-01  4.2167862E-02  3.7543854E-03  0.0000000E+00
 0.0000000E+00  4.2384572E-03  4.1620145E-02  4.9304470E-02  4.6035171E-02  5.1656046E-01  5.3780200E-01  4.7658688E-01  4.1620146E-02  4.2384572E-03  0.0000000E+00
 0.0000000E+00  4.6853054E-03  4.1061924E-02  4.8065287E-02  4.5029780E-02  5.0072765E-01  5.2962895E-01  4.6882686E-01  4.1061924E-02  4.6853054E-03  0.0000000E+00
 0.0000000E+00  5.0962338E-03  4.0493835E-02  4.6850117E-02  4.4039630E-02  4.8506822E-01  5.2141132E-01  4.6104970E-01  4.0493835E-02  5.0962338E-03  0.0000000E+00
 0.0000000E+00  5.4725972E-03  3.9916566E-02  4.5658590E-02  4.3064501E-02  4.6960347E-01  5.1315711E-01  4.5326210E-01  3.9916567E-02  5.4725972E-03  0.0000000E+00
 0.0000000E+00  1.5043768E-11  4.0174369E-02  4.8252012E-02  4.4408437E-02  5.3461394E-01  5.8655852E-01  5.2025091E-01  4.0174369E-02  1.5043749E-11  0.0000000E+00
 0.0000000E+00  6.0435543E-04  3.9679626E-02  4.6952512E-02  4.3392149E-02  5.2004520E-01  5.7770163E-01  5.1177144E-01  3.9679626E-02  6.0435543E-04  0.0000000E+00
 0.0000000E+00  1.1719927E-03  3.9176960E-02  4.5686668E-02  4.2398635E-02  5.0554241E-01  5.6878470E-01  5.0326660E-01  3.9176960E-02  1.1719927E-03  0.0000000E+00
 0.0000000E+00  1.7035759E-03  3.8666435E-02  4.4453357E-02  4.1426931E-02  4.9112314E-01  5.5981750E-01  4.9474460E-01  3.8666435E-02  1.7035759E-03  0.0000000E+00
 0.0000000E+00  2.1998687E-03  3.8148193E-02  4.3251501E-02  4.0476137E-02  4.7680369E-01  5.5080941E-01  4.8621325E-01  3.8148193E-02  2.1998687E-03  0.0000000E+00
 0.0000000E+00  2.6617226E-03  3.7622449E-02  4.2080065E-02  3.9545415E-02  4.6259882E-01  5.4176943E-01  4.7768000E-01  3.7622449E-02  2.6617226E-03  0.0000000E+00
 0.0000000E+00  3.0900608E-03  3.7089480E-02  4.0938061E-02  3.8633982E-02  4.4852500E-01  5.3270615E-01  4.6915193E-01  3.7089480E-02  3.0900608E-03  0.0000000E+00
 0.0000000E+00  3.4858735E-03  3.6549618E-02  3.9824548E-02  3.7741117E-02  4.3459486E-01  5.2362781E-01  4.6063576E-01  3.6549618E-02  3.4858735E-03  0.0000000E+00
 0.0000000E+00  3.8501995E-03  3.6003246E-02  3.8738632E-02  3.6866153E-02  4.2082047E-01  5.1454226E-01  4.5213786E-01  3.6003246E-02  3.8501995E-03  0.0000000E+00
 0.0000000E+00  4.1841193E-03  3.5450785E-02  3.7679461E-02  3.6008475E-02  4.0721423E-01  5.0545698E-01  4.4366427E-01  3.5450785E-02  4.1841193E-03  0.0000000E+00
 0.0000000E+00  4.4887708E-03  3.4892716E-02  3.6646258E-02  3.5167543E-02  3.9378734E-01  4.9637914E-01  4.3522074E-01  3.4892716E-02  4.4887708E-03  0.0000000E+00
 0.0000000E+00  1.2630198E-11  3.5866815E-02  3.8990771E-02  3.6478788E-02  4.5282334E-01  5.7615336E-01  5.0735414E-01  3.5866815E-02  1.2630008E-11  0.0000000E+00
 0.0000000E+00  5.0718406E-04  3.5374369E-02  3.7856599E-02  3.5601051E-02  4.4035882E-01  5.6622927E-01  4.9800259E-01  3.5374369E-02  5.0718406E-04  0.0000000E+00
 0.0000000E+00  9.8302567E-04  3.4877038E-02  3.6758025E-02  3.4747336E-02  4.2798885E-01  5.5629340E-01  4.8867076E-01  3.4877038E-02  9.8302567E-04  0.0000000E+00
 0.0000000E+00  1.4279691E-03  3.4374739E-02  3.5693497E-02  3.3916342E-02  4.1570962E-01  5.4635466E-01  4.7936577E-01  3.4374739E-02  1.4279691E-03  0.0000000E+00
 0.0000000E+00  1.8425784E-03  3.3867484E-02  3.4661554E-02  3.3106865E-02  4.0352107E-01  5.3642158E-01  4.7009446E-01  3.3867484E-02  1.8425784E-03  0.0000000E+00
 0.0000000E+00  2.2275211E-03  3.3355369E-02  3.3660812E-02  3.2317801E-02  3.9142700E-01  5.2650234E-01  4.6086330E-01  3.3355369E-02  2.2275211E-03  0.0000000E+00
 0.0000000E+00  2.5835519E-03  3.2838564E-02  3.2689971E-02  3.1548133E-02  3.7942714E-01  5.1660474E-01  4.5167841E-01  3.2838564E-02  2.5835519E-03  0.0000000E+00
 0.0000000E+00  2.9115010E-03  3.2317301E-02  3.1747806E-02  3.0796928E-02  3.6752793E-01  5.0673619E-01  4.4254558E-01  3.2317301E-02  2.9115010E-03  0.0000000E+00
 0.0000000E+00  3.2122570E-03  3.1791866E-02  3.0833162E-02  3.0063332E-02  3.5573878E-01  4.9690374E-01  4.3347030E-01  3.1791866E-02  3.2122570E-03  0.0000000E+00
 0.0000000E+00  3.4867573E-03  3.1262593E-02  2.9944953E-02  2.9346560E-02  3.4406815E-01  4.8711408E-01  4.2445765E-01  3.1262593E-02  3.4867573E-03  0.0000000E+00
 0.0000000E+00  3.7360030E-03  3.0729877E-02  2.9082187E-02  2.8645920E-02  3.3252784E-01  4.7737352E-01  4.1551249E-01  3.0729877E-02  3.7360030E-03  0.0000000E+00
 0.0000000E+00  1.0805815E-11  3.2239178E-02  3.0963119E-02  2.9714773E-02  3.8317264E-01  5.6264429E-01  4.9192182E-01  3.2239177E-02  1.0805474E-11  0.0000000E+00
 0.0000000E+00  4.3344659E-04  3.1754754E-02  3.0009942E-02  2.8985537E-02  3.7311814E-01  5.5181020E-01  4.8185328E-01  3.1754754E-02  4.3344659E-04  0.0000000E+00
 0.0000000E+00  8.3911342E-04  3.1267390E-02  2.9091791E-02  2.8279485E-02  3.6309604E-01  5.4100854E-01  4.7184477E-01  3.1267390E-02  8.3911342E-04  0.0000000E+00
 0.0000000E+00  1.2173753E-03  3.0776959E-02  2.8206854E-02  2.7595126E-02  3.5308811E-01  5.3024805E-01  4.6190306E-01  3.0776959E-02  1.2173753E-03  0.0000000E+00
 0.0000000E+00  1.5687334E-03  3.0283438E-02  2.7353436E-02  2.6931094E-02  3.4308374E-01  5.1953698E-01  4.5203452E-01  3.0283438E-02  1.5687334E-03  0.0000000E+00
 0.0000000E+00  1.8937954E-03  2.9786888E-02  2.6529945E-02  2.6286140E-02  3.3307903E-01  5.0888311E-01  4.4224510E-01  2.9786888E-02  1.8937954E-03  0.0000000E+00
 0.0000000E+00  2.1932562E-03  2.9287443E-02  2.5734888E-02  2.5659116E-02  3.2307522E-01  4.9829375E-01  4.3254030E-01  2.9287442E-02  2.1932562E-03  0.0000000E+00
 0.0000000E+00  2.4678873E-03  2.8785301E-02  2.4966867E-02  2.5048976E-02  3.1307881E-01  4.8777574E-01  4.2292520E-01  2.8785300E-02  2.4678873E-03  0.0000000E+00
 0.0000000E+00  2.7185157E-03  2.8280711E-02  2.4224573E-02  2.4454765E-02  3.0310020E-01  4.7733545E-01  4.1340452E-01  2.8280711E-02  2.7185157E-03  0.0000000E+00
 0.0000000E+00  2.9460157E-03  2.7773968E-02  2.3506780E-02  2.3875608E-02  2.9315254E-01  4.6697885E-01  4.0398258E-01  2.7773968E-02  2.9460157E-03  0.0000000E+00
 0.0000000E+00  3.1513212E-03  2.7265426E-02  2.2812365E-02  2.3310735E-02  2.8325101E-01  4.5671148E-01  3.9466335E-01  2.7265426E-02  3.1513212E-03  0.0000000E+00
 0.0000000E+00  9.4000455E-12  2.9069806E-02  2.3943485E-02  2.3869670E-02  3.2482773E-01  5.4653253E-01  4.7437669E-01  2.9069806E-02  9.3994663E-12  0.0000000E+00
 0.0000000E+00  3.7626628E-04  2.8599874E-02  2.3189868E-02  2.3304846E-02  3.1780863E-01  5.3492442E-01  4.6372950E-01  2.8599874E-02  3.7626628E-04  0.0000000E+00
 0.0000000E+00  7.2692954E-04  2.8128177E-02  2.2467846E-02  2.2759619E-02  3.1047285E-01  5.2339245E-01  4.5318084E-01  2.8128177E-02  7.2692954E-04  0.0000000E+00
 0.0000000E+00  1.0524697E-03  2.7654651E-02  2.1775533E-02  2.2232509E-02  3.0284944E-01  5.1194502E-01  4.4273708E-01  2.7654651E-02  1.0524697E-03  0.0000000E+00
 0.0000000E+00  1.3534648E-03  2.7179311E-02  2.1111165E-02  2.1722166E-02  2.9497077E-01  5.0059000E-01  4.3240403E-01  2.7179311E-02  1.3534648E-03  0.0000000E+00
 0.0000000E+00  1.6305763E-03  2.6702240E-02  2.0473094E-02  2.1227357E-02  2.8687149E-01  4.8933466E-01  4.2218701E-01  2.6702240E-02  1.6305763E-03  0.0000000E+00
 0.0000000E+00  1.8845326E-03  2.6223577E-02  1.9859776E-02  2.0746959E-02  2.7858690E-01  4.7818564E-01  4.1209080E-01  2.6223577E-02  1.8845326E-03  0.0000000E+00
 0.0000000E+00  2.1161227E-03  2.5743515E-02  1.9269778E-02  2.0279954E-02  2.7015326E-01  4.6714909E-01  4.0211975E-01  2.5743515E-02  2.1161227E-03  0.0000000E+00
 0.0000000E+00  2.3261773E-03  2.5262291E-02  1.8701761E-02  1.9825420E-02  2.6160697E-01  4.5623061E-01  3.9227770E-01  2.5262291E-02  2.3261773E-03  0.0000000E+00
 0.0000000E+00  2.5155628E-03  2.4780175E-02  1.8154481E-02  1.9382522E-02  2.5298350E-01  4.4543531E-01  3.8256811E-01  2.4780175E-02  2.5155628E-03  0.0000000E+00
 0.0000000E+00  2.6851962E-03  2.4297498E-02  1.7626807E-02  1.8950533E-02  2.4431721E-01  4.3476781E-01  3.7299404E-01  2.4297498E-02  2.6851962E-03  0.0000000E+00
 0.0000000E+00  8.2439488E-12  2.6254877E-02  1.7967253E-02  1.9021837E-02  2.8533026E-01  5.2795610E-01  4.5492513E-01  2.6254877E-02  8.2442286E-12  0.0000000E+00
 0.0000000E+00  3.2931433E-04  2.5810092E-02  1.7416496E-02  1.8617599E-02  2.7938575E-01  5.1572274E-01  4.4384152E-01  2.5810092E-02  3.2931433E-04  0.0000000E+00
 0.0000000E+00  6.3483958E-04  2.5363567E-02  1.6892021E-02  1.8227986E-02  2.7304157E-01  5.0360803E-01  4.3289292E-01  2.5363566E-02  6.3483958E-04  0.0000000E+00
 0.0000000E+00  9.1712214E-04  2.4915327E-02  1.6391949E-02  1.7851614E-02  2.6634335E-01  4.9161975E-01  4.2208496E-01  2.4915327E-02  9.1712214E-04  0.0000000E+00
 0.0000000E+00  1.1767938E-03  2.4465470E-02  1.5914538E-02  1.7487235E-02  2.5933704E-01  4.7976507E-01  4.1142269E-01  2.4465470E-02  1.1767938E-03  0.0000000E+00
 0.0000000E+00  1.4145575E-03  2.4014153E-02  1.5458174E-02  1.7133725E-02  2.5206839E-01  4.6805048E-01  4.0091061E-01  2.4014152E-02  1.4145575E-03  0.0000000E+00
 0.0000000E+00  1.6311726E-03  2.3561579E-02  1.5021367E-02  1.6790073E-02  2.4458220E-01  4.5648183E-01  3.9055266E-01  2.3561579E-02  1.6311726E-03  0.0000000E+00
 0.0000000E+00  1.8274482E-03  2.3108002E-02  1.4602743E-02  1.6455382E-02  2.3692216E-01  4.4506434E-01  3.8035225E-01  2.3108002E-02  1.8274482E-03  0.0000000E+00
 0.0000000E+00  2.0042257E-03  2.2653707E-02  1.4201036E-02  1.6128848E-02  2.2913067E-01  4.3380272E-01  3.7031233E-01  2.2653707E-02  2.0042257E-03  0.0000000E+00
 0.0000000E+00  2.1623734E-03  2.2199007E-02  1.3815081E-02  1.5809760E-02  2.2124821E-01  4.2270110E-01  3.6043540E-01  2.2199007E-02  2.1623734E-03  0.0000000E+00
 0.0000000E+00  2.3028007E-03  2.1744264E-02  1.3443834E-02  1.5497513E-02  2.1331308E-01  4.1176310E-01  3.5072355E-01  2.1744264E-02  2.3028007E-03  0.0000000E+00
 0.0000000E+00  7.2924502E-12  2.3794132E-02  1.2983276E-02  1.5076318E-02  2.5372192E-01  5.0773665E-01  4.3432280E-01  2.3794132E-02  7.2927111E-12  0.0000000E+00
 0.0000000E+00  2.9055325E-04  2.3375674E-02  1.2635153E-02  1.4826364E-02  2.4842329E-01  4.9496900E-01  4.2289160E-01  2.3375674E-02  2.9055325E-04  0.0000000E+00
 0.0000000E+00  5.5868662E-04  2.2955244E-02  1.2305830E-02  1.4584647E-02  2.4270831E-01  4.8236517E-01  4.1163306E-01  2.2955244E-02  5.5868662E-04  0.0000000E+00
 0.0000000E+00  8.0503354E-04  2.2532954E-02  1.1993612E-02  1.4350018E-02  2.3662375E-01  4.6993194E-01  4.0055179E-01  2.2532954E-02  8.0503354E-04  0.0000000E+00
 0.0000000E+00  1.0303003E-03  2.2108980E-02  1.1696947E-02  1.4121454E-02  2.3021722E-01  4.5767535E-01  3.8965176E-01  2.2108980E-02  1.0303003E-03  0.0000000E+00
 0.0000000E+00  1.2352519E-03  2.1683556E-02  1.1414419E-02  1.3898062E-02  2.2353644E-01  4.4560073E-01  3.7893634E-01  2.1683556E-02  1.2352519E-03  0.0000000E+00
 0.0000000E+00  1.4206975E-03  2.1256956E-02  1.1144738E-02  1.3679056E-02  2.1662909E-01  4.3371270E-01  3.6840831E-01  2.1256956E-02  1.4206975E-03  0.0000000E+00
 0.0000000E+00  1.5874841E-03  2.0829496E-02  1.0886735E-02  1.3463759E-02  2.0954124E-01  4.2201525E-01  3.5806993E-01  2.0829496E-02  1.5874841E-03  0.0000000E+00
 0.0000000E+00  1.7364802E-03  2.0401515E-02  1.0639348E-02  1.3251585E-02  2.0231750E-01  4.1051179E-01  3.4792294E-01  2.0401515E-02  1.7364802E-03  0.0000000E+00
 0.0000000E+00  1.8685705E-03  1.9973375E-02  1.0401619E-02  1.3042036E-02  1.9500070E-01  3.9920512E-01  3.3796865E-01  1.9973375E-02  1.8685705E-03  0.0000000E+00
 0.0000000E+00  1.9846693E-03  1.9545479E-02  1.0172709E-02  1.2834713E-02  1.8763155E-01  3.8809757E-01  3.2820794E-01  1.9545479E-02  1.9846693E-03  0.0000000E+00
 0.0000000E+00  6.4997875E-12  2.1671427E-02  9.0179405E-03  1.2004253E-02  2.2712488E-01  4.8571392E-01  4.1248187E-01  2.1671427E-02  6.4995708E-12  0.0000000E+00
 0.0000000E+00  2.5816538E-04  2.1276189E-02  8.8514905E-03  1.1887395E-02  2.2239952E-01  4.7254974E-01  4.0082972E-01  2.1276189E-02  2.5816538E-04  0.0000000E+00
 0.0000000E+00  4.9487999E-04  2.0878594E-02  8.6960225E-03  1.1772414E-02  2.1724025E-01  4.5959158E-01  3.8938393E-01  2.0878594E-02  4.9487999E-04  0.0000000E+00
 0.0000000E+00  7.1090215E-04  2.0478896E-02  8.5501329E-03  1.1658471E-02  2.1169313E-01  4.4684525E-01  3.7814823E-01  2.0478896E-02  7.1090215E-04  0.0000000E+00
 0.0000000E+00  9.0704531E-04  2.0077397E-02  8.4125511E-03  1.1544839E-02  2.0580640E-01  4.3431575E-01  3.6712565E-01  2.0077397E-02  9.0704531E-04  0.0000000E+00
 0.0000000E+00  1.0841644E-03  1.9674436E-02  8.2821321E-03  1.1430901E-02  1.9962922E-01  4.2200726E-01  3.5631855E-01  1.9674436E-02  1.0841644E-03  0.0000000E+00
 0.0000000E+00  1.2431419E-03  1.9270381E-02  8.1578480E-03  1.1316134E-02  1.9321232E-01  4.0992323E-01  3.4572864E-01  1.9270382E-02  1.2431419E-03  0.0000000E+00
 0.0000000E+00  1.3848824E-03  1.8865626E-02  8.0387848E-03  1.1200113E-02  1.8660459E-01  3.9806635E-01  3.3535708E-01  1.8865626E-02  1.3848824E-03  0.0000000E+00
 0.0000000E+00  1.5102980E-03  1.8460575E-02  7.9241270E-03  1.1082488E-02  1.7985337E-01  3.8643875E-01  3.2520449E-01  1.8460575E-02  1.5102980E-03  0.0000000E+00
 0.0000000E+00  1.6203034E-03  1.8055644E-02  7.8131570E-03  1.0962988E-02  1.7300453E-01  3.7504190E-01  3.1527102E-01  1.8055644E-02  1.6203034E-03  0.0000000E+00
 0.0000000E+00  1.7158293E-03  1.7651274E-02  7.7052643E-03  1.0841429E-02  1.6610198E-01  3.6387677E-01  3.0555642E-01  1.7651274E-02  1.7158293E-03  0.0000000E+00
 0.0000000E+00  5.8199661E-12  1.9800705E-02  6.0034130E-03  9.7140489E-03  2.0507227E-01  4.6238892E-01  3.8988742E-01  1.9800705E-02  5.8202310E-12  0.0000000E+00
 0.0000000E+00  2.3031810E-04  1.9427810E-02  6.0026357E-03  9.7161539E-03  2.0099417E-01  4.4893744E-01  3.7810589E-01  1.9427809E-02  2.3031810E-04  0.0000000E+00
 0.0000000E+00  4.3989049E-04  1.9052016E-02  6.0032078E-03  9.7123236E-03  1.9639381E-01  4.3573358E-01  3.6656369E-01  1.9052016E-02  4.3989049E-04  0.0000000E+00
 0.0000000E+00  6.2964103E-04  1.8673764E-02  6.0043149E-03  9.7022850E-03  1.9133337E-01  4.2278197E-01  3.5526343E-01  1.8673764E-02  6.2964103E-04  0.0000000E+00
 0.0000000E+00  8.0052046E-04  1.8293507E-02  6.0052406E-03  9.6858418E-03  1.8587599E-01  4.1008632E-01  3.4420698E-01  1.8293507E-02  8.0052046E-04  0.0000000E+00
 0.0000000E+00  9.5349566E-04  1.7911710E-02  6.0053605E-03  9.6628670E-03  1.8008445E-01  3.9764946E-01  3.3339549E-01  1.7911710E-02  9.5349566E-04  0.0000000E+00
 0.0000000E+00  1.0895381E-03  1.7528841E-02  6.0041330E-03  9.6332934E-03  1.7402169E-01  3.8547343E-01  3.2282944E-01  1.7528841E-02  1.0895381E-03  0.0000000E+00
 0.0000000E+00  1.2096210E-03  1.7145378E-02  6.0010978E-03  9.5971114E-03  1.6774751E-01  3.7355949E-01  3.1250873E-01  1.7145378E-02  1.2096210E-03  0.0000000E+00
 0.0000000E+00  1.3147069E-03  1.6761791E-02  5.9958649E-03  9.5543609E-03  1.6131830E-01  3.6190828E-01  3.0243272E-01  1.6761791E-02  1.3147069E-03  0.0000000E+00
 0.0000000E+00  1.4057454E-03  1.6378546E-02  5.9881108E-03  9.5051246E-03  1.5478747E-01  3.5051980E-01  2.9260027E-01  1.6378546E-02  1.4057454E-03  0.0000000E+00
 0.0000000E+00  1.4836866E-03  1.5996124E-02  5.9775922E-03  9.4495438E-03  1.4820515E-01  3.3939351E-01  2.8300984E-01  1.5996124E-02  1.4836866E-03  0.0000000E+00
 0.0000000E+00  5.2166815E-12  1.8093683E-02  3.8371895E-03  8.1252069E-03  1.8781420E-01  4.3769915E-01  3.6648048E-01  1.8093683E-02  5.2171201E-12  0.0000000E+00
 0.0000000E+00  2.0557302E-04  1.7746493E-02  3.9624089E-03  8.2098317E-03  1.8410208E-01  4.2407057E-01  3.5466366E-01  1.7746493E-02  2.0557302E-04  0.0000000E+00
 0.0000000E+00  3.9101046E-04  1.7395527E-02  4.0825340E-03  8.2838319E-03  1.7980623E-01  4.1073305E-01  3.4311959E-01  1.7395527E-02  3.9101046E-04  0.0000000E+00
 0.0000000E+00  5.5741617E-04  1.7041425E-02  4.1969329E-03  8.3471199E-03  1.7500155E-01  3.9768923E-01  3.3184928E-01  1.7041426E-02  5.5741617E-04  0.0000000E+00
 0.0000000E+00  7.0588793E-04  1.6684813E-02  4.3050854E-03  8.3996915E-03  1.6976335E-01  3.8494086E-01  3.2085294E-01  1.6684813E-02  7.0588793E-04  0.0000000E+00
 0.0000000E+00  8.3751026E-04  1.6326297E-02  4.4065736E-03  8.4416157E-03  1.6416600E-01  3.7248879E-01  3.1013013E-01  1.6326297E-02  8.3751026E-04  0.0000000E+00
 0.0000000E+00  9.5334629E-04  1.5966463E-02  4.5010704E-03  8.4730216E-03  1.5828140E-01  3.6033310E-01  2.9967968E-01  1.5966463E-02  9.5334629E-04  0.0000000E+00
 0.0000000E+00  1.0544377E-03  1.5605882E-02  4.5883354E-03  8.4940963E-03  1.5217862E-01  3.4847313E-01  2.8949991E-01  1.5605882E-02  1.0544377E-03  0.0000000E+00
 0.0000000E+00  1.1417956E-03  1.5245102E-02  4.6682006E-03  8.5050725E-03  1.4592231E-01  3.3690759E-01  2.7958860E-01  1.5245102E-02  1.1417956E-03  0.0000000E+00
 0.0000000E+00  1.2164005E-03  1.4884650E-02  4.7405655E-03  8.5062216E-03  1.3957225E-01  3.2563461E-01  2.6994308E-01  1.4884650E-02  1.2164005E-03  0.0000000E+00
 0.0000000E+00  1.2792180E-03  1.4525053E-02  4.8054105E-03  8.4978704E-03  1.3318333E-01  3.1465185E-01  2.6056030E-01  1.4525053E-02  1.2792180E-03  0.0000000E+00
 0.0000000E+00  4.6544904E-12  1.6584281E-02  2.2098949E-03  6.9432133E-03  1.7512278E-01  4.1170535E-01  3.4235688E-01  1.6584281E-02  4.6543257E-12  0.0000000E+00
 0.0000000E+00  1.8257687E-04  1.6263436E-02  2.4586666E-03  7.1077948E-03  1.7159377E-01  3.9805394E-01  3.3062830E-01  1.6263436E-02  1.8257687E-04  0.0000000E+00
 0.0000000E+00  3.4572671E-04  1.5937724E-02  2.6938769E-03  7.2557439E-03  1.6737979E-01  3.8473096E-01  3.1920058E-01  1.5937725E-02  3.4572671E-04  0.0000000E+00
 0.0000000E+00  4.9072986E-04  1.5607932E-02  2.9153841E-03  7.3873773E-03  1.6258537E-01  3.7173729E-01  3.0807325E-01  1.5607932E-02  4.9072986E-04  0.0000000E+00
 0.0000000E+00  6.1882022E-04  1.5274820E-02  3.1231224E-03  7.5030564E-03  1.5731222E-01  3.5907284E-01  2.9724509E-01  1.5274820E-02  6.1882022E-04  0.0000000E+00
 0.0000000E+00  7.3118495E-04  1.4939126E-02  3.3171017E-03  7.6031888E-03  1.5165734E-01  3.4673667E-01  2.8671413E-01  1.4939126E-02  7.3118495E-04  0.0000000E+00
 0.0000000E+00  8.2896024E-04  1.4601553E-02  3.4973949E-03  7.6882158E-03  1.4571146E-01  3.3472700E-01  2.7647775E-01  1.4601553E-02  8.2896024E-04  0.0000000E+00
 0.0000000E+00  9.1323763E-04  1.4262781E-02  3.6641425E-03  7.7586183E-03  1.3955773E-01  3.2304135E-01  2.6653277E-01  1.4262781E-02  9.1323763E-04  0.0000000E+00
 0.0000000E+00  9.8505858E-04  1.3923453E-02  3.8175396E-03  7.8149051E-03  1.3327195E-01  3.1167665E-01  2.5687550E-01  1.3923453E-02  9.8505858E-04  0.0000000E+00
 0.0000000E+00  1.0454164E-03  1.3584183E-02  3.9578341E-03  7.8576123E-03  1.2692193E-01  3.0062926E-01  2.4750188E-01  1.3584183E-02  1.0454164E-03  0.0000000E+00
 0.0000000E+00  1.0952765E-03  1.3245572E-02  4.0853372E-03  7.8873141E-03  1.2056869E-01  2.8989508E-01  2.3840743E-01  1.3245572E-02  1.0952765E-03  0.0000000E+00
 0.0000000E+00  4.1087222E-12  1.5256878E-02  1.2125187E-03  6.2224618E-03  1.6731115E-01  3.8487610E-01  3.1789644E-01  1.5256878E-02  4.1086426E-12  0.0000000E+00
 0.0000000E+00  1.6043142E-04  1.4960299E-02  1.5724738E-03  6.4584910E-03  1.6337913E-01  3.7131652E-01  3.0633877E-01  1.4960299E-02  1.6043142E-04  0.0000000E+00
 0.0000000E+00  3.0243359E-04  1.4657836E-02  1.9085814E-03  6.6703651E-03  1.5873943E-01  3.5812149E-01  2.9510993E-01  1.4657836E-02  3.0243359E-04  0.0000000E+00
 0.0000000E+00  4.2741141E-04  1.4350446E-02  2.2214554E-03  6.8590496E-03  1.5352081E-01  3.4528963E-01  2.8420759E-01  1.4350446E-02  4.2741141E-04  0.0000000E+00
 0.0000000E+00  5.3668863E-04  1.4039031E-02  2.5117481E-03  7.0255089E-03  1.4784394E-01  3.3281865E-01  2.7362857E-01  1.4039031E-02  5.3668863E-04  0.0000000E+00
 0.0000000E+00  6.3151317E-04  1.3724446E-02  2.7801485E-03  7.1707099E-03  1.4181999E-01  3.2070540E-01  2.6336903E-01  1.3724446E-02  6.3151317E-04  0.0000000E+00
 0.0000000E+00  7.1305773E-04  1.3407493E-02  3.0273679E-03  7.2956087E-03  1.3555187E-01  3.0894593E-01  2.5342452E-01  1.3407493E-02  7.1305773E-04  0.0000000E+00
 0.0000000E+00  7.8242976E-04  1.3088934E-02  3.2541447E-03  7.4011605E-03  1.2913043E-01  2.9753568E-01  2.4379007E-01  1.3088934E-02  7.8242976E-04  0.0000000E+00
 0.0000000E+00  8.4067066E-04  1.2769482E-02  3.4612359E-03  7.4883135E-03  1.2263573E-01  2.8646953E-01  2.3446027E-01  1.2769482E-02  8.4067066E-04  0.0000000E+00
 0.0000000E+00  8.8875986E-04  1.2449811E-02  3.6494107E-03  7.5580037E-03  1.1613798E-01  2.7574185E-01  2.2542936E-01  1.2449811E-02  8.8875986E-04  0.0000000E+00
 0.0000000E+00  9.2763680E-04  1.2130571E-02  3.8194659E-03  7.6111745E-03  1.0969731E-01  2.6534668E-01  2.1669129E-01  1.2130571E-02  9.2763680E-04  0.0000000E+00
 0.0000000E+00  3.5645176E-12  1.4207165E-02  1.0809868E-03  6.1345660E-03  1.6363478E-01  3.5708757E-01  2.9284503E-01  1.4207165E-02  3.5646072E-12  0.0000000E+00
 0.0000000E+00  1.3858643E-04  1.3929444E-02  1.5041770E-03  6.4082571E-03  1.5875058E-01  3.4377342E-01  2.8158856E-01  1.3929444E-02  1.3858643E-04  0.0000000E+00
 0.0000000E+00  2.6017936E-04  1.3643799E-02  1.8954661E-03  6.6520450E-03  1.5318650E-01  3.3085410E-01  2.7068349E-01  1.3643799E-02  2.6017936E-04  0.0000000E+00
 0.0000000E+00  3.6622197E-04  1.3351604E-02  2.2561326E-03  6.8673740E-03  1.4710307E-01  3.1832582E-01  2.6012536E-01  1.3351604E-02  3.6622197E-04  0.0000000E+00
 0.0000000E+00  4.5805078E-04  1.3054119E-02  2.5874465E-03  7.0556632E-03  1.4064375E-01  3.0618391E-01  2.4990900E-01  1.3054119E-02  4.5805078E-04  0.0000000E+00
 0.0000000E+00  5.3690691E-04  1.2752500E-02  2.8906693E-03  7.2183051E-03  1.3393527E-01  2.9442290E-01  2.4002866E-01  1.2752500E-02  5.3690691E-04  0.0000000E+00
 0.0000000E+00  6.0394152E-04  1.2447805E-02  3.1670516E-03  7.3566633E-03  1.2708620E-01  2.8303670E-01  2.3047803E-01  1.2447805E-02  6.0394152E-04  0.0000000E+00
 0.0000000E+00  6.6022795E-04  1.2141007E-02  3.4178381E-03  7.4720798E-03  1.2019042E-01  2.7201863E-01  2.2125040E-01  1.2141007E-02  6.6022795E-04  0.0000000E+00
 0.0000000E+00  7.0676526E-04  1.1832999E-02  3.6442585E-03  7.5658657E-03  1.1332773E-01  2.6136157E-01  2.1233870E-01  1.1832999E-02  7.0676526E-04  0.0000000E+00
 0.0000000E+00  7.4448311E-04  1.1524601E-02  3.8475264E-03  7.6393002E-03  1.0656393E-01  2.5105802E-01  2.0373560E-01  1.1524601E-02  7.4448311E-04  0.0000000E+00
 0.0000000E+00  7.7426753E-04  1.1216582E-02  4.0288585E-03  7.6936535E-03  9.9954445E-02  2.4110017E-01  1.9543358E-01  1.1216582E-02  7.7426753E-04  0.0000000E+00
 0.0000000E+00  3.0260013E-12  1.3412396E-02  1.7344821E-03  6.6660968E-03  1.6266453E-01  3.2879151E-01  2.6757997E-01  1.3412396E-02  3.0260147E-12  0.0000000E+00
 0.0000000E+00  1.1724264E-04  1.3132308E-02  2.1610912E-03  6.9292757E-03  1.5611056E-01  3.1587032E-01  2.5674913E-01  1.3132308E-02  1.1724264E-04  0.0000000E+00
 0.0000000E+00  2.1934314E-04  1.2845142E-02  2.5509505E-03  7.1593097E-03  1.4909078E-01  3.0336656E-01  2.4628546E-01  1.2845142E-02  2.1934314E-04  0.0000000E+00
 0.0000000E+00  3.0767859E-04  1.2552263E-02  2.9059988E-03  7.3581846E-03  1.4175983E-01  2.9127404E-01  2.3618241E-01  1.2552262E-02  3.0767859E-04  0.0000000E+00
 0.0000000E+00  3.8351373E-04  1.2254918E-02  3.2280987E-03  7.5277981E-03  1.3425172E-01  2.7958579E-01  2.2643285E-01  1.2254917E-02  3.8351373E-04  0.0000000E+00
 0.0000000E+00  4.4801391E-04  1.1954255E-02  3.5190410E-03  7.6699624E-03  1.2668096E-01  2.6829419E-01  2.1702915E-01  1.1954254E-02  4.4801391E-04  0.0000000E+00
 0.0000000E+00  5.0225227E-04  1.1651320E-02  3.7805478E-03  7.7864115E-03  1.1914314E-01  2.5739108E-01  2.0796332E-01  1.1651320E-02  5.0225227E-04  0.0000000E+00
 0.0000000E+00  5.4722201E-04  1.1347074E-02  4.0142807E-03  7.8788092E-03  1.1171759E-01  2.4686787E-01  1.9922698E-01  1.1347074E-02  5.4722201E-04  0.0000000E+00
 0.0000000E+00  5.8384155E-04  1.1042396E-02  4.2218413E-03  7.9487480E-03  1.0446862E-01  2.3671561E-01  1.9081160E-01  1.1042396E-02  5.8384155E-04  0.0000000E+00
 0.0000000E+00  6.1295971E-04  1.0738088E-02  4.4047728E-03  7.9977561E-03  9.7446795E-02  2.2692509E-01  1.8270845E-01  1.0738088E-02  6.1295971E-04  0.0000000E+00
 0.0000000E+00  6.3538030E-04  1.0434900E-02  4.5645789E-03  8.0273133E-03  9.0691886E-02  2.1748694E-01  1.7490870E-01  1.0434900E-02  6.3538030E-04  0.0000000E+00
 0.0000000E+00  2.5088002E-12  1.2835592E-02  2.6833447E-03  7.4094765E-03  1.6171578E-01  3.0053280E-01  2.4259659E-01  1.2835592E-02  2.5087567E-12  0.0000000E+00
 0.0000000E+00  9.6937346E-05  1.2541327E-02  3.0885204E-03  7.6465935E-03  1.5324500E-01  2.8811713E-01  2.3228513E-01  1.2541327E-02  9.6937346E-05  0.0000000E+00
 0.0000000E+00  1.8087766E-04  1.2241178E-02  3.4549882E-03  7.8490967E-03  1.4460873E-01  2.7613474E-01  2.2234985E-01  1.2241178E-02  1.8087766E-04  0.0000000E+00
 0.0000000E+00  2.5304046E-04  1.1936590E-02  3.7848011E-03  8.0191089E-03  1.3594388E-01  2.6457723E-01  2.1278246E-01  1.1936590E-02  2.5304046E-04  0.0000000E+00
 0.0000000E+00  3.1454501E-04  1.1628867E-02  4.0799694E-03  8.1586898E-03  1.2736240E-01  2.5343554E-01  2.0357418E-01  1.1628867E-02  3.1454501E-04  0.0000000E+00
 0.0000000E+00  3.6642183E-04  1.1319187E-02  4.3424572E-03  8.2698327E-03  1.1895412E-01  2.4270012E-01  1.9471582E-01  1.1319187E-02  3.6642183E-04  0.0000000E+00
 0.0000000E+00  4.0961942E-04  1.1008611E-02  4.5741797E-03  8.3544638E-03  1.1078980E-01  2.3236092E-01  1.8619790E-01  1.1008611E-02  4.0961942E-04  0.0000000E+00
 0.0000000E+00  4.4501394E-04  1.0698098E-02  4.7769981E-03  8.4144384E-03  1.0292319E-01  2.2240762E-01  1.7801074E-01  1.0698098E-02  4.4501394E-04  0.0000000E+00
 0.0000000E+00  4.7341428E-04  1.0388510E-02  4.9527196E-03  8.4515444E-03  9.5393763E-02  2.1282965E-01  1.7014452E-01  1.0388510E-02  4.7341428E-04  0.0000000E+00
 0.0000000E+00  4.9556611E-04  1.0080623E-02  5.1030896E-03  8.4674940E-03  8.8228954E-02  2.0361628E-01  1.6258933E-01  1.0080623E-02  4.9556611E-04  0.0000000E+00
 0.0000000E+00  5.1217250E-04  9.7751476E-03  5.2298069E-03  8.4639418E-03  8.1445075E-02  1.9475673E-01  1.5533530E-01  9.7751477E-03  5.1217250E-04  0.0000000E+00
 0.0000000E+00  2.0386998E-12  1.2390365E-02  4.1685501E-03  8.6615154E-03  1.5744030E-01  2.7230761E-01  2.1787302E-01  1.2390365E-02  2.0385335E-12  0.0000000E+00
 0.0000000E+00  7.8615032E-05  1.2064409E-02  4.5075739E-03  8.8258459E-03  1.4731502E-01  2.6053019E-01  2.0819022E-01  1.2064409E-02  7.8615032E-05  0.0000000E+00
 0.0000000E+00  1.4636327E-04  1.1736432E-02  4.8070927E-03  8.9561297E-03  1.3739784E-01  2.4919333E-01  1.9888517E-01  1.1736432E-02  1.4636327E-04  0.0000000E+00
 0.0000000E+00  2.0427698E-04  1.1407597E-02  5.0696935E-03  9.0549002E-03  1.2777087E-01  2.3828642E-01  1.8994778E-01  1.1407597E-02  2.0427698E-04  0.0000000E+00
 0.0000000E+00  2.5330862E-04  1.1078950E-02  5.2978489E-03  9.1245616E-03  1.1849729E-01  2.2779839E-01  1.8136760E-01  1.1078950E-02  2.5330862E-04  0.0000000E+00
 0.0000000E+00  2.9433832E-04  1.0751431E-02  5.4939209E-03  9.1673956E-03  1.0962388E-01  2.1771786E-01  1.7313400E-01  1.0751431E-02  2.9433832E-04  0.0000000E+00
 0.0000000E+00  3.2817833E-04  1.0425883E-02  5.6601602E-03  9.1855632E-03  1.0118380E-01  2.0803313E-01  1.6523622E-01  1.0425883E-02  3.2817833E-04  0.0000000E+00
 0.0000000E+00  3.5557960E-04  1.0103055E-02  5.7987082E-03  9.1811065E-03  9.3198210E-02  1.9873240E-01  1.5766341E-01  1.0103055E-02  3.5557960E-04  0.0000000E+00
 0.0000000E+00  3.7723530E-04  9.7836170E-03  5.9116025E-03  9.1559567E-03  8.5678101E-02  1.8980374E-01  1.5040475E-01  9.7836170E-03  3.7723530E-04  0.0000000E+00
 0.0000000E+00  3.9378383E-04  9.4681602E-03  6.0007749E-03  9.1119339E-03  7.8626367E-02  1.8123524E-01  1.4344947E-01  9.4681602E-03  3.9378383E-04  0.0000000E+00
 0.0000000E+00  4.0582498E-04  9.1572170E-03  6.0680674E-03  9.0507635E-03  7.2038407E-02  1.7301501E-01  1.3678690E-01  9.1572170E-03  4.0582498E-04  0.0000000E+00
 0.0000000E+00  1.6256774E-12  1.1863399E-02  5.8119275E-03  9.9938234E-03  1.4878708E-01  2.4484043E-01  1.9408945E-01  1.1863399E-02  1.6258355E-12  0.0000000E+00
 0.0000000E+00  6.2565435E-05  1.1513057E-02  6.0408697E-03  1.0049450E-02  1.3787284E-01  2.3380431E-01  1.8511660E-01  1.1513057E-02  6.2565435E-05  0.0000000E+00
 0.0000000E+00  1.1623362E-04  1.1164453E-02  6.2360896E-03  1.0077472E-02  1.2740972E-01  2.2320408E-01  1.7651177E-01  1.1164453E-02  1.1623362E-04  0.0000000E+00
 0.0000000E+00  1.6186007E-04  1.0818424E-02  6.3998273E-03  1.0080034E-02  1.1744291E-01  2.1302795E-01  1.6826417E-01  1.0818424E-02  1.6186007E-04  0.0000000E+00
 0.0000000E+00  2.0023716E-04  1.0475720E-02  6.5342480E-03  1.0059184E-02  1.0800299E-01  2.0326383E-01  1.6036275E-01  1.0475720E-02  2.0023716E-04  0.0000000E+00
 0.0000000E+00  2.3209928E-04  1.0137009E-02  6.6414385E-03  1.0016878E-02  9.9108214E-02  1.9389931E-01  1.5279633E-01  1.0137009E-02  2.3209928E-04  0.0000000E+00
 0.0000000E+00  2.5812574E-04  9.8028830E-03  6.7234009E-03  9.9549756E-03  9.0765034E-02  1.8492187E-01  1.4555366E-01  9.8028830E-03  2.5812574E-04  0.0000000E+00
 0.0000000E+00  2.7894486E-04  9.4738642E-03  6.7820528E-03  9.8752422E-03  8.2972181E-02  1.7631892E-01  1.3862352E-01  9.4738643E-03  2.7894486E-04  0.0000000E+00
 0.0000000E+00  2.9513699E-04  9.1504097E-03  6.8192241E-03  9.7793499E-03  7.5721402E-02  1.6807785E-01  1.3199473E-01  9.1504098E-03  2.9513699E-04  0.0000000E+00
 0.0000000E+00  3.0723607E-04  8.8329148E-03  6.8366559E-03  9.6688784E-03  6.8998382E-02  1.6018612E-01  1.2565622E-01  8.8329148E-03  3.0723607E-04  0.0000000E+00
 0.0000000E+00  3.1574230E-04  8.5217279E-03  6.8360085E-03  9.5453238E-03  6.2784274E-02  1.5263134E-01  1.1959710E-01  8.5217279E-03  3.1574230E-04  0.0000000E+00
 0.0000000E+00  1.2698311E-12  1.1248690E-02  7.1545173E-03  1.0977091E-02  1.3759626E-01  2.1880865E-01  1.7185203E-01  1.1248690E-02  1.2699146E-12  0.0000000E+00
 0.0000000E+00  4.8775813E-05  1.0885762E-02  7.2899863E-03  1.0945388E-02  1.2641991E-01  2.0853635E-01  1.6359098E-01  1.0885762E-02  4.8775813E-05  0.0000000E+00
 0.0000000E+00  9.0428317E-05  1.0527178E-02  7.3960083E-03  1.0891039E-02  1.1587636E-01  1.9869172E-01  1.5568634E-01  1.0527178E-02  9.0428317E-05  0.0000000E+00
 0.0000000E+00  1.2564713E-04  1.0173594E-02  7.4747727E-03  1.0815975E-02  1.0597826E-01  1.8926194E-01  1.4812650E-01  1.0173594E-02  1.2564713E-04  0.0000000E+00
 0.0000000E+00  1.5507496E-04  9.8255863E-03  7.5283670E-03  1.0722032E-02  9.6727102E-02  1.8023397E-01  1.4089977E-01  9.8255864E-03  1.5507496E-04  0.0000000E+00
 0.0000000E+00  1.7931014E-04  9.4836546E-03  7.5587809E-03  1.0610958E-02  8.8115089E-02  1.7159461E-01  1.3399443E-01  9.4836547E-03  1.7931014E-04  0.0000000E+00
 0.0000000E+00  1.9890752E-04  9.1482281E-03  7.5679025E-03  1.0484411E-02  8.0128755E-02  1.6333061E-01  1.2739880E-01  9.1482282E-03  1.9890752E-04  0.0000000E+00
 0.0000000E+00  2.1438152E-04  8.8196720E-03  7.5575224E-03  1.0343957E-02  7.2747921E-02  1.5542874E-01  1.2110129E-01  8.8196721E-03  2.1438152E-04  0.0000000E+00
 0.0000000E+00  2.2620714E-04  8.4982924E-03  7.5293356E-03  1.0191075E-02  6.5947786E-02  1.4787588E-01  1.1509046E-01  8.4982924E-03  2.2620714E-04  0.0000000E+00
 0.0000000E+00  2.3482122E-04  8.1843401E-03  7.4849416E-03  1.0027157E-02  5.9700997E-02  1.4065902E-01  1.0935507E-01  8.1843402E-03  2.3482122E-04  0.0000000E+00
 0.0000000E+00  2.4063144E-04  7.8780232E-03  7.4258558E-03  9.8535191E-03  5.3977005E-02  1.3376536E-01  1.0388409E-01  7.8780232E-03  2.4063144E-04  0.0000000E+00
 0.0000000E+00  0.0000000E+00  1.0606501E-02  8.3075262E-03  1.1719652E-02  1.2499474E-01  1.9418609E-01  1.5108628E-01  1.0606501E-02  0.0000000E+00  0.0000000E+00
 0.0000000E+00  3.7033457E-05  1.0235689E-02  8.3578374E-03  1.1618149E-02  1.1403318E-01  1.8469795E-01  1.4354377E-01  1.0235689E-02  3.7033457E-05  0.0000000E+00
 0.0000000E+00  6.8520131E-05  9.8718783E-03  8.3834047E-03  1.1498032E-02  1.0380106E-01  1.7562538E-01  1.3634173E-01  9.8718784E-03  6.8520131E-05  0.0000000E+00
 0.0000000E+00  9.5001796E-05  9.5154548E-03  8.3860585E-03  1.1360941E-02  9.4289162E-02  1.6695476E-01  1.2946832E-01  9.5154549E-03  9.5001796E-05  0.0000000E+00
 0.0000000E+00  1.1698525E-04  9.1667465E-03  8.3675779E-03  1.1208465E-02  8.5481020E-02  1.5867235E-01  1.2291165E-01  9.1667466E-03  1.1698525E-04  0.0000000E+00
 0.0000000E+00  1.3494366E-04  8.8260278E-03  8.3296837E-03  1.1042131E-02  7.7354385E-02  1.5076433E-01  1.1665988E-01  8.8260279E-03  1.3494366E-04  0.0000000E+00
 0.0000000E+00  1.4931702E-04  8.4935227E-03  8.2740335E-03  1.0863400E-02  6.9881337E-02  1.4321695E-01  1.1070124E-01  8.4935228E-03  1.4931702E-04  0.0000000E+00
 0.0000000E+00  1.6051337E-04  8.1694088E-03  8.2022166E-03  1.0673669E-02  6.3031143E-02  1.3601653E-01  1.0502409E-01  8.1694090E-03  1.6051337E-04  0.0000000E+00
 0.0000000E+00  1.6891007E-04  7.8538222E-03  8.1157537E-03  1.0474266E-02  5.6770725E-02  1.2914959E-01  9.9616993E-02  7.8538223E-03  1.6891007E-04  0.0000000E+00
 0.0000000E+00  1.7485389E-04  7.5468581E-03  8.0160918E-03  1.0266449E-02  5.1065066E-02  1.2260282E-01  9.4468735E-02  7.5468582E-03  1.7485389E-04  0.0000000E+00
 0.0000000E+00  1.7866744E-04  7.2485804E-03  7.9046069E-03  1.0051407E-02  4.5878384E-02  1.1636324E-01  8.9568370E-02  7.2485805E-03  1.7866744E-04  0.0000000E+00
 0.0000000E+00  0.0000000E+00  9.9520313E-03  9.2729290E-03  1.2305589E-02  1.1239667E-01  1.7107382E-01  1.3190609E-01  9.9520317E-03  0.0000000E+00  0.0000000E+00
 0.0000000E+00  2.7132803E-05  9.5789638E-03  9.2510620E-03  1.2148289E-02  1.0181135E-01  1.6237834E-01  1.2506705E-01  9.5789642E-03  2.7132803E-05  0.0000000E+00
 0.0000000E+00  5.0133453E-05  9.2148499E-03  9.2069675E-03  1.1974265E-02  9.2018521E-02  1.5408321E-01  1.1855165E-01  9.2148502E-03  5.0133453E-05  0.0000000E+00
 0.0000000E+00  6.9398659E-05  8.8599002E-03  9.1425367E-03  1.1785200E-02  8.2995888E-02  1.4617416E-01  1.1234773E-01  8.8599004E-03  6.9398659E-05  0.0000000E+00
 0.0000000E+00  8.5303749E-05  8.5142788E-03  9.0595988E-03  1.1582725E-02  7.4714328E-02  1.3863685E-01  1.0644314E-01  8.5142790E-03  8.5303749E-05  0.0000000E+00
 0.0000000E+00  9.8202410E-05  8.1781070E-03  8.9599106E-03  1.1368401E-02  6.7139496E-02  1.3145701E-01  1.0082587E-01  8.1781072E-03  9.8202410E-05  0.0000000E+00
 0.0000000E+00  1.0842605E-04  7.8514652E-03  8.8451511E-03  1.1143722E-02  6.0234126E-02  1.2462051E-01  9.5484033E-02  7.8514654E-03  1.0842605E-04  0.0000000E+00
 0.0000000E+00  1.1628380E-04  7.5343965E-03  8.7169161E-03  1.0910103E-02  5.3958185E-02  1.1811341E-01  9.0405991E-02  7.5343967E-03  1.1628380E-04  0.0000000E+00
 0.0000000E+00  1.2206264E-04  7.2269095E-03  8.5767206E-03  1.0668887E-02  4.8270216E-02  1.1192197E-01  8.5580319E-02  7.2269097E-03  1.2206264E-04  0.0000000E+00
 0.0000000E+00  1.2602700E-04  6.9289807E-03  8.4259909E-03  1.0421333E-02  4.3128663E-02  1.0603281E-01  8.0995901E-02  6.9289808E-03  1.2602700E-04  0.0000000E+00
 0.0000000E+00  1.2842281E-04  6.6405608E-03  8.2660710E-03  1.0168625E-02  3.8491692E-02  1.0043283E-01  7.6641912E-02  6.6405609E-03  1.2842281E-04  0.0000000E+00
 0.0000000E+00  0.0000000E+00  9.2745851E-03  1.0068145E-02  1.2811482E-02  9.9684307E-02  1.4955965E-01  1.1436667E-01  9.2745851E-03  0.0000000E+00  0.0000000E+00
 0.0000000E+00  1.8991049E-05  8.9029126E-03  9.9836033E-03  1.2603982E-02  8.9636842E-02  1.4164849E-01  1.0820355E-01  8.9029126E-03  1.8991049E-05  0.0000000E+00
 0.0000000E+00  3.5068855E-05  8.5421999E-03  9.8790343E-03  1.2380981E-02  8.0429935E-02  1.3412058E-01  1.0234623E-01  8.5421999E-03  3.5068855E-05  0.0000000E+00
 0.0000000E+00  4.8499466E-05  8.1924280E-03  9.7563567E-03  1.2144307E-02  7.2024732E-02  1.2696102E-01  9.6782356E-02  8.1924280E-03  4.8499466E-05  0.0000000E+00
 0.0000000E+00  5.9540096E-05  7.8535501E-03  9.6174149E-03  1.1895711E-02  6.4378325E-02  1.2015501E-01  9.1499678E-02  7.8535501E-03  5.9540096E-05  0.0000000E+00
 0.0000000E+00  6.8437420E-05  7.5254936E-03  9.4639756E-03  1.1636861E-02  5.7445147E-02  1.1368790E-01  8.6486126E-02  7.5254937E-03  6.8437420E-05  0.0000000E+00
 0.0000000E+00  7.5426074E-05  7.2081615E-03  9.2977184E-03  1.1369334E-02  5.1177764E-02  1.0754528E-01  8.1729855E-02  7.2081616E-03  7.5426074E-05  0.0000000E+00
 0.0000000E+00  8.0727175E-05  6.9014345E-03  9.1202352E-03  1.1094616E-02  4.5528543E-02  1.0171301E-01  7.7219289E-02  6.9014345E-03  8.0727175E-05  0.0000000E+00
 0.0000000E+00  8.4547796E-05  6.6051736E-03  8.9330292E-03  1.0814100E-02  4.0450258E-02  9.6177248E-02  7.2943135E-02  6.6051736E-03  8.4547796E-05  0.0000000E+00
 0.0000000E+00  8.7079858E-05  6.3192209E-03  8.7375107E-03  1.0529086E-02  3.5896596E-02  9.0924564E-02  6.8890446E-02  6.3192209E-03  8.7079858E-05  0.0000000E+00
 0.0000000E+00  8.8501484E-05  6.0434031E-03  8.5350003E-03  1.0240782E-02  3.1822496E-02  8.5941899E-02  6.5050611E-02  6.0434031E-03  8.8501484E-05  0.0000000E+00
 0.0000000E+00  0.0000000E+00  8.5661807E-03  1.0977368E-02  1.3492337E-02  8.7432726E-02  1.2941801E-01  9.8166043E-02  8.5661807E-03  0.0000000E+00  0.0000000E+00
 0.0000000E+00  1.2355686E-05  8.2046117E-03  1.0823555E-02  1.3220195E-02  7.8051143E-02  1.2229484E-01  9.2659536E-02  8.2046117E-03  1.2355686E-05  0.0000000E+00
 0.0000000E+00  2.2852965E-05  7.8551153E-03  1.0650797E-02  1.2933780E-02  6.9521980E-02  1.1553538E-01  8.7441215E-02  7.8551153E-03  2.2852965E-05  0.0000000E+00
 0.0000000E+00  3.1636609E-05  7.5175029E-03  1.0461327E-02  1.2635224E-02  6.1797731E-02  1.0912415E-01  8.2498340E-02  7.5175030E-03  3.1636609E-05  0.0000000E+00
 0.0000000E+00  3.8855066E-05  7.1915776E-03  1.0257271E-02  1.2326543E-02  5.4827598E-02  1.0304589E-01  7.7818405E-02  7.1915776E-03  3.8855066E-05  0.0000000E+00
 0.0000000E+00  4.4657238E-05  6.8771329E-03  1.0040639E-02  1.2009629E-02  4.8558952E-02  9.7285647E-02  7.3389177E-02  6.8771329E-03  4.4657238E-05  0.0000000E+00
 0.0000000E+00  4.9190177E-05  6.5739539E-03  9.8133202E-03  1.1686248E-02  4.2938982E-02  9.1828792E-02  6.9198736E-02  6.5739539E-03  4.9190177E-05  0.0000000E+00
 0.0000000E+00  5.2595935E-05  6.2818160E-03  9.5770776E-03  1.1358036E-02  3.7915282E-02  8.6661096E-02  6.5235509E-02  6.2818160E-03  5.2595935E-05  0.0000000E+00
 0.0000000E+00  5.5010512E-05  6.0004855E-03  9.3335543E-03  1.1026507E-02  3.3436646E-02  8.1768750E-02  6.1488296E-02  6.0004855E-03  5.5010512E-05  0.0000000E+00
 0.0000000E+00  5.6561931E-05  5.7297207E-03  9.0842675E-03  1.0693047E-02  2.9453953E-02  7.7138372E-02  5.7946272E-02  5.7297207E-03  5.6561931E-05  0.0000000E+00
 0.0000000E+00  5.7369290E-05  5.4692716E-03  8.8306140E-03  1.0358921E-02  2.5919826E-02  7.2757070E-02  5.4599031E-02  5.4692716E-03  5.7369290E-05  0.0000000E+00
 0.0000000E+00  0.0000000E+00  7.8907096E-03  1.2149965E-02  1.4441323E-02  7.6171240E-02  1.1051715E-01  8.3016447E-02  7.8907096E-03  0.0000000E+00  0.0000000E+00
 0.0000000E+00  7.1074492E-06  7.5411920E-03  1.1879253E-02  1.4058760E-02  6.7379585E-02  1.0420926E-01  7.8188913E-02  7.5411920E-03  7.1074492E-06  0.0000000E+00
 0.0000000E+00  1.3256558E-05  7.2044787E-03  1.1595381E-02  1.3667614E-02  5.9471533E-02  9.8239337E-02  7.3626783E-02  7.2044787E-03  1.3256558E-05  0.0000000E+00
 0.0000000E+00  1.8475537E-05  6.8802644E-03  1.1300694E-02  1.3270111E-02  5.2385609E-02  9.2591742E-02  6.9317246E-02  6.8802643E-03  1.8475537E-05  0.0000000E+00
 0.0000000E+00  2.2810925E-05  6.5682471E-03  1.0997361E-02  1.2868300E-02  4.6059019E-02  8.7251214E-02  6.5247845E-02  6.5682471E-03  2.2810925E-05  0.0000000E+00
 0.0000000E+00  2.6322415E-05  6.2681266E-03  1.0687383E-02  1.2464059E-02  4.0429086E-02  8.2202879E-02  6.1406492E-02  6.2681266E-03  2.6322415E-05  0.0000000E+00
 0.0000000E+00  2.9078285E-05  5.9796018E-03  1.0372584E-02  1.2059088E-02  3.5434438E-02  7.7432335E-02  5.7781523E-02  5.9796018E-03  2.9078285E-05  0.0000000E+00
 0.0000000E+00  3.1151096E-05  5.7023705E-03  1.0054626E-02  1.1654922E-02  3.1015996E-02  7.2925645E-02  5.4361698E-02  5.7023705E-03  3.1151096E-05  0.0000000E+00
 0.0000000E+00  3.2615763E-05  5.4361299E-03  9.7350148E-03  1.1252939E-02  2.7117474E-02  6.8669366E-02  5.1136207E-02  5.4361299E-03  3.2615763E-05  0.0000000E+00
 0.0000000E+00  3.3546105E-05  5.1805751E-03  9.4151021E-03  1.0854366E-02  2.3685923E-02  6.4650576E-02  4.8094692E-02  5.1805751E-03  3.3546105E-05  0.0000000E+00
 0.0000000E+00  3.4012061E-05  4.9353983E-03  9.0960956E-03  1.0460281E-02  2.0671290E-02  6.0856868E-02  4.5227237E-02  4.9353983E-03  3.4012061E-05  0.0000000E+00
 0.0000000E+00  0.0000000E+00  7.2442345E-03  1.3175416E-02  1.5279413E-02  6.4840932E-02  9.3182498E-02  6.9242079E-02  7.2442346E-03  0.0000000E+00  0.0000000E+00
 0.0000000E+00  3.2988356E-06  6.9069104E-03  1.2766129E-02  1.4761252E-02  5.6741437E-02  8.7699900E-02  6.5098916E-02  6.9069105E-03  3.2988356E-06  0.0000000E+00
 0.0000000E+00  6.3186407E-06  6.5831689E-03  1.2354814E-02  1.4245759E-02  4.9556073E-02  8.2521586E-02  6.1191097E-02  6.5831689E-03  6.3186407E-06  0.0000000E+00
 0.0000000E+00  8.9942262E-06  6.2725659E-03  1.1943174E-02  1.3734537E-02  4.3203784E-02  7.7632674E-02  5.7506671E-02  6.2725659E-03  8.9942262E-06  0.0000000E+00
 0.0000000E+00  1.1292182E-05  5.9746768E-03  1.1532744E-02  1.3229005E-02  3.7605825E-02  7.3018750E-02  5.4034107E-02  5.9746769E-03  1.1292182E-05  0.0000000E+00
 0.0000000E+00  1.3202121E-05  5.6890916E-03  1.1124894E-02  1.2730416E-02  3.2686848E-02  6.8665875E-02  5.0762295E-02  5.6890916E-03  1.3202121E-05  0.0000000E+00
 0.0000000E+00  1.4733604E-05  5.4154152E-03  1.0720856E-02  1.2239869E-02  2.8376229E-02  6.4560608E-02  4.7680558E-02  5.4154152E-03  1.4733604E-05  0.0000000E+00
 0.0000000E+00  1.5907810E-05  5.1532620E-03  1.0321719E-02  1.1758319E-02  2.4608087E-02  6.0689994E-02  4.4778640E-02  5.1532621E-03  1.5907810E-05  0.0000000E+00
 0.0000000E+00  1.6751977E-05  4.9022519E-03  9.9284309E-03  1.1286575E-02  2.1321403E-02  5.7041609E-02  4.2046733E-02  4.9022519E-03  1.6751977E-05  0.0000000E+00
 0.0000000E+00  1.7299042E-05  4.6620127E-03  9.5418235E-03  1.0825327E-02  1.8460493E-02  5.3603534E-02  3.9475455E-02  4.6620127E-03  1.7299042E-05  0.0000000E+00
 0.0000000E+00  1.7579952E-05  4.4321744E-03  9.1626069E-03  1.0375142E-02  1.5973778E-02  5.0364363E-02  3.7055850E-02  4.4321744E-03  1.7579952E-05  0.0000000E+00
 0.0000000E+00  0.0000000E+00  6.6057922E-03  1.3744711E-02  1.5648529E-02  5.2963160E-02  7.7900785E-02  5.7279672E-02  6.6057923E-03  0.0000000E+00  0.0000000E+00
 0.0000000E+00  7.8553937E-07  6.2842113E-03  1.3223390E-02  1.5020961E-02  4.5868977E-02  7.3179501E-02  5.3754884E-02  6.2842113E-03  7.8553937E-07  0.0000000E+00
 0.0000000E+00  1.7283231E-06  5.9765236E-03  1.2709754E-02  1.4406372E-02  3.9659597E-02  6.8728858E-02  5.0436601E-02  5.9765237E-03  1.7283231E-06  0.0000000E+00
 0.0000000E+00  2.7091362E-06  5.6822009E-03  1.2204917E-02  1.3805680E-02  3.4239725E-02  6.4535119E-02  4.7313941E-02  5.6822009E-03  2.7091362E-06  0.0000000E+00
 0.0000000E+00  3.6470918E-06  5.4007450E-03  1.1709854E-02  1.3219659E-02  2.9521148E-02  6.0584988E-02  4.4376425E-02  5.4007450E-03  3.6470918E-06  0.0000000E+00
 0.0000000E+00  4.4900674E-06  5.1316813E-03  1.1225407E-02  1.2648952E-02  2.5422841E-02  5.6865639E-02  4.1613979E-02  5.1316813E-03  4.4900674E-06  0.0000000E+00
 0.0000000E+00  5.2091716E-06  4.8745550E-03  1.0752292E-02  1.2094077E-02  2.1871374E-02  5.3364728E-02  3.9016942E-02  4.8745550E-03  5.2091716E-06  0.0000000E+00
 0.0000000E+00  5.7915166E-06  4.6289267E-03  1.0291107E-02  1.1555436E-02  1.8800173E-02  5.0070400E-02  3.6576068E-02  4.6289267E-03  5.7915166E-06  0.0000000E+00
 0.0000000E+00  6.2342296E-06  4.3943694E-03  9.8423308E-03  1.1033317E-02  1.6149245E-02  4.6971303E-02  3.4282530E-02  4.3943694E-03  6.2342296E-06  0.0000000E+00
 0.0000000E+00  6.5428570E-06  4.1704678E-03  9.4063429E-03  1.0527911E-02  1.3865072E-02  4.4056578E-02  3.2127910E-02  4.1704678E-03  6.5428570E-06  0.0000000E+00
 0.0000000E+00  6.7234983E-06  3.9568129E-03  8.9834201E-03  1.0039311E-02  1.1899523E-02  4.1315864E-02  3.0104192E-02  3.9568129E-03  6.7234983E-06  0.0000000E+00
 0.0000000E+00  0.0000000E+00  5.9961746E-03  1.3885135E-02  1.5553038E-02  4.1519386E-02  6.4611247E-02  4.7018095E-02  5.9961745E-03  0.0000000E+00  0.0000000E+00
 0.0000000E+00 -7.7330357E-07  5.6920613E-03  1.3274069E-02  1.4844260E-02  3.5625896E-02  6.0569358E-02  4.4037405E-02  5.6920613E-03 -7.7330357E-07  0.0000000E+00
 0.0000000E+00 -1.1306765E-06  5.4018129E-03  1.2679860E-02  1.4157502E-02  3.0519708E-02  5.6767925E-02  4.1237557E-02  5.4018129E-03 -1.1306765E-06  0.0000000E+00
 0.0000000E+00 -1.2168872E-06  5.1248597E-03  1.2103025E-02  1.3493069E-02  2.6107225E-02  5.3194151E-02  3.8608597E-02  5.1248597E-03 -1.2168872E-06  0.0000000E+00
 0.0000000E+00 -1.1372159E-06  4.8606651E-03  1.1543971E-02  1.2851157E-02  2.2303634E-02  4.9835669E-02  3.6140946E-02  4.8606650E-03 -1.1372159E-06  0.0000000E+00
 0.0000000E+00 -9.6529051E-07  4.6087200E-03  1.1002997E-02  1.2231856E-02  1.9032572E-02  4.6680573E-02  3.3825409E-02  4.6087200E-03 -9.6529051E-07  0.0000000E+00
 0.0000000E+00 -7.5378321E-07  4.3685353E-03  1.0480286E-02  1.1635140E-02  1.6225631E-02  4.3717459E-02  3.1653211E-02  4.3685352E-03 -7.5378321E-07  0.0000000E+00
 0.0000000E+00 -5.3826844E-07  4.1396397E-03  9.9759177E-03  1.1060888E-02  1.3821869E-02  4.0935417E-02  2.9615983E-02  4.1396397E-03 -5.3826844E-07  0.0000000E+00
 0.0000000E+00 -3.3838638E-07  3.9215820E-03  9.4898919E-03  1.0508901E-02  1.1767274E-02  3.8324023E-02  2.7705750E-02  3.9215820E-03 -3.3838638E-07  0.0000000E+00
 0.0000000E+00 -1.6589961E-07  3.7139234E-03  9.0221170E-03  9.9788955E-03  1.0014193E-02  3.5873356E-02  2.5914946E-02  3.7139234E-03 -1.6589961E-07  0.0000000E+00
 0.0000000E+00 -2.5932656E-08  3.5162389E-03  8.5724288E-03  9.4705208E-03  8.5207652E-03  3.3573991E-02  2.4236399E-02  3.5162388E-03 -2.5932656E-08  0.0000000E+00
 0.0000000E+00  0.0000000E+00  5.4166295E-03  1.3567876E-02  1.5006270E-02  3.1426996E-02  5.3007151E-02  3.8193187E-02  5.4166295E-03  0.0000000E+00  0.0000000E+00
 0.0000000E+00 -1.5949725E-06  5.1295588E-03  1.2890894E-02  1.4240544E-02  2.6691644E-02  4.9593448E-02  3.5707209E-02  5.1295587E-03 -1.5949725E-06  0.0000000E+00
 0.0000000E+00 -2.6489919E-06  4.8563874E-03  1.2240523E-02  1.3506451E-02  2.2631474E-02  4.6388585E-02  3.3375725E-02  4.8563873E-03 -2.6489919E-06  0.0000000E+00
 0.0000000E+00 -3.3141280E-06  4.5964946E-03  1.1616353E-02  1.2803349E-02  1.9159845E-02  4.3381189E-02  3.1190092E-02  4.5964946E-03 -3.3141280E-06  0.0000000E+00
 0.0000000E+00 -3.7041899E-06  4.3492950E-03  1.1017921E-02  1.2130544E-02  1.6199140E-02  4.0560286E-02  2.9141996E-02  4.3492950E-03 -3.7041899E-06  0.0000000E+00
 0.0000000E+00 -3.9033138E-06  4.1142332E-03  1.0444717E-02  1.1487301E-02  1.3680318E-02  3.7915323E-02  2.7223467E-02  4.1142332E-03 -3.9033138E-06  0.0000000E+00
 0.0000000E+00 -3.9725911E-06  3.8907790E-03  9.8961859E-03  1.0872848E-02  1.1542311E-02  3.5436177E-02  2.5426879E-02  3.8907790E-03 -3.9725911E-06  0.0000000E+00
 0.0000000E+00 -3.9563070E-06  3.6784247E-03  9.3717326E-03  1.0286377E-02  9.7313713E-03  3.3113175E-02  2.3744963E-02  3.6784247E-03 -3.9563070E-06  0.0000000E+00
 0.0000000E+00 -3.8856861E-06  3.4766826E-03  8.8707255E-03  9.7270492E-03  8.2004661E-03  3.0937088E-02  2.2170802E-02  3.4766826E-03 -3.8856861E-06  0.0000000E+00
 0.0000000E+00 -3.7820434E-06  3.2850836E-03  8.3925047E-03  9.1940078E-03  6.9086217E-03  2.8899134E-02  2.0697827E-02  3.2850836E-03 -3.7820434E-06  0.0000000E+00
 0.0000000E+00 -3.6596112E-06  3.1031759E-03  7.9363872E-03  8.6863790E-03  5.8202884E-03  2.6990975E-02  1.9319814E-02  3.1031759E-03 -3.6596112E-06  0.0000000E+00
 0.0000000E+00  0.0000000E+00  4.8436843E-03  1.2750976E-02  1.3965711E-02  2.2758262E-02  4.3015463E-02  3.0721369E-02  4.8436843E-03  0.0000000E+00  0.0000000E+00
 0.0000000E+00 -1.8948899E-06  4.5768422E-03  1.2055799E-02  1.3191888E-02  1.9092333E-02  4.0155374E-02  2.8661517E-02  4.5768421E-03 -1.8948899E-06  0.0000000E+00
 0.0000000E+00 -3.2232155E-06  4.3235192E-03  1.1392723E-02  1.2454887E-02  1.5988214E-02  3.7477177E-02  2.6734419E-02  4.3235192E-03 -3.2232155E-06  0.0000000E+00
 0.0000000E+00 -4.1299446E-06  4.0830801E-03  1.0760822E-02  1.1753541E-02  1.3367327E-02  3.4970332E-02  2.4932188E-02  4.0830801E-03 -4.1299446E-06  0.0000000E+00
 0.0000000E+00 -4.7250526E-06  3.8549256E-03  1.0159141E-02  1.1086661E-02  1.1160410E-02  3.2624745E-02  2.3247298E-02  3.8549256E-03 -4.7250526E-06  0.0000000E+00
 0.0000000E+00 -5.0904637E-06  3.6384884E-03  9.5866998E-03  1.0453041E-02  9.3068408E-03  3.0430778E-02  2.1672585E-02  3.6384884E-03 -5.0904637E-06  0.0000000E+00
 0.0000000E+00 -5.2891919E-06  3.4332266E-03  9.0424969E-03  9.8514598E-03  7.7537648E-03  2.8379260E-02  2.0201250E-02  3.4332266E-03 -5.2891919E-06  0.0000000E+00
 0.0000000E+00 -5.3683532E-06  3.2386223E-03  8.5255172E-03  9.2806911E-03  6.4553653E-03  2.6461475E-02  1.8826849E-02  3.2386223E-03 -5.3683532E-06  0.0000000E+00
 0.0000000E+00 -5.3606851E-06  3.0541808E-03  8.0347433E-03  8.7395143E-03  5.3721410E-03  2.4669148E-02  1.7543276E-02  3.0541808E-03 -5.3606851E-06  0.0000000E+00
 0.0000000E+00 -5.2909740E-06  2.8794271E-03  7.5691545E-03  8.2267139E-03  4.4701711E-03  2.2994449E-02  1.6344770E-02  2.8794271E-03 -5.2909740E-06  0.0000000E+00
 0.0000000E+00 -5.1771885E-06  2.7139046E-03  7.1277334E-03  7.7410866E-03  3.7204393E-03  2.1429981E-02  1.5225896E-02  2.7139046E-03 -5.1771885E-06  0.0000000E+00
 0.0000000E+00  0.0000000E+00  4.2952779E-03  1.1617186E-02  1.2619529E-02  1.5416862E-02  3.4423429E-02  2.4397007E-02  4.2952779E-03  0.0000000E+00  0.0000000E+00
 0.0000000E+00 -1.8332956E-06  4.0500779E-03  1.0933489E-02  1.1867800E-02  1.2737156E-02  3.2069544E-02  2.2719855E-02  4.0500779E-03 -1.8332956E-06  0.0000000E+00
 0.0000000E+00 -3.1488287E-06  3.8176952E-03  1.0285721E-02  1.1156320E-02  1.0501902E-02  2.9869082E-02  2.1152919E-02  3.8176952E-03 -3.1488287E-06  0.0000000E+00
 0.0000000E+00 -4.0724272E-06  3.5975343E-03  9.6724040E-03  1.0483372E-02  8.6430562E-03  2.7813070E-02  1.9689653E-02  3.5975343E-03 -4.0724272E-06  0.0000000E+00
 0.0000000E+00 -4.7001930E-06  3.3890263E-03  9.0920788E-03  9.8472682E-03  7.1016536E-03  2.5892887E-02  1.8323784E-02  3.3890263E-03 -4.7001930E-06  0.0000000E+00
 0.0000000E+00 -5.1042264E-06  3.1916267E-03  8.5433111E-03  9.2463524E-03  5.8270756E-03  2.4100277E-02  1.7049313E-02  3.1916267E-03 -5.1042264E-06  0.0000000E+00
 0.0000000E+00 -5.3411077E-06  3.0048107E-03  8.0246912E-03  8.6790026E-03  4.7759057E-03  2.2427371E-02  1.5860534E-02  3.0048107E-03 -5.3411077E-06  0.0000000E+00
 0.0000000E+00 -5.4542447E-06  2.8280739E-03  7.5348378E-03  8.1436334E-03  3.9111258E-03  2.0866682E-02  1.4752025E-02  2.8280739E-03 -5.4542447E-06  0.0000000E+00
 0.0000000E+00 -5.4739308E-06  2.6609332E-03  7.0724054E-03  7.6387050E-03  3.2013908E-03  1.9411098E-02  1.3718645E-02  2.6609332E-03 -5.4739308E-06  0.0000000E+00
 0.0000000E+00 -5.4239290E-06  2.5029232E-03  6.6360817E-03  7.1627194E-03  2.6202253E-03  1.8053893E-02  1.2755538E-02  2.5029232E-03 -5.4239290E-06  0.0000000E+00
 0.0000000E+00 -5.3219559E-06  2.3535965E-03  6.2245923E-03  6.7142259E-03  2.1453466E-03  1.6788710E-02  1.1858118E-02  2.3535965E-03 -5.3219559E-06  0.0000000E+00
 0.0000000E+00  0.0000000E+00  3.7856327E-03  1.0233396E-02  1.1041881E-02  9.4785297E-03  2.7271487E-02  1.9234501E-02  3.7856328E-03  0.0000000E+00  0.0000000E+00
 0.0000000E+00 -1.5758363E-06  3.5620646E-03  9.5942836E-03  1.0345234E-02  7.6766632E-03  2.5342211E-02  1.7868591E-02  3.5620646E-03 -1.5758363E-06  0.0000000E+00
 0.0000000E+00 -2.7221729E-06  3.3505034E-03  8.9915437E-03  9.6888176E-03  6.1989882E-03  2.3544036E-02  1.6596084E-02  3.3505034E-03 -2.7221729E-06  0.0000000E+00
 0.0000000E+00 -3.5394191E-06  3.1503825E-03  8.4234779E-03  9.0707062E-03  4.9915337E-03  2.1868706E-02  1.5411023E-02  3.1503826E-03 -3.5394191E-06  0.0000000E+00
 0.0000000E+00 -4.1047556E-06  2.9611616E-03  7.8884241E-03  8.4890180E-03  4.0084681E-03  2.0308397E-02  1.4307773E-02  2.9611617E-03 -4.1047556E-06  0.0000000E+00
 0.0000000E+00 -4.4773855E-06  2.7823233E-03  7.3847591E-03  7.9419195E-03  3.2109603E-03  1.8855698E-02  1.3281008E-02  2.7823233E-03 -4.4773855E-06  0.0000000E+00
 0.0000000E+00 -4.7028191E-06  2.6133711E-03  6.9109037E-03  7.4276311E-03  2.5663239E-03  1.7503605E-02  1.2325702E-02  2.6133711E-03 -4.7028191E-06  0.0000000E+00
 0.0000000E+00 -4.8159549E-06  2.4538276E-03  6.4653258E-03  6.9444298E-03  2.0471657E-03  1.6245507E-02  1.1437116E-02  2.4538277E-03 -4.8159549E-06  0.0000000E+00
 0.0000000E+00 -4.8436452E-06  2.3032337E-03  6.0465423E-03  6.4906515E-03  1.6305837E-03  1.5075172E-02  1.0610793E-02  2.3032338E-03 -4.8436452E-06  0.0000000E+00
 0.0000000E+00 -4.8064561E-06  2.1611476E-03  5.6531229E-03  6.0646938E-03  1.2975232E-03  1.3986735E-02  9.8425411E-03  2.1611476E-03 -4.8064561E-06  0.0000000E+00
 0.0000000E+00 -4.7203094E-06  2.0271441E-03  5.2836907E-03  5.6650180E-03  1.0322091E-03  1.2974686E-02  9.1284246E-03  2.0271442E-03 -4.7203094E-06  0.0000000E+00
 0.0000000E+00  0.0000000E+00  3.3643662E-03  8.7857641E-03  9.4185466E-03  5.0468766E-03  2.1244899E-02  1.4932094E-02  3.3643663E-03  0.0000000E+00  0.0000000E+00
 0.0000000E+00 -1.2418159E-06  3.1554487E-03  8.2063260E-03  8.7917461E-03  3.9454524E-03  1.9692412E-02  1.3838194E-02  3.1554487E-03 -1.2418159E-06  0.0000000E+00
 0.0000000E+00 -2.1531635E-06  2.9582287E-03  7.6622497E-03  8.2036878E-03  3.0638663E-03  1.8248702E-02  1.2821235E-02  2.9582288E-03 -2.1531635E-06  0.0000000E+00
 0.0000000E+00 -2.8091262E-06  2.7721711E-03  7.1516930E-03  7.6523111E-03  2.3623308E-03  1.6906787E-02  1.1876238E-02  2.7721711E-03 -2.8091262E-06  0.0000000E+00
 0.0000000E+00 -3.2676358E-06  2.5967549E-03  6.6728704E-03  7.1356226E-03  1.8074722E-03  1.5660029E-02  1.0998481E-02  2.5967550E-03 -3.2676358E-06  0.0000000E+00
 0.0000000E+00 -3.5731251E-06  2.4314736E-03  6.2240561E-03  6.6516991E-03  1.3714643E-03  1.4502136E-02  1.0183490E-02  2.4314736E-03 -3.5731251E-06  0.0000000E+00
 0.0000000E+00 -3.7605064E-06  2.2758338E-03  5.8035864E-03  6.1986896E-03  1.0312245E-03  1.3427159E-02  9.4270403E-03  2.2758338E-03 -3.7605064E-06  0.0000000E+00
 0.0000000E+00 -3.8570465E-06  2.1293565E-03  5.4098611E-03  5.7748179E-03  7.6771986E-04  1.2429482E-02  8.7251457E-03  2.1293566E-03 -3.8570465E-06  0.0000000E+00
 0.0000000E+00 -3.8832726E-06  1.9915779E-03  5.0413458E-03  5.3783827E-03  5.6534027E-04  1.1503815E-02  8.0740568E-03  1.9915780E-03 -3.8832726E-06  0.0000000E+00
 0.0000000E+00 -3.8553768E-06  1.8620491E-03  4.6965722E-03  5.0077597E-03  4.1134549E-04  1.0645187E-02  7.4702497E-03  1.8620491E-03 -3.8553768E-06  0.0000000E+00
 0.0000000E+00 -3.7860005E-06  1.7403365E-03  4.3741383E-03  4.6614003E-03  2.9540039E-04  9.8489314E-03  6.9104209E-03  1.7403365E-03 -3.7860005E-06  0.0000000E+00
 0.0000000E+00  0.0000000E+00  2.9421690E-03  7.3511298E-03  7.8267307E-03  1.9104510E-03  1.6237987E-02  1.1387203E-02  2.9421691E-03  0.0000000E+00  0.0000000E+00
 0.0000000E+00 -8.9803809E-07  2.7472551E-03  6.8398889E-03  7.2782797E-03  1.3379459E-03  1.5007545E-02  1.0522568E-02  2.7472551E-03 -8.9803809E-07  0.0000000E+00
 0.0000000E+00 -1.5623281E-06  2.5642213E-03  6.3619583E-03  6.7659348E-03  9.0174359E-04  1.3866889E-02  9.7212215E-03  2.5642213E-03 -1.5623281E-06  0.0000000E+00
 0.0000000E+00 -2.0445558E-06  2.3924531E-03  5.9154350E-03  6.2875994E-03  5.7389751E-04  1.2809946E-02  8.9788577E-03  2.3924531E-03 -2.0445558E-06  0.0000000E+00
 0.0000000E+00 -2.3847138E-06  2.2313557E-03  5.4984886E-03  5.8412601E-03  3.3150632E-04  1.1830977E-02  8.2914111E-03  2.2313557E-03 -2.3847138E-06  0.0000000E+00
 0.0000000E+00 -2.6136976E-06  2.0803544E-03  5.1093630E-03  5.4249886E-03  1.5590525E-04  1.0924569E-02  7.6550527E-03  2.0803544E-03 -2.6136976E-06  0.0000000E+00
 0.0000000E+00 -2.7558748E-06  1.9388949E-03  4.7463783E-03  5.0369430E-03  3.2001749E-05  1.0085634E-02  7.0661829E-03  1.9388949E-03 -2.7558748E-06  0.0000000E+00
 0.0000000E+00 -2.8304016E-06  1.8064435E-03  4.4079313E-03  4.6753679E-03 -5.2314831E-05  9.3093879E-03  6.5214214E-03  1.8064435E-03 -2.8304016E-06  0.0000000E+00
 0.0000000E+00 -2.8520733E-06  1.6824879E-03  4.0924952E-03  4.3385945E-03 -1.0670636E-04  8.5913482E-03  6.0176027E-03  1.6824879E-03 -2.8520733E-06  0.0000000E+00
 0.0000000E+00 -2.8326208E-06  1.5665374E-03  3.7986199E-03  4.0250396E-03 -1.3882160E-04  7.9273184E-03  5.5517646E-03  1.5665374E-03 -2.8326208E-06  0.0000000E+00
 0.0000000E+00 -2.7813686E-06  1.4581224E-03  3.5249304E-03  3.7332045E-03 -1.5465570E-04  7.3133754E-03  5.1211395E-03  1.4581224E-03 -2.7813686E-06  0.0000000E+00
 0.0000000E+00  0.0000000E+00  2.4854865E-03  5.9622790E-03  6.3066308E-03 -1.8151325E-04  1.2098564E-02  8.4671221E-03  2.4854865E-03  0.0000000E+00  0.0000000E+00
 0.0000000E+00 -5.8718810E-07  2.3107723E-03  5.5261727E-03  5.8423898E-03 -3.6910140E-04  1.1148431E-02  7.8011398E-03  2.3107723E-03 -5.8718810E-07  0.0000000E+00
 0.0000000E+00 -1.0263778E-06  2.1475393E-03  5.1202511E-03  5.4105488E-03 -4.8659534E-04  1.0270235E-02  7.1856944E-03  2.1475393E-03 -1.0263778E-06  0.0000000E+00
 0.0000000E+00 -1.3490639E-06  1.9951248E-03  4.7426440E-03  5.0090760E-03 -5.5157552E-04  9.4589348E-03  6.6172295E-03  1.9951248E-03 -1.3490639E-06  0.0000000E+00
 0.0000000E+00 -1.5796967E-06  1.8528932E-03  4.3915648E-03  4.6360331E-03 -5.7800792E-04  8.7097690E-03  6.0923895E-03  1.8528932E-03 -1.5796967E-06  0.0000000E+00
 0.0000000E+00 -1.7370467E-06  1.7202361E-03  4.0653118E-03  4.2895755E-03 -5.7685693E-04  8.0182580E-03  5.6080191E-03  1.7202361E-03 -1.7370467E-06  0.0000000E+00
 0.0000000E+00 -1.8365334E-06  1.5965713E-03  3.7622683E-03  3.9679527E-03 -5.5665299E-04  7.3801955E-03  5.1611568E-03  1.5965713E-03 -1.8365334E-06  0.0000000E+00
 0.0000000E+00 -1.8906035E-06  1.4813436E-03  3.4809013E-03  3.6695075E-03 -5.2393440E-04  6.7916417E-03  4.7490298E-03  1.4813436E-03 -1.8906035E-06  0.0000000E+00
 0.0000000E+00 -1.9083915E-06  1.3740254E-03  3.2197620E-03  3.3926742E-03 -4.8363942E-04  6.2489107E-03  4.3690455E-03  1.3740254E-03 -1.9083915E-06  0.0000000E+00
 0.0000000E+00 -1.8974931E-06  1.2741153E-03  2.9774828E-03  3.1359773E-03 -4.3944009E-04  5.7485646E-03  4.0187864E-03  1.2741153E-03 -1.8974931E-06  0.0000000E+00
 0.0000000E+00 -1.8640140E-06  1.1811381E-03  2.7527758E-03  2.8980284E-03 -3.9400073E-04  5.2873995E-03  3.6960004E-03  1.1811381E-03 -1.8640140E-06  0.0000000E+00
 0.0000000E+00  0.0000000E+00  2.0244163E-03  4.6723405E-03  4.9109154E-03 -1.4437848E-03  8.7617173E-03  6.1218306E-03  2.0244163E-03  0.0000000E+00  0.0000000E+00
 0.0000000E+00 -3.3380048E-07  1.8741793E-03  4.3137185E-03  4.5319236E-03 -1.3689922E-03  8.0469503E-03  5.6217778E-03  1.8741793E-03 -3.3380048E-07  0.0000000E+00
 0.0000000E+00 -5.8914096E-07  1.7344661E-03  3.9813524E-03  4.1808746E-03 -1.2741510E-03  7.3886754E-03  5.1613177E-03  1.7344661E-03 -5.8914096E-07  0.0000000E+00
 0.0000000E+00 -7.8128154E-07  1.6046189E-03  3.6734910E-03  3.8558854E-03 -1.1682294E-03  6.7827003E-03  4.7375035E-03  1.6046189E-03 -7.8128154E-07  0.0000000E+00
 0.0000000E+00 -9.2220086E-07  1.4840096E-03  3.3884734E-03  3.5551724E-03 -1.0578541E-03  6.2250975E-03  4.3475761E-03  1.4840096E-03 -9.2220086E-07  0.0000000E+00
 0.0000000E+00 -1.0209919E-06  1.3720405E-03  3.1247286E-03  3.2770504E-03 -9.4781367E-04  5.7121945E-03  3.9889566E-03  1.3720405E-03 -1.0209919E-06  0.0000000E+00
 0.0000000E+00 -1.0859559E-06  1.2681435E-03  2.8807744E-03  3.0199308E-03 -8.4144831E-04  5.2405660E-03  3.6592402E-03  1.2681435E-03 -1.0859559E-06  0.0000000E+00
 0.0000000E+00 -1.1238182E-06  1.1717800E-03  2.6552150E-03  2.7823198E-03 -7.4096391E-04  4.8070205E-03  3.3561871E-03  1.1717800E-03 -1.1238182E-06  0.0000000E+00
 0.0000000E+00 -1.1391926E-06  1.0824417E-03  2.4467388E-03  2.5628144E-03 -6.4771881E-04  4.4085893E-03  3.0777147E-03  1.0824417E-03 -1.1391926E-06  0.0000000E+00
 0.0000000E+00 -1.1363616E-06  9.9964860E-04  2.2541162E-03  2.3601009E-03 -5.6243639E-04  4.0425167E-03  2.8218902E-03  9.9964859E-04 -1.1363616E-06  0.0000000E+00
 0.0000000E+00 -1.1189179E-06  9.2294881E-04  2.0761957E-03  2.1729500E-03 -4.8536489E-04  3.7062475E-03  2.5869218E-03  9.2294881E-04 -1.1189179E-06  0.0000000E+00
 0.0000000E+00  0.0000000E+00  1.5859928E-03  3.5254190E-03  3.6828284E-03 -2.0444966E-03  6.1249993E-03  4.2728899E-03  1.5859928E-03  0.0000000E+00  0.0000000E+00
 0.0000000E+00 -1.4793861E-07  1.4620089E-03  3.2419932E-03  3.3853602E-03 -1.8164380E-03  5.6063078E-03  3.9106812E-03  1.4620089E-03 -1.4793861E-07  0.0000000E+00
 0.0000000E+00 -2.6791289E-07  1.3472432E-03  2.9804150E-03  3.1109557E-03 -1.6019463E-03  5.1302231E-03  3.5782637E-03  1.3472432E-03 -2.6791289E-07  0.0000000E+00
 0.0000000E+00 -3.6357549E-07  1.2410752E-03  2.7391335E-03  2.8579649E-03 -1.4034415E-03  4.6934510E-03  3.2733301E-03  1.2410752E-03 -3.6357549E-07  0.0000000E+00
 0.0000000E+00 -4.3797986E-07  1.1429162E-03  2.5166873E-03  2.6248336E-03 -1.2221430E-03  4.2929178E-03  2.9937279E-03  1.1429162E-03 -4.3797986E-07  0.0000000E+00
 0.0000000E+00 -4.9423862E-07  1.0522089E-03  2.3117018E-03  2.4101020E-03 -1.0584049E-03  3.9257606E-03  2.7374527E-03  1.0522089E-03 -4.9423862E-07  0.0000000E+00
 0.0000000E+00 -5.3418066E-07  9.6842808E-04  2.1228873E-03  2.2124008E-03 -9.1193296E-04  3.5893158E-03  2.5026401E-03  9.6842807E-04 -5.3418066E-07  0.0000000E+00
 0.0000000E+00 -5.5952654E-07  8.9107925E-04  1.9490355E-03  2.0304490E-03 -7.8198430E-04  3.2811105E-03  2.2875596E-03  8.9107924E-04 -5.5952654E-07  0.0000000E+00
 0.0000000E+00 -5.7302336E-07  8.1969692E-04  1.7890177E-03  1.8630503E-03 -6.6753798E-04  2.9988554E-03  2.0906089E-03  8.1969691E-04 -5.7302336E-07  0.0000000E+00
 0.0000000E+00 -5.7647950E-07  7.5384516E-04  1.6417805E-03  1.7090892E-03 -5.6740629E-04  2.7404306E-03  1.9103049E-03  7.5384515E-04 -5.7647950E-07  0.0000000E+00
 0.0000000E+00 -5.7160973E-07  6.9311597E-04  1.5063428E-03  1.5675279E-03 -4.8031405E-04  2.5038773E-03  1.7452773E-03  6.9311597E-04 -5.7160973E-07  0.0000000E+00
 0.0000000E+00  0.0000000E+00  1.1894092E-03  2.5499624E-03  2.6474780E-03 -2.1853427E-03  4.1104088E-03  2.8631757E-03  1.1894092E-03  0.0000000E+00  0.0000000E+00
 0.0000000E+00 -2.4429844E-08  1.0916003E-03  2.3352257E-03  2.4236152E-03 -1.8872971E-03  3.7485098E-03  2.6109282E-03  1.0916003E-03 -2.4429844E-08  0.0000000E+00
 0.0000000E+00 -5.4139681E-08  1.0014740E-03  2.1378777E-03  2.2179708E-03 -1.6223018E-03  3.4175111E-03  2.3802332E-03  1.0014740E-03 -5.4139681E-08  0.0000000E+00
 0.0000000E+00 -8.5240694E-08  9.1848314E-04  1.9566243E-03  2.0291800E-03 -1.3884458E-03  3.1149518E-03  2.1693737E-03  9.1848314E-04 -8.5240694E-08  0.0000000E+00
 0.0000000E+00 -1.1499054E-07  8.4210920E-04  1.7902456E-03  1.8559573E-03 -1.1834514E-03  2.8385288E-03  1.9767423E-03  8.4210920E-04 -1.1499054E-07  0.0000000E+00
 0.0000000E+00 -1.4078425E-07  7.7186341E-04  1.6375963E-03  1.6970964E-03 -1.0048327E-03  2.5860949E-03  1.8008410E-03  7.7186340E-04 -1.4078425E-07  0.0000000E+00
 0.0000000E+00 -1.6247824E-07  7.0728524E-04  1.4976052E-03  1.5514702E-03 -8.5005334E-04  2.3556583E-03  1.6402794E-03  7.0728524E-04 -1.6247824E-07  0.0000000E+00
 0.0000000E+00 -1.8054483E-07  6.4794292E-04  1.3692730E-03  1.4180274E-03 -7.1660680E-04  2.1453735E-03  1.4937693E-03  6.4794292E-04 -1.8054483E-07  0.0000000E+00
 0.0000000E+00 -1.9373675E-07  5.9343402E-04  1.2516694E-03  1.2957906E-03 -6.0208356E-04  1.9535324E-03  1.3601191E-03  5.9343401E-04 -1.9373675E-07  0.0000000E+00
 0.0000000E+00 -2.0212204E-07  5.4338279E-04  1.1439310E-03  1.1838528E-03 -5.0422279E-04  1.7785616E-03  1.2382307E-03  5.4338279E-04 -2.0212204E-07  0.0000000E+00
 0.0000000E+00 -2.0586954E-07  4.9743966E-04  1.0452580E-03  1.0813743E-03 -4.2093353E-04  1.6190124E-03  1.1270935E-03  4.9743966E-04 -2.0586954E-07  0.0000000E+00
 0.0000000E+00  0.0000000E+00  8.4801749E-04  1.7538819E-03  1.8093987E-03 -2.0355741E-03  2.6260833E-03  1.8270989E-03  8.4801752E-04  0.0000000E+00  0.0000000E+00
 0.0000000E+00  4.6219663E-08  7.7451862E-04  1.5987913E-03  1.6488238E-03 -1.7246355E-03  2.3845931E-03  1.6590242E-03  7.7451865E-04  4.6219663E-08  0.0000000E+00
 0.0000000E+00  6.8526285E-08  7.0715718E-04  1.4570027E-03  1.5020834E-03 -1.4560179E-03  2.1648192E-03  1.5060671E-03  7.0715720E-04  6.8526285E-08  0.0000000E+00
 0.0000000E+00  7.4964830E-08  6.4545636E-04  1.3274384E-03  1.3680497E-03 -1.2251205E-03  1.9648883E-03  1.3669241E-03  6.4545637E-04  7.4964830E-08  0.0000000E+00
 0.0000000E+00  7.1446700E-08  5.8897029E-04  1.2090972E-03  1.2456760E-03 -1.0275543E-03  1.7830745E-03  1.2403940E-03  5.8897030E-04  7.1446700E-08  0.0000000E+00
 0.0000000E+00  6.2275511E-08  5.3728313E-04  1.1010509E-03  1.1339921E-03 -8.5922924E-04  1.6177901E-03  1.1253716E-03  5.3728314E-04  6.2275511E-08  0.0000000E+00
 0.0000000E+00  5.0289495E-08  4.9000780E-04  1.0024405E-03  1.0321013E-03 -7.1638574E-04  1.4675762E-03  1.0208413E-03  4.9000781E-04  5.0289495E-08  0.0000000E+00
 0.0000000E+00  3.7498139E-08  4.4678488E-04  9.1247176E-04  9.3917505E-04 -5.9560919E-04  1.3310946E-03  9.2587113E-04  4.4678489E-04  3.7498139E-08  0.0000000E+00
 0.0000000E+00  2.5233054E-08  4.0728121E-04  8.3041247E-04  8.5444985E-04 -4.9384358E-04  1.2071190E-03  8.3960725E-04  4.0728121E-04  2.5233054E-08  0.0000000E+00
 0.0000000E+00  1.4273625E-08  3.7118855E-04  7.5558784E-04  7.7722262E-04 -4.0837791E-04  1.0945273E-03  7.6126811E-04  3.7118855E-04  1.4273625E-08  0.0000000E+00
 0.0000000E+00  4.9712020E-09  3.3822212E-04  6.8737707E-04  7.0684692E-04 -3.3682202E-04  9.9229344E-04  6.9013919E-04  3.3822212E-04  4.9712020E-09  0.0000000E+00
 0.0000000E+00  0.0000000E+00  5.6722298E-04  1.1331262E-03  1.1613400E-03 -1.7140940E-03  1.5746455E-03  1.0944192E-03  5.6722295E-04  0.0000000E+00  0.0000000E+00
 0.0000000E+00  7.5772014E-08  5.1539029E-04  1.0278402E-03  1.0531042E-03 -1.4299082E-03  1.4232030E-03  9.8916728E-04  5.1539027E-04  7.5772014E-08  0.0000000E+00
 0.0000000E+00  1.2064007E-07  4.6814587E-04  9.3209144E-04  9.5471131E-04 -1.1893079E-03  1.2860666E-03  8.9385432E-04  4.6814585E-04  1.2064007E-07  0.0000000E+00
 0.0000000E+00  1.4404154E-07  4.2510759E-04  8.4505470E-04  8.6530495E-04 -9.8640399E-04  1.1619265E-03  8.0757178E-04  4.2510757E-04  1.4404154E-07  0.0000000E+00
 0.0000000E+00  1.5294142E-07  3.8592081E-04  7.6596957E-04  7.8409659E-04 -8.1590944E-04  1.0495856E-03  7.2948885E-04  3.8592079E-04  1.5294142E-07  0.0000000E+00
 0.0000000E+00  1.5239632E-07  3.5025718E-04  6.9413623E-04  7.1036113E-04 -6.7313979E-04  9.4795053E-04  6.5884652E-04  3.5025716E-04  1.5239632E-07  0.0000000E+00
 0.0000000E+00  1.4597788E-07  3.1781339E-04  6.2891172E-04  6.4343281E-04 -5.5397038E-04  8.5602428E-04  5.9495227E-04  3.1781337E-04  1.4597788E-07  0.0000000E+00
 0.0000000E+00  1.3632043E-07  2.8830983E-04  5.6970605E-04  5.8270116E-04 -4.5479694E-04  7.7289788E-04  5.3717469E-04  2.8830982E-04  1.3632043E-07  0.0000000E+00
 0.0000000E+00  1.2511616E-07  2.6148904E-04  5.1597862E-04  5.2760720E-04 -3.7250016E-04  6.9774441E-04  4.8493917E-04  2.6148903E-04  1.2511616E-07  0.0000000E+00
 0.0000000E+00  1.1351353E-07  2.3711449E-04  4.6723474E-04  4.7763966E-04 -3.0439485E-04  6.2981166E-04  4.3772294E-04  2.3711448E-04  1.1351353E-07  0.0000000E+00
 0.0000000E+00  1.0217059E-07  2.1496911E-04  4.2302216E-04  4.3233150E-04 -2.4817919E-04  5.6841603E-04  3.9505084E-04  2.1496910E-04  1.0217059E-07  0.0000000E+00
 0.0000000E+00  0.0000000E+00  3.4963552E-04  6.7513596E-04  6.8721334E-04 -1.3219149E-03  8.6811077E-04  6.0304135E-04  3.4963552E-04  0.0000000E+00  0.0000000E+00
 0.0000000E+00  7.7500062E-08  3.1603981E-04  6.0945176E-04  6.2021086E-04 -1.0870570E-03  7.8122532E-04  5.4271857E-04  3.1603981E-04  7.7500062E-08  0.0000000E+00
 0.0000000E+00  1.2513104E-07  2.8556549E-04  5.4997464E-04  5.5955741E-04 -8.9160149E-04  7.0281941E-04  4.8827567E-04  2.8556549E-04  1.2513104E-07  0.0000000E+00
 0.0000000E+00  1.5178794E-07  2.5794078E-04  4.9614868E-04  5.0468218E-04 -7.2946829E-04  6.3210255E-04  4.3916636E-04  2.5794078E-04  1.5178794E-07  0.0000000E+00
 0.0000000E+00  1.6401962E-07  2.3291442E-04  4.4746265E-04  4.5506054E-04 -5.9539087E-04  5.6835174E-04  3.9489056E-04  2.3291442E-04  1.6401962E-07  0.0000000E+00
 0.0000000E+00  1.6638990E-07  2.1025446E-04  4.0344714E-04  4.1021107E-04 -4.8483627E-04  5.1090673E-04  3.5499110E-04  2.1025446E-04  1.6638990E-07  0.0000000E+00
 0.0000000E+00  1.6253649E-07  1.8974747E-04  3.6367162E-04  3.6969241E-04 -3.9393004E-04  4.5916469E-04  3.1905047E-04  1.8974747E-04  1.6253649E-07  0.0000000E+00
 0.0000000E+00  1.5516210E-07  1.7119741E-04  3.2774203E-04  3.3310075E-04 -3.1937635E-04  4.1257644E-04  2.8668809E-04  1.7119741E-04  1.5516210E-07  0.0000000E+00
 0.0000000E+00  1.4563083E-07  1.5442429E-04  2.9529842E-04  3.0006747E-04 -2.5838655E-04  3.7064297E-04  2.5755784E-04  1.5442429E-04  1.4563083E-07  0.0000000E+00
 0.0000000E+00  1.3508180E-07  1.3926344E-04  2.6601217E-04  2.7025612E-04 -2.0861258E-04  3.3291054E-04  2.3134496E-04  1.3926344E-04  1.3508180E-07  0.0000000E+00
 0.0000000E+00  1.2420833E-07  1.2556437E-04  2.3958384E-04  2.4336028E-04 -1.6808483E-04  2.9896749E-04  2.0776377E-04  1.2556437E-04  1.2420833E-07  0.0000000E+00
 0.0000000E+00  0.0000000E+00  1.9437344E-04  3.6384338E-04  3.6796084E-04 -9.3264345E-04  4.3096537E-04  2.9945574E-04  1.9437344E-04  0.0000000E+00  0.0000000E+00
 0.0000000E+00  6.3528020E-08  1.7464386E-04  3.2654907E-04  3.3020287E-04 -7.5591874E-04  3.8566965E-04  2.6801639E-04  1.7464386E-04  6.3528020E-08  0.0000000E+00
 0.0000000E+00  1.0280917E-07  1.5683896E-04  2.9294330E-04  2.9618505E-04 -6.1119485E-04  3.4497815E-04  2.3976597E-04  1.5683896E-04  1.0280917E-07  0.0000000E+00
 0.0000000E+00  1.2507629E-07  1.4078737E-04  2.6268938E-04  2.6556517E-04 -4.9303534E-04  3.0845671E-04  2.1440543E-04  1.4078737E-04  1.2507629E-07  0.0000000E+00
 0.0000000E+00  1.3561847E-07  1.2632936E-04  2.3547521E-04  2.3802615E-04 -3.9683530E-04  2.7570456E-04  1.9165828E-04  1.2632936E-04  1.3561847E-07  0.0000000E+00
 0.0000000E+00  1.3834615E-07  1.1331692E-04  2.1101286E-04  2.1327557E-04 -3.1872424E-04  2.4635347E-04  1.7127016E-04  1.1331692E-04  1.3834615E-07  0.0000000E+00
 0.0000000E+00  1.3592589E-07  1.0161346E-04  1.8903783E-04  1.9104489E-04 -2.5546117E-04  2.2006659E-04  1.5300811E-04  1.0161346E-04  1.3592589E-07  0.0000000E+00
 0.0000000E+00  1.3019109E-07  9.1093486E-05  1.6930795E-04  1.7108833E-04 -2.0434488E-04  1.9653670E-04  1.3665945E-04  9.1093486E-05  1.3019109E-07  0.0000000E+00
 0.0000000E+00  1.2260084E-07  8.1642182E-05  1.5160215E-04  1.5318155E-04 -1.6313782E-04  1.7548425E-04  1.2203061E-04  8.1642182E-05  1.2260084E-07  0.0000000E+00
 0.0000000E+00  1.1410679E-07  7.3154761E-05  1.3571923E-04  1.3712049E-04 -1.2999206E-04  1.5665585E-04  1.0894599E-04  7.3154761E-05  1.1410679E-07  0.0000000E+00
 0.0000000E+00  1.0536364E-07  6.5535841E-05  1.2147652E-04  1.2271988E-04 -1.0338653E-04  1.3982223E-04  9.7246635E-05  6.5535841E-05  1.0536364E-07  0.0000000E+00
 0.0000000E+00  0.0000000E+00  9.2554753E-05  1.6804447E-04  1.6921589E-04 -5.9223312E-04  1.8076785E-04  1.2574258E-04  9.2554754E-05  0.0000000E+00  0.0000000E+00
 0.0000000E+00  4.3401641E-08  8.2567794E-05  1.4977866E-04  1.5082701E-04 -4.7239159E-04  1.6068474E-04  1.1180143E-04  8.2567795E-05  4.3401641E-08  0.0000000E+00
 0.0000000E+00  7.0018681E-08  7.3622335E-05  1.3343931E-04  1.3437753E-04 -3.7591918E-04  1.4276925E-04  9.9359832E-05  7.3622335E-05  7.0018681E-08  0.0000000E+00
 0.0000000E+00  8.4945818E-08  6.5617396E-05  1.1883548E-04  1.1967514E-04 -2.9848266E-04  1.2680088E-04  8.8266428E-05  6.5617396E-05  8.4945818E-08  0.0000000E+00
 0.0000000E+00  9.1871543E-08  5.8460109E-05  1.0579250E-04  1.0654402E-04 -2.3649370E-04  1.1257868E-04  7.8382940E-05  5.8460110E-05  9.1871543E-08  0.0000000E+00
 0.0000000E+00  9.3447805E-08  5.2065453E-05  9.4151233E-05  9.4823905E-05 -1.8699687E-04  9.9920072E-05  6.9583534E-05  5.2065453E-05  9.3447805E-08  0.0000000E+00
 0.0000000E+00  9.1550936E-08  4.6355862E-05  8.3767054E-05  8.4369213E-05 -1.4756923E-04  8.8659729E-05  6.1754082E-05  4.6355863E-05  9.1550936E-08  0.0000000E+00
 0.0000000E+00  8.7504104E-08  4.1260827E-05  7.4508930E-05  7.5048030E-05 -1.1623370E-04  7.8648324E-05  5.4791383E-05  4.1260828E-05  8.7504104E-08  0.0000000E+00
 0.0000000E+00  8.2220317E-08  3.6716453E-05  6.6258448E-05  6.6741151E-05 -9.1383533E-05  6.9751307E-05  4.8602356E-05  3.6716454E-05  8.2220317E-08  0.0000000E+00
 0.0000000E+00  7.6329424E-08  3.2664977E-05  5.8908816E-05  5.9341080E-05 -7.1716985E-05  6.1847714E-05  4.3103251E-05  3.2664978E-05  7.6329424E-08  0.0000000E+00
 0.0000000E+00  7.0244476E-08  2.9054294E-05  5.2363912E-05  5.2751058E-05 -5.6183720E-05  5.4829014E-05  3.8218873E-05  2.9054294E-05  7.0244476E-08  0.0000000E+00
 0.0000000E+00  0.0000000E+00  3.5705208E-05  6.3199144E-05  6.3677520E-05 -3.2620535E-04  6.0781376E-05  4.2511680E-05  3.5705208E-05  0.0000000E+00  0.0000000E+00
 0.0000000E+00  2.4089967E-08  3.1567576E-05  5.5833515E-05  5.6264596E-05 -2.5517387E-04  5.3537296E-05  3.7463236E-05  3.1567576E-05  2.4089967E-08  0.0000000E+00
 0.0000000E+00  3.8568493E-08  2.7891495E-05  4.9298111E-05  4.9686578E-05 -1.9914774E-04  4.7129386E-05  3.2994396E-05  2.7891495E-05  3.8568493E-08  0.0000000E+00
 0.0000000E+00  4.6451582E-08  2.4629812E-05  4.3506053E-05  4.3856118E-05 -1.5508739E-04  4.1467683E-05  2.9043495E-05  2.4629812E-05  4.6451582E-08  0.0000000E+00
 0.0000000E+00  4.9888246E-08  2.1739108E-05  3.8377912E-05  3.8693370E-05 -1.2052930E-04  3.6470284E-05  2.5554207E-05  2.1739108E-05  4.9888246E-08  0.0000000E+00
 0.0000000E+00  5.0440269E-08  1.9179703E-05  3.3841494E-05  3.4125761E-05 -9.3491034E-05  3.2063037E-05  2.2475412E-05  1.9179703E-05  5.0440269E-08  0.0000000E+00
 0.0000000E+00  4.9125130E-08  1.6915523E-05  2.9831525E-05  3.0087681E-05 -7.2384536E-05  2.8179167E-05  1.9760950E-05  1.6915523E-05  4.9125130E-08  0.0000000E+00
 0.0000000E+00  4.6630837E-08  1.4913936E-05  2.6289188E-05  2.6520005E-05 -5.5942921E-05  2.4758719E-05  1.7369299E-05  1.4913936E-05  4.6630837E-08  0.0000000E+00
 0.0000000E+00  4.3517838E-08  1.3145565E-05  2.3161623E-05  2.3369604E-05 -4.3160951E-05  2.1748002E-05  1.5263256E-05  1.3145565E-05  4.3517838E-08  0.0000000E+00
 0.0000000E+00  4.0130452E-08  1.1584046E-05  2.0401549E-05  2.0588944E-05 -3.3242695E-05  1.9099165E-05  1.3409608E-05  1.1584046E-05  4.0130452E-08  0.0000000E+00
 0.0000000E+00  3.6697906E-08  1.0205785E-05  1.7966736E-05  1.8135578E-05 -2.5560832E-05  1.6769615E-05  1.1778764E-05  1.0205785E-05  3.6697906E-08  0.0000000E+00
 0.0000000E+00  0.0000000E+00  9.1032885E-06  1.5810914E-05  1.6104461E-05 -1.4263073E-04  1.2717827E-05  9.0895181E-06  9.1032885E-06  0.0000000E+00  0.0000000E+00
 0.0000000E+00  9.7852023E-09  7.9563329E-06  1.3810050E-05  1.4075241E-05 -1.0869927E-04  1.1071977E-05  7.9240825E-06  7.9563329E-06  9.7852023E-09  0.0000000E+00
 0.0000000E+00  1.5457302E-08  6.9493535E-06  1.2055742E-05  1.2295018E-05 -8.2642149E-05  9.6333891E-06  6.9036079E-06  6.9493535E-06  1.5457302E-08  0.0000000E+00
 0.0000000E+00  1.8375531E-08  6.0664148E-06  1.0519231E-05  1.0734880E-05 -6.2693059E-05  8.3773891E-06  6.0112117E-06  6.0664148E-06  1.8375531E-08  0.0000000E+00
 0.0000000E+00  1.9485710E-08  5.2930932E-06  9.1747043E-06  9.3688553E-06 -4.7461956E-05  7.2818721E-06  5.2316737E-06  5.2930932E-06  1.9485710E-08  0.0000000E+00
 0.0000000E+00  1.9445840E-08  4.6164221E-06  7.9991004E-06  8.1737301E-06 -3.5862970E-05  6.3271399E-06  4.5513608E-06  4.6164221E-06  1.9445840E-08  0.0000000E+00
 0.0000000E+00  1.8698087E-08  4.0247983E-06  6.9718960E-06  7.1288289E-06 -2.7049663E-05  5.4957035E-06  3.9581155E-06  4.0247983E-06  1.8698087E-08  0.0000000E+00
 0.0000000E+00  1.7543077E-08  3.5078851E-06  6.0748799E-06  6.2157947E-06 -2.0366955E-05  4.7720885E-06  3.4411430E-06  3.5078851E-06  1.7543077E-08  0.0000000E+00
 0.0000000E+00  1.6184105E-08  3.0565109E-06  5.2919427E-06  5.4183790E-06 -1.5309915E-05  4.1426471E-06  2.9908953E-06  3.0565109E-06  1.6184105E-08  0.0000000E+00
 0.0000000E+00  1.4752324E-08  2.6625613E-06  4.6088704E-06  4.7222357E-06 -1.1489730E-05  3.5953737E-06  2.5989511E-06  2.6625613E-06  1.4752324E-08  0.0000000E+00
 0.0000000E+00  1.3327695E-08  2.3188741E-06  4.0131450E-06  4.1147233E-06 -8.6091669E-06  3.1197286E-06  2.2579002E-06  2.3188741E-06  1.3327695E-08  0.0000000E+00
 0.0000000E+00  0.0000000E+00  1.0477582E-06  1.7974149E-06  1.9874708E-06 -3.9025891E-05  1.0116769E-06  8.5596416E-07  1.0477582E-06  0.0000000E+00  0.0000000E+00
 0.0000000E+00  2.1019238E-09  9.0038621E-07  1.5426543E-06  1.7104174E-06 -2.8566538E-05  8.6241627E-07  7.3467279E-07  9.0038622E-07  2.1019238E-09  0.0000000E+00
 0.0000000E+00  3.2216660E-09  7.7308346E-07  1.3231625E-06  1.4709527E-06 -2.0820924E-05  7.3468742E-07  6.2999532E-07  7.7308346E-07  3.2216660E-09  0.0000000E+00
 0.0000000E+00  3.7185859E-09  6.6331215E-07  1.1342968E-06  1.2642563E-06 -1.5117469E-05  6.2554463E-07  5.3983190E-07  6.6331215E-07  3.7185859E-09  0.0000000E+00
 0.0000000E+00  3.8307833E-09  5.6879524E-07  9.7195524E-07  1.0860469E-06 -1.0937325E-05  5.3239336E-07  4.6229234E-07  5.6879524E-07  3.8307833E-09  0.0000000E+00
 0.0000000E+00  3.7152889E-09  4.8751110E-07  8.3253744E-07  9.3254709E-07 -7.8894389E-06  4.5296825E-07  3.9569580E-07  4.8751110E-07  3.7152889E-09  0.0000000E+00
 0.0000000E+00  3.4740018E-09  4.1767548E-07  7.1289359E-07  8.0043852E-07 -5.6759943E-06  3.8529694E-07  3.3855722E-07  4.1767548E-07  3.4740018E-09  0.0000000E+00
 0.0000000E+00  3.1729207E-09  3.5772364E-07  6.1027974E-07  6.8681753E-07 -4.0732227E-06  3.2767212E-07  2.8957419E-07  3.5772364E-07  3.1729207E-09  0.0000000E+00
 0.0000000E+00  2.8508616E-09  3.0629055E-07  5.2231695E-07  5.8915371E-07 -2.9164186E-06  2.7862655E-07  2.4761126E-07  3.0629055E-07  2.8508616E-09  0.0000000E+00
 0.0000000E+00  2.5319184E-09  2.6218955E-07  4.4694493E-07  5.0524745E-07 -2.0837846E-06  2.3689802E-07  2.1168205E-07  2.6218955E-07  2.5319184E-09  0.0000000E+00
 0.0000000E+00  2.2285092E-09  2.2439190E-07  3.8238440E-07  4.3319124E-07 -1.4860031E-06  2.0140519E-07  1.8093229E-07  2.2439190E-07  2.2285092E-09  0.0000000E+00
 0.0000000E+00  0.0000000E+00  0.0000000E+00  0.0000000E+00  0.0000000E+00  0.0000000E+00  0.0000000E+00  0.0000000E+00  0.0000000E+00  0.0000000E+00  0.0000000E+00
 0.0000000E+00  0.0000000E+00  0.0000000E+00  0.0000000E+00  0.0000000E+00  0.0000000E+00  0.0000000E+00  0.0000000E+00  0.0000000E+00  0.0000000E+00  0.0000000E+00
 0.0000000E+00  0.0000000E+00  0.0000000E+00  0.0000000E+00  0.0000000E+00  0.0000000E+00  0.0000000E+00  0.0000000E+00  0.0000000E+00  0.0000000E+00  0.0000000E+00
 0.0000000E+00  0.0000000E+00  0.0000000E+00  0.0000000E+00  0.0000000E+00  0.0000000E+00  0.0000000E+00  0.0000000E+00  0.0000000E+00  0.0000000E+00  0.0000000E+00
 0.0000000E+00  0.0000000E+00  0.0000000E+00  0.0000000E+00  0.0000000E+00  0.0000000E+00  0.0000000E+00  0.0000000E+00  0.0000000E+00  0.0000000E+00  0.0000000E+00
 0.0000000E+00  0.0000000E+00  0.0000000E+00  0.0000000E+00  0.0000000E+00  0.0000000E+00  0.0000000E+00  0.0000000E+00  0.0000000E+00  0.0000000E+00  0.0000000E+00
 0.0000000E+00  0.0000000E+00  0.0000000E+00  0.0000000E+00  0.0000000E+00  0.0000000E+00  0.0000000E+00  0.0000000E+00  0.0000000E+00  0.0000000E+00  0.0000000E+00
 0.0000000E+00  0.0000000E+00  0.0000000E+00  0.0000000E+00  0.0000000E+00  0.0000000E+00  0.0000000E+00  0.0000000E+00  0.0000000E+00  0.0000000E+00  0.0000000E+00
 0.0000000E+00  0.0000000E+00  0.0000000E+00  0.0000000E+00  0.0000000E+00  0.0000000E+00  0.0000000E+00  0.0000000E+00  0.0000000E+00  0.0000000E+00  0.0000000E+00
 0.0000000E+00  0.0000000E+00  0.0000000E+00  0.0000000E+00  0.0000000E+00  0.0000000E+00  0.0000000E+00  0.0000000E+00  0.0000000E+00  0.0000000E+00  0.0000000E+00
 0.0000000E+00  0.0000000E+00  0.0000000E+00  0.0000000E+00  0.0000000E+00  0.0000000E+00  0.0000000E+00  0.0000000E+00  0.0000000E+00  0.0000000E+00  0.0000000E+00
---
   1.0000000000000001E-009   1.4508287784959398E-009   2.1049041445120207E-009   3.0538555088334157E-009   4.4306214575838816E-009   6.4280731172843209E-009   9.3260334688321995E-009   1.3530477745798068E-008   1.9630406500402714E-008   2.8480358684358022E-008   4.1320124001153370E-008   5.9948425031894094E-008   8.6974900261778356E-008   1.2618568830660210E-007   1.8307382802953678E-007   2.6560877829466870E-007   3.8535285937105315E-007   5.5908101825122239E-007   8.1113083078968731E-007   1.1768119524349981E-006   1.7073526474706905E-006   2.4770763559917115E-006   3.5938136638046262E-006   5.2140082879996849E-006   7.5646332755462914E-006   1.0974987654930569E-005   1.5922827933410941E-005   2.3101297000831580E-005   3.3516026509388410E-005   4.8626015800653536E-005   7.0548023107186455E-005   1.0235310218990269E-004   1.4849682622544667E-004   2.1544346900318823E-004   3.1257158496882353E-004   4.5348785081285824E-004   6.5793322465756835E-004   9.5454845666183481E-004   1.3848863713938717E-003   2.0092330025650459E-003   2.9150530628251760E-003   4.2292428743894986E-003   6.1359072734131761E-003   8.9021508544503934E-003   1.2915496650148829E-002   1.8738174228603830E-002   2.7185882427329403E-002   3.9442060594376556E-002   5.7223676593502207E-002   8.3021756813197525E-002  0.10000000000000001       0.11836734693877551       0.13673469387755102       0.15510204081632653       0.17346938775510204       0.19183673469387758       0.21020408163265308       0.22857142857142856       0.24693877551020407       0.26530612244897961       0.28367346938775512       0.30204081632653063       0.32040816326530613       0.33877551020408170       0.35714285714285710       0.37551020408163271       0.39387755102040811       0.41224489795918373       0.43061224489795924       0.44897959183673475       0.46734693877551026       0.48571428571428565       0.50408163265306127       0.52244897959183678       0.54081632653061229       0.55918367346938780       0.57755102040816331       0.59591836734693870       0.61428571428571421       0.63265306122448983       0.65102040816326534       0.66938775510204085       0.68775510204081625       0.70612244897959175       0.72448979591836737       0.74285714285714288       0.76122448979591839       0.77959183673469379       0.79795918367346941       0.81632653061224492       0.83469387755102042       0.85306122448979593       0.87142857142857133       0.88979591836734695       0.90816326530612246       0.92653061224489797       0.94489795918367347       0.96326530612244898       0.98163265306122449        1.0000000000000000     
   4.9199999999999999        5.6571821438576393        6.5475140854237930        7.6300445598605036        8.9555328644293528        10.590474443348139        12.622685642509317        15.169119681615255        18.386905256766521        22.489084655212846        27.767273833097445        34.624624171570872        43.624281842457755        55.561423897645774        71.571581839038842        93.295496162430055        123.13315421245734        164.64037874505055        223.15639709969551        306.81102661405930        428.16504637944598        606.92308150739791        874.49250868435536        1281.7732912450272        1912.7019729275617        2908.2313770600867        4509.5982157077860        7137.9508908105245        11543.948027962433        19094.933999447741        32338.759797577557        56137.083811810720        100000.00000000004     
  -5 -4 -3 -2 -1 21  1  2  3  4  5
 2.4012144E-09  9.2932962E+00  1.0503067E+01  1.0506818E+01  1.0506861E+01  2.1827140E+02  1.0506963E+01  1.0506926E+01  1.0503067E+01  9.2932962E+00  2.4012126E-09
 1.7363876E+00  1.0983738E+01  1.2190620E+01  1.2194416E+01  1.2194460E+01  2.7296517E+02  1.2194565E+01  1.2194527E+01  1.2190620E+01  1.0983738E+01  1.7363876E+00
 3.8016972E+00  1.3003213E+01  1.4207219E+01  1.4211062E+01  1.4211107E+01  3.3820645E+02  1.4211215E+01  1.4211175E+01  1.4207219E+01  1.3003213E+01  3.8016972E+00
 6.2423788E+00  1.5398178E+01  1.6599322E+01  1.6603211E+01  1.6603257E+01  4.1570196E+02  1.6603369E+01  1.6603328E+01  1.6599322E+01  1.5398178E+01  6.2423788E+00
 9.1101786E+00  1.8220387E+01  1.9418682E+01  1.9422618E+01  1.9422665E+01  5.0738300E+02  1.9422780E+01  1.9422738E+01  1.9418682E+01  1.8220387E+01  9.1101786E+00
 1.2462669E+01  2.1527417E+01  2.2722877E+01  2.2726861E+01  2.2726910E+01  6.1542728E+02  2.2727027E+01  2.2726984E+01  2.2722877E+01  2.1527417E+01  1.2462669E+01
 1.6363829E+01  2.5383254E+01  2.6575893E+01  2.6579926E+01  2.6579975E+01  7.4228186E+02  2.6580095E+01  2.6580051E+01  2.6575893E+01  2.5383254E+01  1.6363829E+01
 2.0884682E+01  2.9858925E+01  3.1048756E+01  3.1052838E+01  3.1052888E+01  8.9068731E+02  3.1053011E+01  3.1052967E+01  3.1048756E+01  2.9858925E+01  2.0884682E+01
 2.6103986E+01  3.5033190E+01  3.6220230E+01  3.6224360E+01  3.6224412E+01  1.0637030E+03  3.6224538E+01  3.6224493E+01  3.6220230E+01  3.5033190E+01  2.6103986E+01
 3.2108986E+01  4.0993302E+01  4.2177563E+01  4.2181744E+01  4.2181796E+01  1.2647335E+03  4.2181926E+01  4.2181879E+01  4.2177563E+01  4.0993302E+01  3.2108986E+01
 3.8996233E+01  4.7835812E+01  4.9017309E+01  4.9021541E+01  4.9021594E+01  1.4975564E+03  4.9021727E+01  4.9021679E+01  4.9017309E+01  4.7835812E+01  3.8996233E+01
 4.6872454E+01  5.5667452E+01  5.6846200E+01  5.6850482E+01  5.6850537E+01  1.7663504E+03  5.6850673E+01  5.6850624E+01  5.6846200E+01  5.5667452E+01  4.6872454E+01
 5.5841214E+01  6.4591785E+01  6.5767798E+01  6.5772132E+01  6.5772187E+01  2.0760521E+03  6.5772327E+01  6.5772278E+01  6.5767798E+01  6.4591785E+01  5.5841214E+01
 6.6056091E+01  7.4762394E+01  7.5935687E+01  7.5940073E+01  7.5940129E+01  2.4311147E+03  7.5940272E+01  7.5940222E+01  7.5935687E+01  7.4762394E+01  6.6056091E+01
 7.7647223E+01  8.6309419E+01  8.7480005E+01  8.7484443E+01  8.7484502E+01  2.8373619E+03  8.7484648E+01  8.7484596E+01  8.7480005E+01  8.6309419E+01  7.7647223E+01
 9.0770510E+01  9.9388759E+01  1.0055665E+02  1.0056114E+02  1.0056121E+02  3.3008603E+03  1.0056135E+02  1.0056130E+02  1.0055665E+02  9.9388759E+01  9.0770510E+01
 1.0559698E+02  1.1417145E+02  1.1533666E+02  1.1534120E+02  1.1534127E+02  3.8282230E+03  1.1534142E+02  1.1534137E+02  1.1533666E+02  1.1417145E+02  1.0559698E+02
 1.2231406E+02  1.3084491E+02  1.3200746E+02  1.3201205E+02  1.3201212E+02  4.4266402E+03  1.3201228E+02  1.3201222E+02  1.3200746E+02  1.3084491E+02  1.2231406E+02
 1.4112690E+02  1.4961428E+02  1.5077418E+02  1.5077884E+02  1.5077890E+02  5.1039092E+03  1.5077906E+02  1.5077901E+02  1.5077418E+02  1.4961428E+02  1.4112690E+02
 1.6225980E+02  1.7070390E+02  1.7186117E+02  1.7186587E+02  1.7186594E+02  5.8684668E+03  1.7186610E+02  1.7186605E+02  1.7186117E+02  1.7070390E+02  1.6225980E+02
 1.8595781E+02  1.9435877E+02  1.9551342E+02  1.9551818E+02  1.9551825E+02  6.7294202E+03  1.9551842E+02  1.9551836E+02  1.9551342E+02  1.9435877E+02  1.8595781E+02
 2.1250012E+02  2.2085812E+02  2.2201016E+02  2.2201498E+02  2.2201504E+02  7.7000755E+03  2.2201522E+02  2.2201516E+02  2.2201016E+02  2.2085812E+02  2.1250012E+02
 2.4213778E+02  2.5045299E+02  2.5160243E+02  2.5160731E+02  2.5160737E+02  8.7851148E+03  2.5160755E+02  2.5160749E+02  2.5160243E+02  2.5045299E+02  2.4213778E+02
 2.7520340E+02  2.8347597E+02  2.8462283E+02  2.8462776E+02  2.8462783E+02  9.9985488E+03  2.8462801E+02  2.8462795E+02  2.8462283E+02  2.8347597E+02  2.7520340E+02
 3.1203521E+02  3.2026532E+02  3.2140960E+02  3.2141459E+02  3.2141467E+02  1.1352525E+04  3.2141485E+02  3.2141479E+02  3.2140960E+02  3.2026532E+02  3.1203521E+02
 3.5301247E+02  3.6120029E+02  3.6234202E+02  3.6234707E+02  3.6234714E+02  1.2860891E+04  3.6234733E+02  3.6234726E+02  3.6234202E+02  3.6120029E+02  3.5301247E+02
 3.9852585E+02  4.0667153E+02  4.0781072E+02  4.0781583E+02  4.0781590E+02  1.4537141E+04  4.0781609E+02  4.0781603E+02  4.0781072E+02  4.0667153E+02  3.9852585E+02
 4.4900246E+02  4.5710618E+02  4.5824284E+02  4.5824801E+02  4.5824808E+02  1.6396010E+04  4.5824828E+02  4.5824822E+02  4.5824284E+02  4.5710618E+02  4.4900246E+02
 5.0490418E+02  5.1296612E+02  5.1410025E+02  5.1410549E+02  5.1410556E+02  1.8453235E+04  5.1410577E+02  5.1410570E+02  5.1410025E+02  5.1296612E+02  5.0490418E+02
 5.6672827E+02  5.7474859E+02  5.7588023E+02  5.7588552E+02  5.7588559E+02  2.0725492E+04  5.7588581E+02  5.7588573E+02  5.7588023E+02  5.7474859E+02  5.6672827E+02
 6.3523143E+02  6.4321031E+02  6.4433945E+02  6.4434480E+02  6.4434488E+02  2.3243329E+04  6.4434510E+02  6.4434502E+02  6.4433945E+02  6.4321031E+02  6.3523143E+02
 7.1048841E+02  7.1842603E+02  7.1955268E+02  7.1955810E+02  7.1955818E+02  2.5999723E+04  7.1955840E+02  7.1955833E+02  7.1955268E+02  7.1842603E+02  7.1048841E+02
 7.9344770E+02  8.0134424E+02  8.0246843E+02  8.0247391E+02  8.0247399E+02  2.9030931E+04  8.0247421E+02  8.0247414E+02  8.0246843E+02  8.0134424E+02  7.9344770E+02
 2.2392977E-09  8.6880622E+00  9.8596095E+00  9.8638337E+00  9.8638853E+00  2.0566561E+02  9.8640086E+00  9.8639631E+00  9.8596095E+00  8.6880622E+00  2.2392867E-09
 1.6165696E+00  1.0261457E+01  1.1430373E+01  1.1434648E+01  1.1434700E+01  2.5643637E+02  1.1434827E+01  1.1434780E+01  1.1430373E+01  1.0261457E+01  1.6165696E+00
 3.5333418E+00  1.2135158E+01  1.3301452E+01  1.3305778E+01  1.3305832E+01  3.1682509E+02  1.3305962E+01  1.3305914E+01  1.3301452E+01  1.2135158E+01  3.5333418E+00
 5.7917686E+00  1.4350623E+01  1.5514306E+01  1.5518684E+01  1.5518740E+01  3.8835673E+02  1.5518873E+01  1.5518824E+01  1.5514306E+01  1.4350623E+01  5.7917686E+00
 8.4379205E+00  1.6953930E+01  1.8115013E+01  1.8119444E+01  1.8119500E+01  4.7275159E+02  1.8119637E+01  1.8119587E+01  1.8115013E+01  1.6953930E+01  8.4379205E+00
 1.1522938E+01  1.9996223E+01  2.1154719E+01  2.1159202E+01  2.1159260E+01  5.7194353E+02  2.1159399E+01  2.1159349E+01  2.1154719E+01  1.9996223E+01  1.1522938E+01
 1.5103528E+01  2.3534215E+01  2.4690134E+01  2.4694672E+01  2.4694730E+01  6.8809893E+02  2.4694874E+01  2.4694822E+01  2.4690134E+01  2.3534215E+01  1.5103528E+01
 1.9242502E+01  2.7630722E+01  2.8784077E+01  2.8788668E+01  2.8788728E+01  8.2363675E+02  2.8788875E+01  2.8788822E+01  2.8784077E+01  2.7630722E+01  1.9242502E+01
 2.4009368E+01  3.2355257E+01  3.3506058E+01  3.3510704E+01  3.3510765E+01  9.8124926E+02  3.3510916E+01  3.3510862E+01  3.3506058E+01  3.2355257E+01  2.4009368E+01
 2.9480968E+01  3.7784664E+01  3.8932924E+01  3.8937625E+01  3.8937688E+01  1.1639238E+03  3.8937843E+01  3.8937787E+01  3.8932924E+01  3.7784664E+01  2.9480968E+01
 3.5742170E+01  4.4003814E+01  4.5149545E+01  4.5154302E+01  4.5154366E+01  1.3749653E+03  4.5154525E+01  4.5154468E+01  4.5149545E+01  4.4003814E+01  3.5742170E+01
 4.2886610E+01  5.1106347E+01  5.2249560E+01  5.2254374E+01  5.2254438E+01  1.6180195E+03  5.2254602E+01  5.2254544E+01  5.2249560E+01  5.1106347E+01  4.2886610E+01
 5.1007020E+01  5.9184994E+01  6.0325702E+01  6.0330573E+01  6.0330639E+01  1.8974410E+03  6.0330806E+01  6.0330747E+01  6.0325702E+01  5.9184994E+01  5.1007020E+01
 6.0232708E+01  6.8369066E+01  6.9507280E+01  6.9512209E+01  6.9512276E+01  2.2169504E+03  6.9512447E+01  6.9512387E+01  6.9507280E+01  6.8369066E+01  6.0232708E+01
 7.0679483E+01  7.8774376E+01  7.9910108E+01  7.9915095E+01  7.9915163E+01  2.5816556E+03  7.9915338E+01  7.9915277E+01  7.9910108E+01  7.8774376E+01  7.0679483E+01
 8.2482835E+01  9.0536412E+01  9.1669673E+01  9.1674719E+01  9.1674789E+01  2.9967853E+03  9.1674968E+01  9.1674905E+01  9.1669673E+01  9.0536412E+01  8.2482835E+01
 9.5791065E+01  1.0380348E+02  1.0493428E+02  1.0493938E+02  1.0493946E+02  3.4680222E+03  1.0493964E+02  1.0493957E+02  1.0493428E+02  1.0380348E+02  9.5791065E+01
 1.1076631E+02  1.1873771E+02  1.1986606E+02  1.1987123E+02  1.1987130E+02  4.0015267E+03  1.1987149E+02  1.1987143E+02  1.1986606E+02  1.1873771E+02  1.1076631E+02
 1.2758563E+02  1.3551617E+02  1.3664209E+02  1.3664731E+02  1.3664739E+02  4.6039600E+03  1.3664758E+02  1.3664752E+02  1.3664209E+02  1.3551617E+02  1.2758563E+02
 1.4644217E+02  1.5433200E+02  1.5545550E+02  1.5546079E+02  1.5546086E+02  5.2825078E+03  1.5546106E+02  1.5546099E+02  1.5545550E+02  1.5433200E+02  1.4644217E+02
 1.6754640E+02  1.7539568E+02  1.7651677E+02  1.7652211E+02  1.7652219E+02  6.0449045E+03  1.7652240E+02  1.7652232E+02  1.7651677E+02  1.7539568E+02  1.6754640E+02
 1.9114877E+02  1.9895765E+02  2.0007633E+02  2.0008174E+02  2.0008183E+02  6.9026664E+03  2.0008203E+02  2.0008196E+02  2.0007633E+02  1.9895765E+02  1.9114877E+02
 2.1744464E+02  2.2521329E+02  2.2632957E+02  2.2633504E+02  2.2633513E+02  7.8593010E+03  2.2633534E+02  2.2633527E+02  2.2632957E+02  2.2521329E+02  2.1744464E+02
 2.4672737E+02  2.5445592E+02  2.5556983E+02  2.5557537E+02  2.5557545E+02  8.9268356E+03  2.5557567E+02  2.5557559E+02  2.5556983E+02  2.5445592E+02  2.4672737E+02
 2.7928519E+02  2.8697381E+02  2.8808535E+02  2.8809095E+02  2.8809103E+02  1.0115478E+04  2.8809125E+02  2.8809118E+02  2.8808535E+02  2.8697381E+02  2.7928519E+02
 3.1544233E+02  3.2309117E+02  3.2420035E+02  3.2420601E+02  3.2420610E+02  1.1436862E+04  3.2420633E+02  3.2420625E+02  3.2420035E+02  3.2309117E+02  3.1544233E+02
 3.5552906E+02  3.6313828E+02  3.6424511E+02  3.6425084E+02  3.6425092E+02  1.2902239E+04  3.6425116E+02  3.6425108E+02  3.6424511E+02  3.6313828E+02  3.5552906E+02
 3.9990674E+02  4.0747651E+02  4.0858100E+02  4.0858679E+02  4.0858688E+02  1.4523884E+04  4.0858712E+02  4.0858704E+02  4.0858100E+02  4.0747651E+02  3.9990674E+02
 4.4896544E+02  4.5649591E+02  4.5759807E+02  4.5760393E+02  4.5760402E+02  1.6314870E+04  4.5760427E+02  4.5760418E+02  4.5759807E+02  4.5649591E+02  4.4896544E+02
 5.0312410E+02  5.1061542E+02  5.1171527E+02  5.1172120E+02  5.1172129E+02  1.8289017E+04  5.1172154E+02  5.1172146E+02  5.1171527E+02  5.1061542E+02  5.0312410E+02
 5.6304351E+02  5.7049586E+02  5.7159340E+02  5.7159939E+02  5.7159949E+02  2.0471992E+04  5.7159974E+02  5.7159966E+02  5.7159340E+02  5.7049586E+02  5.6304351E+02
 6.2873560E+02  6.3614915E+02  6.3724438E+02  6.3725045E+02  6.3725054E+02  2.2857085E+04  6.3725081E+02  6.3725072E+02  6.3724438E+02  6.3614915E+02  6.2873560E+02
 7.0102841E+02  7.0840331E+02  7.0949627E+02  7.0950240E+02  7.0950250E+02  2.5474741E+04  7.0950277E+02  7.0950268E+02  7.0949627E+02  7.0840331E+02  7.0102841E+02
 2.0867630E-09  8.1196541E+00  9.2567993E+00  9.2615530E+00  9.2616147E+00  1.9377541E+02  9.2617623E+00  9.2617077E+00  9.2567993E+00  8.1196541E+00  2.0867651E-09
 1.5038969E+00  9.5829501E+00  1.0717673E+01  1.0722483E+01  1.0722546E+01  2.4085624E+02  1.0722698E+01  1.0722642E+01  1.0717673E+01  9.5829501E+00  1.5038969E+00
 3.2814132E+00  1.1319961E+01  1.2452271E+01  1.2457138E+01  1.2457203E+01  2.9669477E+02  1.2457358E+01  1.2457300E+01  1.2452271E+01  1.1319961E+01  3.2814132E+00
 5.3694704E+00  1.3367616E+01  1.4497521E+01  1.4502445E+01  1.4502511E+01  3.6265074E+02  1.4502671E+01  1.4502612E+01  1.4497521E+01  1.3367616E+01  5.3694704E+00
 7.8090075E+00  1.5766858E+01  1.6894368E+01  1.6899351E+01  1.6899418E+01  4.4025329E+02  1.6899581E+01  1.6899522E+01  1.6894368E+01  1.5766858E+01  7.8090075E+00
 1.0645365E+01  1.8563033E+01  1.9688158E+01  1.9693200E+01  1.9693268E+01  5.3121595E+02  1.9693436E+01  1.9693375E+01  1.9688158E+01  1.8563033E+01  1.0645365E+01
 1.3928703E+01  2.1806309E+01  2.2929057E+01  2.2934159E+01  2.2934228E+01  6.3745241E+02  2.2934400E+01  2.2934338E+01  2.2929057E+01  2.1806309E+01  1.3928703E+01
 1.7714467E+01  2.5552130E+01  2.6672513E+01  2.6677674E+01  2.6677745E+01  7.6109280E+02  2.6677921E+01  2.6677858E+01  2.6672513E+01  2.5552130E+01  1.7714467E+01
 2.2063876E+01  2.9861724E+01  3.0979750E+01  3.0984972E+01  3.0985044E+01  9.0450082E+02  3.0985225E+01  3.0985161E+01  3.0979750E+01  2.9861724E+01  2.2063876E+01
 2.7044473E+01  3.4802635E+01  3.5918315E+01  3.5923597E+01  3.5923672E+01  1.0702913E+03  3.5923857E+01  3.5923790E+01  3.5918315E+01  3.4802635E+01  2.7044473E+01
 3.2730703E+01  4.0449312E+01  4.1562655E+01  4.1567999E+01  4.1568074E+01  1.2613486E+03  4.1568265E+01  4.1568197E+01  4.1562655E+01  4.0449312E+01  3.2730703E+01
 3.9204544E+01  4.6883734E+01  4.7994750E+01  4.8000156E+01  4.8000234E+01  1.4808452E+03  4.8000429E+01  4.8000359E+01  4.7994750E+01  4.6883734E+01  3.9204544E+01
 4.6548739E+01  5.4188646E+01  5.5297344E+01  5.5302814E+01  5.5302893E+01  1.7326070E+03  5.5303093E+01  5.5303022E+01  5.5297344E+01  5.4188646E+01  4.6548739E+01
 5.4871910E+01  6.2472670E+01  6.3579062E+01  6.3584595E+01  6.3584675E+01  2.0197388E+03  6.3584880E+01  6.3584808E+01  6.3579062E+01  6.2472670E+01  5.4871910E+01
 6.4276798E+01  7.1838552E+01  7.2942646E+01  7.2948244E+01  7.2948325E+01  2.3467039E+03  7.2948536E+01  7.2948462E+01  7.2942646E+01  7.1838552E+01  6.4276798E+01
 7.4880896E+01  8.2403784E+01  8.3505590E+01  8.3511253E+01  8.3511336E+01  2.7179961E+03  8.3511552E+01  8.3511476E+01  8.3505590E+01  8.2403784E+01  7.4880896E+01
 8.6812512E+01  9.4296676E+01  9.5396204E+01  9.5401932E+01  9.5402017E+01  3.1384851E+03  9.5402237E+01  9.5402161E+01  9.5396204E+01  9.4296676E+01  8.6812512E+01
 1.0021160E+02  1.0765718E+02  1.0875444E+02  1.0876023E+02  1.0876032E+02  3.6134342E+03  1.0876055E+02  1.0876047E+02  1.0875444E+02  1.0765718E+02  1.0021160E+02
 1.1523062E+02  1.2263777E+02  1.2373276E+02  1.2373862E+02  1.2373871E+02  4.1485172E+03  1.2373895E+02  1.2373886E+02  1.2373276E+02  1.2263777E+02  1.1523062E+02
 1.3203551E+02  1.3940436E+02  1.4049711E+02  1.4050304E+02  1.4050313E+02  4.7498365E+03  1.4050336E+02  1.4050328E+02  1.4049711E+02  1.3940436E+02  1.3203551E+02
 1.5080663E+02  1.5813733E+02  1.5922784E+02  1.5923383E+02  1.5923392E+02  5.4239407E+03  1.5923417E+02  1.5923408E+02  1.5922784E+02  1.5813733E+02  1.5080663E+02
 1.7176725E+02  1.7905994E+02  1.8014822E+02  1.8015428E+02  1.8015438E+02  6.1807429E+03  1.8015463E+02  1.8015454E+02  1.8014822E+02  1.7905994E+02  1.7176725E+02
 1.9506815E+02  2.0232298E+02  2.0340903E+02  2.0341516E+02  2.0341526E+02  7.0228492E+03  2.0341551E+02  2.0341543E+02  2.0340903E+02  2.0232298E+02  1.9506815E+02
 2.2096692E+02  2.2818403E+02  2.2926787E+02  2.2927407E+02  2.2927417E+02  7.9605351E+03  2.2927443E+02  2.2927434E+02  2.2926787E+02  2.2818403E+02  2.2096692E+02
 2.4970857E+02  2.5688811E+02  2.5796974E+02  2.5797602E+02  2.5797612E+02  9.0023498E+03  2.5797638E+02  2.5797629E+02  2.5796974E+02  2.5688811E+02  2.4970857E+02
 2.8156948E+02  2.8871160E+02  2.8979103E+02  2.8979738E+02  2.8979747E+02  1.0158033E+04  2.8979775E+02  2.8979766E+02  2.8979103E+02  2.8871160E+02  2.8156948E+02
 3.1682817E+02  3.2393302E+02  3.2501026E+02  3.2501668E+02  3.2501678E+02  1.1436933E+04  3.2501706E+02  3.2501697E+02  3.2501026E+02  3.2393302E+02  3.1682817E+02
 3.5578958E+02  3.6285730E+02  3.6393236E+02  3.6393885E+02  3.6393895E+02  1.2849239E+04  3.6393924E+02  3.6393915E+02  3.6393236E+02  3.6285730E+02  3.5578958E+02
 3.9878221E+02  4.0581295E+02  4.0688584E+02  4.0689241E+02  4.0689251E+02  1.4405775E+04  4.0689280E+02  4.0689271E+02  4.0688584E+02  4.0581295E+02  3.9878221E+02
 4.4615806E+02  4.5315198E+02  4.5422271E+02  4.5422934E+02  4.5422945E+02  1.6117948E+04  4.5422975E+02  4.5422965E+02  4.5422271E+02  4.5315198E+02  4.4615806E+02
 4.9849066E+02  5.0544790E+02  5.0651647E+02  5.0652318E+02  5.0652328E+02  1.8007199E+04  5.0652359E+02  5.0652350E+02  5.0651647E+02  5.0544790E+02  4.9849066E+02
 5.5574950E+02  5.6267024E+02  5.6373666E+02  5.6374344E+02  5.6374355E+02  2.0067339E+04  5.6374387E+02  5.6374376E+02  5.6373666E+02  5.6267024E+02  5.5574950E+02
 6.1865301E+02  6.2553739E+02  6.2660167E+02  6.2660853E+02  6.2660864E+02  2.2323776E+04  6.2660897E+02  6.2660886E+02  6.2660167E+02  6.2553739E+02  6.1865301E+02
 1.9430818E-09  7.5852858E+00  8.6911419E+00  8.6964871E+00  8.6965607E+00  1.8253070E+02  8.6967376E+00  8.6966721E+00  8.6911419E+00  7.5852858E+00  1.9430707E-09
 1.3979445E+00  8.9450300E+00  1.0048644E+01  1.0054051E+01  1.0054127E+01  2.2614337E+02  1.0054308E+01  1.0054242E+01  1.0048644E+01  8.9450300E+00  1.3979445E+00
 3.0449290E+00  1.0553904E+01  1.1655283E+01  1.1660754E+01  1.1660830E+01  2.7771847E+02  1.1661016E+01  1.1660948E+01  1.1655283E+01  1.0553904E+01  3.0449290E+00
 4.9737749E+00  1.2444734E+01  1.3543886E+01  1.3549420E+01  1.3549498E+01  3.3846583E+02  1.3549689E+01  1.3549620E+01  1.3543886E+01  1.2444734E+01  4.9737749E+00
 7.2207886E+00  1.4653833E+01  1.5750765E+01  1.5756363E+01  1.5756443E+01  4.0974164E+02  1.5756639E+01  1.5756568E+01  1.5750765E+01  1.4653833E+01  7.2207886E+00
 9.8260868E+00  1.7221323E+01  1.8316042E+01  1.8321705E+01  1.8321787E+01  4.9306079E+02  1.8321988E+01  1.8321915E+01  1.8316042E+01  1.7221323E+01  9.8260868E+00
 1.2833953E+01  2.0191491E+01  2.1284004E+01  2.1289734E+01  2.1289816E+01  5.9010973E+02  2.1290023E+01  2.1289948E+01  2.1284004E+01  2.0191491E+01  1.2833953E+01
 1.6293223E+01  2.3613178E+01  2.4703494E+01  2.4709289E+01  2.4709374E+01  7.0275981E+02  2.4709585E+01  2.4709509E+01  2.4703494E+01  2.3613178E+01  1.6293223E+01
 2.0257708E+01  2.7540198E+01  2.8628324E+01  2.8634186E+01  2.8634272E+01  8.3308109E+02  2.8634489E+01  2.8634412E+01  2.8628324E+01  2.7540198E+01  2.0257708E+01
 2.4786651E+01  3.2031797E+01  3.3117740E+01  3.3123670E+01  3.3123758E+01  9.8335658E+02  3.3123981E+01  3.3123901E+01  3.3117740E+01  3.2031797E+01  2.4786651E+01
 2.9945215E+01  3.7153140E+01  3.8236910E+01  3.8242908E+01  3.8242997E+01  1.1560969E+03  3.8243225E+01  3.8243144E+01  3.8236910E+01  3.7153140E+01  2.9945215E+01
 3.5805012E+01  4.2975844E+01  4.4057446E+01  4.4063513E+01  4.4063605E+01  1.3540556E+03  4.4063838E+01  4.4063756E+01  4.4057446E+01  4.2975844E+01  3.5805012E+01
 4.2439612E+01  4.9573478E+01  5.0652921E+01  5.0659058E+01  5.0659151E+01  1.5805799E+03  5.0659390E+01  5.0659306E+01  5.0652921E+01  4.9573478E+01  4.2439612E+01
 4.9940049E+01  5.7037077E+01  5.8114369E+01  5.8120575E+01  5.8120671E+01  1.8382583E+03  5.8120916E+01  5.8120831E+01  5.8114369E+01  5.7037077E+01  4.9940049E+01
 5.8397182E+01  6.5457503E+01  6.6532652E+01  6.6538929E+01  6.6539026E+01  2.1309752E+03  6.6539277E+01  6.6539190E+01  6.6532652E+01  6.5457503E+01  5.8397182E+01
 6.7912664E+01  7.4936411E+01  7.6009424E+01  7.6015772E+01  7.6015871E+01  2.4625820E+03  7.6016129E+01  7.6016039E+01  7.6009424E+01  7.4936411E+01  6.7912664E+01
 7.8597250E+01  8.5584555E+01  8.6655439E+01  8.6661860E+01  8.6661960E+01  2.8372395E+03  8.6662225E+01  8.6662133E+01  8.6655439E+01  8.5584555E+01  7.8597250E+01
 9.0571455E+01  9.7522453E+01  9.8591216E+01  9.8597709E+01  9.8597811E+01  3.2594306E+03  9.8598082E+01  9.8597989E+01  9.8591216E+01  9.7522453E+01  9.0571455E+01
 1.0396627E+02  1.1088109E+02  1.1194774E+02  1.1195430E+02  1.1195441E+02  3.7339735E+03  1.1195469E+02  1.1195459E+02  1.1194774E+02  1.1088109E+02  1.0396627E+02
 1.1892388E+02  1.2580266E+02  1.2686721E+02  1.2687385E+02  1.2687395E+02  4.2660345E+03  1.2687424E+02  1.2687414E+02  1.2686721E+02  1.2580266E+02  1.1892388E+02
 1.3559849E+02  1.4244137E+02  1.4350382E+02  1.4351053E+02  1.4351064E+02  4.8611406E+03  1.4351093E+02  1.4351083E+02  1.4350382E+02  1.4244137E+02  1.3559849E+02
 1.5418795E+02  1.6099506E+02  1.6205541E+02  1.6206221E+02  1.6206231E+02  5.5277777E+03  1.6206261E+02  1.6206251E+02  1.6205541E+02  1.6099506E+02  1.5418795E+02
 1.7480757E+02  1.8157905E+02  1.8263731E+02  1.8264418E+02  1.8264429E+02  6.2678669E+03  1.8264460E+02  1.8264449E+02  1.8263731E+02  1.8157905E+02  1.7480757E+02
 1.9768254E+02  2.0441853E+02  2.0547472E+02  2.0548166E+02  2.0548177E+02  7.0901439E+03  2.0548209E+02  2.0548198E+02  2.0547472E+02  2.0441853E+02  1.9768254E+02
 2.2302059E+02  2.2972122E+02  2.3077533E+02  2.3078235E+02  2.3078247E+02  8.0017440E+03  2.3078279E+02  2.3078269E+02  2.3077533E+02  2.2972122E+02  2.2302059E+02
 2.5105659E+02  2.5772200E+02  2.5877405E+02  2.5878115E+02  2.5878126E+02  9.0107883E+03  2.5878159E+02  2.5878148E+02  2.5877405E+02  2.5772200E+02  2.5105659E+02
 2.8202481E+02  2.8865514E+02  2.8970513E+02  2.8971230E+02  2.8971242E+02  1.0125017E+04  2.8971276E+02  2.8971265E+02  2.8970513E+02  2.8865514E+02  2.8202481E+02
 3.1618184E+02  3.2277723E+02  3.2382516E+02  3.2383241E+02  3.2383254E+02  1.1352857E+04  3.2383288E+02  3.2383277E+02  3.2382516E+02  3.2277723E+02  3.1618184E+02
 3.5380357E+02  3.6036416E+02  3.6141004E+02  3.6141738E+02  3.6141750E+02  1.2703236E+04  3.6141786E+02  3.6141774E+02  3.6141004E+02  3.6036416E+02  3.5380357E+02
 3.9518491E+02  4.0171085E+02  4.0275469E+02  4.0276210E+02  4.0276223E+02  1.4185535E+04  4.0276259E+02  4.0276247E+02  4.0275469E+02  4.0171085E+02  3.9518491E+02
 4.4082061E+02  4.4731203E+02  4.4835384E+02  4.4836134E+02  4.4836146E+02  1.5817548E+04  4.4836183E+02  4.4836172E+02  4.4835384E+02  4.4731203E+02  4.4082061E+02
 4.9065325E+02  4.9711031E+02  4.9815009E+02  4.9815766E+02  4.9815780E+02  1.7593730E+04  4.9815817E+02  4.9815805E+02  4.9815009E+02  4.9711031E+02  4.9065325E+02
 5.4530233E+02  5.5172517E+02  5.5276293E+02  5.5277059E+02  5.5277072E+02  1.9535148E+04  5.5277111E+02  5.5277098E+02  5.5276293E+02  5.5172517E+02  5.4530233E+02
 1.8077643E-09  7.0825550E+00  8.1599828E+00  8.1659876E+00  8.1660753E+00  1.7187587E+02  8.1662874E+00  8.1662090E+00  8.1599828E+00  7.0825550E+00  1.8077663E-09
 1.2983286E+00  8.3449300E+00  9.4202565E+00  9.4263301E+00  9.4264196E+00  2.1223128E+02  9.4266372E+00  9.4265571E+00  9.4202565E+00  8.3449300E+00  1.2983286E+00
 2.8229959E+00  9.8337275E+00  1.0906958E+01  1.0913101E+01  1.0913192E+01  2.5981478E+02  1.0913416E+01  1.0913334E+01  1.0906958E+01  9.8337275E+00  2.8229959E+00
 4.6031184E+00  1.1578070E+01  1.2649209E+01  1.2655422E+01  1.2655516E+01  3.1570042E+02  1.2655744E+01  1.2655661E+01  1.2649209E+01  1.1578070E+01  4.6031184E+00
 6.6708272E+00  1.3610093E+01  1.4679147E+01  1.4685432E+01  1.4685527E+01  3.8108818E+02  1.4685762E+01  1.4685676E+01  1.4679147E+01  1.3610093E+01  6.6708272E+00
 9.0615431E+00  1.5965224E+01  1.7032198E+01  1.7038554E+01  1.7038650E+01  4.5731413E+02  1.7038891E+01  1.7038805E+01  1.7032198E+01  1.5965224E+01  9.0615431E+00
 1.1814277E+01  1.8682475E+01  1.9747375E+01  1.9753804E+01  1.9753902E+01  5.4586083E+02  1.9754149E+01  1.9754061E+01  1.9747375E+01  1.8682475E+01  1.1814277E+01
 1.4971953E+01  2.1804777E+01  2.2867610E+01  2.2874111E+01  2.2874211E+01  6.4836813E+02  2.2874465E+01  2.2874374E+01  2.2867610E+01  2.1804777E+01  1.4971953E+01
 1.8581768E+01  2.5379329E+01  2.6440099E+01  2.6446674E+01  2.6446776E+01  7.6664422E+02  2.6447036E+01  2.6446944E+01  2.6440099E+01  2.5379329E+01  1.8581768E+01
 2.2695569E+01  2.9457980E+01  3.0516694E+01  3.0523343E+01  3.0523447E+01  9.0267708E+02  3.0523714E+01  3.0523619E+01  3.0516694E+01  2.9457980E+01  2.2695569E+01
 2.7370265E+01  3.4097644E+01  3.5154307E+01  3.5161031E+01  3.5161137E+01  1.0586461E+03  3.5161410E+01  3.5161314E+01  3.5154307E+01  3.4097644E+01  2.7370265E+01
 3.2668273E+01  3.9360737E+01  4.0415356E+01  4.0422156E+01  4.0422264E+01  1.2369344E+03  4.0422544E+01  4.0422446E+01  4.0415356E+01  3.9360737E+01  3.2668273E+01
 3.8654771E+01  4.5312441E+01  4.6365022E+01  4.6371898E+01  4.6372008E+01  1.4404582E+03  4.6372295E+01  4.6372195E+01  4.6365022E+01  4.5312441E+01  3.8654771E+01
 4.5405875E+01  5.2028871E+01  5.3079419E+01  5.3086372E+01  5.3086485E+01  1.6713732E+03  5.3086779E+01  5.3086677E+01  5.3079419E+01  5.2028871E+01  4.5405875E+01
 5.3001672E+01  5.9590119E+01  6.0638641E+01  6.0645671E+01  6.0645786E+01  1.9330467E+03  6.0646087E+01  6.0645983E+01  6.0638641E+01  5.9590119E+01  5.3001672E+01
 6.1529904E+01  6.8083926E+01  6.9130427E+01  6.9137535E+01  6.9137652E+01  2.2287694E+03  6.9137961E+01  6.9137855E+01  6.9130427E+01  6.8083926E+01  6.1529904E+01
 7.1085939E+01  7.7605660E+01  7.8650146E+01  7.8657334E+01  7.8657452E+01  2.5620850E+03  7.8657770E+01  7.8657661E+01  7.8650146E+01  7.7605660E+01  7.1085939E+01
 8.1773304E+01  8.8258851E+01  8.9301327E+01  8.9308594E+01  8.9308715E+01  2.9367999E+03  8.9309040E+01  8.9308929E+01  8.9301327E+01  8.8258851E+01  8.1773304E+01
 9.3704244E+01  1.0015574E+02  1.0119622E+02  1.0120356E+02  1.0120369E+02  3.3569926E+03  1.0120402E+02  1.0120391E+02  1.0119622E+02  1.0015574E+02  9.3704244E+01
 1.0700031E+02  1.1341789E+02  1.1445637E+02  1.1446380E+02  1.1446392E+02  3.8270221E+03  1.1446426E+02  1.1446415E+02  1.1445637E+02  1.1341789E+02  1.0700031E+02
 1.2179300E+02  1.2817679E+02  1.2921327E+02  1.2922078E+02  1.2922091E+02  4.3515377E+03  1.2922126E+02  1.2922114E+02  1.2921327E+02  1.2817679E+02  1.2179300E+02
 1.3825661E+02  1.4460673E+02  1.4564123E+02  1.4564882E+02  1.4564895E+02  4.9377626E+03  1.4564930E+02  1.4564919E+02  1.4564123E+02  1.4460673E+02  1.3825661E+02
 1.5647845E+02  1.6279503E+02  1.6382754E+02  1.6383522E+02  1.6383535E+02  5.5871027E+03  1.6383572E+02  1.6383560E+02  1.6382754E+02  1.6279503E+02  1.5647845E+02
 1.7665451E+02  1.8293768E+02  1.8396821E+02  1.8397597E+02  1.8397611E+02  6.3069464E+03  1.8397649E+02  1.8397636E+02  1.8396821E+02  1.8293768E+02  1.7665451E+02
 1.9896040E+02  2.0521029E+02  2.0623885E+02  2.0624670E+02  2.0624684E+02  7.1032273E+03  2.0624722E+02  2.0624709E+02  2.0623885E+02  2.0521029E+02  1.9896040E+02
 2.2359510E+02  2.2981184E+02  2.3083844E+02  2.3084637E+02  2.3084650E+02  7.9826884E+03  2.3084690E+02  2.3084677E+02  2.3083844E+02  2.2981184E+02  2.2359510E+02
 2.5075511E+02  2.5693883E+02  2.5796347E+02  2.5797148E+02  2.5797162E+02  8.9517153E+03  2.5797202E+02  2.5797190E+02  2.5796347E+02  2.5693883E+02  2.5075511E+02
 2.8065571E+02  2.8680655E+02  2.8782922E+02  2.8783732E+02  2.8783746E+02  1.0017249E+04  2.8783788E+02  2.8783774E+02  2.8782922E+02  2.8680655E+02  2.8065571E+02
 3.1352792E+02  3.1964600E+02  3.2066673E+02  3.2067491E+02  3.2067506E+02  1.1186623E+04  3.2067548E+02  3.2067535E+02  3.2066673E+02  3.1964600E+02  3.1352792E+02
 3.4961806E+02  3.5570352E+02  3.5672230E+02  3.5673057E+02  3.5673072E+02  1.2467519E+04  3.5673115E+02  3.5673101E+02  3.5672230E+02  3.5570352E+02  3.4961806E+02
 3.8935037E+02  3.9540335E+02  3.9642018E+02  3.9642854E+02  3.9642870E+02  1.3874614E+04  3.9642914E+02  3.9642900E+02  3.9642018E+02  3.9540335E+02  3.8935037E+02
 4.3265202E+02  4.3867266E+02  4.3968755E+02  4.3969600E+02  4.3969615E+02  1.5403052E+04  4.3969661E+02  4.3969646E+02  4.3968755E+02  4.3867266E+02  4.3265202E+02
 4.8005397E+02  4.8604241E+02  4.8705537E+02  4.8706391E+02  4.8706407E+02  1.7070183E+04  4.8706453E+02  4.8706439E+02  4.8705537E+02  4.8604241E+02  4.8005397E+02
 1.6803355E-09  6.6093432E+00  7.6604926E+00  7.6672318E+00  7.6673362E+00  1.6176575E+02  7.6675906E+00  7.6674968E+00  7.6604926E+00  6.6093432E+00  1.6803261E-09
 1.2046976E+00  7.7801961E+00  8.8293472E+00  8.8361621E+00  8.8362685E+00  1.9906431E+02  8.8365295E+00  8.8364338E+00  8.8293472E+00  7.7801961E+00  1.2046976E+00
 2.6147917E+00  9.1565244E+00  1.0203681E+01  1.0210573E+01  1.0210681E+01  2.4291375E+02  1.0210949E+01  1.0210851E+01  1.0203681E+01  9.1565244E+00  2.6147917E+00
 4.2560560E+00  1.0764107E+01  1.1809274E+01  1.1816243E+01  1.1816353E+01  2.9426526E+02  1.1816628E+01  1.1816528E+01  1.1809274E+01  1.0764107E+01  4.2560560E+00
 6.1568651E+00  1.2631324E+01  1.3674506E+01  1.3681552E+01  1.3681665E+01  3.5417805E+02  1.3681947E+01  1.3681845E+01  1.3674506E+01  1.2631324E+01  6.1568651E+00
 8.3484250E+00  1.4789386E+01  1.5830586E+01  1.5837712E+01  1.5837826E+01  4.2382750E+02  1.5838115E+01  1.5838012E+01  1.5830586E+01  1.4789386E+01  8.3484250E+00
 1.0865025E+01  1.7272586E+01  1.8311810E+01  1.8319014E+01  1.8319131E+01  5.0451357E+02  1.8319427E+01  1.8319322E+01  1.8311810E+01  1.7272586E+01  1.0865025E+01
 1.3744311E+01  2.0118572E+01  2.1155825E+01  2.1163110E+01  2.1163229E+01  5.9766941E+02  2.1163533E+01  2.1163425E+01  2.1155825E+01  2.0118572E+01  1.3744311E+01
 1.7027581E+01  2.3368648E+01  2.4403934E+01  2.4411299E+01  2.4411421E+01  7.0487018E+02  2.4411733E+01  2.4411622E+01  2.4403934E+01  2.3368648E+01  1.7027581E+01
 2.0760106E+01  2.7068086E+01  2.8101411E+01  2.8108857E+01  2.8108981E+01  8.2784207E+02  2.8109301E+01  2.8109188E+01  2.8101411E+01  2.7068086E+01  2.0760106E+01
 2.4991472E+01  3.1266474E+01  3.2297842E+01  3.2305372E+01  3.2305497E+01  9.6847154E+02  3.2305825E+01  3.2305710E+01  3.2297842E+01  3.1266474E+01  2.4991472E+01
 2.9775948E+01  3.6018085E+01  3.7047501E+01  3.7055112E+01  3.7055241E+01  1.1288147E+03  3.7055576E+01  3.7055460E+01  3.7047501E+01  3.6018085E+01  2.9775948E+01
 3.5171067E+01  4.1380451E+01  4.2407921E+01  4.2415616E+01  4.2415746E+01  1.3114018E+03  4.2416090E+01  4.2415972E+01  4.2407921E+01  4.1380451E+01  3.5171067E+01
 4.1240323E+01  4.7417069E+01  4.8442597E+01  4.8450376E+01  4.8450509E+01  1.5180262E+03  4.8450861E+01  4.8450740E+01  4.8442597E+01  4.7417069E+01  4.1240323E+01
 4.8054074E+01  5.4198298E+01  5.5221888E+01  5.5229753E+01  5.5229888E+01  1.7515948E+03  5.5230249E+01  5.5230126E+01  5.5221888E+01  5.4198298E+01  4.8054074E+01
 5.5687860E+01  6.1799680E+01  6.2821337E+01  6.2829287E+01  6.2829424E+01  2.0149099E+03  6.2829795E+01  6.2829670E+01  6.2821337E+01  6.1799680E+01  5.5687860E+01
 6.4223593E+01  7.0303126E+01  7.1322856E+01  7.1330892E+01  7.1331032E+01  2.3109800E+03  7.1331412E+01  7.1331283E+01  7.1322856E+01  7.0303126E+01  6.4223593E+01
 7.3749975E+01  7.9797340E+01  8.0815147E+01  8.0823270E+01  8.0823412E+01  2.6430262E+03  8.0823801E+01  8.0823670E+01  8.0815147E+01  7.9797340E+01  7.3749975E+01
 8.4362942E+01  9.0378259E+01  9.1394146E+01  9.1402357E+01  9.1402502E+01  3.0144886E+03  9.1402901E+01  9.1402767E+01  9.1394146E+01  9.0378259E+01  8.4362942E+01
 9.6166127E+01  1.0214952E+02  1.0316349E+02  1.0317179E+02  1.0317193E+02  3.4290327E+03  1.0317234E+02  1.0317221E+02  1.0316349E+02  1.0214952E+02  9.6166127E+01
 1.0927135E+02  1.1522293E+02  1.1623499E+02  1.1624338E+02  1.1624353E+02  3.8905552E+03  1.1624395E+02  1.1624381E+02  1.1623499E+02  1.1522293E+02  1.0927135E+02
 1.2383130E+02  1.2975119E+02  1.3076135E+02  1.3076982E+02  1.3076998E+02  4.4051691E+03  1.3077041E+02  1.3077027E+02  1.3076135E+02  1.2975119E+02  1.2383130E+02
 1.3991133E+02  1.4579965E+02  1.4680791E+02  1.4681648E+02  1.4681663E+02  4.9738967E+03  1.4681707E+02  1.4681692E+02  1.4680791E+02  1.4579965E+02  1.3991133E+02
 1.5768124E+02  1.6353812E+02  1.6454448E+02  1.6455314E+02  1.6455330E+02  5.6029541E+03  1.6455375E+02  1.6455360E+02  1.6454448E+02  1.6353812E+02  1.5768124E+02
 1.7728908E+02  1.8311464E+02  1.8411910E+02  1.8412785E+02  1.8412801E+02  6.2972557E+03  1.8412847E+02  1.8412833E+02  1.8411910E+02  1.8311464E+02  1.7728908E+02
 1.9890285E+02  2.0469720E+02  2.0569978E+02  2.0570862E+02  2.0570878E+02  7.0623758E+03  2.0570925E+02  2.0570910E+02  2.0569978E+02  2.0469720E+02  1.9890285E+02
 2.2268688E+02  2.2845016E+02  2.2945085E+02  2.2945978E+02  2.2945995E+02  7.9035613E+03  2.2946043E+02  2.2946027E+02  2.2945085E+02  2.2845016E+02  2.2268688E+02
 2.4882124E+02  2.5455357E+02  2.5555237E+02  2.5556141E+02  2.5556157E+02  8.8265056E+03  2.5556207E+02  2.5556191E+02  2.5555237E+02  2.5455357E+02  2.4882124E+02
 2.7749877E+02  2.8320028E+02  2.8419720E+02  2.8420632E+02  2.8420650E+02  9.8372063E+03  2.8420700E+02  2.8420684E+02  2.8419720E+02  2.8320028E+02  2.7749877E+02
 3.0892455E+02  3.1459535E+02  3.1559040E+02  3.1559962E+02  3.1559979E+02  1.0941926E+04  3.1560031E+02  3.1560015E+02  3.1559040E+02  3.1459535E+02  3.0892455E+02
 3.4346016E+02  3.4910040E+02  3.5009358E+02  3.5010289E+02  3.5010307E+02  1.2152687E+04  3.5010360E+02  3.5010343E+02  3.5009358E+02  3.4910040E+02  3.4346016E+02
 3.8102577E+02  3.8663557E+02  3.8762687E+02  3.8763628E+02  3.8763646E+02  1.3465327E+04  3.8763700E+02  3.8763684E+02  3.8762687E+02  3.8663557E+02  3.8102577E+02
 4.2207369E+02  4.2765318E+02  4.2864262E+02  4.2865213E+02  4.2865231E+02  1.4894037E+04  4.2865287E+02  4.2865270E+02  4.2864262E+02  4.2765318E+02  4.2207369E+02
 1.5603837E-09  6.1637659E+00  7.1900878E+00  7.1976425E+00  7.1977663E+00  1.5216212E+02  7.1980716E+00  7.1979597E+00  7.1900878E+00  6.1637659E+00  1.5603750E-09
 1.1167274E+00  7.2486333E+00  8.2730444E+00  8.2806821E+00  8.2808083E+00  1.8659433E+02  8.2811215E+00  8.2810073E+00  8.2730444E+00  7.2486333E+00  1.1167274E+00
 2.4195547E+00  8.5196750E+00  9.5421788E+00  9.5499003E+00  9.5500288E+00  2.2695364E+02  9.5503501E+00  9.5502337E+00  9.5421788E+00  8.5196750E+00  2.4195547E+00
 3.9312454E+00  9.9996598E+00  1.1020260E+01  1.1028066E+01  1.1028197E+01  2.7408035E+02  1.1028527E+01  1.1028408E+01  1.1020260E+01  9.9996598E+00  3.9312454E+00
 5.6767995E+00  1.1713592E+01  1.2732293E+01  1.2740184E+01  1.2740317E+01  3.2890699E+02  1.2740655E+01  1.2740534E+01  1.2732293E+01  1.1713592E+01  5.6767995E+00
 7.6836470E+00  1.3688907E+01  1.4705711E+01  1.4713688E+01  1.4713824E+01  3.9246486E+02  1.4714171E+01  1.4714047E+01  1.4705711E+01  1.3688907E+01  7.6836470E+00
 9.9818575E+00  1.5955677E+01  1.6970589E+01  1.6978653E+01  1.6978791E+01  4.6589068E+02  1.6979146E+01  1.6979021E+01  1.6970589E+01  1.5955677E+01  9.9818575E+00
 1.2604369E+01  1.8546843E+01  1.9559867E+01  1.9568019E+01  1.9568159E+01  5.5043346E+02  1.9568524E+01  1.9568395E+01  1.9559867E+01  1.8546843E+01  1.2604369E+01
 1.5587234E+01  2.1498462E+01  2.2509601E+01  2.2517841E+01  2.2517984E+01  6.4746139E+02  2.2518358E+01  2.2518228E+01  2.2509601E+01  2.1498462E+01  1.5587234E+01
 1.8969884E+01  2.4849967E+01  2.5859226E+01  2.5867555E+01  2.5867700E+01  7.5846891E+02  2.5868084E+01  2.5867951E+01  2.5859226E+01  2.4849967E+01  1.8969884E+01
 2.2795417E+01  2.8644459E+01  2.9651842E+01  2.9660260E+01  2.9660409E+01  8.8508390E+02  2.9660801E+01  2.9660666E+01  2.9651842E+01  2.8644459E+01  2.2795417E+01
 2.7110900E+01  3.2929008E+01  3.3934518E+01  3.3943026E+01  3.3943178E+01  1.0290750E+03  3.3943580E+01  3.3943442E+01  3.3934518E+01  3.2929008E+01  2.7110900E+01
 3.1966930E+01  3.7754209E+01  3.8757851E+01  3.8766451E+01  3.8766604E+01  1.1926273E+03  3.8767017E+01  3.8766876E+01  3.8757851E+01  3.7754209E+01  3.1966930E+01
 3.7416347E+01  4.3172905E+01  4.4174683E+01  4.4183374E+01  4.4183531E+01  1.3772320E+03  4.4183954E+01  4.4183810E+01  4.4174683E+01  4.3172905E+01  3.7416347E+01
 4.3520745E+01  4.9246693E+01  5.0246609E+01  5.0255394E+01  5.0255552E+01  1.5853872E+03  5.0255986E+01  5.0255840E+01  5.0246609E+01  4.9246693E+01  4.3520745E+01
 5.0344990E+01  5.6040438E+01  5.7038497E+01  5.7047375E+01  5.7047536E+01  1.8194715E+03  5.7047980E+01  5.7047832E+01  5.7038497E+01  5.6040438E+01  5.0344990E+01
 5.7959247E+01  6.3624306E+01  6.4620512E+01  6.4629483E+01  6.4629648E+01  2.0820298E+03  6.4630103E+01  6.4629951E+01  6.4620512E+01  6.3624306E+01  5.7959247E+01
 6.6439308E+01  7.2074092E+01  7.3068448E+01  7.3077514E+01  7.3077681E+01  2.3757782E+03  7.3078147E+01  7.3077993E+01  7.3068448E+01  7.2074092E+01  6.6439308E+01
 7.5866945E+01  8.1471566E+01  8.2464075E+01  8.2473236E+01  8.2473406E+01  2.7036079E+03  8.2473883E+01  8.2473727E+01  8.2464075E+01  8.1471566E+01  7.5866945E+01
 8.6330264E+01  9.1904835E+01  9.2895501E+01  9.2904758E+01  9.2904930E+01  3.0685896E+03  9.2905420E+01  9.2905260E+01  9.2895501E+01  9.1904835E+01  8.6330264E+01
 9.7924088E+01  1.0346872E+02  1.0445755E+02  1.0446690E+02  1.0446708E+02  3.4739767E+03  1.0446758E+02  1.0446741E+02  1.0445755E+02  1.0346872E+02  9.7924088E+01
 1.1078141E+02  1.1629623E+02  1.1728321E+02  1.1729267E+02  1.1729284E+02  3.9249121E+03  1.1729336E+02  1.1729319E+02  1.1728321E+02  1.1629623E+02  1.1078141E+02
 1.2495054E+02  1.3043565E+02  1.3142080E+02  1.3143035E+02  1.3143054E+02  4.4221356E+03  1.3143106E+02  1.3143090E+02  1.3142080E+02  1.3043565E+02  1.2495054E+02
 1.4057791E+02  1.4603343E+02  1.4701675E+02  1.4702640E+02  1.4702658E+02  4.9708483E+03  1.4702712E+02  1.4702694E+02  1.4701675E+02  1.4603343E+02  1.4057791E+02
 1.5778793E+02  1.6321397E+02  1.6419546E+02  1.6420521E+02  1.6420539E+02  5.5751032E+03  1.6420594E+02  1.6420577E+02  1.6419546E+02  1.6321397E+02  1.5778793E+02
 1.7672195E+02  1.8211863E+02  1.8309829E+02  1.8310814E+02  1.8310833E+02  6.2394869E+03  1.8310889E+02  1.8310872E+02  1.8309829E+02  1.8211863E+02  1.7672195E+02
 1.9751699E+02  2.0288442E+02  2.0386227E+02  2.0387222E+02  2.0387241E+02  6.9682920E+03  2.0387299E+02  2.0387280E+02  2.0386227E+02  2.0288442E+02  1.9751699E+02
 2.2032318E+02  2.2566148E+02  2.2663751E+02  2.2664756E+02  2.2664775E+02  7.7661676E+03  2.2664834E+02  2.2664816E+02  2.2663751E+02  2.2566148E+02  2.2032318E+02
 2.4530093E+02  2.5061023E+02  2.5158444E+02  2.5159459E+02  2.5159479E+02  8.6379957E+03  2.5159539E+02  2.5159520E+02  2.5158444E+02  2.5061023E+02  2.4530093E+02
 2.7262042E+02  2.7790083E+02  2.7887322E+02  2.7888347E+02  2.7888368E+02  9.5888578E+03  2.7888430E+02  2.7888411E+02  2.7887322E+02  2.7790083E+02  2.7262042E+02
 3.0258797E+02  3.0783962E+02  3.0881020E+02  3.0882055E+02  3.0882076E+02  1.0628531E+04  3.0882139E+02  3.0882120E+02  3.0881020E+02  3.0783962E+02  3.0258797E+02
 3.3512265E+02  3.4034566E+02  3.4131442E+02  3.4132488E+02  3.4132509E+02  1.1753518E+04  3.4132574E+02  3.4132554E+02  3.4131442E+02  3.4034566E+02  3.3512265E+02
 3.7060742E+02  3.7580192E+02  3.7676887E+02  3.7677943E+02  3.7677965E+02  1.2975338E+04  3.7678031E+02  3.7678011E+02  3.7676887E+02  3.7580192E+02  3.7060742E+02
 1.4474969E-09  5.7441392E+00  6.7468653E+00  6.7553230E+00  6.7554698E+00  1.4303240E+02  6.7558362E+00  6.7557029E+00  6.7468653E+00  5.7441392E+00  1.4474977E-09
 1.0341172E+00  6.7482682E+00  7.7491632E+00  7.7577117E+00  7.7578610E+00  1.7477930E+02  7.7582370E+00  7.7581012E+00  7.7491632E+00  6.7482682E+00  1.0341172E+00
 2.2365762E+00  7.9208094E+00  8.9198758E+00  8.9285157E+00  8.9286678E+00  2.1187950E+02  8.9290535E+00  8.9289150E+00  8.9198758E+00  7.9208094E+00  2.2365762E+00
 3.6274342E+00  9.2818251E+00  1.0279065E+01  1.0287798E+01  1.0287952E+01  2.5507339E+02  1.0288348E+01  1.0288207E+01  1.0279065E+01  9.2818251E+00  3.6274342E+00
 5.2286660E+00  1.0853294E+01  1.1848711E+01  1.1857537E+01  1.1857694E+01  3.0517973E+02  1.1858100E+01  1.1857956E+01  1.1848711E+01  1.0853294E+01  5.2286660E+00
 7.0643239E+00  1.2659274E+01  1.3652870E+01  1.3661789E+01  1.3661949E+01  3.6310086E+02  1.3662365E+01  1.3662219E+01  1.3652870E+01  1.2659274E+01  7.0643239E+00
 9.1607134E+00  1.4726072E+01  1.5717850E+01  1.5726863E+01  1.5727027E+01  4.2982792E+02  1.5727454E+01  1.5727304E+01  1.5717850E+01  1.4726072E+01  9.1607134E+00
 1.1546582E+01  1.7082440E+01  1.8072403E+01  1.8081512E+01  1.8081678E+01  5.0644619E+02  1.8082116E+01  1.8081963E+01  1.8072403E+01  1.7082440E+01  1.1546582E+01
 1.4253324E+01  1.9759774E+01  2.0747926E+01  2.0757130E+01  2.0757299E+01  5.9414046E+02  2.0757748E+01  2.0757593E+01  2.0747926E+01  1.9759774E+01  1.4253324E+01
 1.7315198E+01  2.2792337E+01  2.3778680E+01  2.3787981E+01  2.3788153E+01  6.9420049E+02  2.3788613E+01  2.3788455E+01  2.3778680E+01  2.2792337E+01  1.7315198E+01
 2.0769567E+01  2.6217492E+01  2.7202029E+01  2.7211428E+01  2.7211603E+01  8.0802646E+02  2.7212074E+01  2.7211914E+01  2.7202029E+01  2.6217492E+01  2.0769567E+01
 2.4657143E+01  3.0075956E+01  3.1058689E+01  3.1068186E+01  3.1068363E+01  9.3713458E+02  3.1068846E+01  3.1068683E+01  3.1058689E+01  3.0075956E+01  2.4657143E+01
 2.9022251E+01  3.4412051E+01  3.5392983E+01  3.5402579E+01  3.5402760E+01  1.0834037E+03  3.5403255E+01  3.5403089E+01  3.5392983E+01  3.4412051E+01  2.9022251E+01
 3.3908763E+01  3.9269654E+01  4.0248788E+01  4.0258484E+01  4.0258668E+01  1.2480719E+03  4.0259175E+01  4.0259006E+01  4.0248788E+01  3.9269654E+01  3.3908763E+01
 3.9370408E+01  4.4702492E+01  4.5679832E+01  4.5689628E+01  4.5689814E+01  1.4332770E+03  4.5690334E+01  4.5690162E+01  4.5679832E+01  4.4702492E+01  3.9370408E+01
 4.5462729E+01  5.0766112E+01  5.1741659E+01  5.1751556E+01  5.1751746E+01  1.6410302E+03  5.1752279E+01  5.1752103E+01  5.1741659E+01  5.0766112E+01  4.5462729E+01
 5.2245659E+01  5.7520447E+01  5.8494204E+01  5.8504203E+01  5.8504395E+01  1.8734763E+03  5.8504941E+01  5.8504762E+01  5.8494204E+01  5.7520447E+01  5.2245659E+01
 5.9783776E+01  6.5030076E+01  6.6002044E+01  6.6012146E+01  6.6012341E+01  2.1328969E+03  6.6012900E+01  6.6012719E+01  6.6002044E+01  6.5030076E+01  5.9783776E+01
 6.8146573E+01  7.3364491E+01  7.4334674E+01  7.4344878E+01  7.4345077E+01  2.4217124E+03  7.4345649E+01  7.4345465E+01  7.4334674E+01  7.3364491E+01  6.8146573E+01
 7.7408736E+01  8.2598379E+01  8.3566778E+01  8.3577086E+01  8.3577288E+01  2.7424848E+03  8.3577874E+01  8.3577687E+01  8.3566778E+01  8.2598379E+01  7.7408736E+01
 8.7650433E+01  9.2811908E+01  9.3778526E+01  9.3788938E+01  9.3789144E+01  3.0979197E+03  9.3789744E+01  9.3789553E+01  9.3778526E+01  9.2811908E+01  8.7650433E+01
 9.8986852E+01  1.0412027E+02  1.0508511E+02  1.0509562E+02  1.0509583E+02  3.4923169E+03  1.0509645E+02  1.0509625E+02  1.0508511E+02  1.0412027E+02  9.8986852E+01
 1.1145318E+02  1.1655865E+02  1.1752171E+02  1.1753233E+02  1.1753254E+02  3.9262112E+03  1.1753317E+02  1.1753298E+02  1.1752171E+02  1.1655865E+02  1.1145318E+02
 1.2517509E+02  1.3025272E+02  1.3121400E+02  1.3122473E+02  1.3122495E+02  4.4039288E+03  1.3122559E+02  1.3122539E+02  1.3121400E+02  1.3025272E+02  1.2517509E+02
 1.4025680E+02  1.4530670E+02  1.4626620E+02  1.4627704E+02  1.4627726E+02  4.9287973E+03  1.4627792E+02  1.4627772E+02  1.4626620E+02  1.4530670E+02  1.4025680E+02
 1.5681681E+02  1.6183909E+02  1.6279682E+02  1.6280776E+02  1.6280799E+02  5.5045716E+03  1.6280866E+02  1.6280846E+02  1.6279682E+02  1.6183909E+02  1.5681681E+02
 1.7496898E+02  1.7996374E+02  1.8091970E+02  1.8093076E+02  1.8093098E+02  6.1347476E+03  1.8093168E+02  1.8093146E+02  1.8091970E+02  1.7996374E+02  1.7496898E+02
 1.9483804E+02  1.9980540E+02  2.0075959E+02  2.0077075E+02  2.0077098E+02  6.8231030E+03  2.0077169E+02  2.0077147E+02  2.0075959E+02  1.9980540E+02  1.9483804E+02
 2.1655698E+02  2.2149705E+02  2.2244947E+02  2.2246074E+02  2.2246098E+02  7.5735919E+03  2.2246170E+02  2.2246148E+02  2.2244947E+02  2.2149705E+02  2.1655698E+02
 2.4026648E+02  2.4517939E+02  2.4613003E+02  2.4614141E+02  2.4614165E+02  8.3903159E+03  2.4614239E+02  2.4614217E+02  2.4613003E+02  2.4517939E+02  2.4026648E+02
 2.6622446E+02  2.7111030E+02  2.7205918E+02  2.7207067E+02  2.7207091E+02  9.2811660E+03  2.7207167E+02  2.7207144E+02  2.7205918E+02  2.7111030E+02  2.6622446E+02
 2.9435293E+02  2.9921184E+02  3.0015895E+02  3.0017055E+02  3.0017079E+02  1.0243260E+04  3.0017157E+02  3.0017134E+02  3.0015895E+02  2.9921184E+02  2.9435293E+02
 3.2497411E+02  3.2980620E+02  3.3075154E+02  3.3076326E+02  3.3076350E+02  1.1285871E+04  3.3076430E+02  3.3076407E+02  3.3075154E+02  3.2980620E+02  3.2497411E+02
 1.3413514E-09  5.3489499E+00  6.3291715E+00  6.3386266E+00  6.3388000E+00  1.3434980E+02  6.3392402E+00  6.3390818E+00  6.3291715E+00  5.3489499E+00  1.3413548E-09
 9.5658626E-01  6.2773155E+00  7.2557849E+00  7.2653386E+00  7.2655151E+00  1.6358338E+02  7.2659666E+00  7.2658054E+00  7.2557849E+00  6.2773155E+00  9.5658626E-01
 2.0651928E+00  7.3577682E+00  8.3344867E+00  8.3441399E+00  8.3443194E+00  1.9764313E+02  8.3447826E+00  8.3446183E+00  8.3344867E+00  7.3577682E+00  2.0651928E+00
 3.3434487E+00  8.6079419E+00  9.5829110E+00  9.5926644E+00  9.5928469E+00  2.3717959E+02  9.5933220E+00  9.5931548E+00  9.5829110E+00  8.6079419E+00  3.3434487E+00
 4.8106210E+00  1.0047108E+01  1.1020329E+01  1.1030183E+01  1.1030368E+01  2.8290958E+02  1.1030856E+01  1.1030686E+01  1.1020329E+01  1.0047108E+01  4.8106210E+00
 6.4877475E+00  1.1696307E+01  1.2667781E+01  1.2677738E+01  1.2677927E+01  3.3562026E+02  1.2678426E+01  1.2678252E+01  1.2667781E+01  1.1696307E+01  6.4877475E+00
 8.3977818E+00  1.3578497E+01  1.4548226E+01  1.4558285E+01  1.4558477E+01  3.9617320E+02  1.4558989E+01  1.4558813E+01  1.4548226E+01  1.3578497E+01  8.3977818E+00
 1.0565749E+01  1.5718706E+01  1.6686692E+01  1.6696853E+01  1.6697049E+01  4.6550845E+02  1.6697574E+01  1.6697394E+01  1.6686692E+01  1.5718706E+01  1.0565749E+01
 1.3018915E+01  1.8144202E+01  1.9110445E+01  1.9120712E+01  1.9120910E+01  5.4464868E+02  1.9121448E+01  1.9121266E+01  1.9110445E+01  1.8144202E+01  1.3018915E+01
 1.5786966E+01  2.0884674E+01  2.1849176E+01  2.1859547E+01  2.1859749E+01  6.3470328E+02  2.1860301E+01  2.1860114E+01  2.1849176E+01  2.0884674E+01  1.5786966E+01
 1.8902202E+01  2.3972424E+01  2.4935186E+01  2.4945662E+01  2.4945868E+01  7.3687246E+02  2.4946433E+01  2.4946244E+01  2.4935186E+01  2.3972424E+01  1.8902202E+01
 2.2399742E+01  2.7442574E+01  2.8403597E+01  2.8414179E+01  2.8414388E+01  8.5245146E+02  2.8414967E+01  2.8414775E+01  2.8403597E+01  2.7442574E+01  2.2399742E+01
 2.6318263E+01  3.1333800E+01  3.2293085E+01  3.2303775E+01  3.2303986E+01  9.8304796E+02  3.2304580E+01  3.2304384E+01  3.2293085E+01  3.1333800E+01  2.6318263E+01
 3.0694108E+01  3.5682446E+01  3.6639996E+01  3.6650792E+01  3.6651007E+01  1.1296894E+03  3.6651616E+01  3.6651416E+01  3.6639996E+01  3.5682446E+01  3.0694108E+01
 3.5573966E+01  4.0535205E+01  4.1491018E+01  4.1501924E+01  4.1502142E+01  1.2941960E+03  4.1502765E+01  4.1502562E+01  4.1491018E+01  4.0535205E+01  3.5573966E+01
 4.1005260E+01  4.5939500E+01  4.6893578E+01  4.6904592E+01  4.6904813E+01  1.4782621E+03  4.6905452E+01  4.6905245E+01  4.6893578E+01  4.5939500E+01  4.1005260E+01
 4.7039031E+01  5.1946371E+01  5.2898714E+01  5.2909838E+01  5.2910063E+01  1.6836882E+03  5.2910717E+01  5.2910507E+01  5.2898714E+01  5.1946371E+01  4.7039031E+01
 5.3730134E+01  5.8610675E+01  5.9561284E+01  5.9572518E+01  5.9572746E+01  1.9123827E+03  5.9573416E+01  5.9573204E+01  5.9561284E+01  5.8610675E+01  5.3730134E+01
 6.1137446E+01  6.5991289E+01  6.6940164E+01  6.6951509E+01  6.6951741E+01  2.1663638E+03  6.6952427E+01  6.6952211E+01  6.6940164E+01  6.5991289E+01  6.1137446E+01
 6.9324077E+01  7.4151324E+01  7.5098466E+01  7.5109922E+01  7.5110158E+01  2.4477598E+03  7.5110860E+01  7.5110640E+01  7.5098466E+01  7.4151324E+01  6.9324077E+01
 7.8357591E+01  8.3158346E+01  8.4103753E+01  8.4115322E+01  8.4115561E+01  2.7588108E+03  8.4116280E+01  8.4116057E+01  8.4103753E+01  8.3158346E+01  7.8357591E+01
 8.8337184E+01  9.3111548E+01  9.4055222E+01  9.4066903E+01  9.4067146E+01  3.1030886E+03  9.4067882E+01  9.4067655E+01  9.4055222E+01  9.3111548E+01  8.8337184E+01
 9.9288059E+01  1.0403613E+02  1.0497807E+02  1.0498987E+02  1.0499011E+02  3.4809812E+03  1.0499087E+02  1.0499063E+02  1.0497807E+02  1.0403613E+02  9.9288059E+01
 1.1131755E+02  1.1603944E+02  1.1697965E+02  1.1699155E+02  1.1699181E+02  3.8960649E+03  1.1699258E+02  1.1699234E+02  1.1697965E+02  1.1603944E+02  1.1131755E+02
 1.2451266E+02  1.2920847E+02  1.3014694E+02  1.3015896E+02  1.3015922E+02  4.3510585E+03  1.3016000E+02  1.3015977E+02  1.3014694E+02  1.2920847E+02  1.2451266E+02
 1.3897232E+02  1.4364216E+02  1.4457889E+02  1.4459103E+02  1.4459129E+02  4.8490192E+03  1.4459210E+02  1.4459185E+02  1.4457889E+02  1.4364216E+02  1.3897232E+02
 1.5479084E+02  1.5943481E+02  1.6036981E+02  1.6038206E+02  1.6038232E+02  5.3927801E+03  1.6038315E+02  1.6038290E+02  1.6036981E+02  1.5943481E+02  1.5479084E+02
 1.7207147E+02  1.7668967E+02  1.7762293E+02  1.7763530E+02  1.7763557E+02  5.9853946E+03  1.7763641E+02  1.7763616E+02  1.7762293E+02  1.7668967E+02  1.7207147E+02
 1.9092403E+02  1.9551658E+02  1.9644810E+02  1.9646059E+02  1.9646085E+02  6.6300479E+03  1.9646172E+02  1.9646146E+02  1.9644810E+02  1.9551658E+02  1.9092403E+02
 2.1146441E+02  2.1603140E+02  2.1696118E+02  2.1697379E+02  2.1697406E+02  7.3300323E+03  2.1697495E+02  2.1697469E+02  2.1696118E+02  2.1603140E+02  2.1146441E+02
 2.3390835E+02  2.3844990E+02  2.3937794E+02  2.3939067E+02  2.3939094E+02  8.0916641E+03  2.3939185E+02  2.3939159E+02  2.3937794E+02  2.3844990E+02  2.3390835E+02
 2.5818345E+02  2.6269967E+02  2.6362597E+02  2.6363882E+02  2.6363909E+02  8.9126132E+03  2.6364002E+02  2.6363976E+02  2.6362597E+02  2.6269967E+02  2.5818345E+02
 2.8455905E+02  2.8905006E+02  2.8997462E+02  2.8998758E+02  2.8998787E+02  9.8002831E+03  2.8998882E+02  2.8998854E+02  2.8997462E+02  2.8905006E+02  2.8455905E+02
 1.2416134E-09  4.9767817E+00  5.9361192E+00  5.9466723E+00  5.9468766E+00  1.2609178E+02  5.9474055E+00  5.9472179E+00  5.9361192E+00  4.9767817E+00  1.2416153E-09
 8.8386831E-01  5.8341009E+00  6.7917435E+00  6.8024033E+00  6.8026111E+00  1.5297501E+02  6.8031536E+00  6.8029628E+00  6.7917435E+00  5.8341009E+00  8.8386831E-01
 1.9047760E+00  6.8285232E+00  7.7844696E+00  7.7952370E+00  7.7954483E+00  1.8420087E+02  7.7960047E+00  7.7958104E+00  7.7844696E+00  6.8285232E+00  1.9047760E+00
 3.0781777E+00  7.9755076E+00  8.9297567E+00  8.9406324E+00  8.9408471E+00  2.2033925E+02  8.9414178E+00  8.9412201E+00  8.9297567E+00  7.9755076E+00  3.0781777E+00
 4.4209219E+00  9.2919065E+00  1.0244457E+01  1.0255442E+01  1.0255661E+01  2.6201583E+02  1.0256246E+01  1.0256044E+01  1.0244457E+01  9.2919065E+00  4.4209219E+00
 5.9513609E+00  1.0796076E+01  1.1746927E+01  1.1758022E+01  1.1758243E+01  3.0991513E+02  1.1758843E+01  1.1758639E+01  1.1746927E+01  1.0796076E+01  5.9513609E+00
 7.6894695E+00  1.2507994E+01  1.3457144E+01  1.3468350E+01  1.3468575E+01  3.6478366E+02  1.3469190E+01  1.3468982E+01  1.3457144E+01  1.2507994E+01  7.6894695E+00
 9.6569736E+00  1.4449388E+01  1.5396838E+01  1.5408154E+01  1.5408383E+01  4.2743298E+02  1.5409014E+01  1.5408802E+01  1.5396838E+01  1.4449388E+01  9.6569736E+00
 1.1877488E+01  1.6643877E+01  1.7589624E+01  1.7601053E+01  1.7601285E+01  4.9874275E+02  1.7601932E+01  1.7601716E+01  1.7589624E+01  1.6643877E+01  1.1877488E+01
 1.4376662E+01  1.9117113E+01  2.0061157E+01  2.0072698E+01  2.0072934E+01  5.7966385E+02  2.0073596E+01  2.0073378E+01  2.0061157E+01  1.9117113E+01  1.4376662E+01
 1.7182341E+01  2.1896942E+01  2.2839282E+01  2.2850937E+01  2.2851176E+01  6.7122133E+02  2.2851855E+01  2.2851632E+01  2.2839282E+01  2.1896942E+01  1.7182341E+01
 2.0324731E+01  2.5013572E+01  2.5954206E+01  2.5965975E+01  2.5966218E+01  7.7451748E+02  2.5966913E+01  2.5966688E+01  2.5954206E+01  2.5013572E+01  2.0324731E+01
 2.3837442E+01  2.8500614E+01  2.9439541E+01  2.9451425E+01  2.9451672E+01  8.9092123E+02  2.9452384E+01  2.9452155E+01  2.9439541E+01  2.8500614E+01  2.3837442E+01
 2.7750509E+01  3.2388105E+01  3.3325324E+01  3.3337324E+01  3.3337574E+01  1.0212842E+03  3.3338304E+01  3.3338070E+01  3.3325324E+01  3.2388105E+01  2.7750509E+01
 3.2104348E+01  3.6716461E+01  3.7651971E+01  3.7664086E+01  3.7664341E+01  1.1671487E+03  3.7665089E+01  3.7664851E+01  3.7651971E+01  3.6716461E+01  3.2104348E+01
 3.6939322E+01  4.1526046E+01  4.2459846E+01  4.2472078E+01  4.2472336E+01  1.3299361E+03  4.2473102E+01  4.2472861E+01  4.2459846E+01  4.1526046E+01  3.6939322E+01
 4.2298760E+01  4.6860191E+01  4.7792279E+01  4.7804629E+01  4.7804891E+01  1.5111512E+03  4.7805675E+01  4.7805430E+01  4.7792279E+01  4.6860191E+01  4.2298760E+01
 4.8229111E+01  5.2765344E+01  5.3695719E+01  5.3708187E+01  5.3708452E+01  1.7123838E+03  5.3709255E+01  5.3709006E+01  5.3695719E+01  5.2765344E+01  4.8229111E+01
 5.4780093E+01  5.9291226E+01  6.0219885E+01  6.0232472E+01  6.0232741E+01  1.9353087E+03  6.0233564E+01  6.0233311E+01  6.0219885E+01  5.9291226E+01  5.4780093E+01
 6.2004860E+01  6.6490989E+01  6.7417931E+01  6.7430637E+01  6.7430910E+01  2.1816861E+03  6.7431752E+01  6.7431495E+01  6.7417931E+01  6.6490989E+01  6.2004860E+01
 6.9960162E+01  7.4421383E+01  7.5346607E+01  7.5359433E+01  7.5359710E+01  2.4533619E+03  7.5360572E+01  7.5360310E+01  7.5346607E+01  7.4421383E+01  6.9960162E+01
 7.8730923E+01  8.3167335E+01  8.4090838E+01  8.4103785E+01  8.4104066E+01  2.7532830E+03  8.4104948E+01  8.4104683E+01  8.4090838E+01  8.3167335E+01  7.8730923E+01
 8.8334847E+01  9.2746547E+01  9.3668327E+01  9.3681395E+01  9.3681680E+01  3.0817337E+03  9.3682583E+01  9.3682313E+01  9.3668327E+01  9.2746547E+01  8.8334847E+01
 9.8863140E+01  1.0325023E+02  1.0417028E+02  1.0418348E+02  1.0418376E+02  3.4416512E+03  1.0418469E+02  1.0418441E+02  1.0417028E+02  1.0325023E+02  9.8863140E+01
 1.1038815E+02  1.1475072E+02  1.1566905E+02  1.1568236E+02  1.1568266E+02  3.8352449E+03  1.1568360E+02  1.1568332E+02  1.1566905E+02  1.1475072E+02  1.1038815E+02
 1.2299217E+02  1.2733033E+02  1.2824693E+02  1.2826036E+02  1.2826066E+02  4.2649895E+03  1.2826162E+02  1.2826134E+02  1.2824693E+02  1.2733033E+02  1.2299217E+02
 1.3675299E+02  1.4106684E+02  1.4198170E+02  1.4199526E+02  1.4199556E+02  4.7331687E+03  1.4199655E+02  1.4199627E+02  1.4198170E+02  1.4106684E+02  1.3675299E+02
 1.5175576E+02  1.5604539E+02  1.5695852E+02  1.5697220E+02  1.5697250E+02  5.2422364E+03  1.5697351E+02  1.5697323E+02  1.5695852E+02  1.5604539E+02  1.5175576E+02
 1.6809081E+02  1.7235633E+02  1.7326772E+02  1.7328153E+02  1.7328183E+02  5.7947432E+03  1.7328287E+02  1.7328258E+02  1.7326772E+02  1.7235633E+02  1.6809081E+02
 1.8585320E+02  1.9009470E+02  1.9100436E+02  1.9101829E+02  1.9101860E+02  6.3933156E+03  1.9101966E+02  1.9101936E+02  1.9100436E+02  1.9009470E+02  1.8585320E+02
 2.0522222E+02  2.0943982E+02  2.1034773E+02  2.1036179E+02  2.1036211E+02  7.0429646E+03  2.1036319E+02  2.1036288E+02  2.1034773E+02  2.0943982E+02  2.0522222E+02
 2.2613255E+02  2.3032635E+02  2.3123252E+02  2.3124670E+02  2.3124702E+02  7.7418451E+03  2.3124813E+02  2.3124782E+02  2.3123252E+02  2.3032635E+02  2.2613255E+02
 2.4880784E+02  2.5297795E+02  2.5388237E+02  2.5389668E+02  2.5389701E+02  8.4958117E+03  2.5389814E+02  2.5389783E+02  2.5388237E+02  2.5297795E+02  2.4880784E+02
 1.1479228E-09  4.6263164E+00  5.5659908E+00  5.5777484E+00  5.5779885E+00  1.1823431E+02  5.5786242E+00  5.5784027E+00  5.5659908E+00  4.6263164E+00  1.1479073E-09
 8.1571217E-01  5.4170650E+00  6.3550539E+00  6.3669264E+00  6.3671703E+00  1.4292184E+02  6.3678223E+00  6.3675970E+00  6.3550539E+00  5.4170650E+00  8.1571217E-01
 1.7547330E+00  6.3311832E+00  7.2674840E+00  7.2794722E+00  7.2797200E+00  1.7150912E+02  7.2803886E+00  7.2801595E+00  7.2674840E+00  6.3311832E+00  1.7547330E+00
 2.8305736E+00  7.3821861E+00  8.3167966E+00  8.3289013E+00  8.3291529E+00  2.0449383E+02  8.3298384E+00  8.3296056E+00  8.3167966E+00  7.3821861E+00  2.8305736E+00
 4.0579269E+00  8.5847705E+00  9.5176883E+00  9.5299102E+00  9.5301656E+00  2.4242031E+02  9.5308685E+00  9.5306318E+00  9.5176883E+00  8.5847705E+00  4.0579269E+00
 5.4527576E+00  9.9549043E+00  1.0886127E+01  1.0898467E+01  1.0898726E+01  2.8588185E+02  1.0899447E+01  1.0899206E+01  1.0886127E+01  9.9549043E+00  5.4527576E+00
 7.0323990E+00  1.1509924E+01  1.2439450E+01  1.2451908E+01  1.2452171E+01  3.3552301E+02  1.2452910E+01  1.2452665E+01  1.2439450E+01  1.1509924E+01  7.0323990E+00
 8.8156583E+00  1.3268639E+01  1.4196465E+01  1.4209043E+01  1.4209311E+01  3.9204192E+02  1.4210067E+01  1.4209819E+01  1.4196465E+01  1.3268639E+01  8.8156583E+00
 1.0822928E+01  1.5251445E+01  1.6177569E+01  1.6190267E+01  1.6190539E+01  4.5619250E+02  1.6191314E+01  1.6191062E+01  1.6177569E+01  1.5251445E+01  1.0822928E+01
 1.3076305E+01  1.7480441E+01  1.8404861E+01  1.8417680E+01  1.8417955E+01  5.2878665E+02  1.8418750E+01  1.8418493E+01  1.8404861E+01  1.7480441E+01  1.3076305E+01
 1.5599720E+01  1.9979559E+01  2.0902273E+01  2.0915213E+01  2.0915492E+01  6.1069640E+02  2.0916306E+01  2.0916046E+01  2.0902273E+01  1.9979559E+01  1.5599720E+01
 1.8419072E+01  2.2774699E+01  2.3695705E+01  2.3708767E+01  2.3709050E+01  7.0285608E+02  2.3709884E+01  2.3709620E+01  2.3695705E+01  2.2774699E+01  1.8419072E+01
 2.1563446E+01  2.5894949E+01  2.6814243E+01  2.6827428E+01  2.6827715E+01  8.0642527E+02  2.6828569E+01  2.6828301E+01  2.6814243E+01  2.5894949E+01  2.1563446E+01
 2.5057607E+01  2.9365073E+01  3.0282654E+01  3.0295962E+01  3.0296253E+01  9.2210909E+02  3.0297129E+01  3.0296855E+01  3.0282654E+01  2.9365073E+01  2.5057607E+01
 2.8936396E+01  3.3219914E+01  3.4135779E+01  3.4149211E+01  3.4149506E+01  1.0512076E+03  3.4150403E+01  3.4150125E+01  3.4135779E+01  3.3219914E+01  2.8936396E+01
 3.3234054E+01  3.7493714E+01  3.8407861E+01  3.8421417E+01  3.8421717E+01  1.1949075E+03  3.8422634E+01  3.8422353E+01  3.8407861E+01  3.7493714E+01  3.3234054E+01
 3.7987243E+01  4.2223136E+01  4.3135561E+01  4.3149243E+01  4.3149546E+01  1.3544612E+03  4.3150485E+01  4.3150200E+01  4.3135561E+01  4.2223136E+01  3.7987243E+01
 4.3235155E+01  4.7447372E+01  4.8358074E+01  4.8371881E+01  4.8372189E+01  1.5311864E+03  4.8373151E+01  4.8372860E+01  4.8358074E+01  4.7447372E+01  4.3235155E+01
 4.9019634E+01  5.3208267E+01  5.4117242E+01  5.4131175E+01  5.4131487E+01  1.7264666E+03  5.4132471E+01  5.4132177E+01  5.4117242E+01  5.3208267E+01  4.9019634E+01
 5.5385286E+01  5.9550427E+01  6.0457672E+01  6.0471732E+01  6.0472048E+01  1.9417502E+03  6.0473056E+01  6.0472757E+01  6.0457672E+01  5.9550427E+01  5.5385286E+01
 6.2379608E+01  6.6521349E+01  6.7426861E+01  6.7441047E+01  6.7441368E+01  2.1785505E+03  6.7442400E+01  6.7442097E+01  6.7426861E+01  6.6521349E+01  6.2379608E+01
 7.0074877E+01  7.4193311E+01  7.5097087E+01  7.5111401E+01  7.5111726E+01  2.4392813E+03  7.5112782E+01  7.5112474E+01  7.5097087E+01  7.4193311E+01  7.0074877E+01
 7.8483237E+01  8.2578457E+01  8.3480494E+01  8.3494937E+01  8.3495266E+01  2.7241549E+03  8.3496347E+01  8.3496034E+01  8.3480494E+01  8.2578457E+01  7.8483237E+01
 8.7681781E+01  9.1753881E+01  9.2654175E+01  9.2668747E+01  9.2669080E+01  3.0355665E+03  9.2670185E+01  9.2669869E+01  9.2654175E+01  9.1753881E+01  8.7681781E+01
 9.7730443E+01  1.0177952E+02  1.0267806E+02  1.0269277E+02  1.0269310E+02  3.3753014E+03  1.0269423E+02  1.0269391E+02  1.0267806E+02  1.0177952E+02  9.7730443E+01
 1.0869736E+02  1.1272350E+02  1.1362030E+02  1.1363512E+02  1.1363547E+02  3.7453502E+03  1.1363663E+02  1.1363630E+02  1.1362030E+02  1.1272350E+02  1.0869736E+02
 1.2064646E+02  1.2464976E+02  1.2554480E+02  1.2555976E+02  1.2556011E+02  4.1475429E+03  1.2556130E+02  1.2556097E+02  1.2554480E+02  1.2464976E+02  1.2064646E+02
 1.3364765E+02  1.3762821E+02  1.3852150E+02  1.3853659E+02  1.3853694E+02  4.5838390E+03  1.3853815E+02  1.3853782E+02  1.3852150E+02  1.3762821E+02  1.3364765E+02
 1.4777493E+02  1.5173285E+02  1.5262438E+02  1.5263960E+02  1.5263996E+02  5.0562680E+03  1.5264119E+02  1.5264086E+02  1.5262438E+02  1.5173285E+02  1.4777493E+02
 1.6310593E+02  1.6704130E+02  1.6793106E+02  1.6794642E+02  1.6794678E+02  5.5669114E+03  1.6794805E+02  1.6794770E+02  1.6793106E+02  1.6704130E+02  1.6310593E+02
 1.7978863E+02  1.8370156E+02  1.8458955E+02  1.8460504E+02  1.8460540E+02  6.1197054E+03  1.8460670E+02  1.8460635E+02  1.8458955E+02  1.8370156E+02  1.7978863E+02
 1.9776550E+02  2.0165608E+02  2.0254230E+02  2.0255792E+02  2.0255829E+02  6.7132224E+03  2.0255961E+02  2.0255926E+02  2.0254230E+02  2.0165608E+02  1.9776550E+02
 2.1722094E+02  2.2108928E+02  2.2197373E+02  2.2198948E+02  2.2198985E+02  7.3520436E+03  2.2199121E+02  2.2199085E+02  2.2197373E+02  2.2108928E+02  2.1722094E+02
 1.0599797E-09  4.2963929E+00  5.2168018E+00  5.2298770E+00  5.2301581E+00  1.1075485E+02  5.2309223E+00  5.2306617E+00  5.2168018E+00  4.2963929E+00  1.0599970E-09
 7.5188432E-01  5.0248220E+00  5.9435320E+00  5.9567301E+00  5.9570154E+00  1.3339375E+02  5.9577990E+00  5.9575342E+00  5.9435320E+00  5.0248220E+00  7.5188432E-01
 1.6145110E+00  5.8640517E+00  6.7810593E+00  6.7943810E+00  6.7946705E+00  1.5952736E+02  6.7954740E+00  6.7952049E+00  6.7810593E+00  5.8640517E+00  1.6145110E+00
 2.5996578E+00  6.8258638E+00  7.7411656E+00  7.7546116E+00  7.7549053E+00  1.8958886E+02  7.7557290E+00  7.7554557E+00  7.7411656E+00  6.8258638E+00  2.5996578E+00
 3.7201004E+00  7.9230372E+00  8.8366299E+00  8.8502009E+00  8.8504989E+00  2.2405016E+02  8.8513432E+00  8.8510657E+00  8.8366299E+00  7.9230372E+00  3.7201004E+00
 4.9896852E+00  9.1694217E+00  1.0081302E+01  1.0094998E+01  1.0095301E+01  2.6342364E+02  1.0096166E+01  1.0095885E+01  1.0081302E+01  9.1694217E+00  4.9896852E+00
 6.4234085E+00  1.0580016E+01  1.1490181E+01  1.1504004E+01  1.1504311E+01  3.0826382E+02  1.1505198E+01  1.1504911E+01  1.1490181E+01  1.0580016E+01  6.4234085E+00
 8.0375009E+00  1.2171054E+01  1.3079500E+01  1.3093450E+01  1.3093761E+01  3.5916894E+02  1.3094670E+01  1.3094379E+01  1.3079500E+01  1.2171054E+01  8.0375009E+00
 9.8495179E+00  1.3960093E+01  1.4866817E+01  1.4880895E+01  1.4881210E+01  4.1678260E+02  1.4882141E+01  1.4881846E+01  1.4866817E+01  1.3960093E+01  9.8495179E+00
 1.1878436E+01  1.5966112E+01  1.6871111E+01  1.6885317E+01  1.6885636E+01  4.8179524E+02  1.6886590E+01  1.6886290E+01  1.6871111E+01  1.5966112E+01  1.1878436E+01
 1.4144756E+01  1.8209612E+01  1.9112882E+01  1.9127217E+01  1.9127541E+01  5.5494561E+02  1.9128518E+01  1.9128214E+01  1.9112882E+01  1.8209612E+01  1.4144756E+01
 1.6670609E+01  2.0712727E+01  2.1614267E+01  2.1628731E+01  2.1629059E+01  6.3702225E+02  2.1630059E+01  2.1629751E+01  2.1614267E+01  2.0712727E+01  1.6670609E+01
 1.9481055E+01  2.3500518E+01  2.4400323E+01  2.4414917E+01  2.4415250E+01  7.2900208E+02  2.4416274E+01  2.4415961E+01  2.4400323E+01  2.3500518E+01  1.9481055E+01
 2.2596466E+01  2.6593358E+01  2.7491424E+01  2.7506149E+01  2.7506486E+01  8.3146817E+02  2.7507535E+01  2.7507218E+01  2.7491424E+01  2.6593358E+01  2.2596466E+01
 2.6046749E+01  3.0021154E+01  3.0917479E+01  3.0932335E+01  3.0932676E+01  9.4551009E+02  3.0933751E+01  3.0933428E+01  3.0917479E+01  3.0021154E+01  2.6046749E+01
 2.9860849E+01  3.3812854E+01  3.4707434E+01  3.4722421E+01  3.4722768E+01  1.0721143E+03  3.4723867E+01  3.4723540E+01  3.4707434E+01  3.3812854E+01  2.9860849E+01
 3.4069676E+01  3.7999366E+01  3.8892198E+01  3.8907317E+01  3.8907667E+01  1.2123175E+03  3.8908794E+01  3.8908461E+01  3.8892198E+01  3.7999366E+01  3.4069676E+01
 3.8706182E+01  4.2613644E+01  4.3504724E+01  4.3519975E+01  4.3520331E+01  1.3672066E+03  4.3521483E+01  4.3521146E+01  4.3504724E+01  4.2613644E+01  3.8706182E+01
 4.3805449E+01  4.7690770E+01  4.8580094E+01  4.8595479E+01  4.8595838E+01  1.5379184E+03  4.8597018E+01  4.8596676E+01  4.8580094E+01  4.7690770E+01  4.3805449E+01
 4.9404773E+01  5.3268040E+01  5.4155605E+01  5.4171123E+01  5.4171488E+01  1.7256384E+03  5.4172694E+01  5.4172348E+01  5.4155605E+01  5.3268040E+01  4.9404773E+01
 5.5543751E+01  5.9385053E+01  6.0270854E+01  6.0286506E+01  6.0286875E+01  1.9316004E+03  6.0288110E+01  6.0287759E+01  6.0270854E+01  5.9385053E+01  5.5543751E+01
 6.2283523E+01  6.6102948E+01  6.6986982E+01  6.7002768E+01  6.7003142E+01  2.1577662E+03  6.7004405E+01  6.7004049E+01  6.6986982E+01  6.6102948E+01  6.2283523E+01
 6.9632182E+01  7.3429819E+01  7.4312081E+01  7.4328002E+01  7.4328380E+01  2.4042988E+03  7.4329673E+01  7.4329312E+01  7.4312081E+01  7.3429819E+01  6.9632182E+01
 7.7654530E+01  8.1430467E+01  8.2310953E+01  8.2327010E+01  8.2327393E+01  2.6731367E+03  8.2328715E+01  8.2328349E+01  8.2310953E+01  8.1430467E+01  7.7654530E+01
 8.6400009E+01  9.0154336E+01  9.1033042E+01  9.1049235E+01  9.1049622E+01  2.9657134E+03  9.1050974E+01  9.1050604E+01  9.1033042E+01  9.0154336E+01  8.6400009E+01
 9.5924769E+01  9.9657575E+01  1.0053450E+02  1.0055082E+02  1.0055122E+02  3.2836190E+03  1.0055260E+02  1.0055222E+02  1.0053450E+02  9.9657575E+01  9.5924769E+01
 1.0628113E+02  1.0999250E+02  1.1086764E+02  1.1088410E+02  1.1088450E+02  3.6283104E+03  1.1088592E+02  1.1088553E+02  1.1086764E+02  1.0999250E+02  1.0628113E+02
 1.1752623E+02  1.2121627E+02  1.2208961E+02  1.2210621E+02  1.2210662E+02  4.0013420E+03  1.2210806E+02  1.2210767E+02  1.2208961E+02  1.2121627E+02  1.1752623E+02
 1.2972041E+02  1.3338920E+02  1.3426074E+02  1.3427748E+02  1.3427789E+02  4.4043168E+03  1.3427937E+02  1.3427897E+02  1.3426074E+02  1.3338920E+02  1.2972041E+02
 1.4292676E+02  1.4657440E+02  1.4744414E+02  1.4746101E+02  1.4746143E+02  4.8388723E+03  1.4746294E+02  1.4746254E+02  1.4744414E+02  1.4657440E+02  1.4292676E+02
 1.5726656E+02  1.6089313E+02  1.6176107E+02  1.6177808E+02  1.6177850E+02  5.3080670E+03  1.6178004E+02  1.6177964E+02  1.6176107E+02  1.6089313E+02  1.5726656E+02
 1.7269016E+02  1.7629577E+02  1.7716190E+02  1.7717905E+02  1.7717947E+02  5.8108250E+03  1.7718105E+02  1.7718065E+02  1.7716190E+02  1.7629577E+02  1.7269016E+02
 1.8934854E+02  1.9293328E+02  1.9379759E+02  1.9381488E+02  1.9381531E+02  6.3506896E+03  1.9381692E+02  1.9381651E+02  1.9379759E+02  1.9293328E+02  1.8934854E+02
 9.7756326E-10  3.9859957E+00  4.8870246E+00  4.9015333E+00  4.9018612E+00  1.0363502E+02  4.9027800E+00  4.9024745E+00  4.8870246E+00  3.9859957E+00  9.7755330E-10
 6.9216724E-01  4.6561458E+00  5.5554600E+00  5.5700989E+00  5.5704313E+00  1.2436501E+02  5.5713733E+00  5.5710632E+00  5.5554600E+00  4.6561458E+00  6.9216724E-01
 1.4835936E+00  5.4256108E+00  6.3232059E+00  6.3379757E+00  6.3383127E+00  1.4821985E+02  6.3392783E+00  6.3389636E+00  6.3232059E+00  5.4256108E+00  1.4835936E+00
 2.3845145E+00  6.3046297E+00  7.2005015E+00  7.2154029E+00  7.2157444E+00  1.7557522E+02  7.2167341E+00  7.2164147E+00  7.2005015E+00  6.3046297E+00  2.3845145E+00
 3.4060038E+00  7.3042797E+00  8.1984241E+00  8.2134576E+00  8.2138037E+00  2.0683875E+02  8.2148180E+00  8.2144938E+00  8.1984241E+00  7.3042797E+00  3.4060038E+00
 4.5600330E+00  8.4365354E+00  9.3289481E+00  9.3441144E+00  9.3444651E+00  2.4245122E+02  9.3455044E+00  9.3451755E+00  9.3289481E+00  8.4365354E+00  4.5600330E+00
 5.8595351E+00  9.7143321E+00  1.0605009E+01  1.0620308E+01  1.0620664E+01  2.8288779E+02  1.0621729E+01  1.0621395E+01  1.0605009E+01  9.7143321E+00  5.8595351E+00
 7.3184719E+00  1.1151634E+01  1.2040571E+01  1.2056005E+01  1.2056365E+01  3.2865905E+02  1.2057455E+01  1.2057117E+01  1.2040571E+01  1.1151634E+01  7.3184719E+00
 8.9519067E+00  1.2763507E+01  1.3650700E+01  1.3666268E+01  1.3666632E+01  3.8031207E+02  1.3667750E+01  1.3667407E+01  1.3650700E+01  1.2763507E+01  8.9519067E+00
 1.0776081E+01  1.4566194E+01  1.5451639E+01  1.5467342E+01  1.5467711E+01  4.3843146E+02  1.5468856E+01  1.5468507E+01  1.5451639E+01  1.4566194E+01  1.0776081E+01
 1.2808497E+01  1.6577200E+01  1.7460891E+01  1.7476730E+01  1.7477104E+01  5.0364025E+02  1.7478276E+01  1.7477922E+01  1.7460891E+01  1.6577200E+01  1.2808497E+01
 1.5068003E+01  1.8815372E+01  1.9697306E+01  1.9713281E+01  1.9713659E+01  5.7660083E+02  1.9714860E+01  1.9714501E+01  1.9697306E+01  1.8815372E+01  1.5068003E+01
 1.7576089E+01  2.1302203E+01  2.2182376E+01  2.2198487E+01  2.2198871E+01  6.5813149E+02  2.2200099E+01  2.2199736E+01  2.2182376E+01  2.1302203E+01  1.7576089E+01
 2.0349474E+01  2.4054413E+01  2.4932820E+01  2.4949068E+01  2.4949456E+01  7.4871364E+02  2.4950714E+01  2.4950346E+01  2.4932820E+01  2.4054413E+01  2.0349474E+01
 2.3413715E+01  2.7097559E+01  2.7974195E+01  2.7990581E+01  2.7990974E+01  8.4925506E+02  2.7992262E+01  2.7991888E+01  2.7974195E+01  2.7097559E+01  2.3413715E+01
 2.6793189E+01  3.0456021E+01  3.1330882E+01  3.1347405E+01  3.1347803E+01  9.6057131E+02  3.1349121E+01  3.1348742E+01  3.1330882E+01  3.0456021E+01  2.6793189E+01
 3.0513857E+01  3.4155758E+01  3.5028838E+01  3.5045500E+01  3.5045902E+01  1.0835162E+03  3.5047251E+01  3.5046867E+01  3.5028838E+01  3.4155758E+01  3.0513857E+01
 3.4603316E+01  3.8224368E+01  3.9095664E+01  3.9112463E+01  3.9112871E+01  1.2189813E+03  3.9114251E+01  3.9113862E+01  3.9095664E+01  3.8224368E+01  3.4603316E+01
 3.9090865E+01  4.2691150E+01  4.3560656E+01  4.3577595E+01  4.3578007E+01  1.3678952E+03  4.3579419E+01  4.3579025E+01  4.3560656E+01  4.2691150E+01  3.9090865E+01
 4.4007559E+01  4.7587162E+01  4.8454873E+01  4.8471951E+01  4.8472368E+01  1.5312226E+03  4.8473813E+01  4.8473413E+01  4.8454873E+01  4.7587162E+01  4.4007559E+01
 4.9386278E+01  5.2945281E+01  5.3811192E+01  5.3828410E+01  5.3828832E+01  1.7099636E+03  5.3830309E+01  5.3829905E+01  5.3811192E+01  5.2945281E+01  4.9386278E+01
 5.5278410E+01  5.8816898E+01  5.9681003E+01  5.9698362E+01  5.9698788E+01  1.9056991E+03  5.9700299E+01  5.9699890E+01  5.9681003E+01  5.8816898E+01  5.5278410E+01
 6.1689156E+01  6.5207213E+01  6.6069507E+01  6.6087006E+01  6.6087437E+01  2.1185588E+03  6.6088983E+01  6.6088567E+01  6.6069507E+01  6.5207213E+01  6.1689156E+01
 6.8672671E+01  7.2170380E+01  7.3030858E+01  7.3048497E+01  7.3048934E+01  2.3500987E+03  7.3050515E+01  7.3050094E+01  7.3030858E+01  7.2170380E+01  6.8672671E+01
 7.6269557E+01  7.9747004E+01  8.0605661E+01  8.0623441E+01  8.0623882E+01  2.6014619E+03  8.0625498E+01  8.0625073E+01  8.0605661E+01  7.9747004E+01  7.6269557E+01
 8.4525857E+01  8.7983127E+01  8.8839956E+01  8.8857878E+01  8.8858323E+01  2.8739089E+03  8.8859977E+01  8.8859545E+01  8.8839956E+01  8.7983127E+01  8.4525857E+01
 9.3484188E+01  9.6921366E+01  9.7776363E+01  9.7794426E+01  9.7794876E+01  3.1685914E+03  9.7796566E+01  9.7796129E+01  9.7776363E+01  9.6921366E+01  9.3484188E+01
 1.0319104E+02  1.0660821E+02  1.0746137E+02  1.0747958E+02  1.0748003E+02  3.4867330E+03  1.0748176E+02  1.0748132E+02  1.0746137E+02  1.0660821E+02  1.0319104E+02
 1.1369536E+02  1.1709261E+02  1.1794393E+02  1.1796228E+02  1.1796273E+02  3.8295900E+03  1.1796450E+02  1.1796405E+02  1.1794393E+02  1.1709261E+02  1.1369536E+02
 1.2504817E+02  1.2842560E+02  1.2927506E+02  1.2929355E+02  1.2929401E+02  4.1984400E+03  1.2929582E+02  1.2929536E+02  1.2927506E+02  1.2842560E+02  1.2504817E+02
 1.3734809E+02  1.4070578E+02  1.4155339E+02  1.4157202E+02  1.4157248E+02  4.5956302E+03  1.4157433E+02  1.4157388E+02  1.4155339E+02  1.4070578E+02  1.3734809E+02
 1.5055315E+02  1.5389118E+02  1.5473693E+02  1.5475571E+02  1.5475618E+02  5.0203758E+03  1.5475807E+02  1.5475760E+02  1.5473693E+02  1.5389118E+02  1.5055315E+02
 1.6478595E+02  1.6810443E+02  1.6894831E+02  1.6896723E+02  1.6896770E+02  5.4753809E+03  1.6896963E+02  1.6896916E+02  1.6894831E+02  1.6810443E+02  1.6478595E+02
 9.0036327E-10  3.6942683E+00  4.5762196E+00  4.5922757E+00  4.5926560E+00  9.6860393E+01  4.5937609E+00  4.5934046E+00  4.5762196E+00  3.6942683E+00  9.0037253E-10
 6.3635911E-01  4.3099816E+00  5.1901934E+00  5.2063862E+00  5.2067714E+00  1.1581434E+02  5.2079039E+00  5.2075425E+00  5.1901934E+00  4.3099816E+00  6.3635911E-01
 1.3614996E+00  5.0145293E+00  5.8929948E+00  5.9093250E+00  5.9097151E+00  1.3755589E+02  5.9108757E+00  5.9105092E+00  5.8929948E+00  5.0145293E+00  1.3614996E+00
 2.1842873E+00  5.8167808E+00  6.6934933E+00  6.7099614E+00  6.7103564E+00  1.6240961E+02  6.7115456E+00  6.7111740E+00  6.6934933E+00  5.8167808E+00  2.1842873E+00
 3.1142893E+00  6.7263062E+00  7.6012592E+00  7.6178657E+00  7.6182657E+00  1.9072617E+02  7.6194840E+00  7.6191073E+00  7.6012592E+00  6.7263062E+00  3.1142893E+00
 4.1618218E+00  7.7534244E+00  8.6266113E+00  8.6433569E+00  8.6437618E+00  2.2288325E+02  8.6450099E+00  8.6446279E+00  8.6266113E+00  7.7534244E+00  4.1618218E+00
 5.3380001E+00  8.9092533E+00  9.7806677E+00  9.7975528E+00  9.7979626E+00  2.5928624E+02  9.7992410E+00  9.7988538E+00  9.7806677E+00  8.9092533E+00  5.3380001E+00
 6.6547931E+00  1.0205764E+01  1.1075400E+01  1.1092425E+01  1.1092839E+01  3.0036899E+02  1.1094149E+01  1.1093756E+01  1.1075400E+01  1.0205764E+01  6.6547931E+00
 8.1250805E+00  1.1655838E+01  1.2523688E+01  1.2540854E+01  1.2541273E+01  3.4659447E+02  1.2542614E+01  1.2542217E+01  1.2523688E+01  1.1655838E+01  8.1250805E+00
 9.7627137E+00  1.3273329E+01  1.4139388E+01  1.4156694E+01  1.4157118E+01  3.9845530E+02  1.4158492E+01  1.4158088E+01  1.4139388E+01  1.3273329E+01  9.7627137E+00
 1.1582580E+01  1.5073125E+01  1.5937386E+01  1.5954833E+01  1.5955263E+01  4.5647440E+02  1.5956669E+01  1.5956260E+01  1.5937386E+01  1.5073125E+01  1.1582580E+01
 1.3600670E+01  1.7071219E+01  1.7933676E+01  1.7951264E+01  1.7951699E+01  5.2120539E+02  1.7953138E+01  1.7952724E+01  1.7933676E+01  1.7071219E+01  1.3600670E+01
 1.5835326E+01  1.9285953E+01  2.0146599E+01  2.0164330E+01  2.0164770E+01  5.9332948E+02  2.0166243E+01  2.0165823E+01  2.0146599E+01  1.9285953E+01  1.5835326E+01
 1.8300238E+01  2.1731018E+01  2.2589848E+01  2.2607721E+01  2.2608165E+01  6.7324345E+02  2.2609672E+01  2.2609248E+01  2.2589848E+01  2.1731018E+01  1.8300238E+01
 2.1017139E+01  2.4428149E+01  2.5285155E+01  2.5303171E+01  2.5303621E+01  7.6169878E+02  2.5305163E+01  2.5304733E+01  2.5285155E+01  2.4428149E+01  2.1017139E+01
 2.4006480E+01  2.7397796E+01  2.8252974E+01  2.8271132E+01  2.8271587E+01  8.5936593E+02  2.8273165E+01  2.8272729E+01  2.8252974E+01  2.7397796E+01  2.4006480E+01
 2.7289973E+01  3.0661674E+01  3.1515015E+01  3.1533317E+01  3.1533777E+01  9.6694396E+02  3.1535391E+01  3.1534951E+01  3.1515015E+01  3.0661674E+01  2.7289973E+01
 3.0890636E+01  3.4242801E+01  3.5094299E+01  3.5112745E+01  3.5113209E+01  1.0851598E+03  3.5114861E+01  3.5114414E+01  3.5094299E+01  3.4242801E+01  3.0890636E+01
 3.4832835E+01  3.8165540E+01  3.9015190E+01  3.9033779E+01  3.9034249E+01  1.2147673E+03  3.9035938E+01  3.9035485E+01  3.9015190E+01  3.8165540E+01  3.4832835E+01
 3.9142318E+01  4.2455643E+01  4.3303437E+01  4.3322170E+01  4.3322645E+01  1.3565466E+03  4.3324373E+01  4.3323915E+01  4.3303437E+01  4.2455643E+01  3.9142318E+01
 4.3846264E+01  4.7140288E+01  4.7986221E+01  4.8005098E+01  4.8005577E+01  1.5113028E+03  4.8007344E+01  4.8006881E+01  4.7986221E+01  4.7140288E+01  4.3846264E+01
 4.8987581E+01  5.2262384E+01  5.3106448E+01  5.3125470E+01  5.3125954E+01  1.6802984E+03  5.3127761E+01  5.3127292E+01  5.3106448E+01  5.2262384E+01  4.8987581E+01
 5.4569455E+01  5.7825115E+01  5.8667304E+01  5.8686471E+01  5.8686960E+01  1.8636408E+03  5.8688807E+01  5.8688333E+01  5.8667304E+01  5.7825115E+01  5.4569455E+01
 6.0636863E+01  6.3873462E+01  6.4713769E+01  6.4733080E+01  6.4733575E+01  2.0625673E+03  6.4735463E+01  6.4734983E+01  6.4713769E+01  6.3873462E+01  6.0636863E+01
 6.7222990E+01  7.0440607E+01  7.1279025E+01  7.1298481E+01  7.1298981E+01  2.2779830E+03  7.1300912E+01  7.1300425E+01  7.1279025E+01  7.0440607E+01  6.7222990E+01
 7.4365384E+01  7.7564100E+01  7.8400624E+01  7.8420225E+01  7.8420729E+01  2.5108783E+03  7.8422703E+01  7.8422210E+01  7.8400624E+01  7.7564100E+01  7.4365384E+01
 8.2098591E+01  8.5278487E+01  8.6113109E+01  8.6132856E+01  8.6133365E+01  2.7621567E+03  8.6135382E+01  8.6134884E+01  8.6113109E+01  8.5278487E+01  8.2098591E+01
 9.0460238E+01  9.3621395E+01  9.4454109E+01  9.4474001E+01  9.4474515E+01  3.0327732E+03  9.4476576E+01  9.4476073E+01  9.4454109E+01  9.3621395E+01  9.0460238E+01
 9.9489816E+01  1.0263232E+02  1.0346312E+02  1.0348316E+02  1.0348367E+02  3.3237036E+03  1.0348578E+02  1.0348527E+02  1.0346312E+02  1.0263232E+02  9.9489816E+01
 1.0922837E+02  1.1235230E+02  1.1318118E+02  1.1320136E+02  1.1320188E+02  3.6359356E+03  1.1320404E+02  1.1320352E+02  1.1318118E+02  1.1235230E+02  1.0922837E+02
 1.1975543E+02  1.2286088E+02  1.2368783E+02  1.2370816E+02  1.2370868E+02  3.9712450E+03  1.2371089E+02  1.2371036E+02  1.2368783E+02  1.2286088E+02  1.1975543E+02
 1.3103618E+02  1.3412322E+02  1.3494824E+02  1.3496871E+02  1.3496925E+02  4.3290834E+03  1.3497149E+02  1.3497097E+02  1.3494824E+02  1.3412322E+02  1.3103618E+02
 1.4316936E+02  1.4623808E+02  1.4706116E+02  1.4708178E+02  1.4708232E+02  4.7114825E+03  1.4708462E+02  1.4708408E+02  1.4706116E+02  1.4623808E+02  1.4316936E+02
 8.2814623E-10  3.4204170E+00  4.2835309E+00  4.3012440E+00  4.3016829E+00  9.0426815E+01  4.3030114E+00  4.3025978E+00  4.2835309E+00  3.4204170E+00  8.2816313E-10
 5.8426528E-01  3.9853380E+00  4.8466360E+00  4.8644913E+00  4.8649353E+00  1.0773008E+02  4.8662965E+00  4.8658776E+00  4.8466360E+00  3.9853380E+00  5.8426528E-01
 1.2477656E+00  4.6295445E+00  5.4890186E+00  5.5070166E+00  5.5074658E+00  1.2751391E+02  5.5088603E+00  5.5084359E+00  5.4890186E+00  4.6295445E+00  1.2477656E+00
 1.9981538E+00  5.3606925E+00  6.2183350E+00  6.2364761E+00  6.2369305E+00  1.5005754E+02  6.2383589E+00  6.2379291E+00  6.2183350E+00  5.3606925E+00  1.9981538E+00
 2.8436665E+00  6.1870215E+00  7.0428247E+00  7.0611095E+00  7.0615689E+00  1.7566139E+02  7.0630320E+00  7.0625966E+00  7.0428247E+00  6.1870215E+00  2.8436665E+00
 3.7931614E+00  7.1173919E+00  7.9713482E+00  7.9897771E+00  7.9902416E+00  2.0464759E+02  7.9917400E+00  7.9912990E+00  7.9713482E+00  7.1173919E+00  3.7931614E+00
 4.8561575E+00  8.1613249E+00  9.0134270E+00  9.0320002E+00  9.0324700E+00  2.3736048E+02  9.0340042E+00  9.0335576E+00  9.0134270E+00  8.1613249E+00  4.8561575E+00
 6.0428774E+00  9.3290453E+00  1.0179286E+01  1.0198004E+01  1.0198479E+01  2.7416695E+02  1.0200050E+01  1.0199597E+01  1.0179286E+01  9.3290453E+00  6.0428774E+00
 7.3642927E+00  1.0631527E+01  1.1479898E+01  1.1498762E+01  1.1499241E+01  3.1545685E+02  1.1500849E+01  1.1500392E+01  1.1479898E+01  1.0631527E+01  7.3642927E+00
 8.8321710E+00  1.2080538E+01  1.2927034E+01  1.2946042E+01  1.2946528E+01  3.6164323E+02  1.2948173E+01  1.2947710E+01  1.2927034E+01  1.2080538E+01  8.8321710E+00
 1.0459126E+01  1.3688695E+01  1.4533308E+01  1.4552462E+01  1.4552952E+01  4.1316265E+02  1.4554637E+01  1.4554167E+01  1.4533308E+01  1.3688695E+01  1.0459126E+01
 1.2258672E+01  1.5469512E+01  1.6312235E+01  1.6331535E+01  1.6332030E+01  4.7047533E+02  1.6333754E+01  1.6333279E+01  1.6312235E+01  1.5469512E+01  1.2258672E+01
 1.4246383E+01  1.7438565E+01  1.8279391E+01  1.8298837E+01  1.8299338E+01  5.3414462E+02  1.8301101E+01  1.8300621E+01  1.8279391E+01  1.7438565E+01  1.4246383E+01
 1.6433442E+01  1.9607037E+01  2.0445959E+01  2.0465551E+01  2.0466057E+01  6.0449684E+02  2.0467861E+01  2.0467375E+01  2.0445959E+01  1.9607037E+01  1.6433442E+01
 1.8838239E+01  2.1993319E+01  2.2830331E+01  2.2850070E+01  2.2850580E+01  6.8214979E+02  2.2852426E+01  2.2851934E+01  2.2830331E+01  2.1993319E+01  1.8838239E+01
 2.1477855E+01  2.4614494E+01  2.5449588E+01  2.5469474E+01  2.5469989E+01  7.6765126E+02  2.5471877E+01  2.5471379E+01  2.5449588E+01  2.4614494E+01  2.1477855E+01
 2.4370373E+01  2.7488644E+01  2.8321813E+01  2.8341845E+01  2.8342366E+01  8.6156995E+02  2.8344297E+01  2.8343794E+01  2.8321813E+01  2.7488644E+01  2.4370373E+01
 2.7534905E+01  3.0634881E+01  3.1466119E+01  3.1486298E+01  3.1486825E+01  9.6449462E+02  3.1488799E+01  3.1488289E+01  3.1466119E+01  3.0634881E+01  2.7534905E+01
 3.0991619E+01  3.4073375E+01  3.4902675E+01  3.4923001E+01  3.4923532E+01  1.0770333E+03  3.4925551E+01  3.4925035E+01  3.4902675E+01  3.4073375E+01  3.0991619E+01
 3.4761766E+01  3.7825377E+01  3.8652732E+01  3.8673205E+01  3.8673742E+01  1.1998121E+03  3.8675806E+01  3.8675284E+01  3.8652732E+01  3.7825377E+01  3.4761766E+01
 3.8867707E+01  4.1913248E+01  4.2738651E+01  4.2759271E+01  4.2759812E+01  1.3334746E+03  4.2761922E+01  4.2761395E+01  4.2738651E+01  4.1913248E+01  3.8867707E+01
 4.3345021E+01  4.6372565E+01  4.7196009E+01  4.7216777E+01  4.7217323E+01  1.4790188E+03  4.7219481E+01  4.7218947E+01  4.7196009E+01  4.6372565E+01  4.3345021E+01
 4.8195528E+01  5.1205153E+01  5.2026631E+01  5.2047545E+01  5.2048097E+01  1.6365373E+03  5.2050302E+01  5.2049763E+01  5.2026631E+01  5.1205153E+01  4.8195528E+01
 5.3456344E+01  5.6448124E+01  5.7267630E+01  5.7288692E+01  5.7289249E+01  1.8070040E+03  5.7291502E+01  5.7290957E+01  5.7267630E+01  5.6448124E+01  5.3456344E+01
 5.9154445E+01  6.2128456E+01  6.2945983E+01  6.2967193E+01  6.2967754E+01  1.9911292E+03  6.2970057E+01  6.2969506E+01  6.2945983E+01  6.2128456E+01  5.9154445E+01
 6.5320278E+01  6.8276597E+01  6.9092138E+01  6.9113495E+01  6.9114061E+01  2.1896840E+03  6.9116415E+01  6.9115857E+01  6.9092138E+01  6.8276597E+01  6.5320278E+01
 7.1981695E+01  7.4920398E+01  7.5733947E+01  7.5755451E+01  7.5756022E+01  2.4033708E+03  7.5758427E+01  7.5757863E+01  7.5733947E+01  7.4920398E+01  7.1981695E+01
 7.9168976E+01  8.2090141E+01  8.2901690E+01  8.2923341E+01  8.2923918E+01  2.6329279E+03  8.2926375E+01  8.2925804E+01  8.2901690E+01  8.2090141E+01  7.9168976E+01
 8.6913802E+01  8.9817507E+01  9.0627051E+01  9.0648849E+01  9.0649431E+01  2.8791058E+03  9.0651941E+01  9.0651364E+01  9.0627051E+01  8.9817507E+01  8.6913802E+01
 9.5248989E+01  9.8135312E+01  9.8942844E+01  9.8964790E+01  9.8965376E+01  3.1426599E+03  9.8967940E+01  9.8967357E+01  9.8942844E+01  9.8135312E+01  9.5248989E+01
 1.0423812E+02  1.0710714E+02  1.0791266E+02  1.0793475E+02  1.0793535E+02  3.4249116E+03  1.0793796E+02  1.0793737E+02  1.0791266E+02  1.0710714E+02  1.0423812E+02
 1.1385284E+02  1.1670464E+02  1.1750813E+02  1.1753037E+02  1.1753097E+02  3.7255002E+03  1.1753364E+02  1.1753305E+02  1.1750813E+02  1.1670464E+02  1.1385284E+02
 1.2417196E+02  1.2700663E+02  1.2780809E+02  1.2783047E+02  1.2783108E+02  4.0459243E+03  1.2783381E+02  1.2783320E+02  1.2780809E+02  1.2700663E+02  1.2417196E+02
 7.6069820E-10  3.1635581E+00  4.0070543E+00  4.0265289E+00  4.0270321E+00  8.4328109E+01  4.0286289E+00  4.0281520E+00  4.0070543E+00  3.1635581E+00  7.6069192E-10
 5.3569074E-01  3.6811380E+00  4.5227194E+00  4.5423404E+00  4.5428489E+00  1.0009832E+02  4.5444844E+00  4.5440018E+00  4.5227194E+00  3.6811380E+00  5.3569074E-01
 1.1419328E+00  4.2693171E+00  5.1089756E+00  5.1287432E+00  5.1292570E+00  1.1807012E+02  5.1309320E+00  5.1304435E+00  5.1089756E+00  4.2693171E+00  1.1419328E+00
 1.8253077E+00  4.9346799E+00  5.7724074E+00  5.7923220E+00  5.7928411E+00  1.3848266E+02  5.7945562E+00  5.7940620E+00  5.7724074E+00  4.9346799E+00  1.8253077E+00
 2.5928798E+00  5.6842934E+00  6.5200822E+00  6.5401441E+00  6.5406684E+00  1.6159212E+02  6.5424244E+00  6.5419244E+00  6.5200822E+00  5.6842934E+00  2.5928798E+00
 3.4522260E+00  6.5257371E+00  7.3595793E+00  7.3797887E+00  7.3803183E+00  1.8767198E+02  7.3821159E+00  7.3816101E+00  7.3595793E+00  6.5257371E+00  3.4522260E+00
 4.4114665E+00  7.4671332E+00  8.2990215E+00  8.3193787E+00  8.3199134E+00  2.1701322E+02  8.3217535E+00  8.3212417E+00  8.2990215E+00  7.4671332E+00  4.4114665E+00
 5.4792984E+00  8.5171810E+00  9.3471079E+00  9.3676129E+00  9.3681529E+00  2.4992455E+02  9.3700361E+00  9.3695185E+00  9.3471079E+00  8.5171810E+00  5.4792984E+00
 6.6650304E+00  9.6851907E+00  1.0513149E+01  1.0533802E+01  1.0534347E+01  2.8673248E+02  1.0536275E+01  1.0535751E+01  1.0513149E+01  9.6851907E+00  6.6650304E+00
 7.9786191E+00  1.0981121E+01  1.1807103E+01  1.1827904E+01  1.1828455E+01  3.2778143E+02  1.1830426E+01  1.1829897E+01  1.1807103E+01  1.0981121E+01  7.9786191E+00
 9.4307079E+00  1.2415615E+01  1.3239615E+01  1.3260564E+01  1.3261120E+01  3.7343378E+02  1.3263137E+01  1.3262602E+01  1.3239615E+01  1.2415615E+01  9.4307079E+00
 1.1032667E+01  1.4000046E+01  1.4822056E+01  1.4843154E+01  1.4843714E+01  4.2406983E+02  1.4845778E+01  1.4845237E+01  1.4822056E+01  1.4000046E+01  1.1032667E+01
 1.2797652E+01  1.5747570E+01  1.6567583E+01  1.6588829E+01  1.6589395E+01  4.8015217E+02  1.6591506E+01  1.6590958E+01  1.6567583E+01  1.5747570E+01  1.2797652E+01
 1.4734774E+01  1.7667299E+01  1.8485307E+01  1.8506703E+01  1.8507273E+01  5.4194847E+02  1.8509432E+01  1.8508879E+01  1.8485307E+01  1.7667299E+01  1.4734774E+01
 1.6859513E+01  1.9774711E+01  2.0590710E+01  2.0612253E+01  2.0612830E+01  6.0996280E+02  2.0615037E+01  2.0614477E+01  2.0590710E+01  1.9774711E+01  1.6859513E+01
 1.9186068E+01  2.2084010E+01  2.2897991E+01  2.2919683E+01  2.2920264E+01  6.8463970E+02  2.2922521E+01  2.2921955E+01  2.2897991E+01  2.2084010E+01  1.9186068E+01
 2.1729428E+01  2.4610183E+01  2.5422139E+01  2.5443980E+01  2.5444567E+01  7.6643856E+02  2.5446874E+01  2.5446302E+01  2.5422139E+01  2.4610183E+01  2.1729428E+01
 2.4505386E+01  2.7369023E+01  2.8178949E+01  2.8200938E+01  2.8201529E+01  8.5583280E+02  2.8203889E+01  2.8203310E+01  2.8178949E+01  2.7369023E+01  2.4505386E+01
 2.7530554E+01  3.0377144E+01  3.1185033E+01  3.1207170E+01  3.1207767E+01  9.5330900E+02  3.1210178E+01  3.1209594E+01  3.1185033E+01  3.0377144E+01  2.7530554E+01
 3.0822384E+01  3.3651998E+01  3.4457842E+01  3.4480128E+01  3.4480730E+01  1.0593660E+03  3.4483194E+01  3.4482604E+01  3.4457842E+01  3.3651998E+01  3.0822384E+01
 3.4399177E+01  3.7211884E+01  3.8015678E+01  3.8038112E+01  3.8038719E+01  1.1745138E+03  3.8041237E+01  3.8040641E+01  3.8015678E+01  3.7211884E+01  3.4399177E+01
 3.8290215E+01  4.1086088E+01  4.1887824E+01  4.1910407E+01  4.1911018E+01  1.2995328E+03  4.1913591E+01  4.1912988E+01  4.1887824E+01  4.1086088E+01  3.8290215E+01
 4.2496439E+01  4.5275547E+01  4.6075221E+01  4.6097951E+01  4.6098567E+01  1.4345048E+03  4.6101197E+01  4.6100587E+01  4.6075221E+01  4.5275547E+01  4.2496439E+01
 4.7048260E+01  4.9810676E+01  5.0608279E+01  5.0631157E+01  5.0631778E+01  1.5801882E+03  5.0634465E+01  5.0633849E+01  5.0608279E+01  4.9810676E+01  4.7048260E+01
 5.1967482E+01  5.4713278E+01  5.5508805E+01  5.5531831E+01  5.5532456E+01  1.7371349E+03  5.5535201E+01  5.5534579E+01  5.5508805E+01  5.4713278E+01  5.1967482E+01
 5.7278639E+01  6.0007886E+01  6.0801330E+01  6.0824504E+01  6.0825134E+01  1.9059388E+03  6.0827938E+01  6.0827309E+01  6.0801330E+01  6.0007886E+01  5.7278639E+01
 6.3004055E+01  6.5716826E+01  6.6508182E+01  6.6531502E+01  6.6532138E+01  2.0871406E+03  6.6535001E+01  6.6534367E+01  6.6508182E+01  6.5716826E+01  6.3004055E+01
 6.9167949E+01  7.1864316E+01  7.2653577E+01  7.2677044E+01  7.2677685E+01  2.2813048E+03  7.2680610E+01  7.2679968E+01  7.2653577E+01  7.1864316E+01  6.9167949E+01
 7.5795573E+01  7.8475611E+01  7.9262772E+01  7.9286387E+01  7.9287031E+01  2.4890019E+03  7.9290018E+01  7.9289371E+01  7.9262772E+01  7.8475611E+01  7.5795573E+01
 8.2912994E+01  8.5576777E+01  8.6361832E+01  8.6385593E+01  8.6386242E+01  2.7108030E+03  8.6389292E+01  8.6388638E+01  8.6361832E+01  8.5576777E+01  8.2912994E+01
 9.0570558E+01  9.3218162E+01  9.4001105E+01  9.4025012E+01  9.4025666E+01  2.9476715E+03  9.4028780E+01  9.4028119E+01  9.4001105E+01  9.3218162E+01  9.0570558E+01
 9.8745624E+01  1.0137713E+02  1.0215795E+02  1.0218201E+02  1.0218266E+02  3.1993926E+03  1.0218584E+02  1.0218517E+02  1.0215795E+02  1.0137713E+02  9.8745624E+01
 1.0750048E+02  1.1011595E+02  1.1089466E+02  1.1091885E+02  1.1091952E+02  3.4670470E+03  1.1092277E+02  1.1092209E+02  1.1089466E+02  1.1011595E+02  1.0750048E+02
 6.9772481E-10  2.9228367E+00  3.7455822E+00  3.7669170E+00  3.7674895E+00  7.8552010E+01  3.7694073E+00  3.7688614E+00  3.7455822E+00  2.9228367E+00  6.9772445E-10
 4.9044730E-01  3.3963404E+00  4.2170670E+00  4.2385499E+00  4.2391276E+00  9.2900233E+01  4.2410912E+00  4.2405393E+00  4.2170670E+00  3.3963404E+00  4.9044730E-01
 1.0435602E+00  3.9325551E+00  4.7512541E+00  4.7728852E+00  4.7734683E+00  1.0919700E+02  4.7754784E+00  4.7749205E+00  4.7512541E+00  3.9325551E+00  1.0435602E+00
 1.6649765E+00  4.5371212E+00  5.3537844E+00  5.3755640E+00  5.3761523E+00  1.2764617E+02  5.3782098E+00  5.3776458E+00  5.3537844E+00  4.5371212E+00  1.6649765E+00
 2.3607311E+00  5.2160763E+00  6.0306955E+00  6.0526236E+00  6.0532171E+00  1.4846510E+02  6.0553228E+00  6.0547529E+00  6.0306955E+00  5.2160763E+00  2.3607311E+00
 3.1372785E+00  5.9758773E+00  6.7884446E+00  6.8105213E+00  6.8111200E+00  1.7188473E+02  6.8132749E+00  6.8126988E+00  6.7884446E+00  5.9758773E+00  3.1372785E+00
 4.0015176E+00  6.8234249E+00  7.6339326E+00  7.6561581E+00  7.6567619E+00  1.9814968E+02  7.6589667E+00  7.6583846E+00  7.6339326E+00  6.8234249E+00  4.0015176E+00
 4.9608162E+00  7.7660889E+00  8.5745295E+00  8.5969036E+00  8.5975127E+00  2.2751820E+02  8.5997683E+00  8.5991801E+00  8.5745295E+00  7.7660889E+00  4.9608162E+00
 6.0230382E+00  8.8117348E+00  9.6181009E+00  9.6406238E+00  9.6412379E+00  2.6026219E+02  9.6435453E+00  9.6429509E+00  9.6181009E+00  8.8117348E+00  6.0230382E+00
 7.1965710E+00  9.9687514E+00  1.0773036E+01  1.0795708E+01  1.0796327E+01  2.9666712E+02  1.0798687E+01  1.0798086E+01  1.0773036E+01  9.9687514E+00  7.1965710E+00
 8.4903549E+00  1.1246080E+01  1.2048276E+01  1.2071096E+01  1.2071721E+01  3.3703190E+02  1.2074134E+01  1.2073528E+01  1.2048276E+01  1.1246080E+01  8.4903549E+00
 9.9139131E+00  1.2653246E+01  1.3453347E+01  1.3476315E+01  1.3476945E+01  3.8166875E+02  1.3479412E+01  1.3478800E+01  1.3453347E+01  1.2653246E+01  9.9139131E+00
 1.1478295E+01  1.4201298E+01  1.4999296E+01  1.5022413E+01  1.5023048E+01  4.3095458E+02  1.5025571E+01  1.5024952E+01  1.4999296E+01  1.4201298E+01  1.1478295E+01
 1.3190905E+01  1.5897642E+01  1.6693531E+01  1.6716796E+01  1.6717436E+01  4.8510825E+02  1.6720016E+01  1.6719390E+01  1.6693531E+01  1.5897642E+01  1.3190905E+01
 1.5064696E+01  1.7755232E+01  1.8549006E+01  1.8572419E+01  1.8573064E+01  5.4453766E+02  1.8575701E+01  1.8575069E+01  1.8549006E+01  1.7755232E+01  1.5064696E+01
 1.7111417E+01  1.9785817E+01  2.0577469E+01  2.0601030E+01  2.0601679E+01  6.0960086E+02  2.0604375E+01  2.0603736E+01  2.0577469E+01  1.9785817E+01  1.7111417E+01
 1.9343427E+01  2.2001756E+01  2.2791280E+01  2.2814989E+01  2.2815643E+01  6.8066605E+02  2.2818398E+01  2.2817753E+01  2.2791280E+01  2.2001756E+01  1.9343427E+01
 2.1773708E+01  2.4416032E+01  2.5203421E+01  2.5227278E+01  2.5227937E+01  7.5811080E+02  2.5230752E+01  2.5230101E+01  2.5203421E+01  2.4416032E+01  2.1773708E+01
 2.4415872E+01  2.7042258E+01  2.7827506E+01  2.7851511E+01  2.7852174E+01  8.4232126E+02  2.7855050E+01  2.7854393E+01  2.7827506E+01  2.7042258E+01  2.4415872E+01
 2.7284170E+01  2.9894683E+01  3.0677785E+01  3.0701936E+01  3.0702605E+01  9.3369130E+02  3.0705543E+01  3.0704880E+01  3.0677785E+01  2.9894683E+01  2.7284170E+01
 3.0393497E+01  3.2988205E+01  3.3769154E+01  3.3793453E+01  3.3794126E+01  1.0326216E+03  3.3797127E+01  3.3796458E+01  3.3769154E+01  3.2988205E+01  3.0393497E+01
 3.3767766E+01  3.6346736E+01  3.7125527E+01  3.7149972E+01  3.7150649E+01  1.1397143E+03  3.7153716E+01  3.7153039E+01  3.7125527E+01  3.6346736E+01  3.3767766E+01
 3.7407378E+01  3.9970677E+01  4.0747303E+01  4.0771894E+01  4.0772577E+01  1.2550437E+03  4.0775708E+01  4.0775026E+01  4.0747303E+01  3.9970677E+01  3.7407378E+01
 4.1337064E+01  4.3884759E+01  4.4659215E+01  4.4683952E+01  4.4684640E+01  1.3791926E+03  4.4687838E+01  4.4687149E+01  4.4659215E+01  4.3884759E+01  4.1337064E+01
 4.5574339E+01  4.8106498E+01  4.8878780E+01  4.8903662E+01  4.8904354E+01  1.5125852E+03  4.8907620E+01  4.8906924E+01  4.8878780E+01  4.8106498E+01  4.5574339E+01
 5.0138834E+01  5.2655525E+01  5.3425626E+01  5.3450653E+01  5.3451350E+01  1.6556733E+03  5.3454684E+01  5.3453982E+01  5.3425626E+01  5.2655525E+01  5.0138834E+01
 5.5048330E+01  5.7549622E+01  5.8317536E+01  5.8342709E+01  5.8343409E+01  1.8088682E+03  5.8346815E+01  5.8346105E+01  5.8317536E+01  5.7549622E+01  5.5048330E+01
 6.0322065E+01  6.2808026E+01  6.3573750E+01  6.3599067E+01  6.3599772E+01  1.9725963E+03  6.3603248E+01  6.3602532E+01  6.3573750E+01  6.2808026E+01  6.0322065E+01
 6.5980030E+01  6.8450730E+01  6.9214258E+01  6.9239719E+01  6.9240429E+01  2.1472854E+03  6.9243977E+01  6.9243255E+01  6.9214258E+01  6.8450730E+01  6.5980030E+01
 7.2042778E+01  7.4498288E+01  7.5259615E+01  7.5285220E+01  7.5285934E+01  2.3333612E+03  7.5289556E+01  7.5288827E+01  7.5259615E+01  7.4498288E+01  7.2042778E+01
 7.8549752E+01  8.0990143E+01  8.1749265E+01  8.1775013E+01  8.1775731E+01  2.5315088E+03  8.1779428E+01  8.1778692E+01  8.1749265E+01  8.0990143E+01  7.8549752E+01
 8.5483261E+01  8.7908605E+01  8.8665518E+01  8.8691409E+01  8.8692131E+01  2.7416236E+03  8.8695904E+01  8.8695162E+01  8.8665518E+01  8.7908605E+01  8.5483261E+01
 9.2891991E+01  9.5302362E+01  9.6057062E+01  9.6083095E+01  9.6083822E+01  2.9644626E+03  9.6087672E+01  9.6086923E+01  9.6057062E+01  9.5302362E+01  9.2891991E+01
 6.3902019E-10  2.6974114E+00  3.4982046E+00  3.5214700E+00  3.5221155E+00  7.3088253E+01  3.5244169E+00  3.5237971E+00  3.4982046E+00  2.6974114E+00  6.3902023E-10
 4.4835280E-01  3.1299235E+00  3.9285743E+00  3.9519869E+00  3.9526375E+00  8.6118917E+01  3.9549927E+00  3.9543669E+00  3.9285743E+00  3.1299235E+00  4.4835280E-01
 9.5222293E-01  3.6179957E+00  4.4144959E+00  4.4380559E+00  4.4387115E+00  1.0086909E+02  4.4411215E+00  4.4404897E+00  4.4144959E+00  3.6179957E+00  9.5222293E-01
 1.5164192E+00  4.1664397E+00  4.9607813E+00  4.9844885E+00  4.9851492E+00  1.1751163E+02  4.9876150E+00  4.9869770E+00  4.9607813E+00  4.1664397E+00  1.5164192E+00
 2.1460749E+00  4.7803910E+00  5.5725664E+00  5.5964209E+00  5.5970865E+00  1.3622995E+02  5.5996091E+00  5.5989650E+00  5.5725664E+00  4.7803910E+00  2.1460749E+00
 2.8466648E+00  5.4653265E+00  6.2553285E+00  6.2793302E+00  6.2800007E+00  1.5721797E+02  6.2825810E+00  6.2819308E+00  6.2553285E+00  5.4653265E+00  2.8466648E+00
 3.6240236E+00  6.2270829E+00  7.0149045E+00  7.0390532E+00  7.0397287E+00  1.8068009E+02  7.0423677E+00  7.0417112E+00  7.0149045E+00  6.2270829E+00  3.6240236E+00
 4.4843650E+00  7.0718757E+00  7.8575100E+00  7.8818057E+00  7.8824860E+00  2.0683106E+02  7.8851847E+00  7.8845220E+00  7.8575100E+00  7.0718757E+00  4.4843650E+00
 5.4343016E+00  8.0063188E+00  8.7897595E+00  8.8142018E+00  8.8148871E+00  2.3589586E+02  8.8176465E+00  8.8169776E+00  8.7897595E+00  8.0063188E+00  5.4343016E+00
 6.4808656E+00  9.0374458E+00  9.8186866E+00  9.8432755E+00  9.8439656E+00  2.6810949E+02  9.8467867E+00  9.8461116E+00  9.8186866E+00  9.0374458E+00  6.4808656E+00
 7.6315302E+00  1.0172731E+01  1.0951766E+01  1.0976502E+01  1.0977196E+01  3.0371684E+02  1.0980080E+01  1.0979399E+01  1.0951766E+01  1.0172731E+01  7.6315302E+00
 8.8942320E+00  1.1420113E+01  1.2196936E+01  1.2221817E+01  1.2222517E+01  3.4297238E+02  1.2225464E+01  1.2224777E+01  1.2196936E+01  1.1420113E+01  8.8942320E+00
 1.0278195E+01  1.2788815E+01  1.3563420E+01  1.3588447E+01  1.3589152E+01  3.8618061E+02  1.3592164E+01  1.3591471E+01  1.3563420E+01  1.2788815E+01  1.0278195E+01
 1.1789420E+01  1.4284840E+01  1.5057222E+01  1.5082395E+01  1.5083104E+01  4.3351979E+02  1.5086182E+01  1.5085482E+01  1.5057222E+01  1.4284840E+01  1.1789420E+01
 1.3438682E+01  1.5918962E+01  1.6689116E+01  1.6714434E+01  1.6715147E+01  4.8531701E+02  1.6718293E+01  1.6717587E+01  1.6689116E+01  1.5918962E+01  1.3438682E+01
 1.5235646E+01  1.7700847E+01  1.8468768E+01  1.8494231E+01  1.8494949E+01  5.4185821E+02  1.8498163E+01  1.8497450E+01  1.8468768E+01  1.7700847E+01  1.5235646E+01
 1.7190448E+01  1.9640633E+01  2.0406316E+01  2.0431923E+01  2.0432646E+01  6.0343594E+02  2.0435929E+01  2.0435209E+01  2.0406316E+01  1.9640633E+01  1.7190448E+01
 1.9313699E+01  2.1748929E+01  2.2512369E+01  2.2538120E+01  2.2538848E+01  6.7034860E+02  2.2542201E+01  2.2541475E+01  2.2512369E+01  2.1748929E+01  1.9313699E+01
 2.1616487E+01  2.4036825E+01  2.4798017E+01  2.4823912E+01  2.4824644E+01  7.4289974E+02  2.4828069E+01  2.4827337E+01  2.4798017E+01  2.4036825E+01  2.1616487E+01
 2.4110380E+01  2.6515889E+01  2.7274829E+01  2.7300867E+01  2.7301603E+01  8.2139724E+02  2.7305101E+01  2.7304362E+01  2.7274829E+01  2.6515889E+01  2.4110380E+01
 2.6807428E+01  2.9198172E+01  2.9954854E+01  2.9981036E+01  2.9981776E+01  9.0615256E+02  2.9985348E+01  2.9984602E+01  2.9954854E+01  2.9198172E+01  2.6807428E+01
 2.9726993E+01  3.2103034E+01  3.2857455E+01  3.2883780E+01  3.2884524E+01  9.9762369E+02  3.2888171E+01  3.2887419E+01  3.2857455E+01  3.2103034E+01  2.9726993E+01
 3.2869176E+01  3.5230577E+01  3.5982733E+01  3.6009199E+01  3.6009948E+01  1.0958789E+03  3.6013671E+01  3.6012913E+01  3.5982733E+01  3.5230577E+01  3.2869176E+01
 3.6253924E+01  3.8600749E+01  3.9350636E+01  3.9377244E+01  3.9377997E+01  1.2013591E+03  3.9381798E+01  3.9381032E+01  3.9350636E+01  3.8600749E+01  3.6253924E+01
 3.9895212E+01  4.2227525E+01  4.2975139E+01  4.3001888E+01  4.3002645E+01  1.3143865E+03  4.3006525E+01  4.3005753E+01  4.2975139E+01  4.2227525E+01  3.9895212E+01
 4.3808627E+01  4.6126492E+01  4.6871830E+01  4.6898720E+01  4.6899480E+01  1.4352997E+03  4.6903441E+01  4.6902662E+01  4.6871830E+01  4.6126492E+01  4.3808627E+01
 4.8008233E+01  5.0311715E+01  5.1054773E+01  5.1081803E+01  5.1082567E+01  1.5644074E+03  5.1086609E+01  5.1085824E+01  5.1054773E+01  5.0311715E+01  4.8008233E+01
 5.2509198E+01  5.4798363E+01  5.5539137E+01  5.5566306E+01  5.5567075E+01  1.7020270E+03  5.5571200E+01  5.5570408E+01  5.5539137E+01  5.4798363E+01  5.2509198E+01
 5.7327223E+01  5.9602136E+01  6.0340624E+01  6.0367932E+01  6.0368705E+01  1.8484744E+03  6.0372914E+01  6.0372115E+01  6.0340624E+01  5.9602136E+01  5.7327223E+01
 6.2478389E+01  6.4739115E+01  6.5475314E+01  6.5502761E+01  6.5503537E+01  2.0040613E+03  6.5507832E+01  6.5507026E+01  6.5475314E+01  6.4739115E+01  6.2478389E+01
 6.7993224E+01  7.0239832E+01  7.0973740E+01  7.1001325E+01  7.1002104E+01  2.1692592E+03  7.1006487E+01  7.1005673E+01  7.0973740E+01  7.0239832E+01  6.7993224E+01
 7.3858244E+01  7.6090802E+01  7.6822416E+01  7.6850138E+01  7.6850922E+01  2.3440446E+03  7.6855391E+01  7.6854572E+01  7.6822416E+01  7.6090802E+01  7.3858244E+01
 8.0111037E+01  8.2329613E+01  8.3058933E+01  8.3086791E+01  8.3087577E+01  2.5289271E+03  8.3092138E+01  8.3091311E+01  8.3058933E+01  8.2329613E+01  8.0111037E+01
 5.8434853E-10  2.4864621E+00  3.2634873E+00  3.2887213E+00  3.2894412E+00  6.7925481E+01  3.2921990E+00  3.2915026E+00  3.2634873E+00  2.4864621E+00  5.8434780E-10
 4.0923135E-01  2.8808927E+00  3.6556458E+00  3.6810236E+00  3.6817481E+00  7.9736909E+01  3.6845692E+00  3.6838668E+00  3.6556458E+00  2.8808927E+00  4.0923135E-01
 8.6751215E-01  3.3244134E+00  4.0968878E+00  4.1224093E+00  4.1231385E+00  9.3060949E+01  4.1260239E+00  4.1253155E+00  4.0968878E+00  3.3244134E+00  8.6751215E-01
 1.3789256E+00  3.8211098E+00  4.5912995E+00  4.6169644E+00  4.6176982E+00  1.0804334E+02  4.6206491E+00  4.6199346E+00  4.5912995E+00  3.8211098E+00  1.3789256E+00
 1.9478177E+00  4.3753301E+00  5.1432295E+00  5.1690377E+00  5.1697760E+00  1.2483793E+02  5.1727935E+00  5.1720728E+00  5.1432295E+00  4.3753301E+00  1.9478177E+00
 2.5788104E+00  4.9916983E+00  5.7573020E+00  5.7832532E+00  5.7839961E+00  1.4360653E+02  5.7870812E+00  5.7863544E+00  5.7573020E+00  4.9916983E+00  2.5788104E+00
 3.2768149E+00  5.6751274E+00  6.4384304E+00  6.4645244E+00  6.4652717E+00  1.6451884E+02  6.4684256E+00  6.4676927E+00  6.4384304E+00  5.6751274E+00  3.2768149E+00
 4.0470458E+00  6.4308336E+00  7.1918312E+00  7.2180678E+00  7.2188194E+00  1.8775222E+02  7.2220433E+00  7.2213042E+00  7.1918312E+00  6.4308336E+00  4.0470458E+00
 4.8950357E+00  7.2643509E+00  8.0230388E+00  8.0494175E+00  8.0501736E+00  2.1349151E+02  8.0534686E+00  8.0527232E+00  8.0230388E+00  7.2643509E+00  4.8950357E+00
 5.8266502E+00  8.1815463E+00  8.9379203E+00  8.9644410E+00  8.9652013E+00  2.4192878E+02  8.9685685E+00  8.9678170E+00  8.9379203E+00  8.1815463E+00  5.8266502E+00
 6.8481035E+00  9.1886351E+00  9.9426915E+00  9.9693536E+00  9.9701183E+00  2.7326308E+02  9.9735590E+00  9.9728011E+00  9.9426915E+00  9.1886351E+00  6.8481035E+00
 7.9659745E+00  1.0292197E+01  1.1043932E+01  1.1070736E+01  1.1071504E+01  3.0770017E+02  1.1075020E+01  1.1074255E+01  1.1043932E+01  1.0292197E+01  7.9659745E+00
 9.1879128E+00  1.1499882E+01  1.2249293E+01  1.2276237E+01  1.2277010E+01  3.4548374E+02  1.2280601E+01  1.2279831E+01  1.2249293E+01  1.1499882E+01  9.1879128E+00
 1.0518769E+01  1.2816543E+01  1.3563625E+01  1.3590709E+01  1.3591487E+01  3.8675833E+02  1.3595155E+01  1.3594378E+01  1.3563625E+01  1.2816543E+01  1.0518769E+01
 1.1967445E+01  1.4251080E+01  1.4995832E+01  1.5023056E+01  1.5023837E+01  4.3178352E+02  1.5027583E+01  1.5026800E+01  1.4995832E+01  1.4251080E+01  1.1967445E+01
 1.3541846E+01  1.5811400E+01  1.6553819E+01  1.6581182E+01  1.6581967E+01  4.8078554E+02  1.6585793E+01  1.6585004E+01  1.6553819E+01  1.5811400E+01  1.3541846E+01
 1.5250235E+01  1.7505766E+01  1.8245849E+01  1.8273351E+01  1.8274140E+01  5.3399452E+02  1.8278047E+01  1.8277250E+01  1.8245849E+01  1.7505766E+01  1.5250235E+01
 1.7101229E+01  1.9342797E+01  2.0080541E+01  2.0108181E+01  2.0108974E+01  5.9164387E+02  2.0112963E+01  2.0112161E+01  2.0080541E+01  1.9342797E+01  1.7101229E+01
 1.9103804E+01  2.1331467E+01  2.2066870E+01  2.2094649E+01  2.2095445E+01  6.5396961E+02  2.2099518E+01  2.2098709E+01  2.2066870E+01  2.1331467E+01  1.9103804E+01
 2.1267289E+01  2.3481107E+01  2.4214167E+01  2.4242082E+01  2.4242883E+01  7.2120971E+02  2.4247040E+01  2.4246225E+01  2.4214167E+01  2.3481107E+01  2.1267289E+01
 2.3601366E+01  2.5801398E+01  2.6532114E+01  2.6560166E+01  2.6560970E+01  7.9360339E+02  2.6565214E+01  2.6564391E+01  2.6532114E+01  2.5801398E+01  2.3601366E+01
 2.6121568E+01  2.8307874E+01  2.9036243E+01  2.9064431E+01  2.9065239E+01  8.7149293E+02  2.9069570E+01  2.9068741E+01  2.9036243E+01  2.8307874E+01  2.6121568E+01
 2.8827856E+01  3.1000495E+01  3.1726516E+01  3.1754840E+01  3.1755652E+01  9.5494135E+02  3.1760071E+01  3.1759236E+01  3.1726516E+01  3.1000495E+01  2.8827856E+01
 3.1736178E+01  3.3895211E+01  3.4618882E+01  3.4647341E+01  3.4648155E+01  1.0442763E+03  3.4652666E+01  3.4651823E+01  3.4618882E+01  3.3895211E+01  3.1736178E+01
 3.4857596E+01  3.7003083E+01  3.7724403E+01  3.7752996E+01  3.7753815E+01  1.1397389E+03  3.7758418E+01  3.7757568E+01  3.7724403E+01  3.7003083E+01  3.4857596E+01
 3.8204386E+01  4.0336387E+01  4.1055355E+01  4.1084082E+01  4.1084904E+01  1.2415785E+03  4.1089599E+01  4.1088744E+01  4.1055355E+01  4.0336387E+01  3.8204386E+01
 4.1787582E+01  4.3906159E+01  4.4622774E+01  4.4651634E+01  4.4652459E+01  1.3500234E+03  4.4657249E+01  4.4656387E+01  4.4622774E+01  4.3906159E+01  4.1787582E+01
 4.5619044E+01  4.7724259E+01  4.8438520E+01  4.8467513E+01  4.8468340E+01  1.4653053E+03  4.8473227E+01  4.8472357E+01  4.8438520E+01  4.7724259E+01  4.5619044E+01
 4.9710999E+01  5.1802913E+01  5.2514820E+01  5.2543944E+01  5.2544775E+01  1.5876530E+03  5.2549760E+01  5.2548883E+01  5.2514820E+01  5.1802913E+01  4.9710999E+01
 5.4075914E+01  5.6154589E+01  5.6864142E+01  5.6893396E+01  5.6894231E+01  1.7172906E+03  5.6899314E+01  5.6898431E+01  5.6864142E+01  5.6154589E+01  5.4075914E+01
 5.8737101E+01  6.0802601E+01  6.1509800E+01  6.1539184E+01  6.1540022E+01  1.8545275E+03  6.1545206E+01  6.1544315E+01  6.1509800E+01  6.0802601E+01  5.8737101E+01
 6.3684574E+01  6.5736964E+01  6.6441809E+01  6.6471324E+01  6.6472163E+01  1.9993975E+03  6.6477451E+01  6.6476552E+01  6.6441809E+01  6.5736964E+01  6.3684574E+01
 6.8946949E+01  7.0986294E+01  7.1688786E+01  7.1718429E+01  7.1719272E+01  2.1522247E+03  7.1724663E+01  7.1723757E+01  7.1688786E+01  7.0986294E+01  6.8946949E+01
 5.3348938E-10  2.2891531E+00  3.0401205E+00  3.0673241E+00  3.0681166E+00  6.3052442E+01  3.0714166E+00  3.0706435E+00  3.0401205E+00  2.2891531E+00  5.3348974E-10
 3.7291139E-01  2.6482445E+00  3.3968345E+00  3.4241756E+00  3.4249721E+00  7.3736788E+01  3.4283463E+00  3.4275673E+00  3.3968345E+00  2.6482445E+00  3.7291139E-01
 7.8903188E-01  3.0505835E+00  3.7967921E+00  3.8242705E+00  3.8250710E+00  8.5747318E+01  3.8285206E+00  3.8277357E+00  3.7967921E+00  3.0505835E+00  7.8903188E-01
 1.2518115E+00  3.4996223E+00  4.2434462E+00  4.2710616E+00  4.2718661E+00  9.9206122E+01  4.2753923E+00  4.2746014E+00  4.2434462E+00  3.4996223E+00  1.2518115E+00
 1.7649114E+00  3.9990243E+00  4.7404606E+00  4.7682126E+00  4.7690209E+00  1.1424138E+02  4.7726251E+00  4.7718282E+00  4.7404606E+00  3.9990243E+00  1.7649114E+00
 2.3322136E+00  4.5526733E+00  5.2917193E+00  5.3196076E+00  5.3204198E+00  1.3098722E+02  5.3241031E+00  5.3233002E+00  5.2917193E+00  4.5526733E+00  2.3322136E+00
 2.9578304E+00  5.1646834E+00  5.9013368E+00  5.9293611E+00  5.9301770E+00  1.4958348E+02  5.9339408E+00  5.9331318E+00  5.9013368E+00  5.1646834E+00  2.9578304E+00
 3.6461148E+00  5.8394090E+00  6.5736679E+00  6.6018276E+00  6.6026474E+00  1.7017555E+02  6.6064928E+00  6.6056779E+00  6.5736679E+00  5.8394090E+00  3.6461148E+00
 4.4016705E+00  6.5814551E+00  7.3133180E+00  7.3416129E+00  7.3424363E+00  1.9291410E+02  7.3463649E+00  7.3455437E+00  7.3133180E+00  6.5814551E+00  4.4016705E+00
 5.2293629E+00  7.3956885E+00  8.1251541E+00  8.1535836E+00  8.1544105E+00  2.1795481E+02  8.1584235E+00  8.1575962E+00  8.1251541E+00  7.3956885E+00  5.2293629E+00
 6.1343297E+00  8.2872478E+00  9.0143151E+00  9.0428787E+00  9.0437092E+00  2.4545810E+02  9.0478079E+00  9.0469744E+00  9.0143151E+00  8.2872478E+00  6.1343297E+00
 7.1219920E+00  9.2615552E+00  9.9862234E+00  1.0014920E+01  1.0015755E+01  2.7558884E+02  1.0019940E+01  1.0019101E+01  9.9862234E+00  9.2615552E+00  7.1219920E+00
 8.1986495E+00  1.0324911E+01  1.1047179E+01  1.1076009E+01  1.1076847E+01  3.0853999E+02  1.1081121E+01  1.1080275E+01  1.1047179E+01  1.0324911E+01  8.1986495E+00
 9.3682108E+00  1.1481223E+01  1.2201092E+01  1.2230055E+01  1.2230896E+01  3.4442810E+02  1.2235260E+01  1.2234407E+01  1.2201092E+01  1.1481223E+01  9.3682108E+00
 1.0637977E+01  1.2737795E+01  1.3455264E+01  1.3484359E+01  1.3485203E+01  3.8345680E+02  1.3489658E+01  1.3488799E+01  1.3455264E+01  1.2737795E+01  1.0637977E+01
 1.2014373E+01  1.4101052E+01  1.4816120E+01  1.4845346E+01  1.4846194E+01  4.2580314E+02  1.4850742E+01  1.4849876E+01  1.4816120E+01  1.4101052E+01  1.2014373E+01
 1.3504087E+01  1.5577682E+01  1.6290351E+01  1.6319708E+01  1.6320558E+01  4.7164612E+02  1.6325200E+01  1.6324329E+01  1.6290351E+01  1.5577682E+01  1.3504087E+01
 1.5114074E+01  1.7174640E+01  1.7884909E+01  1.7914396E+01  1.7915250E+01  5.2116612E+02  1.7919987E+01  1.7919110E+01  1.7884909E+01  1.7174640E+01  1.5114074E+01
 1.6851545E+01  1.8899138E+01  1.9607008E+01  1.9636626E+01  1.9637482E+01  5.7454438E+02  1.9642317E+01  1.9641432E+01  1.9607008E+01  1.8899138E+01  1.6851545E+01
 1.8723971E+01  2.0758647E+01  2.1464119E+01  2.1493865E+01  2.1494724E+01  6.3196239E+02  2.1499658E+01  2.1498766E+01  2.1464119E+01  2.0758647E+01  1.8723971E+01
 2.0739073E+01  2.2760888E+01  2.3463962E+01  2.3493837E+01  2.3494699E+01  6.9360136E+02  2.3499732E+01  2.3498835E+01  2.3463962E+01  2.2760888E+01  2.0739073E+01
 2.2909184E+01  2.4918195E+01  2.5618873E+01  2.5648875E+01  2.5649741E+01  7.5971167E+02  2.5654875E+01  2.5653971E+01  2.5618873E+01  2.4918195E+01  2.2909184E+01
 2.5234232E+01  2.7230495E+01  2.7928778E+01  2.7958907E+01  2.7959775E+01  8.3035149E+02  2.7965013E+01  2.7964101E+01  2.7928778E+01  2.7230495E+01  2.5234232E+01
 2.7726839E+01  2.9710410E+01  3.0406299E+01  3.0436554E+01  3.0437425E+01  9.0575902E+02  3.0442767E+01  3.0441849E+01  3.0406299E+01  2.9710410E+01  2.7726839E+01
 3.0395689E+01  3.2366625E+01  3.3060122E+01  3.3090503E+01  3.3091376E+01  9.8611131E+02  3.3096825E+01  3.3095900E+01  3.3060122E+01  3.2366625E+01  3.0395689E+01
 3.3250357E+01  3.5208716E+01  3.5899821E+01  3.5930327E+01  3.5931202E+01  1.0715884E+03  3.5936760E+01  3.5935827E+01  3.5899821E+01  3.5208716E+01  3.3250357E+01
 3.6299426E+01  3.8245265E+01  3.8933982E+01  3.8964611E+01  3.8965489E+01  1.1623554E+03  3.8971156E+01  3.8970217E+01  3.8933982E+01  3.8245265E+01  3.6299426E+01
 3.9552083E+01  4.1485461E+01  4.2171790E+01  4.2202543E+01  4.2203423E+01  1.2585783E+03  4.2209201E+01  4.2208255E+01  4.2171790E+01  4.1485461E+01  3.9552083E+01
 4.3017755E+01  4.4938730E+01  4.5622674E+01  4.5653549E+01  4.5654432E+01  1.3604188E+03  4.5660323E+01  4.5659370E+01  4.5622674E+01  4.4938730E+01  4.3017755E+01
 4.6706010E+01  4.8614640E+01  4.9296202E+01  4.9327199E+01  4.9328083E+01  1.4680334E+03  4.9334090E+01  4.9333129E+01  4.9296202E+01  4.8614640E+01  4.6706010E+01
 5.0634370E+01  5.2530717E+01  5.3209898E+01  5.3241016E+01  5.3241903E+01  1.5816120E+03  5.3248026E+01  5.3247057E+01  5.3209898E+01  5.2530717E+01  5.0634370E+01
 5.4795711E+01  5.6679835E+01  5.7356639E+01  5.7387876E+01  5.7388765E+01  1.7012258E+03  5.7395007E+01  5.7394031E+01  5.7356639E+01  5.6679835E+01  5.4795711E+01
 5.9211458E+01  6.1083420E+01  6.1757851E+01  6.1789207E+01  6.1790098E+01  1.8270628E+03  6.1796460E+01  6.1795476E+01  6.1757851E+01  6.1083420E+01  5.9211458E+01
 4.8621779E-10  2.1047028E+00  2.8273443E+00  2.8564676E+00  2.8573265E+00  5.8453660E+01  2.8612710E+00  2.8604247E+00  2.8273443E+00  2.1047028E+00  4.8621525E-10
 3.3923018E-01  2.4310388E+00  3.1512416E+00  3.1804940E+00  3.1813561E+00  6.8097883E+01  3.1853873E+00  3.1845353E+00  3.1512416E+00  2.4310388E+00  3.3923018E-01
 7.1640715E-01  2.7953580E+00  3.5131215E+00  3.5425026E+00  3.5433679E+00  7.8900676E+01  3.5474871E+00  3.5466294E+00  3.5131215E+00  2.7953580E+00  7.1640715E-01
 1.1344303E+00  3.2005621E+00  3.9158859E+00  3.9453953E+00  3.9462638E+00  9.0963599E+01  3.9504725E+00  3.9496090E+00  3.9158859E+00  3.2005621E+00  1.1344303E+00
 1.5963672E+00  3.6497205E+00  4.3626048E+00  4.3922422E+00  4.3931137E+00  1.0439267E+02  4.3974133E+00  4.3965439E+00  4.3626048E+00  3.6497205E+00  1.5963672E+00
 2.1054601E+00  4.1460772E+00  4.8565227E+00  4.8862876E+00  4.8871621E+00  1.1929818E+02  4.8915541E+00  4.8906787E+00  4.8565227E+00  4.1460772E+00  2.1054601E+00
 2.6651331E+00  4.6930578E+00  5.4010653E+00  5.4309573E+00  5.4318348E+00  1.3579447E+02  5.4363205E+00  5.4354392E+00  5.4010653E+00  4.6930578E+00  2.6651331E+00
 3.2789984E+00  5.2942762E+00  5.9998469E+00  6.0298655E+00  6.0307459E+00  1.5399970E+02  6.0353268E+00  6.0344396E+00  5.9998469E+00  5.2942762E+00  3.2789984E+00
 3.9508643E+00  5.9535417E+00  6.6566771E+00  6.6868219E+00  6.6877051E+00  1.7403561E+02  6.6923827E+00  6.6914894E+00  6.6566771E+00  5.9535417E+00  3.9508643E+00
 4.6847416E+00  6.6748664E+00  7.3755683E+00  7.4058388E+00  7.4067247E+00  1.9602721E+02  7.4115005E+00  7.4106011E+00  7.3755683E+00  6.6748664E+00  4.6847416E+00
 5.4848515E+00  7.4624724E+00  8.1607429E+00  8.1911383E+00  8.1920270E+00  2.2010255E+02  8.1969025E+00  8.1959968E+00  8.1607428E+00  7.4624724E+00  5.4848515E+00
 6.3556323E+00  8.3207988E+00  9.0166401E+00  9.0471601E+00  9.0480514E+00  2.4639235E+02  9.0530281E+00  9.0521162E+00  9.0166401E+00  8.3207988E+00  6.3556323E+00
 7.3022321E+00  9.2549942E+00  9.9484088E+00  9.9790526E+00  9.9799465E+00  2.7504758E+02  9.9850259E+00  9.9841078E+00  9.9484087E+00  9.2549942E+00  7.3022321E+00
 8.3277893E+00  1.0268198E+01  1.0959188E+01  1.0989955E+01  1.0990852E+01  3.0616161E+02  1.0996035E+01  1.0995111E+01  1.0959188E+01  1.0268198E+01  8.3277893E+00
 9.4382456E+00  1.1366352E+01  1.2054921E+01  1.2085811E+01  1.2086709E+01  3.3989203E+02  1.2091998E+01  1.2091068E+01  1.2054921E+01  1.1366352E+01  9.4382456E+00
 1.0638784E+01  1.2554639E+01  1.3240790E+01  1.3271801E+01  1.3272703E+01  3.7637570E+02  1.3278100E+01  1.3277163E+01  1.3240790E+01  1.2554639E+01  1.0638784E+01
 1.1934782E+01  1.3838438E+01  1.4522174E+01  1.4553307E+01  1.4554210E+01  4.1575001E+02  1.4559717E+01  1.4558772E+01  1.4522174E+01  1.3838438E+01  1.1934782E+01
 1.3331804E+01  1.5223315E+01  1.5904638E+01  1.5935892E+01  1.5936797E+01  4.5815244E+02  1.5942414E+01  1.5941464E+01  1.5904638E+01  1.5223315E+01  1.3331804E+01
 1.4835604E+01  1.6715021E+01  1.7393935E+01  1.7425309E+01  1.7426217E+01  5.0372011E+02  1.7431946E+01  1.7430989E+01  1.7393935E+01  1.6715021E+01  1.4835604E+01
 1.6452113E+01  1.8319489E+01  1.8995997E+01  1.9027491E+01  1.9028400E+01  5.5258929E+02  1.9034244E+01  1.9033280E+01  1.8995997E+01  1.8319489E+01  1.6452113E+01
 1.8187438E+01  2.0042826E+01  2.0716933E+01  2.0748545E+01  2.0749456E+01  6.0489494E+02  2.0755416E+01  2.0754444E+01  2.0716933E+01  2.0042826E+01  1.8187438E+01
 2.0051262E+01  2.1894716E+01  2.2566424E+01  2.2598154E+01  2.2599067E+01  6.6081544E+02  2.2605144E+01  2.2604166E+01  2.2566424E+01  2.1894716E+01  2.0051262E+01
 2.2043538E+01  2.3875111E+01  2.4544424E+01  2.4576270E+01  2.4577186E+01  7.2040409E+02  2.4583382E+01  2.4582397E+01  2.4544424E+01  2.3875111E+01  2.2043538E+01
 2.4174145E+01  2.5993890E+01  2.6660813E+01  2.6692775E+01  2.6693692E+01  7.8382929E+02  2.6700010E+01  2.6699017E+01  2.6660813E+01  2.5993890E+01  2.4174145E+01
 2.6449837E+01  2.8257808E+01  2.8922343E+01  2.8954421E+01  2.8955341E+01  8.5121830E+02  2.8961781E+01  2.8960781E+01  2.8922343E+01  2.8257808E+01  2.6449837E+01
 2.8878001E+01  3.0674253E+01  3.1336405E+01  3.1368597E+01  3.1369518E+01  9.2269743E+02  3.1376082E+01  3.1375076E+01  3.1336405E+01  3.0674253E+01  2.8878001E+01
 3.1465249E+01  3.3249835E+01  3.3909607E+01  3.3941913E+01  3.3942836E+01  9.9838356E+02  3.3949527E+01  3.3948513E+01  3.3909607E+01  3.3249835E+01  3.1465249E+01
 3.4218620E+01  3.5991595E+01  3.6648993E+01  3.6681412E+01  3.6682336E+01  1.0783919E+03  3.6689156E+01  3.6688134E+01  3.6648993E+01  3.5991595E+01  3.4218620E+01
 3.7145303E+01  3.8906722E+01  3.9561750E+01  3.9594281E+01  3.9595206E+01  1.1628334E+03  3.9602156E+01  3.9601127E+01  3.9561750E+01  3.8906722E+01  3.7145303E+01
 4.0252555E+01  4.2002475E+01  4.2655136E+01  4.2687778E+01  4.2688705E+01  1.2518138E+03  4.2695787E+01  4.2694750E+01  4.2655136E+01  4.2002475E+01  4.0252555E+01
 4.3553301E+01  4.5291777E+01  4.5942078E+01  4.5974830E+01  4.5975758E+01  1.3454357E+03  4.5982975E+01  4.5981929E+01  4.5942078E+01  4.5291777E+01  4.3553301E+01
 4.7042708E+01  4.8769798E+01  4.9417742E+01  4.9450604E+01  4.9451533E+01  1.4437935E+03  4.9458886E+01  4.9457833E+01  4.9417742E+01  4.8769798E+01  4.7042708E+01
 5.0736504E+01  5.2452267E+01  5.3097860E+01  5.3130830E+01  5.3131759E+01  1.5469774E+03  5.3139251E+01  5.3138189E+01  5.3097860E+01  5.2452267E+01  5.0736504E+01
 4.4234411E-10  1.9323882E+00  2.6247814E+00  2.6557250E+00  2.6566392E+00  5.4117209E+01  2.6613486E+00  2.6604363E+00  2.6247814E+00  1.9323882E+00  4.4234235E-10
 3.0803337E-01  2.2284015E+00  2.9183652E+00  2.9494288E+00  2.9503456E+00  6.2803023E+01  2.9551558E+00  2.9542378E+00  2.9183652E+00  2.2284015E+00  3.0803337E-01
 6.4928265E-01  2.5576653E+00  3.2452018E+00  3.2763852E+00  3.2773043E+00  7.2497075E+01  3.2822169E+00  3.2812932E+00  3.2452018E+00  2.5576653E+00  6.4928265E-01
 1.0261703E+00  2.9226041E+00  3.6077161E+00  3.6390187E+00  3.6399401E+00  8.3283183E+01  3.6449568E+00  3.6440273E+00  3.6077161E+00  2.9226041E+00  1.0261703E+00
 1.4412512E+00  3.3257744E+00  4.0084649E+00  4.0398864E+00  4.0408101E+00  9.5248313E+01  4.0459323E+00  4.0449970E+00  4.0084649E+00  3.3257744E+00  1.4412512E+00
 1.8972168E+00  3.7698697E+00  4.4501419E+00  4.4816819E+00  4.4826077E+00  1.0848237E+02  4.4878372E+00  4.4868958E+00  4.4501419E+00  3.7698697E+00  1.8972168E+00
 2.3969002E+00  4.2577242E+00  4.9355818E+00  4.9672397E+00  4.9681677E+00  1.2307800E+02  4.9735060E+00  4.9725585E+00  4.9355818E+00  4.2577242E+00  2.3969002E+00
 2.9432801E+00  4.7923182E+00  5.4677648E+00  5.4995402E+00  5.5004702E+00  1.3913033E+02  5.5059189E+00  5.5049654E+00  5.4677648E+00  4.7923182E+00  2.9432801E+00
 3.5394859E+00  5.3767821E+00  6.0498218E+00  6.0817140E+00  6.0826461E+00  1.5673670E+02  6.0882069E+00  6.0872471E+00  6.0498218E+00  5.3767821E+00  3.5394859E+00
 4.1888018E+00  6.0144012E+00  6.6850382E+00  6.7170467E+00  6.7179807E+00  1.7599647E+02  6.7236553E+00  6.7226892E+00  6.6850382E+00  6.0144012E+00  4.1888018E+00
 4.8946717E+00  6.7086203E+00  7.3768589E+00  7.4089831E+00  7.4099190E+00  1.9701068E+02  7.4157090E+00  7.4147365E+00  7.3768589E+00  6.7086203E+00  4.8946717E+00
 5.6607032E+00  7.4630480E+00  8.1288927E+00  8.1611319E+00  8.1620697E+00  2.1988179E+02  8.1679767E+00  8.1669979E+00  8.1288927E+00  7.4630480E+00  5.6607032E+00
 6.4910684E+00  8.2818565E+00  8.9453117E+00  8.9776654E+00  8.9786049E+00  2.4472626E+02  8.9846309E+00  8.9836454E+00  8.9453117E+00  8.2818565E+00  6.4910684E+00
 7.3882771E+00  9.1675564E+00  9.8286268E+00  9.8610942E+00  9.8620354E+00  2.7161828E+02  9.8681820E+00  9.8671899E+00  9.8286268E+00  9.1675564E+00  7.3882771E+00
 8.3571227E+00  1.0124942E+01  1.0783632E+01  1.0816212E+01  1.0817155E+01  3.0067795E+02  1.0823424E+01  1.0822425E+01  1.0783632E+01  1.0124942E+01  8.3571227E+00
 9.4017537E+00  1.1158161E+01  1.1814476E+01  1.1847169E+01  1.1848114E+01  3.3200948E+02  1.1854507E+01  1.1853501E+01  1.1814476E+01  1.1158161E+01  9.4017537E+00
 1.0526456E+01  1.2271501E+01  1.2925445E+01  1.2958250E+01  1.2959195E+01  3.6571670E+02  1.2965715E+01  1.2964702E+01  1.2925445E+01  1.2271501E+01  1.0526456E+01
 1.1735647E+01  1.3469379E+01  1.4120958E+01  1.4153873E+01  1.4154821E+01  4.0190266E+02  1.4161468E+01  1.4160448E+01  1.4120958E+01  1.3469379E+01  1.1735647E+01
 1.3033874E+01  1.4756343E+01  1.5405562E+01  1.5438587E+01  1.5439535E+01  4.4066927E+02  1.5446312E+01  1.5445285E+01  1.5405562E+01  1.4756343E+01  1.3033874E+01
 1.4425806E+01  1.6137061E+01  1.6783924E+01  1.6817058E+01  1.6818008E+01  4.8211692E+02  1.6824916E+01  1.6823882E+01  1.6783924E+01  1.6137061E+01  1.4425806E+01
 1.5916226E+01  1.7616319E+01  1.8260830E+01  1.8294073E+01  1.8295024E+01  5.2634409E+02  1.8302066E+01  1.8301024E+01  1.8260830E+01  1.7616319E+01  1.5916226E+01
 1.7512641E+01  1.9201620E+01  1.9843786E+01  1.9877136E+01  1.9878088E+01  5.7347345E+02  1.9885266E+01  1.9884216E+01  1.9843786E+01  1.9201620E+01  1.7512641E+01
 1.9215058E+01  2.0892975E+01  2.1532800E+01  2.1566257E+01  2.1567210E+01  6.2355348E+02  2.1574524E+01  2.1573468E+01  2.1532800E+01  2.0892975E+01  1.9215058E+01
 2.1031115E+01  2.2698020E+01  2.3335509E+01  2.3369072E+01  2.3370025E+01  6.7669881E+02  2.3377480E+01  2.3376415E+01  2.3335509E+01  2.2698020E+01  2.1031115E+01
 2.2966006E+01  2.4621949E+01  2.5257107E+01  2.5290775E+01  2.5291730E+01  7.3299836E+02  2.5299325E+01  2.5298253E+01  2.5257107E+01  2.4621949E+01  2.2966006E+01
 2.5025360E+01  2.6670394E+01  2.7303226E+01  2.7336998E+01  2.7337953E+01  7.9253765E+02  2.7345692E+01  2.7344611E+01  2.7303226E+01  2.6670394E+01  2.5025360E+01
 2.7214213E+01  2.8848388E+01  2.9478899E+01  2.9512773E+01  2.9513730E+01  8.5539672E+02  2.9521614E+01  2.9520526E+01  2.9478899E+01  2.8848388E+01  2.7214213E+01
 2.9537894E+01  3.1161261E+01  3.1789456E+01  3.1823433E+01  3.1824390E+01  9.2165270E+02  3.1832422E+01  3.1831325E+01  3.1789456E+01  3.1161261E+01  2.9537894E+01
 3.2001812E+01  3.3614424E+01  3.4240308E+01  3.4274387E+01  3.4275343E+01  9.9137839E+02  3.4283526E+01  3.4282420E+01  3.4240308E+01  3.3614424E+01  3.2001812E+01
 3.4611400E+01  3.6213309E+01  3.6836888E+01  3.6871066E+01  3.6872024E+01  1.0646418E+03  3.6880358E+01  3.6879244E+01  3.6836888E+01  3.6213309E+01  3.4611400E+01
 3.7375971E+01  3.8967231E+01  3.9588511E+01  3.9622788E+01  3.9623746E+01  1.1414843E+03  3.9632234E+01  3.9631111E+01  3.9588511E+01  3.8967231E+01  3.7375971E+01
 4.0292490E+01  4.1873155E+01  4.2492140E+01  4.2526515E+01  4.2527473E+01  1.2220117E+03  4.2536118E+01  4.2534987E+01  4.2492140E+01  4.1873155E+01  4.0292490E+01
 4.3372222E+01  4.4942347E+01  4.5559044E+01  4.5593516E+01  4.5594474E+01  1.3062464E+03  4.5603278E+01  4.5602137E+01  4.5559044E+01  4.4942347E+01  4.3372222E+01
 4.0166962E-10  1.7715319E+00  2.4331078E+00  2.4657679E+00  2.4667281E+00  5.0030459E+01  2.4723410E+00  2.4713679E+00  2.4331078E+00  1.7715319E+00  4.0167431E-10
 2.7917423E-01  2.0395121E+00  2.6987492E+00  2.7315214E+00  2.7324835E+00  5.7834675E+01  2.7382132E+00  2.7372340E+00  2.6987492E+00  2.0395121E+00  2.7917423E-01
 5.8732143E-01  2.3364981E+00  2.9933985E+00  3.0262824E+00  3.0272463E+00  6.6512647E+01  3.0330945E+00  3.0321092E+00  2.9933985E+00  2.3364981E+00  5.8732143E-01
 9.2645258E-01  2.6645026E+00  3.3190689E+00  3.3520640E+00  3.3530295E+00  7.6132933E+01  3.3589981E+00  3.3580065E+00  3.3190689E+00  2.6645026E+00  9.2645258E-01
 1.2986815E+00  3.0256413E+00  3.6778761E+00  3.7109819E+00  3.7119491E+00  8.6766202E+01  3.7180397E+00  3.7170418E+00  3.6778761E+00  3.0256413E+00  1.2986815E+00
 1.7062275E+00  3.4221350E+00  4.0720414E+00  4.1052573E+00  4.1062259E+00  9.8485031E+01  4.1124406E+00  4.1114362E+00  4.0720414E+00  3.4221350E+00  1.7062275E+00
 2.1514184E+00  3.8563130E+00  4.5038941E+00  4.5372195E+00  4.5381896E+00  1.1136369E+02  4.5445299E+00  4.5435191E+00  4.5038941E+00  3.8563130E+00  2.1514184E+00
 2.6366932E+00  4.3306154E+00  4.9758747E+00  5.0093089E+00  5.0102804E+00  1.2547792E+02  5.0167482E+00  5.0157308E+00  4.9758747E+00  4.3306154E+00  2.6366932E+00
 3.1646047E+00  4.8475960E+00  5.4905371E+00  5.5240794E+00  5.5250523E+00  1.4090470E+02  5.5316494E+00  5.5306253E+00  5.4905371E+00  4.8475960E+00  3.1646047E+00
 3.7378218E+00  5.4099250E+00  6.0505516E+00  6.0842013E+00  6.0851755E+00  1.5772200E+02  6.0919038E+00  6.0908729E+00  6.0505516E+00  5.4099250E+00  3.7378218E+00
 4.3591327E+00  6.0203912E+00  6.6587072E+00  6.6924637E+00  6.6934389E+00  1.7600852E+02  6.7003004E+00  6.6992625E+00  6.6587072E+00  6.0203912E+00  4.3591327E+00
 5.0314466E+00  6.6819047E+00  7.3179141E+00  7.3517764E+00  7.3527528E+00  1.9584347E+02  7.3597493E+00  7.3587043E+00  7.3179141E+00  6.6819047E+00  5.0314466E+00
 5.7581128E+00  7.3978150E+00  8.0315217E+00  8.0654892E+00  8.0664665E+00  2.1731522E+02  8.0735999E+00  8.0725479E+00  8.0315217E+00  7.3978150E+00  5.7581128E+00
 6.5411295E+00  8.1701209E+00  8.8015292E+00  8.8356009E+00  8.8365792E+00  2.4048216E+02  8.8438515E+00  8.8427922E+00  8.8015292E+00  8.1701209E+00  6.5411295E+00
 7.3843263E+00  9.0026528E+00  9.6317667E+00  9.6659419E+00  9.6669211E+00  2.6543410E+02  9.6743342E+00  9.6732675E+00  9.6317668E+00  9.0026528E+00  7.3843263E+00
 8.2909936E+00  9.8987013E+00  1.0525525E+01  1.0559803E+01  1.0560783E+01  2.9224902E+02  1.0568339E+01  1.0567265E+01  1.0525525E+01  9.8987013E+00  8.2909936E+00
 9.2645158E+00  1.0861651E+01  1.1486189E+01  1.1520569E+01  1.1521549E+01  3.2100389E+02  1.1529249E+01  1.1528168E+01  1.1486189E+01  1.0861651E+01  9.2645158E+00
 1.0308366E+01  1.1894976E+01  1.2517232E+01  1.2551713E+01  1.2552694E+01  3.5177441E+02  1.2560541E+01  1.2559452E+01  1.2517232E+01  1.1894976E+01  1.0308366E+01
 1.1426103E+01  1.3002234E+01  1.3622213E+01  1.3656793E+01  1.3657775E+01  3.8463468E+02  1.3665771E+01  1.3664674E+01  1.3622213E+01  1.3002234E+01  1.1426103E+01
 1.2621363E+01  1.4187062E+01  1.4804768E+01  1.4839447E+01  1.4840429E+01  4.1965692E+02  1.4848577E+01  1.4847471E+01  1.4804768E+01  1.4187062E+01  1.2621363E+01
 1.3897853E+01  1.5453168E+01  1.6068606E+01  1.6103383E+01  1.6104365E+01  4.5691116E+02  1.6112666E+01  1.6111552E+01  1.6068606E+01  1.5453168E+01  1.3897853E+01
 1.5261307E+01  1.6806284E+01  1.7419458E+01  1.7454331E+01  1.7455314E+01  4.9647766E+02  1.7463770E+01  1.7462648E+01  1.7419458E+01  1.6806284E+01  1.5261307E+01
 1.6711800E+01  1.8246487E+01  1.8857401E+01  1.8892370E+01  1.8893353E+01  5.3840005E+02  1.8901967E+01  1.8900837E+01  1.8857401E+01  1.8246487E+01  1.6711800E+01
 1.8255149E+01  1.9779594E+01  2.0388253E+01  2.0423317E+01  2.0424300E+01  5.8275228E+02  2.0433074E+01  2.0431934E+01  2.0388253E+01  1.9779594E+01  1.8255149E+01
 1.9895299E+01  2.1409550E+01  2.2015958E+01  2.2051116E+01  2.2052098E+01  6.2959417E+02  2.2061034E+01  2.2059886E+01  2.2015958E+01  2.1409550E+01  1.9895299E+01
 2.1636480E+01  2.3140586E+01  2.3744746E+01  2.3779998E+01  2.3780979E+01  6.7898067E+02  2.3790080E+01  2.3788923E+01  2.3744746E+01  2.3140586E+01  2.1636480E+01
 2.3482475E+01  2.4976483E+01  2.5578402E+01  2.5613745E+01  2.5614726E+01  7.3096428E+02  2.5623993E+01  2.5622828E+01  2.5578402E+01  2.4976483E+01  2.3482475E+01
 2.5437261E+01  2.6921220E+01  2.7520901E+01  2.7556334E+01  2.7557315E+01  7.8559386E+02  2.7566752E+01  2.7565576E+01  2.7520901E+01  2.6921220E+01  2.5437261E+01
 2.7504847E+01  2.8978807E+01  2.9576255E+01  2.9611778E+01  2.9612758E+01  8.4291419E+02  2.9622366E+01  2.9621182E+01  2.9576255E+01  2.8978807E+01  2.7504847E+01
 2.9689235E+01  3.1153244E+01  3.1748465E+01  3.1784076E+01  3.1785055E+01  9.0296581E+02  3.1794837E+01  3.1793642E+01  3.1748465E+01  3.1153244E+01  2.9689235E+01
 3.1996940E+01  3.3451049E+01  3.4044047E+01  3.4079745E+01  3.4080724E+01  9.6574854E+02  3.4090681E+01  3.4089478E+01  3.4044047E+01  3.3451049E+01  3.1996940E+01
 3.4426301E+01  3.5870561E+01  3.6461341E+01  3.6497125E+01  3.6498103E+01  1.0313713E+03  3.6508240E+01  3.6507026E+01  3.6461341E+01  3.5870561E+01  3.4426301E+01
 3.6985136E+01  3.8419599E+01  3.9008167E+01  3.9044035E+01  3.9045012E+01  1.0998117E+03  3.9055329E+01  3.9054105E+01  3.9008167E+01  3.8419599E+01  3.6985136E+01
 3.6401079E-10  1.6215152E+00  2.2537033E+00  2.2880165E+00  2.2890199E+00  4.6182479E+01  2.2956951E+00  2.2946585E+00  2.2537033E+00  1.6215152E+00  3.6401151E-10
 2.5251407E-01  1.8636154E+00  2.4935509E+00  2.5279674E+00  2.5289716E+00  5.3177159E+01  2.5357816E+00  2.5347385E+00  2.4935509E+00  1.8636154E+00  2.5251407E-01
 5.3020519E-01  2.1309237E+00  2.7586077E+00  2.7931268E+00  2.7941318E+00  6.0925608E+01  2.8010785E+00  2.8000289E+00  2.7586077E+00  2.1309237E+00  5.3020519E-01
 8.3473081E-01  2.4250994E+00  3.0505332E+00  3.0851542E+00  3.0861601E+00  6.9483335E+01  3.0932452E+00  3.0921892E+00  3.0505332E+00  2.4250994E+00  8.3473081E-01
 1.1678271E+00  2.7478801E+00  3.3710654E+00  3.4057878E+00  3.4067942E+00  7.8907151E+01  3.4140200E+00  3.4129571E+00  3.3710654E+00  2.7478801E+00  1.1678271E+00
 1.5313104E+00  3.1010837E+00  3.7220225E+00  3.7568453E+00  3.7578523E+00  8.9254980E+01  3.7652206E+00  3.7641510E+00  3.7220225E+00  3.1010837E+00  1.5313104E+00
 1.9270788E+00  3.4866096E+00  4.1053039E+00  4.1402264E+00  4.1412339E+00  1.0058566E+02  4.1487467E+00  4.1476702E+00  4.1053039E+00  3.4866096E+00  1.9270788E+00
 2.3571134E+00  3.9064399E+00  4.5228921E+00  4.5579134E+00  4.5589214E+00  1.1295873E+02  4.5665808E+00  4.5654972E+00  4.5228921E+00  3.9064399E+00  2.3571134E+00
 2.8234796E+00  4.3626412E+00  4.9768538E+00  5.0119731E+00  5.0129814E+00  1.2643423E+02  5.0207894E+00  5.0196986E+00  4.9768538E+00  4.3626412E+00  2.8234796E+00
 3.3283285E+00  4.8573654E+00  5.4693410E+00  5.5045575E+00  5.5055660E+00  1.4107248E+02  5.5135247E+00  5.5124265E+00  5.4693410E+00  4.8573654E+00  3.3283285E+00
 3.8738974E+00  5.3928507E+00  6.0025922E+00  6.0379049E+00  6.0389136E+00  1.5693385E+02  6.0470251E+00  6.0459193E+00  6.0025922E+00  5.3928507E+00  3.8738974E+00
 4.4625114E+00  5.9714228E+00  6.5789332E+00  6.6143412E+00  6.6153499E+00  1.7407859E+02  6.6236163E+00  6.6225029E+00  6.5789332E+00  5.9714228E+00  4.4625114E+00
 5.0968312E+00  6.5957427E+00  7.2010249E+00  7.2365272E+00  7.2375360E+00  1.9257238E+02  7.2459594E+00  7.2448382E+00  7.2010249E+00  6.5957427E+00  5.0968312E+00
 5.7784395E+00  7.2673937E+00  7.8704509E+00  7.9060465E+00  7.9070551E+00  2.1246070E+02  7.9156378E+00  7.9145086E+00  7.8704509E+00  7.2673937E+00  5.7784395E+00
 6.5103623E+00  7.9894025E+00  8.5902379E+00  8.6259258E+00  8.6269342E+00  2.3380915E+02  8.6356782E+00  8.6345410E+00  8.5902379E+00  7.9894025E+00  6.5103623E+00
 7.2951830E+00  8.7643525E+00  9.3629695E+00  9.3987486E+00  9.3997566E+00  2.5667479E+02  9.4086643E+00  9.4075188E+00  9.3629695E+00  8.7643525E+00  7.2951830E+00
 8.1355457E+00  9.5948884E+00  1.0191290E+01  1.0227159E+01  1.0228167E+01  2.8111339E+02  1.0237241E+01  1.0236087E+01  1.0191290E+01  9.5948884E+00  8.1355457E+00
 9.0341515E+00  1.0483711E+01  1.1077902E+01  1.1113860E+01  1.1114867E+01  3.0717914E+02  1.1124109E+01  1.1122946E+01  1.1077902E+01  1.0483711E+01  9.0341515E+00
 9.9937528E+00  1.1433574E+01  1.2025556E+01  1.2061603E+01  1.2062609E+01  3.3492441E+02  1.2072021E+01  1.2070850E+01  1.2025556E+01  1.1433574E+01  9.9937528E+00
 1.1017148E+01  1.2447275E+01  1.3037053E+01  1.3073186E+01  1.3074192E+01  3.6439959E+02  1.3083776E+01  1.3082596E+01  1.3037053E+01  1.2447275E+01  1.1017148E+01
 1.2107177E+01  1.3527655E+01  1.4115231E+01  1.4151450E+01  1.4152454E+01  3.9565281E+02  1.4162215E+01  1.4161025E+01  1.4115231E+01  1.3527655E+01  1.2107177E+01
 1.3268141E+01  1.4679013E+01  1.5264392E+01  1.5300696E+01  1.5301699E+01  4.2873266E+02  1.5311637E+01  1.5310439E+01  1.5264392E+01  1.4679013E+01  1.3268141E+01
 1.4500182E+01  1.5901494E+01  1.6484679E+01  1.6521066E+01  1.6522068E+01  4.6367798E+02  1.6532187E+01  1.6530978E+01  1.6484679E+01  1.5901494E+01  1.4500182E+01
 1.5807656E+01  1.7199452E+01  1.7780447E+01  1.7816916E+01  1.7817918E+01  5.0053251E+02  1.7828218E+01  1.7827001E+01  1.7780447E+01  1.7199452E+01  1.5807656E+01
 1.7193514E+01  1.8575840E+01  1.9154649E+01  1.9191199E+01  1.9192200E+01  5.3933435E+02  1.9202684E+01  1.9201457E+01  1.9154649E+01  1.8575840E+01  1.7193514E+01
 1.8660881E+01  2.0033782E+01  2.0610409E+01  2.0647038E+01  2.0648037E+01  5.8011605E+02  2.0658710E+01  2.0657473E+01  2.0610409E+01  2.0033782E+01  1.8660881E+01
 2.0212554E+01  2.1576076E+01  2.2150525E+01  2.2187232E+01  2.2188230E+01  6.2290983E+02  2.2199093E+01  2.2197845E+01  2.2150525E+01  2.1576076E+01  2.0212554E+01
 2.1851451E+01  2.3205639E+01  2.3777914E+01  2.3814699E+01  2.3815694E+01  6.6774403E+02  2.3826750E+01  2.3825492E+01  2.3777914E+01  2.3205639E+01  2.1851451E+01
 2.3580489E+01  2.4925390E+01  2.5495495E+01  2.5532355E+01  2.5533349E+01  7.1464333E+02  2.5544601E+01  2.5543331E+01  2.5495495E+01  2.4925390E+01  2.3580489E+01
 2.5402558E+01  2.6738219E+01  2.7306159E+01  2.7343093E+01  2.7344085E+01  7.6362873E+02  2.7355535E+01  2.7354255E+01  2.7306159E+01  2.6738219E+01  2.5402558E+01
 2.7322038E+01  2.8648506E+01  2.9214285E+01  2.9251293E+01  2.9252282E+01  8.1467340E+02  2.9263933E+01  2.9262642E+01  2.9214285E+01  2.8648506E+01  2.7322038E+01
 2.9338290E+01  3.0655612E+01  3.1219235E+01  3.1256314E+01  3.1257302E+01  8.6788350E+02  3.1269157E+01  3.1267853E+01  3.1219235E+01  3.0655612E+01  2.9338290E+01
 3.1456506E+01  3.2764732E+01  3.3326203E+01  3.3363353E+01  3.3364339E+01  9.2320901E+02  3.3376399E+01  3.3375085E+01  3.3326203E+01  3.2764732E+01  3.1456506E+01
 3.2920848E-10  1.4817469E+00  2.0861461E+00  2.1220147E+00  2.1230469E+00  4.2563234E+01  2.1309659E+00  2.1298726E+00  2.0861461E+00  1.4817469E+00  3.2920638E-10
 2.2792059E-01  1.6999901E+00  2.3021845E+00  2.3381484E+00  2.3391803E+00  4.8815784E+01  2.3472536E+00  2.3461536E+00  2.3021845E+00  1.6999901E+00  2.2792059E-01
 4.7763110E-01  1.9400526E+00  2.5400420E+00  2.5761004E+00  2.5771319E+00  5.5715368E+01  2.5853619E+00  2.5842549E+00  2.5400420E+00  1.9400526E+00  4.7763110E-01
 7.5048680E-01  2.2032914E+00  2.8010761E+00  2.8372280E+00  2.8382592E+00  6.3306404E+01  2.8466478E+00  2.8455338E+00  2.8010761E+00  2.2032914E+00  7.5048680E-01
 1.0479020E+00  2.4911223E+00  3.0867028E+00  3.1229474E+00  3.1239781E+00  7.1633996E+01  3.1325277E+00  3.1314063E+00  3.0867028E+00  2.4911223E+00  1.0479020E+00
 1.3713509E+00  2.8050206E+00  3.3983980E+00  3.4347342E+00  3.4357645E+00  8.0743764E+01  3.4444772E+00  3.4433483E+00  3.3983980E+00  2.8050206E+00  1.3713509E+00
 1.7223675E+00  3.1465218E+00  3.7376975E+00  3.7741243E+00  3.7751540E+00  9.0681662E+01  3.7840321E+00  3.7828955E+00  3.7376975E+00  3.1465218E+00  1.7223675E+00
 2.1025468E+00  3.5172219E+00  4.1061974E+00  4.1427138E+00  4.1437429E+00  1.0149380E+02  4.1527886E+00  4.1516442E+00  4.1061974E+00  3.5172219E+00  2.1025468E+00
 2.5135448E+00  3.9187776E+00  4.5055550E+00  4.5421599E+00  4.5431882E+00  1.1322626E+02  4.5524038E+00  4.5512512E+00  4.5055550E+00  3.9187776E+00  2.5135448E+00
 2.9570782E+00  4.3529068E+00  4.9374882E+00  4.9741804E+00  4.9752078E+00  1.2592490E+02  4.9845957E+00  4.9834349E+00  4.9374882E+00  4.3529068E+00  2.9570782E+00
 3.4349251E+00  4.8213881E+00  5.4037761E+00  5.4405544E+00  5.4415810E+00  1.3963519E+02  5.4511432E+00  5.4499741E+00  5.4037761E+00  4.8213881E+00  3.4349251E+00
 3.9489245E+00  5.3260613E+00  5.9062585E+00  5.9431217E+00  5.9441473E+00  1.5440202E+02  5.9538865E+00  5.9527086E+00  5.9062585E+00  5.3260613E+00  3.9489245E+00
 4.5011651E+00  5.8690154E+00  6.4470246E+00  6.4839714E+00  6.4849960E+00  1.7027301E+02  6.4949144E+00  6.4937276E+00  6.4470246E+00  5.8690154E+00  4.5011651E+00
 5.0928926E+00  6.4514965E+00  7.0273208E+00  7.0643499E+00  7.0653732E+00  1.8728311E+02  7.0754734E+00  7.0742775E+00  7.0273208E+00  6.4514965E+00  5.0928926E+00
 5.7264686E+00  7.0758667E+00  7.6495093E+00  7.6866194E+00  7.6876415E+00  2.0547878E+02  7.6979257E+00  7.6967206E+00  7.6495093E+00  7.0758667E+00  5.7264686E+00
 6.4038972E+00  7.7441304E+00  8.3155947E+00  8.3527845E+00  8.3538053E+00  2.2490068E+02  8.3642760E+00  8.3630615E+00  8.3155947E+00  7.7441304E+00  6.4038972E+00
 7.1272193E+00  8.4583289E+00  9.0276183E+00  9.0648864E+00  9.0659057E+00  2.4558796E+02  9.0765656E+00  9.0753412E+00  9.0276183E+00  8.4583289E+00  7.1272193E+00
 7.8985083E+00  9.2205357E+00  9.7876540E+00  9.8249989E+00  9.8260167E+00  2.6757813E+02  9.8368681E+00  9.8356338E+00  9.7876540E+00  9.2205357E+00  7.8985083E+00
 8.7198653E+00  1.0032852E+01  1.0597803E+01  1.0635223E+01  1.0636240E+01  2.9090685E+02  1.0647285E+01  1.0646041E+01  1.0597803E+01  1.0032852E+01  8.7198653E+00
 9.5934148E+00  1.0897403E+01  1.1460190E+01  1.1497684E+01  1.1498699E+01  3.1560781E+02  1.1509941E+01  1.1508687E+01  1.1460190E+01  1.0897403E+01  9.5934148E+00
 1.0521299E+01  1.1816330E+01  1.2376958E+01  1.2414525E+01  1.2415537E+01  3.4171255E+02  1.2426979E+01  1.2425714E+01  1.2376958E+01  1.1816330E+01  1.0521299E+01
 1.1506678E+01  1.2792794E+01  1.3351266E+01  1.3388904E+01  1.3389915E+01  3.6924657E+02  1.3401559E+01  1.3400283E+01  1.3351266E+01  1.2792794E+01  1.1506678E+01
 1.2549751E+01  1.3826995E+01  1.4383316E+01  1.4421024E+01  1.4422032E+01  3.9824400E+02  1.4433881E+01  1.4432594E+01  1.4383316E+01  1.3826995E+01  1.2549751E+01
 1.3653712E+01  1.4922126E+01  1.5476300E+01  1.5514075E+01  1.5515082E+01  4.2872677E+02  1.5527139E+01  1.5525839E+01  1.5476300E+01  1.4922126E+01  1.3653712E+01
 1.4820732E+01  1.6080358E+01  1.6632389E+01  1.6670231E+01  1.6671234E+01  4.6071706E+02  1.6683502E+01  1.6682191E+01  1.6632389E+01  1.6080358E+01  1.4820732E+01
 1.6053069E+01  1.7303949E+01  1.7853843E+01  1.7891749E+01  1.7892751E+01  4.9423141E+02  1.7905231E+01  1.7903909E+01  1.7853843E+01  1.7303949E+01  1.6053069E+01
 1.7352753E+01  1.8594932E+01  1.9142691E+01  1.9180662E+01  1.9181660E+01  5.2928747E+02  1.9194357E+01  1.9193022E+01  1.9142692E+01  1.8594932E+01  1.7352753E+01
 1.8721880E+01  1.9955399E+01  2.0501031E+01  2.0539062E+01  2.0540059E+01  5.6589908E+02  2.0552974E+01  2.0551626E+01  2.0501031E+01  1.9955399E+01  1.8721880E+01
 2.0162525E+01  2.1387429E+01  2.1930937E+01  2.1969028E+01  2.1970022E+01  6.0407685E+02  2.1983159E+01  2.1981800E+01  2.1930937E+01  2.1387429E+01  2.0162525E+01
 2.1676726E+01  2.2893058E+01  2.3434448E+01  2.3472598E+01  2.3473588E+01  6.4382841E+02  2.3486951E+01  2.3485578E+01  2.3434448E+01  2.2893058E+01  2.1676726E+01
 2.3267259E+01  2.4475064E+01  2.5014340E+01  2.5052548E+01  2.5053534E+01  6.8511130E+02  2.5067125E+01  2.5065739E+01  2.5014340E+01  2.4475064E+01  2.3267259E+01
 2.4934216E+01  2.6133538E+01  2.6670707E+01  2.6708970E+01  2.6709953E+01  7.2802497E+02  2.6723775E+01  2.6722376E+01  2.6670707E+01  2.6133538E+01  2.4934216E+01
 2.6680830E+01  2.7871716E+01  2.8406783E+01  2.8445099E+01  2.8446079E+01  7.7250435E+02  2.8460135E+01  2.8458722E+01  2.8406783E+01  2.7871716E+01  2.6680830E+01
 2.9706868E-10  1.3516689E+00  1.9287596E+00  1.9662112E+00  1.9672463E+00  3.9162752E+01  1.9766118E+00  1.9754776E+00  1.9287596E+00  1.3516689E+00  2.9706817E-10
 2.0526809E-01  1.5479544E+00  2.1228484E+00  2.1603871E+00  2.1614218E+00  4.4736229E+01  2.1709636E+00  2.1698207E+00  2.1228484E+00  1.5479544E+00  2.0526809E-01
 4.2931218E-01  1.7630438E+00  2.3357430E+00  2.3733674E+00  2.3744016E+00  5.0862094E+01  2.3841218E+00  2.3829702E+00  2.3357430E+00  1.7630438E+00  4.2931218E-01
 6.7323051E-01  1.9980367E+00  2.5685435E+00  2.6062520E+00  2.6072856E+00  5.7575402E+01  2.6171869E+00  2.6160262E+00  2.5685435E+00  1.9980367E+00  6.7323051E-01
 9.3816460E-01  2.2540760E+00  2.8223932E+00  2.8601843E+00  2.8612173E+00  6.4911436E+01  2.8713020E+00  2.8701319E+00  2.8223932E+00  2.2540760E+00  9.3816460E-01
 1.2252993E+00  2.5323480E+00  3.0984786E+00  3.1363505E+00  3.1373830E+00  7.2905563E+01  3.1476534E+00  3.1464738E+00  3.0984786E+00  2.5323480E+00  1.2252993E+00
 1.5358626E+00  2.8340815E+00  3.3980291E+00  3.4359802E+00  3.4370119E+00  8.1593074E+01  3.4474706E+00  3.4462813E+00  3.3980291E+00  2.8340815E+00  1.5358626E+00
 1.8711255E+00  3.1605487E+00  3.7223169E+00  3.7603456E+00  3.7613764E+00  9.1009029E+01  3.7720259E+00  3.7708266E+00  3.7223169E+00  3.1605487E+00  1.8711255E+00
 2.2324014E+00  3.5130639E+00  4.0726566E+00  4.1107611E+00  4.1117910E+00  1.0118811E+02  4.1226338E+00  4.1214243E+00  4.0726566E+00  3.5130639E+00  2.2324014E+00
 2.6210459E+00  3.8929834E+00  4.4504048E+00  4.4885834E+00  4.4896123E+00  1.1216446E+02  4.5006509E+00  4.4994309E+00  4.4504048E+00  3.8929834E+00  2.6210459E+00
 3.0384559E+00  4.3017048E+00  4.8569594E+00  4.8952103E+00  4.8962381E+00  1.2397152E+02  4.9074750E+00  4.9062445E+00  4.8569594E+00  4.3017048E+00  3.0384559E+00
 3.4860690E+00  4.7406663E+00  5.2937588E+00  5.3320801E+00  5.3331067E+00  1.3664192E+02  5.3445447E+00  5.3433032E+00  5.2937588E+00  4.7406663E+00  3.4860690E+00
 3.9655023E+00  5.2114853E+00  5.7624204E+00  5.8008103E+00  5.8018356E+00  1.5020906E+02  5.8134773E+00  5.8122245E+00  5.7624204E+00  5.2114853E+00  3.9655023E+00
 4.4777291E+00  5.7151356E+00  6.2639182E+00  6.3023749E+00  6.3033988E+00  1.6469934E+02  6.3152467E+00  6.3139826E+00  6.2639182E+00  5.7151356E+00  4.4777291E+00
 5.0245656E+00  6.2534339E+00  6.8000691E+00  6.8385907E+00  6.8396131E+00  1.8014438E+02  6.8516700E+00  6.8503942E+00  6.8000691E+00  6.2534339E+00  5.0245656E+00
 5.6075455E+00  6.8279140E+00  7.3724071E+00  7.4109917E+00  7.4120124E+00  1.9657205E+02  7.4242812E+00  7.4229934E+00  7.3724071E+00  6.8279140E+00  5.6075455E+00
 6.2282213E+00  7.4401287E+00  7.9824851E+00  8.0211308E+00  8.0221496E+00  2.1400875E+02  8.0346330E+00  8.0333331E+00  7.9824851E+00  7.4401287E+00  6.2282213E+00
 6.8881607E+00  8.0916462E+00  8.6318712E+00  8.6705762E+00  8.6715930E+00  2.3247921E+02  8.6842938E+00  8.6829814E+00  8.6318712E+00  8.0916462E+00  6.8881607E+00
 7.5889428E+00  8.7840454E+00  9.3221446E+00  9.3609069E+00  9.3619217E+00  2.5200644E+02  9.3748427E+00  9.3735177E+00  9.3221446E+00  8.7840454E+00  7.5889428E+00
 8.3321534E+00  9.5189125E+00  1.0054891E+01  1.0093709E+01  1.0094722E+01  2.7261162E+02  1.0107866E+01  1.0106527E+01  1.0054891E+01  9.5189125E+00  8.3321534E+00
 9.1193808E+00  1.0297836E+01  1.0831700E+01  1.0870571E+01  1.0871582E+01  2.9431392E+02  1.0884952E+01  1.0883601E+01  1.0831700E+01  1.0297836E+01  9.1193808E+00
 9.9528859E+00  1.1123076E+01  1.1654832E+01  1.1693755E+01  1.1694762E+01  3.1712253E+02  1.1708362E+01  1.1706997E+01  1.1654832E+01  1.1123076E+01  9.9528859E+00
 1.0832913E+01  1.1994878E+01  1.2524531E+01  1.2563504E+01  1.2564508E+01  3.4106708E+02  1.2578340E+01  1.2576962E+01  1.2524531E+01  1.1994878E+01  1.0832913E+01
 1.1761742E+01  1.2915522E+01  1.3443078E+01  1.3482099E+01  1.3483100E+01  3.6615418E+02  1.3497167E+01  1.3495775E+01  1.3443078E+01  1.2915522E+01  1.1761742E+01
 1.2740935E+01  1.3886570E+01  1.4412035E+01  1.4451101E+01  1.4452100E+01  3.9239473E+02  1.4466406E+01  1.4464998E+01  1.4412035E+01  1.3886570E+01  1.2740935E+01
 1.3772083E+01  1.4909612E+01  1.5432992E+01  1.5472102E+01  1.5473098E+01  4.1979415E+02  1.5487645E+01  1.5486223E+01  1.5432992E+01  1.4909612E+01  1.3772083E+01
 1.4856624E+01  1.5986088E+01  1.6507389E+01  1.6546541E+01  1.6547534E+01  4.4835994E+02  1.6562326E+01  1.6560889E+01  1.6507389E+01  1.5986088E+01  1.4856624E+01
 1.5996022E+01  1.7117463E+01  1.7636691E+01  1.7675884E+01  1.7676872E+01  4.7809603E+02  1.7691912E+01  1.7690461E+01  1.7636691E+01  1.7117463E+01  1.5996022E+01
 1.7191714E+01  1.8305171E+01  1.8822333E+01  1.8861564E+01  1.8862548E+01  5.0900365E+02  1.8877840E+01  1.8876372E+01  1.8822333E+01  1.8305171E+01  1.7191714E+01
 1.8445089E+01  1.9550604E+01  2.0065707E+01  2.0104974E+01  2.0105954E+01  5.4108159E+02  2.0121501E+01  2.0120017E+01  2.0065707E+01  1.9550604E+01  1.8445089E+01
 1.9757746E+01  2.0855360E+01  2.1368411E+01  2.1407712E+01  2.1408688E+01  5.7427979E+02  2.1424493E+01  2.1422993E+01  2.1368411E+01  2.0855360E+01  1.9757746E+01
 2.1130277E+01  2.2220033E+01  2.2731037E+01  2.2770371E+01  2.2771342E+01  6.0868856E+02  2.2787410E+01  2.2785893E+01  2.2731037E+01  2.2220033E+01  2.1130277E+01
 2.2564480E+01  2.3646421E+01  2.4155386E+01  2.4194751E+01  2.4195718E+01  6.4423679E+02  2.4212050E+01  2.4210517E+01  2.4155386E+01  2.3646421E+01  2.2564480E+01
 2.6744902E-10  1.2307558E+00  1.7799294E+00  1.8191065E+00  1.8201538E+00  3.5972573E+01  1.8311930E+00  1.8299954E+00  1.7799294E+00  1.2307558E+00  2.6745230E-10
 1.8443679E-01  1.4068641E+00  1.9538861E+00  1.9931293E+00  1.9941768E+00  4.0925887E+01  2.0054156E+00  2.0042064E+00  1.9538861E+00  1.4068641E+00  1.8443679E-01
 3.8497553E-01  1.5991007E+00  2.1439749E+00  2.1832822E+00  2.1843298E+00  4.6347930E+01  2.1957707E+00  2.1945498E+00  2.1439750E+00  1.5991007E+00  3.8497553E-01
 6.0249703E-01  1.8083476E+00  2.3510787E+00  2.3904477E+00  2.3914953E+00  5.2265913E+01  2.4031410E+00  2.4019081E+00  2.3510787E+00  1.8083476E+00  6.0249703E-01
 8.3791290E-01  2.0355178E+00  2.5761106E+00  2.6155392E+00  2.6165864E+00  5.8706955E+01  2.6284398E+00  2.6271947E+00  2.5761106E+00  2.0355178E+00  8.3791290E-01
 1.0921651E+00  2.2815545E+00  2.8200140E+00  2.8594999E+00  2.8605467E+00  6.5697951E+01  2.8726104E+00  2.8713530E+00  2.8200140E+00  2.2815545E+00  1.0921651E+00
 1.3662255E+00  2.5474305E+00  3.0837622E+00  3.1233030E+00  3.1243494E+00  7.3265447E+01  3.1366261E+00  3.1353560E+00  3.0837622E+00  2.5474305E+00  1.3662255E+00
 1.6610950E+00  2.8341475E+00  3.3683572E+00  3.4079507E+00  3.4089963E+00  8.1435511E+01  3.4214888E+00  3.4202060E+00  3.3683572E+00  2.8341475E+00  1.6610950E+00
 1.9778027E+00  3.1427357E+00  3.6748293E+00  3.7144733E+00  3.7155179E+00  9.0233607E+01  3.7282291E+00  3.7269332E+00  3.6748293E+00  3.1427357E+00  1.9778027E+00
 2.3174055E+00  3.4742526E+00  4.0042361E+00  4.0439283E+00  4.0449717E+00  9.9684474E+01  4.0579044E+00  4.0565952E+00  4.0042361E+00  3.4742526E+00  2.3174055E+00
 2.6809864E+00  3.8297817E+00  4.3576616E+00  4.3973995E+00  4.3984417E+00  1.0981200E+02  4.4115987E+00  4.4102761E+00  4.3576616E+00  3.8297817E+00  2.6809864E+00
 3.0696536E+00  4.2104320E+00  4.7362148E+00  4.7759962E+00  4.7770368E+00  1.2063912E+02  4.7904211E+00  4.7890848E+00  4.7362148E+00  4.2104320E+00  3.0696536E+00
 3.4846389E+00  4.6174354E+00  5.1411276E+00  5.1809502E+00  5.1819892E+00  1.3218821E+02  5.1956036E+00  5.1942534E+00  5.1411276E+00  4.6174354E+00  3.4846389E+00
 3.9266962E+00  5.0515464E+00  5.5731547E+00  5.6130162E+00  5.6140532E+00  1.4447881E+02  5.6279008E+00  5.6265366E+00  5.5731547E+00  5.0515464E+00  3.9266962E+00
 4.3971985E+00  5.5141383E+00  6.0336695E+00  6.0735676E+00  6.0746024E+00  1.5753118E+02  6.0886863E+00  6.0873077E+00  6.0336695E+00  5.5141383E+00  4.3971985E+00
 4.8973000E+00  6.0063656E+00  6.5238265E+00  6.5637589E+00  6.5647914E+00  1.7136345E+02  6.5791146E+00  6.5777214E+00  6.5238265E+00  6.0063656E+00  4.8973000E+00
 5.4281616E+00  6.5293893E+00  7.0447870E+00  7.0847515E+00  7.0857813E+00  1.8599233E+02  7.1003470E+00  7.0989389E+00  7.0447870E+00  6.5293893E+00  5.4281616E+00
 5.9909474E+00  7.0843740E+00  7.5977153E+00  7.6377096E+00  7.6387366E+00  2.0143300E+02  7.6535480E+00  7.6521247E+00  7.5977153E+00  7.0843740E+00  5.9909474E+00
 6.5868214E+00  7.6724835E+00  8.1837755E+00  8.2237975E+00  8.2248214E+00  2.1769909E+02  8.2398816E+00  8.2384430E+00  8.1837755E+00  7.6724835E+00  6.5868214E+00
 7.2169438E+00  8.2948784E+00  8.8041281E+00  8.8441754E+00  8.8451961E+00  2.3480254E+02  8.8605085E+00  8.8590541E+00  8.8041281E+00  8.2948784E+00  7.2169438E+00
 7.8824671E+00  8.9527112E+00  9.4599256E+00  9.4999962E+00  9.5010133E+00  2.5275361E+02  9.5165812E+00  9.5151110E+00  9.4599256E+00  8.9527112E+00  7.8824671E+00
 8.5849535E+00  9.6475442E+00  1.0152730E+01  1.0192822E+01  1.0193835E+01  2.7155036E+02  1.0209662E+01  1.0208176E+01  1.0152730E+01  9.6475442E+00  8.5849535E+00
 9.3246771E+00  1.0379652E+01  1.0882817E+01  1.0922928E+01  1.0923937E+01  2.9121823E+02  1.0940026E+01  1.0938522E+01  1.0882817E+01  1.0379652E+01  9.3246771E+00
 1.0103212E+01  1.1150607E+01  1.1651759E+01  1.1691886E+01  1.1692891E+01  3.1175357E+02  1.1709246E+01  1.1707726E+01  1.1651759E+01  1.1150607E+01  1.0103212E+01
 1.0921649E+01  1.1961504E+01  1.2460648E+01  1.2500790E+01  1.2501790E+01  3.3315950E+02  1.2518415E+01  1.2516878E+01  1.2460648E+01  1.1961504E+01  1.0921649E+01
 1.1781071E+01  1.2813422E+01  1.3310566E+01  1.3350721E+01  1.3351717E+01  3.5543412E+02  1.3368614E+01  1.3367060E+01  1.3310566E+01  1.2813422E+01  1.1781071E+01
 1.2682467E+01  1.3707352E+01  1.4202503E+01  1.4242670E+01  1.4243660E+01  3.7857812E+02  1.4260834E+01  1.4259261E+01  1.4202503E+01  1.3707352E+01  1.2682467E+01
 1.3626825E+01  1.4644282E+01  1.5137448E+01  1.5177623E+01  1.5178608E+01  4.0258900E+02  1.5196062E+01  1.5194472E+01  1.5137448E+01  1.4644282E+01  1.3626825E+01
 1.4615097E+01  1.5625165E+01  1.6116353E+01  1.6156535E+01  1.6157515E+01  4.2746206E+02  1.6175252E+01  1.6173644E+01  1.6116353E+01  1.5625165E+01  1.4615097E+01
 1.5648195E+01  1.6650912E+01  1.7140129E+01  1.7180316E+01  1.7181290E+01  4.5319068E+02  1.7199316E+01  1.7197688E+01  1.7140129E+01  1.6650912E+01  1.5648195E+01
 1.6726871E+01  1.7722277E+01  1.8209530E+01  1.8249721E+01  1.8250688E+01  4.7972277E+02  1.8269006E+01  1.8267359E+01  1.8209530E+01  1.7722277E+01  1.6726871E+01
 1.7852035E+01  1.8840169E+01  1.9325466E+01  1.9365658E+01  1.9366620E+01  5.0713828E+02  1.9385232E+01  1.9383567E+01  1.9325466E+01  1.8840169E+01  1.7852035E+01
 1.9024467E+01  2.0005369E+01  2.0488717E+01  2.0528910E+01  2.0529864E+01  5.3536622E+02  2.0548777E+01  2.0547091E+01  2.0488717E+01  2.0005369E+01  1.9024467E+01
 2.4020324E-10  1.1184805E+00  1.6395704E+00  1.6804357E+00  1.6815328E+00  3.2985085E+01  1.6944875E+00  1.6931744E+00  1.6395704E+00  1.1184805E+00  2.4019737E-10
 1.6531056E-01  1.2760774E+00  1.7951172E+00  1.8360090E+00  1.8371050E+00  3.7372959E+01  1.8502846E+00  1.8489584E+00  1.7951172E+00  1.2760774E+00  1.6531056E-01
 3.4435797E-01  1.4474359E+00  1.9644308E+00  2.0053466E+00  2.0064413E+00  4.2155897E+01  2.0198488E+00  2.0185092E+00  1.9644308E+00  1.4474359E+00  3.4435797E-01
 5.3784029E-01  1.6332554E+00  2.1482108E+00  2.1891482E+00  2.1902412E+00  4.7354600E+01  2.2038796E+00  2.2025265E+00  2.1482108E+00  1.6332554E+00  5.3784029E-01
 7.4647663E-01  1.8342561E+00  2.3471779E+00  2.3881343E+00  2.3892256E+00  5.2989455E+01  2.4030978E+00  2.4017309E+00  2.3471779E+00  1.8342561E+00  7.4647663E-01
 9.7100640E-01  2.0511786E+00  2.5620727E+00  2.6030457E+00  2.6041349E+00  5.9080434E+01  2.6182440E+00  2.6168633E+00  2.5620727E+00  2.0511786E+00  9.7100640E-01
 1.2121885E+00  2.2847827E+00  2.7936554E+00  2.8346425E+00  2.8357293E+00  6.5646986E+01  2.8500785E+00  2.8486835E+00  2.7936554E+00  2.2847827E+00  1.2121885E+00
 1.4708003E+00  2.5358466E+00  3.0427043E+00  3.0837031E+00  3.0847874E+00  7.2707940E+01  3.0993796E+00  3.0979703E+00  3.0427043E+00  2.5358466E+00  1.4708003E+00
 1.7476368E+00  2.8051662E+00  3.3100154E+00  3.3510235E+00  3.3521050E+00  8.0281403E+01  3.3669434E+00  3.3655195E+00  3.3100154E+00  2.8051662E+00  1.7476368E+00
 2.0435095E+00  3.0935535E+00  3.5964009E+00  3.6374160E+00  3.6384944E+00  8.8384669E+01  3.6535823E+00  3.6521434E+00  3.5964009E+00  3.0935535E+00  2.0435095E+00
 2.3592449E+00  3.4018357E+00  3.9026882E+00  3.9437077E+00  3.9447829E+00  9.7034122E+01  3.9601234E+00  3.9586694E+00  3.9026882E+00  3.4018357E+00  2.3592449E+00
 2.6956835E+00  3.7308538E+00  4.2297182E+00  4.2707401E+00  4.2718117E+00  1.0624515E+02  4.2874081E+00  4.2859388E+00  4.2297183E+00  3.7308538E+00  2.6956835E+00
 3.0537452E+00  4.0815278E+00  4.5784112E+00  4.6194332E+00  4.6205008E+00  1.1603174E+02  4.6363565E+00  4.6348716E+00  4.5784112E+00  4.0815278E+00  3.0537452E+00
 3.4340078E+00  4.4544363E+00  4.9493456E+00  4.9903653E+00  4.9914289E+00  1.2640800E+02  5.0075471E+00  5.0060463E+00  4.9493456E+00  4.4544363E+00  3.4340078E+00
 3.8374876E+00  4.8505955E+00  5.3435379E+00  5.3845532E+00  5.3856123E+00  1.3738567E+02  5.4019967E+00  5.4004796E+00  5.3435379E+00  4.8505955E+00  3.8374876E+00
 4.2650359E+00  5.2708573E+00  5.7618398E+00  5.8028486E+00  5.8039030E+00  1.4897557E+02  5.8205569E+00  5.8190233E+00  5.7618398E+00  5.2708573E+00  4.2650359E+00
 4.7175026E+00  5.7160717E+00  6.2051014E+00  6.2461015E+00  6.2471510E+00  1.6118725E+02  6.2640779E+00  6.2625276E+00  6.2051014E+00  5.7160717E+00  4.7175026E+00
 5.1957328E+00  6.1870840E+00  6.6741680E+00  6.7151574E+00  6.7162017E+00  1.7402891E+02  6.7334052E+00  6.7318379E+00  6.6741680E+00  6.1870840E+00  5.1957328E+00
 5.7005643E+00  6.6847321E+00  7.1698775E+00  7.2108543E+00  7.2118929E+00  1.8750736E+02  7.2293768E+00  7.2277920E+00  7.1698775E+00  6.6847321E+00  5.7005643E+00
 6.2328245E+00  7.2098435E+00  7.6930574E+00  7.7340195E+00  7.7350523E+00  2.0162799E+02  7.7528202E+00  7.7512177E+00  7.6930574E+00  7.2098435E+00  6.2328245E+00
 6.7933272E+00  7.7632322E+00  8.2445216E+00  8.2854671E+00  8.2864939E+00  2.1639473E+02  8.3045495E+00  8.3029290E+00  8.2445216E+00  7.7632322E+00  6.7933272E+00
 7.3831003E+00  8.3459262E+00  8.8252982E+00  8.8662252E+00  8.8672456E+00  2.3179860E+02  8.8855927E+00  8.8839540E+00  8.8252982E+00  8.3459262E+00  7.3831003E+00
 8.0024341E+00  8.9582157E+00  9.4356773E+00  9.4765842E+00  9.4775978E+00  2.4786110E+02  9.4962405E+00  9.4945830E+00  9.4356773E+00  8.9582157E+00  8.0024341E+00
 8.6523637E+00  9.6011361E+00  1.0076694E+01  1.0117579E+01  1.0118586E+01  2.6457221E+02  1.0137528E+01  1.0135851E+01  1.0076694E+01  9.6011361E+00  8.6523637E+00
 9.3336247E+00  1.0275423E+01  1.0749085E+01  1.0789946E+01  1.0790945E+01  2.8192994E+02  1.0810191E+01  1.0808495E+01  1.0749085E+01  1.0275423E+01  9.3336247E+00
 1.0046917E+01  1.0981777E+01  1.1453549E+01  1.1494385E+01  1.1495377E+01  2.9992788E+02  1.1514930E+01  1.1513214E+01  1.1453549E+01  1.0981777E+01  1.0046917E+01
 1.0792894E+01  1.1720850E+01  1.2190740E+01  1.2231549E+01  1.2232533E+01  3.1856244E+02  1.2252397E+01  1.2250661E+01  1.2190740E+01  1.1720850E+01  1.0792894E+01
 1.1572188E+01  1.2493277E+01  1.2961290E+01  1.3002071E+01  1.3003047E+01  3.3782727E+02  1.3023227E+01  1.3021471E+01  1.2961290E+01  1.2493277E+01  1.1572188E+01
 1.2385397E+01  1.3299655E+01  1.3765800E+01  1.3806552E+01  1.3807518E+01  3.5771425E+02  1.3828019E+01  1.3826241E+01  1.3765800E+01  1.3299655E+01  1.2385397E+01
 1.3233080E+01  1.4140543E+01  1.4604826E+01  1.4645546E+01  1.4646505E+01  3.7821385E+02  1.4667329E+01  1.4665531E+01  1.4604826E+01  1.4140543E+01  1.3233080E+01
 1.4115408E+01  1.5016112E+01  1.5478540E+01  1.5519229E+01  1.5520177E+01  3.9927567E+02  1.5541331E+01  1.5539510E+01  1.5478540E+01  1.5016112E+01  1.4115408E+01
 1.5033463E+01  1.5927447E+01  1.6388027E+01  1.6428681E+01  1.6429620E+01  4.2096893E+02  1.6451107E+01  1.6449264E+01  1.6388027E+01  1.5927447E+01  1.5033463E+01
 1.5987330E+01  1.6874630E+01  1.7333369E+01  1.7373989E+01  1.7374918E+01  4.4322675E+02  1.7396743E+01  1.7394878E+01  1.7333369E+01  1.6874630E+01  1.5987330E+01
 2.1515801E-10  1.0143295E+00  1.5084353E+00  1.5505311E+00  1.5516757E+00  3.0190603E+01  1.5668035E+00  1.5653608E+00  1.5084353E+00  1.0143295E+00  2.1516098E-10
 1.4777815E-01  1.1549718E+00  1.6471426E+00  1.6892199E+00  1.6903608E+00  3.4063963E+01  1.7057405E+00  1.7042836E+00  1.6471426E+00  1.1549718E+00  1.4777815E-01
 3.0720844E-01  1.3072896E+00  1.7975309E+00  1.8395873E+00  1.8407243E+00  3.8267786E+01  1.8563593E+00  1.8548879E+00  1.7975309E+00  1.3072896E+00  3.0720844E-01
 4.7883645E-01  1.4718296E+00  1.9601475E+00  2.0021806E+00  2.0033133E+00  4.2817421E+01  2.0192069E+00  2.0177209E+00  1.9601475E+00  1.4718296E+00  4.7883645E-01
 6.6322120E-01  1.6491520E+00  2.1355526E+00  2.1775600E+00  2.1786883E+00  4.7727773E+01  2.1948439E+00  2.1933428E+00  2.1355526E+00  1.6491520E+00  6.6322120E-01
 8.6093434E-01  1.8398294E+00  2.3243191E+00  2.3662985E+00  2.3674220E+00  5.3013213E+01  2.3838431E+00  2.3823268E+00  2.3243191E+00  1.8398294E+00  8.6093434E-01
 1.0725592E+00  2.0444461E+00  2.5270314E+00  2.5689806E+00  2.5700989E+00  5.8687507E+01  2.5867890E+00  2.5852572E+00  2.5270314E+00  2.0444461E+00  1.0725592E+00
 1.2986897E+00  2.2635967E+00  2.7442844E+00  2.7862010E+00  2.7873140E+00  6.4763734E+01  2.8042766E+00  2.8027290E+00  2.7442844E+00  2.2635967E+00  1.2986897E+00
 1.5399293E+00  2.4978854E+00  2.9766825E+00  3.0185643E+00  3.0196715E+00  7.1254210E+01  3.0369103E+00  3.0353465E+00  2.9766825E+00  2.4978854E+00  1.5399293E+00
 1.7968898E+00  2.7479248E+00  3.2248381E+00  3.2666829E+00  3.2677842E+00  7.8170425E+01  3.2853027E+00  3.2837224E+00  3.2248381E+00  2.7479248E+00  1.7968898E+00
 2.0701902E+00  3.0143342E+00  3.4893707E+00  3.5311765E+00  3.5322715E+00  8.5522967E+01  3.5500734E+00  3.5484765E+00  3.4893707E+00  3.0143342E+00  2.0701902E+00
 2.3604551E+00  3.2977388E+00  3.7709057E+00  3.8126703E+00  3.8137587E+00  9.3321470E+01  3.8318478E+00  3.8302337E+00  3.7709057E+00  3.2977388E+00  2.3604551E+00
 2.6683546E+00  3.5988089E+00  4.0701132E+00  4.1118347E+00  4.1129162E+00  1.0157366E+02  4.1312963E+00  4.1296647E+00  4.0701132E+00  3.5988089E+00  2.6683546E+00
 2.9943263E+00  3.9179825E+00  4.3874314E+00  4.4291077E+00  4.4301820E+00  1.1028939E+02  4.4488569E+00  4.4472077E+00  4.3874314E+00  3.9179825E+00  2.9943263E+00
 3.3391024E+00  4.2559922E+00  4.7235927E+00  4.7652220E+00  4.7662888E+00  1.1947419E+02  4.7852624E+00  4.7835950E+00  4.7235927E+00  4.2559922E+00  3.3391024E+00
 3.7032953E+00  4.6134506E+00  5.0792098E+00  5.1207903E+00  5.1218493E+00  1.2913356E+02  5.1411256E+00  5.1394398E+00  5.0792098E+00  4.6134506E+00  3.7032953E+00
 4.0875106E+00  4.9909634E+00  5.4548885E+00  5.4964184E+00  5.4974691E+00  1.3927187E+02  5.5170522E+00  5.5153475E+00  5.4548885E+00  4.9909634E+00  4.0875106E+00
 4.4923444E+00  5.3891270E+00  5.8512248E+00  5.8927023E+00  5.8937447E+00  1.4989235E+02  5.9136386E+00  5.9119147E+00  5.8512248E+00  5.3891270E+00  4.4923444E+00
 4.9183812E+00  5.8085260E+00  6.2688035E+00  6.3102271E+00  6.3112607E+00  1.6099707E+02  6.3314697E+00  6.3297260E+00  6.2688035E+00  5.8085260E+00  4.9183812E+00
 5.3661916E+00  6.2497310E+00  6.7081951E+00  6.7495633E+00  6.7505877E+00  1.7258690E+02  6.7711160E+00  6.7693524E+00  6.7081951E+00  6.2497310E+00  5.3661916E+00
 5.8363298E+00  6.7132966E+00  7.1699540E+00  7.2112653E+00  7.2122802E+00  1.8466151E+02  7.2331322E+00  7.2313480E+00  7.1699540E+00  6.7132966E+00  5.8363298E+00
 6.3294230E+00  7.1998497E+00  7.6547071E+00  7.6959601E+00  7.6969653E+00  1.9720787E+02  7.7181452E+00  7.7163403E+00  7.6547071E+00  7.1998497E+00  6.3294230E+00
 6.8457653E+00  7.7096848E+00  8.1627489E+00  8.2039424E+00  8.2049374E+00  2.1024394E+02  8.2264497E+00  8.2246235E+00  8.1627489E+00  7.7096848E+00  6.8457653E+00
 7.3859893E+00  8.2434344E+00  8.6947117E+00  8.7358444E+00  8.7368289E+00  2.2375613E+02  8.7586783E+00  8.7568303E+00  8.6947117E+00  8.2434344E+00  7.3859893E+00
 7.9505650E+00  8.8015686E+00  9.2510656E+00  9.2921365E+00  9.2931101E+00  2.3773937E+02  9.3153012E+00  9.3134309E+00  9.2510656E+00  8.8015686E+00  7.9505650E+00
 8.5399118E+00  9.3845071E+00  9.8322302E+00  9.8732381E+00  9.8742006E+00  2.5218481E+02  9.8967379E+00  9.8948449E+00  9.8322302E+00  9.3845071E+00  8.5399118E+00
 9.1544340E+00  9.9926543E+00  1.0438610E+01  1.0479554E+01  1.0480505E+01  2.6708641E+02  1.0503393E+01  1.0501477E+01  1.0438610E+01  9.9926543E+00  9.1544340E+00
 9.7945081E+00  1.0626387E+01  1.1070581E+01  1.1111460E+01  1.1112400E+01  2.8243583E+02  1.1135644E+01  1.1133704E+01  1.1070581E+01  1.0626387E+01  9.7945081E+00
 1.0460476E+01  1.1286047E+01  1.1728485E+01  1.1769299E+01  1.1770226E+01  2.9822337E+02  1.1793831E+01  1.1791868E+01  1.1728485E+01  1.1286047E+01  1.0460476E+01
 1.1152643E+01  1.1971940E+01  1.2412630E+01  1.2453378E+01  1.2454292E+01  3.1443828E+02  1.2478263E+01  1.2476274E+01  1.2412630E+01  1.1971940E+01  1.1152643E+01
 1.1870796E+01  1.2683854E+01  1.3122801E+01  1.3163482E+01  1.3164384E+01  3.3103423E+02  1.3188725E+01  1.3186712E+01  1.3122801E+01  1.2683854E+01  1.1870796E+01
 1.2616090E+01  1.3422944E+01  1.3860154E+01  1.3900768E+01  1.3901657E+01  3.4806991E+02  1.3926374E+01  1.3924334E+01  1.3860154E+01  1.3422944E+01  1.2616090E+01
 1.3388156E+01  1.4188840E+01  1.4624319E+01  1.4664867E+01  1.4665741E+01  3.6548498E+02  1.4690839E+01  1.4688773E+01  1.4624319E+01  1.4188840E+01  1.3388156E+01
 1.9219938E-10  9.1782136E-01  1.3859847E+00  1.4289860E+00  1.4301599E+00  2.7579794E+01  1.4477135E+00  1.4461396E+00  1.3859847E+00  9.1782136E-01  1.9219966E-10
 1.3173417E-01  1.0429623E+00  1.5093367E+00  1.5522661E+00  1.5534331E+00  3.0985966E+01  1.5712686E+00  1.5696789E+00  1.5093367E+00  1.0429623E+00  1.3173417E-01
 2.7328969E-01  1.1779466E+00  1.6425375E+00  1.6853922E+00  1.6865521E+00  3.4666197E+01  1.7046733E+00  1.7030676E+00  1.6425375E+00  1.1779466E+00  2.7328969E-01
 4.2508583E-01  1.3231946E+00  1.7860078E+00  1.8287851E+00  1.8299375E+00  3.8631493E+01  1.8483483E+00  1.8467261E+00  1.7860078E+00  1.3231946E+00  4.2508583E-01
 5.8754960E-01  1.4791344E+00  1.9401757E+00  1.9828730E+00  1.9840177E+00  4.2892344E+01  2.0027219E+00  2.0010830E+00  1.9401757E+00  1.4791344E+00  5.8754960E-01
 7.6111487E-01  1.6462007E+00  2.1054762E+00  2.1480910E+00  2.1492275E+00  4.7458664E+01  2.1682291E+00  2.1665731E+00  2.1054762E+00  1.6462007E+00  7.6111487E-01
 9.4622144E-01  1.8248341E+00  2.2823498E+00  2.3248798E+00  2.3260079E+00  5.2339728E+01  2.3453109E+00  2.3436374E+00  2.2823498E+00  1.8248341E+00  9.4622144E-01
 1.1433139E+00  2.0154800E+00  2.4712422E+00  2.5136851E+00  2.5148042E+00  5.7544123E+01  2.5344128E+00  2.5327216E+00  2.4712422E+00  2.0154800E+00  1.1433139E+00
 1.3528407E+00  2.2185875E+00  2.6726023E+00  2.7149559E+00  2.7160660E+00  6.3079689E+01  2.7359842E+00  2.7342746E+00  2.6726023E+00  2.2185875E+00  1.3528407E+00
 1.5752529E+00  2.4346082E+00  2.8868817E+00  2.9291441E+00  2.9302447E+00  6.8953473E+01  2.9504767E+00  2.9487485E+00  2.8868817E+00  2.4346082E+00  1.5752529E+00
 1.8110027E+00  2.6639949E+00  3.1145334E+00  3.1567027E+00  3.1577934E+00  7.5171686E+01  3.1783435E+00  3.1765963E+00  3.1145334E+00  2.6639949E+00  1.8110027E+00
 2.0605428E+00  2.9072007E+00  3.3560103E+00  3.3980848E+00  3.3991652E+00  8.1739658E+01  3.4200377E+00  3.4182711E+00  3.3560103E+00  2.9072007E+00  2.0605428E+00
 2.3243460E+00  3.1646985E+00  3.6117853E+00  3.6537634E+00  3.6548332E+00  8.8660596E+01  3.6760324E+00  3.6742460E+00  3.6117853E+00  3.1646985E+00  2.3243460E+00
 2.6027384E+00  3.4368149E+00  3.8821849E+00  3.9240651E+00  3.9251240E+00  9.5941051E+01  3.9466544E+00  3.9448477E+00  3.8821849E+00  3.4368149E+00  2.6027384E+00
 2.8962295E+00  3.7240597E+00  4.1677189E+00  4.2094999E+00  4.2105475E+00  1.0358220E+02  4.2324136E+00  4.2305861E+00  4.1677189E+00  3.7240597E+00  2.8962295E+00
 3.2052455E+00  4.0268592E+00  4.4688135E+00  4.5104941E+00  4.5115300E+00  1.1158576E+02  4.5337364E+00  4.5318877E+00  4.4688135E+00  4.0268592E+00  3.2052455E+00
 3.5302024E+00  4.3456298E+00  4.7858849E+00  4.8274640E+00  4.8284879E+00  1.1995255E+02  4.8510392E+00  4.8491689E+00  4.7858849E+00  4.3456298E+00  3.5302024E+00
 3.8715049E+00  4.6807761E+00  5.1193377E+00  5.1608143E+00  5.1618260E+00  1.2868239E+02  5.1847269E+00  5.1828345E+00  5.1193377E+00  4.6807761E+00  3.8715049E+00
 4.2295436E+00  5.0326890E+00  5.4695628E+00  5.5109362E+00  5.5119350E+00  1.3777419E+02  5.5351904E+00  5.5332754E+00  5.4695628E+00  5.0326890E+00  4.2295436E+00
 4.6046943E+00  5.4017444E+00  5.8369356E+00  5.8782051E+00  5.8791909E+00  1.4722587E+02  5.9028057E+00  5.9008676E+00  5.8369356E+00  5.4017444E+00  4.6046943E+00
 4.9973154E+00  5.7883006E+00  6.2218147E+00  6.2629798E+00  6.2639521E+00  1.5703444E+02  6.2879313E+00  6.2859695E+00  6.2218147E+00  5.7883006E+00  4.9973154E+00
 5.4077404E+00  6.1926914E+00  6.6245334E+00  6.6655938E+00  6.6665523E+00  1.6718496E+02  6.6909009E+00  6.6889150E+00  6.6245334E+00  6.1926914E+00  5.4077404E+00
 5.8362576E+00  6.6152050E+00  7.0453800E+00  7.0863355E+00  7.0872798E+00  1.7769227E+02  7.1120029E+00  7.1099923E+00  7.0453800E+00  6.6152050E+00  5.8362576E+00
 6.2832054E+00  7.0561801E+00  7.4846930E+00  7.5255434E+00  7.5264732E+00  1.8854125E+02  7.5515761E+00  7.5495403E+00  7.4846930E+00  7.0561801E+00  6.2832054E+00
 6.7488598E+00  7.5158927E+00  7.9427484E+00  7.9834938E+00  7.9844086E+00  1.9972524E+02  8.0098966E+00  8.0078349E+00  7.9427484E+00  7.5158927E+00  6.7488598E+00
 7.2334393E+00  7.9945613E+00  8.4197644E+00  8.4604050E+00  8.4613045E+00  2.1123439E+02  8.4871830E+00  8.4850949E+00  8.4197644E+00  7.9945613E+00  7.2334393E+00
 7.7371699E+00  8.4924123E+00  8.9159673E+00  8.9565035E+00  8.9573873E+00  2.2306156E+02  8.9836618E+00  8.9815467E+00  8.9159673E+00  8.4924123E+00  7.7371699E+00
 8.2602454E+00  9.0096394E+00  9.4315509E+00  9.4719832E+00  9.4728509E+00  2.3519769E+02  9.4995269E+00  9.4973841E+00  9.4315509E+00  9.0096394E+00  8.2602454E+00
 8.8028277E+00  9.5464050E+00  9.9666773E+00  1.0007006E+01  1.0007857E+01  2.4763275E+02  1.0034940E+01  1.0032770E+01  9.9666773E+00  9.5464050E+00  8.8028277E+00
 9.3650486E+00  1.0102841E+01  1.0521478E+01  1.0561705E+01  1.0562540E+01  2.6035597E+02  1.0590035E+01  1.0587836E+01  1.0521478E+01  1.0102841E+01  9.3650486E+00
 9.9464602E+00  1.0678500E+01  1.1095507E+01  1.1135632E+01  1.1136449E+01  2.7332634E+02  1.1164364E+01  1.1162134E+01  1.1095507E+01  1.0678500E+01  9.9464602E+00
 1.0548212E+01  1.1274532E+01  1.1689912E+01  1.1729936E+01  1.1730736E+01  2.8659271E+02  1.1759075E+01  1.1756815E+01  1.1689912E+01  1.1274532E+01  1.0548212E+01
 1.1169664E+01  1.1890296E+01  1.2304054E+01  1.2343979E+01  1.2344762E+01  3.0010248E+02  1.2373531E+01  1.2371240E+01  1.2304054E+01  1.1890296E+01  1.1169664E+01
 1.7117577E-10  8.2850615E-01  1.2726598E+00  1.3161127E+00  1.3172912E+00  2.5143365E+01  1.3375478E+00  1.3358390E+00  1.2726598E+00  8.2850615E-01  1.7117378E-10
 1.1707920E-01  9.3950155E-01  1.3820238E+00  1.4253146E+00  1.4264824E+00  2.8126331E+01  1.4470543E+00  1.4453276E+00  1.3820238E+00  9.3950155E-01  1.1707920E-01
 2.4237828E-01  1.0587375E+00  1.4996325E+00  1.5427597E+00  1.5439163E+00  3.1334344E+01  1.5648079E+00  1.5630630E+00  1.4996325E+00  1.0587375E+00  2.4237828E-01
 3.7621277E-01  1.1865305E+00  1.6258026E+00  1.6687647E+00  1.6699098E+00  3.4774934E+01  1.6911256E+00  1.6893620E+00  1.6258026E+00  1.1865305E+00  3.7621277E-01
 5.1890181E-01  1.3232007E+00  1.7608542E+00  1.8036501E+00  1.8047832E+00  3.8455096E+01  1.8263277E+00  1.8245450E+00  1.7608542E+00  1.3232007E+00  5.1890181E-01
 6.7076722E-01  1.4690707E+00  1.9051099E+00  1.9477387E+00  1.9488595E+00  4.2381248E+01  1.9707373E+00  1.9689350E+00  1.9051099E+00  1.4690707E+00  6.7076722E-01
 8.3213258E-01  1.6244649E+00  2.0588942E+00  2.1013551E+00  2.1024632E+00  4.6559188E+01  2.1246789E+00  2.1228566E+00  2.0588942E+00  1.6244649E+00  8.3213258E-01
 1.0033223E+00  1.7897084E+00  2.2225322E+00  2.2648245E+00  2.2659197E+00  5.0994061E+01  2.2884779E+00  2.2866352E+00  2.2225322E+00  1.7897084E+00  1.0033223E+00
 1.1846605E+00  1.9651259E+00  2.3963485E+00  2.4384719E+00  2.4395537E+00  5.5690319E+01  2.4624594E+00  2.4605956E+00  2.3963485E+00  1.9651259E+00  1.1846605E+00
 1.3764702E+00  2.1510409E+00  2.5806665E+00  2.6226210E+00  2.6236890E+00  6.0651695E+01  2.6469469E+00  2.6450617E+00  2.5806665E+00  2.1510409E+00  1.3764702E+00
 1.5790718E+00  2.3477744E+00  2.7758071E+00  2.8175929E+00  2.8186466E+00  6.5881173E+01  2.8422617E+00  2.8403544E+00  2.7758071E+00  2.3477744E+00  1.5790718E+00
 1.7927824E+00  2.5556438E+00  2.9820878E+00  3.0237051E+00  3.0247442E+00  7.1380967E+01  3.0487214E+00  3.0467916E+00  2.9820878E+00  2.5556438E+00  1.7927824E+00
 2.0179210E+00  2.7749684E+00  3.1998276E+00  3.2412769E+00  3.2423011E+00  7.7151132E+01  3.2666454E+00  3.2646926E+00  3.1998276E+00  2.7749684E+00  2.0179210E+00
 2.2547264E+00  3.0059872E+00  3.4292654E+00  3.4705474E+00  3.4715562E+00  8.3195741E+01  3.4962730E+00  3.4942965E+00  3.4292654E+00  3.0059872E+00  2.2547264E+00
 2.5035358E+00  3.2490378E+00  3.6707388E+00  3.7118545E+00  3.7128474E+00  8.9513040E+01  3.7379418E+00  3.7359412E+00  3.6707388E+00  3.2490378E+00  2.5035358E+00
 2.7646323E+00  3.5044034E+00  3.9245308E+00  3.9654812E+00  3.9664581E+00  9.6102227E+01  3.9919354E+00  3.9899100E+00  3.9245308E+00  3.5044034E+00  2.7646323E+00
 3.0382878E+00  3.7723563E+00  4.1909135E+00  4.2317000E+00  4.2326603E+00  1.0296174E+02  4.2585259E+00  4.2564752E+00  4.1909135E+00  3.7723563E+00  3.0382878E+00
 3.3247618E+00  4.0531558E+00  4.4701461E+00  4.5107701E+00  4.5117135E+00  1.1008925E+02  4.5379729E+00  4.5358964E+00  4.4701461E+00  4.0531558E+00  3.3247618E+00
 3.6242996E+00  4.3470476E+00  4.7624741E+00  4.8029374E+00  4.8038634E+00  1.1748169E+02  4.8305223E+00  4.8284192E+00  4.7624741E+00  4.3470476E+00  3.6242996E+00
 3.9371316E+00  4.6542620E+00  5.0681277E+00  5.1084322E+00  5.1093405E+00  1.2513527E+02  5.1364045E+00  5.1342742E+00  5.0681277E+00  4.6542620E+00  3.9371316E+00
 4.2634715E+00  4.9750130E+00  5.3873207E+00  5.4274684E+00  5.4283585E+00  1.3304545E+02  5.4558334E+00  5.4536754E+00  5.3873206E+00  4.9750130E+00  4.2634715E+00
 4.6034443E+00  5.3094254E+00  5.7201777E+00  5.7601710E+00  5.7610426E+00  1.4119696E+02  5.7889342E+00  5.7867478E+00  5.7201777E+00  5.3094254E+00  4.6034443E+00
 4.9573247E+00  5.6577742E+00  6.0669736E+00  6.1068147E+00  6.1076675E+00  1.4960187E+02  6.1359819E+00  6.1337662E+00  6.0669736E+00  5.6577742E+00  4.9573247E+00
 5.3252429E+00  6.0201895E+00  6.4278384E+00  6.4675301E+00  6.4683635E+00  1.5824502E+02  6.4971067E+00  6.4948612E+00  6.4278384E+00  6.0201895E+00  5.3252429E+00
 5.7073369E+00  6.3968096E+00  6.8029102E+00  6.8424551E+00  6.8432689E+00  1.6711916E+02  6.8724469E+00  6.8701710E+00  6.8029102E+00  6.3968096E+00  5.7073369E+00
 6.1036858E+00  6.7877136E+00  7.1922679E+00  7.2316690E+00  7.2324626E+00  1.7621444E+02  7.2620818E+00  7.2597747E+00  7.1922679E+00  6.7877136E+00  6.1036858E+00
 6.5143915E+00  7.1930035E+00  7.5960135E+00  7.6352739E+00  7.6360470E+00  1.8552353E+02  7.6661138E+00  7.6637746E+00  7.5960135E+00  7.1930035E+00  6.5143915E+00
 6.9395224E+00  7.6127479E+00  8.0142154E+00  8.0533382E+00  8.0540906E+00  1.9503755E+02  8.0846111E+00  8.0822394E+00  8.0142154E+00  7.6127479E+00  6.9395224E+00
 7.3791195E+00  8.0469881E+00  8.4469148E+00  8.4859035E+00  8.4866346E+00  2.0474693E+02  8.5176156E+00  8.5152103E+00  8.4469148E+00  8.0469881E+00  7.3791195E+00
 7.8331987E+00  8.4957401E+00  8.8941277E+00  8.9329858E+00  8.9336954E+00  2.1464161E+02  8.9651432E+00  8.9627038E+00  8.8941276E+00  8.4957401E+00  7.8331987E+00
 8.3011867E+00  8.9584312E+00  9.3552811E+00  9.3940123E+00  9.3946999E+00  2.2468649E+02  9.4266214E+00  9.4241469E+00  9.3552811E+00  8.9584312E+00  8.3011867E+00
 8.7841767E+00  9.4361546E+00  9.8314684E+00  9.8700766E+00  9.8707418E+00  2.3492145E+02  9.9031437E+00  9.9006334E+00  9.8314684E+00  9.4361546E+00  8.7841767E+00
 9.2813913E+00  9.9281336E+00  1.0321913E+01  1.0360402E+01  1.0361044E+01  2.4530199E+02  1.0393934E+01  1.0391386E+01  1.0321913E+01  9.9281336E+00  9.2813913E+00
 1.5196549E-10  7.4595341E-01  1.1686500E+00  1.2107480E+00  1.2118998E+00  2.2874104E+01  1.2351635E+00  1.2333115E+00  1.1686500E+00  7.4595341E-01  1.5196402E-10
 1.0371832E-01  8.4406464E-01  1.2652885E+00  1.3071187E+00  1.3082549E+00  2.5474476E+01  1.3318708E+00  1.3299980E+00  1.2652885E+00  8.4406464E-01  1.0371832E-01
 2.1426148E-01  9.4902011E-01  1.3687719E+00  1.4103371E+00  1.4114574E+00  2.8257533E+01  1.4354305E+00  1.4335365E+00  1.3687719E+00  9.4902011E-01  2.1426148E-01
 3.3186077E-01  1.0610521E+00  1.4793324E+00  1.5206357E+00  1.5217397E+00  3.1228075E+01  1.5460752E+00  1.5441595E+00  1.4793324E+00  1.0610521E+00  3.3186077E-01
 4.5674809E-01  1.1803933E+00  1.5972028E+00  1.6382478E+00  1.6393349E+00  3.4390385E+01  1.6640381E+00  1.6621001E+00  1.5972028E+00  1.1803933E+00  4.5674809E-01
 5.8915514E-01  1.3072763E+00  1.7226156E+00  1.7634059E+00  1.7644757E+00  3.7748200E+01  1.7895521E+00  1.7875912E+00  1.7226156E+00  1.3072763E+00  5.8915514E-01
 7.2931257E-01  1.4419324E+00  1.8558020E+00  1.8963416E+00  1.8973938E+00  4.1304690E+01  1.9228486E+00  1.9208643E+00  1.8558020E+00  1.4419324E+00  7.2931257E-01
 8.7744915E-01  1.5845910E+00  1.9969913E+00  2.0372846E+00  2.0383187E+00  4.5062428E+01  2.0641575E+00  2.0621492E+00  1.9969913E+00  1.5845910E+00  8.7744915E-01
 1.0337908E+00  1.7354785E+00  2.1464099E+00  2.1864614E+00  2.1874771E+00  4.9023378E+01  2.2137055E+00  2.2116724E+00  2.1464099E+00  1.7354785E+00  1.0337908E+00
 1.1985598E+00  1.8948178E+00  2.3042806E+00  2.3440951E+00  2.3450918E+00  5.3188875E+01  2.3717154E+00  2.3696572E+00  2.3042806E+00  1.8948178E+00  1.1985598E+00
 1.3719737E+00  2.0628269E+00  2.4708211E+00  2.5104037E+00  2.5113810E+00  5.7559614E+01  2.5384057E+00  2.5363215E+00  2.4708211E+00  2.0628269E+00  1.3719737E+00
 1.5542443E+00  2.2397179E+00  2.6462438E+00  2.6855997E+00  2.6865571E+00  6.2135635E+01  2.7139888E+00  2.7118780E+00  2.6462438E+00  2.2397179E+00  1.5542443E+00
 1.7455732E+00  2.4256926E+00  2.8307500E+00  2.8698846E+00  2.8708218E+00  6.6914924E+01  2.8986664E+00  2.8965284E+00  2.8307500E+00  2.4256926E+00  1.7455732E+00
 1.9461309E+00  2.6209218E+00  3.0245106E+00  3.0634294E+00  3.0643461E+00  7.1899729E+01  3.0926095E+00  3.0904436E+00  3.0245106E+00  2.6209218E+00  1.9461309E+00
 2.1561242E+00  2.8256126E+00  3.2277324E+00  3.2664415E+00  3.2673370E+00  7.7086484E+01  3.2960255E+00  3.2938311E+00  3.2277324E+00  2.8256126E+00  2.1561242E+00
 2.3757285E+00  3.0399405E+00  3.4405911E+00  3.4790962E+00  3.4799702E+00  8.2472796E+01  3.5090901E+00  3.5068663E+00  3.4405911E+00  3.0399405E+00  2.3757285E+00
 2.6051079E+00  3.2640699E+00  3.6632505E+00  3.7015579E+00  3.7024100E+00  8.8055681E+01  3.7319676E+00  3.7297138E+00  3.6632505E+00  3.2640699E+00  2.6051079E+00
 2.8444143E+00  3.4981526E+00  3.8958628E+00  3.9339785E+00  3.9348084E+00  9.3831570E+01  3.9648101E+00  3.9625255E+00  3.8958628E+00  3.4981526E+00  2.8444143E+00
 3.0937863E+00  3.7423276E+00  4.1385664E+00  4.1764970E+00  4.1773042E+00  9.9796335E+01  4.2077566E+00  4.2054405E+00  4.1385664E+00  3.7423276E+00  3.0937863E+00
 3.3533486E+00  3.9967195E+00  4.3914862E+00  4.4292381E+00  4.4300220E+00  1.0594530E+02  4.4609319E+00  4.4585835E+00  4.3914862E+00  3.9967195E+00  3.3533486E+00
 3.6232109E+00  4.2614382E+00  4.6547316E+00  4.6923114E+00  4.6930719E+00  1.1227328E+02  4.7244459E+00  4.7220645E+00  4.6547316E+00  4.2614382E+00  3.6232109E+00
 3.9033559E+00  4.5364662E+00  4.9282854E+00  4.9656997E+00  4.9664363E+00  1.1876568E+02  4.9982814E+00  4.9958661E+00  4.9282854E+00  4.5364662E+00  3.9033559E+00
 4.1940391E+00  4.8220594E+00  5.2124030E+00  5.2496587E+00  5.2503708E+00  1.2543219E+02  5.2826940E+00  5.2802440E+00  5.2124030E+00  4.8220594E+00  4.1940391E+00
 4.4952495E+00  5.1182066E+00  5.5070734E+00  5.5441773E+00  5.5448647E+00  1.3225855E+02  5.5776730E+00  5.5751875E+00  5.5070734E+00  5.1182066E+00  4.4952495E+00
 4.8070304E+00  5.4249514E+00  5.8123400E+00  5.8492988E+00  5.8499612E+00  1.3923762E+02  5.8832618E+00  5.8807399E+00  5.8123400E+00  5.4249514E+00  4.8070304E+00
 5.1293685E+00  5.7422806E+00  6.1281894E+00  6.1650103E+00  6.1656471E+00  1.4636023E+02  6.1994474E+00  6.1968881E+00  6.1281894E+00  5.7422806E+00  5.1293685E+00
 5.4622829E+00  6.0702132E+00  6.4546408E+00  6.4913307E+00  6.4919416E+00  1.5361941E+02  6.5262489E+00  6.5236515E+00  6.4546408E+00  6.0702132E+00  5.4622829E+00
 5.8057601E+00  6.4087360E+00  6.7916808E+00  6.8282467E+00  6.8288314E+00  1.6100701E+02  6.8636532E+00  6.8610167E+00  6.7916808E+00  6.4087360E+00  5.8057601E+00
 6.1597638E+00  6.7578130E+00  7.1392734E+00  7.1757225E+00  7.1762804E+00  1.6851442E+02  7.2116244E+00  7.2089479E+00  7.1392734E+00  6.7578130E+00  6.1597638E+00
 6.5242380E+00  7.1173882E+00  7.4973627E+00  7.5337019E+00  7.5342328E+00  1.7613273E+02  7.5701065E+00  7.5673891E+00  7.4973627E+00  7.1173882E+00  6.5242380E+00
 6.8985617E+00  7.4868411E+00  7.8653280E+00  7.9015645E+00  7.9020680E+00  1.8383277E+02  7.9384792E+00  7.9357199E+00  7.8653280E+00  7.4868411E+00  6.8985617E+00
 7.2837390E+00  7.8671761E+00  8.2441739E+00  8.2803147E+00  8.2807905E+00  1.9164647E+02  8.3177470E+00  8.3149448E+00  8.2441739E+00  7.8671761E+00  7.2837390E+00
 7.6789491E+00  8.2575728E+00  8.6330799E+00  8.6691321E+00  8.6695799E+00  1.9953722E+02  8.7070895E+00  8.7042436E+00  8.6330799E+00  8.2575728E+00  7.6789491E+00
 1.3443901E-10  6.6972773E-01  1.0745727E+00  1.1117869E+00  1.1128724E+00  2.0762788E+01  1.1394349E+00  1.1374245E+00  1.0745727E+00  6.6972773E-01  1.3443868E-10
 9.1560479E-02  7.5612808E-01  1.1595796E+00  1.1965272E+00  1.1975908E+00  2.3018028E+01  1.2245459E+00  1.2225114E+00  1.1595796E+00  7.5612808E-01  9.1560479E-02
 1.8873649E-01  8.4816217E-01  1.2502156E+00  1.2869063E+00  1.2879476E+00  2.5419597E+01  1.3153013E+00  1.3132422E+00  1.2502156E+00  8.4816217E-01  1.8873649E-01
 2.9169169E-01  9.4599454E-01  1.3466453E+00  1.3830887E+00  1.3841075E+00  2.7970194E+01  1.4118660E+00  1.4097816E+00  1.3466453E+00  9.4599454E-01  2.9169169E-01
 4.0058829E-01  1.0497882E+00  1.4490319E+00  1.4852380E+00  1.4862336E+00  3.0672043E+01  1.5144034E+00  1.5122929E+00  1.4490319E+00  1.0497882E+00  4.0058829E-01
 5.1558645E-01  1.1597041E+00  1.5575364E+00  1.5935150E+00  1.5944869E+00  3.3526881E+01  1.6230746E+00  1.6209372E+00  1.5575364E+00  1.1597041E+00  5.1558645E-01
 6.3684349E-01  1.2759001E+00  1.6723168E+00  1.7080778E+00  1.7090258E+00  3.6535941E+01  1.7380376E+00  1.7358728E+00  1.6723168E+00  1.2759001E+00  6.3684349E-01
 7.6451318E-01  1.3985306E+00  1.7935275E+00  1.8290810E+00  1.8300044E+00  3.9699943E+01  1.8594472E+00  1.8572541E+00  1.7935275E+00  1.3985306E+00  7.6451318E-01
 8.9874497E-01  1.5277455E+00  1.9213186E+00  1.9566744E+00  1.9575730E+00  4.3019087E+01  1.9874533E+00  1.9852313E+00  1.9213186E+00  1.5277455E+00  8.9874497E-01
 1.0396832E+00  1.6636898E+00  2.0558350E+00  2.0910031E+00  2.0918764E+00  4.6493046E+01  2.1222013E+00  2.1199493E+00  2.0558350E+00  1.6636898E+00  1.0396832E+00
 1.1874665E+00  1.8065023E+00  2.1972158E+00  2.2322060E+00  2.2330535E+00  5.0120967E+01  2.2638299E+00  2.2615473E+00  2.1972158E+00  1.8065023E+00  1.1874665E+00
 1.3422267E+00  1.9563153E+00  2.3455931E+00  2.3804154E+00  2.3812368E+00  5.3901462E+01  2.4124716E+00  2.4101576E+00  2.3455931E+00  1.9563153E+00  1.3422267E+00
 1.5040772E+00  2.1132422E+00  2.5010806E+00  2.5357448E+00  2.5365395E+00  5.7831278E+01  2.5682400E+00  2.5658938E+00  2.5010806E+00  2.1132422E+00  1.5040772E+00
 1.6731360E+00  2.2774016E+00  2.6637966E+00  2.6983125E+00  2.6990802E+00  6.1911364E+01  2.7312537E+00  2.7288744E+00  2.6637966E+00  2.2774016E+00  1.6731360E+00
 1.8495137E+00  2.4489040E+00  2.8338519E+00  2.8682292E+00  2.8689695E+00  6.6137183E+01  2.9016234E+00  2.8992100E+00  2.8338519E+00  2.4489040E+00  1.8495137E+00
 2.0333061E+00  2.6278457E+00  3.0113428E+00  3.0455911E+00  3.0463036E+00  7.0505466E+01  3.0794453E+00  3.0769970E+00  3.0113428E+00  2.6278457E+00  2.0333061E+00
 2.2245989E+00  2.8143123E+00  3.1963547E+00  3.2304837E+00  3.2311680E+00  7.5012499E+01  3.2648052E+00  3.2623210E+00  3.1963547E+00  2.8143123E+00  2.2245989E+00
 2.4234664E+00  3.0083782E+00  3.3889624E+00  3.4229814E+00  3.4236372E+00  7.9654146E+01  3.4577776E+00  3.4552566E+00  3.3889624E+00  3.0083782E+00  2.4234664E+00
 2.6299711E+00  3.2101062E+00  3.5892285E+00  3.6231469E+00  3.6237738E+00  8.4425869E+01  3.6584252E+00  3.6558666E+00  3.5892285E+00  3.2101062E+00  2.6299711E+00
 2.8441635E+00  3.4195467E+00  3.7972033E+00  3.8310306E+00  3.8316280E+00  8.9322746E+01  3.8667985E+00  3.8642012E+00  3.7972033E+00  3.4195467E+00  2.8441635E+00
 3.0660806E+00  3.6367369E+00  4.0129243E+00  4.0466695E+00  4.0472373E+00  9.4339494E+01  4.0829348E+00  4.0802978E+00  4.0129243E+00  3.6367369E+00  3.0660806E+00
 3.2956139E+00  3.8615683E+00  4.2362828E+00  4.2699550E+00  4.2704927E+00  9.9462885E+01  4.3067256E+00  4.3040479E+00  4.2362828E+00  3.8615683E+00  3.2956139E+00
 3.5329963E+00  4.0942738E+00  4.4675120E+00  4.5011201E+00  4.5016274E+00  1.0470058E+02  4.5384038E+00  4.5356844E+00  4.4675120E+00  4.0942738E+00  3.5329963E+00
 3.7781267E+00  4.3347524E+00  4.7065106E+00  4.7400635E+00  4.7405400E+00  1.1003978E+02  4.7778684E+00  4.7751063E+00  4.7065106E+00  4.3347524E+00  3.7781267E+00
 4.0309865E+00  4.5829857E+00  4.9532604E+00  4.9867668E+00  4.9872121E+00  1.1547391E+02  5.0251011E+00  5.0222950E+00  4.9532604E+00  4.5829857E+00  4.0309865E+00
 4.2915056E+00  4.8389036E+00  5.2076914E+00  5.2411598E+00  5.2415737E+00  1.2099485E+02  5.2800317E+00  5.2771808E+00  5.2076914E+00  4.8389036E+00  4.2915056E+00
 4.5596508E+00  5.1024730E+00  5.4697705E+00  5.5032094E+00  5.5035914E+00  1.2659636E+02  5.5426272E+00  5.5397303E+00  5.4697705E+00  5.1024730E+00  4.5596508E+00
 4.8353593E+00  5.3736312E+00  5.7394351E+00  5.7728527E+00  5.7732026E+00  1.3227133E+02  5.8128250E+00  5.8098810E+00  5.7394351E+00  5.3736312E+00  4.8353593E+00
 5.1185497E+00  5.6522972E+00  6.0166043E+00  6.0500086E+00  6.0503261E+00  1.3801234E+02  6.0905439E+00  6.0875517E+00  6.0166043E+00  5.6522972E+00  5.1185497E+00
 5.4091256E+00  5.9383745E+00  6.3011817E+00  6.3345809E+00  6.3348655E+00  1.4381185E+02  6.3756877E+00  6.3726462E+00  6.3011817E+00  5.9383745E+00  5.4091256E+00
 5.7064718E+00  6.2312484E+00  6.5925527E+00  6.6259544E+00  6.6262060E+00  1.4964628E+02  6.6676416E+00  6.6645496E+00  6.5925527E+00  6.2312484E+00  5.7064718E+00
 6.0114849E+00  6.5318158E+00  6.8916143E+00  6.9250261E+00  6.9252444E+00  1.5554071E+02  6.9673026E+00  6.9641589E+00  6.8916143E+00  6.5318158E+00  6.0114849E+00
 6.3233642E+00  6.8392762E+00  7.1975663E+00  7.2309958E+00  7.2311804E+00  1.6146581E+02  7.2738703E+00  7.2706736E+00  7.1975663E+00  6.8392762E+00  6.3233642E+00
 1.1849096E-10  5.9945377E-01  9.8853750E-01  1.0195245E+00  1.0204708E+00  1.8799937E+01  1.0505617E+00  1.0483907E+00  9.8853750E-01  5.9945377E-01  1.1849210E-10
 8.0521785E-02  6.7523396E-01  1.0628768E+00  1.0937661E+00  1.0946832E+00  2.0744885E+01  1.1252155E+00  1.1230164E+00  1.0628768E+00  6.7523396E-01  8.0521785E-02
 1.6561614E-01  7.5560374E-01  1.1418002E+00  1.1726015E+00  1.1734892E+00  2.2805154E+01  1.2044705E+00  1.2022423E+00  1.1418002E+00  7.5560374E-01  1.6561614E-01
 2.5539312E-01  8.4067400E-01  1.2254188E+00  1.2561420E+00  1.2569997E+00  2.4981875E+01  1.2884378E+00  1.2861796E+00  1.2254188E+00  8.4067400E-01  2.5539312E-01
 3.4996016E-01  9.3055289E-01  1.3138410E+00  1.3444957E+00  1.3453231E+00  2.7275763E+01  1.3772258E+00  1.3749366E+00  1.3138410E+00  9.3055289E-01  3.4996016E-01
 4.4942148E-01  1.0253453E+00  1.4071718E+00  1.4377678E+00  1.4385644E+00  2.9687113E+01  1.4709396E+00  1.4686185E+00  1.4071718E+00  1.0253453E+00  4.4942148E-01
 5.5387749E-01  1.1251522E+00  1.5055124E+00  1.5360592E+00  1.5368248E+00  3.2215796E+01  1.5696804E+00  1.5673264E+00  1.5055124E+00  1.1251522E+00  5.5387749E-01
 6.6342420E-01  1.2300703E+00  1.6089595E+00  1.6394667E+00  1.6402006E+00  3.4861256E+01  1.6735449E+00  1.6711571E+00  1.6089595E+00  1.2300703E+00  6.6342420E-01
 7.7815262E-01  1.3401908E+00  1.7176046E+00  1.7480817E+00  1.7487837E+00  3.7622513E+01  1.7826248E+00  1.7802022E+00  1.7176046E+00  1.3401908E+00  7.7815262E-01
 8.9814813E-01  1.4555997E+00  1.8315339E+00  1.8619900E+00  1.8626598E+00  4.0498163E+01  1.8970062E+00  1.8945476E+00  1.8315339E+00  1.4555997E+00  8.9814813E-01
 1.0234899E+00  1.5763766E+00  1.9508268E+00  1.9812713E+00  1.9819085E+00  4.3486387E+01  2.0167685E+00  2.0142729E+00  1.9508268E+00  1.5763766E+00  1.0234899E+00
 1.1542503E+00  1.7025939E+00  2.0755562E+00  2.1059982E+00  2.1066023E+00  4.6584948E+01  2.1419846E+00  2.1394511E+00  2.0755562E+00  1.7025939E+00  1.1542503E+00
 1.2904784E+00  1.8343012E+00  2.2057715E+00  2.2362198E+00  2.2367906E+00  4.9789974E+01  2.2727040E+00  2.2701313E+00  2.2057715E+00  1.8343012E+00  1.2904784E+00
 1.4322530E+00  1.9715773E+00  2.3415517E+00  2.3720152E+00  2.3725523E+00  5.3101545E+01  2.4090054E+00  2.4063926E+00  2.3415517E+00  1.9715773E+00  1.4322530E+00
 1.5796151E+00  2.1144635E+00  2.4829381E+00  2.5134256E+00  2.5139287E+00  5.6514766E+01  2.5509305E+00  2.5482764E+00  2.4829381E+00  2.1144635E+00  1.5796151E+00
 1.7326042E+00  2.2629993E+00  2.6299705E+00  2.6604906E+00  2.6609592E+00  6.0026012E+01  2.6985188E+00  2.6958222E+00  2.6299705E+00  2.2629993E+00  1.7326042E+00
 1.8912503E+00  2.4172152E+00  2.7826793E+00  2.8132402E+00  2.8136741E+00  6.3631347E+01  2.8518007E+00  2.8490605E+00  2.7826793E+00  2.4172152E+00  1.8912503E+00
 2.0555741E+00  2.5771317E+00  2.9410850E+00  2.9716951E+00  2.9720940E+00  6.7326543E+01  3.0107969E+00  3.0080117E+00  2.9410850E+00  2.5771317E+00  2.0555741E+00
 2.2255859E+00  2.7427594E+00  3.1051984E+00  3.1358657E+00  3.1362292E+00  7.1107105E+01  3.1755177E+00  3.1726866E+00  3.1051984E+00  2.7427594E+00  2.2255859E+00
 2.4012859E+00  2.9140983E+00  3.2750196E+00  3.3057520E+00  3.3060799E+00  7.4968289E+01  3.3459636E+00  3.3430852E+00  3.2750196E+00  2.9140983E+00  2.4012859E+00
 2.5826635E+00  3.0911381E+00  3.4505382E+00  3.4813434E+00  3.4816355E+00  7.8905121E+01  3.5221239E+00  3.5191970E+00  3.4505382E+00  3.0911381E+00  2.5826635E+00
 2.7695569E+00  3.2737170E+00  3.6315926E+00  3.6624782E+00  3.6627341E+00  8.2906072E+01  3.7038370E+00  3.7008604E+00  3.6315926E+00  3.2737170E+00  2.7695569E+00
 2.9621749E+00  3.4620438E+00  3.8183916E+00  3.8493649E+00  3.8495843E+00  8.6977119E+01  3.8913116E+00  3.8882839E+00  3.8183916E+00  3.4620438E+00  2.9621749E+00
 3.1603641E+00  3.6559652E+00  4.0107822E+00  4.0418503E+00  4.0420330E+00  9.1107215E+01  4.0843945E+00  4.0813146E+00  4.0107822E+00  3.6559652E+00  3.1603641E+00
 3.3640691E+00  3.8554259E+00  4.2087088E+00  4.2398788E+00  4.2400245E+00  9.5290624E+01  4.2830303E+00  4.2798968E+00  4.2087088E+00  3.8554259E+00  3.3640691E+00
 3.5731888E+00  4.0603249E+00  4.4120707E+00  4.4433494E+00  4.4434577E+00  9.9520435E+01  4.4871181E+00  4.4839295E+00  4.4120707E+00  4.0603249E+00  3.5731888E+00
 3.7876602E+00  4.2705993E+00  4.6208051E+00  4.6521990E+00  4.6522698E+00  1.0379133E+02  4.6965948E+00  4.6933499E+00  4.6208051E+00  4.2705993E+00  3.7876602E+00
 4.0073946E+00  4.4861605E+00  4.8348235E+00  4.8663388E+00  4.8663720E+00  1.0809736E+02  4.9113717E+00  4.9080693E+00  4.8348235E+00  4.4861605E+00  4.0073946E+00
 4.2322887E+00  4.7069053E+00  5.0540228E+00  5.0856659E+00  5.0856611E+00  1.1243239E+02  5.1313460E+00  5.1279846E+00  5.0540228E+00  4.7069053E+00  4.2322887E+00
 4.4622280E+00  4.9327196E+00  5.2782891E+00  5.3100657E+00  5.3100228E+00  1.1679029E+02  5.3564034E+00  5.3529815E+00  5.2782891E+00  4.9327196E+00  4.4622280E+00
 4.6966377E+00  5.1630286E+00  5.5070477E+00  5.5389637E+00  5.5388823E+00  1.2115252E+02  5.5859689E+00  5.5824853E+00  5.5070477E+00  5.1630286E+00  4.6966377E+00
 4.9362993E+00  5.3986143E+00  5.7410807E+00  5.7731414E+00  5.7730216E+00  1.2553839E+02  5.8208247E+00  5.8172779E+00  5.7410807E+00  5.3986143E+00  4.9362993E+00
 5.1804722E+00  5.6387364E+00  5.9796481E+00  6.0118589E+00  6.0117003E+00  1.2992504E+02  6.0602305E+00  6.0566191E+00  5.9796481E+00  5.6387364E+00  5.1804722E+00
 1.0401182E-10  5.3477593E-01  9.0756231E-01  9.3439113E-01  9.3509746E-01  1.6979111E+01  9.6894113E-01  9.6662058E-01  9.0756231E-01  5.3477593E-01  1.0401223E-10
 7.0522605E-02  6.0094741E-01  9.7222044E-01  9.9914193E-01  9.9981172E-01  1.8645810E+01  1.0341604E+00  1.0318051E+00  9.7222044E-01  6.0094741E-01  7.0522605E-02
 1.4472316E-01  6.7081270E-01  1.0405674E+00  1.0675906E+00  1.0682235E+00  2.0401597E+01  1.1030865E+00  1.1006952E+00  1.0405674E+00  6.7081270E-01  1.4472316E-01
 2.2267005E-01  7.4444095E-01  1.1126726E+00  1.1398063E+00  1.1404019E+00  2.2246479E+01  1.1757888E+00  1.1733604E+00  1.1126726E+00  7.4444095E-01  2.2267005E-01
 3.0442838E-01  8.2189792E-01  1.1886020E+00  1.2158548E+00  1.2164130E+00  2.4180113E+01  1.2523334E+00  1.2498665E+00  1.1886020E+00  8.2189792E-01  3.0442838E-01
 3.9005952E-01  9.0324562E-01  1.2684180E+00  1.2957983E+00  1.2963186E+00  2.6201814E+01  1.3327822E+00  1.3302757E+00  1.2684180E+00  9.0324562E-01  3.9005952E-01
 4.7962065E-01  9.8854176E-01  1.3521783E+00  1.3796943E+00  1.3801765E+00  2.8310549E+01  1.4171933E+00  1.4146458E+00  1.3521783E+00  9.8854176E-01  4.7962065E-01
 5.7316431E-01  1.0778394E+00  1.4399363E+00  1.4675960E+00  1.4680398E+00  3.0504950E+01  1.5056196E+00  1.5030300E+00  1.4399363E+00  1.0778394E+00  5.7316431E-01
 6.7073790E-01  1.1711863E+00  1.5317401E+00  1.5595511E+00  1.5599562E+00  3.2783316E+01  1.5981092E+00  1.5954760E+00  1.5317401E+00  1.1711863E+00  6.7073790E-01
 7.7238326E-01  1.2686248E+00  1.6276319E+00  1.6556018E+00  1.6559679E+00  3.5143622E+01  1.6947043E+00  1.6920262E+00  1.6276319E+00  1.2686248E+00  7.7238326E-01
 8.7813623E-01  1.3701910E+00  1.7276482E+00  1.7557843E+00  1.7561111E+00  3.7583528E+01  1.7954411E+00  1.7927168E+00  1.7276482E+00  1.3701910E+00  8.7813623E-01
 9.8802614E-01  1.4759145E+00  1.8318187E+00  1.8601279E+00  1.8604153E+00  4.0100385E+01  1.9003493E+00  1.8975774E+00  1.8318187E+00  1.4759145E+00  9.8802614E-01
 1.1020572E+00  1.5857998E+00  1.9401479E+00  1.9686371E+00  1.9688846E+00  4.2690165E+01  2.0094332E+00  2.0066124E+00  1.9401479E+00  1.5857998E+00  1.1020572E+00
 1.2202789E+00  1.6998964E+00  2.0526856E+00  2.0813612E+00  2.0815688E+00  4.5352393E+01  2.1227426E+00  2.1198714E+00  2.0526856E+00  1.6998964E+00  1.2202789E+00
 1.3426846E+00  1.8181981E+00  2.1694257E+00  2.1982939E+00  2.1984614E+00  4.8082258E+01  2.2402711E+00  2.2373481E+00  2.1694257E+00  1.8181981E+00  1.3426846E+00
 1.4692752E+00  1.9407059E+00  2.2903691E+00  2.3194361E+00  2.3195631E+00  5.0876150E+01  2.3620197E+00  2.3590434E+00  2.2903691E+00  1.9407059E+00  1.4692752E+00
 1.6000435E+00  2.0674126E+00  2.4155090E+00  2.4447805E+00  2.4448669E+00  5.3730257E+01  2.4879812E+00  2.4849503E+00  2.4155090E+00  2.0674126E+00  1.6000435E+00
 1.7349746E+00  2.1983035E+00  2.5448306E+00  2.5743121E+00  2.5743577E+00  5.6640584E+01  2.6181408E+00  2.6150538E+00  2.5448306E+00  2.1983035E+00  1.7349746E+00
 1.8740453E+00  2.3333555E+00  2.6783110E+00  2.7080077E+00  2.7080123E+00  5.9602976E+01  2.7524754E+00  2.7493306E+00  2.6783110E+00  2.3333555E+00  1.8740453E+00
 2.0172240E+00  2.4725370E+00  2.8159187E+00  2.8458356E+00  2.8457990E+00  6.2613133E+01  2.8909533E+00  2.8877495E+00  2.8159187E+00  2.4725370E+00  2.0172240E+00
 2.1644708E+00  2.6158082E+00  2.9576138E+00  2.9877557E+00  2.9876778E+00  6.5666631E+01  3.0335347E+00  3.0302701E+00  2.9576138E+00  2.6158082E+00  2.1644708E+00
 2.3155992E+00  2.7629827E+00  3.1032102E+00  3.1335815E+00  3.1334621E+00  6.8753781E+01  3.1800331E+00  3.1767063E+00  3.1032102E+00  2.7629827E+00  2.3155992E+00
 2.4707929E+00  2.9142442E+00  3.2528916E+00  3.2834966E+00  3.2833356E+00  7.1879174E+01  3.3306320E+00  3.3272415E+00  3.2528916E+00  2.9142442E+00  2.4707929E+00
 2.6298748E+00  3.0694156E+00  3.4064810E+00  3.4373237E+00  3.4371208E+00  7.5033618E+01  3.4851544E+00  3.4816986E+00  3.4064810E+00  3.0694156E+00  2.6298748E+00
 2.7927701E+00  3.2284223E+00  3.5639038E+00  3.5949879E+00  3.5947432E+00  7.8212311E+01  3.6435256E+00  3.6400029E+00  3.5639038E+00  3.2284223E+00  2.7927701E+00
 2.9593653E+00  3.3911509E+00  3.7250468E+00  3.7563758E+00  3.7560890E+00  8.1409611E+01  3.8056319E+00  3.8020406E+00  3.7250468E+00  3.3911509E+00  2.9593653E+00
 3.1295839E+00  3.5575249E+00  3.8898337E+00  3.9214108E+00  3.9210817E+00  8.4621174E+01  3.9713970E+00  3.9677356E+00  3.8898337E+00  3.5575249E+00  3.1295839E+00
 3.3033275E+00  3.7274461E+00  4.0581662E+00  4.0899943E+00  4.0896230E+00  8.7842207E+01  4.1407223E+00  4.1369893E+00  4.0581662E+00  3.7274461E+00  3.3033275E+00
 3.4804869E+00  3.9008054E+00  4.2299354E+00  4.2620173E+00  4.2616036E+00  9.1067855E+01  4.3134988E+00  4.3096925E+00  4.2299354E+00  3.9008054E+00  3.4804869E+00
 3.6609451E+00  4.0774860E+00  4.4050248E+00  4.4373629E+00  4.4369066E+00  9.4293303E+01  4.4896096E+00  4.4857285E+00  4.4050248E+00  4.0774860E+00  3.6609451E+00
 3.8441876E+00  4.2569736E+00  4.5829200E+00  4.6155164E+00  4.6150177E+00  9.7504448E+01  4.6685403E+00  4.6645826E+00  4.5829200E+00  4.2569736E+00  3.8441876E+00
 4.0308809E+00  4.4399351E+00  4.7642882E+00  4.7971449E+00  4.7966035E+00  1.0071577E+02  4.8509576E+00  4.8469218E+00  4.7642882E+00  4.4399351E+00  4.0308809E+00
 4.2203679E+00  4.6257136E+00  4.9484728E+00  4.9815913E+00  4.9810072E+00  1.0391001E+02  5.0362046E+00  5.0320891E+00  4.9484728E+00  4.6257136E+00  4.2203679E+00
 9.0893601E-11  4.7534529E-01  8.3047765E-01  8.5626197E-01  8.5659990E-01  1.5293533E+01  8.9448119E-01  8.9202389E-01  8.3047765E-01  4.7534529E-01  9.0894642E-11
 6.1486746E-02  5.3284383E-01  8.8639216E-01  9.1247663E-01  9.1277188E-01  1.6711430E+01  9.5124264E-01  9.4873966E-01  8.8639217E-01  5.3284383E-01  6.1486746E-02
 1.2588870E-01  5.9327229E-01  9.4523399E-01  9.7162222E-01  9.7187458E-01  1.8196433E+01  1.0109464E+00  1.0083962E+00  9.4523399E-01  5.9327229E-01  1.2588870E-01
 1.9324253E-01  6.5666804E-01  1.0070407E+00  1.0337362E+00  1.0339454E+00  1.9747791E+01  1.0736300E+00  1.0710309E+00  1.0070407E+00  6.5666804E-01  1.9324253E-01
 2.6358143E-01  7.2306490E-01  1.0718464E+00  1.0988522E+00  1.0990183E+00  2.1364469E+01  1.1393274E+00  1.1366780E+00  1.0718464E+00  7.2306490E-01  2.6358143E-01
 3.3693480E-01  7.9249283E-01  1.1396813E+00  1.1670005E+00  1.1671231E+00  2.3045166E+01  1.2080686E+00  1.2053673E+00  1.1396813E+00  7.9249283E-01  3.3693480E-01
 4.1332787E-01  8.6497758E-01  1.2105712E+00  1.2382066E+00  1.2382856E+00  2.4788315E+01  1.2798795E+00  1.2771246E+00  1.2105712E+00  8.6497758E-01  4.1332787E-01
 4.9278141E-01  9.4054037E-01  1.2845376E+00  1.3124917E+00  1.3125271E+00  2.6592093E+01  1.3547815E+00  1.3519712E+00  1.2845376E+00  9.4054037E-01  4.9278141E-01
 5.7531137E-01  1.0191976E+00  1.3615970E+00  1.3898722E+00  1.3898637E+00  2.8454433E+01  1.4327908E+00  1.4299237E+00  1.3615970E+00  1.0191976E+00  5.7531137E-01
 6.6092858E-01  1.1009603E+00  1.4417607E+00  1.4703592E+00  1.4703068E+00  3.0373032E+01  1.5139188E+00  1.5109931E+00  1.4417607E+00  1.1009603E+00  6.6092858E-01
 7.4963841E-01  1.1858344E+00  1.5250345E+00  1.5539583E+00  1.5538618E+00  3.2345365E+01  1.5981712E+00  1.5951853E+00  1.5250345E+00  1.1858344E+00  7.4963841E-01
 8.4144050E-01  1.2738197E+00  1.6114184E+00  1.6406693E+00  1.6405286E+00  3.4368691E+01  1.6855478E+00  1.6825000E+00  1.6114184E+00  1.2738197E+00  8.4144050E-01
 9.3630917E-01  1.3648906E+00  1.7008870E+00  1.7304665E+00  1.7302815E+00  3.6439136E+01  1.7760232E+00  1.7729118E+00  1.7008870E+00  1.3648906E+00  9.3630917E-01
 1.0342730E+00  1.4590759E+00  1.7934692E+00  1.8233787E+00  1.8231494E+00  3.8555938E+01  1.8696261E+00  1.8664493E+00  1.7934692E+00  1.4590759E+00  1.0342730E+00
 1.1352948E+00  1.5563387E+00  1.8891280E+00  1.9193687E+00  1.9190948E+00  4.0714650E+01  1.9663195E+00  1.9630756E+00  1.8891280E+00  1.5563387E+00  1.1352948E+00
 1.2393505E+00  1.6566551E+00  1.9878396E+00  2.0184125E+00  2.0180941E+00  4.2911925E+01  2.0660793E+00  2.0627667E+00  1.9878396E+00  1.6566551E+00  1.2393505E+00
 1.3464098E+00  1.7599949E+00  2.0895739E+00  2.1204797E+00  2.1201168E+00  4.5144301E+01  2.1688756E+00  2.1654924E+00  2.0895739E+00  1.7599949E+00  1.3464098E+00
 1.4564362E+00  1.8663217E+00  2.1942945E+00  2.2255339E+00  2.2251264E+00  4.7408218E+01  2.2746716E+00  2.2712162E+00  2.1942945E+00  1.8663217E+00  1.4564362E+00
 1.5693869E+00  1.9755926E+00  2.3019587E+00  2.3335321E+00  2.3330799E+00  4.9700035E+01  2.3834247E+00  2.3798951E+00  2.3019587E+00  1.9755926E+00  1.5693869E+00
 1.6852125E+00  2.0877585E+00  2.4125172E+00  2.4444250E+00  2.4439280E+00  5.2016049E+01  2.4950855E+00  2.4914800E+00  2.4125173E+00  2.0877585E+00  1.6852125E+00
 1.8038575E+00  2.2027639E+00  2.5259147E+00  2.5581568E+00  2.5576150E+00  5.4352511E+01  2.6095983E+00  2.6059152E+00  2.5259147E+00  2.2027639E+00  1.8038575E+00
 1.9251306E+00  2.3204175E+00  2.6419600E+00  2.6745363E+00  2.6739496E+00  5.6701562E+01  2.7267719E+00  2.7230095E+00  2.6419600E+00  2.3204175E+00  1.9251306E+00
 2.0491912E+00  2.4408789E+00  2.7608125E+00  2.7937226E+00  2.7930912E+00  5.9066665E+01  2.8467658E+00  2.8429220E+00  2.7608125E+00  2.4408789E+00  2.0491912E+00
 2.1758578E+00  2.5639665E+00  2.8822909E+00  2.9155344E+00  2.9148581E+00  6.1440439E+01  2.9693981E+00  2.9654714E+00  2.8822909E+00  2.5639665E+00  2.1758578E+00
 2.3050493E+00  2.6895993E+00  3.0063140E+00  3.0398903E+00  3.0391692E+00  6.3819033E+01  3.0945879E+00  3.0905765E+00  3.0063140E+00  2.6895993E+00  2.3050493E+00
 2.4366522E+00  2.8176640E+00  3.1327688E+00  3.1666769E+00  3.1659108E+00  6.6198018E+01  3.2222217E+00  3.2181236E+00  3.1327688E+00  2.8176640E+00  2.4366522E+00
 2.5705876E+00  2.9480818E+00  3.2615763E+00  3.2958153E+00  3.2950043E+00  6.8573992E+01  3.3522205E+00  3.3480340E+00  3.2615763E+00  2.9480818E+00  2.5705876E+00
 2.7067586E+00  3.0807558E+00  3.3926398E+00  3.4272084E+00  3.4263526E+00  7.0943259E+01  3.4844873E+00  3.4802106E+00  3.3926398E+00  3.0807558E+00  2.7067586E+00
 2.8450603E+00  3.2155813E+00  3.5258548E+00  3.5607515E+00  3.5598509E+00  7.3302123E+01  3.6189174E+00  3.6145487E+00  3.5258548E+00  3.2155813E+00  2.8450603E+00
 2.9853831E+00  3.3524489E+00  3.6611118E+00  3.6963352E+00  3.6953897E+00  7.5646964E+01  3.7554012E+00  3.7509387E+00  3.6611118E+00  3.3524489E+00  2.9853831E+00
 3.1272828E+00  3.4909146E+00  3.7979670E+00  3.8335152E+00  3.8325250E+00  7.7967426E+01  3.8934945E+00  3.8889365E+00  3.7979670E+00  3.4909146E+00  3.1272828E+00
 3.2713162E+00  3.6315355E+00  3.9369776E+00  3.9728487E+00  3.9718137E+00  8.0274057E+01  4.0337543E+00  4.0290989E+00  3.9369776E+00  3.6315355E+00  3.2713162E+00
 3.4169200E+00  3.7737486E+00  4.0775807E+00  4.1137725E+00  4.1126929E+00  8.2554290E+01  4.1756174E+00  4.1708629E+00  4.0775807E+00  3.7737486E+00  3.4169200E+00
 7.9039020E-11  4.2081283E-01  7.5671884E-01  7.8568667E-01  7.8553629E-01  1.3737616E+01  8.2783010E-01  8.2520515E-01  7.5671884E-01  4.2081283E-01  7.9038138E-11
 5.3340381E-02  4.7049965E-01  8.0480669E-01  8.3416906E-01  8.3397368E-01  1.4933611E+01  8.7697028E-01  8.7428145E-01  8.0480669E-01  4.7049965E-01  5.3340381E-02
 1.0894992E-01  5.2246931E-01  8.5517570E-01  8.8493270E-01  8.8469220E-01  1.6178489E+01  9.2840581E-01  9.2565129E-01  8.5517570E-01  5.2246931E-01  1.0894992E-01
 1.6684192E-01  5.7673575E-01  9.0784002E-01  9.3799153E-01  9.3770579E-01  1.7471035E+01  9.8215074E-01  9.7932866E-01  9.0784002E-01  5.7673575E-01  1.6684192E-01
 2.2702633E-01  6.3330950E-01  9.6281043E-01  9.9335605E-01  9.9302500E-01  1.8809825E+01  1.0382156E+00  1.0353242E+00  9.6281043E-01  6.3330950E-01  2.2702633E-01
 2.8950951E-01  6.9219748E-01  1.0200940E+00  1.0510332E+00  1.0506567E+00  2.0193231E+01  1.0966075E+00  1.0936447E+00  1.0200940E+00  6.9219748E-01  2.8950951E-01
 3.5429405E-01  7.5340273E-01  1.0796940E+00  1.1110259E+00  1.1106039E+00  2.1619437E+01  1.1573293E+00  1.1542935E+00  1.0796940E+00  7.5340273E-01  3.5429405E-01
 4.2137850E-01  8.1692422E-01  1.1416096E+00  1.1733331E+00  1.1728656E+00  2.3086444E+01  1.2203802E+00  1.2172694E+00  1.1416096E+00  8.1692422E-01  4.2137850E-01
 4.9075716E-01  8.8275664E-01  1.2058356E+00  1.2379494E+00  1.2374363E+00  2.4592084E+01  1.2857547E+00  1.2825671E+00  1.2058356E+00  8.8275664E-01  4.9075716E-01
 5.6241989E-01  9.5089021E-01  1.2723622E+00  1.3048651E+00  1.3043062E+00  2.6134033E+01  1.3534431E+00  1.3501767E+00  1.2723622E+00  9.5089021E-01  5.6241989E-01
 6.3635191E-01  1.0213104E+00  1.3411752E+00  1.3740654E+00  1.3734608E+00  2.7709819E+01  1.4234309E+00  1.4200838E+00  1.3411752E+00  1.0213104E+00  6.3635191E-01
 7.1253360E-01  1.0939980E+00  1.4122554E+00  1.4455310E+00  1.4448806E+00  2.9316835E+01  1.4956986E+00  1.4922690E+00  1.4122554E+00  1.0939980E+00  7.1253360E-01
 7.9092121E-01  1.1689092E+00  1.4855590E+00  1.5192181E+00  1.5185218E+00  3.0951580E+01  1.5702026E+00  1.5666886E+00  1.4855590E+00  1.1689092E+00  7.9092121E-01
 8.7152898E-01  1.2460585E+00  1.5611007E+00  1.5951411E+00  1.5943989E+00  3.2613168E+01  1.6469572E+00  1.6433569E+00  1.5611007E+00  1.2460585E+00  8.7152898E-01
 9.5430196E-01  1.3253913E+00  1.6388257E+00  1.6732451E+00  1.6724571E+00  3.4297706E+01  1.7259077E+00  1.7222192E+00  1.6388257E+00  1.3253913E+00  9.5430196E-01
 1.0392020E+00  1.4068693E+00  1.7186961E+00  1.7534919E+00  1.7526580E+00  3.6002260E+01  1.8070158E+00  1.8032373E+00  1.7186961E+00  1.4068693E+00  1.0392020E+00
 1.1261861E+00  1.4904499E+00  1.8006691E+00  1.8358387E+00  1.8349588E+00  3.7723848E+01  1.8902387E+00  1.8863682E+00  1.8006691E+00  1.4904499E+00  1.1261861E+00
 1.2152066E+00  1.5760855E+00  1.8846972E+00  1.9202377E+00  1.9193119E+00  3.9459450E+01  1.9755288E+00  1.9715644E+00  1.8846972E+00  1.5760855E+00  1.2152066E+00
 1.3062113E+00  1.6637239E+00  1.9707282E+00  2.0066367E+00  2.0056649E+00  4.1206030E+01  2.0628336E+00  2.0587734E+00  1.9707282E+00  1.6637239E+00  1.3062113E+00
 1.3991433E+00  1.7533083E+00  2.0587053E+00  2.0949787E+00  2.0939609E+00  4.2960541E+01  2.1520964E+00  2.1479384E+00  2.0587053E+00  1.7533083E+00  1.3991433E+00
 1.4939412E+00  1.8447774E+00  2.1485673E+00  2.1852023E+00  2.1841386E+00  4.4719945E+01  2.2432555E+00  2.2389980E+00  2.1485673E+00  1.8447774E+00  1.4939412E+00
 1.5904227E+00  1.9379488E+00  2.2401318E+00  2.2771251E+00  2.2760154E+00  4.6478107E+01  2.3361286E+00  2.3317697E+00  2.2401318E+00  1.9379488E+00  1.5904227E+00
 1.6887239E+00  2.0329589E+00  2.3335351E+00  2.3708832E+00  2.3697275E+00  4.8237574E+01  2.4308519E+00  2.4263895E+00  2.3335351E+00  2.0329589E+00  1.6887239E+00
 1.7886723E+00  2.1296352E+00  2.4286048E+00  2.4663039E+00  2.4651024E+00  4.9992645E+01  2.5272526E+00  2.5226849E+00  2.4286048E+00  2.1296352E+00  1.7886723E+00
 1.8901889E+00  2.2278986E+00  2.5252619E+00  2.5633084E+00  2.5620611E+00  5.1740363E+01  2.6252516E+00  2.6205767E+00  2.5252619E+00  2.2278986E+00  1.8901889E+00
 1.9931686E+00  2.3276443E+00  2.6234015E+00  2.6617915E+00  2.6604984E+00  5.3477399E+01  2.7247437E+00  2.7199599E+00  2.6234015E+00  2.3276443E+00  1.9931686E+00
 2.0975370E+00  2.4287980E+00  2.7229494E+00  2.7616789E+00  2.7603400E+00  5.5201210E+01  2.8256547E+00  2.8207599E+00  2.7229494E+00  2.4287980E+00  2.0975370E+00
 2.2032057E+00  2.5312713E+00  2.8238172E+00  2.8628820E+00  2.8614974E+00  5.6909072E+01  2.9278958E+00  2.9228882E+00  2.8238172E+00  2.5312713E+00  2.2032057E+00
 2.3100805E+00  2.6349702E+00  2.9259110E+00  2.9653069E+00  2.9638767E+00  5.8598301E+01  3.0313730E+00  3.0262507E+00  2.9259110E+00  2.6349702E+00  2.3100805E+00
 2.4180649E+00  2.7397983E+00  3.0291345E+00  3.0688571E+00  3.0673814E+00  6.0266306E+01  3.1359895E+00  3.1307508E+00  3.0291345E+00  2.7397983E+00  2.4180649E+00
 2.5267876E+00  2.8453847E+00  3.1331169E+00  3.1731616E+00  3.1716405E+00  6.1905802E+01  3.2413742E+00  3.2360173E+00  3.1331169E+00  2.8453847E+00  2.5267876E+00
 2.6367043E+00  2.9521851E+00  3.2383140E+00  3.2786762E+00  3.2771097E+00  6.3524208E+01  3.3479829E+00  3.3425058E+00  3.2383140E+00  2.9521851E+00  2.6367043E+00
 2.7473468E+00  3.0597319E+00  3.3442582E+00  3.3849331E+00  3.3833215E+00  6.5112758E+01  3.4553474E+00  3.4497484E+00  3.3442582E+00  3.0597319E+00  2.7473468E+00
 6.8343782E-11  3.7077937E-01  6.8677535E-01  7.2146461E-01  7.2080610E-01  1.2304236E+01  7.6805058E-01  7.6507717E-01  6.8677535E-01  3.7077937E-01  6.8343024E-11
 4.6009939E-02  4.1344423E-01  7.2785442E-01  7.6295383E-01  7.6224877E-01  1.3302602E+01  8.1035749E-01  8.0729797E-01  7.2785442E-01  4.1344423E-01  4.6009939E-02
 9.3746482E-02  4.5784852E-01  7.7067279E-01  8.0617806E-01  8.0542630E-01  1.4335004E+01  8.5441617E-01  8.5126858E-01  7.7067279E-01  4.5784852E-01  9.3746482E-02
 1.4320643E-01  5.0398965E-01  8.1522797E-01  8.5113473E-01  8.5033616E-01  1.5400000E+01  9.0022412E-01  8.9698645E-01  8.1522797E-01  5.0398965E-01  1.4320643E-01
 1.9438360E-01  5.5186198E-01  8.6151441E-01  8.9781825E-01  8.9697276E-01  1.6495998E+01  9.4777568E-01  9.4444598E-01  8.6151442E-01  5.5186198E-01  1.9438360E-01
 2.4726866E-01  6.0145666E-01  9.0952337E-01  9.4621980E-01  9.4532730E-01  1.7621268E+01  9.9706209E-01  9.9363833E-01  9.0952337E-01  6.0145666E-01  2.4726866E-01
 3.0184900E-01  6.5276153E-01  9.5924274E-01  9.9632724E-01  9.9538763E-01  1.8773953E+01  1.0480710E+00  1.0445513E+00  9.5924274E-01  6.5276153E-01  3.0184900E-01
 3.5810861E-01  7.0576100E-01  1.0106569E+00  1.0481249E+00  1.0471382E+00  1.9952078E+01  1.1007870E+00  1.0971693E+00  1.0106569E+00  7.0576100E-01  3.5810861E-01
 4.1602795E-01  7.6043587E-01  1.0637468E+00  1.1015937E+00  1.1005597E+00  2.1153564E+01  1.1551909E+00  1.1514730E+00  1.0637468E+00  7.6043587E-01  4.1602795E-01
 4.7558385E-01  8.1676328E-01  1.1184896E+00  1.1567106E+00  1.1556294E+00  2.2376238E+01  1.2112594E+00  1.2074395E+00  1.1184896E+00  8.1676328E-01  4.7558385E-01
 5.3674936E-01  8.7471660E-01  1.1748586E+00  1.2134492E+00  1.2123205E+00  2.3617841E+01  1.2689661E+00  1.2650422E+00  1.1748586E+00  8.7471660E-01  5.3674936E-01
 5.9949370E-01  9.3426530E-01  1.2328232E+00  1.2717786E+00  1.2706026E+00  2.4876044E+01  1.3282803E+00  1.3242504E+00  1.2328232E+00  9.3426530E-01  5.9949370E-01
 6.6376406E-01  9.9535666E-01  1.2923308E+00  1.3316462E+00  1.3304229E+00  2.6147841E+01  1.3891492E+00  1.3850113E+00  1.2923308E+00  9.9535666E-01  6.6376406E-01
 7.2956531E-01  1.0579958E+00  1.3533864E+00  1.3930569E+00  1.3917863E+00  2.7432345E+01  1.4515777E+00  1.4473298E+00  1.3533864E+00  1.0579958E+00  7.2956531E-01
 7.9683455E-01  1.1221200E+00  1.4159273E+00  1.4559482E+00  1.4546301E+00  2.8726306E+01  1.5155029E+00  1.5111430E+00  1.4159273E+00  1.1221200E+00  7.9683455E-01
 8.6552726E-01  1.1876848E+00  1.4799091E+00  1.5202754E+00  1.5189101E+00  3.0027277E+01  1.5808804E+00  1.5764066E+00  1.4799091E+00  1.1876848E+00  8.6552726E-01
 9.3559553E-01  1.2546425E+00  1.5452838E+00  1.5859908E+00  1.5845780E+00  3.1332809E+01  1.6476622E+00  1.6430725E+00  1.5452838E+00  1.2546425E+00  9.3559553E-01
 1.0069882E+00  1.3229420E+00  1.6120005E+00  1.6530430E+00  1.6515830E+00  3.2640462E+01  1.7157970E+00  1.7110894E+00  1.6120005E+00  1.3229420E+00  1.0069882E+00
 1.0796508E+00  1.3925291E+00  1.6800048E+00  1.7213778E+00  1.7198706E+00  3.3947817E+01  1.7852304E+00  1.7804029E+00  1.6800048E+00  1.3925291E+00  1.0796508E+00
 1.1535260E+00  1.4633462E+00  1.7492392E+00  1.7909379E+00  1.7893834E+00  3.5252484E+01  1.8559048E+00  1.8509554E+00  1.7492392E+00  1.4633462E+00  1.1535260E+00
 1.2285534E+00  1.5353332E+00  1.8196434E+00  1.8616626E+00  1.8600611E+00  3.6552113E+01  1.9277597E+00  1.9226864E+00  1.8196435E+00  1.5353332E+00  1.2285534E+00
 1.3045681E+00  1.6083252E+00  1.8910527E+00  1.9333873E+00  1.9317386E+00  3.7842107E+01  2.0006301E+00  1.9954310E+00  1.8910527E+00  1.6083252E+00  1.3045681E+00
 1.3816848E+00  1.6824370E+00  1.9635816E+00  2.0062265E+00  2.0045308E+00  3.9124295E+01  2.0746304E+00  2.0693037E+00  1.9635816E+00  1.6824370E+00  1.3816848E+00
 1.4597481E+00  1.7575134E+00  2.0370749E+00  2.0800250E+00  2.0782824E+00  4.0394457E+01  2.1496053E+00  2.1441489E+00  2.0370749E+00  1.7575134E+00  1.4597481E+00
 1.5386865E+00  1.8334827E+00  2.1114610E+00  2.1547110E+00  2.1529217E+00  4.1650432E+01  2.2254829E+00  2.2198949E+00  2.1114610E+00  1.8334827E+00  1.5386865E+00
 1.6184080E+00  1.9102531E+00  2.1866481E+00  2.2301927E+00  2.2283568E+00  4.2889841E+01  2.3021709E+00  2.2964496E+00  2.1866481E+00  1.9102531E+00  1.6184080E+00
 1.6988471E+00  1.9877592E+00  2.2625709E+00  2.3064048E+00  2.3045223E+00  4.4110883E+01  2.3796040E+00  2.3737474E+00  2.2625709E+00  1.9877592E+00  1.6988471E+00
 1.7799274E+00  2.0659248E+00  2.3391529E+00  2.3832708E+00  2.3813420E+00  4.5311661E+01  2.4577055E+00  2.4517117E+00  2.3391529E+00  2.0659248E+00  1.7799274E+00
 1.8615690E+00  2.1446702E+00  2.4163146E+00  2.4607111E+00  2.4587360E+00  4.6490336E+01  2.5363954E+00  2.5302626E+00  2.4163146E+00  2.1446702E+00  1.8615690E+00
 1.9436910E+00  2.2239144E+00  2.4939752E+00  2.5386447E+00  2.5366236E+00  4.7645164E+01  2.6155926E+00  2.6093188E+00  2.4939752E+00  2.2239144E+00  1.9436910E+00
 2.0259929E+00  2.3033572E+00  2.5718344E+00  2.6167714E+00  2.6147044E+00  4.8771299E+01  2.6949963E+00  2.6885800E+00  2.5718344E+00  2.3033572E+00  2.0259929E+00
 2.1088393E+00  2.3833637E+00  2.6502573E+00  2.6954562E+00  2.6933435E+00  4.9873726E+01  2.7749715E+00  2.7684108E+00  2.6502573E+00  2.3833637E+00  2.1088393E+00
 2.1918534E+00  2.4635570E+00  2.7288673E+00  2.7743224E+00  2.7721643E+00  5.0946668E+01  2.8551408E+00  2.8484341E+00  2.7288673E+00  2.4635570E+00  2.1918534E+00
 5.8713832E-11  3.2486935E-01  6.2116591E-01  6.6233986E-01  6.6115463E-01  1.0981767E+01  7.1462064E-01  7.1107313E-01  6.2116592E-01  3.2486935E-01  5.8714667E-11
 3.9427073E-02  3.6123731E-01  6.5601254E-01  6.9751108E-01  6.9627710E-01  1.1804937E+01  7.5082707E-01  7.4716867E-01  6.5601254E-01  3.6123731E-01  3.9427073E-02
 8.0129900E-02  3.9889315E-01  6.9214401E-01  7.3396419E-01  7.3268138E-01  1.2650276E+01  7.8833358E-01  7.8456215E-01  6.9214402E-01  3.9889315E-01  8.0129900E-02
 1.2209439E-01  4.3782335E-01  7.2954697E-01  7.7168569E-01  7.7035398E-01  1.3516291E+01  8.2712657E-01  8.2323997E-01  7.2954697E-01  4.3782335E-01  1.2209439E-01
 1.6530392E-01  4.7801179E-01  7.6820545E-01  8.1065951E-01  8.0927884E-01  1.4401393E+01  8.6718984E-01  8.6318593E-01  7.6820546E-01  4.7801179E-01  1.6530392E-01
 2.0973929E-01  5.1943975E-01  8.0810087E-01  8.5086693E-01  8.4943724E-01  1.5303906E+01  9.0850454E-01  9.0438121E-01  8.0810087E-01  5.1943975E-01  2.0973929E-01
 2.5537866E-01  5.6208579E-01  8.4921190E-01  8.9228651E-01  8.9080777E-01  1.6222082E+01  9.5104912E-01  9.4680426E-01  8.4921190E-01  5.6208579E-01  2.5537866E-01
 3.0219746E-01  6.0592571E-01  8.9151446E-01  9.3489407E-01  9.3336626E-01  1.7154108E+01  9.9479927E-01  9.9043076E-01  8.9151446E-01  6.0592571E-01  3.0219746E-01
 3.5016837E-01  6.5093254E-01  9.3498168E-01  9.7866262E-01  9.7708574E-01  1.8098117E+01  1.0397278E+00  1.0352336E+00  9.3498168E-01  6.5093254E-01  3.5016837E-01
 3.9926126E-01  6.9707645E-01  9.7958381E-01  1.0235623E+00  1.0219364E+00  1.9052197E+01  1.0858048E+00  1.0811827E+00  9.7958381E-01  6.9707645E-01  3.9926126E-01
 4.4944316E-01  7.4432475E-01  1.0252882E+00  1.0695604E+00  1.0678855E+00  2.0014403E+01  1.1329974E+00  1.1282453E+00  1.0252882E+00  7.4432475E-01  4.4944316E-01
 5.0067821E-01  7.9264183E-01  1.0720594E+00  1.1166214E+00  1.1148973E+00  2.0982761E+01  1.1812697E+00  1.1763857E+00  1.0720594E+00  7.9264183E-01  5.0067821E-01
 5.5291111E-01  8.4197248E-01  1.1198422E+00  1.1646898E+00  1.1629168E+00  2.1954808E+01  1.2305664E+00  1.2255483E+00  1.1198422E+00  8.4197248E-01  5.5291111E-01
 6.0614121E-01  8.9231628E-01  1.1686361E+00  1.2137653E+00  1.2119434E+00  2.2929757E+01  1.2808868E+00  1.2757326E+00  1.1686361E+00  8.9231628E-01  6.0614121E-01
 6.6030468E-01  9.4360957E-01  1.2183777E+00  1.2637842E+00  1.2619134E+00  2.3905006E+01  1.3321670E+00  1.3268747E+00  1.2183777E+00  9.4360957E-01  6.6030468E-01
 7.1535625E-01  9.9580721E-01  1.2690217E+00  1.3147013E+00  1.3127818E+00  2.4878615E+01  1.3843617E+00  1.3789293E+00  1.2690217E+00  9.9580721E-01  7.1535625E-01
 7.7124843E-01  1.0488618E+00  1.3205209E+00  1.3664692E+00  1.3645009E+00  2.5848673E+01  1.4374233E+00  1.4318486E+00  1.3205209E+00  1.0488618E+00  7.7124843E-01
 8.2793165E-01  1.1027240E+00  1.3728258E+00  1.4190383E+00  1.4170214E+00  2.6813305E+01  1.4913019E+00  1.4855832E+00  1.3728258E+00  1.1027240E+00  8.2793165E-01
 8.8535442E-01  1.1573423E+00  1.4258851E+00  1.4723572E+00  1.4702919E+00  2.7770678E+01  1.5459461E+00  1.5400811E+00  1.4258851E+00  1.1573423E+00  8.8535442E-01
 9.4346341E-01  1.2126634E+00  1.4796455E+00  1.5263726E+00  1.5242591E+00  2.8719013E+01  1.6013021E+00  1.5952892E+00  1.4796455E+00  1.2126634E+00  9.4346341E-01
 1.0022036E+00  1.2686324E+00  1.5340521E+00  1.5810295E+00  1.5788678E+00  2.9656588E+01  1.6573149E+00  1.6511518E+00  1.5340521E+00  1.2686324E+00  1.0022036E+00
 1.0614323E+00  1.3251068E+00  1.5889624E+00  1.6361853E+00  1.6339756E+00  3.0580128E+01  1.7138415E+00  1.7075264E+00  1.5889624E+00  1.3251068E+00  1.0614323E+00
 1.1212447E+00  1.3821817E+00  1.6444715E+00  1.6919352E+00  1.6896776E+00  3.1490900E+01  1.7709767E+00  1.7645078E+00  1.6444715E+00  1.3821817E+00  1.1212447E+00
 1.1815071E+00  1.4397235E+00  1.7004460E+00  1.7481455E+00  1.7458402E+00  3.2385941E+01  1.8285868E+00  1.8219621E+00  1.7004460E+00  1.4397235E+00  1.1815071E+00
 1.2421583E+00  1.4976711E+00  1.7568248E+00  1.8047549E+00  1.8024023E+00  3.3263769E+01  1.8866102E+00  1.8798279E+00  1.7568248E+00  1.4976711E+00  1.2421583E+00
 1.3031215E+00  1.5559479E+00  1.8135312E+00  1.8616871E+00  1.8592871E+00  3.4122791E+01  1.9449698E+00  1.9380282E+00  1.8135312E+00  1.5559479E+00  1.3031215E+00
 1.3643424E+00  1.6144995E+00  1.8705111E+00  1.9188874E+00  1.9164404E+00  3.4961820E+01  2.0036113E+00  1.9965083E+00  1.8705111E+00  1.6144995E+00  1.3643424E+00
 1.4257582E+00  1.6732633E+00  1.9277018E+00  1.9762935E+00  1.9737998E+00  3.5779628E+01  2.0624714E+00  2.0552054E+00  1.9277018E+00  1.6732633E+00  1.4257582E+00
 1.4873044E+00  1.7321750E+00  1.9850392E+00  2.0338407E+00  2.0313006E+00  3.6575054E+01  2.1214854E+00  2.1140547E+00  1.9850392E+00  1.7321750E+00  1.4873044E+00
 1.5489161E+00  1.7911698E+00  2.0424587E+00  2.0914648E+00  2.0888784E+00  3.7347021E+01  2.1805882E+00  2.1729912E+00  2.0424587E+00  1.7911698E+00  1.5489161E+00
 1.6103578E+00  1.8500125E+00  2.0997251E+00  2.1489301E+00  2.1462979E+00  3.8092561E+01  2.2395443E+00  2.2317792E+00  2.0997251E+00  1.8500125E+00  1.6103578E+00
 1.6719150E+00  1.9089886E+00  2.1571241E+00  2.2065225E+00  2.2038448E+00  3.8814801E+01  2.2986387E+00  2.2907039E+00  2.1571241E+00  1.9089886E+00  1.6719150E+00
 1.7332933E+00  1.9678040E+00  2.2143619E+00  2.2639481E+00  2.2612250E+00  3.9510246E+01  2.3575770E+00  2.3494708E+00  2.2143619E+00  1.9678040E+00  1.7332933E+00
 5.0062935E-11  2.8275458E-01  5.6089864E-01  6.0722304E-01  6.0549250E-01  9.7602846E+00  6.6749090E-01  6.6310013E-01  5.6089864E-01  2.8275458E-01  5.0061931E-11
 3.3529620E-02  3.1349137E-01  5.9011308E-01  6.3670751E-01  6.3492496E-01  1.0428969E+01  6.9825674E-01  6.9372825E-01  5.9011308E-01  3.1349137E-01  3.3529620E-02
 6.7965072E-02  3.4514561E-01  6.2024060E-01  6.6710217E-01  6.6526758E-01  1.1110562E+01  7.2995182E-01  7.2528331E-01  6.2024061E-01  3.4514561E-01  6.7965072E-02
 1.0328584E-01  3.7769730E-01  6.5126144E-01  6.9838711E-01  6.9650049E-01  1.1803648E+01  7.6255595E-01  7.5774518E-01  6.5126144E-01  3.7769730E-01  1.0328584E-01
 1.3946942E-01  4.1112441E-01  6.8315375E-01  7.3054039E-01  7.2860173E-01  1.2506760E+01  7.9604694E-01  7.9109167E-01  6.8315375E-01  4.1112441E-01  1.3946942E-01
 1.7649134E-01  4.4540289E-01  7.1589368E-01  7.6353798E-01  7.6154732E-01  1.3218389E+01  8.3040055E-01  8.2529854E-01  7.1589368E-01  4.4540289E-01  1.7649134E-01
 2.1432509E-01  4.8050664E-01  7.4945530E-01  7.9735384E-01  7.9531123E-01  1.3936995E+01  8.6559043E-01  8.6033949E-01  7.4945530E-01  4.8050664E-01  2.1432509E-01
 2.5294219E-01  5.1640753E-01  7.8381062E-01  8.3195985E-01  8.2986536E-01  1.4661012E+01  9.0158824E-01  8.9618616E-01  7.8381062E-01  5.1640753E-01  2.5294219E-01
 2.9231214E-01  5.5307536E-01  8.1892961E-01  8.6732585E-01  8.6517960E-01  1.5388860E+01  9.3836353E-01  9.3280814E-01  8.1892961E-01  5.5307536E-01  2.9231214E-01
 3.3240242E-01  5.9047791E-01  8.5478018E-01  9.0341965E-01  9.0122173E-01  1.6118951E+01  9.7588384E-01  9.7017296E-01  8.5478018E-01  5.9047791E-01  3.3240242E-01
 3.7317854E-01  6.2858095E-01  8.9132824E-01  9.4020701E-01  9.3795757E-01  1.6849697E+01  1.0141146E+00  1.0082461E+00  8.9132824E-01  6.2858095E-01  3.7317854E-01
 4.1460399E-01  6.6734821E-01  9.2853763E-01  9.7765168E-01  9.7535088E-01  1.7579516E+01  1.0530193E+00  1.0469911E+00  9.2853763E-01  6.6734821E-01  4.1460399E-01
 4.5662571E-01  7.0672672E-01  9.6635545E-01  1.0157006E+00  1.0133487E+00  1.8306500E+01  1.0925447E+00  1.0863546E+00  9.6635546E-01  7.0672672E-01  4.5662571E-01
 4.9924019E-01  7.4671319E-01  1.0047785E+00  1.0543506E+00  1.0519476E+00  1.9029977E+01  1.1326871E+00  1.1263332E+00  1.0047785E+00  7.4671319E-01  4.9924019E-01
 5.4238754E-01  7.8724789E-01  1.0437473E+00  1.0935418E+00  1.0910881E+00  1.9747986E+01  1.1733865E+00  1.1668666E+00  1.0437473E+00  7.8724789E-01  5.4238754E-01
 5.8602553E-01  8.2828872E-01  1.0832196E+00  1.1332322E+00  1.1307279E+00  2.0459072E+01  1.2146004E+00  1.2079125E+00  1.0832196E+00  8.2828872E-01  5.8602553E-01
 6.3011066E-01  8.6979230E-01  1.1231523E+00  1.1733784E+00  1.1708237E+00  2.1161824E+01  1.2562852E+00  1.2494273E+00  1.1231523E+00  8.6979230E-01  6.3011066E-01
 6.7459834E-01  9.1171414E-01  1.1635010E+00  1.2139358E+00  1.2113310E+00  2.1854883E+01  1.2983958E+00  1.2913660E+00  1.1635010E+00  9.1171414E-01  6.7459834E-01
 7.1944298E-01  9.5400874E-01  1.2042201E+00  1.2548588E+00  1.2522044E+00  2.2536945E+01  1.3408866E+00  1.3336828E+00  1.2042201E+00  9.5400874E-01  7.1944298E-01
 7.6459815E-01  9.9662975E-01  1.2452635E+00  1.2961013E+00  1.2933973E+00  2.3206765E+01  1.3837106E+00  1.3763311E+00  1.2452635E+00  9.9662975E-01  7.6459815E-01
 8.1001668E-01  1.0395301E+00  1.2865842E+00  1.3376160E+00  1.3348628E+00  2.3863163E+01  1.4268205E+00  1.4192632E+00  1.2865842E+00  1.0395301E+00  8.1001668E-01
 8.5558019E-01  1.0825914E+00  1.3280639E+00  1.3792845E+00  1.3764826E+00  2.4503961E+01  1.4700974E+00  1.4623607E+00  1.3280639E+00  1.0825914E+00  8.5558019E-01
 9.0136605E-01  1.1258911E+00  1.3697801E+00  1.4211844E+00  1.4183340E+00  2.5129989E+01  1.5136184E+00  1.5057004E+00  1.3697801E+00  1.1258911E+00  9.0136605E-01
 9.4726415E-01  1.1693193E+00  1.4116229E+00  1.4632056E+00  1.4603071E+00  2.5739314E+01  1.5572731E+00  1.5491720E+00  1.4116229E+00  1.1693193E+00  9.4726415E-01
 9.9322473E-01  1.2128262E+00  1.4535428E+00  1.5052985E+00  1.5023521E+00  2.6331001E+01  1.6010113E+00  1.5927252E+00  1.4535428E+00  1.2128262E+00  9.9322473E-01
 1.0391868E+00  1.2563508E+00  1.4954789E+00  1.5474020E+00  1.5444083E+00  2.6904082E+01  1.6447716E+00  1.6362991E+00  1.4954789E+00  1.2563508E+00  1.0391868E+00
 1.0851074E+00  1.2998505E+00  1.5373886E+00  1.5894734E+00  1.5864328E+00  2.7457854E+01  1.6885106E+00  1.6798499E+00  1.5373886E+00  1.2998505E+00  1.0851074E+00
 1.1309376E+00  1.3432763E+00  1.5792231E+00  1.6314639E+00  1.6283769E+00  2.7991609E+01  1.7321792E+00  1.7233286E+00  1.5792231E+00  1.3432763E+00  1.1309376E+00
 1.1766277E+00  1.3865786E+00  1.6209331E+00  1.6733241E+00  1.6701909E+00  2.8504700E+01  1.7757271E+00  1.7666853E+00  1.6209331E+00  1.3865786E+00  1.1766277E+00
 1.2221284E+00  1.4297084E+00  1.6624695E+00  1.7150048E+00  1.7118260E+00  2.8996554E+01  1.8191048E+00  1.8098701E+00  1.6624695E+00  1.4297084E+00  1.2221284E+00
 1.2672615E+00  1.4724876E+00  1.7036546E+00  1.7563280E+00  1.7531043E+00  2.9465588E+01  1.8621336E+00  1.8527047E+00  1.7036546E+00  1.4724876E+00  1.2672615E+00
 1.3122445E+00  1.5151339E+00  1.7447063E+00  1.7975118E+00  1.7942434E+00  2.9913565E+01  1.9050308E+00  1.8954063E+00  1.7447063E+00  1.5151339E+00  1.3122445E+00
 1.3568555E+00  1.5574256E+00  1.7854031E+00  1.8383344E+00  1.8350219E+00  3.0338655E+01  1.9475740E+00  1.9377527E+00  1.7854031E+00  1.5574256E+00  1.3568555E+00
 4.2312168E-11  2.4414419E-01  5.0444251E-01  5.5503521E-01  5.5268078E-01  8.6297676E+00  6.2596144E-01  6.2046644E-01  5.0444251E-01  2.4414419E-01  4.2311952E-11
 2.8261355E-02  2.6986332E-01  5.2860121E-01  5.7943519E-01  5.7702575E-01  9.1631523E+00  6.5192304E-01  6.4625927E-01  5.2860121E-01  2.6986332E-01  2.8261355E-02
 5.7129917E-02  2.9620085E-01  5.5337371E-01  6.0444564E-01  6.0198139E-01  9.7024672E+00  6.7851393E-01  6.7267899E-01  5.5337371E-01  2.9620085E-01  5.7129917E-02
 8.6582218E-02  3.2313380E-01  5.7873732E-01  6.3004364E-01  6.2752480E-01  1.0246459E+01  7.0571077E-01  6.9970227E-01  5.7873732E-01  3.2313380E-01  8.6582218E-02
 1.1659336E-01  3.5063771E-01  6.0466785E-01  6.5620478E-01  6.5363158E-01  1.0793858E+01  7.3348877E-01  7.2730435E-01  6.0466785E-01  3.5063771E-01  1.1659336E-01
 1.4713705E-01  3.7868669E-01  6.3113965E-01  6.8290322E-01  6.8027589E-01  1.1343386E+01  7.6182162E-01  7.5545898E-01  6.3113966E-01  3.7868669E-01  1.4713705E-01
 1.7818561E-01  4.0725342E-01  6.5812566E-01  7.1011164E-01  7.0743049E-01  1.1893762E+01  7.9068162E-01  7.8413848E-01  6.5812566E-01  4.0725342E-01  1.7818561E-01
 2.0971003E-01  4.3630923E-01  6.8559741E-01  7.3780142E-01  7.3506672E-01  1.2443711E+01  8.2003967E-01  8.1331381E-01  6.8559741E-01  4.3630923E-01  2.0971003E-01
 2.4167996E-01  4.6582408E-01  7.1352507E-01  7.6594251E-01  7.6315458E-01  1.2991970E+01  8.4986531E-01  8.4295453E-01  7.1352507E-01  4.6582408E-01  2.4167996E-01
 2.7406381E-01  4.9576662E-01  7.4187750E-01  7.9450357E-01  7.9166276E-01  1.3537293E+01  8.8012675E-01  8.7302890E-01  7.4187750E-01  4.9576662E-01  2.7406381E-01
 3.0682868E-01  5.2610422E-01  7.7062226E-01  8.2345201E-01  8.2055865E-01  1.4078459E+01  9.1079090E-01  9.0350388E-01  7.7062226E-01  5.2610422E-01  3.0682868E-01
 3.3994051E-01  5.5680302E-01  7.9972566E-01  8.5275394E-01  8.4980841E-01  1.4614272E+01  9.4182342E-01  9.3434517E-01  7.9972567E-01  5.5680302E-01  3.3994051E-01
 3.7335149E-01  5.8781533E-01  8.2914013E-01  8.8236163E-01  8.7936431E-01  1.5143329E+01  9.7317619E-01  9.6550467E-01  8.2914014E-01  5.8781533E-01  3.7335149E-01
 4.0705731E-01  6.1913704E-01  8.5886173E-01  9.1227096E-01  9.0922227E-01  1.5665124E+01  1.0048446E+00  9.9697780E-01  8.5886173E-01  6.1913704E-01  4.0705731E-01
 4.4100502E-01  6.5071534E-01  8.8883781E-01  9.4242916E-01  9.3932950E-01  1.6178257E+01  1.0367753E+00  1.0287114E+00  8.8883781E-01  6.5071534E-01  4.4100502E-01
 4.7515775E-01  6.8251351E-01  9.1903180E-01  9.7279945E-01  9.6964928E-01  1.6681706E+01  1.0689311E+00  1.0606681E+00  9.1903180E-01  6.8251351E-01  4.7515775E-01
 5.0947814E-01  7.1449428E-01  9.4940655E-01  1.0033446E+00  1.0001443E+00  1.7174506E+01  1.1012742E+00  1.0928103E+00  9.4940655E-01  7.1449428E-01  5.0947814E-01
 5.4392842E-01  7.4662000E-01  9.7992455E-01  1.0340269E+00  1.0307771E+00  1.7655744E+01  1.1337664E+00  1.1250998E+00  9.7992455E-01  7.4662000E-01  5.4392842E-01
 5.7847059E-01  7.7885275E-01  1.0105480E+00  1.0648084E+00  1.0615095E+00  1.8124563E+01  1.1663693E+00  1.1574982E+00  1.0105480E+00  7.7885275E-01  5.7847059E-01
 6.1306647E-01  8.1115442E-01  1.0412389E+00  1.0956510E+00  1.0923035E+00  1.8580167E+01  1.1990441E+00  1.1899669E+00  1.0412389E+00  8.1115442E-01  6.1306647E-01
 6.4767786E-01  8.4348689E-01  1.0719593E+00  1.1265167E+00  1.1231211E+00  1.9021822E+01  1.2317524E+00  1.2224673E+00  1.0719593E+00  8.4348689E-01  6.4767786E-01
 6.8221042E-01  8.7575589E-01  1.1026151E+00  1.1573111E+00  1.1538680E+00  1.9448217E+01  1.2643991E+00  1.2549047E+00  1.1026151E+00  8.7575589E-01  6.8221042E-01
 7.1672602E-01  9.0802338E-01  1.1332682E+00  1.1880962E+00  1.1846061E+00  1.9859858E+01  1.2970457E+00  1.2873403E+00  1.1332682E+00  9.0802338E-01  7.1672602E-01
 7.5113764E-01  9.4020238E-01  1.1638320E+00  1.2187850E+00  1.2152486E+00  2.0255616E+01  1.3296046E+00  1.3196868E+00  1.1638320E+00  9.4020238E-01  7.5113764E-01
 7.8540700E-01  9.7225470E-01  1.1942682E+00  1.2493395E+00  1.2457571E+00  2.0634981E+01  1.3620370E+00  1.3519054E+00  1.1942682E+00  9.7225470E-01  7.8540700E-01
 8.1948795E-01  1.0041343E+00  1.2245311E+00  1.2797135E+00  1.2760860E+00  2.0997455E+01  1.3942962E+00  1.3839495E+00  1.2245311E+00  1.0041343E+00  8.1948795E-01
 8.5334852E-01  1.0358093E+00  1.2545889E+00  1.3098753E+00  1.3062032E+00  2.1342697E+01  1.4263498E+00  1.4157867E+00  1.2545889E+00  1.0358093E+00  8.5334852E-01
 8.8695261E-01  1.0672436E+00  1.2844058E+00  1.3397890E+00  1.3360729E+00  2.1670382E+01  1.4581611E+00  1.4473803E+00  1.2844058E+00  1.0672436E+00  8.8695261E-01
 9.2026398E-01  1.0984012E+00  1.3139459E+00  1.3694185E+00  1.3656591E+00  2.1980238E+01  1.4896934E+00  1.4786938E+00  1.3139459E+00  1.0984012E+00  9.2026398E-01
 9.5324726E-01  1.1292469E+00  1.3431742E+00  1.3987287E+00  1.3949267E+00  2.2272048E+01  1.5209107E+00  1.5096912E+00  1.3431742E+00  1.1292469E+00  9.5324726E-01
 9.8577299E-01  1.1596514E+00  1.3719615E+00  1.4275904E+00  1.4237466E+00  2.2545205E+01  1.5516830E+00  1.5402428E+00  1.3719615E+00  1.1596514E+00  9.8577299E-01
 1.0180020E+00  1.1897756E+00  1.4004691E+00  1.4561650E+00  1.4522799E+00  2.2800498E+01  1.5821707E+00  1.5705088E+00  1.4004691E+00  1.1897756E+00  1.0180020E+00
 1.0497736E+00  1.2194591E+00  1.4285370E+00  1.4842920E+00  1.4803665E+00  2.3037260E+01  1.6122127E+00  1.6003282E+00  1.4285370E+00  1.2194591E+00  1.0497736E+00
 3.5393025E-11  2.0883149E-01  4.5065855E-01  5.0575593E-01  5.0270342E-01  7.5820352E+00  5.9066712E-01  5.8370658E-01  4.5065855E-01  2.0883149E-01  3.5393989E-11
 2.3573648E-02  2.3009907E-01  4.7031998E-01  5.2563372E-01  5.2252607E-01  7.9981968E+00  6.1241342E-01  6.0524819E-01  4.7031998E-01  2.3009907E-01  2.3573648E-02
 4.7517909E-02  2.5174810E-01  4.9035935E-01  5.4588254E-01  5.4272008E-01  8.4152189E+00  6.3454820E-01  6.2717600E-01  4.9035935E-01  2.5174810E-01  4.7517909E-02
 7.1809011E-02  2.7375527E-01  5.1075363E-01  5.6647922E-01  5.6326232E-01  8.8320645E+00  6.5704766E-01  6.4946623E-01  5.1075363E-01  2.7375527E-01  7.1809011E-02
 9.6422280E-02  2.9609631E-01  5.3147883E-01  5.8739963E-01  5.8412870E-01  9.2477049E+00  6.7988702E-01  6.7209418E-01  5.3147883E-01  2.9609631E-01  9.6422280E-02
 1.2133218E-01  3.1874608E-01  5.5251007E-01  6.0861877E-01  6.0529423E-01  9.6611253E+00  7.0304058E-01  6.9503423E-01  5.5251007E-01  3.1874608E-01  1.2133218E-01
 1.4651238E-01  3.4167857E-01  5.7382158E-01  6.3011076E-01  6.2673305E-01  1.0071330E+01  7.2648183E-01  7.1825988E-01  5.7382158E-01  3.4167857E-01  1.4651238E-01
 1.7193576E-01  3.6486700E-01  5.9538679E-01  6.5184892E-01  6.4841851E-01  1.0477349E+01  7.5018340E-01  7.4174387E-01  5.9538679E-01  3.6486700E-01  1.7193576E-01
 1.9757452E-01  3.8828382E-01  6.1717838E-01  6.7380583E-01  6.7032321E-01  1.0878239E+01  7.7411719E-01  7.6545813E-01  6.1717838E-01  3.8828382E-01  1.9757452E-01
 2.2340014E-01  4.1190080E-01  6.3916831E-01  6.9595334E-01  6.9241903E-01  1.1273089E+01  7.9825439E-01  7.8937389E-01  6.3916832E-01  4.1190080E-01  2.2340014E-01
 2.4938352E-01  4.3568905E-01  6.6132789E-01  7.1826267E-01  7.1467720E-01  1.1661026E+01  8.2256549E-01  8.1346175E-01  6.6132789E-01  4.3568905E-01  2.4938352E-01
 2.7549492E-01  4.5961905E-01  6.8362779E-01  7.4070440E-01  7.3706834E-01  1.2041214E+01  8.4702039E-01  8.3769164E-01  6.8362779E-01  4.5961905E-01  2.7549492E-01
 3.0169370E-01  4.8365026E-01  7.0602758E-01  7.6323803E-01  7.5955196E-01  1.2412712E+01  8.7157797E-01  8.6202251E-01  7.0602758E-01  4.8365026E-01  3.0169370E-01
 3.2797598E-01  5.0777899E-01  7.2852374E-01  7.8585996E-01  7.8212447E-01  1.2775150E+01  8.9623390E-01  8.8645009E-01  7.2852374E-01  5.0777899E-01  3.2797598E-01
 3.5429745E-01  5.3196110E-01  7.5107230E-01  8.0852615E-01  8.0474186E-01  1.3127625E+01  9.2094340E-01  9.1092966E-01  7.5107230E-01  5.3196110E-01  3.5429745E-01
 3.8062787E-01  5.5616645E-01  7.7364327E-01  8.3120653E-01  8.2737409E-01  1.3469490E+01  9.4567572E-01  9.3543053E-01  7.7364327E-01  5.5616645E-01  3.8062787E-01
 4.0693700E-01  5.8036493E-01  7.9620668E-01  8.5387108E-01  8.4999115E-01  1.3800149E+01  9.7040008E-01  9.5992201E-01  7.9620668E-01  5.8036493E-01  4.0693700E-01
 4.3319476E-01  6.0452655E-01  8.1873267E-01  8.7648987E-01  8.7256314E-01  1.4119058E+01  9.9508587E-01  9.8437351E-01  8.1873267E-01  6.0452655E-01  4.3319476E-01
 4.5937126E-01  6.2862151E-01  8.4119160E-01  8.9903323E-01  8.9506037E-01  1.4425725E+01  1.0197026E+00  1.0087547E+00  8.4119160E-01  6.2862151E-01  4.5937126E-01
 4.8543696E-01  6.5262035E-01  8.6355412E-01  9.2147172E-01  9.1745348E-01  1.4719709E+01  1.0442201E+00  1.0330354E+00  8.6355412E-01  6.5262035E-01  4.8543696E-01
 5.1136269E-01  6.7649399E-01  8.8579129E-01  9.4377639E-01  9.3971349E-01  1.5000623E+01  1.0686087E+00  1.0571860E+00  8.8579129E-01  6.7649399E-01  5.1136269E-01
 5.3707669E-01  7.0017072E-01  9.0783154E-01  9.6587563E-01  9.6176881E-01  1.5267822E+01  1.0927961E+00  1.0811342E+00  9.0783154E-01  7.0017072E-01  5.3707669E-01
 5.6262728E-01  7.2369895E-01  9.2972342E-01  9.8781793E-01  9.8366798E-01  1.5521563E+01  1.1168297E+00  1.1049278E+00  9.2972342E-01  7.2369895E-01  5.6262728E-01
 5.8794888E-01  7.4701315E-01  9.5140156E-01  1.0095379E+00  1.0053456E+00  1.5761321E+01  1.1406436E+00  1.1285007E+00  9.5140156E-01  7.4701315E-01  5.8794888E-01
 6.1301381E-01  7.7008575E-01  9.7283854E-01  1.0310081E+00  1.0267742E+00  1.5986899E+01  1.1642094E+00  1.1518245E+00  9.7283854E-01  7.7008575E-01  6.1301381E-01
 6.3778924E-01  7.9288397E-01  9.9400174E-01  1.0521959E+00  1.0479213E+00  1.6198131E+01  1.1874934E+00  1.1748659E+00  9.9400174E-01  7.9288397E-01  6.3778924E-01
 6.6225293E-01  8.1538568E-01  1.0148692E+00  1.0730792E+00  1.0687648E+00  1.6394932E+01  1.2104731E+00  1.1976022E+00  1.0148692E+00  8.1538568E-01  6.6225293E-01
 6.8638001E-01  8.3756611E-01  1.0354164E+00  1.0936336E+00  1.0892801E+00  1.6577239E+01  1.2331227E+00  1.2200078E+00  1.0354164E+00  8.3756611E-01  6.8638001E-01
 7.1014585E-01  8.5940075E-01  1.0556189E+00  1.1138346E+00  1.1094430E+00  1.6745031E+01  1.2554171E+00  1.2420576E+00  1.0556189E+00  8.5940075E-01  7.1014585E-01
 7.3352682E-01  8.8086611E-01  1.0754536E+00  1.1336590E+00  1.1292302E+00  1.6898329E+01  1.2773319E+00  1.2637275E+00  1.0754536E+00  8.8086611E-01  7.3352682E-01
 7.5643374E-01  9.0187315E-01  1.0948316E+00  1.1530180E+00  1.1485528E+00  1.7037165E+01  1.2987773E+00  1.2849278E+00  1.0948316E+00  9.0187315E-01  7.5643374E-01
 7.7898086E-01  9.2253631E-01  1.1138676E+00  1.1720263E+00  1.1675257E+00  1.7161673E+01  1.3198669E+00  1.3057720E+00  1.1138676E+00  9.2253631E-01  7.7898086E-01
 8.0105781E-01  9.4274541E-01  1.1324517E+00  1.1905739E+00  1.1860389E+00  1.7271940E+01  1.3404898E+00  1.3261494E+00  1.1324517E+00  9.4274541E-01  8.0105781E-01
 2.9245705E-11  1.7661264E-01  3.9923206E-01  4.5932403E-01  4.5553101E-01  6.6138534E+00  5.6229335E-01  5.5340733E-01  3.9923206E-01  1.7661264E-01  2.9245916E-11
 1.9420058E-02  1.9394872E-01  4.1493374E-01  4.7513831E-01  4.7129113E-01  6.9292153E+00  5.8030923E-01  5.7118163E-01  4.1493374E-01  1.9394872E-01  1.9420058E-02
 3.9027752E-02  2.1148307E-01  4.3083032E-01  4.9113958E-01  4.8723884E-01  7.2419942E+00  5.9852532E-01  5.8915407E-01  4.3083032E-01  2.1148307E-01  3.9027752E-02
 5.8800983E-02  2.2919403E-01  4.4690051E-01  5.0730643E-01  5.0335274E-01  7.5513944E+00  6.1691927E-01  6.0730242E-01  4.4690051E-01  2.2919403E-01  5.8800983E-02
 7.8717212E-02  2.4705943E-01  4.6312249E-01  5.2361695E-01  5.1961095E-01  7.8566440E+00  6.3546827E-01  6.2560392E-01  4.6312249E-01  2.4705943E-01  7.8717212E-02
 9.8753510E-02  2.6505673E-01  4.7947402E-01  5.4004882E-01  5.3599116E-01  8.1569990E+00  6.5414904E-01  6.4403541E-01  4.7947402E-01  2.6505673E-01  9.8753510E-02
 1.1888662E-01  2.8316296E-01  4.9593248E-01  5.5657932E-01  5.5247070E-01  8.4517467E+00  6.7293797E-01  6.6257331E-01  4.9593248E-01  2.8316296E-01  1.1888662E-01
 1.3909298E-01  3.0135490E-01  5.1247491E-01  5.7318541E-01  5.6902656E-01  8.7402085E+00  6.9181109E-01  6.8119380E-01  5.1247491E-01  3.0135490E-01  1.3909298E-01
 1.5934883E-01  3.1960902E-01  5.2907808E-01  5.8984380E-01  5.8563546E-01  9.0217422E+00  7.1074418E-01  6.9987270E-01  5.2907808E-01  3.1960902E-01  1.5934883E-01
 1.7963019E-01  3.3790159E-01  5.4571853E-01  6.0653096E-01  6.0227388E-01  9.2957442E+00  7.2971278E-01  7.1858567E-01  5.4571853E-01  3.3790159E-01  1.7963019E-01
 1.9991292E-01  3.5620872E-01  5.6237260E-01  6.2322319E-01  6.1891816E-01  9.5616511E+00  7.4869225E-01  7.3730813E-01  5.6237260E-01  3.5620872E-01  1.9991292E-01
 2.2017278E-01  3.7450636E-01  5.7901652E-01  6.3989664E-01  6.3554448E-01  9.8189403E+00  7.6765781E-01  7.5601542E-01  5.7901652E-01  3.7450636E-01  2.2017278E-01
 2.4037721E-01  3.9276204E-01  5.9561796E-01  6.5651896E-01  6.5212051E-01  1.0067054E+01  7.8657630E-01  7.7467443E-01  5.9561796E-01  3.9276204E-01  2.4037721E-01
 2.6052340E-01  4.1097315E-01  6.1217458E-01  6.7308775E-01  6.6864384E-01  1.0305763E+01  8.0544434E-01  7.9328188E-01  6.1217458E-01  4.1097315E-01  2.6052340E-01
 2.8057641E-01  4.2910489E-01  6.2865177E-01  6.8956839E-01  6.8507991E-01  1.0534561E+01  8.2422637E-01  8.1180229E-01  6.2865177E-01  4.2910489E-01  2.8057641E-01
 3.0051300E-01  4.4713415E-01  6.4502664E-01  7.0593792E-01  7.0140577E-01  1.0753103E+01  8.4289850E-01  8.3021188E-01  6.4502664E-01  4.4713415E-01  3.0051300E-01
 3.2031028E-01  4.6503816E-01  6.6127661E-01  7.2217376E-01  7.1759886E-01  1.0961087E+01  8.6143720E-01  8.4848722E-01  6.6127661E-01  4.6503816E-01  3.2031028E-01
 3.3994584E-01  4.8279459E-01  6.7737954E-01  7.3825375E-01  7.3363702E-01  1.1158256E+01  8.7981940E-01  8.6660528E-01  6.7737954E-01  4.8279459E-01  3.3994584E-01
 3.5939776E-01  5.0038162E-01  6.9331379E-01  7.5415622E-01  7.4949862E-01  1.1344394E+01  8.9802246E-01  8.8454356E-01  6.9331379E-01  5.0038162E-01  3.5939776E-01
 3.7864470E-01  5.1777798E-01  7.0905828E-01  7.6986008E-01  7.6516259E-01  1.1519327E+01  9.1602435E-01  9.0228012E-01  7.0905828E-01  5.1777798E-01  3.7864470E-01
 3.9766596E-01  5.3496306E-01  7.2459256E-01  7.8534489E-01  7.8060848E-01  1.1682925E+01  9.3380367E-01  9.1979361E-01  7.2459256E-01  5.3496306E-01  3.9766596E-01
 4.1640998E-01  5.5188536E-01  7.3986534E-01  8.0055932E-01  7.9578502E-01  1.1835016E+01  9.5130813E-01  9.3703188E-01  7.3986534E-01  5.5188536E-01  4.1640998E-01
 4.3491329E-01  5.6858149E-01  7.5491339E-01  8.1554017E-01  8.1072900E-01  1.1975680E+01  9.6857352E-01  9.5403081E-01  7.5491339E-01  5.6858149E-01  4.3491329E-01
 4.5312932E-01  5.8500493E-01  7.6969040E-01  8.3024112E-01  8.2539412E-01  1.2104817E+01  9.8555250E-01  9.7074317E-01  7.6969040E-01  5.8500493E-01  4.5312932E-01
 4.7103963E-01  6.0113735E-01  7.8417822E-01  8.4464402E-01  8.3976226E-01  1.2222436E+01  1.0022260E+00  9.8714993E-01  7.8417822E-01  6.0113735E-01  4.7103963E-01
 4.8862261E-01  6.1695720E-01  7.9835551E-01  8.5872757E-01  8.5381212E-01  1.2328594E+01  1.0185716E+00  1.0032289E+00  7.9835551E-01  6.1695720E-01  4.8862261E-01
 5.0586426E-01  6.3245056E-01  8.1220857E-01  8.7247807E-01  8.6753002E-01  1.2423364E+01  1.0345744E+00  1.0189652E+00  8.1220857E-01  6.3245056E-01  5.0586426E-01
 5.2274896E-01  6.4760192E-01  8.2572211E-01  8.8588025E-01  8.8090072E-01  1.2506850E+01  1.0502183E+00  1.0343428E+00  8.2572211E-01  6.4760192E-01  5.2274896E-01
 5.3926155E-01  6.6239623E-01  8.3888131E-01  8.9891933E-01  8.9390944E-01  1.2579182E+01  1.0654873E+00  1.0493458E+00  8.3888131E-01  6.6239623E-01  5.3926155E-01
 5.5538781E-01  6.7681938E-01  8.5167235E-01  9.1158151E-01  9.0654241E-01  1.2640515E+01  1.0803663E+00  1.0639596E+00  8.5167235E-01  6.7681938E-01  5.5538781E-01
 5.7107067E-01  6.9081446E-01  8.6403856E-01  9.2381017E-01  9.1874302E-01  1.2691262E+01  1.0947977E+00  1.0781261E+00  8.6403856E-01  6.9081446E-01  5.7107067E-01
 5.8638698E-01  7.0445845E-01  8.7605726E-01  9.3568267E-01  9.3058864E-01  1.2731144E+01  1.1088574E+00  1.0919219E+00  8.7605726E-01  7.0445845E-01  5.8638698E-01
 6.0126621E-01  7.1768103E-01  8.8765841E-01  9.4712901E-01  9.4200931E-01  1.2760689E+01  1.1224743E+00  1.1052756E+00  8.8765841E-01  7.1768103E-01  6.0126621E-01
 2.3801926E-11  1.4725840E-01  3.5016778E-01  4.1406492E-01  4.0948756E-01  5.7207037E+00  5.4012018E-01  5.2880510E-01  3.5016778E-01  1.4725840E-01  2.3801396E-11
 1.5754756E-02  1.6113886E-01  3.6237621E-01  4.2626515E-01  4.2163642E-01  5.9501732E+00  5.5484277E-01  5.4324830E-01  3.6237621E-01  1.6113886E-01  1.5754756E-02
 3.1560541E-02  1.7508102E-01  3.7464483E-01  4.3851775E-01  4.3383848E-01  6.1749811E+00  5.6962428E-01  5.5774891E-01  3.7464483E-01  1.7508102E-01  3.1560541E-02
 4.7398337E-02  1.8906629E-01  3.8695535E-01  4.5080431E-01  4.4607540E-01  6.3945757E+00  5.8444508E-01  5.7228739E-01  3.8695535E-01  1.8906629E-01  4.7398337E-02
 6.3249054E-02  2.0307593E-01  3.9928937E-01  4.6310632E-01  4.5832871E-01  6.6084368E+00  5.9928541E-01  5.8684410E-01  3.9928938E-01  2.0307593E-01  6.3249054E-02
 7.9093588E-02  2.1709118E-01  4.1162844E-01  4.7540522E-01  4.7057986E-01  6.8160779E+00  6.1412548E-01  6.0139935E-01  4.1162844E-01  2.1709118E-01  7.9093588E-02
 9.4912862E-02  2.3109327E-01  4.2395408E-01  4.8768245E-01  4.8281032E-01  7.0170474E+00  6.2894548E-01  6.1593345E-01  4.2395408E-01  2.3109327E-01  9.4912862E-02
 1.1068787E-01  2.4506348E-01  4.3624786E-01  4.9991946E-01  4.9500160E-01  7.2109300E+00  6.4372567E-01  6.3042677E-01  4.3624786E-01  2.4506348E-01  1.1068787E-01
 1.2639974E-01  2.5898317E-01  4.4849141E-01  5.1209782E-01  5.0713529E-01  7.3973478E+00  6.5844638E-01  6.4485974E-01  4.4849141E-01  2.5898317E-01  1.2639974E-01
 1.4202971E-01  2.7283383E-01  4.6066649E-01  5.2419921E-01  5.1919310E-01  7.5759602E+00  6.7308807E-01  6.5921295E-01  4.6066649E-01  2.7283383E-01  1.4202971E-01
 1.5755923E-01  2.8659713E-01  4.7275501E-01  5.3620546E-01  5.3115688E-01  7.7464645E+00  6.8763137E-01  6.7346713E-01  4.7275501E-01  2.8659713E-01  1.5755923E-01
 1.7296995E-01  3.0025489E-01  4.8473906E-01  5.4809861E-01  5.4300870E-01  7.9085955E+00  7.0205707E-01  6.8760321E-01  4.8473907E-01  3.0025489E-01  1.7296995E-01
 1.8823751E-01  3.1378285E-01  4.9659455E-01  5.5985449E-01  5.5472442E-01  8.0621028E+00  7.1633999E-01  7.0159607E-01  4.9659455E-01  3.1378285E-01  1.8823751E-01
 2.0336049E-01  3.2717979E-01  5.0832049E-01  5.7147208E-01  5.6630304E-01  8.2068636E+00  7.3047782E-01  7.1544356E-01  5.0832050E-01  3.2717979E-01  2.0336049E-01
 2.1831316E-01  3.4042009E-01  5.1989152E-01  5.8292596E-01  5.7771916E-01  8.3426828E+00  7.4444397E-01  7.2911916E-01  5.1989153E-01  3.4042009E-01  2.1831316E-01
 2.3307905E-01  3.5348743E-01  5.3129151E-01  5.9419997E-01  5.8895665E-01  8.4694420E+00  7.5822108E-01  7.4260567E-01  5.3129151E-01  3.5348743E-01  2.3307905E-01
 2.4764225E-01  3.6636598E-01  5.4250485E-01  6.0527846E-01  5.9999987E-01  8.5870568E+00  7.7179235E-01  7.5588638E-01  5.4250485E-01  3.6636598E-01  2.4764225E-01
 2.6198742E-01  3.7904051E-01  5.5351650E-01  6.1614639E-01  6.1083379E-01  8.6954757E+00  7.8514153E-01  7.6894518E-01  5.5351650E-01  3.7904051E-01  2.6198742E-01
 2.7609988E-01  3.9149640E-01  5.6431205E-01  6.2678930E-01  6.2144401E-01  8.7946785E+00  7.9825305E-01  7.8176658E-01  5.6431205E-01  3.9149640E-01  2.7609988E-01
 2.8996559E-01  4.0371970E-01  5.7487774E-01  6.3719344E-01  6.3181676E-01  8.8846747E+00  8.1111196E-01  7.9433578E-01  5.7487775E-01  4.0371970E-01  2.8996559E-01
 3.0357123E-01  4.1569716E-01  5.8520054E-01  6.4734577E-01  6.4193901E-01  8.9655024E+00  8.2370405E-01  8.0663866E-01  5.8520054E-01  4.1569716E-01  3.0357123E-01
 3.1688255E-01  4.2739459E-01  5.9524644E-01  6.5721229E-01  6.5177679E-01  9.0373038E+00  8.3599414E-01  8.1864020E-01  5.9524644E-01  4.2739459E-01  3.1688255E-01
 3.2992593E-01  4.3883844E-01  6.0504210E-01  6.6681965E-01  6.6135678E-01  9.1000335E+00  8.4800773E-01  8.3036599E-01  6.0504210E-01  4.3883844E-01  3.2992593E-01
 3.4267088E-01  4.4999828E-01  6.1455730E-01  6.7613766E-01  6.7064878E-01  9.1538615E+00  8.5971343E-01  8.4178476E-01  6.1455730E-01  4.4999828E-01  3.4267088E-01
 3.5510653E-01  4.6086330E-01  6.2378145E-01  6.8515577E-01  6.7964225E-01  9.1989220E+00  8.7109947E-01  8.5288490E-01  6.2378145E-01  4.6086330E-01  3.5510653E-01
 3.6722031E-01  4.7142100E-01  6.3270227E-01  6.9386171E-01  6.8832495E-01  9.2353947E+00  8.8215238E-01  8.6365305E-01  6.3270227E-01  4.7142100E-01  3.6722031E-01
 3.7900468E-01  4.8166392E-01  6.4131254E-01  7.0224830E-01  6.9668971E-01  9.2634395E+00  8.9286376E-01  8.7408095E-01  6.4131254E-01  4.8166392E-01  3.7900468E-01
 3.9045125E-01  4.9158375E-01  6.4960421E-01  7.1030755E-01  7.0472853E-01  9.2832430E+00  9.0322435E-01  8.8415947E-01  6.4960421E-01  4.9158375E-01  3.9045125E-01
 4.0155214E-01  5.0117271E-01  6.5756975E-01  7.1803199E-01  7.1243395E-01  9.2950088E+00  9.1322541E-01  8.9388000E-01  6.5756975E-01  5.0117271E-01  4.0155214E-01
 4.1230027E-01  5.1042381E-01  6.6520246E-01  7.2541497E-01  7.1979935E-01  9.2989530E+00  9.2285899E-01  9.0323477E-01  6.6520246E-01  5.1042381E-01  4.1230027E-01
 4.2266313E-01  5.1930467E-01  6.7247026E-01  7.3242449E-01  7.2679274E-01  9.2956636E+00  9.3209175E-01  9.1219056E-01  6.7247026E-01  5.1930467E-01  4.2266313E-01
 4.3268834E-01  5.2786303E-01  6.7942123E-01  7.3910871E-01  7.3346226E-01  9.2846442E+00  9.4097047E-01  9.2079433E-01  6.7942123E-01  5.2786303E-01  4.3268834E-01
 4.4233573E-01  5.3605889E-01  6.8601569E-01  7.4542807E-01  7.3976836E-01  9.2666205E+00  9.4945418E-01  9.2900524E-01  6.8601569E-01  5.3605889E-01  4.4233573E-01
 1.8999640E-11  1.2051417E-01  3.0305690E-01  3.6936883E-01  3.6391738E-01  4.8948198E+00  5.2415003E-01  5.0985603E-01  3.0305690E-01  1.2051417E-01  1.9000112E-11
 1.2533586E-02  1.3137649E-01  3.1222001E-01  3.7842749E-01  3.7293130E-01  5.0519060E+00  5.3603765E-01  5.2142635E-01  3.1222001E-01  1.3137649E-01  1.2533586E-02
 2.5022251E-02  1.4220489E-01  3.2134881E-01  3.8744202E-01  3.8190247E-01  5.2034230E+00  5.4787632E-01  5.3294694E-01  3.2134881E-01  1.4220489E-01  2.5022251E-02
 3.7450906E-02  1.5298467E-01  3.3042904E-01  3.9639809E-01  3.9081655E-01  5.3490425E+00  5.5965005E-01  5.4440196E-01  3.3042904E-01  1.5298467E-01  3.7450906E-02
 4.9804662E-02  1.6370126E-01  3.3944658E-01  4.0528148E-01  3.9965939E-01  5.4884685E+00  5.7134303E-01  5.5577576E-01  3.3944658E-01  1.6370126E-01  4.9804662E-02
 6.2068864E-02  1.7434032E-01  3.4838752E-01  4.1407820E-01  4.0841701E-01  5.6214373E+00  5.8293964E-01  5.6705289E-01  3.4838752E-01  1.7434032E-01  6.2068864E-02
 7.4229130E-02  1.8488774E-01  3.5723815E-01  4.2277450E-01  4.1707567E-01  5.7477182E+00  5.9442457E-01  5.7821818E-01  3.5723815E-01  1.8488774E-01  7.4229130E-02
 8.6271383E-02  1.9532971E-01  3.6598504E-01  4.3135687E-01  4.2562191E-01  5.8671131E+00  6.0578277E-01  5.8925674E-01  3.6598504E-01  1.9532971E-01  8.6271383E-02
 9.8181876E-02  2.0565271E-01  3.7461503E-01  4.3981213E-01  4.3404257E-01  5.9794564E+00  6.1699951E-01  6.0015401E-01  3.7461503E-01  2.0565271E-01  9.8181876E-02
 1.0994722E-01  2.1584355E-01  3.8311530E-01  4.4812744E-01  4.4232481E-01  6.0846140E+00  6.2806043E-01  6.1089578E-01  3.8311530E-01  2.1584355E-01  1.0994722E-01
 1.2155439E-01  2.2588941E-01  3.9147336E-01  4.5629028E-01  4.5045614E-01  6.1824834E+00  6.3895152E-01  6.2146818E-01  3.9147336E-01  2.2588941E-01  1.2155439E-01
 1.3299075E-01  2.3577782E-01  3.9967708E-01  4.6428851E-01  4.5842444E-01  6.2729919E+00  6.4965916E-01  6.3185777E-01  3.9967708E-01  2.3577782E-01  1.3299075E-01
 1.4423968E-01  2.4549224E-01  4.0771015E-01  4.7210584E-01  4.6621342E-01  6.3561128E+00  6.6016577E-01  6.4204708E-01  4.0771015E-01  2.4549224E-01  1.4423968E-01
 1.5530104E-01  2.5503268E-01  4.1557292E-01  4.7974261E-01  4.7382345E-01  6.4317981E+00  6.7047021E-01  6.5203514E-01  4.1557292E-01  2.5503268E-01  1.5530104E-01
 1.6615755E-01  2.6438201E-01  4.2324854E-01  4.8718200E-01  4.8123772E-01  6.5000707E+00  6.8055424E-01  6.6180385E-01  4.2324854E-01  2.6438201E-01  1.6615755E-01
 1.7679882E-01  2.7352991E-01  4.3072697E-01  4.9441400E-01  4.8844623E-01  6.5609656E+00  6.9040646E-01  6.7134199E-01  4.3072697E-01  2.7352991E-01  1.7679882E-01
 1.8721501E-01  2.8246664E-01  4.3799872E-01  5.0142919E-01  4.9543956E-01  6.6145407E+00  7.0001610E-01  6.8063890E-01  4.3799872E-01  2.8246664E-01  1.8721501E-01
 1.9739689E-01  2.9118304E-01  4.4505491E-01  5.0821872E-01  5.0220887E-01  6.6608758E+00  7.0937296E-01  6.8968455E-01  4.4505491E-01  2.9118304E-01  1.9739689E-01
 2.0733586E-01  2.9967059E-01  4.5188724E-01  5.1477435E-01  5.0874594E-01  6.7000706E+00  7.1846750E-01  6.9846954E-01  4.5188723E-01  2.9967059E-01  2.0733586E-01
 2.1702396E-01  3.0792137E-01  4.5848804E-01  5.2108850E-01  5.1504318E-01  6.7322429E+00  7.2729082E-01  7.0698511E-01  4.5848804E-01  3.0792137E-01  2.1702396E-01
 2.2645388E-01  3.1592813E-01  4.6485031E-01  5.2715422E-01  5.2109367E-01  6.7575276E+00  7.3583468E-01  7.1522318E-01  4.6485031E-01  3.1592813E-01  2.2645388E-01
 2.3560548E-01  3.2367079E-01  4.7095418E-01  5.3295178E-01  5.2687764E-01  6.7762412E+00  7.4407805E-01  7.2316286E-01  4.7095418E-01  3.2367079E-01  2.3560548E-01
 2.4449650E-01  3.3116712E-01  4.7681768E-01  5.3849926E-01  5.3241321E-01  6.7882561E+00  7.5203777E-01  7.3082111E-01  4.7681767E-01  3.3116712E-01  2.4449650E-01
 2.5310940E-01  3.3839962E-01  4.8242353E-01  5.4377954E-01  5.3768323E-01  6.7938882E+00  7.5969541E-01  7.3817970E-01  4.8242353E-01  3.3839962E-01  2.5310940E-01
 2.6143911E-01  3.4536327E-01  4.8776695E-01  5.4878793E-01  5.4268305E-01  6.7933269E+00  7.6704503E-01  7.4523280E-01  4.8776695E-01  3.4536327E-01  2.6143911E-01
 2.6947981E-01  3.5205231E-01  4.9284243E-01  5.5351906E-01  5.4740726E-01  6.7868003E+00  7.7408001E-01  7.5197394E-01  4.9284243E-01  3.5205231E-01  2.6947981E-01
 2.7722873E-01  3.5846401E-01  4.9764749E-01  5.5797058E-01  5.5185355E-01  6.7744974E+00  7.8079672E-01  7.5839966E-01  4.9764749E-01  3.5846401E-01  2.7722873E-01
 2.8468274E-01  3.6459529E-01  5.0217930E-01  5.6213985E-01  5.5601923E-01  6.7566288E+00  7.8719121E-01  7.6450618E-01  5.0217930E-01  3.6459529E-01  2.8468274E-01
 2.9183914E-01  3.7044353E-01  5.0643551E-01  5.6602467E-01  5.5990211E-01  6.7334131E+00  7.9326004E-01  7.7029017E-01  5.0643551E-01  3.7044353E-01  2.9183914E-01
 2.9869584E-01  3.7600671E-01  5.1041439E-01  5.6962348E-01  5.6350065E-01  6.7050724E+00  7.9900032E-01  7.7574894E-01  5.1041439E-01  3.7600671E-01  2.9869584E-01
 3.0523815E-01  3.8127023E-01  5.1410164E-01  5.7292218E-01  5.6680071E-01  6.6722193E+00  8.0439663E-01  7.8086724E-01  5.1410163E-01  3.8127023E-01  3.0523815E-01
 3.1149173E-01  3.8625983E-01  5.1752331E-01  5.7594703E-01  5.6982857E-01  6.6342950E+00  8.0947390E-01  7.8567015E-01  5.1752331E-01  3.8625983E-01  3.1149173E-01
 3.1743833E-01  3.9095739E-01  5.2066162E-01  5.7868046E-01  5.7256662E-01  6.5920440E+00  8.1421319E-01  7.9013891E-01  5.2066162E-01  3.9095739E-01  3.1743833E-01
 1.4793127E-11  9.6224612E-02  2.5728815E-01  3.2579591E-01  3.1941560E-01  4.1231983E+00  5.1665253E-01  4.9865922E-01  2.5728814E-01  9.6224612E-02  1.4792400E-11
 9.7226415E-03  1.0448008E-01  2.6382058E-01  3.3207958E-01  3.2566968E-01  4.2209926E+00  5.2597297E-01  5.0762784E-01  2.6382057E-01  1.0448008E-01  9.7226415E-03
 1.9340031E-02  1.1264169E-01  2.7026240E-01  3.3826010E-01  3.3182242E-01  4.3132445E+00  5.3516774E-01  5.1647148E-01  2.7026240E-01  1.1264169E-01  1.9340031E-02
 2.8841291E-02  1.2069888E-01  2.7660358E-01  3.4432749E-01  3.3786386E-01  4.3998082E+00  5.4422492E-01  5.2517842E-01  2.7660358E-01  1.2069888E-01  2.8841291E-02
 3.8215902E-02  1.2864144E-01  2.8283437E-01  3.5027206E-01  3.4378435E-01  4.4805653E+00  5.5313293E-01  5.3373727E-01  2.8283437E-01  1.2864144E-01  3.8215902E-02
 4.7453720E-02  1.3645949E-01  2.8894537E-01  3.5608449E-01  3.4957456E-01  4.5554252E+00  5.6188061E-01  5.4213705E-01  2.8894536E-01  1.3645949E-01  4.7453720E-02
 5.6545004E-02  1.4414353E-01  2.9492750E-01  3.6175582E-01  3.5522554E-01  4.6243240E+00  5.7045716E-01  5.5036718E-01  2.9492749E-01  1.4414353E-01  5.6545004E-02
 6.5480431E-02  1.5168446E-01  3.0077206E-01  3.6727744E-01  3.6072872E-01  4.6872234E+00  5.7885225E-01  5.5841748E-01  3.0077206E-01  1.5168446E-01  6.5480431E-02
 7.4251108E-02  1.5907357E-01  3.0647076E-01  3.7264119E-01  3.6607591E-01  4.7441102E+00  5.8705597E-01  5.6627826E-01  3.0647075E-01  1.5907357E-01  7.4251108E-02
 8.2848582E-02  1.6630259E-01  3.1201566E-01  3.7783927E-01  3.7125935E-01  4.7949951E+00  5.9505888E-01  5.7394022E-01  3.1201566E-01  1.6630259E-01  8.2848582E-02
 9.1264848E-02  1.7336368E-01  3.1739928E-01  3.8286435E-01  3.7627168E-01  4.8399112E+00  6.0285196E-01  5.8139457E-01  3.1739928E-01  1.7336368E-01  9.1264848E-02
 9.9492343E-02  1.8024941E-01  3.2261451E-01  3.8770948E-01  3.8110599E-01  4.8789130E+00  6.1042670E-01  5.8863293E-01  3.2261451E-01  1.8024941E-01  9.9492343E-02
 1.0752119E-01  1.8694998E-01  3.2765179E-01  3.9236524E-01  3.8575286E-01  4.9121106E+00  6.1777229E-01  5.9564468E-01  3.2765178E-01  1.8694998E-01  1.0752119E-01
 1.1535220E-01  1.9346629E-01  3.3251232E-01  3.9683305E-01  3.9021368E-01  4.9395124E+00  6.2488856E-01  6.0242982E-01  3.3251232E-01  1.9346629E-01  1.1535220E-01
 1.2297534E-01  1.9978845E-01  3.3718649E-01  4.0110346E-01  3.9447903E-01  4.9612690E+00  6.3176462E-01  6.0897761E-01  3.3718649E-01  1.9978845E-01  1.2297534E-01
 1.3038521E-01  2.0591110E-01  3.4166919E-01  4.0517158E-01  3.9854400E-01  4.9775029E+00  6.3839411E-01  6.1528189E-01  3.4166919E-01  2.0591110E-01  1.3038521E-01
 1.3757690E-01  2.1182940E-01  3.4595581E-01  4.0903301E-01  4.0240419E-01  4.9883497E+00  6.4477128E-01  6.2133706E-01  3.4595581E-01  2.1182940E-01  1.3757690E-01
 1.4454605E-01  2.1753904E-01  3.5004226E-01  4.1268387E-01  4.0605571E-01  4.9939571E+00  6.5089090E-01  6.2713806E-01  3.5004226E-01  2.1753904E-01  1.4454605E-01
 1.5128880E-01  2.2303621E-01  3.5392494E-01  4.1612079E-01  4.0949520E-01  4.9944828E+00  6.5674831E-01  6.3268036E-01  3.5392493E-01  2.2303621E-01  1.5128880E-01
 1.5780187E-01  2.2831764E-01  3.5760077E-01  4.1934094E-01  4.1271981E-01  4.9900932E+00  6.6233938E-01  6.3796003E-01  3.5760077E-01  2.2831764E-01  1.5780187E-01
 1.6408245E-01  2.3338058E-01  3.6106720E-01  4.2234201E-01  4.1572720E-01  4.9809617E+00  6.6766056E-01  6.4297364E-01  3.6106720E-01  2.3338058E-01  1.6408245E-01
 1.7012110E-01  2.3821559E-01  3.6431498E-01  4.2511499E-01  4.1850838E-01  4.9674533E+00  6.7270164E-01  6.4771118E-01  3.6431498E-01  2.3821559E-01  1.7012110E-01
 1.7592868E-01  2.4283356E-01  3.6735517E-01  4.2767121E-01  4.2107467E-01  4.9494311E+00  6.7747276E-01  6.5218290E-01  3.6735517E-01  2.4283356E-01  1.7592868E-01
 1.8149732E-01  2.4722664E-01  3.7018009E-01  4.3000328E-01  4.2341864E-01  4.9272408E+00  6.8196536E-01  6.5638042E-01  3.7018009E-01  2.4722664E-01  1.8149732E-01
 1.8682599E-01  2.5139380E-01  3.7278892E-01  4.3211064E-01  4.2553971E-01  4.9010775E+00  6.8617774E-01  6.6030220E-01  3.7278892E-01  2.5139380E-01  1.8682599E-01
 1.9191358E-01  2.5533398E-01  3.7518075E-01  4.3399267E-01  4.2743729E-01  4.8711659E+00  6.9010817E-01  6.6394667E-01  3.7518075E-01  2.5533398E-01  1.9191358E-01
 1.9676046E-01  2.5904754E-01  3.7735615E-01  4.3565026E-01  4.2911220E-01  4.8376856E+00  6.9375641E-01  6.6731372E-01  3.7735615E-01  2.5904754E-01  1.9676046E-01
 2.0136696E-01  2.6253484E-01  3.7931565E-01  4.3708424E-01  4.3056528E-01  4.8008314E+00  6.9712221E-01  6.7040329E-01  3.7931565E-01  2.6253484E-01  2.0136696E-01
 2.0573371E-01  2.6579656E-01  3.8106015E-01  4.3829583E-01  4.3179773E-01  4.7607994E+00  7.0020571E-01  6.7321567E-01  3.8106015E-01  2.6579656E-01  2.0573371E-01
 2.0986178E-01  2.6883379E-01  3.8259093E-01  4.3928666E-01  4.3281113E-01  4.7177838E+00  7.0300747E-01  6.7575155E-01  3.8259093E-01  2.6883379E-01  2.0986178E-01
 2.1374839E-01  2.7164380E-01  3.8390551E-01  4.4005458E-01  4.3360334E-01  4.6723260E+00  7.0552425E-01  6.7800790E-01  3.8390551E-01  2.7164380E-01  2.1374839E-01
 2.1740368E-01  2.7423679E-01  3.8501430E-01  4.4061038E-01  4.3418510E-01  4.6239068E+00  7.0776577E-01  6.7999458E-01  3.8501430E-01  2.7423679E-01  2.1740368E-01
 2.2082401E-01  2.7660919E-01  3.8591400E-01  4.4095111E-01  4.3455347E-01  4.5731773E+00  7.0972803E-01  6.8170777E-01  3.8591400E-01  2.7660919E-01  2.2082401E-01
 1.1151074E-11  7.4407740E-02  2.1220477E-01  2.8203473E-01  2.7476876E-01  3.4001161E+00  5.1695205E-01  4.9445950E-01  2.1220477E-01  7.4407740E-02  1.1151420E-11
 7.3007272E-03  8.0448128E-02  2.1657433E-01  2.8591386E-01  2.7864178E-01  3.4515053E+00  5.2386099E-01  5.0099711E-01  2.1657433E-01  8.0448128E-02  7.3007272E-03
 1.4465645E-02  8.6364371E-02  2.2082779E-01  2.8966416E-01  2.8238822E-01  3.4979877E+00  5.3059568E-01  5.0736289E-01  2.2082779E-01  8.6364371E-02  1.4465645E-02
 2.1487943E-02  9.2149938E-02  2.2495898E-01  2.9327981E-01  2.8600224E-01  3.5395550E+00  5.3714818E-01  5.1354916E-01  2.2495898E-01  9.2149938E-02  2.1487943E-02
 2.8361228E-02  9.7798687E-02  2.2896212E-01  2.9675534E-01  2.8947837E-01  3.5762204E+00  5.4351099E-01  5.1954864E-01  2.2896212E-01  9.7798687E-02  2.8361228E-02
 3.5079527E-02  1.0330488E-01  2.3283178E-01  3.0008567E-01  2.9281152E-01  3.6080174E+00  5.4967707E-01  5.2535452E-01  2.3283178E-01  1.0330488E-01  3.5079527E-02
 4.1637304E-02  1.0866317E-01  2.3656291E-01  3.0326608E-01  2.9599700E-01  3.6349984E+00  5.5563982E-01  5.3096047E-01  2.3656291E-01  1.0866317E-01  4.1637304E-02
 4.8029450E-02  1.1386863E-01  2.4015086E-01  3.0629229E-01  2.9903049E-01  3.6572336E+00  5.6139316E-01  5.3636059E-01  2.4015086E-01  1.1386863E-01  4.8029450E-02
 5.4251295E-02  1.1891676E-01  2.4359137E-01  3.0916036E-01  3.0190807E-01  3.6748092E+00  5.6693143E-01  5.4154946E-01  2.4359137E-01  1.1891676E-01  5.4251295E-02
 6.0298596E-02  1.2380344E-01  2.4688055E-01  3.1186682E-01  3.0462622E-01  3.6878268E+00  5.7224946E-01  5.4652213E-01  2.4688055E-01  1.2380344E-01  6.0298596E-02
 6.6167536E-02  1.2852499E-01  2.5001491E-01  3.1440852E-01  3.0718180E-01  3.6964012E+00  5.7734252E-01  5.5127410E-01  2.5001491E-01  1.2852499E-01  6.6167536E-02
 7.1854712E-02  1.3307810E-01  2.5299137E-01  3.1678274E-01  3.0957208E-01  3.7006599E+00  5.8220637E-01  5.5580130E-01  2.5299137E-01  1.3307810E-01  7.1854712E-02
 7.7355609E-02  1.3745830E-01  2.5580554E-01  3.1898547E-01  3.1179301E-01  3.7007866E+00  5.8683568E-01  5.6009861E-01  2.5580554E-01  1.3745830E-01  7.7355609E-02
 8.2671863E-02  1.4166732E-01  2.5845934E-01  3.2101899E-01  3.1384687E-01  3.6968198E+00  5.9123130E-01  5.6416707E-01  2.5845934E-01  1.4166732E-01  8.2671863E-02
 8.7799055E-02  1.4570080E-01  2.6094855E-01  3.2287948E-01  3.1572981E-01  3.6889675E+00  5.9538806E-01  5.6800172E-01  2.6094855E-01  1.4570080E-01  8.7799055E-02
 9.2735544E-02  1.4955714E-01  2.6327170E-01  3.2456586E-01  3.1744071E-01  3.6773889E+00  5.9930363E-01  5.7160039E-01  2.6327170E-01  1.4955714E-01  9.2735544E-02
 9.7480096E-02  1.5323513E-01  2.6542770E-01  3.2607741E-01  3.1897885E-01  3.6622477E+00  6.0297609E-01  5.7496138E-01  2.6542770E-01  1.5323513E-01  9.7480096E-02
 1.0203188E-01  1.5673396E-01  2.6741584E-01  3.2741382E-01  3.2034387E-01  3.6437113E+00  6.0640401E-01  5.7808343E-01  2.6741584E-01  1.5673396E-01  1.0203188E-01
 1.0639044E-01  1.6005320E-01  2.6923577E-01  3.2857512E-01  3.2153580E-01  3.6219489E+00  6.0958636E-01  5.8096566E-01  2.6923577E-01  1.6005320E-01  1.0639044E-01
 1.1055571E-01  1.6319278E-01  2.7088751E-01  3.2956173E-01  3.2255500E-01  3.5971309E+00  6.1252254E-01  5.8360765E-01  2.7088751E-01  1.6319278E-01  1.1055571E-01
 1.1452798E-01  1.6615298E-01  2.7237144E-01  3.3037442E-01  3.2340221E-01  3.5694274E+00  6.1521233E-01  5.8600938E-01  2.7237144E-01  1.6615298E-01  1.1452798E-01
 1.1830539E-01  1.6893194E-01  2.7368575E-01  3.3101177E-01  3.2407600E-01  3.5392029E+00  6.1765345E-01  5.8816869E-01  2.7368575E-01  1.6893194E-01  1.1830539E-01
 1.2189331E-01  1.7153502E-01  2.7483590E-01  3.3147965E-01  3.2458219E-01  3.5062891E+00  6.1985087E-01  5.9009073E-01  2.7483590E-01  1.7153502E-01  1.2189331E-01
 1.2529062E-01  1.7396107E-01  2.7582081E-01  3.3177736E-01  3.2492003E-01  3.4710198E+00  6.2180311E-01  5.9177416E-01  2.7582081E-01  1.7396107E-01  1.2529062E-01
 1.2849878E-01  1.7621155E-01  2.7664201E-01  3.3190686E-01  3.2509147E-01  3.4335637E+00  6.2351133E-01  5.9322034E-01  2.7664201E-01  1.7621155E-01  1.2849878E-01
 1.3151955E-01  1.7828820E-01  2.7730133E-01  3.3187037E-01  3.2509868E-01  3.3941096E+00  6.2497706E-01  5.9443090E-01  2.7730133E-01  1.7828820E-01  1.3151955E-01
 1.3435506E-01  1.8019313E-01  2.7780095E-01  3.3167051E-01  3.2494422E-01  3.3528019E+00  6.2620220E-01  5.9540793E-01  2.7780095E-01  1.8019313E-01  1.3435506E-01
 1.3700755E-01  1.8192858E-01  2.7814322E-01  3.3131002E-01  3.2463082E-01  3.3097953E+00  6.2718887E-01  5.9615368E-01  2.7814322E-01  1.8192858E-01  1.3700755E-01
 1.3947949E-01  1.8349698E-01  2.7833067E-01  3.3079189E-01  3.2416138E-01  3.2652423E+00  6.2793942E-01  5.9667067E-01  2.7833067E-01  1.8349698E-01  1.3947949E-01
 1.4177352E-01  1.8490100E-01  2.7836608E-01  3.3011930E-01  3.2353909E-01  3.2192897E+00  6.2845649E-01  5.9696167E-01  2.7836608E-01  1.8490100E-01  1.4177352E-01
 1.4389419E-01  1.8614518E-01  2.7825412E-01  3.2929738E-01  3.2276898E-01  3.1723687E+00  6.2874464E-01  5.9703138E-01  2.7825412E-01  1.8614518E-01  1.4389419E-01
 1.4584104E-01  1.8722906E-01  2.7799448E-01  3.2832628E-01  3.2185116E-01  3.1240329E+00  6.2880348E-01  5.9687959E-01  2.7799448E-01  1.8722906E-01  1.4584104E-01
 1.4761941E-01  1.8815799E-01  2.7759266E-01  3.2721194E-01  3.2079154E-01  3.0747985E+00  6.2863848E-01  5.9651192E-01  2.7759266E-01  1.8815799E-01  1.4761941E-01
 8.0486262E-12  5.5073398E-02  1.6921241E-01  2.3698328E-01  2.2896606E-01  2.7291037E+00  5.2316336E-01  4.9541784E-01  1.6921241E-01  5.5073398E-02  8.0483385E-12
 5.2467130E-03  5.9269702E-02  1.7189906E-01  2.3887885E-01  2.3089090E-01  2.7454155E+00  5.2775385E-01  4.9963105E-01  1.7189906E-01  5.9269702E-02  5.2467130E-03
 1.0351526E-02  6.3336063E-02  1.7446478E-01  2.4064599E-01  2.3268971E-01  2.7578857E+00  5.3214248E-01  5.0364757E-01  1.7446478E-01  6.3336063E-02  1.0351526E-02
 1.5311259E-02  6.7269518E-02  1.7690692E-01  2.4228256E-01  2.3436034E-01  2.7666020E+00  5.3632516E-01  5.0746357E-01  1.7690692E-01  6.7269518E-02  1.5311259E-02
 2.0123111E-02  7.1067459E-02  1.7922318E-01  2.4378675E-01  2.3590094E-01  2.7716643E+00  5.4029821E-01  5.1107568E-01  1.7922318E-01  7.1067459E-02  2.0123111E-02
 2.4784659E-02  7.4727628E-02  1.8141156E-01  2.4515705E-01  2.3730999E-01  2.7731837E+00  5.4405843E-01  5.1448092E-01  1.8141156E-01  7.4727628E-02  2.4784659E-02
 2.9293852E-02  7.8248119E-02  1.8347040E-01  2.4639229E-01  2.3858630E-01  2.7712803E+00  5.4760303E-01  5.1767674E-01  1.8347040E-01  7.8248119E-02  2.9293852E-02
 3.3649001E-02  8.1627365E-02  1.8539833E-01  2.4749164E-01  2.3972897E-01  2.7660831E+00  5.5092962E-01  5.2066103E-01  1.8539833E-01  8.1627365E-02  3.3649001E-02
 3.7848776E-02  8.4864138E-02  1.8719433E-01  2.4845455E-01  2.4073743E-01  2.7577276E+00  5.5403629E-01  5.2343206E-01  1.8719433E-01  8.4864138E-02  3.7848776E-02
 4.1892188E-02  8.7957534E-02  1.8885766E-01  2.4928078E-01  2.4161142E-01  2.7463556E+00  5.5692143E-01  5.2598851E-01  1.8885766E-01  8.7957534E-02  4.1892188E-02
 4.5778582E-02  9.0906967E-02  1.9038790E-01  2.4997041E-01  2.4235094E-01  2.7321138E+00  5.5958393E-01  5.2832943E-01  1.9038790E-01  9.0906967E-02  4.5778582E-02
 4.9507623E-02  9.3712154E-02  1.9178490E-01  2.5052377E-01  2.4295633E-01  2.7151529E+00  5.6202298E-01  5.3045425E-01  1.9178490E-01  9.3712154E-02  4.9507623E-02
 5.3078871E-02  9.6372655E-02  1.9304828E-01  2.5094091E-01  2.4342757E-01  2.6956754E+00  5.6423775E-01  5.3236231E-01  1.9304828E-01  9.6372655E-02  5.3078871E-02
 5.6493912E-02  9.8890090E-02  1.9417980E-01  2.5122408E-01  2.4376686E-01  2.6737111E+00  5.6622948E-01  5.3405504E-01  1.9417980E-01  9.8890090E-02  5.6493912E-02
 5.9752546E-02  1.0126427E-01  1.9517937E-01  2.5137367E-01  2.4397454E-01  2.6494806E+00  5.6799769E-01  5.3553218E-01  1.9517937E-01  1.0126427E-01  5.9752546E-02
 6.2855640E-02  1.0349606E-01  1.9604792E-01  2.5139105E-01  2.4405197E-01  2.6231362E+00  5.6954303E-01  5.3679455E-01  1.9604792E-01  1.0349606E-01  6.2855640E-02
 6.5804321E-02  1.0558657E-01  1.9678662E-01  2.5127788E-01  2.4400071E-01  2.5948284E+00  5.7086647E-01  5.3784327E-01  1.9678662E-01  1.0558657E-01  6.5804321E-02
 6.8599960E-02  1.0753715E-01  1.9739690E-01  2.5103601E-01  2.4382257E-01  2.5647054E+00  5.7196925E-01  5.3867978E-01  1.9739690E-01  1.0753715E-01  6.8599960E-02
 7.1244156E-02  1.0934935E-01  1.9788036E-01  2.5066746E-01  2.4351954E-01  2.5329123E+00  5.7285295E-01  5.3930576E-01  1.9788036E-01  1.0934935E-01  7.1244156E-02
 7.3738723E-02  1.1102496E-01  1.9823882E-01  2.5017451E-01  2.4309383E-01  2.4995904E+00  5.7351936E-01  5.3972321E-01  1.9823882E-01  1.1102496E-01  7.3738723E-02
 7.6085672E-02  1.1256594E-01  1.9847429E-01  2.4955958E-01  2.4254779E-01  2.4648768E+00  5.7397058E-01  5.3993436E-01  1.9847429E-01  1.1256594E-01  7.6085672E-02
 7.8287980E-02  1.1397520E-01  1.9858973E-01  2.4882604E-01  2.4188478E-01  2.4290614E+00  5.7420972E-01  5.3994243E-01  1.9858973E-01  1.1397520E-01  7.8287980E-02
 8.0346677E-02  1.1525373E-01  1.9858614E-01  2.4797534E-01  2.4110613E-01  2.3919969E+00  5.7423800E-01  5.3974879E-01  1.9858614E-01  1.1525373E-01  8.0346677E-02
 8.2264815E-02  1.1640451E-01  1.9846658E-01  2.4701092E-01  2.4021525E-01  2.3539475E+00  5.7405872E-01  5.3935687E-01  1.9846658E-01  1.1640451E-01  8.2264815E-02
 8.4045053E-02  1.1743015E-01  1.9823365E-01  2.4593578E-01  2.3921510E-01  2.3150341E+00  5.7367485E-01  5.3876977E-01  1.9823365E-01  1.1743015E-01  8.4045053E-02
 8.5690455E-02  1.1833364E-01  1.9789042E-01  2.4475342E-01  2.3810908E-01  2.2753896E+00  5.7308989E-01  5.3799107E-01  1.9789042E-01  1.1833364E-01  8.5690455E-02
 8.7203758E-02  1.1911765E-01  1.9743961E-01  2.4346696E-01  2.3690026E-01  2.2351121E+00  5.7230702E-01  5.3702409E-01  1.9743961E-01  1.1911765E-01  8.7203758E-02
 8.8587900E-02  1.1978507E-01  1.9688415E-01  2.4207973E-01  2.3559190E-01  2.1943053E+00  5.7132972E-01  5.3587241E-01  1.9688415E-01  1.1978507E-01  8.8587900E-02
 8.9845918E-02  1.2033887E-01  1.9622708E-01  2.4059520E-01  2.3418740E-01  2.1530692E+00  5.7016165E-01  5.3453978E-01  1.9622708E-01  1.2033887E-01  8.9845918E-02
 9.0980904E-02  1.2078208E-01  1.9547151E-01  2.3901687E-01  2.3269020E-01  2.1114976E+00  5.6880658E-01  5.3303008E-01  1.9547151E-01  1.2078208E-01  9.0980904E-02
 9.2000889E-02  1.2112268E-01  1.9462549E-01  2.3735323E-01  2.3110874E-01  2.0698727E+00  5.6727333E-01  5.3135220E-01  1.9462549E-01  1.2112268E-01  9.2000889E-02
 9.2899162E-02  1.2135391E-01  1.9368238E-01  2.3559806E-01  2.2943668E-01  2.0278870E+00  5.6555605E-01  5.2950038E-01  1.9368238E-01  1.2135391E-01  9.2899162E-02
 9.3685395E-02  1.2148539E-01  1.9265189E-01  2.3376149E-01  2.2768410E-01  1.9858773E+00  5.6366532E-01  5.2748531E-01  1.9265189E-01  1.2148539E-01  9.3685395E-02
 5.4513736E-12  3.8229771E-02  1.3073531E-01  1.9071184E-01  1.8223636E-01  2.1013518E+00  5.3344362E-01  4.9960778E-01  1.3073531E-01  3.8229771E-02  5.4471339E-12
 3.5395003E-03  4.0940286E-02  1.3211811E-01  1.9104792E-01  1.8265076E-01  2.0931422E+00  5.3566177E-01  5.0146597E-01  1.3211811E-01  4.0940286E-02  3.5395003E-03
 6.9515433E-03  4.3535154E-02  1.3339368E-01  1.9127942E-01  1.8296298E-01  2.0825013E+00  5.3767021E-01  5.0312325E-01  1.3339368E-01  4.3535154E-02  6.9515433E-03
 1.0235682E-02  4.6014060E-02  1.3456203E-01  1.9140691E-01  1.8317348E-01  2.0695463E+00  5.3946826E-01  5.0457935E-01  1.3456203E-01  4.6014060E-02  1.0235682E-02
 1.3391750E-02  4.8376943E-02  1.3562340E-01  1.9143119E-01  1.8328296E-01  2.0543991E+00  5.4105561E-01  5.0583428E-01  1.3562340E-01  4.8376943E-02  1.3391750E-02
 1.6419848E-02  5.0623991E-02  1.3657825E-01  1.9135323E-01  1.8329227E-01  2.0371852E+00  5.4243229E-01  5.0688841E-01  1.3657825E-01  5.0623991E-02  1.6419848E-02
 1.9320333E-02  5.2755630E-02  1.3742725E-01  1.9117421E-01  1.8320250E-01  2.0180325E+00  5.4359865E-01  5.0774236E-01  1.3742725E-01  5.2755630E-02  1.9320333E-02
 2.2093806E-02  5.4772504E-02  1.3817124E-01  1.9089546E-01  1.8301486E-01  1.9970698E+00  5.4455535E-01  5.0839710E-01  1.3817124E-01  5.4772504E-02  2.2093806E-02
 2.4741091E-02  5.6675469E-02  1.3881128E-01  1.9051849E-01  1.8273078E-01  1.9744270E+00  5.4530333E-01  5.0885381E-01  1.3881128E-01  5.6675469E-02  2.4741091E-02
 2.7263235E-02  5.8465584E-02  1.3934859E-01  1.9004497E-01  1.8235182E-01  1.9502337E+00  5.4584383E-01  5.0911398E-01  1.3934859E-01  5.8465584E-02  2.7263235E-02
 2.9661477E-02  6.0144088E-02  1.3978455E-01  1.8947670E-01  1.8187971E-01  1.9246184E+00  5.4617837E-01  5.0917934E-01  1.3978455E-01  6.0144088E-02  2.9661477E-02
 3.1937238E-02  6.1712389E-02  1.4012072E-01  1.8881565E-01  1.8131631E-01  1.8977087E+00  5.4630873E-01  5.0905185E-01  1.4012072E-01  6.1712389E-02  3.1937238E-02
 3.4091771E-02  6.3171679E-02  1.4035828E-01  1.8806330E-01  1.8066304E-01  1.8696734E+00  5.4623623E-01  5.0873298E-01  1.4035828E-01  6.3171679E-02  3.4091771E-02
 3.6128103E-02  6.4524959E-02  1.4050037E-01  1.8722319E-01  1.7992334E-01  1.8405213E+00  5.4596442E-01  5.0822645E-01  1.4050037E-01  6.4524959E-02  3.6128103E-02
 3.8047426E-02  6.5773371E-02  1.4054823E-01  1.8629690E-01  1.7909873E-01  1.8104299E+00  5.4549505E-01  5.0753418E-01  1.4054823E-01  6.5773371E-02  3.8047426E-02
 3.9851842E-02  6.6918954E-02  1.4050395E-01  1.8528689E-01  1.7819155E-01  1.7795117E+00  5.4483081E-01  5.0665894E-01  1.4050395E-01  6.6918954E-02  3.9851842E-02
 4.1543584E-02  6.7963868E-02  1.4036976E-01  1.8419568E-01  1.7720427E-01  1.7478747E+00  5.4397454E-01  5.0560371E-01  1.4036976E-01  6.7963868E-02  4.1543584E-02
 4.3124991E-02  6.8910373E-02  1.4014795E-01  1.8302587E-01  1.7613939E-01  1.7156222E+00  5.4292930E-01  5.0437163E-01  1.4014796E-01  6.8910373E-02  4.3124991E-02
 4.4598519E-02  6.9760839E-02  1.3984096E-01  1.8178015E-01  1.7499955E-01  1.6828523E+00  5.4169832E-01  5.0296602E-01  1.3984096E-01  6.9760839E-02  4.4598519E-02
 4.5966709E-02  7.0517712E-02  1.3945126E-01  1.8046131E-01  1.7378742E-01  1.6496580E+00  5.4028498E-01  5.0139035E-01  1.3945126E-01  7.0517712E-02  4.5966709E-02
 4.7232182E-02  7.1183519E-02  1.3898141E-01  1.7907215E-01  1.7250575E-01  1.6161265E+00  5.3869286E-01  4.9964822E-01  1.3898141E-01  7.1183519E-02  4.7232182E-02
 4.8397138E-02  7.1760356E-02  1.3843356E-01  1.7761505E-01  1.7115684E-01  1.5824525E+00  5.3692518E-01  4.9774292E-01  1.3843356E-01  7.1760356E-02  4.8397138E-02
 4.9465159E-02  7.2251701E-02  1.3781123E-01  1.7609379E-01  1.6974437E-01  1.5485121E+00  5.3498660E-01  4.9567917E-01  1.3781123E-01  7.2251701E-02  4.9465159E-02
 5.0438577E-02  7.2659777E-02  1.3711668E-01  1.7451163E-01  1.6827153E-01  1.5144866E+00  5.3287993E-01  4.9345975E-01  1.3711668E-01  7.2659777E-02  5.0438577E-02
 5.1321220E-02  7.2988223E-02  1.3635307E-01  1.7286950E-01  1.6673934E-01  1.4804444E+00  5.3060874E-01  4.9108833E-01  1.3635307E-01  7.2988223E-02  5.1321220E-02
 5.2114628E-02  7.3238571E-02  1.3552267E-01  1.7117228E-01  1.6515236E-01  1.4464575E+00  5.2817849E-01  4.8857034E-01  1.3552267E-01  7.3238571E-02  5.2114628E-02
 5.2822167E-02  7.3414038E-02  1.3462847E-01  1.6942241E-01  1.6351305E-01  1.4125783E+00  5.2559274E-01  4.8590935E-01  1.3462847E-01  7.3414038E-02  5.2822167E-02
 5.3446756E-02  7.3517423E-02  1.3367330E-01  1.6762290E-01  1.6182435E-01  1.3788617E+00  5.2285566E-01  4.8310953E-01  1.3367330E-01  7.3517423E-02  5.3446756E-02
 5.3991299E-02  7.3551518E-02  1.3266000E-01  1.6577676E-01  1.6008919E-01  1.3453585E+00  5.1997147E-01  4.8017510E-01  1.3266000E-01  7.3551518E-02  5.3991299E-02
 5.4458708E-02  7.3519120E-02  1.3159138E-01  1.6388701E-01  1.5831053E-01  1.3121152E+00  5.1694438E-01  4.7711024E-01  1.3159138E-01  7.3519120E-02  5.4458708E-02
 5.4852561E-02  7.3423692E-02  1.3047094E-01  1.6195772E-01  1.5649235E-01  1.2792664E+00  5.1377890E-01  4.7391945E-01  1.3047094E-01  7.3423692E-02  5.4852561E-02
 5.5174419E-02  7.3266685E-02  1.2930018E-01  1.5999019E-01  1.5463589E-01  1.2466662E+00  5.1047840E-01  4.7060608E-01  1.2930018E-01  7.3266685E-02  5.5174419E-02
 5.5428762E-02  7.3052406E-02  1.2808316E-01  1.5798741E-01  1.5274410E-01  1.2144714E+00  5.0704683E-01  4.6717427E-01  1.2808316E-01  7.3052406E-02  5.5428762E-02
 3.4084583E-12  2.4268671E-02  9.8191335E-02  1.4357924E-01  1.3534210E-01  1.5164495E+00  5.4405358E-01  5.0295702E-01  9.8191336E-02  2.4268671E-02  3.4226483E-12
 2.1985135E-03  2.5867659E-02  9.8607852E-02  1.4292339E-01  1.3482178E-01  1.4956503E+00  5.4380216E-01  5.0242236E-01  9.8607853E-02  2.5867659E-02  2.1985135E-03
 4.2982608E-03  2.7378608E-02  9.8944427E-02  1.4219889E-01  1.3423362E-01  1.4737016E+00  5.4335111E-01  5.0170290E-01  9.8944427E-02  2.7378608E-02  4.2982608E-03
 6.3003014E-03  2.8802610E-02  9.9202300E-02  1.4140731E-01  1.3357915E-01  1.4507171E+00  5.4270163E-01  5.0079990E-01  9.9202300E-02  2.8802610E-02  6.3003014E-03
 8.2058535E-03  3.0140900E-02  9.9382848E-02  1.4055033E-01  1.3286003E-01  1.4268077E+00  5.4185523E-01  4.9971495E-01  9.9382849E-02  3.0140900E-02  8.2058535E-03
 1.0016283E-02  3.1394839E-02  9.9487578E-02  1.3962974E-01  1.3207804E-01  1.4020805E+00  5.4081374E-01  4.9844994E-01  9.9487579E-02  3.1394839E-02  1.0016283E-02
 1.1733092E-02  3.2565913E-02  9.9518120E-02  1.3864744E-01  1.3123502E-01  1.3766386E+00  5.3957932E-01  4.9700708E-01  9.9518120E-02  3.2565913E-02  1.1733092E-02
 1.3357912E-02  3.3655719E-02  9.9476218E-02  1.3760544E-01  1.3033294E-01  1.3505813E+00  5.3815441E-01  4.9538884E-01  9.9476219E-02  3.3655719E-02  1.3357912E-02
 1.4892496E-02  3.4665964E-02  9.9363732E-02  1.3650583E-01  1.2937386E-01  1.3240034E+00  5.3654176E-01  4.9359803E-01  9.9363733E-02  3.4665964E-02  1.4892496E-02
 1.6338706E-02  3.5598451E-02  9.9182618E-02  1.3535082E-01  1.2835988E-01  1.2969938E+00  5.3474439E-01  4.9163768E-01  9.9182619E-02  3.5598451E-02  1.6338706E-02
 1.7698514E-02  3.6455082E-02  9.8934933E-02  1.3414266E-01  1.2729322E-01  1.2696380E+00  5.3276559E-01  4.8951111E-01  9.8934934E-02  3.6455082E-02  1.7698514E-02
 1.8973996E-02  3.7237854E-02  9.8622826E-02  1.3288370E-01  1.2617614E-01  1.2420163E+00  5.3060886E-01  4.8722182E-01  9.8622827E-02  3.7237854E-02  1.8973996E-02
 2.0168432E-02  3.7949947E-02  9.8249683E-02  1.3157762E-01  1.2501220E-01  1.2142212E+00  5.2827929E-01  4.8477498E-01  9.8249683E-02  3.7949947E-02  2.0168432E-02
 2.1281077E-02  3.8590523E-02  9.7814829E-02  1.3022388E-01  1.2380076E-01  1.1862832E+00  5.2577793E-01  4.8217160E-01  9.7814829E-02  3.8590523E-02  2.1281077E-02
 2.2315696E-02  3.9163242E-02  9.7322083E-02  1.2882643E-01  1.2254571E-01  1.1582920E+00  5.2311040E-01  4.7941730E-01  9.7322084E-02  3.9163242E-02  2.2315696E-02
 2.3274522E-02  3.9670226E-02  9.6773735E-02  1.2738773E-01  1.2124939E-01  1.1303088E+00  5.2028093E-01  4.7651633E-01  9.6773736E-02  3.9670226E-02  2.3274522E-02
 2.4159810E-02  4.0113613E-02  9.6172087E-02  1.2591021E-01  1.1991414E-01  1.1023908E+00  5.1729392E-01  4.7347302E-01  9.6172087E-02  4.0113613E-02  2.4159810E-02
 2.4973829E-02  4.0495549E-02  9.5519447E-02  1.2439632E-01  1.1854227E-01  1.0745911E+00  5.1415383E-01  4.7029184E-01  9.5519448E-02  4.0495549E-02  2.4973829E-02
 2.5718841E-02  4.0818167E-02  9.4818108E-02  1.2284846E-01  1.1713611E-01  1.0469576E+00  5.1086525E-01  4.6697729E-01  9.4818108E-02  4.0818167E-02  2.5718841E-02
 2.6397094E-02  4.1083590E-02  9.4070343E-02  1.2126900E-01  1.1569792E-01  1.0195349E+00  5.0743279E-01  4.6353397E-01  9.4070343E-02  4.1083590E-02  2.6397094E-02
 2.7010814E-02  4.1293907E-02  9.3278389E-02  1.1966027E-01  1.1422992E-01  9.9236357E-01  5.0386114E-01  4.5996647E-01  9.3278390E-02  4.1293907E-02  2.7010814E-02
 2.7567350E-02  4.1456334E-02  9.2449600E-02  1.1802970E-01  1.1273944E-01  9.6550161E-01  5.0016014E-01  4.5628456E-01  9.2449601E-02  4.1456334E-02  2.7567350E-02
 2.8060004E-02  4.1564037E-02  9.1577271E-02  1.1637065E-01  1.1121974E-01  9.3894696E-01  4.9632566E-01  4.5248398E-01  9.1577272E-02  4.1564037E-02  2.8060004E-02
 2.8495341E-02  4.1623441E-02  9.0667947E-02  1.1468877E-01  1.0967637E-01  9.1274391E-01  4.9236781E-01  4.4857473E-01  9.0667948E-02  4.1623441E-02  2.8495341E-02
 2.8874382E-02  4.1635483E-02  8.9723409E-02  1.1298881E-01  1.0811368E-01  8.8691991E-01  4.8829177E-01  4.4456216E-01  8.9723410E-02  4.1635483E-02  2.8874382E-02
 2.9201557E-02  4.1604390E-02  8.8747053E-02  1.1127135E-01  1.0653257E-01  8.6150198E-01  4.8410191E-01  4.4045008E-01  8.8747054E-02  4.1604390E-02  2.9201557E-02
 2.9477912E-02  4.1531096E-02  8.7740309E-02  1.0953875E-01  1.0493515E-01  8.3650909E-01  4.7980351E-01  4.3624375E-01  8.7740309E-02  4.1531096E-02  2.9477912E-02
 2.9705374E-02  4.1417396E-02  8.6705128E-02  1.0779301E-01  1.0332331E-01  8.1195918E-01  4.7540169E-01  4.3194813E-01  8.6705129E-02  4.1417396E-02  2.9705374E-02
 2.9885877E-02  4.1265091E-02  8.5643472E-02  1.0603612E-01  1.0169894E-01  7.8786810E-01  4.7090165E-01  4.2756824E-01  8.5643472E-02  4.1265091E-02  2.9885877E-02
 3.0021258E-02  4.1075892E-02  8.4557213E-02  1.0426997E-01  1.0006383E-01  7.6424944E-01  4.6630868E-01  4.2310915E-01  8.4557213E-02  4.1075892E-02  3.0021258E-02
 3.0122034E-02  4.0860188E-02  8.3456914E-02  1.0250496E-01  9.8428264E-02  7.4112659E-01  4.6163707E-01  4.1858493E-01  8.3456914E-02  4.0860188E-02  3.0122034E-02
 3.0172171E-02  4.0601825E-02  8.2326596E-02  1.0072533E-01  9.6776396E-02  7.1847902E-01  4.5687423E-01  4.1398278E-01  8.2326597E-02  4.0601825E-02  3.0172171E-02
 3.0184537E-02  4.0313587E-02  8.1179358E-02  9.8944770E-02  9.5121804E-02  6.9633378E-01  4.5203784E-01  4.0931992E-01  8.1179359E-02  4.0313587E-02  3.0184537E-02
 2.5594602E-12  1.8471742E-02  8.3933468E-02  1.2113219E-01  1.1329220E-01  1.2417798E+00  5.4931819E-01  5.0420062E-01  8.3933469E-02  1.8471742E-02  2.5265037E-12
 1.6544267E-03  1.9641626E-02  8.3963283E-02  1.2013030E-01  1.1245623E-01  1.2181649E+00  5.4760460E-01  5.0227988E-01  8.3963283E-02  1.9641626E-02  1.6544267E-03
 3.2273328E-03  2.0739548E-02  8.3926733E-02  1.1907418E-01  1.1156779E-01  1.1940805E+00  5.4568904E-01  5.0017233E-01  8.3926734E-02  2.0739548E-02  3.2273328E-03
 4.7200241E-03  2.1766803E-02  8.3825928E-02  1.1796665E-01  1.1062934E-01  1.1695991E+00  5.4357626E-01  4.9788314E-01  8.3825928E-02  2.1766803E-02  4.7200241E-03
 6.1339184E-03  2.2724789E-02  8.3663039E-02  1.1681055E-01  1.0964340E-01  1.1447894E+00  5.4127126E-01  4.9541773E-01  8.3663040E-02  2.2724789E-02  6.1339184E-03
 7.4705346E-03  2.3614986E-02  8.3440287E-02  1.1560873E-01  1.0861246E-01  1.1197175E+00  5.3877923E-01  4.9278163E-01  8.3440288E-02  2.3614986E-02  7.4705346E-03
 8.7314835E-03  2.4438957E-02  8.3159927E-02  1.1436400E-01  1.0753903E-01  1.0944470E+00  5.3610550E-01  4.8998051E-01  8.3159928E-02  2.4438957E-02  8.7314835E-03
 9.9184550E-03  2.5198333E-02  8.2824232E-02  1.1307913E-01  1.0642557E-01  1.0690367E+00  5.3325550E-01  4.8702007E-01  8.2824232E-02  2.5198333E-02  9.9184550E-03
 1.1033202E-02  2.5894794E-02  8.2435475E-02  1.1175686E-01  1.0527451E-01  1.0435433E+00  5.3023470E-01  4.8390604E-01  8.2435476E-02  2.5894794E-02  1.1033202E-02
 1.2077537E-02  2.6530076E-02  8.1995935E-02  1.1039989E-01  1.0408829E-01  1.0180242E+00  5.2704866E-01  4.8064414E-01  8.1995935E-02  2.6530076E-02  1.2077537E-02
 1.3053311E-02  2.7105940E-02  8.1507870E-02  1.0901084E-01  1.0286927E-01  9.9253095E-01  5.2370291E-01  4.7724008E-01  8.1507870E-02  2.7105940E-02  1.3053311E-02
 1.3962396E-02  2.7624167E-02  8.0973518E-02  1.0759230E-01  1.0161979E-01  9.6711369E-01  5.2020305E-01  4.7369957E-01  8.0973519E-02  2.7624167E-02  1.3962396E-02
 1.4807010E-02  2.8086848E-02  8.0395216E-02  1.0614651E-01  1.0034196E-01  9.4181397E-01  5.1655431E-01  4.7002785E-01  8.0395216E-02  2.8086848E-02  1.4807010E-02
 1.5589017E-02  2.8495750E-02  7.9775073E-02  1.0467596E-01  9.9038058E-02  9.1667710E-01  5.1276198E-01  4.6623023E-01  7.9775074E-02  2.8495750E-02  1.5589017E-02
 1.6310427E-02  2.8852768E-02  7.9115295E-02  1.0318306E-01  9.7710318E-02  8.9174335E-01  5.0883156E-01  4.6231217E-01  7.9115295E-02  2.8852768E-02  1.6310427E-02
 1.6973261E-02  2.9159805E-02  7.8418020E-02  1.0167008E-01  9.6360852E-02  8.6704940E-01  5.0476843E-01  4.5827897E-01  7.8418020E-02  2.9159805E-02  1.6973261E-02
 1.7579546E-02  2.9418765E-02  7.7685352E-02  1.0013921E-01  9.4991718E-02  8.4262869E-01  5.0057787E-01  4.5413584E-01  7.7685353E-02  2.9418765E-02  1.7579546E-02
 1.8131301E-02  2.9631539E-02  7.6919350E-02  9.8592554E-02  9.3604898E-02  8.1851108E-01  4.9626518E-01  4.4988793E-01  7.6919350E-02  2.9631539E-02  1.8131301E-02
 1.8630551E-02  2.9800021E-02  7.6122041E-02  9.7032172E-02  9.2202340E-02  7.9472516E-01  4.9183558E-01  4.4554031E-01  7.6122042E-02  2.9800021E-02  1.8630551E-02
 1.9079294E-02  2.9926077E-02  7.5295407E-02  9.5460022E-02  9.0785910E-02  7.7129557E-01  4.8729434E-01  4.4109803E-01  7.5295407E-02  2.9926077E-02  1.9079294E-02
 1.9479504E-02  3.0011549E-02  7.4441384E-02  9.3878034E-02  8.9357437E-02  7.4824448E-01  4.8264665E-01  4.3656608E-01  7.4441385E-02  3.0011549E-02  1.9479504E-02
 1.9833261E-02  3.0058382E-02  7.3562005E-02  9.2288175E-02  8.7918808E-02  7.2559183E-01  4.7789791E-01  4.3194962E-01  7.3562006E-02  3.0058382E-02  1.9833261E-02
 2.0142188E-02  3.0068063E-02  7.2658841E-02  9.0691950E-02  8.6471440E-02  7.0335384E-01  4.7305311E-01  4.2725342E-01  7.2658841E-02  3.0068063E-02  2.0142188E-02
 2.0408239E-02  3.0042414E-02  7.1733800E-02  8.9093375E-02  8.5019257E-02  6.8154559E-01  4.6811551E-01  4.2248047E-01  7.1733800E-02  3.0042414E-02  2.0408239E-02
 2.0635960E-02  2.9985760E-02  7.0789589E-02  8.7488332E-02  8.3558844E-02  6.6017956E-01  4.6308977E-01  4.1763436E-01  7.0789589E-02  2.9985760E-02  2.0635960E-02
 2.0823618E-02  2.9896340E-02  6.9826689E-02  8.5883752E-02  8.2096048E-02  6.3926634E-01  4.5798399E-01  4.1272397E-01  6.9826690E-02  2.9896340E-02  2.0823618E-02
 2.0974307E-02  2.9777076E-02  6.8847210E-02  8.4279547E-02  8.0631109E-02  6.1881425E-01  4.5280174E-01  4.0775210E-01  6.8847210E-02  2.9777076E-02  2.0974307E-02
 2.1089862E-02  2.9629660E-02  6.7852799E-02  8.2677181E-02  7.9165473E-02  5.9882997E-01  4.4754786E-01  4.0272327E-01  6.7852799E-02  2.9629660E-02  2.1089862E-02
 2.1172047E-02  2.9455725E-02  6.6845047E-02  8.1078062E-02  7.7700519E-02  5.7931843E-01  4.4222722E-01  3.9764197E-01  6.6845047E-02  2.9455725E-02  2.1172047E-02
 2.1222592E-02  2.9256861E-02  6.5825500E-02  7.9483581E-02  7.6237617E-02  5.6028303E-01  4.3684457E-01  3.9251257E-01  6.5825500E-02  2.9256861E-02  2.1222592E-02
 2.1243443E-02  2.9034882E-02  6.4795919E-02  7.7895766E-02  7.4778779E-02  5.4172600E-01  4.3140448E-01  3.8733926E-01  6.4795919E-02  2.9034882E-02  2.1243443E-02
 2.1235679E-02  2.8790734E-02  6.3757206E-02  7.6314848E-02  7.3324215E-02  5.2364711E-01  4.2591166E-01  3.8212636E-01  6.3757206E-02  2.8790734E-02  2.1235679E-02
 2.1202010E-02  2.8526936E-02  6.2711511E-02  7.4741536E-02  7.1874679E-02  5.0604626E-01  4.2036997E-01  3.7687752E-01  6.2711511E-02  2.8526936E-02  2.1202010E-02
 1.9396747E-12  1.4033105E-02  7.1525944E-02  1.0040770E-01  9.3448833E-02  1.0080537E+00  5.4935457E-01  5.0016155E-01  7.1525944E-02  1.4033105E-02  1.9394171E-12
 1.2477177E-03  1.4893398E-02  7.1282158E-02  9.9207572E-02  9.2440681E-02  9.8499298E-01  5.4620272E-01  4.9690100E-01  7.1282158E-02  1.4893398E-02  1.2477177E-03
 2.4293884E-03  1.5695956E-02  7.0991600E-02  9.7978247E-02  9.1402207E-02  9.6178130E-01  5.4288054E-01  4.9349006E-01  7.0991601E-02  1.5695956E-02  2.4293884E-03
 3.5463342E-03  1.6442069E-02  7.0655911E-02  9.6721653E-02  9.0335182E-02  9.3847524E-01  5.3939242E-01  4.8993315E-01  7.0655912E-02  1.6442069E-02  3.5463342E-03
 4.5999538E-03  1.7133088E-02  7.0276764E-02  9.5439693E-02  8.9241361E-02  9.1512833E-01  5.3574290E-01  4.8623480E-01  7.0276765E-02  1.7133088E-02  4.5999538E-03
 5.5917139E-03  1.7770425E-02  6.9855863E-02  9.4134273E-02  8.8122508E-02  8.9179097E-01  5.3193669E-01  4.8239969E-01  6.9855864E-02  1.7770425E-02  5.5917139E-03
 6.5231417E-03  1.8355538E-02  6.9394933E-02  9.2807284E-02  8.6980379E-02  8.6851041E-01  5.2797865E-01  4.7843260E-01  6.9394934E-02  1.8355538E-02  6.5231417E-03
 7.3958139E-03  1.8889929E-02  6.8895715E-02  9.1460592E-02  8.5816713E-02  8.4533069E-01  5.2387375E-01  4.7433840E-01  6.8895715E-02  1.8889929E-02  7.3958139E-03
 8.2113472E-03  1.9375130E-02  6.8359955E-02  9.0096052E-02  8.4633239E-02  8.2229273E-01  5.1962706E-01  4.7012205E-01  6.8359955E-02  1.9375130E-02  8.2113472E-03
 8.9713987E-03  1.9812705E-02  6.7789412E-02  8.8715492E-02  8.3431666E-02  7.9943438E-01  5.1524378E-01  4.6578857E-01  6.7789412E-02  1.9812705E-02  8.9713987E-03
 9.6776500E-03  2.0204239E-02  6.7185839E-02  8.7320700E-02  8.2213678E-02  7.7679046E-01  5.1072915E-01  4.6134304E-01  6.7185840E-02  2.0204239E-02  9.6776500E-03
 1.0331802E-02  2.0551328E-02  6.6550986E-02  8.5913446E-02  8.0980935E-02  7.5439283E-01  5.0608852E-01  4.5679059E-01  6.6550987E-02  2.0551328E-02  1.0331802E-02
 1.0935667E-02  2.0855669E-02  6.5886636E-02  8.4495468E-02  7.9735092E-02  7.3227044E-01  5.0132699E-01  4.5213611E-01  6.5886636E-02  2.0855669E-02  1.0935667E-02
 1.1490951E-02  2.1118857E-02  6.5194506E-02  8.3068462E-02  7.8477746E-02  7.1044958E-01  4.9645004E-01  4.4738482E-01  6.5194506E-02  2.1118857E-02  1.1490951E-02
 1.1999382E-02  2.1342504E-02  6.4476305E-02  8.1634079E-02  7.7210464E-02  6.8895383E-01  4.9146312E-01  4.4254189E-01  6.4476305E-02  2.1342504E-02  1.1999382E-02
 1.2462705E-02  2.1528236E-02  6.3733730E-02  8.0193933E-02  7.5934782E-02  6.6780428E-01  4.8637165E-01  4.3761244E-01  6.3733730E-02  2.1528236E-02  1.2462705E-02
 1.2882661E-02  2.1677668E-02  6.2968453E-02  7.8749596E-02  7.4652198E-02  6.4701957E-01  4.8118102E-01  4.3260159E-01  6.2968454E-02  2.1677668E-02  1.2882661E-02
 1.3260972E-02  2.1792400E-02  6.2182115E-02  7.7302587E-02  7.3364165E-02  6.2661606E-01  4.7589667E-01  4.2751441E-01  6.2182115E-02  2.1792400E-02  1.3260972E-02
 1.3599356E-02  2.1874022E-02  6.1376336E-02  7.5854387E-02  7.2072105E-02  6.0660796E-01  4.7052399E-01  4.2235597E-01  6.1376336E-02  2.1874022E-02  1.3599356E-02
 1.3899504E-02  2.1924100E-02  6.0552696E-02  7.4406426E-02  7.0777388E-02  5.8700743E-01  4.6506839E-01  4.1713130E-01  6.0552696E-02  2.1924100E-02  1.3899504E-02
 1.4163086E-02  2.1944175E-02  5.9712746E-02  7.2960084E-02  6.9481346E-02  5.6782470E-01  4.5953523E-01  4.1184540E-01  5.9712746E-02  2.1944175E-02  1.4163086E-02
 1.4391735E-02  2.1935752E-02  5.8857985E-02  7.1516680E-02  6.8185251E-02  5.4906818E-01  4.5392986E-01  4.0650321E-01  5.8857985E-02  2.1935752E-02  1.4391735E-02
 1.4587057E-02  2.1900313E-02  5.7989884E-02  7.0077492E-02  6.6890340E-02  5.3074461E-01  4.4825762E-01  4.0110968E-01  5.7989884E-02  2.1900313E-02  1.4587057E-02
 1.4750620E-02  2.1839294E-02  5.7109864E-02  6.8644504E-02  6.5598562E-02  5.1285913E-01  4.4252304E-01  3.9566892E-01  5.7109864E-02  2.1839294E-02  1.4750620E-02
 1.4884833E-02  2.1754932E-02  5.6219805E-02  6.7217019E-02  6.4309259E-02  4.9541543E-01  4.3673088E-01  3.9018548E-01  5.6219805E-02  2.1754932E-02  1.4884833E-02
 1.4990097E-02  2.1647565E-02  5.5320429E-02  6.5797810E-02  6.3025084E-02  4.7841581E-01  4.3088765E-01  3.8466515E-01  5.5320429E-02  2.1647565E-02  1.4990097E-02
 1.5068281E-02  2.1518914E-02  5.4413258E-02  6.4387458E-02  6.1746628E-02  4.6186132E-01  4.2499783E-01  3.7911207E-01  5.4413258E-02  2.1518914E-02  1.5068281E-02
 1.5120848E-02  2.1370314E-02  5.3499567E-02  6.2986978E-02  6.0474893E-02  4.4575183E-01  4.1906641E-01  3.7353076E-01  5.3499567E-02  2.1370314E-02  1.5120848E-02
 1.5149204E-02  2.1203051E-02  5.2580576E-02  6.1597330E-02  5.9210825E-02  4.3008616E-01  4.1309832E-01  3.6792570E-01  5.2580576E-02  2.1203051E-02  1.5149204E-02
 1.5154728E-02  2.1018380E-02  5.1657465E-02  6.0219460E-02  5.7955364E-02  4.1486209E-01  4.0709833E-01  3.6230121E-01  5.1657465E-02  2.1018380E-02  1.5154728E-02
 1.5138759E-02  2.0817516E-02  5.0731372E-02  5.8854748E-02  5.6709884E-02  4.0007654E-01  4.0107068E-01  3.5666103E-01  5.0731372E-02  2.0817516E-02  1.5138759E-02
 1.5102568E-02  2.0601614E-02  4.9803373E-02  5.7503504E-02  5.5474697E-02  3.8572560E-01  3.9502058E-01  3.5100991E-01  4.9803373E-02  2.0601614E-02  1.5102568E-02
 1.5048241E-02  2.0372602E-02  4.8875034E-02  5.6165539E-02  5.4249667E-02  3.7180460E-01  3.8895123E-01  3.4535087E-01  4.8875034E-02  2.0372602E-02  1.5048241E-02
 1.4933122E-12  1.0841532E-02  6.1478244E-02  8.3198287E-02  7.7223137E-02  8.2509585E-01  5.4561817E-01  4.9299527E-01  6.1478244E-02  1.0841532E-02  1.4928434E-12
 9.5887323E-04  1.1489349E-02  6.1076727E-02  8.1941858E-02  7.6171380E-02  8.0360577E-01  5.4121119E-01  4.8859663E-01  6.1076728E-02  1.1489349E-02  9.5887323E-04
 1.8641759E-03  1.2090695E-02  6.0641545E-02  8.0671345E-02  7.5103011E-02  7.8218156E-01  5.3665747E-01  4.8407318E-01  6.0641545E-02  1.2090695E-02  1.8641759E-03
 2.7171164E-03  1.2646730E-02  6.0174132E-02  7.9388326E-02  7.4019477E-02  7.6086180E-01  5.3196215E-01  4.7942995E-01  6.0174132E-02  1.2646730E-02  2.7171164E-03
 3.5189598E-03  1.3158662E-02  5.9675942E-02  7.8094354E-02  7.2922209E-02  7.3968241E-01  5.2713055E-01  4.7467204E-01  5.9675942E-02  1.3158662E-02  3.5189598E-03
 4.2710207E-03  1.3627740E-02  5.9148439E-02  7.6790959E-02  7.1812621E-02  7.1867665E-01  5.2216806E-01  4.6980466E-01  5.9148439E-02  1.3627740E-02  4.2710207E-03
 4.9746570E-03  1.4055248E-02  5.8593094E-02  7.5479643E-02  7.0692108E-02  6.9787518E-01  5.1708019E-01  4.6483307E-01  5.8593095E-02  1.4055248E-02  4.9746570E-03
 5.6312600E-03  1.4442495E-02  5.8011381E-02  7.4161878E-02  6.9562037E-02  6.7730620E-01  5.1187251E-01  4.5976255E-01  5.8011381E-02  1.4442495E-02  5.6312600E-03
 6.2422472E-03  1.4790813E-02  5.7404765E-02  7.2839096E-02  6.8423751E-02  6.5699551E-01  5.0655066E-01  4.5459844E-01  5.7404765E-02  1.4790813E-02  6.2422472E-03
 6.8090629E-03  1.5101552E-02  5.6774712E-02  7.1512701E-02  6.7278570E-02  6.3696629E-01  5.0112031E-01  4.4934610E-01  5.6774712E-02  1.5101552E-02  6.8090629E-03
 7.3331646E-03  1.5376074E-02  5.6122674E-02  7.0184059E-02  6.6127779E-02  6.1723961E-01  4.9558721E-01  4.4401090E-01  5.6122674E-02  1.5376074E-02  7.3331646E-03
 7.8160184E-03  1.5615743E-02  5.5450089E-02  6.8854493E-02  6.4972632E-02  5.9783430E-01  4.8995709E-01  4.3859821E-01  5.5450089E-02  1.5615743E-02  7.8160184E-03
 8.2591868E-03  1.5822011E-02  5.4758432E-02  6.7525320E-02  6.3814387E-02  5.7876716E-01  4.8423540E-01  4.3311311E-01  5.4758433E-02  1.5822011E-02  8.2591868E-03
 8.6641265E-03  1.5996230E-02  5.4049095E-02  6.6197776E-02  6.2654227E-02  5.6005294E-01  4.7842795E-01  4.2756097E-01  5.4049095E-02  1.5996230E-02  8.6641265E-03
 9.0323064E-03  1.6139759E-02  5.3323455E-02  6.4873066E-02  6.1493302E-02  5.4170450E-01  4.7254048E-01  4.2194708E-01  5.3323456E-02  1.6139759E-02  9.0323064E-03
 9.3652061E-03  1.6253964E-02  5.2582878E-02  6.3552352E-02  6.0332735E-02  5.2373294E-01  4.6657862E-01  4.1627665E-01  5.2582878E-02  1.6253964E-02  9.3652061E-03
 9.6642943E-03  1.6340202E-02  5.1828700E-02  6.2236753E-02  5.9173608E-02  5.0614765E-01  4.6054800E-01  4.1055481E-01  5.1828700E-02  1.6340202E-02  9.6642943E-03
 9.9310187E-03  1.6399805E-02  5.1062225E-02  6.0927337E-02  5.8016962E-02  4.8895643E-01  4.5445416E-01  4.0478664E-01  5.1062225E-02  1.6399805E-02  9.9310187E-03
 1.0166818E-02  1.6434097E-02  5.0284734E-02  5.9625139E-02  5.6863805E-02  4.7216561E-01  4.4830263E-01  3.9897718E-01  5.0284734E-02  1.6434097E-02  1.0166818E-02
 1.0373104E-02  1.6444373E-02  4.9497469E-02  5.8331137E-02  5.5715101E-02  4.5578010E-01  4.4209888E-01  3.9313137E-01  4.9497470E-02  1.6444373E-02  1.0373104E-02
 1.0551265E-02  1.6431907E-02  4.8701641E-02  5.7046269E-02  5.4571772E-02  4.3980349E-01  4.3584832E-01  3.8725412E-01  4.8701641E-02  1.6431907E-02  1.0551265E-02
 1.0702647E-02  1.6397932E-02  4.7898412E-02  5.5771412E-02  5.3434688E-02  4.2423815E-01  4.2955628E-01  3.8135023E-01  4.7898412E-02  1.6397932E-02  1.0702647E-02
 1.0828577E-02  1.6343659E-02  4.7088914E-02  5.4507405E-02  5.2304687E-02  4.0908534E-01  4.2322809E-01  3.7542447E-01  4.7088914E-02  1.6343659E-02  1.0828577E-02
 1.0930337E-02  1.6270257E-02  4.6274234E-02  5.3255922E-02  5.1183445E-02  3.9434522E-01  4.1686807E-01  3.6948064E-01  4.6274234E-02  1.6270257E-02  1.0930337E-02
 1.1010075E-02  1.6179727E-02  4.5456010E-02  5.2015650E-02  5.0069712E-02  3.8001699E-01  4.1048091E-01  3.6352317E-01  4.5456010E-02  1.6179727E-02  1.1010075E-02
 1.1067885E-02  1.6072099E-02  4.4634518E-02  5.0789065E-02  4.8965898E-02  3.6609892E-01  4.0407309E-01  3.5755758E-01  4.4634518E-02  1.6072099E-02  1.1067885E-02
 1.1105369E-02  1.5948846E-02  4.3811001E-02  4.9576307E-02  4.7872191E-02  3.5258847E-01  3.9764887E-01  3.5158771E-01  4.3811001E-02  1.5948846E-02  1.1105369E-02
 1.1123714E-02  1.5811046E-02  4.2986415E-02  4.8377994E-02  4.6789229E-02  3.3948231E-01  3.9121301E-01  3.4561777E-01  4.2986415E-02  1.5811046E-02  1.1123714E-02
 1.1124056E-02  1.5659728E-02  4.2161669E-02  4.7194690E-02  4.5717598E-02  3.2677640E-01  3.8477023E-01  3.3965192E-01  4.2161669E-02  1.5659728E-02  1.1124056E-02
 1.1107504E-02  1.5495894E-02  4.1337637E-02  4.6026962E-02  4.4657896E-02  3.1446607E-01  3.7832503E-01  3.3369408E-01  4.1337637E-02  1.5495894E-02  1.1107504E-02
 1.1075134E-02  1.5320514E-02  4.0515155E-02  4.4875862E-02  4.3611210E-02  3.0254605E-01  3.7188131E-01  3.2774758E-01  4.0515155E-02  1.5320514E-02  1.1075134E-02
 1.1027958E-02  1.5134496E-02  3.9695003E-02  4.3741282E-02  4.2577463E-02  2.9101055E-01  3.6544402E-01  3.2181682E-01  3.9695003E-02  1.5134496E-02  1.1027958E-02
 1.0967798E-02  1.4939537E-02  3.8878511E-02  4.2622671E-02  4.1556179E-02  2.7985330E-01  3.5901594E-01  3.1590438E-01  3.8878511E-02  1.4939537E-02  1.0967798E-02
 1.1669757E-12  8.5056548E-03  5.3074747E-02  6.8621445E-02  6.3740693E-02  6.7982295E-01  5.3814468E-01  4.8256054E-01  5.3074747E-02  8.5056548E-03  1.1673061E-12
 7.4891843E-04  9.0034131E-03  5.2587641E-02  6.7393062E-02  6.2718822E-02  6.6041506E-01  5.3262363E-01  4.7718054E-01  5.2587641E-02  9.0034131E-03  7.4891843E-04
 1.4541630E-03  9.4634903E-03  5.2077127E-02  6.6161610E-02  6.1690176E-02  6.4119045E-01  5.2698152E-01  4.7170242E-01  5.2077127E-02  9.4634903E-03  1.4541630E-03
 2.1167855E-03  9.8868849E-03  5.1544387E-02  6.4928317E-02  6.0655872E-02  6.2217409E-01  5.2122425E-01  4.6613179E-01  5.1544387E-02  9.8868849E-03  2.1167855E-03
 2.7378830E-03  1.0274634E-02  5.0990609E-02  6.3694374E-02  5.9617002E-02  6.0338882E-01  5.1535782E-01  4.6047425E-01  5.0990609E-02  1.0274634E-02  2.7378830E-03
 3.3185927E-03  1.0627807E-02  5.0416985E-02  6.2460939E-02  5.8574637E-02  5.8485550E-01  5.0938824E-01  4.5473542E-01  5.0416985E-02  1.0627807E-02  3.3185927E-03
 3.8600853E-03  1.0947501E-02  4.9824706E-02  6.1229139E-02  5.7529821E-02  5.6659303E-01  5.0332157E-01  4.4892094E-01  4.9824706E-02  1.0947501E-02  3.8600853E-03
 4.3635576E-03  1.1234835E-02  4.9214959E-02  6.0000057E-02  5.6483572E-02  5.4861857E-01  4.9716388E-01  4.4303640E-01  4.9214959E-02  1.1234835E-02  4.3635576E-03
 4.8302250E-03  1.1490940E-02  4.8588918E-02  5.8774739E-02  5.5436876E-02  5.3094762E-01  4.9092120E-01  4.3708739E-01  4.8588918E-02  1.1490940E-02  4.8302250E-03
 5.2613236E-03  1.1716966E-02  4.7947754E-02  5.7554197E-02  5.4390693E-02  5.1359374E-01  4.8459962E-01  4.3107945E-01  4.7947754E-02  1.1716966E-02  5.2613236E-03
 5.6580970E-03  1.1914065E-02  4.7292623E-02  5.6339400E-02  5.3345953E-02  4.9656904E-01  4.7820516E-01  4.2501811E-01  4.7292623E-02  1.1914065E-02  5.6580970E-03
 6.0217935E-03  1.2083392E-02  4.6624661E-02  5.5131276E-02  5.2303551E-02  4.7988415E-01  4.7174384E-01  4.1890880E-01  4.6624661E-02  1.2083392E-02  6.0217935E-03
 6.3537597E-03  1.2226196E-02  4.5945055E-02  5.3930766E-02  5.1264409E-02  4.6354827E-01  4.6522126E-01  4.1275664E-01  4.5945055E-02  1.2226196E-02  6.3537597E-03
 6.6552231E-03  1.2343606E-02  4.5254892E-02  5.2738710E-02  5.0229348E-02  4.4756921E-01  4.5864342E-01  4.0656699E-01  4.5254892E-02  1.2343606E-02  6.6552231E-03
 6.9274248E-03  1.2436765E-02  4.4555251E-02  5.1555915E-02  4.9199166E-02  4.3195352E-01  4.5201615E-01  4.0034512E-01  4.4555251E-02  1.2436765E-02  6.9274248E-03
 7.1716158E-03  1.2506824E-02  4.3847201E-02  5.0383159E-02  4.8174638E-02  4.1670654E-01  4.4534517E-01  3.9409613E-01  4.3847201E-02  1.2506824E-02  7.1716158E-03
 7.3890355E-03  1.2554921E-02  4.3131786E-02  4.9221182E-02  4.7156508E-02  4.0183246E-01  4.3863609E-01  3.8782505E-01  4.3131786E-02  1.2554921E-02  7.3890355E-03
 7.5809020E-03  1.2582173E-02  4.2410019E-02  4.8070673E-02  4.6145480E-02  3.8733438E-01  4.3189446E-01  3.8153678E-01  4.2410019E-02  1.2582173E-02  7.5809020E-03
 7.7484246E-03  1.2589689E-02  4.1682894E-02  4.6932295E-02  4.5142231E-02  3.7321440E-01  4.2512574E-01  3.7523615E-01  4.1682894E-02  1.2589689E-02  7.7484246E-03
 7.8927848E-03  1.2578547E-02  4.0951369E-02  4.5806661E-02  4.4147399E-02  3.5947366E-01  4.1833527E-01  3.6892788E-01  4.0951369E-02  1.2578547E-02  7.8927848E-03
 8.0151427E-03  1.2549809E-02  4.0216376E-02  4.4694349E-02  4.3161587E-02  3.4611238E-01  4.1152833E-01  3.6261662E-01  4.0216376E-02  1.2549809E-02  8.0151427E-03
 8.1166205E-03  1.2504497E-02  3.9478802E-02  4.3595882E-02  4.2185354E-02  3.3312995E-01  4.0471009E-01  3.5630688E-01  3.9478802E-02  1.2504497E-02  8.1166205E-03
 8.1983191E-03  1.2443612E-02  3.8739511E-02  4.2511753E-02  4.1219228E-02  3.2052497E-01  3.9788564E-01  3.5000311E-01  3.8739511E-02  1.2443612E-02  8.1983191E-03
 8.2612998E-03  1.2368118E-02  3.7999321E-02  4.1443341E-02  4.0264630E-02  3.0829529E-01  3.9105905E-01  3.4370870E-01  3.7999321E-02  1.2368118E-02  8.2612998E-03
 8.3074511E-03  1.2279783E-02  3.7259651E-02  4.0388982E-02  3.9319972E-02  2.9643808E-01  3.8423472E-01  3.3742783E-01  3.7259651E-02  1.2279783E-02  8.3074511E-03
 8.3366997E-03  1.2178470E-02  3.6520471E-02  3.9350807E-02  3.8387395E-02  2.8494985E-01  3.7741886E-01  3.3116555E-01  3.6520471E-02  1.2178470E-02  8.3366997E-03
 8.3504151E-03  1.2065443E-02  3.5782794E-02  3.8328659E-02  3.7466809E-02  2.7382653E-01  3.7061539E-01  3.2492528E-01  3.5782794E-02  1.2065443E-02  8.3504151E-03
 8.3495716E-03  1.1941582E-02  3.5047334E-02  3.7322853E-02  3.6558587E-02  2.6306351E-01  3.6382873E-01  3.1871082E-01  3.5047334E-02  1.1941582E-02  8.3495716E-03
 8.3350976E-03  1.1807724E-02  3.4314766E-02  3.6333655E-02  3.5663057E-02  2.5265566E-01  3.5706318E-01  3.1252583E-01  3.4314766E-02  1.1807724E-02  8.3350976E-03
 8.3078989E-03  1.1664685E-02  3.3585733E-02  3.5361352E-02  3.4780568E-02  2.4259739E-01  3.5032285E-01  3.0637380E-01  3.3585733E-02  1.1664685E-02  8.3078989E-03
 8.2688486E-03  1.1513249E-02  3.2860848E-02  3.4406739E-02  3.3911981E-02  2.3288272E-01  3.4361117E-01  3.0025753E-01  3.2860848E-02  1.1513249E-02  8.2688486E-03
 8.2187634E-03  1.1354145E-02  3.2140674E-02  3.3469418E-02  3.3056966E-02  2.2350527E-01  3.3693267E-01  2.9418092E-01  3.2140674E-02  1.1354145E-02  8.2187634E-03
 8.1592368E-03  1.1188862E-02  3.1426349E-02  3.2548622E-02  3.2214839E-02  2.1445833E-01  3.3028962E-01  2.8814609E-01  3.1426349E-02  1.1188862E-02  8.1592368E-03
 0.0000000E+00  6.7722371E-03  4.5921542E-02  5.6241007E-02  5.2505082E-02  5.6347315E-01  5.2721078E-01  4.6917407E-01  4.5921542E-02  6.7722371E-03  0.0000000E+00
 5.9358756E-04  7.1616222E-03  4.5405324E-02  5.5092197E-02  5.1555451E-02  5.4628998E-01  5.2071083E-01  4.6296080E-01  4.5405324E-02  7.1616222E-03  5.9358756E-04
 1.1512794E-03  7.5201234E-03  4.4872872E-02  5.3948316E-02  5.0606031E-02  5.2934162E-01  5.1411836E-01  4.5667769E-01  4.4872872E-02  7.5201234E-03  1.1512794E-03
 1.6739675E-03  7.8485809E-03  4.4325124E-02  5.2810216E-02  4.9657604E-02  5.1264323E-01  5.0743975E-01  4.5033060E-01  4.4325124E-02  7.8485809E-03  1.6739675E-03
 2.1625844E-03  8.1478692E-03  4.3763021E-02  5.1678718E-02  4.8710932E-02  4.9620849E-01  5.0068136E-01  4.4392535E-01  4.3763021E-02  8.1478692E-03  2.1625844E-03
 2.6180975E-03  8.4188928E-03  4.3187509E-02  5.0554609E-02  4.7766754E-02  4.8004977E-01  4.9384957E-01  4.3746775E-01  4.3187509E-02  8.4188928E-03  2.6180975E-03
 3.0415042E-03  8.6625812E-03  4.2599537E-02  4.9438642E-02  4.6825787E-02  4.6417816E-01  4.8695072E-01  4.3096354E-01  4.2599537E-02  8.6625812E-03  3.0415042E-03
 3.4338240E-03  8.8798824E-03  4.2000046E-02  4.8331535E-02  4.5888722E-02  4.4860369E-01  4.7999111E-01  4.2441841E-01  4.2000046E-02  8.8798824E-03  3.4338240E-03
 3.7960918E-03  9.0717564E-03  4.1389973E-02  4.7233968E-02  4.4956221E-02  4.3333535E-01  4.7297701E-01  4.1783795E-01  4.1389973E-02  9.0717564E-03  3.7960918E-03
 4.1293607E-03  9.2391782E-03  4.0770249E-02  4.6146590E-02  4.4028928E-02  4.1838083E-01  4.6591460E-01  4.1122773E-01  4.0770249E-02  9.2391782E-03  4.1293607E-03
 4.4346883E-03  9.3831252E-03  4.0141792E-02  4.5070013E-02  4.3107455E-02  4.0374700E-01  4.5881004E-01  4.0459320E-01  4.0141792E-02  9.3831252E-03  4.4346883E-03
 4.7131338E-03  9.5045747E-03  3.9505504E-02  4.4004809E-02  4.2192384E-02  3.8943976E-01  4.5166937E-01  3.9793974E-01  3.9505504E-02  9.5045747E-03  4.7131338E-03
 4.9658810E-03  9.6046238E-03  3.8862366E-02  4.2951605E-02  4.1284369E-02  3.7546418E-01  4.4449812E-01  3.9127220E-01  3.8862366E-02  9.6046238E-03  4.9658810E-03
 5.1939590E-03  9.6842175E-03  3.8213229E-02  4.1910889E-02  4.0383920E-02  3.6182438E-01  4.3730227E-01  3.8459585E-01  3.8213229E-02  9.6842175E-03  5.1939590E-03
 5.3984171E-03  9.7443199E-03  3.7558944E-02  4.0883130E-02  3.9491537E-02  3.4852366E-01  4.3008758E-01  3.7791576E-01  3.7558944E-02  9.7443199E-03  5.3984171E-03
 5.5803197E-03  9.7859088E-03  3.6900362E-02  3.9868783E-02  3.8607715E-02  3.3556454E-01  4.2285965E-01  3.7123677E-01  3.6900362E-02  9.7859088E-03  5.5803197E-03
 5.7407203E-03  9.8099509E-03  3.6238313E-02  3.8868266E-02  3.7732921E-02  3.2294873E-01  4.1562392E-01  3.6456364E-01  3.6238313E-02  9.8099509E-03  5.7407203E-03
 5.8806521E-03  9.8173927E-03  3.5573598E-02  3.7881966E-02  3.6867590E-02  3.1067723E-01  4.0838574E-01  3.5790097E-01  3.5573598E-02  9.8173927E-03  5.8806521E-03
 6.0011401E-03  9.8091730E-03  3.4907005E-02  3.6910239E-02  3.6012138E-02  2.9875030E-01  4.0115030E-01  3.5125326E-01  3.4907005E-02  9.8091730E-03  6.0011401E-03
 6.1031834E-03  9.7862049E-03  3.4239289E-02  3.5953407E-02  3.5166949E-02  2.8716748E-01  3.9392270E-01  3.4462486E-01  3.4239290E-02  9.7862049E-03  6.1031834E-03
 6.1877609E-03  9.7493820E-03  3.3571184E-02  3.5011762E-02  3.4332379E-02  2.7592768E-01  3.8670789E-01  3.3802002E-01  3.3571184E-02  9.7493820E-03  6.1877609E-03
 6.2558162E-03  9.6995637E-03  3.2903383E-02  3.4085550E-02  3.3508747E-02  2.6502915E-01  3.7951071E-01  3.3144285E-01  3.2903383E-02  9.6995637E-03  6.2558162E-03
 6.3082731E-03  9.6375903E-03  3.2236558E-02  3.3174993E-02  3.2696349E-02  2.5446954E-01  3.7233589E-01  3.2489734E-01  3.2236558E-02  9.6375903E-03  6.3082731E-03
 6.3460182E-03  9.5642664E-03  3.1571344E-02  3.2281264E-02  3.1896435E-02  2.4424593E-01  3.6518704E-01  3.1838641E-01  3.1571344E-02  9.5642664E-03  6.3460182E-03
 6.3707624E-03  9.4812023E-03  3.0908996E-02  3.1402386E-02  3.1107124E-02  2.3435483E-01  3.5806817E-01  3.1191383E-01  3.0908996E-02  9.4812023E-03  6.3707624E-03
 6.3822661E-03  9.3881035E-03  3.0249279E-02  3.0540270E-02  3.0330389E-02  2.2479224E-01  3.5098510E-01  3.0548408E-01  3.0249279E-02  9.3881035E-03  6.3822661E-03
 6.3817323E-03  9.2860850E-03  2.9593046E-02  2.9694527E-02  2.9565935E-02  2.1555370E-01  3.4394124E-01  2.9910012E-01  2.9593046E-02  9.2860850E-03  6.3817323E-03
 6.3699710E-03  9.1758789E-03  2.8940844E-02  2.8865247E-02  2.8813943E-02  2.0663428E-01  3.3694051E-01  2.9276519E-01  2.8940844E-02  9.1758789E-03  6.3699710E-03
 6.3477506E-03  9.0581771E-03  2.8293183E-02  2.8052487E-02  2.8074558E-02  1.9802866E-01  3.2998673E-01  2.8648242E-01  2.8293183E-02  9.0581771E-03  6.3477506E-03
 6.3158190E-03  8.9336522E-03  2.7650551E-02  2.7256325E-02  2.7347954E-02  1.8973113E-01  3.2308344E-01  2.8025473E-01  2.7650551E-02  8.9336522E-03  6.3158190E-03
 6.2748952E-03  8.8029492E-03  2.7013408E-02  2.6477363E-02  2.6634823E-02  1.8173563E-01  3.1623355E-01  2.7408434E-01  2.7013408E-02  8.8029492E-03  6.2748952E-03
 6.2256459E-03  8.6666627E-03  2.6382168E-02  2.5715010E-02  2.5934673E-02  1.7403581E-01  3.0944100E-01  2.6797459E-01  2.6382168E-02  8.6666627E-03  6.2256459E-03
 6.1694752E-03  8.5261102E-03  2.5757812E-02  2.4968380E-02  2.5246705E-02  1.6662506E-01  3.0270754E-01  2.6192706E-01  2.5757812E-02  8.5261102E-03  6.1694752E-03
 0.0000000E+00  5.4725972E-03  3.9916566E-02  4.5658590E-02  4.3064501E-02  4.6960347E-01  5.1315711E-01  4.5326210E-01  3.9916567E-02  5.4725972E-03  0.0000000E+00
 4.7702669E-04  5.7820512E-03  3.9401720E-02  4.4626257E-02  4.2216772E-02  4.5461794E-01  5.0581951E-01  4.4635942E-01  3.9401720E-02  5.7820512E-03  4.7702669E-04
 9.2421307E-04  6.0658317E-03  3.8875548E-02  4.3604060E-02  4.1373653E-02  4.3987200E-01  4.9841918E-01  4.3941542E-01  3.8875549E-02  6.0658317E-03  9.2421307E-04
 1.3423116E-03  6.3246447E-03  3.8338794E-02  4.2592503E-02  4.0535624E-02  4.2537396E-01  4.9096279E-01  4.3243607E-01  3.8338794E-02  6.3246447E-03  1.3423116E-03
 1.7321131E-03  6.5592302E-03  3.7792208E-02  4.1592061E-02  3.9703149E-02  4.1113163E-01  4.8345693E-01  4.2542726E-01  3.7792208E-02  6.5592302E-03  1.7321131E-03
 2.0944415E-03  6.7703570E-03  3.7236547E-02  4.0603183E-02  3.8876677E-02  3.9715233E-01  4.7590813E-01  4.1839482E-01  3.7236547E-02  6.7703570E-03  2.0944415E-03
 2.4301491E-03  6.9588191E-03  3.6672572E-02  3.9626292E-02  3.8056641E-02  3.8344286E-01  4.6832286E-01  4.1134446E-01  3.6672572E-02  6.9588191E-03  2.4301491E-03
 2.7401094E-03  7.1254283E-03  3.6101044E-02  3.8661781E-02  3.7243457E-02  3.7000947E-01  4.6070747E-01  4.0428176E-01  3.6101045E-02  7.1254283E-03  2.7401094E-03
 3.0252112E-03  7.2710092E-03  3.5522719E-02  3.7710013E-02  3.6437519E-02  3.5685782E-01  4.5306823E-01  3.9721223E-01  3.5522720E-02  7.2710092E-03  3.0252112E-03
 3.2863606E-03  7.3964018E-03  3.4938353E-02  3.6771331E-02  3.5639209E-02  3.4399329E-01  4.4541128E-01  3.9014123E-01  3.4938353E-02  7.3964018E-03  3.2863606E-03
 3.5244691E-03  7.5024495E-03  3.4348690E-02  3.5846046E-02  3.4848888E-02  3.3142056E-01  4.3774268E-01  3.8307401E-01  3.4348690E-02  7.5024495E-03  3.5244691E-03
 3.7404509E-03  7.5899974E-03  3.3754465E-02  3.4934440E-02  3.4066895E-02  3.1914377E-01  4.3006834E-01  3.7601569E-01  3.3754465E-02  7.5899974E-03  3.7404509E-03
 3.9353183E-03  7.6599846E-03  3.3156474E-02  3.4036857E-02  3.3293638E-02  3.0716652E-01  4.2239366E-01  3.6897093E-01  3.3156475E-02  7.6599846E-03  3.9353183E-03
 4.1099630E-03  7.7132325E-03  3.2555413E-02  3.3153512E-02  3.2529401E-02  2.9549181E-01  4.1472438E-01  3.6194464E-01  3.2555413E-02  7.7132325E-03  4.1099630E-03
 4.2652914E-03  7.7505759E-03  3.1951976E-02  3.2284611E-02  3.1774466E-02  2.8412205E-01  4.0706601E-01  3.5494152E-01  3.1951976E-02  7.7505759E-03  4.2652914E-03
 4.4022206E-03  7.7728594E-03  3.1346855E-02  3.1430352E-02  3.1029116E-02  2.7305906E-01  3.9942384E-01  3.4796605E-01  3.1346855E-02  7.7728594E-03  4.4022206E-03
 4.5216570E-03  7.7809172E-03  3.0740727E-02  3.0590911E-02  3.0293612E-02  2.6230405E-01  3.9180300E-01  3.4102260E-01  3.0740727E-02  7.7809172E-03  4.5216570E-03
 4.6244887E-03  7.7755651E-03  3.0134243E-02  2.9766436E-02  2.9568193E-02  2.5185763E-01  3.8420847E-01  3.3411533E-01  3.0134243E-02  7.7755651E-03  4.6244887E-03
 4.7115958E-03  7.7576113E-03  2.9528042E-02  2.8957057E-02  2.8853084E-02  2.4171977E-01  3.7664507E-01  3.2724829E-01  2.9528042E-02  7.7576113E-03  4.7115958E-03
 4.7838344E-03  7.7278406E-03  2.8922738E-02  2.8162877E-02  2.8148487E-02  2.3188985E-01  3.6911746E-01  3.2042536E-01  2.8922738E-02  7.7278406E-03  4.7838344E-03
 4.8420417E-03  7.6870193E-03  2.8318920E-02  2.7383976E-02  2.7454587E-02  2.2236668E-01  3.6163017E-01  3.1365030E-01  2.8318920E-02  7.6870193E-03  4.8420417E-03
 4.8870221E-03  7.6358821E-03  2.7717146E-02  2.6620401E-02  2.6771533E-02  2.1314845E-01  3.5418755E-01  3.0692670E-01  2.7717146E-02  7.6358821E-03  4.8870221E-03
 4.9195619E-03  7.5751460E-03  2.7117954E-02  2.5872182E-02  2.6099464E-02  2.0423281E-01  3.4679386E-01  3.0025803E-01  2.7117954E-02  7.5751460E-03  4.9195619E-03
 4.9404128E-03  7.5054947E-03  2.6521849E-02  2.5140286E-02  2.5439459E-02  1.9561688E-01  3.3945218E-01  2.9364665E-01  2.6521849E-02  7.5054947E-03  4.9404128E-03
 4.9510964E-03  7.4283667E-03  2.5929937E-02  2.4422663E-02  2.4789560E-02  1.8729722E-01  3.3216603E-01  2.8709586E-01  2.5929937E-02  7.4283667E-03  4.9510964E-03
 4.9513125E-03  7.3434163E-03  2.5341888E-02  2.3720943E-02  2.4151531E-02  1.7926995E-01  3.2494062E-01  2.8060945E-01  2.5341888E-02  7.3434163E-03  4.9513125E-03
 4.9421084E-03  7.2516181E-03  2.4758420E-02  2.3034619E-02  2.3524972E-02  1.7153070E-01  3.1777879E-01  2.7418984E-01  2.4758420E-02  7.2516181E-03  4.9421084E-03
 4.9241652E-03  7.1535889E-03  2.4179966E-02  2.2363633E-02  2.2909938E-02  1.6407468E-01  3.1068388E-01  2.6783966E-01  2.4179966E-02  7.1535889E-03  4.9241652E-03
 4.8981255E-03  7.0499080E-03  2.3606921E-02  2.1707899E-02  2.2306459E-02  1.5689672E-01  3.0365910E-01  2.6156144E-01  2.3606921E-02  7.0499080E-03  4.8981255E-03
 4.8646140E-03  6.9411378E-03  2.3039660E-02  2.1067365E-02  2.1714599E-02  1.4999128E-01  2.9670740E-01  2.5535748E-01  2.3039660E-02  6.9411378E-03  4.8646140E-03
 4.8242286E-03  6.8278153E-03  2.2478537E-02  2.0442490E-02  2.1134930E-02  1.4335251E-01  2.8983104E-01  2.4922940E-01  2.2478537E-02  6.8278153E-03  4.8242286E-03
 4.7775194E-03  6.7104309E-03  2.1923862E-02  1.9832581E-02  2.0566875E-02  1.3697426E-01  2.8303333E-01  2.4317990E-01  2.1923862E-02  6.7104309E-03  4.7775194E-03
 4.7257258E-03  6.5901523E-03  2.1376493E-02  1.9236704E-02  2.0009595E-02  1.3085016E-01  2.7631541E-01  2.3721000E-01  2.1376493E-02  6.5901523E-03  4.7257258E-03
 0.0000000E+00  4.4887708E-03  3.4892716E-02  3.6646258E-02  3.5167543E-02  3.9378734E-01  4.9637914E-01  4.3522074E-01  3.4892716E-02  4.4887708E-03  0.0000000E+00
 3.8841064E-04  4.7379496E-03  3.4396738E-02  3.5754887E-02  3.4438955E-02  3.8084785E-01  4.8834753E-01  4.2776954E-01  3.4396738E-02  4.7379496E-03  3.8841064E-04
 7.5165595E-04  4.9654287E-03  3.3892525E-02  3.4876189E-02  3.3717032E-02  3.6811796E-01  4.8028331E-01  4.2030503E-01  3.3892525E-02  4.9654287E-03  7.5165595E-04
 1.0903807E-03  5.1718148E-03  3.3380692E-02  3.4010385E-02  3.3002020E-02  3.5560372E-01  4.7219320E-01  4.1283312E-01  3.3380692E-02  5.1718148E-03  1.0903807E-03
 1.4052670E-03  5.3577481E-03  3.2861869E-02  3.3157675E-02  3.2294159E-02  3.4331114E-01  4.6408384E-01  4.0535960E-01  3.2861869E-02  5.3577481E-03  1.4052670E-03
 1.6970290E-03  5.5238975E-03  3.2336692E-02  3.2318241E-02  3.1593681E-02  3.3124618E-01  4.5596172E-01  3.9789013E-01  3.2336692E-02  5.5238975E-03  1.6970290E-03
 1.9664084E-03  5.6709569E-03  3.1805803E-02  3.1492250E-02  3.0900811E-02  3.1941465E-01  4.4783325E-01  3.9043022E-01  3.1805803E-02  5.6709569E-03  1.9664084E-03
 2.2141674E-03  5.7996379E-03  3.1269849E-02  3.0679850E-02  3.0215764E-02  3.0782231E-01  4.3970466E-01  3.8298526E-01  3.1269849E-02  5.7996379E-03  2.2141674E-03
 2.4410829E-03  5.9106649E-03  3.0729470E-02  2.9881167E-02  2.9538744E-02  2.9647478E-01  4.3158205E-01  3.7556047E-01  3.0729470E-02  5.9106649E-03  2.4410829E-03
 2.6479481E-03  6.0047771E-03  3.0185310E-02  2.9096314E-02  2.8869949E-02  2.8537718E-01  4.2347140E-01  3.6816092E-01  3.0185310E-02  6.0047771E-03  2.6479481E-03
 2.8355615E-03  6.0827169E-03  2.9638006E-02  2.8325385E-02  2.8209563E-02  2.7453441E-01  4.1537849E-01  3.6079154E-01  2.9638006E-02  6.0827169E-03  2.8355615E-03
 3.0047238E-03  6.1452287E-03  2.9088184E-02  2.7568454E-02  2.7557757E-02  2.6395097E-01  4.0730899E-01  3.5345710E-01  2.9088184E-02  6.1452287E-03  3.0047238E-03
 3.1563314E-03  6.1931488E-03  2.8536529E-02  2.6825666E-02  2.6914780E-02  2.5363090E-01  3.9926798E-01  3.4616185E-01  2.8536529E-02  6.1931488E-03  3.1563314E-03
 3.2911635E-03  6.2271988E-03  2.7983635E-02  2.6097044E-02  2.6280765E-02  2.4357775E-01  3.9126084E-01  3.3891031E-01  2.7983635E-02  6.2271988E-03  3.2911635E-03
 3.4100125E-03  6.2481125E-03  2.7430094E-02  2.5382612E-02  2.5655846E-02  2.3379448E-01  3.8329272E-01  3.3170672E-01  2.7430094E-02  6.2481125E-03  3.4100125E-03
 3.5136812E-03  6.2566334E-03  2.6876495E-02  2.4682394E-02  2.5040166E-02  2.2428350E-01  3.7536848E-01  3.2455513E-01  2.6876495E-02  6.2566334E-03  3.5136812E-03
 3.6029623E-03  6.2534947E-03  2.6323414E-02  2.3996400E-02  2.4433853E-02  2.1504657E-01  3.6749282E-01  3.1745938E-01  2.6323414E-02  6.2534947E-03  3.6029623E-03
 3.6786303E-03  6.2394118E-03  2.5771403E-02  2.3324620E-02  2.3837022E-02  2.0608486E-01  3.5967024E-01  3.1042314E-01  2.5771403E-02  6.2394118E-03  3.6786303E-03
 3.7414521E-03  6.2150924E-03  2.5221005E-02  2.2667034E-02  2.3249778E-02  1.9739886E-01  3.5190509E-01  3.0344993E-01  2.5221005E-02  6.2150924E-03  3.7414521E-03
 3.7921714E-03  6.1812217E-03  2.4672734E-02  2.2023605E-02  2.2672211E-02  1.8898844E-01  3.4420149E-01  2.9654311E-01  2.4672734E-02  6.1812217E-03  3.7921714E-03
 3.8315135E-03  6.1384669E-03  2.4127087E-02  2.1394278E-02  2.2104394E-02  1.8085283E-01  3.3656344E-01  2.8970584E-01  2.4127087E-02  6.1384669E-03  3.8315135E-03
 3.8601728E-03  6.0874647E-03  2.3584527E-02  2.0778972E-02  2.1546381E-02  1.7299062E-01  3.2899474E-01  2.8294115E-01  2.3584527E-02  6.0874647E-03  3.8601728E-03
 3.8788257E-03  6.0288347E-03  2.3045502E-02  2.0177598E-02  2.0998212E-02  1.6539980E-01  3.2149903E-01  2.7625193E-01  2.3045502E-02  6.0288347E-03  3.8788257E-03
 3.8881159E-03  5.9631644E-03  2.2510427E-02  1.9591010E-02  2.0460873E-02  1.5807779E-01  3.1407883E-01  2.6963993E-01  2.2510426E-02  5.9631644E-03  3.8881159E-03
 3.8894322E-03  5.8917733E-03  2.1980312E-02  1.9017082E-02  1.9932344E-02  1.5102145E-01  3.0673703E-01  2.6310789E-01  2.1980312E-02  5.8917733E-03  3.8894322E-03
 3.8824002E-03  5.8142506E-03  2.1454745E-02  1.8457306E-02  1.9414283E-02  1.4422712E-01  2.9947821E-01  2.5665893E-01  2.1454745E-02  5.8142506E-03  3.8824002E-03
 3.8679528E-03  5.7314685E-03  2.0934360E-02  1.7911098E-02  1.8906228E-02  1.3769065E-01  2.9230460E-01  2.5029485E-01  2.0934360E-02  5.7314685E-03  3.8679528E-03
 3.8466684E-03  5.6439521E-03  2.0419506E-02  1.7378317E-02  1.8408164E-02  1.3140745E-01  2.8521885E-01  2.4401765E-01  2.0419506E-02  5.6439521E-03  3.8466684E-03
 3.8190893E-03  5.5521915E-03  1.9910497E-02  1.6858798E-02  1.7920060E-02  1.2537252E-01  2.7822351E-01  2.3782923E-01  1.9910497E-02  5.5521915E-03  3.8190893E-03
 3.7857416E-03  5.4566609E-03  1.9407630E-02  1.6352417E-02  1.7441920E-02  1.1958053E-01  2.7132088E-01  2.3173124E-01  1.9407630E-02  5.4566609E-03  3.7857416E-03
 3.7471265E-03  5.3578108E-03  1.8911181E-02  1.5859541E-02  1.6974238E-02  1.1402578E-01  2.6451255E-01  2.2572471E-01  1.8911181E-02  5.3578108E-03  3.7471265E-03
 3.7037009E-03  5.2560486E-03  1.8421387E-02  1.5379441E-02  1.6516412E-02  1.0870232E-01  2.5780115E-01  2.1981163E-01  1.8421387E-02  5.2560486E-03  3.7037009E-03
 3.6565602E-03  5.1524099E-03  1.7939002E-02  1.4911197E-02  1.6067614E-02  1.0360397E-01  2.5118716E-01  2.1399250E-01  1.7939002E-02  5.1524099E-03  3.6565602E-03
 0.0000000E+00  3.7360030E-03  3.0729877E-02  2.9082187E-02  2.8645920E-02  3.3252784E-01  4.7737352E-01  4.1551249E-01  3.0729877E-02  3.7360030E-03  0.0000000E+00
 3.2012342E-04  3.9386192E-03  3.0257400E-02  2.8340532E-02  2.8040306E-02  3.2141207E-01  4.6878870E-01  4.0764712E-01  3.0257400E-02  3.9386192E-03  3.2012342E-04
 6.1867167E-04  4.1225688E-03  2.9778735E-02  2.7612027E-02  2.7441694E-02  3.1045634E-01  4.6020023E-01  3.9979474E-01  2.9778735E-02  4.1225688E-03  6.1867167E-04
 8.9621802E-04  4.2883960E-03  2.9294430E-02  2.6896695E-02  2.6850177E-02  2.9966710E-01  4.5161484E-01  3.9196112E-01  2.9294430E-02  4.2883960E-03  8.9621802E-04
 1.1533713E-03  4.4366774E-03  2.8805046E-02  2.6194547E-02  2.6265848E-02  2.8905132E-01  4.4303911E-01  3.8415188E-01  2.8805046E-02  4.4366774E-03  1.1533713E-03
 1.3907708E-03  4.5680171E-03  2.8311151E-02  2.5505586E-02  2.5688797E-02  2.7861636E-01  4.3447944E-01  3.7637247E-01  2.8311151E-02  4.5680171E-03  1.3907708E-03
 1.6090818E-03  4.6830428E-03  2.7813319E-02  2.4829803E-02  2.5119118E-02  2.6836976E-01  4.2594208E-01  3.6862816E-01  2.7813319E-02  4.6830428E-03  1.6090818E-03
 1.8089882E-03  4.7823986E-03  2.7312128E-02  2.4167182E-02  2.4556898E-02  2.5831908E-01  4.1743309E-01  3.6092403E-01  2.7312128E-02  4.7823986E-03  1.8089882E-03
 1.9911875E-03  4.8667400E-03  2.6808151E-02  2.3517692E-02  2.4002222E-02  2.4847170E-01  4.0895832E-01  3.5326501E-01  2.6808151E-02  4.8667400E-03  1.9911875E-03
 2.1563915E-03  4.9367357E-03  2.6301961E-02  2.2881297E-02  2.3455171E-02  2.3883484E-01  4.0052347E-01  3.4565580E-01  2.6301961E-02  4.9367357E-03  2.1563915E-03
 2.3053153E-03  4.9930563E-03  2.5794124E-02  2.2257946E-02  2.2915822E-02  2.2941527E-01  3.9213401E-01  3.3810095E-01  2.5794124E-02  4.9930563E-03  2.3053153E-03
 2.4386751E-03  5.0363723E-03  2.5285196E-02  2.1647576E-02  2.2384243E-02  2.2021931E-01  3.8379526E-01  3.3060480E-01  2.5285196E-02  5.0363723E-03  2.4386751E-03
 2.5572877E-03  5.0674518E-03  2.4775803E-02  2.1050218E-02  2.1860592E-02  2.1125268E-01  3.7551186E-01  3.2317115E-01  2.4775803E-02  5.0674518E-03  2.5572877E-03
 2.6618429E-03  5.0869380E-03  2.4266462E-02  2.0465769E-02  2.1344906E-02  2.0252046E-01  3.6728880E-01  3.1580404E-01  2.4266462E-02  5.0869380E-03  2.6618429E-03
 2.7530449E-03  5.0954872E-03  2.3757690E-02  1.9894136E-02  2.0837233E-02  1.9402705E-01  3.5913075E-01  3.0850725E-01  2.3757690E-02  5.0954872E-03  2.7530449E-03
 2.8316082E-03  5.0937658E-03  2.3250009E-02  1.9335237E-02  2.0337634E-02  1.8577606E-01  3.5104210E-01  3.0128428E-01  2.3250009E-02  5.0937658E-03  2.8316082E-03
 2.8982369E-03  5.0824291E-03  2.2743921E-02  1.8788981E-02  1.9846163E-02  1.7777037E-01  3.4302702E-01  2.9413846E-01  2.2743921E-02  5.0824291E-03  2.8982369E-03
 2.9536168E-03  5.0621142E-03  2.2239908E-02  1.8255265E-02  1.9362861E-02  1.7001207E-01  3.3508948E-01  2.8707288E-01  2.2239908E-02  5.0621142E-03  2.9536168E-03
 2.9984252E-03  5.0334497E-03  2.1738439E-02  1.7733981E-02  1.8887768E-02  1.6250243E-01  3.2723325E-01  2.8009051E-01  2.1738439E-02  5.0334497E-03  2.9984252E-03
 3.0333163E-03  4.9970415E-03  2.1239959E-02  1.7225009E-02  1.8420910E-02  1.5524198E-01  3.1946188E-01  2.7319410E-01  2.1239959E-02  4.9970415E-03  3.0333163E-03
 3.0589265E-03  4.9534776E-03  2.0744893E-02  1.6728219E-02  1.7962305E-02  1.4823047E-01  3.1177875E-01  2.6638623E-01  2.0744893E-02  4.9534776E-03  3.0589265E-03
 3.0758616E-03  4.9033162E-03  2.0253634E-02  1.6243462E-02  1.7511951E-02  1.4146691E-01  3.0418702E-01  2.5966931E-01  2.0253634E-02  4.9033162E-03  3.0758616E-03
 3.0847099E-03  4.8470982E-03  1.9766559E-02  1.5770583E-02  1.7069839E-02  1.3494963E-01  2.9668972E-01  2.5304560E-01  1.9766559E-02  4.8470982E-03  3.0847099E-03
 3.0860282E-03  4.7853335E-03  1.9284014E-02  1.5310352E-02  1.6636889E-02  1.2867627E-01  2.8928872E-01  2.4651625E-01  1.9284014E-02  4.7853335E-03  3.0860282E-03
 3.0810775E-03  4.7192245E-03  1.8806922E-02  1.4860667E-02  1.6211098E-02  1.2264388E-01  2.8198627E-01  2.4008341E-01  1.8806922E-02  4.7192245E-03  3.0810775E-03
 3.0694486E-03  4.6483321E-03  1.8334825E-02  1.4422896E-02  1.5794033E-02  1.1684891E-01  2.7478623E-01  2.3374948E-01  1.8334825E-02  4.6483321E-03  3.0694486E-03
 3.0519721E-03  4.5734358E-03  1.7868284E-02  1.3996436E-02  1.5385214E-02  1.1128731E-01  2.6769015E-01  2.2751563E-01  1.7868284E-02  4.5734358E-03  3.0519721E-03
 3.0291424E-03  4.4949848E-03  1.7407580E-02  1.3581111E-02  1.4984599E-02  1.0595455E-01  2.6070002E-01  2.2138325E-01  1.7407580E-02  4.4949848E-03  3.0291424E-03
 3.0014198E-03  4.4133954E-03  1.6952965E-02  1.3176722E-02  1.4592132E-02  1.0084569E-01  2.5381767E-01  2.1535356E-01  1.6952965E-02  4.4133954E-03  3.0014198E-03
 2.9692494E-03  4.3290687E-03  1.6504672E-02  1.2783118E-02  1.4207793E-02  9.5955400E-02  2.4704469E-01  2.0942758E-01  1.6504672E-02  4.3290687E-03  2.9692494E-03
 2.9330531E-03  4.2423835E-03  1.6062917E-02  1.2400602E-02  1.3832018E-02  9.1278063E-02  2.4038204E-01  2.0360574E-01  1.6062917E-02  4.2423835E-03  2.9330531E-03
 2.8932121E-03  4.1536791E-03  1.5627878E-02  1.2028465E-02  1.3464228E-02  8.6807780E-02  2.3383159E-01  1.9788934E-01  1.5627878E-02  4.1536791E-03  2.8932121E-03
 2.8506863E-03  4.0638645E-03  1.5200206E-02  1.1665847E-02  1.3103647E-02  8.2538438E-02  2.2739322E-01  1.9227835E-01  1.5200206E-02  4.0638645E-03  2.8506863E-03
 0.0000000E+00  3.1513212E-03  2.7265426E-02  2.2812365E-02  2.3310735E-02  2.8325101E-01  4.5671148E-01  3.9466335E-01  2.7265426E-02  3.1513212E-03  0.0000000E+00
 2.6666041E-04  3.3169972E-03  2.6815208E-02  2.2217561E-02  2.2823313E-02  2.7368688E-01  4.4769271E-01  3.8649518E-01  2.6815208E-02  3.3169972E-03  2.6666041E-04
 5.1451147E-04  3.4663592E-03  2.6360412E-02  2.1635195E-02  2.2342252E-02  2.6422019E-01  4.3869862E-01  3.7836513E-01  2.6360412E-02  3.4663592E-03  5.1451147E-04
 7.4408958E-04  3.5999219E-03  2.5901543E-02  2.1065137E-02  2.1867533E-02  2.5486207E-01  4.2973587E-01  3.7027880E-01  2.5901543E-02  3.5999219E-03  7.4408958E-04
 9.5596319E-04  3.7182296E-03  2.5439117E-02  2.0507256E-02  2.1399141E-02  2.4562409E-01  4.2081091E-01  3.6224155E-01  2.5439117E-02  3.7182296E-03  9.5596319E-04
 1.1507280E-03  3.8218506E-03  2.4973656E-02  1.9961418E-02  2.0937070E-02  2.3651801E-01  4.1192993E-01  3.5425855E-01  2.4973656E-02  3.8218506E-03  1.1507280E-03
 1.3290020E-03  3.9113738E-03  2.4505687E-02  1.9427488E-02  2.0481319E-02  2.2755557E-01  4.0309894E-01  3.4633474E-01  2.4505687E-02  3.9113738E-03  1.3290020E-03
 1.4914193E-03  3.9874013E-03  2.4035736E-02  1.8905329E-02  2.0031891E-02  2.1874820E-01  3.9432368E-01  3.3847484E-01  2.4035736E-02  3.9874013E-03  1.4914193E-03
 1.6386241E-03  4.0505442E-03  2.3564327E-02  1.8394798E-02  1.9588788E-02  2.1010686E-01  3.8560969E-01  3.3068333E-01  2.3564327E-02  4.0505442E-03  1.6386241E-03
 1.7712725E-03  4.1014235E-03  2.3091979E-02  1.7895755E-02  1.9152020E-02  2.0164198E-01  3.7696225E-01  3.2296450E-01  2.3091979E-02  4.1014235E-03  1.7712725E-03
 1.8900216E-03  4.1406599E-03  2.2619203E-02  1.7408052E-02  1.8721593E-02  1.9336319E-01  3.6838640E-01  3.1532241E-01  2.2619203E-02  4.1406599E-03  1.8900216E-03
 1.9955270E-03  4.1688717E-03  2.2146500E-02  1.6931535E-02  1.8297512E-02  1.8527931E-01  3.5988698E-01  3.0776089E-01  2.2146500E-02  4.1688717E-03  1.9955270E-03
 2.0885355E-03  4.1867654E-03  2.1674435E-02  1.6466154E-02  1.7879880E-02  1.7739820E-01  3.5146816E-01  3.0028324E-01  2.1674435E-02  4.1867654E-03  2.0885355E-03
 2.1696733E-03  4.1949285E-03  2.1203468E-02  1.6011728E-02  1.7468679E-02  1.6972679E-01  3.4313437E-01  2.9289292E-01  2.1203468E-02  4.1949285E-03  2.1696733E-03
 2.2395782E-03  4.1939588E-03  2.0734057E-02  1.5568093E-02  1.7063909E-02  1.6227097E-01  3.3488972E-01  2.8559315E-01  2.0734056E-02  4.1939588E-03  2.2395782E-03
 2.2988953E-03  4.1844609E-03  2.0266660E-02  1.5135104E-02  1.6665587E-02  1.5503560E-01  3.2673801E-01  2.7838683E-01  2.0266660E-02  4.1844609E-03  2.2988953E-03
 2.3482578E-03  4.1670272E-03  1.9801719E-02  1.4712613E-02  1.6273726E-02  1.4802451E-01  3.1868280E-01  2.7127668E-01  1.9801719E-02  4.1670272E-03  2.3482578E-03
 2.3882800E-03  4.1422305E-03  1.9339655E-02  1.4300462E-02  1.5888333E-02  1.4124050E-01  3.1072743E-01  2.6426520E-01  1.9339655E-02  4.1422305E-03  2.3882800E-03
 2.4195660E-03  4.1106337E-03  1.8880874E-02  1.3898500E-02  1.5509417E-02  1.3468542E-01  3.0287500E-01  2.5735469E-01  1.8880874E-02  4.1106337E-03  2.4195660E-03
 2.4426973E-03  4.0727770E-03  1.8425759E-02  1.3506564E-02  1.5136976E-02  1.2836012E-01  2.9512840E-01  2.5054727E-01  1.8425759E-02  4.0727770E-03  2.4426973E-03
 2.4582365E-03  4.0291818E-03  1.7974671E-02  1.3124490E-02  1.4771005E-02  1.2226458E-01  2.8749032E-01  2.4384488E-01  1.7974671E-02  4.0291818E-03  2.4582365E-03
 2.4667171E-03  3.9803404E-03  1.7527943E-02  1.2752098E-02  1.4411482E-02  1.1639790E-01  2.7996324E-01  2.3724926E-01  1.7527943E-02  3.9803404E-03  2.4667171E-03
 2.4686548E-03  3.9267278E-03  1.7085891E-02  1.2389210E-02  1.4058385E-02  1.1075839E-01  2.7254946E-01  2.3076201E-01  1.7085891E-02  3.9267278E-03  2.4686548E-03
 2.4645351E-03  3.8687890E-03  1.6648800E-02  1.2036500E-02  1.3712542E-02  1.0534364E-01  2.6525022E-01  2.2438369E-01  1.6648800E-02  3.8687890E-03  2.4645351E-03
 2.4554738E-03  3.8075897E-03  1.6217481E-02  1.1692026E-02  1.3372108E-02  1.0015055E-01  2.5806707E-01  2.1811582E-01  1.6217481E-02  3.8075897E-03  2.4554738E-03
 2.4410843E-03  3.7427163E-03  1.5791485E-02  1.1356992E-02  1.3038505E-02  9.5175437E-02  2.5100303E-01  2.1196000E-01  1.5791484E-02  3.7427163E-03  2.4410843E-03
 2.4220932E-03  3.6748515E-03  1.5371290E-02  1.1030834E-02  1.2711287E-02  9.0414050E-02  2.4405900E-01  2.0591682E-01  1.5371290E-02  3.6748515E-03  2.4220932E-03
 2.3989236E-03  3.6043789E-03  1.4957121E-02  1.0713371E-02  1.2390414E-02  8.5861687E-02  2.3723621E-01  1.9998698E-01  1.4957121E-02  3.6043789E-03  2.3989236E-03
 2.3719673E-03  3.5316514E-03  1.4549172E-02  1.0404407E-02  1.2075830E-02  8.1513228E-02  2.3053579E-01  1.9417108E-01  1.4549172E-02  3.5316514E-03  2.3719673E-03
 2.3416011E-03  3.4570078E-03  1.4147624E-02  1.0103793E-02  1.1767516E-02  7.7363212E-02  2.2395862E-01  1.8846948E-01  1.4147624E-02  3.4570078E-03  2.3416011E-03
 2.3081804E-03  3.3807654E-03  1.3752639E-02  9.8117892E-03  1.1465866E-02  7.3405880E-02  2.1750496E-01  1.8288202E-01  1.3752639E-02  3.3807654E-03  2.3081804E-03
 2.2720238E-03  3.3032056E-03  1.3364344E-02  9.5277459E-03  1.1170357E-02  6.9635245E-02  2.1117594E-01  1.7740932E-01  1.3364344E-02  3.3032056E-03  2.2720238E-03
 2.2339598E-03  3.2251134E-03  1.2983289E-02  9.2509030E-03  1.0880304E-02  6.6045141E-02  2.0497084E-01  1.7205081E-01  1.2983289E-02  3.2251134E-03  2.2339598E-03
 0.0000000E+00  2.6851962E-03  2.4297498E-02  1.7626807E-02  1.8950533E-02  2.4431721E-01  4.3476781E-01  3.7299404E-01  2.4297498E-02  2.6851962E-03  0.0000000E+00
 2.2393542E-04  2.8209152E-03  2.3870847E-02  1.7176214E-02  1.8577693E-02  2.3591110E-01  4.2542605E-01  3.6462675E-01  2.3870847E-02  2.8209152E-03  2.2393542E-04
 4.3125330E-04  2.9422237E-03  2.3440871E-02  1.6736082E-02  1.8209455E-02  2.2754843E-01  4.1613650E-01  3.5632125E-01  2.3440871E-02  2.9422237E-03  4.3125330E-04
 6.2247690E-04  3.0496274E-03  2.3008040E-02  1.6306190E-02  1.7845747E-02  2.1924835E-01  4.0690563E-01  3.4808286E-01  2.3008040E-02  3.0496274E-03  6.2247690E-04
 7.9815627E-04  3.1436560E-03  2.2572829E-02  1.5886322E-02  1.7486513E-02  2.1102937E-01  3.9773961E-01  3.3991662E-01  2.2572829E-02  3.1436560E-03  7.9815627E-04
 9.5886359E-04  3.2248588E-03  2.2135723E-02  1.5476269E-02  1.7131708E-02  2.0290914E-01  3.8864435E-01  3.3182734E-01  2.2135723E-02  3.2248588E-03  9.5886359E-04
 1.1051889E-03  3.2938008E-03  2.1697205E-02  1.5075829E-02  1.6781299E-02  1.9490436E-01  3.7962548E-01  3.2381952E-01  2.1697205E-02  3.2938008E-03  1.1051889E-03
 1.2377335E-03  3.3510564E-03  2.1257760E-02  1.4684803E-02  1.6435260E-02  1.8703058E-01  3.7068834E-01  3.1589746E-01  2.1257760E-02  3.3510564E-03  1.2377335E-03
 1.3571053E-03  3.3972048E-03  2.0817863E-02  1.4302994E-02  1.6093572E-02  1.7930213E-01  3.6183798E-01  3.0806515E-01  2.0817863E-02  3.3972048E-03  1.3571053E-03
 1.4639198E-03  3.4328311E-03  2.0377988E-02  1.3930213E-02  1.5756225E-02  1.7173215E-01  3.5307922E-01  3.0032636E-01  2.0377988E-02  3.4328311E-03  1.4639198E-03
 1.5587902E-03  3.4585170E-03  1.9938600E-02  1.3566275E-02  1.5423213E-02  1.6433241E-01  3.4441654E-01  2.9268461E-01  1.9938600E-02  3.4585170E-03  1.5587902E-03
 1.6423255E-03  3.4748390E-03  1.9500148E-02  1.3210992E-02  1.5094530E-02  1.5711335E-01  3.3585424E-01  2.8514316E-01  1.9500148E-02  3.4748390E-03  1.6423255E-03
 1.7152175E-03  3.4824536E-03  1.9063148E-02  1.2864277E-02  1.4770264E-02  1.5008401E-01  3.2739585E-01  2.7770473E-01  1.9063148E-02  3.4824536E-03  1.7152175E-03
 1.7780406E-03  3.4819012E-03  1.8628006E-02  1.2525928E-02  1.4450397E-02  1.4325210E-01  3.1904521E-01  2.7037219E-01  1.8628006E-02  3.4819012E-03  1.7780406E-03
 1.8313776E-03  3.4737296E-03  1.8195130E-02  1.2195766E-02  1.4134929E-02  1.3662401E-01  3.1080578E-01  2.6314811E-01  1.8195130E-02  3.4737296E-03  1.8313776E-03
 1.8758160E-03  3.4584904E-03  1.7764926E-02  1.1873630E-02  1.3823877E-02  1.3020482E-01  3.0268067E-01  2.5603477E-01  1.7764926E-02  3.4584904E-03  1.8758160E-03
 1.9119293E-03  3.4367208E-03  1.7337782E-02  1.1559363E-02  1.3517260E-02  1.2399837E-01  2.9467276E-01  2.4903423E-01  1.7337782E-02  3.4367208E-03  1.9119293E-03
 1.9402711E-03  3.4089378E-03  1.6914065E-02  1.1252805E-02  1.3215091E-02  1.1800729E-01  2.8678467E-01  2.4214833E-01  1.6914065E-02  3.4089378E-03  1.9402711E-03
 1.9613834E-03  3.3756468E-03  1.6494128E-02  1.0953803E-02  1.2917389E-02  1.1223312E-01  2.7901880E-01  2.3537871E-01  1.6494128E-02  3.3756468E-03  1.9613834E-03
 1.9757849E-03  3.3373296E-03  1.6078301E-02  1.0662201E-02  1.2624164E-02  1.0667632E-01  2.7137730E-01  2.2872683E-01  1.6078301E-02  3.3373296E-03  1.9757849E-03
 1.9839754E-03  3.2944491E-03  1.5666892E-02  1.0377840E-02  1.2335423E-02  1.0133639E-01  2.6386212E-01  2.2219393E-01  1.5666892E-02  3.2944491E-03  1.9839754E-03
 1.9864257E-03  3.2474395E-03  1.5260184E-02  1.0100556E-02  1.2051164E-02  9.6211896E-02  2.5647500E-01  2.1578109E-01  1.5260184E-02  3.2474395E-03  1.9864257E-03
 1.9835892E-03  3.1967174E-03  1.4858441E-02  9.8301844E-03  1.1771380E-02  9.1300625E-02  2.4921748E-01  2.0948923E-01  1.4858441E-02  3.1967174E-03  1.9835892E-03
 1.9758903E-03  3.1426709E-03  1.4461899E-02  9.5673343E-03  1.1496836E-02  8.6599604E-02  2.4209013E-01  2.0331832E-01  1.4461899E-02  3.1426709E-03  1.9758903E-03
 1.9643115E-03  3.0862383E-03  1.4071265E-02  9.3102711E-03  1.1225886E-02  8.2105206E-02  2.3509376E-01  1.9726919E-01  1.4071265E-02  3.0862383E-03  1.9643115E-03
 1.9484956E-03  3.0270372E-03  1.3686110E-02  9.0600723E-03  1.0959832E-02  7.7813232E-02  2.2823055E-01  1.9134270E-01  1.3686110E-02  3.0270372E-03  1.9484956E-03
 1.9290767E-03  2.9656619E-03  1.3306841E-02  8.8162435E-03  1.0698293E-02  7.3718969E-02  2.2150066E-01  1.8553883E-01  1.3306841E-02  2.9656619E-03  1.9290767E-03
 1.9064167E-03  2.9024389E-03  1.2933636E-02  8.5786328E-03  1.0441254E-02  6.9817282E-02  2.1490462E-01  1.7985762E-01  1.2933636E-02  2.9024389E-03  1.9064167E-03
 1.8808482E-03  2.8376659E-03  1.2566644E-02  8.3470813E-03  1.0188686E-02  6.6102680E-02  2.0844281E-01  1.7429902E-01  1.2566644E-02  2.8376659E-03  1.8808482E-03
 1.8526900E-03  2.7716267E-03  1.2206002E-02  8.1214679E-03  9.9405976E-03  6.2569379E-02  2.0211537E-01  1.6886278E-01  1.2206002E-02  2.7716267E-03  1.8526900E-03
 1.8222407E-03  2.7045858E-03  1.1851829E-02  7.9020329E-03  9.6973503E-03  5.9211366E-02  1.9592194E-01  1.6354815E-01  1.1851829E-02  2.7045858E-03  1.8222407E-03
 1.7897658E-03  2.6367748E-03  1.1504215E-02  7.6882228E-03  9.4585107E-03  5.6022455E-02  1.8986283E-01  1.5835511E-01  1.1504215E-02  2.6367748E-03  1.7897658E-03
 1.7559724E-03  2.5688623E-03  1.1163610E-02  7.4794006E-03  9.2235038E-03  5.2996344E-02  1.8393679E-01  1.5328257E-01  1.1163610E-02  2.5688623E-03  1.7559724E-03
 0.0000000E+00  2.3028007E-03  2.1744264E-02  1.3443834E-02  1.5497513E-02  2.1331308E-01  4.1176310E-01  3.5072355E-01  2.1744264E-02  2.3028007E-03  0.0000000E+00
 1.8909360E-04  2.4140705E-03  2.1342566E-02  1.3127548E-02  1.5227196E-02  2.0564895E-01  4.0221090E-01  3.4225816E-01  2.1342565E-02  2.4140705E-03  1.8909360E-04
 3.6338581E-04  2.5125188E-03  2.0938279E-02  1.2818895E-02  1.4959172E-02  1.9801991E-01  3.9273675E-01  3.3387617E-01  2.0938278E-02  2.5125188E-03  3.6338581E-04
 5.2339475E-04  2.5986493E-03  2.0531868E-02  1.2517620E-02  1.4693372E-02  1.9044676E-01  3.8334682E-01  3.2558251E-01  2.0531868E-02  2.5986493E-03  5.2339475E-04
 6.6966009E-04  2.6729845E-03  2.0123805E-02  1.2223479E-02  1.4429740E-02  1.8294935E-01  3.7404694E-01  3.1738187E-01  2.0123805E-02  2.6729845E-03  6.6966009E-04
 8.0273868E-04  2.7360620E-03  1.9714561E-02  1.1936244E-02  1.4168241E-02  1.7554637E-01  3.6484260E-01  3.0927859E-01  1.9714561E-02  2.7360620E-03  8.0273868E-04
 9.2320033E-04  2.7884300E-03  1.9304605E-02  1.1655697E-02  1.3908853E-02  1.6825526E-01  3.5573901E-01  3.0127675E-01  1.9304605E-02  2.7884300E-03  9.2320033E-04
 1.0316218E-03  2.8306419E-03  1.8894404E-02  1.1381633E-02  1.3651566E-02  1.6109208E-01  3.4674100E-01  2.9338012E-01  1.8894404E-02  2.8306419E-03  1.0316218E-03
 1.1285822E-03  2.8632517E-03  1.8484414E-02  1.1113853E-02  1.3396377E-02  1.5407146E-01  3.3785312E-01  2.8559217E-01  1.8484414E-02  2.8632517E-03  1.1285822E-03
 1.2146640E-03  2.8868154E-03  1.8075084E-02  1.0852172E-02  1.3143298E-02  1.4720658E-01  3.2907959E-01  2.7791613E-01  1.8075084E-02  2.8868154E-03  1.2146640E-03
 1.2904443E-03  2.9018820E-03  1.7666852E-02  1.0596410E-02  1.2892343E-02  1.4050908E-01  3.2042433E-01  2.7035494E-01  1.7666852E-02  2.9018820E-03  1.2904443E-03
 1.3564921E-03  2.9089916E-03  1.7260140E-02  1.0346392E-02  1.2643532E-02  1.3398909E-01  3.1189096E-01  2.6291125E-01  1.7260140E-02  2.9089916E-03  1.3564921E-03
 1.4134520E-03  2.9087574E-03  1.6855426E-02  1.0102046E-02  1.2396977E-02  1.2765522E-01  3.0348244E-01  2.5558719E-01  1.6855426E-02  2.9087574E-03  1.4134520E-03
 1.4618540E-03  2.9016790E-03  1.6453083E-02  9.8631887E-03  1.2152685E-02  1.2151462E-01  2.9520187E-01  2.4838501E-01  1.6453083E-02  2.9016790E-03  1.4618540E-03
 1.5022330E-03  2.8882598E-03  1.6053486E-02  9.6296642E-03  1.1910686E-02  1.1557300E-01  2.8705203E-01  2.4130661E-01  1.6053486E-02  2.8882598E-03  1.5022330E-03
 1.5351258E-03  2.8690042E-03  1.5657001E-02  9.4013386E-03  1.1671026E-02  1.0983470E-01  2.7903533E-01  2.3435364E-01  1.5657001E-02  2.8690042E-03  1.5351258E-03
 1.5610536E-03  2.8444005E-03  1.5263980E-02  9.1780843E-03  1.1433756E-02  1.0430276E-01  2.7115391E-01  2.2752749E-01  1.5263980E-02  2.8444005E-03  1.5610536E-03
 1.5805164E-03  2.8149157E-03  1.4874748E-02  8.9597738E-03  1.1198921E-02  9.8978977E-02  2.6340965E-01  2.2082935E-01  1.4874748E-02  2.8149157E-03  1.5805164E-03
 1.5940011E-03  2.7810033E-03  1.4489619E-02  8.7462883E-03  1.0966571E-02  9.3864009E-02  2.5580422E-01  2.1426018E-01  1.4489619E-02  2.7810033E-03  1.5940011E-03
 1.6019711E-03  2.7430929E-03  1.4108879E-02  8.5375085E-03  1.0736750E-02  8.8957456E-02  2.4833900E-01  2.0782076E-01  1.4108879E-02  2.7430929E-03  1.6019711E-03
 1.6048701E-03  2.7015948E-03  1.3732798E-02  8.3333171E-03  1.0509502E-02  8.4257952E-02  2.4101518E-01  2.0151169E-01  1.3732798E-02  2.7015948E-03  1.6048701E-03
 1.6031139E-03  2.6568911E-03  1.3361616E-02  8.1335921E-03  1.0284858E-02  7.9763252E-02  2.3383374E-01  1.9533335E-01  1.3361616E-02  2.6568911E-03  1.6031139E-03
 1.5971006E-03  2.6093460E-03  1.2995555E-02  7.9382157E-03  1.0062853E-02  7.5470332E-02  2.2679546E-01  1.8928600E-01  1.2995555E-02  2.6093460E-03  1.5971006E-03
 1.5872001E-03  2.5592963E-03  1.2634814E-02  7.7477561E-03  9.8441991E-03  7.1375477E-02  2.1990022E-01  1.8336904E-01  1.2634814E-02  2.5592963E-03  1.5872001E-03
 1.5742801E-03  2.5075699E-03  1.2280009E-02  7.5606975E-03  9.6274590E-03  6.7474366E-02  2.1314810E-01  1.7758262E-01  1.2280009E-02  2.5075699E-03  1.5742801E-03
 1.5580066E-03  2.4538081E-03  1.1930736E-02  7.3780350E-03  9.4138438E-03  6.3762172E-02  2.0654041E-01  1.7192691E-01  1.1930736E-02  2.4538081E-03  1.5580066E-03
 1.5389335E-03  2.3985289E-03  1.1587340E-02  7.1993605E-03  9.2030457E-03  6.0233619E-02  2.0007664E-01  1.6640125E-01  1.1587340E-02  2.3985289E-03  1.5389335E-03
 1.5173695E-03  2.3420081E-03  1.1249961E-02  7.0245744E-03  8.9950880E-03  5.6883083E-02  1.9375658E-01  1.6100509E-01  1.1249961E-02  2.3420081E-03  1.5173695E-03
 1.4935964E-03  2.2844950E-03  1.0918712E-02  6.8535710E-03  8.7899831E-03  5.3704654E-02  1.8757987E-01  1.5573775E-01  1.0918712E-02  2.2844950E-03  1.4935964E-03
 1.4678826E-03  2.2262260E-03  1.0593695E-02  6.6862797E-03  8.5877740E-03  5.0692205E-02  1.8154597E-01  1.5059838E-01  1.0593695E-02  2.2262260E-03  1.4678826E-03
 1.4404780E-03  2.1674191E-03  1.0274992E-02  6.5229367E-03  8.3888040E-03  4.7839454E-02  1.7565386E-01  1.4558573E-01  1.0274992E-02  2.1674191E-03  1.4404780E-03
 1.4116029E-03  2.1082634E-03  9.9626649E-03  6.3631015E-03  8.1927376E-03  4.5140019E-02  1.6990312E-01  1.4069913E-01  9.9626649E-03  2.1082634E-03  1.4116029E-03
 1.3818528E-03  2.0493198E-03  9.6570755E-03  6.2062688E-03  7.9991167E-03  4.2587473E-02  1.6429197E-01  1.3593702E-01  9.6570755E-03  2.0493198E-03  1.3818528E-03
 0.0000000E+00  1.9846693E-03  1.9545479E-02  1.0172709E-02  1.2834713E-02  1.8763155E-01  3.8809757E-01  3.2820794E-01  1.9545479E-02  1.9846693E-03  0.0000000E+00
 1.6028198E-04  2.0756393E-03  1.9167649E-02  9.9775624E-03  1.2653454E-02  1.8055173E-01  3.7842393E-01  3.1972225E-01  1.9167649E-02  2.0756393E-03  1.6028198E-04
 3.0729636E-04  2.1551492E-03  1.8787758E-02  9.7864966E-03  1.2471755E-02  1.7350527E-01  3.6885395E-01  3.1134081E-01  1.8787758E-02  2.1551492E-03  3.0729636E-04
 4.4156249E-04  2.2237060E-03  1.8406275E-02  9.5992875E-03  1.2289594E-02  1.6651411E-01  3.5939328E-01  3.0306805E-01  1.8406275E-02  2.2237060E-03  4.4156249E-04
 5.6361570E-04  2.2818305E-03  1.8023668E-02  9.4157308E-03  1.2106972E-02  1.5959896E-01  3.5004720E-01  2.9490809E-01  1.8023668E-02  2.2818305E-03  5.6361570E-04
 6.7400313E-04  2.3300526E-03  1.7640405E-02  9.2356395E-03  1.1923905E-02  1.5277917E-01  3.4082064E-01  2.8686471E-01  1.7640405E-02  2.3300526E-03  6.7400313E-04
 7.7327979E-04  2.3689083E-03  1.7256949E-02  9.0588446E-03  1.1740425E-02  1.4607260E-01  3.3171815E-01  2.7894137E-01  1.7256949E-02  2.3689083E-03  7.7327979E-04
 8.6200302E-04  2.3989337E-03  1.6873753E-02  8.8851914E-03  1.1556582E-02  1.3949549E-01  3.2274390E-01  2.7114122E-01  1.6873753E-02  2.3989337E-03  8.6200302E-04
 9.4072814E-04  2.4206616E-03  1.6491260E-02  8.7145363E-03  1.1372430E-02  1.3306242E-01  3.1390174E-01  2.6346711E-01  1.6491260E-02  2.4206616E-03  9.4072814E-04
 1.0100098E-03  2.4346222E-03  1.6109903E-02  8.5467517E-03  1.1188040E-02  1.2678635E-01  3.0519518E-01  2.5592156E-01  1.6109903E-02  2.4346222E-03  1.0100098E-03
 1.0703936E-03  2.4413357E-03  1.5730099E-02  8.3817177E-03  1.1003486E-02  1.2067849E-01  2.9662740E-01  2.4850684E-01  1.5730099E-02  2.4413357E-03  1.0703936E-03
 1.1224143E-03  2.4413100E-03  1.5352247E-02  8.2193229E-03  1.0818846E-02  1.1474839E-01  2.8820124E-01  2.4122494E-01  1.5352248E-02  2.4413100E-03  1.1224143E-03
 1.1666690E-03  2.4351135E-03  1.4976792E-02  8.0595517E-03  1.0634286E-02  1.0900396E-01  2.7991893E-01  2.3407730E-01  1.4976792E-02  2.4351135E-03  1.1666690E-03
 1.2036501E-03  2.4232101E-03  1.4604083E-02  7.9022876E-03  1.0449871E-02  1.0345151E-01  2.7178277E-01  2.2706545E-01  1.4604083E-02  2.4232101E-03  1.2036501E-03
 1.2338504E-03  2.4060634E-03  1.4234466E-02  7.7474406E-03  1.0265689E-02  9.8095857E-02  2.6379475E-01  2.2019059E-01  1.4234466E-02  2.4060634E-03  1.2338504E-03
 1.2577608E-03  2.3841341E-03  1.3868277E-02  7.5949430E-03  1.0081846E-02  9.2940361E-02  2.5595644E-01  2.1345367E-01  1.3868277E-02  2.3841341E-03  1.2577608E-03
 1.2758547E-03  2.3578649E-03  1.3505835E-02  7.4447328E-03  9.8984428E-03  8.7987045E-02  2.4826922E-01  2.0685535E-01  1.3505835E-02  2.3578649E-03  1.2758547E-03
 1.2885836E-03  2.3276764E-03  1.3147431E-02  7.2967509E-03  9.7155830E-03  8.3236668E-02  2.4073414E-01  2.0039614E-01  1.3147431E-02  2.3276764E-03  1.2885836E-03
 1.2963846E-03  2.2939741E-03  1.2793344E-02  7.1509451E-03  9.5333691E-03  7.8688868E-02  2.3335205E-01  1.9407629E-01  1.2793345E-02  2.2939741E-03  1.2963846E-03
 1.2996709E-03  2.2571397E-03  1.2443828E-02  7.0072638E-03  9.3518990E-03  7.4342225E-02  2.2612355E-01  1.8789588E-01  1.2443828E-02  2.2571397E-03  1.2996709E-03
 1.2988359E-03  2.2175348E-03  1.2099114E-02  6.8656585E-03  9.1712689E-03  7.0194396E-02  2.1904901E-01  1.8185482E-01  1.2099114E-02  2.2175348E-03  1.2988359E-03
 1.2942459E-03  2.1754941E-03  1.1759410E-02  6.7260768E-03  8.9915651E-03  6.6242202E-02  2.1212861E-01  1.7595283E-01  1.1759410E-02  2.1754941E-03  1.2942459E-03
 1.2862492E-03  2.1313341E-03  1.1424905E-02  6.5884693E-03  8.8128716E-03  6.2481744E-02  2.0536235E-01  1.7018947E-01  1.1424905E-02  2.1313341E-03  1.2862492E-03
 1.2751679E-03  2.0853453E-03  1.1095763E-02  6.4533749E-03  8.6358559E-03  5.8908499E-02  1.9874943E-01  1.6456359E-01  1.1095763E-02  2.0853453E-03  1.2751679E-03
 1.2617561E-03  2.0382455E-03  1.0772505E-02  6.3195391E-03  8.4593258E-03  5.5517413E-02  1.9228916E-01  1.5907468E-01  1.0772505E-02  2.0382455E-03  1.2617561E-03
 1.2457158E-03  1.9897118E-03  1.0454774E-02  6.1878770E-03  8.2843903E-03  5.2303001E-02  1.8598199E-01  1.5372218E-01  1.0454774E-02  1.9897118E-03  1.2457158E-03
 1.2275249E-03  1.9401884E-03  1.0142856E-02  6.0580871E-03  8.1108307E-03  4.9259418E-02  1.7982672E-01  1.4850487E-01  1.0142856E-02  1.9401884E-03  1.2275249E-03
 1.2074450E-03  1.8899058E-03  9.8368577E-03  5.9301370E-03  7.9387180E-03  4.6380551E-02  1.7382241E-01  1.4342160E-01  9.8368577E-03  1.8899058E-03  1.2074450E-03
 1.1857132E-03  1.8390707E-03  9.5368619E-03  5.8039883E-03  7.7681132E-03  4.3660083E-02  1.6796801E-01  1.3847110E-01  9.5368619E-03  1.8390707E-03  1.1857132E-03
 1.1625543E-03  1.7878772E-03  9.2429402E-03  5.6796315E-03  7.5990996E-03  4.1091569E-02  1.6226227E-01  1.3365196E-01  9.2429402E-03  1.7878772E-03  1.1625543E-03
 1.1381757E-03  1.7365027E-03  8.9551484E-03  5.5573080E-03  7.4320070E-03  3.8668484E-02  1.5670359E-01  1.2896243E-01  8.9551484E-03  1.7365027E-03  1.1381757E-03
 1.1127591E-03  1.6850993E-03  8.6735203E-03  5.4367018E-03  7.2666035E-03  3.6384286E-02  1.5129083E-01  1.2440125E-01  8.6735203E-03  1.6850993E-03  1.1127591E-03
 1.0867984E-03  1.6341293E-03  8.3983382E-03  5.3174418E-03  7.1025510E-03  3.4232457E-02  1.4602168E-01  1.1996643E-01  8.3983382E-03  1.6341293E-03  1.0867984E-03
 0.0000000E+00  1.7158293E-03  1.7651274E-02  7.7052643E-03  1.0841429E-02  1.6610198E-01  3.6387677E-01  3.0555642E-01  1.7651274E-02  1.7158293E-03  0.0000000E+00
 1.3613657E-04  1.7896985E-03  1.7294442E-02  7.6125530E-03  1.0732575E-02  1.5950369E-01  3.5417848E-01  2.9713193E-01  1.7294442E-02  1.7896985E-03  1.3613657E-04
 2.6032743E-04  1.8533064E-03  1.6936063E-02  7.5203881E-03  1.0620697E-02  1.5293744E-01  3.4460766E-01  2.8883046E-01  1.6936063E-02  1.8533064E-03  2.6032743E-04
 3.7309801E-04  1.9071669E-03  1.6576606E-02  7.4285975E-03  1.0505833E-02  1.4642671E-01  3.3516935E-01  2.8065590E-01  1.6576606E-02  1.9071669E-03  3.7309801E-04
 4.7498346E-04  1.9518014E-03  1.6216539E-02  7.3370335E-03  1.0388042E-02  1.3999351E-01  3.2586821E-01  2.7261176E-01  1.6216539E-02  1.9518014E-03  4.7498346E-04
 5.6652487E-04  1.9877347E-03  1.5856323E-02  7.2455691E-03  1.0267403E-02  1.3365815E-01  3.1670846E-01  2.6470123E-01  1.5856323E-02  1.9877347E-03  5.6652487E-04
 6.4826568E-04  2.0154921E-03  1.5496411E-02  7.1540991E-03  1.0144014E-02  1.2743916E-01  3.0769395E-01  2.5692711E-01  1.5496411E-02  2.0154921E-03  6.4826568E-04
 7.2074672E-04  2.0355942E-03  1.5137243E-02  7.0625355E-03  1.0017984E-02  1.2135314E-01  2.9882812E-01  2.4929189E-01  1.5137243E-02  2.0355942E-03  7.2074672E-04
 7.8450232E-04  2.0485533E-03  1.4779243E-02  6.9708038E-03  9.8894332E-03  1.1541474E-01  2.9011406E-01  2.4179773E-01  1.4779243E-02  2.0485533E-03  7.8450232E-04
 8.4006188E-04  2.0548755E-03  1.4422826E-02  6.8788488E-03  9.7584964E-03  1.0963676E-01  2.8155445E-01  2.3444647E-01  1.4422826E-02  2.0548755E-03  8.4006188E-04
 8.8794227E-04  2.0550529E-03  1.4068384E-02  6.7866236E-03  9.6253108E-03  1.0403002E-01  2.7315169E-01  2.2723966E-01  1.4068384E-02  2.0550529E-03  8.8794227E-04
 9.2864685E-04  2.0495629E-03  1.3716294E-02  6.6940927E-03  9.4900204E-03  9.8603456E-02  2.6490780E-01  2.2017857E-01  1.3716294E-02  2.0495629E-03  9.2864685E-04
 9.6272593E-04  2.0389280E-03  1.3366963E-02  6.6013126E-03  9.3528480E-03  9.3364183E-02  2.5682420E-01  2.1326397E-01  1.3366963E-02  2.0389280E-03  9.6272593E-04
 9.9063743E-04  2.0235786E-03  1.3020713E-02  6.5082452E-03  9.2139246E-03  8.8317612E-02  2.4890237E-01  2.0649663E-01  1.3020713E-02  2.0235786E-03  9.9063743E-04
 1.0128353E-03  2.0039400E-03  1.2677860E-02  6.4148787E-03  9.0734000E-03  8.3467523E-02  2.4114340E-01  1.9987706E-01  1.2677860E-02  2.0039400E-03  1.0128353E-03
 1.0297674E-03  1.9804306E-03  1.2338708E-02  6.3212242E-03  8.9314391E-03  7.8816185E-02  2.3354809E-01  1.9340546E-01  1.2338708E-02  1.9804306E-03  1.0297674E-03
 1.0418627E-03  1.9534495E-03  1.2003540E-02  6.2272982E-03  8.7882066E-03  7.4364477E-02  2.2611694E-01  1.8708181E-01  1.2003540E-02  1.9534495E-03  1.0418627E-03
 1.0495275E-03  1.9233730E-03  1.1672615E-02  6.1331196E-03  8.6438625E-03  7.0111995E-02  2.1885019E-01  1.8090588E-01  1.1672615E-02  1.9233730E-03  1.0495275E-03
 1.0531528E-03  1.8905612E-03  1.1346176E-02  6.0387159E-03  8.4985697E-03  6.6057227E-02  2.1174786E-01  1.7487725E-01  1.1346176E-02  1.8905612E-03  1.0531528E-03
 1.0531054E-03  1.8553504E-03  1.1024442E-02  5.9441133E-03  8.3524834E-03  6.2197632E-02  2.0480973E-01  1.6899532E-01  1.1024442E-02  1.8553504E-03  1.0531054E-03
 1.0497327E-03  1.8180567E-03  1.0707611E-02  5.8493417E-03  8.2057562E-03  5.8529790E-02  1.9803538E-01  1.6325931E-01  1.0707611E-02  1.8180567E-03  1.0497327E-03
 1.0433559E-03  1.7789708E-03  1.0395858E-02  5.7544277E-03  8.0585319E-03  5.5049507E-02  1.9142418E-01  1.5766827E-01  1.0395858E-02  1.7789708E-03  1.0433559E-03
 1.0342789E-03  1.7383653E-03  1.0089339E-02  5.6594008E-03  7.9109512E-03  5.1751948E-02  1.8497534E-01  1.5222114E-01  1.0089339E-02  1.7383653E-03  1.0342789E-03
 1.0227811E-03  1.6964888E-03  9.7881880E-03  5.5647697E-03  7.7636285E-03  4.8631733E-02  1.7868741E-01  1.4691621E-01  9.7881880E-03  1.6964888E-03  1.0227811E-03
 1.0094953E-03  1.6539411E-03  9.4928213E-03  5.4695753E-03  7.6156464E-03  4.5683046E-02  1.7255899E-01  1.4175235E-01  9.4928213E-03  1.6539411E-03  1.0094953E-03
 9.9418204E-04  1.6104555E-03  9.2029478E-03  5.3746334E-03  7.4679897E-03  4.2899728E-02  1.6658962E-01  1.3672831E-01  9.2029478E-03  1.6104555E-03  9.9418204E-04
 9.7724200E-04  1.5664011E-03  8.9187912E-03  5.2797652E-03  7.3205396E-03  4.0275365E-02  1.6077749E-01  1.3184233E-01  8.9187911E-03  1.5664011E-03  9.7724200E-04
 9.5889511E-04  1.5219678E-03  8.6404277E-03  5.1850097E-03  7.1734162E-03  3.7803363E-02  1.5512096E-01  1.2709271E-01  8.6404277E-03  1.5219678E-03  9.5889511E-04
 9.3933950E-04  1.4773241E-03  8.3679140E-03  5.0904027E-03  7.0267312E-03  3.5477025E-02  1.4961831E-01  1.2247764E-01  8.3679140E-03  1.4773241E-03  9.3933950E-04
 9.1876138E-04  1.4326265E-03  8.1012953E-03  4.9959992E-03  6.8806100E-03  3.3289613E-02  1.4426766E-01  1.1799519E-01  8.1012953E-03  1.4326265E-03  9.1876138E-04
 8.9733157E-04  1.3880170E-03  7.8406029E-03  4.9020474E-03  6.7353662E-03  3.1234401E-02  1.3906684E-01  1.1364318E-01  7.8406029E-03  1.3880170E-03  8.9733157E-04
 8.7519863E-04  1.3436155E-03  7.5858492E-03  4.8083616E-03  6.5908762E-03  2.9304723E-02  1.3401404E-01  1.0941980E-01  7.5858492E-03  1.3436155E-03  8.7519863E-04
 8.5275917E-04  1.2997899E-03  7.3372382E-03  4.7147072E-03  6.4469224E-03  2.7494020E-02  1.2910653E-01  1.0532268E-01  7.3372382E-03  1.2997899E-03  8.5275917E-04
 0.0000000E+00  1.4836866E-03  1.5996124E-02  5.9775922E-03  9.4495438E-03  1.4820515E-01  3.3939351E-01  2.8300984E-01  1.5996124E-02  1.4836866E-03  0.0000000E+00
 1.1559298E-04  1.5430253E-03  1.5658870E-02  5.9663976E-03  9.3956661E-03  1.4195230E-01  3.2975414E-01  2.7471389E-01  1.5658870E-02  1.5430253E-03  1.1559298E-04
 2.2041840E-04  1.5931976E-03  1.5320506E-02  5.9521644E-03  9.3361979E-03  1.3573638E-01  3.2026461E-01  2.6655829E-01  1.5320506E-02  1.5931976E-03  2.2041840E-04
 3.1500842E-04  1.6347229E-03  1.4981502E-02  5.9348422E-03  9.2712927E-03  1.2958304E-01  3.1092926E-01  2.5854624E-01  1.4981502E-02  1.6347229E-03  3.1500842E-04
 3.9989830E-04  1.6681219E-03  1.4642324E-02  5.9144013E-03  9.2011204E-03  1.2351576E-01  3.0175196E-01  2.5068060E-01  1.4642324E-02  1.6681219E-03  3.9989830E-04
 4.7562304E-04  1.6939121E-03  1.4303425E-02  5.8908314E-03  9.1258666E-03  1.1755582E-01  2.9273615E-01  2.4296383E-01  1.4303425E-02  1.6939121E-03  4.7562304E-04
 5.4271430E-04  1.7126061E-03  1.3965246E-02  5.8641383E-03  9.0457269E-03  1.1172218E-01  2.8388485E-01  2.3539803E-01  1.3965246E-02  1.7126061E-03  5.4271430E-04
 6.0169609E-04  1.7247068E-03  1.3628214E-02  5.8343437E-03  8.9609085E-03  1.0603143E-01  2.7520068E-01  2.2798493E-01  1.3628214E-02  1.7247068E-03  6.0169609E-04
 6.5308139E-04  1.7307043E-03  1.3292736E-02  5.8014812E-03  8.8716240E-03  1.0049775E-01  2.6668582E-01  2.2072595E-01  1.3292736E-02  1.7307043E-03  6.5308139E-04
 6.9737409E-04  1.7310784E-03  1.2959205E-02  5.7655986E-03  8.7780941E-03  9.5133285E-02  2.5834213E-01  2.1362217E-01  1.2959204E-02  1.7310784E-03  6.9737409E-04
 7.3506221E-04  1.7262916E-03  1.2627991E-02  5.7267525E-03  8.6805422E-03  8.9947861E-02  2.5017108E-01  2.0667438E-01  1.2627991E-02  1.7262916E-03  7.3506221E-04
 7.6661744E-04  1.7167889E-03  1.2299446E-02  5.6850084E-03  8.5791943E-03  8.4949242E-02  2.4217382E-01  1.9988310E-01  1.2299446E-02  1.7167889E-03  7.6661744E-04
 7.9254606E-04  1.7030484E-03  1.1973949E-02  5.6405017E-03  8.4743331E-03  8.0143193E-02  2.3435091E-01  1.9324834E-01  1.1973949E-02  1.7030484E-03  7.9254606E-04
 8.1327112E-04  1.6854650E-03  1.1651795E-02  5.5932969E-03  8.3661714E-03  7.5533692E-02  2.2670291E-01  1.8677015E-01  1.1651795E-02  1.6854650E-03  8.1327112E-04
 8.2920828E-04  1.6644252E-03  1.1333268E-02  5.5434770E-03  8.2549318E-03  7.1123016E-02  2.1923006E-01  1.8044825E-01  1.1333268E-02  1.6644252E-03  8.2920828E-04
 8.4076366E-04  1.6403054E-03  1.1018642E-02  5.4911413E-03  8.1408453E-03  6.6911909E-02  2.1193225E-01  1.7428212E-01  1.1018642E-02  1.6403054E-03  8.4076366E-04
 8.4832364E-04  1.6134618E-03  1.0708168E-02  5.4363950E-03  8.0241421E-03  6.2899735E-02  2.0480912E-01  1.6827103E-01  1.0708168E-02  1.6134618E-03  8.4832364E-04
 8.5225166E-04  1.5842273E-03  1.0402075E-02  5.3793417E-03  7.9050435E-03  5.9084612E-02  1.9786007E-01  1.6241404E-01  1.0402075E-02  1.5842273E-03  8.5225166E-04
 8.5289464E-04  1.5529180E-03  1.0100574E-02  5.3200923E-03  7.7837721E-03  5.5463606E-02  1.9108426E-01  1.5671002E-01  1.0100574E-02  1.5529180E-03  8.5289464E-04
 8.5057627E-04  1.5198268E-03  9.8038523E-03  5.2587551E-03  7.6605409E-03  5.2032836E-02  1.8448067E-01  1.5115770E-01  9.8038523E-03  1.5198268E-03  8.5057627E-04
 8.4560076E-04  1.4852268E-03  9.5120781E-03  5.1954408E-03  7.5355590E-03  4.8787636E-02  1.7804805E-01  1.4575562E-01  9.5120781E-03  1.4852268E-03  8.4560076E-04
 8.3824797E-04  1.4493671E-03  9.2253963E-03  5.1302550E-03  7.4090246E-03  4.5722669E-02  1.7178501E-01  1.4050223E-01  9.2253963E-03  1.4493671E-03  8.3824797E-04
 8.2878092E-04  1.4124798E-03  8.9439356E-03  5.0633048E-03  7.2811310E-03  4.2832071E-02  1.6568996E-01  1.3539579E-01  8.9439356E-03  1.4124798E-03  8.2878092E-04
 8.1744019E-04  1.3747747E-03  8.6678036E-03  4.9950729E-03  7.1524423E-03  4.0109549E-02  1.5976082E-01  1.3043411E-01  8.6678036E-03  1.3747747E-03  8.1744019E-04
 8.0474024E-04  1.3367354E-03  8.3973089E-03  4.9248929E-03  7.0223161E-03  3.7548494E-02  1.5399551E-01  1.2561544E-01  8.3973089E-03  1.3367354E-03  8.0474024E-04
 7.9050640E-04  1.2981579E-03  8.1322397E-03  4.8534742E-03  6.8915964E-03  3.5142065E-02  1.4839270E-01  1.2093791E-01  8.1322397E-03  1.2981579E-03  7.9050640E-04
 7.7506614E-04  1.2593392E-03  7.8727581E-03  4.7807581E-03  6.7602642E-03  3.2883295E-02  1.4294995E-01  1.1639925E-01  7.8727581E-03  1.2593392E-03  7.7506614E-04
 7.5860237E-04  1.2204329E-03  7.6189153E-03  4.7068527E-03  6.6284847E-03  3.0765142E-02  1.3766503E-01  1.1199723E-01  7.6189152E-03  1.2204329E-03  7.5860237E-04
 7.4127882E-04  1.1815734E-03  7.3707452E-03  4.6318607E-03  6.4964130E-03  2.8780567E-02  1.3253556E-01  1.0772958E-01  7.3707452E-03  1.1815734E-03  7.4127882E-04
 7.2324823E-04  1.1428846E-03  7.1282715E-03  4.5558981E-03  6.3642121E-03  2.6922591E-02  1.2755908E-01  1.0359387E-01  7.1282715E-03  1.1428846E-03  7.2324823E-04
 7.0464959E-04  1.1044773E-03  6.8915050E-03  4.4792171E-03  6.2321766E-03  2.5184341E-02  1.2273291E-01  9.9587563E-02  6.8915049E-03  1.1044773E-03  7.0464959E-04
 6.8560337E-04  1.0664440E-03  6.6604413E-03  4.4017520E-03  6.1002805E-03  2.3559091E-02  1.1805462E-01  9.5708336E-02  6.6604413E-03  1.0664440E-03  6.8560337E-04
 6.6641382E-04  1.0290626E-03  6.4352041E-03  4.3234028E-03  5.9684232E-03  2.2040297E-02  1.1352111E-01  9.1953522E-02  6.4352041E-03  1.0290626E-03  6.6641382E-04
 0.0000000E+00  1.2792180E-03  1.4525053E-02  4.8054105E-03  8.4978704E-03  1.3318333E-01  3.1465185E-01  2.6056030E-01  1.4525053E-02  1.2792180E-03  0.0000000E+00
 9.7865429E-05  1.3261621E-03  1.4207982E-02  4.8570602E-03  8.4832230E-03  1.2716323E-01  3.0516189E-01  2.5246468E-01  1.4207982E-02  1.3261621E-03  9.7865429E-05
 1.8604986E-04  1.3649697E-03  1.3890054E-02  4.9026557E-03  8.4610372E-03  1.2119294E-01  2.9584230E-01  2.4452490E-01  1.3890054E-02  1.3649697E-03  1.8604986E-04
 2.6508913E-04  1.3961613E-03  1.3571744E-02  4.9422215E-03  8.4315325E-03  1.1529971E-01  2.8669648E-01  2.3674339E-01  1.3571744E-02  1.3961613E-03  2.6508913E-04
 3.3551535E-04  1.4202515E-03  1.3253515E-02  4.9758065E-03  8.3949456E-03  1.0950805E-01  2.7772736E-01  2.2912218E-01  1.3253515E-02  1.4202515E-03  3.3551535E-04
 3.9785416E-04  1.4377462E-03  1.2935813E-02  5.0034819E-03  8.3515288E-03  1.0383965E-01  2.6893744E-01  2.2166289E-01  1.2935813E-02  1.4377462E-03  3.9785416E-04
 4.5262227E-04  1.4491404E-03  1.2619070E-02  5.0253386E-03  8.3015456E-03  9.8313378E-02  2.6032875E-01  2.1436681E-01  1.2619070E-02  1.4491404E-03  4.5262227E-04
 5.0032386E-04  1.4549147E-03  1.2303701E-02  5.0414845E-03  8.2452697E-03  9.2945283E-02  2.5190295E-01  2.0723484E-01  1.2303701E-02  1.4549147E-03  5.0032386E-04
 5.4144779E-04  1.4555330E-03  1.1990097E-02  5.0520407E-03  8.1829795E-03  8.7748606E-02  2.4366126E-01  2.0026757E-01  1.1990097E-02  1.4555330E-03  5.4144779E-04
 5.7646992E-04  1.4514448E-03  1.1678634E-02  5.0571446E-03  8.1149621E-03  8.2734185E-02  2.3560457E-01  1.9346528E-01  1.1678634E-02  1.4514448E-03  5.7646992E-04
 6.0584719E-04  1.4430796E-03  1.1369665E-02  5.0569432E-03  8.0415067E-03  7.7910333E-02  2.2773338E-01  1.8682793E-01  1.1369665E-02  1.4430796E-03  6.0584719E-04
 6.3001764E-04  1.4308469E-03  1.1063520E-02  5.0515935E-03  7.9629048E-03  7.3283105E-02  2.2004789E-01  1.8035525E-01  1.1063520E-02  1.4308469E-03  6.3001764E-04
 6.4944480E-04  1.4151806E-03  1.0760553E-02  5.0413024E-03  7.8794821E-03  6.8856420E-02  2.1254777E-01  1.7404651E-01  1.0760553E-02  1.4151806E-03  6.4944480E-04
 6.6451534E-04  1.3964375E-03  1.0461037E-02  5.0262281E-03  7.7915180E-03  6.4632352E-02  2.0523264E-01  1.6790097E-01  1.0461037E-02  1.3964375E-03  6.6451534E-04
 6.7560600E-04  1.3749638E-03  1.0165235E-02  5.0065445E-03  7.6992982E-03  6.0611252E-02  1.9810183E-01  1.6191762E-01  1.0165235E-02  1.3749638E-03  6.7560600E-04
 6.8308171E-04  1.3510934E-03  9.8733952E-03  4.9824381E-03  7.6031121E-03  5.6791962E-02  1.9115435E-01  1.5609519E-01  9.8733952E-03  1.3510934E-03  6.8308171E-04
 6.8728704E-04  1.3251396E-03  9.5857464E-03  4.9540984E-03  7.5032448E-03  5.3171999E-02  1.8438898E-01  1.5043224E-01  9.5857465E-03  1.3251396E-03  6.8728704E-04
 6.8854374E-04  1.2973926E-03  9.3024929E-03  4.9217148E-03  7.3999748E-03  4.9747728E-02  1.7780429E-01  1.4492715E-01  9.3024929E-03  1.2973926E-03  6.8854374E-04
 6.8715664E-04  1.2681257E-03  9.0238215E-03  4.8854808E-03  7.2935775E-03  4.6514572E-02  1.7139862E-01  1.3957815E-01  9.0238215E-03  1.2681257E-03  6.8715664E-04
 6.8340815E-04  1.2375898E-03  8.7498968E-03  4.8455867E-03  7.1843183E-03  4.3467134E-02  1.6517014E-01  1.3438329E-01  8.7498969E-03  1.2375898E-03  6.8340815E-04
 6.7756183E-04  1.2060168E-03  8.4808647E-03  4.8022246E-03  7.0724590E-03  4.0599368E-02  1.5911687E-01  1.2934054E-01  8.4808647E-03  1.2060168E-03  6.7756183E-04
 6.6985854E-04  1.1736163E-03  8.2168486E-03  4.7555804E-03  6.9582485E-03  3.7904715E-02  1.5323664E-01  1.2444769E-01  8.2168486E-03  1.1736163E-03  6.6985854E-04
 6.6052314E-04  1.1405819E-03  7.9579565E-03  4.7058425E-03  6.8419331E-03  3.5376228E-02  1.4752718E-01  1.1970248E-01  7.9579565E-03  1.1405819E-03  6.6052314E-04
 6.4976010E-04  1.1070872E-03  7.7042770E-03  4.6534582E-03  6.7240122E-03  3.3006685E-02  1.4198579E-01  1.1510225E-01  7.7042770E-03  1.1070872E-03  6.4976010E-04
 6.3798650E-04  1.0735204E-03  7.4560490E-03  4.5980273E-03  6.6041017E-03  3.0788698E-02  1.3660975E-01  1.1064469E-01  7.4560490E-03  1.0735204E-03  6.3798650E-04
 6.2507337E-04  1.0397204E-03  7.2131077E-03  4.5402030E-03  6.4829368E-03  2.8714774E-02  1.3139699E-01  1.0632737E-01  7.2131077E-03  1.0397204E-03  6.2507337E-04
 6.1128694E-04  1.0059245E-03  6.9755754E-03  4.4800280E-03  6.3605826E-03  2.6777448E-02  1.2634453E-01  1.0214760E-01  6.9755754E-03  1.0059245E-03  6.1128694E-04
 5.9677734E-04  9.7225344E-04  6.7434863E-03  4.4176763E-03  6.2372442E-03  2.4969291E-02  1.2144953E-01  9.8102701E-02  6.7434863E-03  9.7225344E-04  5.9677734E-04
 5.8167806E-04  9.3881207E-04  6.5168592E-03  4.3533176E-03  6.1131190E-03  2.3282997E-02  1.1670911E-01  9.4189956E-02  6.5168592E-03  9.3881207E-04  5.8167806E-04
 5.6611261E-04  9.0569561E-04  6.2957029E-03  4.2871272E-03  5.9884050E-03  2.1711426E-02  1.1212027E-01  9.0406585E-02  6.2957029E-03  9.0569561E-04  5.6611261E-04
 5.5019238E-04  8.7298776E-04  6.0800146E-03  4.2193643E-03  5.8633803E-03  2.0247641E-02  1.0767992E-01  8.6749701E-02  6.0800146E-03  8.7298776E-04  5.5019238E-04
 5.3401353E-04  8.4075749E-04  5.8697792E-03  4.1500771E-03  5.7381091E-03  1.8884934E-02  1.0338510E-01  8.3216594E-02  5.8697792E-03  8.4075749E-04  5.3401353E-04
 5.1780531E-04  8.0920982E-04  5.6650569E-03  4.0792764E-03  5.6125919E-03  1.7616856E-02  9.9232392E-02  7.9804327E-02  5.6650569E-03  8.0920982E-04  5.1780531E-04
 0.0000000E+00  1.0952765E-03  1.3245572E-02  4.0853372E-03  7.8873141E-03  1.2056869E-01  2.8989508E-01  2.3840743E-01  1.3245572E-02  1.0952765E-03  0.0000000E+00
 8.2368242E-05  1.1317298E-03  1.2946895E-02  4.1882232E-03  7.9035288E-03  1.1465014E-01  2.8064348E-01  2.3058012E-01  1.2946895E-02  1.1317298E-03  8.2368242E-05
 1.5609549E-04  1.1610397E-03  1.2647459E-02  4.2816985E-03  7.9100126E-03  1.0880966E-01  2.7157945E-01  2.2292128E-01  1.2647458E-02  1.1610397E-03  1.5609549E-04
 2.2171288E-04  1.1837177E-03  1.2347756E-02  4.3659194E-03  7.9070877E-03  1.0307495E-01  2.6270544E-01  2.1543253E-01  1.2347756E-02  1.1837177E-03  2.2171288E-04
 2.7974158E-04  1.2002634E-03  1.2048263E-02  4.4410678E-03  7.8950938E-03  9.7470121E-02  2.5402342E-01  2.0811510E-01  1.2048263E-02  1.2002634E-03  2.7974158E-04
 3.3069068E-04  1.2111623E-03  1.1749438E-02  4.5073465E-03  7.8743819E-03  9.2015733E-02  2.4553490E-01  2.0096980E-01  1.1749438E-02  1.2111623E-03  3.3069068E-04
 3.7505545E-04  1.2168842E-03  1.1451717E-02  4.5649805E-03  7.8453177E-03  8.6728976E-02  2.3724099E-01  1.9399708E-01  1.1451717E-02  1.2168842E-03  3.7505545E-04
 4.1331446E-04  1.2178809E-03  1.1155515E-02  4.6142092E-03  7.8082722E-03  8.1623834E-02  2.2914234E-01  1.8719704E-01  1.1155515E-02  1.2178809E-03  4.1331446E-04
 4.4592743E-04  1.2145840E-03  1.0861222E-02  4.6552864E-03  7.7636225E-03  7.6711262E-02  2.2123923E-01  1.8056947E-01  1.0861222E-02  1.2145840E-03  4.4592743E-04
 4.7333791E-04  1.2074078E-03  1.0569210E-02  4.6884795E-03  7.7117508E-03  7.1999438E-02  2.1353158E-01  1.7411384E-01  1.0569209E-02  1.2074078E-03  4.7333791E-04
 4.9596820E-04  1.1967444E-03  1.0279822E-02  4.7140637E-03  7.6530390E-03  6.7493990E-02  2.0601897E-01  1.6782935E-01  1.0279822E-02  1.1967444E-03  4.9596820E-04
 5.1421985E-04  1.1829643E-03  9.9933817E-03  4.7323216E-03  7.5878682E-03  6.3198235E-02  1.9870066E-01  1.6171493E-01  9.9933817E-03  1.1829643E-03  5.1421985E-04
 5.2851140E-04  1.1664548E-03  9.7102041E-03  4.7435829E-03  7.5166538E-03  5.9113415E-02  1.9157546E-01  1.5576916E-01  9.7102041E-03  1.1664548E-03  5.2851140E-04
 5.3919200E-04  1.1475331E-03  9.4305582E-03  4.7481264E-03  7.4397589E-03  5.5238949E-02  1.8464210E-01  1.4999056E-01  9.4305581E-03  1.1475331E-03  5.3919200E-04
 5.4659878E-04  1.1265039E-03  9.1546937E-03  4.7462426E-03  7.3575499E-03  5.1572665E-02  1.7789903E-01  1.4437739E-01  9.1546937E-03  1.1265039E-03  5.4659878E-04
 5.5105539E-04  1.1036584E-03  8.8828414E-03  4.7382323E-03  7.2703956E-03  4.8111020E-02  1.7134442E-01  1.3892771E-01  8.8828414E-03  1.1036584E-03  5.5105539E-04
 5.5286512E-04  1.0792673E-03  8.6152095E-03  4.7243948E-03  7.1786566E-03  4.4849316E-02  1.6497626E-01  1.3363942E-01  8.6152094E-03  1.0792673E-03  5.5286512E-04
 5.5230911E-04  1.0535793E-03  8.3519828E-03  4.7050266E-03  7.0826841E-03  4.1781900E-02  1.5879231E-01  1.2851028E-01  8.3519827E-03  1.0535793E-03  5.5230911E-04
 5.4965166E-04  1.0268261E-03  8.0933279E-03  4.6804237E-03  6.9828224E-03  3.8902346E-02  1.5279018E-01  1.2353789E-01  8.0933279E-03  1.0268261E-03  5.4965166E-04
 5.4513596E-04  9.9921883E-04  7.8393897E-03  4.6508767E-03  6.8794051E-03  3.6203623E-02  1.4696732E-01  1.1871974E-01  7.8393896E-03  9.9921883E-04  5.4513596E-04
 5.3898732E-04  9.7095064E-04  7.5902943E-03  4.6166730E-03  6.7727565E-03  3.3678239E-02  1.4132103E-01  1.1405321E-01  7.5902942E-03  9.7095064E-04  5.3898732E-04
 5.3141041E-04  9.4219456E-04  7.3461469E-03  4.5780926E-03  6.6631889E-03  3.1318403E-02  1.3584848E-01  1.0953560E-01  7.3461469E-03  9.4219456E-04  5.3141041E-04
 5.2259504E-04  9.1310902E-04  7.1070380E-03  4.5354129E-03  6.5510065E-03  2.9116106E-02  1.3054675E-01  1.0516412E-01  7.1070380E-03  9.1310902E-04  5.2259504E-04
 5.1271291E-04  8.8383476E-04  6.8730400E-03  4.4890613E-03  6.4366599E-03  2.7063257E-02  1.2541264E-01  1.0093573E-01  6.8730400E-03  8.8383476E-04  5.1271291E-04
 5.0208992E-04  8.5467064E-04  6.6443038E-03  4.4389187E-03  6.3200186E-03  2.5151766E-02  1.2044287E-01  9.6847634E-02  6.6443038E-03  8.5467064E-04  5.0208992E-04
 4.9064316E-04  8.2549968E-04  6.4207432E-03  4.3855654E-03  6.2017160E-03  2.3373585E-02  1.1563469E-01  9.2896922E-02  6.4207431E-03  8.2549968E-04  4.9064316E-04
 4.7858273E-04  7.9650421E-04  6.2024317E-03  4.3291568E-03  6.0819032E-03  2.1720859E-02  1.1098465E-01  8.9080532E-02  6.2024316E-03  7.9650421E-04  4.7858273E-04
 4.6603001E-04  7.6777695E-04  5.9893876E-03  4.2699358E-03  5.9608286E-03  2.0185886E-02  1.0648944E-01  8.5395430E-02  5.9893876E-03  7.6777695E-04  4.6603001E-04
 4.5309232E-04  7.3939715E-04  5.7816160E-03  4.2081383E-03  5.8387307E-03  1.8761208E-02  1.0214572E-01  8.1838547E-02  5.7816160E-03  7.3939715E-04  4.5309232E-04
 4.3986803E-04  7.1143575E-04  5.5791124E-03  4.1439972E-03  5.7158414E-03  1.7439638E-02  9.7950077E-02  7.8406790E-02  5.5791124E-03  7.1143575E-04  4.3986803E-04
 4.2644511E-04  6.8395395E-04  5.3818618E-03  4.0777763E-03  5.5924205E-03  1.6214285E-02  9.3899059E-02  7.5097031E-02  5.3818618E-03  6.8395395E-04  4.2644511E-04
 4.1289944E-04  6.5700136E-04  5.1898390E-03  4.0096339E-03  5.4686200E-03  1.5078566E-02  8.9989291E-02  7.1906233E-02  5.1898390E-03  6.5700136E-04  4.1289944E-04
 3.9939225E-04  6.3071697E-04  5.0030517E-03  3.9396808E-03  5.3445285E-03  1.4026224E-02  8.6217119E-02  6.8831269E-02  5.0030517E-03  6.3071697E-04  3.9939225E-04
 0.0000000E+00  9.2763680E-04  1.2130571E-02  3.8194659E-03  7.6111745E-03  1.0969731E-01  2.6534668E-01  2.1669129E-01  1.2130571E-02  9.2763680E-04  0.0000000E+00
 6.8709453E-05  9.5534299E-04  1.1848828E-02  3.9558375E-03  7.6454076E-03  1.0378759E-01  2.5641035E-01  2.0919011E-01  1.1848828E-02  9.5534299E-04  6.8709453E-05
 1.2979674E-04  9.7687081E-04  1.1566357E-02  4.0794814E-03  7.6677740E-03  9.7999517E-02  2.4767608E-01  2.0186795E-01  1.1566357E-02  9.7687081E-04  1.2979674E-04
 1.8377645E-04  9.9271042E-04  1.1283663E-02  4.1907609E-03  7.6787525E-03  9.2358942E-02  2.3914525E-01  1.9472548E-01  1.1283663E-02  9.9271042E-04  1.8377645E-04
 2.3114809E-04  1.0033351E-03  1.1001228E-02  4.2900571E-03  7.6788310E-03  8.6887458E-02  2.3081877E-01  1.8776300E-01  1.1001227E-02  1.0033351E-03  2.3114809E-04
 2.7239466E-04  1.0092000E-03  1.0719514E-02  4.3777665E-03  7.6685050E-03  8.1602628E-02  2.2269712E-01  1.8098043E-01  1.0719514E-02  1.0092000E-03  2.7239466E-04
 3.0798155E-04  1.0107413E-03  1.0438961E-02  4.4542968E-03  7.6482729E-03  7.6518274E-02  2.1478034E-01  1.7437733E-01  1.0438961E-02  1.0107413E-03  3.0798155E-04
 3.3835445E-04  1.0083742E-03  1.0159983E-02  4.5200655E-03  7.6186344E-03  7.1644758E-02  2.0706810E-01  1.6795294E-01  1.0159983E-02  1.0083742E-03  3.3835445E-04
 3.6393786E-04  1.0024920E-03  9.8829696E-03  4.5754964E-03  7.5800894E-03  6.6989273E-02  1.9955965E-01  1.6170619E-01  9.8829696E-03  1.0024920E-03  3.6393786E-04
 3.8513795E-04  9.9346863E-04  9.6082873E-03  4.6210189E-03  7.5331338E-03  6.2556238E-02  1.9225397E-01  1.5563574E-01  9.6082873E-03  9.9346863E-04  3.8513795E-04
 4.0233851E-04  9.8165511E-04  9.3362766E-03  4.6570651E-03  7.4782607E-03  5.8347554E-02  1.8514967E-01  1.4973999E-01  9.3362766E-03  9.8165511E-04  4.0233851E-04
 4.1590188E-04  9.6738050E-04  9.0672533E-03  4.6840689E-03  7.4159571E-03  5.4362929E-02  1.7824509E-01  1.4401710E-01  9.0672533E-03  9.6738050E-04  4.1590188E-04
 4.2619666E-04  9.5098039E-04  8.8015197E-03  4.7024686E-03  7.3467116E-03  5.0600165E-02  1.7153820E-01  1.3846496E-01  8.8015197E-03  9.5098039E-04  4.2619666E-04
 4.3353436E-04  9.3273247E-04  8.5393364E-03  4.7126900E-03  7.2709894E-03  4.7055464E-02  1.6502686E-01  1.3308137E-01  8.5393363E-03  9.3273247E-04  4.3353436E-04
 4.3821243E-04  9.1290043E-04  8.2809438E-03  4.7151565E-03  7.1892481E-03  4.3723671E-02  1.5870868E-01  1.2786389E-01  8.2809438E-03  9.1290043E-04  4.3821243E-04
 4.4051333E-04  8.9173313E-04  8.0265615E-03  4.7102870E-03  7.1019362E-03  4.0598524E-02  1.5258107E-01  1.2280997E-01  8.0265615E-03  8.9173313E-04  4.4051333E-04
 4.4069975E-04  8.6945982E-04  7.7763858E-03  4.6984940E-03  7.0094901E-03  3.7672877E-02  1.4664123E-01  1.1791689E-01  7.7763858E-03  8.6945982E-04  4.4069975E-04
 4.3901352E-04  8.4628916E-04  7.5305896E-03  4.6801802E-03  6.9123317E-03  3.4938922E-02  1.4088621E-01  1.1318180E-01  7.5305896E-03  8.4628916E-04  4.3901352E-04
 4.3568024E-04  8.2241390E-04  7.2893270E-03  4.6557430E-03  6.8108729E-03  3.2388323E-02  1.3531295E-01  1.0860179E-01  7.2893270E-03  8.2241390E-04  4.3568024E-04
 4.3090610E-04  7.9800777E-04  7.0527303E-03  4.6255684E-03  6.7055095E-03  3.0012418E-02  1.2991822E-01  1.0417381E-01  7.0527303E-03  7.9800777E-04  4.3090610E-04
 4.2488081E-04  7.7322847E-04  6.8209134E-03  4.5900336E-03  6.5966247E-03  2.7802328E-02  1.2469872E-01  9.9894776E-02  6.8209134E-03  7.7322847E-04  4.2488081E-04
 4.1777581E-04  7.4821591E-04  6.5939706E-03  4.5495054E-03  6.4845874E-03  2.5749125E-02  1.1965104E-01  9.5761509E-02  6.5939705E-03  7.4821591E-04  4.1777581E-04
 4.0974902E-04  7.2309702E-04  6.3719809E-03  4.5043407E-03  6.3697528E-03  2.3843870E-02  1.1477168E-01  9.1770791E-02  6.3719809E-03  7.2309702E-04  4.0974902E-04
 4.0094277E-04  6.9798364E-04  6.1550074E-03  4.4549554E-03  6.2525317E-03  2.2077746E-02  1.1005704E-01  8.7919292E-02  6.1550073E-03  6.9798364E-04  4.0094277E-04
 3.9159794E-04  6.7309153E-04  5.9431163E-03  4.4014777E-03  6.1330312E-03  2.0442126E-02  1.0550335E-01  8.4203789E-02  5.9431163E-03  6.7309153E-04  3.9159794E-04
 3.8167857E-04  6.4834981E-04  5.7363072E-03  4.3444170E-03  6.0117678E-03  1.8928575E-02  1.0110728E-01  8.0620986E-02  5.7363072E-03  6.4834981E-04  3.8167857E-04
 3.7134330E-04  6.2389088E-04  5.5346091E-03  4.2840269E-03  5.8889749E-03  1.7529016E-02  9.6865023E-02  7.7167543E-02  5.5346091E-03  6.2389088E-04  3.7134330E-04
 3.6068857E-04  5.9978365E-04  5.3380290E-03  4.2206067E-03  5.7649358E-03  1.6235640E-02  9.2772892E-02  7.3840139E-02  5.3380290E-03  5.9978365E-04  3.6068857E-04
 3.4979932E-04  5.7608614E-04  5.1465620E-03  4.1544452E-03  5.6399207E-03  1.5040996E-02  8.8827166E-02  7.0635445E-02  5.1465620E-03  5.7608614E-04  3.4979932E-04
 3.3875259E-04  5.5284927E-04  4.9601935E-03  4.0858208E-03  5.5141877E-03  1.3937998E-02  8.5024119E-02  6.7550141E-02  4.9601935E-03  5.5284927E-04  3.3875259E-04
 3.2761669E-04  5.3011595E-04  4.7788994E-03  4.0150023E-03  5.3879830E-03  1.2919936E-02  8.1360028E-02  6.4580922E-02  4.7788994E-03  5.3011595E-04  3.2761669E-04
 3.1645060E-04  5.0792038E-04  4.6026473E-03  3.9422300E-03  5.2615227E-03  1.1980476E-02  7.7831210E-02  6.1724527E-02  4.6026473E-03  5.0792038E-04  3.1645060E-04
 3.0535886E-04  4.8634678E-04  4.4313917E-03  3.8677011E-03  5.1349695E-03  1.1113660E-02  7.4433862E-02  5.8977711E-02  4.4313917E-03  4.8634678E-04  3.0535886E-04
 0.0000000E+00  7.7426753E-04  1.1216582E-02  4.0288585E-03  7.6936535E-03  9.9954445E-02  2.4110017E-01  1.9543358E-01  1.1216582E-02  7.7426753E-04  0.0000000E+00
 5.6654177E-05  7.9488283E-04  1.0944750E-02  4.1722322E-03  7.7269340E-03  9.3995814E-02  2.3256122E-01  1.8832467E-01  1.0944750E-02  7.9488283E-04  5.6654177E-05
 1.0669102E-04  8.1024701E-04  1.0672386E-02  4.3005153E-03  7.7468050E-03  8.8220511E-02  2.2423463E-01  1.8140156E-01  1.0672386E-02  8.1024701E-04  1.0669102E-04
 1.5059455E-04  8.2081540E-04  1.0400028E-02  4.4142665E-03  7.7539009E-03  8.2648607E-02  2.1612073E-01  1.7466403E-01  1.0400027E-02  8.2081540E-04  1.5059455E-04
 1.8883044E-04  8.2702361E-04  1.0128185E-02  4.5140574E-03  7.7488621E-03  7.7295729E-02  2.0821940E-01  1.6811149E-01  1.0128185E-02  8.2702361E-04  1.8883044E-04
 2.2184520E-04  8.2928686E-04  9.8573402E-03  4.6004659E-03  7.7323268E-03  7.2173447E-02  2.0053008E-01  1.6174298E-01  9.8573401E-03  8.2928686E-04  2.2184520E-04
 2.5006547E-04  8.2799958E-04  9.5879423E-03  4.6740762E-03  7.7049328E-03  6.7289680E-02  1.9305184E-01  1.5555723E-01  9.5879422E-03  8.2799958E-04  2.5006547E-04
 2.7389669E-04  8.2353420E-04  9.3204122E-03  4.7354730E-03  7.6673110E-03  6.2649062E-02  1.8578336E-01  1.4955268E-01  9.3204121E-03  8.2353420E-04  2.7389669E-04
 2.9372215E-04  8.1624041E-04  9.0551393E-03  4.7852389E-03  7.6200834E-03  5.8253357E-02  1.7872299E-01  1.4372748E-01  9.0551392E-03  8.1624041E-04  2.9372215E-04
 3.0990575E-04  8.0644808E-04  8.7924857E-03  4.8239553E-03  7.5638648E-03  5.4101876E-02  1.7186877E-01  1.3807954E-01  8.7924856E-03  8.0644808E-04  3.0990575E-04
 3.2278895E-04  7.9446434E-04  8.5327831E-03  4.8521972E-03  7.4992572E-03  5.0191760E-02  1.6521846E-01  1.3260655E-01  8.5327830E-03  7.9446434E-04  3.2278895E-04
 3.3269189E-04  7.8057487E-04  8.2763351E-03  4.8705320E-03  7.4268495E-03  4.6518347E-02  1.5876958E-01  1.2730599E-01  8.2763351E-03  7.8057487E-04  3.3269189E-04
 3.3993483E-04  7.6506610E-04  8.0234278E-03  4.8795235E-03  7.3472147E-03  4.3075495E-02  1.5251930E-01  1.2217513E-01  8.0234277E-03  7.6506610E-04  3.3993483E-04
 3.4478948E-04  7.4817526E-04  7.7743056E-03  4.8797116E-03  7.2609056E-03  3.9855847E-02  1.4646473E-01  1.1721113E-01  7.7743056E-03  7.4817526E-04  3.4478948E-04
 3.4751307E-04  7.3012549E-04  7.5291905E-03  4.8716299E-03  7.1684627E-03  3.6851099E-02  1.4060277E-01  1.1241101E-01  7.5291904E-03  7.3012549E-04  3.4751307E-04
 3.4834770E-04  7.1112519E-04  7.2882812E-03  4.8557978E-03  7.0704056E-03  3.4052230E-02  1.3493012E-01  1.0777164E-01  7.2882811E-03  7.1112519E-04  3.4834770E-04
 3.4751692E-04  6.9136463E-04  7.0517527E-03  4.8327214E-03  6.9672372E-03  3.1449704E-02  1.2944336E-01  1.0328983E-01  7.0517526E-03  6.9136463E-04  3.4751692E-04
 3.4522518E-04  6.7101547E-04  6.8197560E-03  4.8028910E-03  6.8594404E-03  2.9033693E-02  1.2413895E-01  9.8962251E-02  6.8197560E-03  6.7101547E-04  3.4522518E-04
 3.4166175E-04  6.5023469E-04  6.5924226E-03  4.7667822E-03  6.7474799E-03  2.6794142E-02  1.1901321E-01  9.4785534E-02  6.5924226E-03  6.5023469E-04  3.4166175E-04
 3.3699853E-04  6.2916252E-04  6.3698625E-03  4.7248548E-03  6.6318010E-03  2.4720988E-02  1.1406241E-01  9.0756247E-02  6.3698624E-03  6.2916252E-04  3.3699853E-04
 3.3139264E-04  6.0792498E-04  6.1521670E-03  4.6775537E-03  6.5128318E-03  2.2804219E-02  1.0928274E-01  8.6870913E-02  6.1521669E-03  6.0792498E-04  3.3139264E-04
 3.2498540E-04  5.8663296E-04  5.9394086E-03  4.6253067E-03  6.3909798E-03  2.1034034E-02  1.0467032E-01  8.3126013E-02  5.9394086E-03  5.8663296E-04  3.2498540E-04
 3.1790621E-04  5.6538610E-04  5.7316449E-03  4.5685293E-03  6.2666381E-03  1.9400835E-02  1.0022124E-01  7.9518014E-02  5.7316448E-03  5.6538610E-04  3.1790621E-04
 3.1027130E-04  5.4427153E-04  5.5289176E-03  4.5075993E-03  6.1401596E-03  1.7895348E-02  9.5931557E-02  7.6043381E-02  5.5289176E-03  5.4427153E-04  3.1027130E-04
 3.0224872E-04  5.2343372E-04  5.3312571E-03  4.4428380E-03  6.0118287E-03  1.6508658E-02  9.1797152E-02  7.2698575E-02  5.3312571E-03  5.2343372E-04  3.0224872E-04
 2.9384173E-04  5.0284246E-04  5.1386650E-03  4.3746994E-03  5.8820850E-03  1.5232196E-02  8.7814263E-02  6.9480048E-02  5.1386650E-03  5.0284246E-04  2.9384173E-04
 2.8516525E-04  4.8258812E-04  4.9511448E-03  4.3034951E-03  5.7512044E-03  1.4057881E-02  8.3978826E-02  6.6384271E-02  4.9511448E-03  4.8258812E-04  2.8516525E-04
 2.7629469E-04  4.6272033E-04  4.7686857E-03  4.2295548E-03  5.6194849E-03  1.2978005E-02  8.0286871E-02  6.3407741E-02  4.7686856E-03  4.6272033E-04  2.7629469E-04
 2.6729622E-04  4.4328019E-04  4.5912662E-03  4.1531950E-03  5.4872096E-03  1.1985312E-02  7.6734438E-02  6.0546974E-02  4.5912662E-03  4.4328019E-04  2.6729622E-04
 2.5822923E-04  4.2430285E-04  4.4188559E-03  4.0747146E-03  5.3546427E-03  1.1072983E-02  7.3317596E-02  5.7798525E-02  4.4188559E-03  4.2430285E-04  2.5822923E-04
 2.4914593E-04  4.0581705E-04  4.2514158E-03  3.9943673E-03  5.2220023E-03  1.0234637E-02  7.0032454E-02  5.5159003E-02  4.2514158E-03  4.0581705E-04  2.4914593E-04
 2.4009172E-04  3.8784540E-04  4.0888998E-03  3.9124475E-03  5.0895467E-03  9.4643128E-03  6.6875131E-02  5.2625021E-02  4.0888998E-03  3.8784540E-04  2.4009172E-04
 2.3112240E-04  3.7042532E-04  3.9312305E-03  3.8291982E-03  4.9574782E-03  8.7564636E-03  6.3841751E-02  5.0193293E-02  3.9312305E-03  3.7042532E-04  2.3112240E-04
 0.0000000E+00  6.3538030E-04  1.0434900E-02  4.5645789E-03  8.0273133E-03  9.0691886E-02  2.1748694E-01  1.7490870E-01  1.0434900E-02  6.3538030E-04  0.0000000E+00
 4.6083885E-05  6.5039868E-04  1.0167902E-02  4.6880158E-03  8.0383981E-03  8.4716681E-02  2.0941300E-01  1.6824595E-01  1.0167902E-02  6.5039868E-04  4.6083885E-05
 8.6527623E-05  6.6103745E-04  9.9009957E-03  4.7957165E-03  8.0359627E-03  7.8991481E-02  2.0155726E-01  1.6177173E-01  9.9009955E-03  6.6103745E-04  8.6527623E-05
 1.2177232E-04  6.6770636E-04  9.6347022E-03  4.8883730E-03  8.0207422E-03  7.3527957E-02  1.9391905E-01  1.5548500E-01  9.6347020E-03  6.6770636E-04  1.2177232E-04
 1.5223943E-04  6.7079455E-04  9.3695116E-03  4.9666780E-03  7.9934650E-03  6.8333664E-02  1.8649731E-01  1.4938438E-01  9.3695114E-03  6.7079455E-04  1.5223943E-04
 1.7833029E-04  6.7067024E-04  9.1058822E-03  5.0313219E-03  7.9548518E-03  6.3412512E-02  1.7929056E-01  1.4346813E-01  9.1058820E-03  6.7067024E-04  1.7833029E-04
 2.0042577E-04  6.6768064E-04  8.8442410E-03  5.0829906E-03  7.9056120E-03  5.8765229E-02  1.7229697E-01  1.3773429E-01  8.8442409E-03  6.6768064E-04  2.0042577E-04
 2.1888548E-04  6.6215127E-04  8.5849831E-03  5.1223629E-03  7.8464420E-03  5.4389780E-02  1.6551437E-01  1.3218056E-01  8.5849830E-03  6.6215127E-04  2.1888548E-04
 2.3404731E-04  6.5438571E-04  8.3284718E-03  5.1501077E-03  7.7780234E-03  5.0281830E-02  1.5894030E-01  1.2680447E-01  8.3284717E-03  6.5438571E-04  2.3404731E-04
 2.4622989E-04  6.4466814E-04  8.0750415E-03  5.1668841E-03  7.7010220E-03  4.6435138E-02  1.5257202E-01  1.2160329E-01  8.0750414E-03  6.4466814E-04  2.4622989E-04
 2.5573044E-04  6.3326139E-04  7.8249964E-03  5.1733377E-03  7.6160851E-03  4.2841867E-02  1.4640656E-01  1.1657414E-01  7.8249963E-03  6.3326139E-04  2.5573044E-04
 2.6282606E-04  6.2040827E-04  7.5786125E-03  5.1701009E-03  7.5238431E-03  3.9492931E-02  1.4044071E-01  1.1171394E-01  7.5786124E-03  6.2040827E-04  2.6282606E-04
 2.6778779E-04  6.0634651E-04  7.3361333E-03  5.1577917E-03  7.4249036E-03  3.6378320E-02  1.3467104E-01  1.0701948E-01  7.3361333E-03  6.0634651E-04  2.6778779E-04
 2.7084852E-04  5.9127524E-04  7.0977792E-03  5.1370067E-03  7.3198524E-03  3.3487310E-02  1.2909401E-01  1.0248743E-01  7.0977791E-03  5.9127524E-04  2.7084852E-04
 2.7222676E-04  5.7537976E-04  6.8637441E-03  5.1083265E-03  7.2092552E-03  3.0808715E-02  1.2370593E-01  9.8114368E-02  6.8637441E-03  5.7537976E-04  2.7222676E-04
 2.7212608E-04  5.5883108E-04  6.6341969E-03  5.0723132E-03  7.0936552E-03  2.8331086E-02  1.1850296E-01  9.3896762E-02  6.6341969E-03  5.5883108E-04  2.7212608E-04
 2.7073318E-04  5.4178395E-04  6.4092827E-03  5.0295106E-03  6.9735739E-03  2.6042869E-02  1.1348118E-01  8.9831033E-02  6.4092827E-03  5.4178395E-04  2.7073318E-04
 2.6821784E-04  5.2437685E-04  6.1891239E-03  4.9804422E-03  6.8495098E-03  2.3932611E-02  1.0863655E-01  8.5913525E-02  6.1891239E-03  5.2437685E-04  2.6821784E-04
 2.6473601E-04  5.0673507E-04  5.9738230E-03  4.9256138E-03  6.7219409E-03  2.1988945E-02  1.0396499E-01  8.2140555E-02  5.9738230E-03  5.0673507E-04  2.6473601E-04
 2.6042857E-04  4.8896960E-04  5.7634626E-03  4.8655100E-03  6.5913216E-03  2.0200816E-02  9.9462365E-02  7.8508412E-02  5.7634626E-03  4.8896960E-04  2.6042857E-04
 2.5542346E-04  4.7117918E-04  5.5581075E-03  4.8005977E-03  6.4580863E-03  1.8557476E-02  9.5124473E-02  7.5013356E-02  5.5581075E-03  4.7117918E-04  2.5542346E-04
 2.4983541E-04  4.5345009E-04  5.3578051E-03  4.7313238E-03  6.3226480E-03  1.7048635E-02  9.0947118E-02  7.1651657E-02  5.3578051E-03  4.5345009E-04  2.4983541E-04
 2.4376884E-04  4.3585909E-04  5.1625888E-03  4.6581184E-03  6.1854010E-03  1.5664392E-02  8.6926069E-02  6.8419573E-02  5.1625888E-03  4.3585909E-04  2.4376884E-04
 2.3731748E-04  4.1847299E-04  4.9724782E-03  4.5813322E-03  6.0466587E-03  1.4395351E-02  8.3057161E-02  6.5313442E-02  4.9724781E-03  4.1847299E-04  2.3731748E-04
 2.3058468E-04  4.0137365E-04  4.7874345E-03  4.5014072E-03  5.9068082E-03  1.3232618E-02  7.9336085E-02  6.2329560E-02  4.7874345E-03  4.0137365E-04  2.3058468E-04
 2.2361106E-04  3.8457061E-04  4.6075005E-03  4.4187012E-03  5.7661896E-03  1.2167767E-02  7.5758730E-02  5.9464224E-02  4.6075005E-03  3.8457061E-04  2.2361106E-04
 2.1647318E-04  3.6811821E-04  4.4326374E-03  4.3335628E-03  5.6251026E-03  1.1192957E-02  7.2320896E-02  5.6713818E-02  4.4326374E-03  3.6811821E-04  2.1647318E-04
 2.0922892E-04  3.5205085E-04  4.2628144E-03  4.2463248E-03  5.4838379E-03  1.0300802E-02  6.9018458E-02  5.4074761E-02  4.2628144E-03  3.5205085E-04  2.0922892E-04
 2.0192901E-04  3.3639662E-04  4.0979917E-03  4.1573048E-03  5.3426704E-03  9.4844272E-03  6.5847315E-02  5.1543506E-02  4.0979917E-03  3.3639662E-04  2.0192901E-04
 1.9461844E-04  3.2117863E-04  3.9381213E-03  4.0667983E-03  5.2018526E-03  8.7374471E-03  6.2803417E-02  4.9116564E-02  3.9381214E-03  3.2117863E-04  1.9461844E-04
 1.8733640E-04  3.0641505E-04  3.7831478E-03  3.9750347E-03  5.0615700E-03  8.0539442E-03  5.9882819E-02  4.6790548E-02  3.7831478E-03  3.0641505E-04  1.8733640E-04
 1.8011745E-04  2.9212003E-04  3.6330107E-03  3.8823259E-03  4.9220907E-03  7.4284455E-03  5.7081528E-02  4.4562034E-02  3.6330107E-03  2.9212003E-04  1.8011745E-04
 1.7297915E-04  2.7829486E-04  3.4875963E-03  3.7889407E-03  4.7836370E-03  6.8559062E-03  5.4395697E-02  4.2427764E-02  3.4875963E-03  2.7829486E-04  1.7297915E-04
 0.0000000E+00  5.1217250E-04  9.7751476E-03  5.2298069E-03  8.4639418E-03  8.1445075E-02  1.9475673E-01  1.5533530E-01  9.7751477E-03  5.1217250E-04  0.0000000E+00
 3.6943925E-05  5.2289666E-04  9.5071389E-03  5.3235729E-03  8.4457226E-03  7.5555360E-02  1.8719576E-01  1.4915348E-01  9.5071390E-03  5.2289666E-04  3.6943925E-05
 6.9171178E-05  5.3003318E-04  9.2402117E-03  5.4013367E-03  8.4140600E-03  6.9978057E-02  1.7985523E-01  1.4315979E-01  9.2402118E-03  5.3003318E-04  6.9171178E-05
 9.7071674E-05  5.3394013E-04  8.9748583E-03  5.4639086E-03  8.3697934E-03  6.4714357E-02  1.7273356E-01  1.3735243E-01  8.9748583E-03  5.3394013E-04  9.7071674E-05
 1.2101607E-04  5.3495571E-04  8.7115356E-03  5.5120938E-03  8.3137490E-03  5.9762235E-02  1.6582878E-01  1.3172928E-01  8.7115357E-03  5.3495571E-04  1.2101607E-04
 1.4135545E-04  5.3339813E-04  8.4506656E-03  5.5466906E-03  8.2467388E-03  5.5116940E-02  1.5913857E-01  1.2628795E-01  8.4506656E-03  5.3339813E-04  1.4135545E-04
 1.5842123E-04  5.2956563E-04  8.1926357E-03  5.5684861E-03  8.1695564E-03  5.0771423E-02  1.5266028E-01  1.2102580E-01  8.1926357E-03  5.2956563E-04  1.5842123E-04
 1.7252466E-04  5.2373623E-04  7.9377993E-03  5.5782543E-03  8.0829761E-03  4.6716821E-02  1.4639098E-01  1.1593997E-01  7.9377993E-03  5.2373623E-04  1.7252466E-04
 1.8395682E-04  5.1616775E-04  7.6864761E-03  5.5767524E-03  7.9877495E-03  4.2942887E-02  1.4032747E-01  1.1102738E-01  7.6864762E-03  5.1616775E-04  1.8395682E-04
 1.9299043E-04  5.0709983E-04  7.4389554E-03  5.5647219E-03  7.8846071E-03  3.9438064E-02  1.3446632E-01  1.0628480E-01  7.4389554E-03  5.0709983E-04  1.9299043E-04
 1.9987878E-04  4.9675289E-04  7.1954948E-03  5.5428838E-03  7.7742535E-03  3.6190039E-02  1.2880394E-01  1.0170884E-01  7.1954948E-03  4.9675289E-04  1.9987878E-04
 2.0485682E-04  4.8532936E-04  6.9563228E-03  5.5119400E-03  7.6573701E-03  3.3185920E-02  1.2333649E-01  9.7295990E-02  6.9563229E-03  4.8532936E-04  2.0485682E-04
 2.0814812E-04  4.7302138E-04  6.7216421E-03  5.4725412E-03  7.5345805E-03  3.0412535E-02  1.1806004E-01  9.3042639E-02  6.7216421E-03  4.7302138E-04  2.0814812E-04
 2.0994918E-04  4.5999377E-04  6.4916235E-03  5.4253454E-03  7.4065156E-03  2.7856517E-02  1.1297053E-01  8.8945087E-02  6.4916236E-03  4.5999377E-04  2.0994918E-04
 2.1044230E-04  4.4639782E-04  6.2664144E-03  5.3709842E-03  7.2737756E-03  2.5504551E-02  1.0806376E-01  8.4999553E-02  6.2664144E-03  4.4639782E-04  2.1044230E-04
 2.0979540E-04  4.3237124E-04  6.0461384E-03  5.3100585E-03  7.1369265E-03  2.3343495E-02  1.0333548E-01  8.1202216E-02  6.0461384E-03  4.3237124E-04  2.0979540E-04
 2.0816154E-04  4.1803757E-04  5.8308969E-03  5.2431440E-03  6.9965060E-03  2.1360495E-02  9.8781348E-02  7.7549214E-02  5.8308969E-03  4.1803757E-04  2.0816154E-04
 2.0567920E-04  4.0350648E-04  5.6207697E-03  5.1707910E-03  6.8530246E-03  1.9543135E-02  9.4397005E-02  7.4036668E-02  5.6207697E-03  4.0350648E-04  2.0567920E-04
 2.0247454E-04  3.8887609E-04  5.4158181E-03  5.0935271E-03  6.7069678E-03  1.7879375E-02  9.0178021E-02  7.0660675E-02  5.4158181E-03  3.8887609E-04  2.0247454E-04
 1.9866103E-04  3.7423261E-04  5.2160847E-03  5.0118540E-03  6.5587937E-03  1.6357740E-02  8.6119980E-02  6.7417352E-02  5.2160847E-03  3.7423261E-04  1.9866103E-04
 1.9434108E-04  3.5965194E-04  5.0215961E-03  4.9262514E-03  6.4089367E-03  1.4967279E-02  8.2218432E-02  6.4302809E-02  5.0215961E-03  3.5965194E-04  1.9434108E-04
 1.8960630E-04  3.4520002E-04  4.8323634E-03  4.8371761E-03  6.2578067E-03  1.3697671E-02  7.8468951E-02  6.1313186E-02  4.8323634E-03  3.4520002E-04  1.8960630E-04
 1.8453965E-04  3.3093487E-04  4.6483848E-03  4.7450646E-03  6.1057922E-03  1.2539138E-02  7.4867110E-02  5.8444640E-02  4.6483848E-03  3.3093487E-04  1.8453965E-04
 1.7921560E-04  3.1690686E-04  4.4696465E-03  4.6502004E-03  5.9531279E-03  1.1482525E-02  7.1408644E-02  5.5693499E-02  4.4696465E-03  3.1690686E-04  1.7921560E-04
 1.7368629E-04  3.0314884E-04  4.2960762E-03  4.5531223E-03  5.8003117E-03  1.0519280E-02  6.8089082E-02  5.3055944E-02  4.2960762E-03  3.0314884E-04  1.7368629E-04
 1.6801970E-04  2.8970122E-04  4.1276910E-03  4.4541330E-03  5.6475861E-03  9.6413963E-03  6.4904155E-02  5.0528238E-02  4.1276910E-03  2.8970122E-04  1.6801970E-04
 1.6226203E-04  2.7659047E-04  3.9644237E-03  4.3535812E-03  5.4952535E-03  8.8415013E-03  6.1849609E-02  4.8106763E-02  3.9644237E-03  2.7659047E-04  1.6226203E-04
 1.5645690E-04  2.6383950E-04  3.8062176E-03  4.2517879E-03  5.3435852E-03  8.1127272E-03  5.8921247E-02  4.5787938E-02  3.8062176E-03  2.6383950E-04  1.5645690E-04
 1.5064265E-04  2.5146671E-04  3.6530089E-03  4.1490576E-03  5.1928353E-03  7.4487453E-03  5.6114930E-02  4.3568239E-02  3.6530089E-03  2.5146671E-04  1.5064265E-04
 1.4485281E-04  2.3948647E-04  3.5047272E-03  4.0456690E-03  5.0432324E-03  6.8437312E-03  5.3426591E-02  4.1444217E-02  3.5047272E-03  2.3948647E-04  1.4485281E-04
 1.3911632E-04  2.2790933E-04  3.3612959E-03  3.9418164E-03  4.8949207E-03  6.2923363E-03  5.0852300E-02  3.9412558E-02  3.3612959E-03  2.2790933E-04  1.3911632E-04
 1.3345930E-04  2.1674371E-04  3.2226353E-03  3.8378140E-03  4.7481645E-03  5.7896571E-03  4.8388060E-02  3.7469878E-02  3.2226353E-03  2.1674371E-04  1.3345930E-04
 1.2786851E-04  2.0596216E-04  3.0886086E-03  3.7339278E-03  4.6031847E-03  5.3312107E-03  4.6030106E-02  3.5613012E-02  3.0886086E-03  2.0596216E-04  1.2786851E-04
 0.0000000E+00  4.0582498E-04  9.1572170E-03  6.0680674E-03  9.0507635E-03  7.2038407E-02  1.7301501E-01  1.3678690E-01  9.1572170E-03  4.0582498E-04  0.0000000E+00
 2.9176648E-05  4.1326798E-04  8.8859714E-03  6.1107160E-03  8.9834686E-03  6.6403493E-02  1.6601517E-01  1.3112157E-01  8.8859714E-03  4.1326798E-04  2.9176648E-05
 5.4478819E-05  4.1782548E-04  8.6172475E-03  6.1386649E-03  8.9044098E-03  6.1120128E-02  1.5923328E-01  1.2563975E-01  8.6172475E-03  4.1782548E-04  5.4478819E-05
 7.6242919E-05  4.1980306E-04  8.3514492E-03  6.1527973E-03  8.8144650E-03  5.6180495E-02  1.5266697E-01  1.2033903E-01  8.3514492E-03  4.1980306E-04  7.6242919E-05
 9.4787346E-05  4.1948794E-04  8.0889462E-03  6.1539803E-03  8.7144907E-03  5.1574675E-02  1.4631355E-01  1.1521675E-01  8.0889461E-03  4.1948794E-04  9.4787346E-05
 1.1041232E-04  4.1714897E-04  7.8300746E-03  6.1430592E-03  8.6053141E-03  4.7291043E-02  1.4017001E-01  1.1027000E-01  7.8300746E-03  4.1714897E-04  1.1041232E-04
 1.2339985E-04  4.1303680E-04  7.5751380E-03  6.1208596E-03  8.4877393E-03  4.3316625E-02  1.3423307E-01  1.0549566E-01  7.5751380E-03  4.1303680E-04  1.2339985E-04
 1.3401360E-04  4.0738376E-04  7.3244080E-03  6.0881808E-03  8.3625375E-03  3.9637461E-02  1.2849922E-01  1.0089046E-01  7.3244080E-03  4.0738376E-04  1.3401360E-04
 1.4249904E-04  4.0040424E-04  7.0781252E-03  6.0457987E-03  8.2304533E-03  3.6238938E-02  1.2296471E-01  9.6450936E-02  7.0781252E-03  4.0040424E-04  1.4249904E-04
 1.4908490E-04  3.9229618E-04  6.8365019E-03  5.9944626E-03  8.0921997E-03  3.3105923E-02  1.1762565E-01  9.2173517E-02  6.8365019E-03  3.9229618E-04  1.4908490E-04
 1.5398268E-04  3.8324066E-04  6.5997222E-03  5.9348951E-03  7.9484605E-03  3.0223108E-02  1.1247793E-01  8.8054502E-02  6.5997222E-03  3.8324066E-04  1.5398268E-04
 1.5738774E-04  3.7340310E-04  6.3679437E-03  5.8677924E-03  7.7998890E-03  2.7575170E-02  1.0751735E-01  8.4090108E-02  6.3679437E-03  3.7340310E-04  1.5738774E-04
 1.5948103E-04  3.6293568E-04  6.1412943E-03  5.7938016E-03  7.6470869E-03  2.5146985E-02  1.0273961E-01  8.0276504E-02  6.1412943E-03  3.6293568E-04  1.5948103E-04
 1.6042485E-04  3.5197177E-04  5.9198828E-03  5.7135647E-03  7.4906485E-03  2.2923693E-02  9.8140283E-02  7.6609780E-02  5.9198829E-03  3.5197177E-04  1.6042485E-04
 1.6036841E-04  3.4063244E-04  5.7037956E-03  5.6276923E-03  7.3311347E-03  2.0890860E-02  9.3714906E-02  7.3085985E-02  5.7037956E-03  3.4063244E-04  1.6036841E-04
 1.5944773E-04  3.2902639E-04  5.4930971E-03  5.5367623E-03  7.1690716E-03  1.9034560E-02  8.9458947E-02  6.9701152E-02  5.4930971E-03  3.2902639E-04  1.5944773E-04
 1.5778597E-04  3.1725021E-04  5.2878328E-03  5.4413246E-03  7.0049563E-03  1.7341442E-02  8.5367849E-02  6.6451308E-02  5.2878329E-03  3.1725021E-04  1.5778597E-04
 1.5549412E-04  3.0538906E-04  5.0880300E-03  5.3419011E-03  6.8392563E-03  1.5798827E-02  8.1437041E-02  6.3332480E-02  5.0880300E-03  3.0538906E-04  1.5549412E-04
 1.5267242E-04  2.9351814E-04  4.8936999E-03  5.2389875E-03  6.6724123E-03  1.4394635E-02  7.7661951E-02  6.0340716E-02  4.8937000E-03  2.9351814E-04  1.5267242E-04
 1.4941070E-04  2.8170303E-04  4.7048390E-03  5.1330525E-03  6.5048371E-03  1.3117510E-02  7.4038005E-02  5.7472076E-02  4.7048390E-03  2.8170303E-04  1.4941070E-04
 1.4578955E-04  2.7000085E-04  4.5214299E-03  5.0245401E-03  6.3369180E-03  1.1956769E-02  7.0560652E-02  5.4722657E-02  4.5214300E-03  2.7000085E-04  1.4578955E-04
 1.4188104E-04  2.5846099E-04  4.3434437E-03  4.9138699E-03  6.1690181E-03  1.0902462E-02  6.7225387E-02  5.2088602E-02  4.3434437E-03  2.5846099E-04  1.4188104E-04
 1.3775013E-04  2.4712651E-04  4.1708407E-03  4.8014389E-03  6.0014773E-03  9.9452798E-03  6.4027721E-02  4.9566088E-02  4.1708408E-03  2.4712651E-04  1.3775013E-04
 1.3345530E-04  2.3603477E-04  4.0035723E-03  4.6874948E-03  5.8344859E-03  9.0766021E-03  6.0963348E-02  4.7151476E-02  4.0035723E-03  2.3603477E-04  1.3345530E-04
 1.2900490E-04  2.2517732E-04  3.8415189E-03  4.5725734E-03  5.6685256E-03  8.2884557E-03  5.8027857E-02  4.4841010E-02  3.8415190E-03  2.2517732E-04  1.2900490E-04
 1.2449214E-04  2.1462333E-04  3.6846880E-03  4.4568852E-03  5.5037477E-03  7.5734599E-03  5.5216886E-02  4.2631007E-02  3.6846880E-03  2.1462333E-04  1.2449214E-04
 1.1993749E-04  2.0437617E-04  3.5329776E-03  4.3407583E-03  5.3404252E-03  6.9248720E-03  5.2526240E-02  4.0517938E-02  3.5329777E-03  2.0437617E-04  1.1993749E-04
 1.1537310E-04  1.9445014E-04  3.3863055E-03  4.2244745E-03  5.1787843E-03  6.3364740E-03  4.9951763E-02  3.8498312E-02  3.3863056E-03  1.9445014E-04  1.1537310E-04
 1.1082747E-04  1.8485655E-04  3.2445847E-03  4.1082984E-03  5.0190344E-03  5.8025845E-03  4.7489373E-02  3.6568711E-02  3.2445847E-03  1.8485655E-04  1.1082747E-04
 1.0632503E-04  1.7560345E-04  3.1077231E-03  3.9924685E-03  4.8613595E-03  5.3180184E-03  4.5135078E-02  3.4725804E-02  3.1077231E-03  1.7560345E-04  1.0632503E-04
 1.0188674E-04  1.6669608E-04  2.9756249E-03  3.8771360E-03  4.7058573E-03  4.8780519E-03  4.2885041E-02  3.2966402E-02  2.9756249E-03  1.6669608E-04  1.0188674E-04
 9.7532156E-05  1.5813890E-04  2.8481928E-03  3.7625799E-03  4.5527535E-03  4.4783884E-03  4.0735357E-02  3.1287253E-02  2.8481928E-03  1.5813890E-04  9.7532156E-05
 9.3226141E-05  1.4988472E-04  2.7252668E-03  3.6490457E-03  4.4022462E-03  4.1151289E-03  3.8682411E-02  2.9685337E-02  2.7252668E-03  1.4988472E-04  9.3226141E-05
 0.0000000E+00  3.1574230E-04  8.5217279E-03  6.8360085E-03  9.5453238E-03  6.2784274E-02  1.5263134E-01  1.1959710E-01  8.5217279E-03  3.1574230E-04  0.0000000E+00
 2.2676815E-05  3.2071999E-04  8.2516166E-03  6.8214899E-03  9.4259741E-03  5.7532241E-02  1.4621128E-01  1.1445514E-01  8.2516167E-03  3.2071999E-04  2.2676815E-05
 4.2227608E-05  3.2342189E-04  7.9852411E-03  6.7947418E-03  9.2975047E-03  5.2648529E-02  1.4000289E-01  1.0948893E-01  7.9852411E-03  3.2342189E-04  4.2227608E-05
 5.8936283E-05  3.2410285E-04  7.7229145E-03  6.7565917E-03  9.1607121E-03  4.8118913E-02  1.3400327E-01  1.0469568E-01  7.7229145E-03  3.2410285E-04  5.8936283E-05
 7.3070497E-05  3.2300137E-04  7.4649189E-03  6.7078504E-03  9.0163709E-03  4.3927918E-02  1.2820923E-01  1.0007239E-01  7.4649190E-03  3.2300137E-04  7.3070497E-05
 8.4881562E-05  3.2033963E-04  7.2115061E-03  6.6493078E-03  8.8652310E-03  4.0059164E-02  1.2261729E-01  9.5615857E-02  7.2115062E-03  3.2033963E-04  8.4881562E-05
 9.4604510E-05  3.1632370E-04  6.9628985E-03  6.5817304E-03  8.7080140E-03  3.6495658E-02  1.1722374E-01  9.1322686E-02  6.9628985E-03  3.1632370E-04  9.4604510E-05
 1.0245811E-04  3.1114359E-04  6.7192896E-03  6.5058612E-03  8.5454156E-03  3.3220090E-02  1.1202468E-01  8.7189352E-02  6.7192897E-03  3.1114359E-04  1.0245811E-04
 1.0864524E-04  3.0497380E-04  6.4808462E-03  6.4224161E-03  8.3781004E-03  3.0215106E-02  1.0701603E-01  8.3212195E-02  6.4808462E-03  3.0497380E-04  1.0864524E-04
 1.1335384E-04  2.9797431E-04  6.2477092E-03  6.3320867E-03  8.2067066E-03  2.7463380E-02  1.0219353E-01  7.9387454E-02  6.2477092E-03  2.9797431E-04  1.1335384E-04
 1.1675698E-04  2.9029071E-04  6.0199952E-03  6.2355370E-03  8.0318425E-03  2.4947899E-02  9.7552841E-02  7.5711282E-02  6.0199952E-03  2.9029071E-04  1.1675698E-04
 1.1901377E-04  2.8205516E-04  5.7977983E-03  6.1334052E-03  7.8540876E-03  2.2652064E-02  9.3089485E-02  7.2179769E-02  5.7977983E-03  2.8205516E-04  1.1901377E-04
 1.2026831E-04  2.7338599E-04  5.5811813E-03  6.0262640E-03  7.6739628E-03  2.0559850E-02  8.8798952E-02  6.8789000E-02  5.5811813E-03  2.7338599E-04  1.2026831E-04
 1.2065205E-04  2.6438887E-04  5.3701973E-03  5.9147019E-03  7.4919938E-03  1.8655819E-02  8.4676642E-02  6.5534985E-02  5.3701973E-03  2.6438887E-04  1.2065205E-04
 1.2028470E-04  2.5515854E-04  5.1648789E-03  5.7992714E-03  7.3086714E-03  1.6925243E-02  8.0717921E-02  6.2413727E-02  5.1648789E-03  2.5515854E-04  1.2028470E-04
 1.1927427E-04  2.4577885E-04  4.9652398E-03  5.6804910E-03  7.1244530E-03  1.5354131E-02  7.6918132E-02  5.9421228E-02  4.9652398E-03  2.4577885E-04  1.1927427E-04
 1.1771802E-04  2.3632365E-04  4.7712775E-03  5.5588510E-03  6.9397669E-03  1.3929270E-02  7.3272617E-02  5.6553511E-02  4.7712775E-03  2.3632365E-04  1.1771802E-04
 1.1570317E-04  2.2685753E-04  4.5829747E-03  5.4348151E-03  6.7550152E-03  1.2638271E-02  6.9776734E-02  5.3806621E-02  4.5829747E-03  2.2685753E-04  1.1570317E-04
 1.1330785E-04  2.1743673E-04  4.4003010E-03  5.3088203E-03  6.5705732E-03  1.1469483E-02  6.6425848E-02  5.1176629E-02  4.4003010E-03  2.1743673E-04  1.1330785E-04
 1.1060180E-04  2.0810990E-04  4.2232141E-03  5.1812788E-03  6.3867909E-03  1.0412080E-02  6.3215369E-02  4.8659657E-02  4.2232141E-03  2.0810990E-04  1.1060180E-04
 1.0764721E-04  1.9891887E-04  4.0516611E-03  5.0525784E-03  6.2039944E-03  9.4559866E-03  6.0140742E-02  4.6251866E-02  4.0516611E-03  1.9891887E-04  1.0764721E-04
 1.0449971E-04  1.8989969E-04  3.8855800E-03  4.9230840E-03  6.0224873E-03  8.5919142E-03  5.7197463E-02  4.3949473E-02  3.8855800E-03  1.8989969E-04  1.0449971E-04
 1.0120913E-04  1.8108335E-04  3.7249009E-03  4.7931394E-03  5.8425524E-03  7.8112617E-03  5.4381084E-02  4.1748753E-02  3.7249010E-03  1.8108335E-04  1.0120913E-04
 9.7820478E-05  1.7249676E-04  3.5695476E-03  4.6629050E-03  5.6642890E-03  7.1061353E-03  5.1687381E-02  3.9646208E-02  3.5695477E-03  1.7249676E-04  9.7820478E-05
 9.4315031E-05  1.6410677E-04  3.4193566E-03  4.5329223E-03  5.4881924E-03  6.4692995E-03  4.9112007E-02  3.7638174E-02  3.4193566E-03  1.6410677E-04  9.4315031E-05
 9.0795017E-05  1.5599518E-04  3.2743368E-03  4.4033153E-03  5.3143100E-03  5.8941197E-03  4.6650646E-02  3.5721089E-02  3.2743368E-03  1.5599518E-04  9.0795017E-05
 8.7264319E-05  1.4815139E-04  3.1343563E-03  4.2743701E-03  5.1428765E-03  5.3745763E-03  4.4299217E-02  3.3891568E-02  3.1343563E-03  1.4815139E-04  8.7264319E-05
 8.3746206E-05  1.4058356E-04  2.9993130E-03  4.1463190E-03  4.9740676E-03  4.9051686E-03  4.2053676E-02  3.2146272E-02  2.9993131E-03  1.4058356E-04  8.3746206E-05
 8.0261501E-05  1.3329804E-04  2.8691024E-03  4.0193791E-03  4.8080440E-03  4.4809084E-03  3.9910064E-02  3.0481936E-02  2.8691024E-03  1.3329804E-04  8.0261501E-05
 7.6827710E-05  1.2629858E-04  2.7436165E-03  3.8937413E-03  4.6449417E-03  4.0972778E-03  3.7864526E-02  2.8895391E-02  2.7436165E-03  1.2629858E-04  7.6827710E-05
 7.3459686E-05  1.1958690E-04  2.6227449E-03  3.7695039E-03  4.4848049E-03  3.7501900E-03  3.5913374E-02  2.7383626E-02  2.6227450E-03  1.1958690E-04  7.3459686E-05
 7.0172004E-05  1.1316500E-04  2.5063781E-03  3.6469107E-03  4.3278243E-03  3.4359554E-03  3.4052848E-02  2.5943551E-02  2.5063781E-03  1.1316500E-04  7.0172004E-05
 6.6913838E-05  1.0697196E-04  2.3943381E-03  3.5261771E-03  4.1741665E-03  3.1512486E-03  3.2279526E-02  2.4572329E-02  2.3943381E-03  1.0697196E-04  6.6913838E-05
 0.0000000E+00  2.4063144E-04  7.8780232E-03  7.4258558E-03  9.8535191E-03  5.3977005E-02  1.3376536E-01  1.0388409E-01  7.8780232E-03  2.4063144E-04  0.0000000E+00
 1.7311245E-05  2.4379202E-04  7.6132185E-03  7.3622634E-03  9.6924549E-03  4.9189391E-02  1.2791937E-01  9.9250638E-02  7.6132186E-03  2.4379202E-04  1.7311245E-05
 3.2148198E-05  2.4519666E-04  7.3530660E-03  7.2886555E-03  9.5244664E-03  4.4768870E-02  1.2227706E-01  9.4783939E-02  7.3530661E-03  2.4519666E-04  3.2148198E-05
 4.4745388E-05  2.4505319E-04  7.0978031E-03  7.2058069E-03  9.3502811E-03  4.0697047E-02  1.1683506E-01  9.0480912E-02  7.0978031E-03  2.4505319E-04  4.4745388E-05
 5.5323071E-05  2.4355520E-04  6.8476379E-03  7.1144731E-03  9.1706045E-03  3.6954963E-02  1.1158976E-01  8.6338288E-02  6.8476380E-03  2.4355520E-04  5.5323071E-05
 6.4087210E-05  2.4088216E-04  6.6027506E-03  7.0153861E-03  8.9861158E-03  3.3523384E-02  1.0653729E-01  8.2352627E-02  6.6027506E-03  2.4088216E-04  6.4087210E-05
 7.1229581E-05  2.3719965E-04  6.3632942E-03  6.9092553E-03  8.7974690E-03  3.0383022E-02  1.0167361E-01  7.8520345E-02  6.3632943E-03  2.3719965E-04  7.1229581E-05
 7.6927964E-05  2.3265961E-04  6.1293961E-03  6.7967642E-03  8.6052903E-03  2.7514786E-02  9.6994490E-02  7.4837756E-02  6.1293961E-03  2.3265961E-04  7.6927964E-05
 8.1346650E-05  2.2740091E-04  5.9011592E-03  6.6785724E-03  8.4101808E-03  2.4899982E-02  9.2495574E-02  7.1301058E-02  5.9011592E-03  2.2740091E-04  8.1346650E-05
 8.4637045E-05  2.2155005E-04  5.6786639E-03  6.5553110E-03  8.2127107E-03  2.2520331E-02  8.8172391E-02  6.7906392E-02  5.6786639E-03  2.2155005E-04  8.4637045E-05
 8.6938165E-05  2.1522168E-04  5.4619690E-03  6.4275871E-03  8.0134267E-03  2.0358214E-02  8.4020363E-02  6.4649824E-02  5.4619691E-03  2.1522168E-04  8.6938165E-05
 8.8377473E-05  2.0851948E-04  5.2511139E-03  6.2959790E-03  7.8128443E-03  1.8396718E-02  8.0034865E-02  6.1527403E-02  5.2511139E-03  2.0851948E-04  8.8377473E-05
 8.9064350E-05  2.0153025E-04  5.0461114E-03  6.1610161E-03  7.6114249E-03  1.6619752E-02  7.6211249E-02  5.8535176E-02  5.0461114E-03  2.0153025E-04  8.9064350E-05
 8.9104107E-05  1.9433670E-04  4.8469659E-03  6.0232272E-03  7.4096355E-03  1.5012029E-02  7.2544809E-02  5.5669151E-02  4.8469660E-03  1.9433670E-04  8.9104107E-05
 8.8591447E-05  1.8701177E-04  4.6536650E-03  5.8831099E-03  7.2079105E-03  1.3559143E-02  6.9030815E-02  5.2925341E-02  4.6536650E-03  1.8701177E-04  8.8591447E-05
 8.7610410E-05  1.7961853E-04  4.4661802E-03  5.7411298E-03  7.0066505E-03  1.2247570E-02  6.5664567E-02  5.0299793E-02  4.4661802E-03  1.7961853E-04  8.7610410E-05
 8.6236191E-05  1.7221196E-04  4.2844701E-03  5.5977262E-03  6.8062307E-03  1.1064679E-02  6.2441378E-02  4.7788581E-02  4.2844701E-03  1.7221196E-04  8.6236191E-05
 8.4536013E-05  1.6483980E-04  4.1084814E-03  5.4533123E-03  6.6070002E-03  9.9987423E-03  5.9356594E-02  4.5387819E-02  4.1084815E-03  1.6483980E-04  8.4536013E-05
 8.2569511E-05  1.5754293E-04  3.9381504E-03  5.3082759E-03  6.4092830E-03  9.0388522E-03  5.6405607E-02  4.3093668E-02  3.9381504E-03  1.5754293E-04  8.2569511E-05
 8.0389826E-05  1.5035646E-04  3.7734040E-03  5.1629804E-03  6.2133792E-03  8.1749602E-03  5.3583858E-02  4.0902348E-02  3.7734040E-03  1.5035646E-04  8.0389826E-05
 7.8044112E-05  1.4331026E-04  3.6141610E-03  5.0177656E-03  6.0195662E-03  7.3978079E-03  5.0886852E-02  3.8810136E-02  3.6141610E-03  1.4331026E-04  7.8044112E-05
 7.5574763E-05  1.3643011E-04  3.4603338E-03  4.8729492E-03  5.8281000E-03  6.6989282E-03  4.8310161E-02  3.6813378E-02  3.4603338E-03  1.3643011E-04  7.5574763E-05
 7.3019673E-05  1.2973803E-04  3.3118287E-03  4.7288277E-03  5.6392162E-03  6.0705531E-03  4.5849427E-02  3.4908487E-02  3.3118287E-03  1.2973803E-04  7.3019673E-05
 7.0413496E-05  1.2325344E-04  3.1685478E-03  4.5855174E-03  5.4529712E-03  5.5056114E-03  4.3500534E-02  3.3092110E-02  3.1685479E-03  1.2325344E-04  7.0413496E-05
 6.7705607E-05  1.1691364E-04  3.0303130E-03  4.4435446E-03  5.2698228E-03  4.9976741E-03  4.1259312E-02  3.1360730E-02  3.0303130E-03  1.1691364E-04  6.7705607E-05
 6.5020281E-05  1.1082585E-04  2.8971098E-03  4.3029464E-03  5.0897634E-03  4.5408964E-03  3.9121503E-02  2.9710969E-02  2.8971099E-03  1.1082585E-04  6.5020281E-05
 6.2342989E-05  1.0496349E-04  2.7687934E-03  4.1639821E-03  4.9129903E-03  4.1300106E-03  3.7083201E-02  2.8139604E-02  2.7687934E-03  1.0496349E-04  6.2342989E-05
 5.9689955E-05  9.9330294E-05  2.6452478E-03  4.0268422E-03  4.7396380E-03  3.7602440E-03  3.5140520E-02  2.6643476E-02  2.6452478E-03  9.9330294E-05  5.9689955E-05
 5.7076053E-05  9.3929196E-05  2.5263563E-03  3.8917024E-03  4.5698272E-03  3.4272994E-03  3.3289667E-02  2.5219503E-02  2.5263564E-03  9.3929196E-05  5.7076053E-05
 5.4513454E-05  8.8761059E-05  2.4120002E-03  3.7587127E-03  4.4036541E-03  3.1273136E-03  3.1526965E-02  2.3864705E-02  2.4120002E-03  8.8761059E-05  5.4513454E-05
 5.2012407E-05  8.3825386E-05  2.3020598E-03  3.6279291E-03  4.2411223E-03  2.8568161E-03  2.9848911E-02  2.2576266E-02  2.3020598E-03  8.3825386E-05  5.2012407E-05
 4.9583720E-05  7.9122741E-05  2.1964171E-03  3.4995592E-03  4.0823880E-03  2.6126959E-03  2.8251933E-02  2.1351289E-02  2.1964171E-03  7.9122741E-05  4.9583720E-05
 4.7166597E-05  7.4584047E-05  2.0948872E-03  3.3737866E-03  3.9275871E-03  2.3921683E-03  2.6732823E-02  2.0187131E-02  2.0948872E-03  7.4584047E-05  4.7166597E-05
 0.0000000E+00  1.7866744E-04  7.2485804E-03  7.9046069E-03  1.0051407E-02  4.5878384E-02  1.1636324E-01  8.9568370E-02  7.2485805E-03  1.7866744E-04  0.0000000E+00
 1.2934720E-05  1.8054400E-04  6.9916634E-03  7.7968781E-03  9.8556457E-03  4.1578278E-02  1.1108321E-01  8.5426717E-02  6.9916635E-03  1.8054400E-04  1.2934720E-05
 2.3955394E-05  1.8110173E-04  6.7401110E-03  7.6810054E-03  9.6546080E-03  3.7633985E-02  1.0599723E-01  8.1441746E-02  6.7401111E-03  1.8110173E-04  2.3955394E-05
 3.3250804E-05  1.8050522E-04  6.4940874E-03  7.5577304E-03  9.4489876E-03  3.4024530E-02  1.0110154E-01  7.7610165E-02  6.4940875E-03  1.8050522E-04  3.3250804E-05
 4.0997622E-05  1.7890715E-04  6.2537311E-03  7.4277772E-03  9.2394581E-03  3.0728867E-02  9.6392186E-02  7.3928514E-02  6.2537312E-03  1.7890715E-04  4.0997622E-05
 4.7360433E-05  1.7644846E-04  6.0191564E-03  7.2918480E-03  9.0266687E-03  2.7726118E-02  9.1865000E-02  7.0393209E-02  6.0191565E-03  1.7644846E-04  4.7360433E-05
 5.2491853E-05  1.7325847E-04  5.7904540E-03  7.1506218E-03  8.8112429E-03  2.4995760E-02  8.7515665E-02  6.7000542E-02  5.7904541E-03  1.7325847E-04  5.2491853E-05
 5.6532832E-05  1.6945531E-04  5.5676926E-03  7.0047522E-03  8.5937774E-03  2.2517820E-02  8.3339736E-02  6.3746725E-02  5.5676927E-03  1.6945531E-04  5.6532832E-05
 5.9613196E-05  1.6514648E-04  5.3509202E-03  6.8548670E-03  8.3748414E-03  2.0273032E-02  7.9332665E-02  6.0627899E-02  5.3509203E-03  1.6514648E-04  5.9613196E-05
 6.1851898E-05  1.6042918E-04  5.1401654E-03  6.7015677E-03  8.1549768E-03  1.8242862E-02  7.5489818E-02  5.7640157E-02  5.1401655E-03  1.6042918E-04  6.1851898E-05
 6.3357803E-05  1.5539109E-04  4.9354388E-03  6.5454280E-03  7.9346971E-03  1.6409668E-02  7.1806507E-02  5.4779557E-02  4.9354388E-03  1.5539109E-04  6.3357803E-05
 6.4230335E-05  1.5011108E-04  4.7367346E-03  6.3869949E-03  7.7144880E-03  1.4756730E-02  6.8278000E-02  5.2042141E-02  4.7367347E-03  1.5011108E-04  6.4230335E-05
 6.4550922E-05  1.4465109E-04  4.5440206E-03  6.2267512E-03  7.4947729E-03  1.3268328E-02  6.4899622E-02  4.9424013E-02  4.5440207E-03  1.4465109E-04  6.4550922E-05
 6.4402095E-05  1.3907431E-04  4.3572632E-03  6.0651930E-03  7.2759863E-03  1.1929697E-02  6.1666614E-02  4.6921221E-02  4.3572633E-03  1.3907431E-04  6.4402095E-05
 6.3856855E-05  1.3343519E-04  4.1764142E-03  5.9027811E-03  7.0585276E-03  1.0727074E-02  5.8574249E-02  4.4529847E-02  4.1764142E-03  1.3343519E-04  6.3856855E-05
 6.2978976E-05  1.2777971E-04  4.0014115E-03  5.7399420E-03  6.8427626E-03  9.6476750E-03  5.5617841E-02  4.2246025E-02  4.0014115E-03  1.2777971E-04  6.2978976E-05
 6.1825163E-05  1.2214750E-04  3.8321825E-03  5.5770743E-03  6.6290294E-03  8.6796781E-03  5.2792748E-02  4.0065934E-02  3.8321826E-03  1.2214750E-04  6.1825163E-05
 6.0445958E-05  1.1657270E-04  3.6686459E-03  5.4145495E-03  6.4176395E-03  7.8122173E-03  5.0094382E-02  3.7985810E-02  3.6686460E-03  1.1657270E-04  6.0445958E-05
 5.8885700E-05  1.1108395E-04  3.5107117E-03  5.2527127E-03  6.2088786E-03  7.0352787E-03  4.7518219E-02  3.6001949E-02  3.5107117E-03  1.1108395E-04  5.8885700E-05
 5.7183820E-05  1.0570565E-04  3.3582830E-03  5.0918840E-03  6.0030083E-03  6.3397242E-03  4.5059806E-02  3.4110713E-02  3.3582831E-03  1.0570565E-04  5.7183820E-05
 5.5375059E-05  1.0045818E-04  3.2112574E-03  4.9323599E-03  5.8002667E-03  5.7172099E-03  4.2714769E-02  3.2308541E-02  3.2112574E-03  1.0045818E-04  5.5375059E-05
 5.3490766E-05  9.5359174E-05  3.0695278E-03  4.7744146E-03  5.6008709E-03  5.1601710E-03  4.0478812E-02  3.0591944E-02  3.0695278E-03  9.5359174E-05  5.3490766E-05
 5.1558724E-05  9.0423338E-05  2.9329832E-03  4.6183011E-03  5.4050175E-03  4.6617271E-03  3.8347731E-02  2.8957511E-02  2.9329832E-03  9.0423338E-05  5.1558724E-05
 4.9604505E-05  8.5663781E-05  2.8015101E-03  4.4640610E-03  5.2126921E-03  4.2156670E-03  3.6317600E-02  2.7402105E-02  2.8015101E-03  8.5663781E-05  4.9604505E-05
 4.7571416E-05  8.1013749E-05  2.6749047E-03  4.3122056E-03  5.0243615E-03  3.8163892E-03  3.4384394E-02  2.5922371E-02  2.6749047E-03  8.1013749E-05  4.7571416E-05
 4.5575042E-05  7.6575196E-05  2.5531567E-03  4.1627244E-03  4.8399486E-03  3.4588451E-03  3.2544044E-02  2.4515128E-02  2.5531567E-03  7.6575196E-05  4.5575042E-05
 4.3595768E-05  7.2318686E-05  2.4361043E-03  4.0158282E-03  4.6596165E-03  3.1385149E-03  3.0792838E-02  2.3177364E-02  2.4361043E-03  7.2318686E-05  4.3595768E-05
 4.1644718E-05  6.8245257E-05  2.3236217E-03  3.8716623E-03  4.4834593E-03  2.8513382E-03  2.9127095E-02  2.1906124E-02  2.3236218E-03  6.8245257E-05  4.1644718E-05
 3.9732368E-05  6.4355812E-05  2.2155839E-03  3.7303576E-03  4.3115577E-03  2.5936858E-03  2.7543231E-02  2.0698538E-02  2.2155839E-03  6.4355812E-05  3.9732368E-05
 3.7866993E-05  6.0649582E-05  2.1118648E-03  3.5920195E-03  4.1439680E-03  2.3623188E-03  2.6037783E-02  1.9551840E-02  2.1118648E-03  6.0649582E-05  3.7866993E-05
 3.6055497E-05  5.7124918E-05  2.0123386E-03  3.4566578E-03  3.9806518E-03  2.1543477E-03  2.4607474E-02  1.8463434E-02  2.0123386E-03  5.7124918E-05  3.6055497E-05
 3.4305864E-05  5.3781690E-05  1.9168821E-03  3.3244420E-03  3.8217318E-03  1.9672010E-03  2.3248950E-02  1.7430634E-02  1.9168821E-03  5.3781690E-05  3.4305864E-05
 3.2553160E-05  5.0548263E-05  1.8253065E-03  3.1955147E-03  3.6673073E-03  1.7985923E-03  2.1959238E-02  1.6451013E-02  1.8253065E-03  5.0548263E-05  3.2553160E-05
 0.0000000E+00  1.2842281E-04  6.6405608E-03  8.2660710E-03  1.0168625E-02  3.8491692E-02  1.0043283E-01  7.6641912E-02  6.6405609E-03  1.2842281E-04  0.0000000E+00
 9.4200305E-06  1.2944472E-04  6.3929756E-03  8.1175889E-03  9.9411990E-03  3.4683807E-02  9.5704427E-02  7.2969846E-02  6.3929757E-03  1.2944472E-04  9.4200305E-06
 1.7399194E-05  1.2950607E-04  6.1513255E-03  7.9627669E-03  9.7099503E-03  3.1214830E-02  9.1159016E-02  6.9443628E-02  6.1513256E-03  1.2950607E-04  1.7399194E-05
 2.4084810E-05  1.2873290E-04  5.9157122E-03  7.8023440E-03  9.4755814E-03  2.8061845E-02  8.6792546E-02  6.6059804E-02  5.9157122E-03  1.2873290E-04  2.4084810E-05
 2.9614372E-05  1.2724175E-04  5.6862139E-03  7.6370347E-03  9.2387691E-03  2.5202322E-02  8.2600790E-02  6.2814791E-02  5.6862140E-03  1.2724175E-04  2.9614372E-05
 3.4115566E-05  1.2513975E-04  5.4628873E-03  7.4675260E-03  9.0001603E-03  2.2614314E-02  7.8579377E-02  5.9704912E-02  5.4628873E-03  1.2513975E-04  3.4115566E-05
 3.7706356E-05  1.2252475E-04  5.2457679E-03  7.2944755E-03  8.7603704E-03  2.0276615E-02  7.4723802E-02  5.6726397E-02  5.2457680E-03  1.2252475E-04  3.7706356E-05
 4.0495326E-05  1.1948575E-04  5.0348723E-03  7.1185118E-03  8.5199853E-03  1.8168903E-02  7.1029490E-02  5.3875432E-02  5.0348723E-03  1.1948575E-04  4.0495326E-05
 4.2582235E-05  1.1610344E-04  4.8301990E-03  6.9402328E-03  8.2795575E-03  1.6271872E-02  6.7491778E-02  5.1148151E-02  4.8301990E-03  1.1610344E-04  4.2582235E-05
 4.4057953E-05  1.1245021E-04  4.6317299E-03  6.7602057E-03  8.0396081E-03  1.4567185E-02  6.4105968E-02  4.8540674E-02  4.6317300E-03  1.1245021E-04  4.4057953E-05
 4.5005430E-05  1.0859110E-04  4.4394320E-03  6.5789680E-03  7.8006273E-03  1.3037618E-02  6.0867329E-02  4.6049104E-02  4.4394320E-03  1.0859110E-04  4.5005430E-05
 4.5500181E-05  1.0458437E-04  4.2532584E-03  6.3970268E-03  7.5630738E-03  1.1667045E-02  5.7771122E-02  4.3669553E-02  4.2532584E-03  1.0458437E-04  4.5500181E-05
 4.5601233E-05  1.0047273E-04  4.0731389E-03  6.2148159E-03  7.3273314E-03  1.0440481E-02  5.4812698E-02  4.1398223E-02  4.0731389E-03  1.0047273E-04  4.5601233E-05
 4.5370939E-05  9.6302438E-05  3.8990049E-03  6.0327906E-03  7.0938053E-03  9.3440061E-03  5.1987345E-02  3.9231265E-02  3.8990049E-03  9.6302438E-05  4.5370939E-05
 4.4864009E-05  9.2112821E-05  3.7307755E-03  5.8513674E-03  6.8628616E-03  8.3647830E-03  4.9290399E-02  3.7164889E-02  3.7307756E-03  9.2112821E-05  4.4864009E-05
 4.4127534E-05  8.7936303E-05  3.5683589E-03  5.6709251E-03  6.6348281E-03  7.4910110E-03  4.6717270E-02  3.5195371E-02  3.5683589E-03  8.7936303E-05  4.4127534E-05
 4.3203118E-05  8.3800462E-05  3.4116550E-03  5.4918138E-03  6.4100034E-03  6.7118837E-03  4.4263428E-02  3.3319043E-02  3.4116550E-03  8.3800462E-05  4.3203118E-05
 4.2127816E-05  7.9728959E-05  3.2605576E-03  5.3143558E-03  6.1886586E-03  6.0175627E-03  4.1924419E-02  3.1532308E-02  3.2605576E-03  7.9728959E-05  4.2127816E-05
 4.0933719E-05  7.5741112E-05  3.1149538E-03  5.1388464E-03  5.9710373E-03  5.3990666E-03  3.9695867E-02  2.9831644E-02  3.1149538E-03  7.5741112E-05  4.0933719E-05
 3.9649440E-05  7.1853367E-05  2.9747266E-03  4.9655554E-03  5.7573581E-03  4.8482725E-03  3.7573484E-02  2.8213603E-02  2.9747266E-03  7.1853367E-05  3.9649440E-05
 3.8300099E-05  6.8079269E-05  2.8397546E-03  4.7947287E-03  5.5478157E-03  4.3578298E-03  3.5553073E-02  2.6674818E-02  2.8397546E-03  6.8079269E-05  3.8300099E-05
 3.6908708E-05  6.4430836E-05  2.7099144E-03  4.6265899E-03  5.3425829E-03  3.9211291E-03  3.3630534E-02  2.5212007E-02  2.7099144E-03  6.4430836E-05  3.6908708E-05
 3.5495689E-05  6.0918049E-05  2.5850799E-03  4.4613408E-03  5.1418115E-03  3.5322113E-03  3.1801861E-02  2.3821972E-02  2.5850799E-03  6.0918049E-05  3.5495689E-05
 3.4080339E-05  5.7550309E-05  2.4651243E-03  4.2989797E-03  4.9454498E-03  3.1857401E-03  3.0063334E-02  2.2501785E-02  2.4651243E-03  5.7550309E-05  3.4080339E-05
 3.2587208E-05  5.4243991E-05  2.3498410E-03  4.1399820E-03  4.7539137E-03  2.8769408E-03  2.8411180E-02  2.1248308E-02  2.3498410E-03  5.4243991E-05  3.2587208E-05
 3.1144835E-05  5.1117140E-05  2.2391984E-03  3.9842637E-03  4.5670844E-03  2.6015483E-03  2.6841521E-02  2.0058595E-02  2.2391984E-03  5.1117140E-05  3.1144835E-05
 2.9723004E-05  4.8131752E-05  2.1330304E-03  3.8319975E-03  4.3850811E-03  2.3557663E-03  2.5350891E-02  1.8929854E-02  2.1330304E-03  4.8131752E-05  2.9723004E-05
 2.8328936E-05  4.5287166E-05  2.0312043E-03  3.6832817E-03  4.2079547E-03  2.1362153E-03  2.3935846E-02  1.7859359E-02  2.0312043E-03  4.5287166E-05  2.8328936E-05
 2.6969882E-05  4.2583188E-05  1.9335888E-03  3.5382010E-03  4.0357432E-03  1.9398956E-03  2.2593047E-02  1.6844471E-02  1.9335888E-03  4.2583188E-05  2.6969882E-05
 2.5651305E-05  4.0018282E-05  1.8400532E-03  3.3968163E-03  3.8684613E-03  1.7641499E-03  2.1319276E-02  1.5882651E-02  1.8400532E-03  4.0018282E-05  2.5651305E-05
 2.4377751E-05  3.7590404E-05  1.7504677E-03  3.2590998E-03  3.7060363E-03  1.6066234E-03  2.0111498E-02  1.4971526E-02  1.7504677E-03  3.7590404E-05  2.4377751E-05
 2.3155340E-05  3.5299454E-05  1.6647060E-03  3.1251720E-03  3.5485448E-03  1.4652358E-03  1.8966616E-02  1.4108645E-02  1.6647060E-03  3.5299454E-05  2.3155340E-05
 2.1914604E-05  3.3070651E-05  1.5825808E-03  2.9951382E-03  3.3960485E-03  1.3381497E-03  1.7881911E-02  1.3291805E-02  1.5825808E-03  3.3070651E-05  2.1914604E-05
 0.0000000E+00  8.8501484E-05  6.0434031E-03  8.5350003E-03  1.0240782E-02  3.1822496E-02  8.5941899E-02  6.5050611E-02  6.0434031E-03  8.8501484E-05  0.0000000E+00
 6.6454302E-06  8.8986563E-05  5.8074152E-03  8.3505929E-03  9.9833781E-03  2.8506532E-02  8.1744443E-02  6.1819538E-02  5.8074152E-03  8.8986563E-05  6.6454302E-06
 1.2241979E-05  8.8799277E-05  5.5777802E-03  8.1613577E-03  9.7234888E-03  2.5506147E-02  7.7718012E-02  5.8723314E-02  5.5777802E-03  8.8799277E-05  1.2241979E-05
 1.6900408E-05  8.8032149E-05  5.3545345E-03  7.9680424E-03  9.4618410E-03  2.2797440E-02  7.3858321E-02  5.5758372E-02  5.3545345E-03  8.8032149E-05  1.6900408E-05
 2.0723891E-05  8.6770517E-05  5.1376956E-03  7.7713643E-03  9.1991272E-03  2.0357313E-02  7.0160946E-02  5.2921056E-02  5.1376956E-03  8.6770517E-05  2.0723891E-05
 2.3807999E-05  8.5092563E-05  4.9272631E-03  7.5720108E-03  8.9360064E-03  1.8163608E-02  6.6621352E-02  5.0207625E-02  4.9272632E-03  8.5092563E-05  2.3807999E-05
 2.6240748E-05  8.3069405E-05  4.7232200E-03  7.3706349E-03  8.6730989E-03  1.6195219E-02  6.3234944E-02  4.7614308E-02  4.7232200E-03  8.3069405E-05  2.6240748E-05
 2.8102973E-05  8.0765501E-05  4.5255337E-03  7.1678570E-03  8.4109897E-03  1.4432187E-02  5.9997051E-02  4.5137286E-02  4.5255338E-03  8.0765501E-05  2.8102973E-05
 2.9468890E-05  7.8239233E-05  4.3341579E-03  6.9642626E-03  8.1502255E-03  1.2855783E-02  5.6902981E-02  4.2772732E-02  4.3341579E-03  7.8239233E-05  2.9468890E-05
 3.0405702E-05  7.5542537E-05  4.1490327E-03  6.7604032E-03  7.8913166E-03  1.1448420E-02  5.3948026E-02  4.0516819E-02  4.1490327E-03  7.5542537E-05  3.0405702E-05
 3.0974807E-05  7.2722118E-05  3.9700869E-03  6.5567961E-03  7.6347372E-03  1.0193767E-02  5.1127480E-02  3.8365732E-02  3.9700869E-03  7.2722118E-05  3.0974807E-05
 3.1232142E-05  6.9819806E-05  3.7972392E-03  6.3539250E-03  7.3809258E-03  9.0766964E-03  4.8436657E-02  3.6315685E-02  3.7972392E-03  6.9819806E-05  3.1232142E-05
 3.1215213E-05  6.6859816E-05  3.6303872E-03  6.1522013E-03  7.1302441E-03  8.0832945E-03  4.5870999E-02  3.4362996E-02  3.6303872E-03  6.6859816E-05  3.1215213E-05
 3.0971569E-05  6.3876693E-05  3.4694338E-03  5.9520492E-03  6.8830694E-03  7.2007647E-03  4.3425892E-02  3.2503955E-02  3.4694338E-03  6.3876693E-05  3.0971569E-05
 3.0541640E-05  6.0898518E-05  3.3142723E-03  5.7538521E-03  6.6397361E-03  6.4174197E-03  4.1096803E-02  3.0734922E-02  3.3142723E-03  6.0898518E-05  3.0541640E-05
 2.9959008E-05  5.7947135E-05  3.1647876E-03  5.5579541E-03  6.4005383E-03  5.7226179E-03  3.8879285E-02  2.9052338E-02  3.1647876E-03  5.7947135E-05  2.9959008E-05
 2.9253142E-05  5.5040856E-05  3.0208590E-03  5.3646684E-03  6.1657378E-03  5.1067045E-03  3.6768980E-02  2.7452718E-02  3.0208590E-03  5.5040856E-05  2.9253142E-05
 2.8450321E-05  5.2195352E-05  2.8823618E-03  5.1742781E-03  5.9355669E-03  4.5609662E-03  3.4761615E-02  2.5932652E-02  2.8823618E-03  5.2195352E-05  2.8450321E-05
 2.7572929E-05  4.9422948E-05  2.7491671E-03  4.9870374E-03  5.7102280E-03  4.0775234E-03  3.2853012E-02  2.4488817E-02  2.7491671E-03  4.9422948E-05  2.7572929E-05
 2.6641020E-05  4.6734164E-05  2.6211433E-03  4.8031738E-03  5.4898973E-03  3.6493098E-03  3.1039097E-02  2.3117974E-02  2.6211433E-03  4.6734164E-05  2.6641020E-05
 2.5672101E-05  4.4137486E-05  2.4981570E-03  4.6228890E-03  5.2747250E-03  3.2699882E-03  2.9315893E-02  2.1816970E-02  2.4981570E-03  4.4137486E-05  2.5672101E-05
 2.4682512E-05  4.1640729E-05  2.3800740E-03  4.4463616E-03  5.0648386E-03  2.9339055E-03  2.7679536E-02  2.0582746E-02  2.3800740E-03  4.1640729E-05  2.4682512E-05
 2.3686669E-05  3.9250265E-05  2.2667595E-03  4.2737479E-03  4.8603431E-03  2.6360107E-03  2.6126262E-02  1.9412330E-02  2.2667595E-03  3.9250265E-05  2.3686669E-05
 2.2698545E-05  3.6972483E-05  2.1580789E-03  4.1050032E-03  4.6611436E-03  2.3718167E-03  2.4652595E-02  1.8303019E-02  2.1580789E-03  3.6972483E-05  2.2698545E-05
 2.1640027E-05  3.4722705E-05  2.0538148E-03  3.9405457E-03  4.4676167E-03  2.1373407E-03  2.3255020E-02  1.7251918E-02  2.0538148E-03  3.4722705E-05  2.1640027E-05
 2.0634228E-05  3.2616474E-05  1.9539375E-03  3.7802546E-03  4.2795825E-03  1.9290580E-03  2.1929916E-02  1.6256306E-02  1.9539375E-03  3.2616474E-05  2.0634228E-05
 1.9648253E-05  3.0614867E-05  1.8582746E-03  3.6242522E-03  4.0971188E-03  1.7438491E-03  2.0674081E-02  1.5313634E-02  1.8582746E-03  3.0614867E-05  1.9648253E-05
 1.8686608E-05  2.8716456E-05  1.7666904E-03  3.4725901E-03  3.9202297E-03  1.5789632E-03  1.9484338E-02  1.4421411E-02  1.7666904E-03  2.8716456E-05  1.8686608E-05
 1.7754222E-05  2.6920598E-05  1.6790516E-03  3.3253062E-03  3.7489071E-03  1.4319767E-03  1.8357614E-02  1.3577235E-02  1.6790516E-03  2.6920598E-05  1.7754222E-05
 1.6854572E-05  2.5225559E-05  1.5952262E-03  3.1824156E-03  3.5831205E-03  1.3007581E-03  1.7290960E-02  1.2778805E-02  1.5952262E-03  2.5225559E-05  1.6854572E-05
 1.5990548E-05  2.3629347E-05  1.5150843E-03  3.0438519E-03  3.4227589E-03  1.1834325E-03  1.6281603E-02  1.2023976E-02  1.5150843E-03  2.3629347E-05  1.5990548E-05
 1.5166776E-05  2.2132017E-05  1.4384997E-03  2.9096857E-03  3.2678495E-03  1.0783554E-03  1.5326723E-02  1.1310537E-02  1.4384997E-03  2.2132017E-05  1.5166776E-05
 1.4315732E-05  2.0661927E-05  1.3652884E-03  2.7799726E-03  3.1184139E-03  9.8408466E-04  1.4423852E-02  1.0636513E-02  1.3652884E-03  2.0661927E-05  1.4315732E-05
 0.0000000E+00  5.7369290E-05  5.4692716E-03  8.8306140E-03  1.0358921E-02  2.5919826E-02  7.2757070E-02  5.4599031E-02  5.4692716E-03  5.7369290E-05  0.0000000E+00
 4.4969678E-06  5.7569412E-05  5.2469950E-03  8.6031337E-03  1.0063149E-02  2.3070874E-02  6.9075042E-02  5.1789429E-02  5.2469950E-03  5.7569412E-05  4.4969678E-06
 8.2642312E-06  5.7322731E-05  5.0312085E-03  8.3727360E-03  9.7668056E-03  2.0511763E-02  6.5550772E-02  4.9103177E-02  5.0312085E-03  5.7322731E-05  8.2642312E-06
 1.1380698E-05  5.6693083E-05  4.8219054E-03  8.1402145E-03  9.4706520E-03  1.8218250E-02  6.2179815E-02  4.6536613E-02  4.8219054E-03  5.6693083E-05  1.1380698E-05
 1.3919891E-05  5.5739357E-05  4.6190628E-03  7.9063192E-03  9.1754035E-03  1.6167207E-02  5.8957636E-02  4.4086019E-02  4.6190628E-03  5.5739357E-05  1.3919891E-05
 1.5949874E-05  5.4515450E-05  4.4226432E-03  7.6717572E-03  8.8817302E-03  1.4336727E-02  5.5879640E-02  4.1747643E-02  4.4226432E-03  5.4515450E-05  1.5949874E-05
 1.7533221E-05  5.3070266E-05  4.2325951E-03  7.4371880E-03  8.5902496E-03  1.2706190E-02  5.2941192E-02  3.9517716E-02  4.2325951E-03  5.3070266E-05  1.7533221E-05
 1.8727348E-05  5.1448059E-05  4.0488545E-03  7.2032285E-03  8.3015359E-03  1.1256329E-02  5.0137641E-02  3.7392467E-02  4.0488545E-03  5.1448059E-05  1.8727348E-05
 1.9584992E-05  4.9688924E-05  3.8713460E-03  6.9704495E-03  8.0161139E-03  9.9692681E-03  4.7464341E-02  3.5368142E-02  3.8713460E-03  4.9688924E-05  1.9584992E-05
 2.0153568E-05  4.7828167E-05  3.6999835E-03  6.7393784E-03  7.7344629E-03  8.8284112E-03  4.4916663E-02  3.3441013E-02  3.6999835E-03  4.7828167E-05  2.0153568E-05
 2.0476388E-05  4.5897520E-05  3.5346720E-03  6.5105001E-03  7.4570191E-03  7.8185145E-03  4.2490014E-02  3.1607390E-02  3.5346720E-03  4.5897520E-05  2.0476388E-05
 2.0592794E-05  4.3925283E-05  3.3753085E-03  6.2842593E-03  7.1841759E-03  6.9256122E-03  4.0179844E-02  2.9863631E-02  3.3753085E-03  4.3925283E-05  2.0592794E-05
 2.0527049E-05  4.1925349E-05  3.2217702E-03  6.0610148E-03  6.9162439E-03  6.1369942E-03  3.7981758E-02  2.8206227E-02  3.2217702E-03  4.1925349E-05  2.0527049E-05
 2.0312793E-05  3.9921301E-05  3.0739432E-03  5.8411414E-03  6.6535442E-03  5.4410934E-03  3.5891325E-02  2.6631646E-02  3.0739432E-03  3.9921301E-05  2.0312793E-05
 1.9978233E-05  3.7931848E-05  2.9317058E-03  5.6249663E-03  6.3963509E-03  4.8274546E-03  3.3904218E-02  2.5136448E-02  2.9317058E-03  3.7931848E-05  1.9978233E-05
 1.9546310E-05  3.5970961E-05  2.7949292E-03  5.4127725E-03  6.1448937E-03  4.2866547E-03  3.2016216E-02  2.3717284E-02  2.7949292E-03  3.5970961E-05  1.9546310E-05
 1.9037032E-05  3.4050165E-05  2.6634811E-03  5.2048081E-03  5.8993676E-03  3.8102313E-03  3.0223194E-02  2.2370892E-02  2.6634811E-03  3.4050165E-05  1.9037032E-05
 1.8468342E-05  3.2179391E-05  2.5372267E-03  5.0012894E-03  5.6599356E-03  3.3906207E-03  2.8521132E-02  2.1094098E-02  2.5372267E-03  3.2179391E-05  1.8468342E-05
 1.7855210E-05  3.0366052E-05  2.4160281E-03  4.8024010E-03  5.4267294E-03  3.0210510E-03  2.6906116E-02  1.9883818E-02  2.4160281E-03  3.0366052E-05  1.7855210E-05
 1.7211203E-05  2.8616600E-05  2.2997467E-03  4.6082998E-03  5.1998527E-03  2.6955068E-03  2.5374342E-02  1.8737062E-02  2.2997467E-03  2.8616600E-05  1.7211203E-05
 1.6548152E-05  2.6936175E-05  2.1882429E-03  4.4191154E-03  4.9793832E-03  2.4086461E-03  2.3922117E-02  1.7650932E-02  2.1882429E-03  2.6936175E-05  1.6548152E-05
 1.5877469E-05  2.5329903E-05  2.0813776E-03  4.2349540E-03  4.7653748E-03  2.1557450E-03  2.2545861E-02  1.6622626E-02  2.0813776E-03  2.5329903E-05  1.5877469E-05
 1.5209229E-05  2.3801969E-05  1.9790117E-03  4.0558986E-03  4.5578591E-03  1.9326238E-03  2.1242104E-02  1.5649433E-02  1.9790117E-03  2.3801969E-05  1.5209229E-05
 1.4553625E-05  2.2357058E-05  1.8810079E-03  3.8818580E-03  4.3566941E-03  1.7356018E-03  2.0007645E-02  1.4728890E-02  1.8810079E-03  2.2357058E-05  1.4553625E-05
 1.3829671E-05  2.0909077E-05  1.7871529E-03  3.7131516E-03  4.1621593E-03  1.5614401E-03  1.8839279E-02  1.3858386E-02  1.7871529E-03  2.0909077E-05  1.3829671E-05
 1.3157801E-05  1.9573448E-05  1.6974081E-03  3.5496001E-03  3.9740139E-03  1.4073019E-03  1.7733689E-02  1.3035457E-02  1.6974081E-03  1.9573448E-05  1.3157801E-05
 1.2502936E-05  1.8310622E-05  1.6116033E-03  3.3912570E-03  3.7922680E-03  1.2706900E-03  1.6687969E-02  1.2257814E-02  1.6116033E-03  1.8310622E-05  1.2502936E-05
 1.1867741E-05  1.7119034E-05  1.5296033E-03  3.2381079E-03  3.6168605E-03  1.1494261E-03  1.5699237E-02  1.1523226E-02  1.5296033E-03  1.7119034E-05  1.1867741E-05
 1.1255592E-05  1.5998118E-05  1.4512758E-03  3.0901258E-03  3.4477186E-03  1.0416050E-03  1.4764720E-02  1.0829547E-02  1.4512758E-03  1.5998118E-05  1.1255592E-05
 1.0668666E-05  1.4946385E-05  1.3764903E-03  2.9472644E-03  3.2847517E-03  9.4556495E-04  1.3881762E-02  1.0174729E-02  1.3764903E-03  1.4946385E-05  1.0668666E-05
 1.0108798E-05  1.3962258E-05  1.3051187E-03  2.8094140E-03  3.1278062E-03  8.5985417E-04  1.3047865E-02  9.5568612E-03  1.3051187E-03  1.3962258E-05  1.0108798E-05
 9.5797102E-06  1.3046294E-05  1.2370373E-03  2.6765710E-03  2.9768359E-03  7.8320979E-04  1.2260511E-02  8.9739938E-03  1.2370373E-03  1.3046294E-05  9.5797102E-06
 9.0149699E-06  1.2128956E-05  1.1720698E-03  2.5487368E-03  2.8318081E-03  7.1453188E-04  1.1517510E-02  8.4243881E-03  1.1720698E-03  1.2128956E-05  9.0149699E-06
 0.0000000E+00  3.4012061E-05  4.9353983E-03  9.0960956E-03  1.0460281E-02  2.0671290E-02  6.0856868E-02  4.5227237E-02  4.9353983E-03  3.4012061E-05  0.0000000E+00
 2.8830448E-06  3.4105429E-05  4.7266622E-03  8.8149933E-03  1.0115571E-02  1.8267812E-02  5.7675732E-02  4.2825743E-02  4.7266622E-03  3.4105429E-05  2.8830448E-06
 5.2878461E-06  3.3920050E-05  4.5244778E-03  8.5345369E-03  9.7737898E-03  1.6127421E-02  5.4637076E-02  4.0534363E-02  4.5244778E-03  3.3920050E-05  5.2878461E-06
 7.2665722E-06  3.3496385E-05  4.3288030E-03  8.2554336E-03  9.4356146E-03  1.4225514E-02  5.1736474E-02  3.8349503E-02  4.3288030E-03  3.3496385E-05  7.2665722E-06
 8.8680809E-06  3.2872012E-05  4.1395825E-03  7.9783363E-03  9.1016629E-03  1.2539006E-02  4.8969457E-02  3.6267547E-02  4.1395825E-03  3.2872012E-05  8.8680809E-06
 1.0137747E-05  3.2081466E-05  3.9567482E-03  7.7038438E-03  8.7724950E-03  1.1046380E-02  4.6331536E-02  3.4284883E-02  3.9567482E-03  3.2081466E-05  1.0137747E-05
 1.1117346E-05  3.1156141E-05  3.7802208E-03  7.4325023E-03  8.4486156E-03  9.7276913E-03  4.3818217E-02  3.2397904E-02  3.7802209E-03  3.1156141E-05  1.1117346E-05
 1.1845327E-05  3.0124556E-05  3.6099106E-03  7.1648080E-03  8.1304769E-03  8.5645845E-03  4.1425022E-02  3.0603034E-02  3.6099106E-03  3.0124556E-05  1.1845327E-05
 1.2357199E-05  2.9012757E-05  3.4457188E-03  6.9012068E-03  7.8184778E-03  7.5402783E-03  3.9147509E-02  2.8896731E-02  3.4457188E-03  2.9012757E-05  1.2357199E-05
 1.2684743E-05  2.7843518E-05  3.2875377E-03  6.6420976E-03  7.5129688E-03  6.6393861E-03  3.6981275E-02  2.7275500E-02  3.2875377E-03  2.7843518E-05  1.2684743E-05
 1.2857257E-05  2.6637590E-05  3.1352529E-03  6.3878342E-03  7.2142531E-03  5.8479725E-03  3.4921978E-02  2.5735904E-02  3.1352529E-03  2.6637590E-05  1.2857257E-05
 1.2900529E-05  2.5412673E-05  2.9887428E-03  6.1387254E-03  6.9225889E-03  5.1534352E-03  3.2965349E-02  2.4274572E-02  2.9887428E-03  2.5412673E-05  1.2900529E-05
 1.2827129E-05  2.4173699E-05  2.8478715E-03  5.8950193E-03  6.6381691E-03  4.5444494E-03  3.1107260E-02  2.2888247E-02  2.8478716E-03  2.4173699E-05  1.2827129E-05
 1.2660758E-05  2.2937113E-05  2.7125105E-03  5.6569536E-03  6.3611787E-03  4.0108300E-03  2.9343589E-02  2.1573694E-02  2.7125105E-03  2.2937113E-05  1.2660758E-05
 1.2420771E-05  2.1715444E-05  2.5825253E-03  5.4247237E-03  6.0917590E-03  3.5434805E-03  2.7670321E-02  2.0327768E-02  2.5825253E-03  2.1715444E-05  1.2420771E-05
 1.2122045E-05  2.0517152E-05  2.4577764E-03  5.1984862E-03  5.8300121E-03  3.1342968E-03  2.6083559E-02  1.9147420E-02  2.4577764E-03  2.0517152E-05  1.2122045E-05
 1.1777487E-05  1.9349113E-05  2.3381222E-03  4.9783656E-03  5.5760078E-03  2.7760823E-03  2.4579510E-02  1.8029692E-02  2.3381222E-03  1.9349113E-05  1.1777487E-05
 1.1398799E-05  1.8217371E-05  2.2234198E-03  4.7644575E-03  5.3297868E-03  2.4624703E-03  2.3154489E-02  1.6971716E-02  2.2234198E-03  1.8217371E-05  1.1398799E-05
 1.0995522E-05  1.7126162E-05  2.1135246E-03  4.5568289E-03  5.0913618E-03  2.1878260E-03  2.1804924E-02  1.5970716E-02  2.1135246E-03  1.7126162E-05  1.0995522E-05
 1.0575640E-05  1.6078509E-05  2.0082917E-03  4.3555231E-03  4.8607226E-03  1.9471927E-03  2.0527354E-02  1.5024010E-02  2.0082917E-03  1.6078509E-05  1.0575640E-05
 1.0147678E-05  1.5078302E-05  1.9075775E-03  4.1605583E-03  4.6378330E-03  1.7362158E-03  1.9318432E-02  1.4129010E-02  1.9075775E-03  1.5078302E-05  1.0147678E-05
 9.7191264E-06  1.4128715E-05  1.8112390E-03  3.9719330E-03  4.4226390E-03  1.5510766E-03  1.8174924E-02  1.3283218E-02  1.8112390E-03  1.4128715E-05  9.7191264E-06
 9.2968236E-06  1.3232567E-05  1.7191343E-03  3.7896256E-03  4.2150666E-03  1.3884340E-03  1.7093708E-02  1.2484231E-02  1.7191343E-03  1.3232567E-05  9.2968236E-06
 8.8879541E-06  1.2393318E-05  1.6311237E-03  3.6135012E-03  4.0149298E-03  1.2453711E-03  1.6071869E-02  1.1729829E-02  1.6311237E-03  1.2393318E-05  8.8879541E-06
 8.4160567E-06  1.1530668E-05  1.5470009E-03  3.4437183E-03  3.8223430E-03  1.1193428E-03  1.5106591E-02  1.1017746E-02  1.5470009E-03  1.1530668E-05  8.4160567E-06
 7.9913998E-06  1.0752039E-05  1.4667164E-03  3.2800334E-03  3.6370058E-03  1.0081471E-03  1.4194889E-02  1.0345807E-02  1.4667164E-03  1.0752039E-05  7.9913998E-06
 7.5792239E-06  1.0019510E-05  1.3901033E-03  3.1224143E-03  3.4588413E-03  9.0985137E-04  1.3334181E-02  9.7119999E-03  1.3901033E-03  1.0019510E-05  7.5792239E-06
 7.1820387E-06  9.3327905E-06  1.3170278E-03  2.9707657E-03  3.2877067E-03  8.2279168E-04  1.2521911E-02  9.1143715E-03  1.3170278E-03  9.3327905E-06  7.1820387E-06
 6.8017590E-06  8.6912036E-06  1.2473588E-03  2.8249845E-03  3.1234533E-03  7.4552208E-04  1.1755623E-02  8.5510495E-03  1.2473588E-03  8.6912036E-06  6.8017590E-06
 6.4396755E-06  8.0936472E-06  1.1809676E-03  2.6849542E-03  2.9659201E-03  6.7679176E-04  1.1032973E-02  8.0202494E-03  1.1809676E-03  8.0936472E-06  6.4396755E-06
 6.0968610E-06  7.5389834E-06  1.1177284E-03  2.5505171E-03  2.8149067E-03  6.1551584E-04  1.0351750E-02  7.5203000E-03  1.1177284E-03  7.5389834E-06  6.0968610E-06
 5.7762468E-06  7.0281174E-06  1.0575197E-03  2.4215853E-03  2.6702829E-03  5.6075764E-04  9.7097568E-03  7.0495256E-03  1.0575197E-03  7.0281174E-06  5.7762468E-06
 5.4189832E-06  6.4999825E-06  1.0001765E-03  2.2980931E-03  2.5319513E-03  5.1170749E-04  9.1050735E-03  6.6064198E-03  1.0001765E-03  6.4999825E-06  5.4189832E-06
 0.0000000E+00  1.7579952E-05  4.4321744E-03  9.1626069E-03  1.0375142E-02  1.5973778E-02  5.0364363E-02  3.7055850E-02  4.4321744E-03  1.7579952E-05  0.0000000E+00
 1.7201023E-06  1.7649572E-05  4.2370089E-03  8.8332670E-03  9.9858996E-03  1.4014194E-02  4.7653317E-02  3.5033057E-02  4.2370090E-03  1.7649572E-05  1.7201023E-06
 3.1501140E-06  1.7559648E-05  4.0484241E-03  8.5087605E-03  9.6038417E-03  1.2284736E-02  4.5068189E-02  3.3106211E-02  4.0484241E-03  1.7559648E-05  3.1501140E-06
 4.3213898E-06  1.7333099E-05  3.8663427E-03  8.1895817E-03  9.2294199E-03  1.0761461E-02  4.2604811E-02  3.1271997E-02  3.8663428E-03  1.7333099E-05  4.3213898E-06
 5.2636496E-06  1.6991574E-05  3.6906771E-03  7.8761736E-03  8.8630303E-03  9.4223185E-03  4.0258996E-02  2.9527098E-02  3.6906771E-03  1.6991574E-05  5.2636496E-06
 6.0047268E-06  1.6555203E-05  3.5213293E-03  7.5689295E-03  8.5050157E-03  8.2471083E-03  3.8026554E-02  2.7868204E-02  3.5213294E-03  1.6555203E-05  6.0047268E-06
 6.5703531E-06  1.6042383E-05  3.3581928E-03  7.2681951E-03  8.1556689E-03  7.2174118E-03  3.5903313E-02  2.6292032E-02  3.3581928E-03  1.6042383E-05  6.5703531E-06
 6.9843871E-06  1.5470008E-05  3.2011526E-03  6.9742706E-03  7.8152349E-03  6.3165346E-03  3.3885132E-02  2.4795332E-02  3.2011527E-03  1.5470008E-05  6.9843871E-06
 7.2691602E-06  1.4853814E-05  3.0500875E-03  6.6874119E-03  7.4839121E-03  5.5294179E-03  3.1967915E-02  2.3374900E-02  3.0500875E-03  1.4853814E-05  7.2691602E-06
 7.4443675E-06  1.4207262E-05  2.9048691E-03  6.4078323E-03  7.1618546E-03  4.8424664E-03  3.0147623E-02  2.2027586E-02  2.9048691E-03  1.4207262E-05  7.4443675E-06
 7.5283687E-06  1.3542840E-05  2.7653642E-03  6.1357049E-03  6.8491760E-03  4.2435206E-03  2.8420284E-02  2.0750299E-02  2.7653642E-03  1.3542840E-05  7.5283687E-06
 7.5401603E-06  1.2873974E-05  2.6314381E-03  5.8711766E-03  6.5459603E-03  3.7217258E-03  2.6781987E-02  1.9540000E-02  2.6314381E-03  1.2873974E-05  7.5401603E-06
 7.4796396E-06  1.2195390E-05  2.5029357E-03  5.6143264E-03  6.2522298E-03  3.2674344E-03  2.5228997E-02  1.8393797E-02  2.5029357E-03  1.2195390E-05  7.4796396E-06
 7.3644228E-06  1.1519806E-05  2.3797169E-03  5.3652311E-03  5.9679983E-03  2.8720810E-03  2.3757573E-02  1.7308801E-02  2.3797169E-03  1.1519806E-05  7.3644228E-06
 7.2073423E-06  1.0855489E-05  2.2616363E-03  5.1239309E-03  5.6932442E-03  2.5280991E-03  2.2364093E-02  1.6282217E-02  2.2616363E-03  1.0855489E-05  7.2073423E-06
 7.0173554E-06  1.0207125E-05  2.1485450E-03  4.8904360E-03  5.4279167E-03  2.2288220E-03  2.1045043E-02  1.5311344E-02  2.1485450E-03  1.0207125E-05  7.0173554E-06
 6.8021692E-06  9.5784340E-06  2.0402931E-03  4.6647311E-03  5.1719403E-03  1.9683933E-03  1.9797015E-02  1.4393565E-02  2.0402931E-03  9.5784340E-06  6.8021692E-06
 6.5690232E-06  8.9729397E-06  1.9367309E-03  4.4467782E-03  4.9252171E-03  1.7416738E-03  1.8616712E-02  1.3526353E-02  1.9367309E-03  8.9729397E-06  6.5690232E-06
 6.3234750E-06  8.3927442E-06  1.8377084E-03  4.2365174E-03  4.6876284E-03  1.5441777E-03  1.7500939E-02  1.2707266E-02  1.8377084E-03  8.3927442E-06  6.3234750E-06
 6.0714152E-06  7.8405280E-06  1.7430771E-03  4.0338677E-03  4.4590351E-03  1.3719883E-03  1.6446616E-02  1.1933953E-02  1.7430771E-03  7.8405280E-06  6.0714152E-06
 5.8171908E-06  7.3176687E-06  1.6526892E-03  3.8387355E-03  4.2392869E-03  1.2217036E-03  1.5450766E-02  1.1204146E-02  1.6526892E-03  7.3176687E-06  5.8171908E-06
 5.5662748E-06  6.8268928E-06  1.5663997E-03  3.6510090E-03  4.0282160E-03  1.0903594E-03  1.4510526E-02  1.0515667E-02  1.5663997E-03  6.8268928E-06  5.5662748E-06
 5.3234439E-06  6.3704484E-06  1.4840652E-03  3.4705624E-03  3.8256419E-03  9.7539445E-04  1.3623135E-02  9.8664242E-03  1.4840652E-03  6.3704484E-06  5.3234439E-06
 5.0943381E-06  5.9516578E-06  1.4055454E-03  3.2971885E-03  3.6313035E-03  8.7458928E-04  1.2786009E-02  9.2544768E-03  1.4055455E-03  5.9516578E-06  5.0943381E-06
 4.7965404E-06  5.4853423E-06  1.3306361E-03  3.1309251E-03  3.4452072E-03  7.8602404E-04  1.1996708E-02  8.6778852E-03  1.3306361E-03  5.4853423E-06  4.7965404E-06
 4.5453547E-06  5.0855403E-06  1.2592868E-03  2.9714536E-03  3.2669577E-03  7.0805971E-04  1.1252579E-02  8.1347487E-03  1.2592868E-03  5.0855403E-06  4.5453547E-06
 4.3045926E-06  4.7139633E-06  1.1913338E-03  2.8186593E-03  3.0964006E-03  6.3925619E-04  1.0551367E-02  7.6233348E-03  1.1913339E-03  4.7139633E-06  4.3045926E-06
 4.0740638E-06  4.3687129E-06  1.1266446E-03  2.6723738E-03  2.9333214E-03  5.7839309E-04  9.8908427E-03  7.1419634E-03  1.1266446E-03  4.3687129E-06  4.0740638E-06
 3.8557218E-06  4.0501879E-06  1.0650909E-03  2.5324229E-03  2.7774998E-03  5.2441713E-04  9.2688674E-03  6.6890264E-03  1.0650909E-03  4.0501879E-06  3.8557218E-06
 3.6503790E-06  3.7577774E-06  1.0065473E-03  2.3986253E-03  2.6287111E-03  4.7642356E-04  8.6834033E-03  6.2629949E-03  1.0065473E-03  3.7577774E-06  3.6503790E-06
 3.4588164E-06  3.4909612E-06  9.5089138E-04  2.2707729E-03  2.4867043E-03  4.3363255E-04  8.1325269E-03  5.8624339E-03  9.5089138E-04  3.4909612E-06  3.4588164E-06
 3.2836381E-06  3.2511721E-06  8.9800558E-04  2.1487112E-03  2.3512841E-03  3.9537736E-04  7.6143430E-03  5.4859184E-03  8.9800558E-04  3.2511721E-06  3.2836381E-06
 3.0641090E-06  2.9761498E-06  8.4773261E-04  2.0323251E-03  2.2223070E-03  3.6108431E-04  7.1272059E-03  5.1321705E-03  8.4773261E-04  2.9761498E-06  3.0641090E-06
 0.0000000E+00  6.7234983E-06  3.9568129E-03  8.9834201E-03  1.0039311E-02  1.1899523E-02  4.1315864E-02  3.0104192E-02  3.9568129E-03  6.7234983E-06  0.0000000E+00
 9.1747063E-07  6.7970149E-06  3.7758252E-03  8.6198139E-03  9.6205219E-03  1.0366632E-02  3.9026325E-02  2.8415408E-02  3.7758252E-03  6.7970149E-06  9.1747063E-07
 1.6788520E-06  6.7927656E-06  3.6013307E-03  8.2647300E-03  9.2126392E-03  9.0250371E-03  3.6846929E-02  2.6809405E-02  3.6013307E-03  6.7927656E-06  1.6788520E-06
 2.3003271E-06  6.7211949E-06  3.4332253E-03  7.9184611E-03  8.8158917E-03  7.8531187E-03  3.4773809E-02  2.5283162E-02  3.4332253E-03  6.7211949E-06  2.3003271E-06
 2.7976414E-06  6.5926014E-06  3.2713963E-03  7.5812523E-03  8.4304604E-03  6.8312482E-03  3.2803101E-02  2.3833671E-02  3.2713963E-03  6.5926014E-06  2.7976414E-06
 3.1858161E-06  6.4168501E-06  3.1157231E-03  7.2533003E-03  8.0564761E-03  5.9416828E-03  3.0930954E-02  2.2457944E-02  3.1157231E-03  6.4168501E-06  3.1858161E-06
 3.4789019E-06  6.2031241E-06  2.9660781E-03  6.9347577E-03  7.6940236E-03  5.1684545E-03  2.9153548E-02  2.1153027E-02  2.9660781E-03  6.2031241E-06  3.4789019E-06
 3.6901478E-06  5.9600887E-06  2.8223281E-03  6.6257351E-03  7.3431456E-03  4.4972605E-03  2.7467105E-02  1.9916005E-02  2.8223281E-03  5.9600887E-06  3.6901478E-06
 3.8322723E-06  5.6961576E-06  2.6843347E-03  6.3263045E-03  7.0038454E-03  3.9153309E-03  2.5867903E-02  1.8744017E-02  2.6843347E-03  5.6961576E-06  3.8322723E-06
 3.9163675E-06  5.4183914E-06  2.5519551E-03  6.0364999E-03  6.6760885E-03  3.4112955E-03  2.4352282E-02  1.7634256E-02  2.5519551E-03  5.4183914E-06  3.9163675E-06
 3.9530910E-06  5.1336829E-06  2.4250431E-03  5.7563220E-03  6.3598068E-03  2.9750859E-03  2.2916655E-02  1.6583977E-02  2.4250431E-03  5.1336829E-06  3.9530910E-06
 3.9536386E-06  4.8497024E-06  2.3034517E-03  5.4857448E-03  6.0549050E-03  2.5978122E-03  2.1557508E-02  1.5590496E-02  2.3034517E-03  4.8497024E-06  3.9536386E-06
 3.9135501E-06  4.5586858E-06  2.1870177E-03  5.2246935E-03  5.7612439E-03  2.2716457E-03  2.0271486E-02  1.4651255E-02  2.1870177E-03  4.5586858E-06  3.9135501E-06
 3.8442325E-06  4.2689984E-06  2.0755933E-03  4.9730902E-03  5.4786780E-03  1.9897165E-03  1.9055243E-02  1.3763710E-02  2.0755933E-03  4.2689984E-06  3.8442325E-06
 3.7536573E-06  3.9857954E-06  1.9690265E-03  4.7308289E-03  5.2070345E-03  1.7460147E-03  1.7905541E-02  1.2925408E-02  1.9690265E-03  3.9857954E-06  3.7536573E-06
 3.6466932E-06  3.7113286E-06  1.8671633E-03  4.4977800E-03  4.9461197E-03  1.5352978E-03  1.6819257E-02  1.2133982E-02  1.8671633E-03  3.7113286E-06  3.6466932E-06
 3.5275015E-06  3.4473407E-06  1.7698501E-03  4.2737957E-03  4.6957224E-03  1.3530069E-03  1.5793367E-02  1.1387147E-02  1.7698501E-03  3.4473407E-06  3.5275015E-06
 3.4002295E-06  3.1957488E-06  1.6769346E-03  4.0587127E-03  4.4556173E-03  1.1951718E-03  1.4824949E-02  1.0682700E-02  1.6769346E-03  3.1957488E-06  3.4002295E-06
 3.2678099E-06  2.9574324E-06  1.5882651E-03  3.8523525E-03  4.2255657E-03  1.0583729E-03  1.3911183E-02  1.0018519E-02  1.5882651E-03  2.9574324E-06  3.2678099E-06
 3.1338826E-06  2.7341482E-06  1.5036926E-03  3.6545238E-03  4.0053170E-03  9.3964602E-04  1.3049357E-02  9.3925628E-03  1.5036926E-03  2.7341482E-06  3.1338826E-06
 3.0008716E-06  2.5265961E-06  1.4230694E-03  3.4650267E-03  3.7946140E-03  8.3644481E-04  1.2236858E-02  8.8028718E-03  1.4230694E-03  2.5265961E-06  3.0008716E-06
 2.8726091E-06  2.3370368E-06  1.3462514E-03  3.2836508E-03  3.5931910E-03  7.4656542E-04  1.1471172E-02  8.2475652E-03  1.3462514E-03  2.3370368E-06  2.8726091E-06
 2.7525045E-06  2.1674550E-06  1.2730968E-03  3.1101781E-03  3.4007754E-03  6.6812726E-04  1.0749889E-02  7.7248406E-03  1.2730968E-03  2.1674550E-06  2.7525045E-06
 2.6450024E-06  2.0210114E-06  1.2034675E-03  2.9443367E-03  3.2170428E-03  5.9951309E-04  1.0070743E-02  7.2330196E-03  1.2034675E-03  2.0210114E-06  2.6450024E-06
 2.4684158E-06  1.8142036E-06  1.1371695E-03  2.7860607E-03  3.0418892E-03  5.3933601E-04  9.4316357E-03  6.7704557E-03  1.1371695E-03  1.8142036E-06  2.4684158E-06
 2.3354298E-06  1.6594125E-06  1.0741457E-03  2.6349653E-03  2.8748648E-03  4.8642841E-04  8.8302402E-03  6.3355117E-03  1.0741457E-03  1.6594125E-06  2.3354298E-06
 2.2096797E-06  1.5190097E-06  1.0142397E-03  2.4908676E-03  2.7157446E-03  4.3976384E-04  8.2646134E-03  5.9267119E-03  1.0142397E-03  1.5190097E-06  2.2096797E-06
 2.0906775E-06  1.3915991E-06  9.5732325E-04  2.3535363E-03  2.5642533E-03  3.9848655E-04  7.7328276E-03  5.5426240E-03  9.5732325E-04  1.3915991E-06  2.0906775E-06
 1.9798910E-06  1.2778399E-06  9.0327265E-04  2.2227392E-03  2.4201147E-03  3.6186254E-04  7.2330386E-03  5.1818810E-03  9.0327265E-04  1.2778399E-06  1.9798910E-06
 1.8778199E-06  1.1775035E-06  8.5196717E-04  2.0982432E-03  2.2830539E-03  3.2926643E-04  6.7634940E-03  4.8431859E-03  8.5196717E-04  1.1775035E-06  1.8778199E-06
 1.7849953E-06  1.0904677E-06  8.0328963E-04  1.9798014E-03  2.1527842E-03  3.0016287E-04  6.3225371E-03  4.5253179E-03  8.0328963E-04  1.0904677E-06  1.7849953E-06
 1.7037143E-06  1.0184609E-06  7.5712747E-04  1.8672051E-03  2.0290580E-03  2.7409812E-04  5.9085511E-03  4.2270789E-03  7.5712747E-04  1.0184609E-06  1.7037143E-06
 1.5777024E-06  9.0425946E-07  7.1333341E-04  1.7602967E-03  1.9116889E-03  2.5068429E-04  5.5201358E-03  3.9473952E-03  7.1333341E-04  9.0425946E-07  1.5777024E-06
 0.0000000E+00 -2.5932655E-08  3.5162389E-03  8.5724288E-03  9.4705208E-03  8.5207652E-03  3.3573991E-02  2.4236399E-02  3.5162388E-03 -2.5932655E-08  0.0000000E+00
 3.8898561E-07  6.8241955E-08  3.3491486E-03  8.1890005E-03  9.0379373E-03  7.3679265E-03  3.1657122E-02  2.2838400E-02  3.3491486E-03  6.8241955E-08  3.8898561E-07
 7.1294890E-07  1.3718386E-07  3.1883879E-03  7.8173235E-03  8.6193631E-03  6.3676173E-03  2.9835928E-02  2.1511309E-02  3.1883878E-03  1.3718386E-07  7.1294890E-07
 9.7751261E-07  1.8293970E-07  3.0338350E-03  7.4574744E-03  8.2148074E-03  5.5013359E-03  2.8106833E-02  2.0252385E-02  3.0338350E-03  1.8293970E-07  9.7751261E-07
 1.1886808E-06  2.0816212E-07  2.8853616E-03  7.1094861E-03  7.8242346E-03  4.7524653E-03  2.6466274E-02  1.9058907E-02  2.8853615E-03  2.0816212E-07  1.1886808E-06
 1.3525423E-06  2.1580819E-07  2.7428326E-03  6.7733483E-03  7.4475650E-03  4.1061478E-03  2.4910727E-02  1.7928190E-02  2.7428325E-03  2.1580819E-07  1.3525423E-06
 1.4751549E-06  2.0901801E-07  2.6061077E-03  6.4490129E-03  7.0846798E-03  3.5491566E-03  2.3436707E-02  1.6857588E-02  2.6061077E-03  2.0901801E-07  1.4751549E-06
 1.5624497E-06  1.9101172E-07  2.4750422E-03  6.1363960E-03  6.7354250E-03  3.0697611E-03  2.2040789E-02  1.5844507E-02  2.4750422E-03  1.9101172E-07  1.5624497E-06
 1.6200768E-06  1.6492752E-07  2.3494875E-03  5.8353820E-03  6.3996143E-03  2.6575991E-03  2.0719607E-02  1.4886403E-02  2.3494874E-03  1.6492752E-07  1.6200768E-06
 1.6535825E-06  1.3399186E-07  2.2292919E-03  5.5458266E-03  6.0770327E-03  2.3035520E-03  1.9469867E-02  1.3980794E-02  2.2292919E-03  1.3399186E-07  1.6535825E-06
 1.6686389E-06  1.0174060E-07  2.1143023E-03  5.2675605E-03  5.7674392E-03  1.9996246E-03  1.8288356E-02  1.3125262E-02  2.1143023E-03  1.0174060E-07  1.6686389E-06
 1.6569714E-06  5.7947163E-08  2.0043522E-03  5.0003777E-03  5.4705689E-03  1.7388287E-03  1.7171991E-02  1.2317496E-02  2.0043522E-03  5.7947163E-08  1.6569714E-06
 1.6352945E-06  1.7498845E-08  1.8992961E-03  4.7440798E-03  5.1861466E-03  1.5150777E-03  1.6117679E-02  1.1555177E-02  1.8992961E-03  1.7498845E-08  1.6352945E-06
 1.6027946E-06 -2.2059462E-08  1.7989734E-03  4.4984324E-03  4.9138740E-03  1.3230872E-03  1.5122488E-02  1.0836113E-02  1.7989734E-03 -2.2059462E-08  1.6027946E-06
 1.5620136E-06 -5.9689517E-08  1.7032269E-03  4.2631903E-03  4.6534410E-03  1.1582814E-03  1.4183564E-02  1.0158174E-02  1.7032269E-03 -5.9689517E-08  1.5620136E-06
 1.5152418E-06 -9.4468935E-08  1.6119003E-03  4.0380959E-03  4.4045268E-03  1.0167111E-03  1.3298150E-02  9.5193066E-03  1.6119003E-03 -9.4468935E-08  1.5152418E-06
 1.4646689E-06 -1.2544823E-07  1.5248387E-03  3.8228824E-03  4.1668010E-03  8.9497582E-04  1.2463586E-02  8.9175321E-03  1.5248387E-03 -1.2544823E-07  1.4646689E-06
 1.4122817E-06 -1.5176102E-07  1.4418887E-03  3.6172731E-03  3.9399278E-03  7.9015626E-04  1.1677309E-02  8.3509477E-03  1.4418887E-03 -1.5176102E-07  1.4122817E-06
 1.3602284E-06 -1.7226649E-07  1.3628993E-03  3.4209856E-03  3.7235653E-03  6.9975139E-04  1.0936852E-02  7.8177251E-03  1.3628993E-03 -1.7226649E-07  1.3602284E-06
 1.2979019E-06 -1.9853052E-07  1.2877132E-03  3.2337358E-03  3.5173811E-03  6.2162425E-04  1.0239879E-02  7.3161342E-03  1.2877132E-03 -1.9853052E-07  1.2979019E-06
 1.2394316E-06 -2.1719322E-07  1.2161928E-03  3.0552330E-03  3.3210202E-03  5.5395375E-04  9.5840844E-03  6.8444704E-03  1.2161928E-03 -2.1719322E-07  1.2394316E-06
 1.1822572E-06 -2.3156013E-07  1.1481922E-03  2.8851865E-03  3.1341418E-03  4.9518346E-04  8.9673009E-03  6.4011352E-03  1.1481922E-03 -2.3156013E-07  1.1822572E-06
 1.1271454E-06 -2.4151566E-07  1.0835708E-03  2.7233058E-03  2.9564019E-03  4.4399790E-04  8.3874463E-03  5.9845915E-03  1.0835708E-03 -2.4151566E-07  1.1271454E-06
 1.0736173E-06 -2.4811915E-07  1.0221903E-03  2.5692991E-03  2.7874624E-03  3.9928193E-04  7.8425303E-03  5.5933760E-03  1.0221903E-03 -2.4811915E-07  1.0736173E-06
 1.0230284E-06 -2.5052522E-07  9.6391735E-04  2.4228789E-03  2.6269873E-03  3.6007997E-04  7.3306501E-03  5.2260892E-03  9.6391735E-04 -2.5052522E-07  1.0230284E-06
 9.7605617E-07 -2.4849950E-07  9.0862130E-04  2.2837528E-03  2.4746383E-03  3.2559875E-04  6.8499937E-03  4.8814022E-03  9.0862130E-04 -2.4849950E-07  9.7605617E-07
 9.2138092E-07 -2.5381122E-07  8.5616782E-04  2.1516556E-03  2.3301143E-03  2.9515624E-04  6.3988450E-03  4.5580522E-03  8.5616782E-04 -2.5381122E-07  9.2138092E-07
 8.7349410E-07 -2.5224971E-07  8.0644229E-04  2.0262934E-03  2.1930703E-03  2.6818549E-04  5.9755304E-03  4.2548169E-03  8.0644229E-04 -2.5224971E-07  8.7349410E-07
 8.2821564E-07 -2.4831408E-07  7.5932243E-04  1.9073981E-03  2.0632010E-03  2.4419761E-04  5.5784887E-03  3.9705532E-03  7.5932242E-04 -2.4831408E-07  8.2821564E-07
 7.8562037E-07 -2.4218502E-07  7.1469223E-04  1.7947020E-03  1.9401982E-03  2.2278607E-04  5.2062278E-03  3.7041684E-03  7.1469223E-04 -2.4218502E-07  7.8562037E-07
 7.4527417E-07 -2.3451645E-07  6.7243874E-04  1.6879421E-03  1.8237651E-03  2.0360758E-04  4.8573272E-03  3.4546278E-03  6.7243874E-04 -2.3451645E-07  7.4527417E-07
 7.0813349E-07 -2.2453362E-07  6.3245405E-04  1.5868628E-03  1.7136100E-03  1.8636608E-04  4.5304388E-03  3.2209475E-03  6.3245405E-04 -2.2453362E-07  7.0813349E-07
 6.6852288E-07 -2.1808764E-07  5.9463015E-04  1.4912145E-03  1.6094529E-03  1.7081873E-04  4.2242957E-03  3.0022049E-03  5.9463015E-04 -2.1808764E-07  6.6852288E-07
 0.0000000E+00 -3.6596112E-06  3.1031759E-03  7.9363872E-03  8.6863790E-03  5.8202884E-03  2.6990975E-02  1.9319814E-02  3.1031759E-03 -3.6596112E-06  0.0000000E+00
 6.7197741E-08 -3.5485082E-06  2.9498070E-03  7.5502898E-03  8.2572856E-03  4.9902277E-03  2.5403430E-02  1.8174232E-02  2.9498070E-03 -3.5485082E-06  6.7197741E-08
 1.2655455E-07 -3.4320347E-06  2.8025918E-03  7.1784308E-03  7.8445348E-03  4.2770664E-03  2.3897945E-02  1.7088631E-02  2.8025918E-03 -3.4320347E-06  1.2655455E-07
 1.7694577E-07 -3.3131933E-06  2.6613891E-03  6.8206501E-03  7.4478954E-03  3.6655542E-03  2.2471293E-02  1.6060587E-02  2.6613891E-03 -3.3131933E-06  1.7694577E-07
 2.1812660E-07 -3.1939548E-06  2.5260528E-03  6.4767562E-03  7.0671033E-03  3.1421527E-03  2.1120274E-02  1.5087705E-02  2.5260528E-03 -3.1939548E-06  2.1812660E-07
 2.5044365E-07 -3.0755515E-06  2.3964321E-03  6.1465284E-03  6.7018659E-03  2.6948963E-03  1.9841724E-02  1.4167623E-02  2.3964321E-03 -3.0755515E-06  2.5044365E-07
 2.7472085E-07 -2.9585983E-06  2.2723728E-03  5.8297206E-03  6.3518644E-03  2.3132554E-03  1.8632529E-02  1.3298021E-02  2.2723728E-03 -2.9585983E-06  2.7472085E-07
 2.9215567E-07 -2.8432028E-06  2.1537178E-03  5.5260638E-03  6.0167581E-03  1.9879982E-03  1.7489634E-02  1.2476626E-02  2.1537178E-03 -2.8432028E-06  2.9215567E-07
 3.0416256E-07 -2.7291292E-06  2.0403081E-03  5.2352691E-03  5.6961871E-03  1.7110647E-03  1.6410047E-02  1.1701221E-02  2.0403081E-03 -2.7291292E-06  3.0416256E-07
 3.1254961E-07 -2.6156283E-06  1.9319832E-03  4.9570311E-03  5.3897752E-03  1.4754445E-03  1.5390848E-02  1.0969641E-02  1.9319832E-03 -2.6156283E-06  3.1254961E-07
 3.1974929E-07 -2.5012143E-06  1.8285824E-03  4.6910310E-03  5.0971321E-03  1.2750610E-03  1.4429194E-02  1.0279783E-02  1.8285824E-03 -2.5012143E-06  3.1974929E-07
 3.1350640E-07 -2.3989676E-06  1.7299335E-03  4.4369243E-03  4.8178563E-03  1.1046661E-03  1.3522374E-02  9.6296509E-03  1.7299335E-03 -2.3989676E-06  3.1350640E-07
 3.0892572E-07 -2.2945541E-06  1.6358858E-03  4.1943822E-03  4.5515426E-03  9.5974204E-04  1.2667665E-02  9.0172354E-03  1.6358858E-03 -2.2945541E-06  3.0892572E-07
 3.0265920E-07 -2.1919711E-06  1.5462753E-03  3.9630518E-03  4.2977770E-03  8.3641247E-04  1.1862498E-02  8.4406462E-03  1.5462753E-03 -2.1919711E-06  3.0265920E-07
 2.9529909E-07 -2.0911993E-06  1.4609425E-03  3.7425791E-03  4.0561425E-03  7.3136121E-04  1.1104379E-02  7.8980526E-03  1.4609425E-03 -2.0911993E-06  2.9529909E-07
 2.8746430E-07 -1.9921167E-06  1.3797297E-03  3.5326064E-03  3.8262207E-03  6.4176037E-04  1.0390904E-02  7.3876910E-03  1.3797297E-03 -1.9921167E-06  2.8746430E-07
 2.7991216E-07 -1.8943925E-06  1.3024815E-03  3.3327754E-03  3.6075928E-03  5.6520395E-04  9.7197620E-03  6.9078672E-03  1.3024815E-03 -1.8943925E-06  2.7991216E-07
 2.7341038E-07 -1.7976206E-06  1.2290452E-03  3.1427262E-03  3.3998428E-03  4.9965248E-04  9.0887302E-03  6.4569566E-03  1.2290452E-03 -1.7976206E-06  2.7341038E-07
 2.6906633E-07 -1.7009946E-06  1.1592708E-03  2.9621010E-03  3.2025569E-03  4.4337958E-04  8.4956766E-03  6.0334014E-03  1.1592708E-03 -1.7009946E-06  2.6906633E-07
 2.5563133E-07 -1.6160608E-06  1.0930029E-03  2.7905440E-03  3.0153341E-03  3.9492861E-04  7.9385928E-03  5.6357369E-03  1.0930029E-03 -1.6160608E-06  2.5563133E-07
 2.4641059E-07 -1.5296746E-06  1.0301068E-03  2.6277063E-03  2.8377654E-03  3.5307444E-04  7.4154873E-03  5.2625103E-03  1.0301068E-03 -1.5296746E-06  2.4641059E-07
 2.3825721E-07 -1.4451603E-06  9.7043947E-04  2.4732406E-03  2.6694568E-03  3.1678028E-04  6.9245056E-03  4.9123725E-03  9.7043947E-04 -1.4451603E-06  2.3825721E-07
 2.3143823E-07 -1.3623767E-06  9.1386395E-04  2.3268068E-03  2.5100190E-03  2.8518394E-04  6.4638664E-03  4.5840264E-03  9.1386395E-04 -1.3623767E-06  2.3143823E-07
 2.2515370E-07 -1.2822188E-06  8.6024609E-04  2.1880693E-03  2.3590738E-03  2.5756388E-04  6.0318713E-03  4.2762402E-03  8.6024609E-04 -1.2822188E-06  2.2515370E-07
 2.2054214E-07 -1.2036081E-06  8.0945710E-04  2.0567013E-03  2.2162503E-03  2.3330526E-04  5.6269008E-03  3.9878385E-03  8.0945710E-04 -1.2036081E-06  2.2054214E-07
 2.1776572E-07 -1.1264145E-06  7.6137101E-04  1.9323779E-03  2.0811813E-03  2.1190976E-04  5.2474172E-03  3.7177078E-03  7.6137101E-04 -1.1264145E-06  2.1776572E-07
 2.0666762E-07 -1.0608570E-06  7.1585980E-04  1.8148021E-03  1.9535376E-03  1.9295004E-04  4.8919675E-03  3.4647926E-03  7.1585980E-04 -1.0608570E-06  2.0666762E-07
 2.0013999E-07 -9.9397814E-07  6.7281301E-04  1.7036564E-03  1.8329553E-03  1.7607801E-04  4.5591381E-03  3.2280732E-03  6.7281301E-04 -9.9397814E-07  2.0013999E-07
 1.9436861E-07 -9.2958659E-07  6.3211441E-04  1.5986503E-03  1.7191109E-03  1.6099375E-04  4.2476134E-03  3.0065980E-03  6.3211441E-04 -9.2958659E-07  1.9436861E-07
 1.8937444E-07 -8.6762090E-07  5.9365383E-04  1.4994984E-03  1.6116824E-03  1.4745268E-04  3.9561397E-03  2.7994600E-03  5.9365383E-04 -8.6762090E-07  1.8937444E-07
 1.8475021E-07 -8.0843666E-07  5.5732443E-04  1.4059227E-03  1.5103619E-03  1.3525037E-04  3.6835259E-03  2.6058018E-03  5.5732443E-04 -8.0843666E-07  1.8475021E-07
 1.8132533E-07 -7.5113821E-07  5.2302432E-04  1.3176558E-03  1.4148498E-03  1.2421047E-04  3.4286450E-03  2.4248102E-03  5.2302432E-04 -7.5113821E-07  1.8132533E-07
 1.7434583E-07 -7.0042478E-07  4.9065245E-04  1.2344394E-03  1.3248612E-03  1.1419176E-04  3.1904388E-03  2.2557234E-03  4.9065245E-04 -7.0042478E-07  1.7434583E-07
 0.0000000E+00 -5.1771885E-06  2.7139046E-03  7.1277334E-03  7.7410866E-03  3.7204393E-03  2.1429981E-02  1.5225896E-02  2.7139046E-03 -5.1771885E-06  0.0000000E+00
-1.0867186E-07 -5.0586401E-06  2.5746631E-03  6.7561649E-03  7.3327428E-03  3.1569189E-03  2.0131206E-02  1.4297611E-02  2.5746631E-03 -5.0586401E-06 -1.0867186E-07
-1.9309282E-07 -4.9193695E-06  2.4412892E-03  6.4001072E-03  6.9418178E-03  2.6785746E-03  1.8902022E-02  1.3419553E-02  2.4412892E-03 -4.9193695E-06 -1.9309282E-07
-2.5815501E-07 -4.7649476E-06  2.3136322E-03  6.0592330E-03  6.5679118E-03  2.2733841E-03  1.7739530E-02  1.2589582E-02  2.3136322E-03 -4.7649476E-06 -2.5815501E-07
-3.0764007E-07 -4.5997373E-06  2.1915376E-03  5.7331921E-03  6.2106026E-03  1.9308138E-03  1.6640868E-02  1.1805597E-02  2.1915376E-03 -4.5997373E-06 -3.0764007E-07
-3.4448244E-07 -4.4271641E-06  2.0748477E-03  5.4216146E-03  5.8694490E-03  1.6416752E-03  1.5603222E-02  1.1065533E-02  2.0748477E-03 -4.4271641E-06 -3.4448244E-07
-3.7088128E-07 -4.2498350E-06  1.9634022E-03  5.1241149E-03  5.5439940E-03  1.3979891E-03  1.4623835E-02  1.0367369E-02  1.9634022E-03 -4.2498350E-06 -3.7088128E-07
-3.8843107E-07 -4.0696751E-06  1.8570396E-03  4.8402935E-03  5.2337684E-03  1.1928500E-03  1.3700012E-02  9.7091385E-03  1.8570396E-03 -4.0696751E-06 -3.8843107E-07
-3.9829942E-07 -3.8881113E-06  1.7555968E-03  4.5697404E-03  4.9382933E-03  1.0203108E-03  1.2829124E-02  9.0889212E-03  1.7555968E-03 -3.8881113E-06 -3.9829942E-07
-4.0113862E-07 -3.7059888E-06  1.6589109E-03  4.3120377E-03  4.6570831E-03  8.7526802E-04  1.2008618E-02  8.5048571E-03  1.6589109E-03 -3.7059888E-06 -4.0113862E-07
-3.9697276E-07 -3.5234615E-06  1.5668192E-03  4.0667623E-03  4.3896469E-03  7.5335626E-04  1.1236015E-02  7.9551421E-03  1.5668192E-03 -3.5234615E-06 -3.9697276E-07
-3.9579330E-07 -3.3507012E-06  1.4791520E-03  3.8334901E-03  4.1355040E-03  6.5085868E-04  1.0508941E-02  7.4380515E-03  1.4791520E-03 -3.3507012E-06 -3.9579330E-07
-3.8820985E-07 -3.1782648E-06  1.3957558E-03  3.6117920E-03  3.8941556E-03  5.6461951E-04  9.8250532E-03  6.9518865E-03  1.3957558E-03 -3.1782648E-06 -3.8820985E-07
-3.7765363E-07 -3.0096149E-06  1.3164684E-03  3.4012422E-03  3.6651175E-03  4.9196907E-04  9.1821277E-03  6.4950345E-03  1.3164684E-03 -3.0096149E-06 -3.7765363E-07
-3.6463680E-07 -2.8452317E-06  1.2411323E-03  3.2014169E-03  3.4479074E-03  4.3065683E-04  8.5780164E-03  6.0659409E-03  1.2411323E-03 -2.8452317E-06 -3.6463680E-07
-3.4949351E-07 -2.6853849E-06  1.1695922E-03  3.0118961E-03  3.2420488E-03  3.7879166E-04  8.0106543E-03  5.6631130E-03  1.1695922E-03 -2.6853849E-06 -3.4949351E-07
-3.3230916E-07 -2.5300675E-06  1.1016960E-03  2.8322656E-03  3.0470719E-03  3.3478801E-04  7.4780615E-03  5.2851198E-03  1.1016960E-03 -2.5300675E-06 -3.3230916E-07
-3.1307237E-07 -2.3791507E-06  1.0372943E-03  2.6621165E-03  2.8625159E-03  2.9732346E-04  6.9783406E-03  4.9305932E-03  1.0372943E-03 -2.3791507E-06 -3.1307237E-07
-2.9141559E-07 -2.2321262E-06  9.7624139E-04  2.5010474E-03  2.6879286E-03  2.6529542E-04  6.5096753E-03  4.5982243E-03  9.7624140E-04 -2.2321262E-06 -2.9141559E-07
-2.7696405E-07 -2.0985231E-06  9.1838872E-04  2.3486711E-03  2.5228803E-03  2.3778857E-04  6.0703528E-03  4.2867788E-03  9.1838872E-04 -2.0985231E-06 -2.7696405E-07
-2.5911455E-07 -1.9675105E-06  8.6360400E-04  2.2045992E-03  2.3669294E-03  2.1404630E-04  5.6586942E-03  3.9950494E-03  8.6360400E-04 -1.9675105E-06 -2.5911455E-07
-2.4067927E-07 -1.8417413E-06  8.1175046E-04  2.0684594E-03  2.2196612E-03  1.9343607E-04  5.2731292E-03  3.7219075E-03  8.1175047E-04 -1.8417413E-06 -2.4067927E-07
-2.2163806E-07 -1.7210095E-06  7.6269675E-04  1.9398886E-03  2.0806686E-03  1.7544388E-04  4.9121562E-03  3.4662733E-03  7.6269676E-04 -1.7210095E-06 -2.2163806E-07
-2.0284997E-07 -1.6059839E-06  7.1631487E-04  1.8185331E-03  1.9495596E-03  1.5964700E-04  4.5743469E-03  3.2271232E-03  7.1631487E-04 -1.6059839E-06 -2.0284997E-07
-1.8346236E-07 -1.4956125E-06  6.7248210E-04  1.7040508E-03  1.8259526E-03  1.4568722E-04  4.2583438E-03  3.0034835E-03  6.7248210E-04 -1.4956125E-06 -1.8346236E-07
-1.6348810E-07 -1.3897045E-06  6.3107882E-04  1.5961076E-03  1.7094768E-03  1.3328487E-04  3.9628588E-03  2.7944317E-03  6.3107882E-04 -1.3897045E-06 -1.6348810E-07
-1.5141051E-07 -1.2965840E-06  5.9198531E-04  1.4943943E-03  1.5997933E-03  1.2220015E-04  3.6866803E-03  2.5990984E-03  5.9198531E-04 -1.2965840E-06 -1.5141051E-07
-1.3651566E-07 -1.2052835E-06  5.5509572E-04  1.3985908E-03  1.4965422E-03  1.1224382E-04  3.4286318E-03  2.4166436E-03  5.5509572E-04 -1.2052835E-06 -1.3651566E-07
-1.2198209E-07 -1.1187973E-06  5.2030126E-04  1.3084029E-03  1.3994003E-03  1.0325239E-04  3.1876206E-03  2.2462858E-03  5.2030126E-04 -1.1187973E-06 -1.2198209E-07
-1.0780194E-07 -1.0369180E-06  4.8749861E-04  1.2235449E-03  1.3080499E-03  9.5096582E-05  2.9626082E-03  2.0872814E-03  4.8749861E-04 -1.0369180E-06 -1.0780194E-07
-9.4323862E-08 -9.5979879E-07  4.5658795E-04  1.1437404E-03  1.2221887E-03  8.7669887E-05  2.7526104E-03  1.9389292E-03  4.5658795E-04 -9.5979879E-07 -9.4323862E-08
-8.0839336E-08 -8.8653631E-07  4.2747423E-04  1.0687253E-03  1.1415249E-03  8.0879964E-05  2.5566984E-03  1.8005659E-03  4.2747423E-04 -8.8653631E-07 -8.0839336E-08
-7.1249000E-08 -8.2085664E-07  4.0006402E-04  9.9824769E-04  1.0657834E-03  7.4655755E-05  2.3740008E-03  1.6715701E-03  4.0006402E-04 -8.2085664E-07 -7.1249000E-08
 0.0000000E+00 -5.3219559E-06  2.3535965E-03  6.2245923E-03  6.7142259E-03  2.1453466E-03  1.6788710E-02  1.1858118E-02  2.3535965E-03 -5.3219559E-06  0.0000000E+00
-1.8607940E-07 -5.2096010E-06  2.2282506E-03  5.8799333E-03  6.3388891E-03  1.7951125E-03  1.5740558E-02  1.1114939E-02  2.2282506E-03 -5.2096010E-06 -1.8607940E-07
-3.3354901E-07 -5.0710788E-06  2.1084312E-03  5.5511391E-03  5.9811001E-03  1.5024981E-03  1.4750475E-02  1.0413185E-02  2.1084312E-03 -5.0710788E-06 -3.3354901E-07
-4.4884964E-07 -4.9127262E-06  1.9939838E-03  5.2377525E-03  5.6403319E-03  1.2586329E-03  1.3815932E-02  9.7510296E-03  1.9939838E-03 -4.9127262E-06 -4.4884964E-07
-5.3729469E-07 -4.7397047E-06  1.8847508E-03  4.9393042E-03  5.3160459E-03  1.0558583E-03  1.2934440E-02  9.1266784E-03  1.8847508E-03 -4.7397047E-06 -5.3729469E-07
-6.0329265E-07 -4.5562287E-06  1.7805725E-03  4.6553159E-03  5.0076953E-03  8.8759270E-04  1.2103560E-02  8.5383723E-03  1.7805725E-03 -4.5562287E-06 -6.0329265E-07
-6.5042066E-07 -4.3656442E-06  1.6812875E-03  4.3853031E-03  4.7147283E-03  7.4820527E-04  1.1320905E-02  7.9843941E-03  1.6812875E-03 -4.3656442E-06 -6.5042066E-07
-6.8151988E-07 -4.1705296E-06  1.5867336E-03  4.1287775E-03  4.4365906E-03  6.3289562E-04  1.0584148E-02  7.4630712E-03  1.5867336E-03 -4.1705296E-06 -6.8151988E-07
-6.9883034E-07 -3.9728346E-06  1.4967484E-03  3.8852494E-03  4.1727283E-03  5.3759574E-04  9.8910255E-03  6.9727781E-03  1.4967484E-03 -3.9728346E-06 -6.9883034E-07
-7.0383892E-07 -3.7737320E-06  1.4111701E-03  3.6542302E-03  3.9225894E-03  4.5886961E-04  9.2393442E-03  6.5119405E-03  1.4111701E-03 -3.7737320E-06 -7.0383892E-07
-6.9709679E-07 -3.5734379E-06  1.3298381E-03  3.4352351E-03  3.6856258E-03  3.9382444E-04  8.6269791E-03  6.0790338E-03  1.3298381E-03 -3.5734379E-06 -6.9709679E-07
-6.9294699E-07 -3.3859971E-06  1.2525851E-03  3.2277765E-03  3.4613007E-03  3.4004065E-04  8.0519191E-03  5.6726212E-03  1.2525851E-03 -3.3859971E-06 -6.9294699E-07
-6.7874756E-07 -3.1983666E-06  1.1792611E-03  3.0313855E-03  3.2490787E-03  2.9549878E-04  7.5121491E-03  5.2912576E-03  1.1792611E-03 -3.1983666E-06 -6.7874756E-07
-6.5966451E-07 -3.0153647E-06  1.1097077E-03  2.8455925E-03  3.0484382E-03  2.5852109E-04  7.0057833E-03  4.9335952E-03  1.1097077E-03 -3.0153647E-06 -6.5966451E-07
-6.3672615E-07 -2.8376539E-06  1.0437718E-03  2.6699386E-03  2.8588669E-03  2.2772051E-04  6.5310009E-03  4.5983331E-03  1.0437718E-03 -2.8376539E-06 -6.3672615E-07
-6.1070298E-07 -2.6656363E-06  9.8130305E-04  2.5039743E-03  2.6798646E-03  2.0195416E-04  6.0860560E-03  4.2842245E-03  9.8130305E-04 -2.6656363E-06 -6.1070298E-07
-5.8205407E-07 -2.4994022E-06  9.2215434E-04  2.3472614E-03  2.5109436E-03  1.8028307E-04  5.6692783E-03  3.9900770E-03  9.2215434E-04 -2.4994022E-06 -5.8205407E-07
-5.5107480E-07 -2.3388793E-06  8.6618206E-04  2.1993721E-03  2.3516295E-03  1.6194199E-04  5.2790705E-03  3.7147522E-03  8.6618206E-04 -2.3388793E-06 -5.5107480E-07
-5.1766790E-07 -2.1836047E-06  8.1324632E-04  2.0598906E-03  2.2014617E-03  1.4630677E-04  4.9139092E-03  3.4571641E-03  8.1324632E-04 -2.1836047E-06 -5.1766790E-07
-4.9121838E-07 -2.0426453E-06  7.6320576E-04  1.9284169E-03  2.0600028E-03  1.3287180E-04  4.5723627E-03  3.2162936E-03  7.6320577E-04 -2.0426453E-06 -4.9121838E-07
-4.6165982E-07 -1.9055412E-06  7.1593354E-04  1.8045586E-03  1.9268131E-03  1.2123032E-04  4.2530252E-03  2.9911391E-03  7.1593355E-04 -1.9055412E-06 -4.6165982E-07
-4.3187705E-07 -1.7748470E-06  6.7129980E-04  1.6879389E-03  1.8014793E-03  1.1104859E-04  3.9545898E-03  2.7807714E-03  6.7129980E-04 -1.7748470E-06 -4.3187705E-07
-4.0197456E-07 -1.6503331E-06  6.2918002E-04  1.5781943E-03  1.6835994E-03  1.0206591E-04  3.6758090E-03  2.5843023E-03  6.2918002E-04 -1.6503331E-06 -4.0197456E-07
-3.7279847E-07 -1.5325229E-06  5.8945328E-04  1.4749737E-03  1.5727889E-03  9.4074250E-05  3.4154989E-03  2.4008914E-03  5.8945328E-04 -1.5325229E-06 -3.7279847E-07
-3.4366779E-07 -1.4204192E-06  5.5200385E-04  1.3779398E-03  1.4686770E-03  8.6898605E-05  3.1725369E-03  2.2297413E-03  5.5200386E-04 -1.4204192E-06 -3.4366779E-07
-3.1466622E-07 -1.3137995E-06  5.1671927E-04  1.2867661E-03  1.3709051E-03  8.0412087E-05  2.9458608E-03  2.0700981E-03  5.1671928E-04 -1.3137995E-06 -3.1466622E-07
-2.9295819E-07 -1.2195650E-06  4.8348823E-04  1.2011505E-03  1.2791455E-03  7.4505389E-05  2.7344737E-03  1.9212529E-03  4.8348823E-04 -1.2195650E-06 -2.9295819E-07
-2.6947046E-07 -1.1283231E-06  4.5221076E-04  1.1207851E-03  1.1930571E-03  6.9097837E-05  2.5374099E-03  1.7825220E-03  4.5221076E-04 -1.1283231E-06 -2.6947046E-07
-2.4689649E-07 -1.0425080E-06  4.2278579E-04  1.0453877E-03  1.1123323E-03  6.4118924E-05  2.3537751E-03  1.6532710E-03  4.2278579E-04 -1.0425080E-06 -2.4689649E-07
-2.2523027E-07 -9.6185308E-07  3.9511728E-04  9.7468522E-04  1.0366718E-03  5.9516583E-05  2.1827210E-03  1.5328976E-03  3.9511728E-04 -9.6185308E-07 -2.2523027E-07
-2.0476031E-07 -8.8639880E-07  3.6911279E-04  9.0841625E-04  9.6579202E-04  5.5249172E-05  2.0234461E-03  1.4208352E-03  3.6911279E-04 -8.8639880E-07 -2.0476031E-07
-1.8488906E-07 -8.1530832E-07  3.4468440E-04  8.4633190E-04  8.9942078E-04  5.1279880E-05  1.8751957E-03  1.3165489E-03  3.4468440E-04 -8.1530832E-07 -1.8488906E-07
-1.6875432E-07 -7.5150223E-07  3.2174643E-04  7.8819629E-04  8.3730264E-04  4.7583034E-05  1.7372629E-03  1.2195382E-03  3.2174643E-04 -7.5150223E-07 -1.6875432E-07
 0.0000000E+00 -4.7203094E-06  2.0271441E-03  5.2836907E-03  5.6650180E-03  1.0322091E-03  1.2974686E-02  9.1284246E-03  2.0271442E-03 -4.7203094E-06  0.0000000E+00
-2.0262718E-07 -4.6226186E-06  1.9148886E-03  4.9755232E-03  5.3318674E-03  8.4223330E-04  1.2138286E-02  8.5384143E-03  1.9148886E-03 -4.6226186E-06 -2.0262718E-07
-3.6357778E-07 -4.4991847E-06  1.8077904E-03  4.6826369E-03  5.0154471E-03  6.8752445E-04  1.1349995E-02  7.9824820E-03  1.8077904E-03 -4.4991847E-06 -3.6357778E-07
-4.8941797E-07 -4.3560320E-06  1.7056987E-03  4.4045109E-03  4.7151701E-03  5.6205356E-04  1.0607599E-02  7.4590463E-03  1.7056988E-03 -4.3560320E-06 -4.8941797E-07
-5.8569735E-07 -4.1981550E-06  1.6084597E-03  4.1406195E-03  4.4304461E-03  4.6069995E-04  9.9089273E-03  6.9665585E-03  1.6084597E-03 -4.1981550E-06 -5.8569735E-07
-6.5712504E-07 -4.0296987E-06  1.5159174E-03  3.8904348E-03  4.1606841E-03  3.7913837E-04  9.2518649E-03  6.5035095E-03  1.5159174E-03 -4.0296987E-06 -6.5712504E-07
-7.0764136E-07 -3.8540342E-06  1.4279143E-03  3.6534294E-03  3.9052945E-03  3.1373399E-04  8.6343479E-03  6.0684293E-03  1.4279144E-03 -3.8540342E-06 -7.0764136E-07
-7.4053342E-07 -3.6738777E-06  1.3442926E-03  3.4290786E-03  3.6636926E-03  2.6144559E-04  8.0543752E-03  5.6598933E-03  1.3442926E-03 -3.6738777E-06 -7.4053342E-07
-7.5858885E-07 -3.4914470E-06  1.2648940E-03  3.2168623E-03  3.4352994E-03  2.1974900E-04  7.5100071E-03  5.2765213E-03  1.2648940E-03 -3.4914470E-06 -7.5858885E-07
-7.6407955E-07 -3.3084475E-06  1.1895608E-03  3.0162666E-03  3.2195444E-03  1.8655720E-04  6.9993696E-03  4.9169815E-03  1.1895608E-03 -3.3084475E-06 -7.6407955E-07
-7.5874284E-07 -3.1260555E-06  1.1181366E-03  2.8267857E-03  3.0158662E-03  1.6015166E-04  6.5206573E-03  4.5799909E-03  1.1181366E-03 -3.1260555E-06 -7.5874284E-07
-7.4920692E-07 -2.9503902E-06  1.0504638E-03  2.6479327E-03  2.8237285E-03  1.3913148E-04  6.0721353E-03  4.2643160E-03  1.0504638E-03 -2.9503902E-06 -7.4920692E-07
-7.3185062E-07 -2.7772522E-06  9.8639189E-04  2.4792137E-03  2.6425834E-03  1.2235738E-04  5.6521303E-03  3.9687712E-03  9.8639190E-04 -2.7772522E-06 -7.3185062E-07
-7.0947673E-07 -2.6089332E-06  9.2576948E-04  2.3201586E-03  2.4719133E-03  1.0890956E-04  5.2590434E-03  3.6922219E-03  9.2576948E-04 -2.6089332E-06 -7.0947673E-07
-6.8323458E-07 -2.4460731E-06  8.6844860E-04  2.1703074E-03  2.3112114E-03  9.8051529E-05  4.8913433E-03  3.4335826E-03  8.6844861E-04 -2.4460731E-06 -6.8323458E-07
-6.5401567E-07 -2.2890691E-06  8.1428447E-04  2.0292131E-03  2.1599862E-03  8.9196868E-05  4.5475670E-03  3.1918165E-03  8.1428447E-04 -2.2890691E-06 -6.5401567E-07
-6.2242663E-07 -2.1380492E-06  7.6313568E-04  1.8964431E-03  2.0177620E-03  8.1881197E-05  4.2263187E-03  2.9659345E-03  7.6313569E-04 -2.1380492E-06 -6.2242663E-07
-5.8894296E-07 -1.9930262E-06  7.1486435E-04  1.7715782E-03  1.8840793E-03  7.5742628E-05  3.9262682E-03  2.7549954E-03  7.1486436E-04 -1.9930262E-06 -5.8894296E-07
-5.5374568E-07 -1.8537343E-06  6.6933641E-04  1.6542136E-03  1.7584945E-03  7.0499026E-05  3.6461503E-03  2.5581038E-03  6.6933641E-04 -1.8537343E-06 -5.5374568E-07
-5.2358422E-07 -1.7265218E-06  6.2641882E-04  1.5439657E-03  1.6405909E-03  6.5933790E-05  3.3847721E-03  2.3744154E-03  6.2641882E-04 -1.7265218E-06 -5.2358422E-07
-4.9152226E-07 -1.6040135E-06  5.8598857E-04  1.4404534E-03  1.5299486E-03  6.1883612E-05  3.1409809E-03  2.2031154E-03  5.8598857E-04 -1.6040135E-06 -4.9152226E-07
-4.5959534E-07 -1.4878612E-06  5.4792286E-04  1.3433187E-03  1.4261776E-03  5.8220547E-05  2.9136976E-03  2.0434412E-03  5.4792286E-04 -1.4878612E-06 -4.5959534E-07
-4.2791815E-07 -1.3778050E-06  5.1210368E-04  1.2522167E-03  1.3289008E-03  5.4855418E-05  2.7018975E-03  1.8946678E-03  5.1210368E-04 -1.3778050E-06 -4.2791815E-07
-3.9720701E-07 -1.2742052E-06  4.7841687E-04  1.1668162E-03  1.2377587E-03  5.1723620E-05  2.5046110E-03  1.7561112E-03  4.7841687E-04 -1.2742052E-06 -3.9720701E-07
-3.6692771E-07 -1.1761869E-06  4.4675326E-04  1.0868010E-03  1.1524069E-03  4.8771866E-05  2.3209217E-03  1.6271241E-03  4.4675326E-04 -1.1761869E-06 -3.6692771E-07
-3.3721760E-07 -1.0835628E-06  4.1700708E-04  1.0118678E-03  1.0725154E-03  4.5972218E-05  2.1499634E-03  1.5070951E-03  4.1700708E-04 -1.0835628E-06 -3.3721760E-07
-3.1360622E-07 -1.0015747E-06  3.8907565E-04  9.4173377E-04  9.9777956E-04  4.3299670E-05  1.9909264E-03  1.3954522E-03  3.8907565E-04 -1.0015747E-06 -3.1360622E-07
-2.8904253E-07 -9.2285705E-07  3.6286373E-04  8.7611697E-04  9.2789042E-04  4.0742170E-05  1.8430298E-03  1.2916452E-03  3.6286373E-04 -9.2285705E-07 -2.8904253E-07
-2.6558392E-07 -8.4919955E-07  3.3827782E-04  8.1475761E-04  8.6256730E-04  3.8287888E-05  1.7055511E-03  1.1951642E-03  3.3827782E-04 -8.4919955E-07 -2.6558392E-07
-2.4321824E-07 -7.8032925E-07  3.1522878E-04  7.5740653E-04  8.0153939E-04  3.5932473E-05  1.5778068E-03  1.1055267E-03  3.1522878E-04 -7.8032925E-07 -2.4321824E-07
-2.2217439E-07 -7.1622975E-07  2.9363118E-04  7.0382614E-04  7.4455086E-04  3.3673895E-05  1.4591535E-03  1.0222799E-03  2.9363118E-04 -7.1622975E-07 -2.2217439E-07
-2.0196440E-07 -6.5618033E-07  2.7340388E-04  6.5379146E-04  6.9135792E-04  3.1509215E-05  1.3489867E-03  9.4499776E-04  2.7340388E-04 -6.5618033E-07 -2.0196440E-07
-1.8501306E-07 -6.0239295E-07  2.5446875E-04  6.0709047E-04  6.4173247E-04  2.9439701E-05  1.2467410E-03  8.7328163E-04  2.5446875E-04 -6.0239295E-07 -1.8501306E-07
 0.0000000E+00 -3.7860005E-06  1.7403365E-03  4.3741383E-03  4.6614003E-03  2.9540039E-04  9.8489314E-03  6.9104209E-03  1.7403365E-03 -3.7860005E-06  0.0000000E+00
-1.8513620E-07 -3.7076318E-06  1.6387423E-03  4.1062187E-03  4.3737956E-03  2.1810402E-04  9.1925586E-03  6.4490266E-03  1.6387423E-03 -3.7076318E-06 -1.8513620E-07
-3.3206195E-07 -3.6070002E-06  1.5421411E-03  3.8524890E-03  4.1015901E-03  1.5926391E-04  8.5754089E-03  6.0152801E-03  1.5421411E-03 -3.6070002E-06 -3.3206195E-07
-4.4664621E-07 -3.4892453E-06  1.4503696E-03  3.6124005E-03  3.8441748E-03  1.1515421E-04  7.9955832E-03  5.6078357E-03  1.4503696E-03 -3.4892453E-06 -4.4664621E-07
-5.3391565E-07 -3.3586730E-06  1.3632625E-03  3.3854056E-03  3.6009433E-03  8.2686318E-05  7.4512271E-03  5.2253802E-03  1.3632625E-03 -3.3586730E-06 -5.3391565E-07
-5.9818588E-07 -3.2188896E-06  1.2806528E-03  3.1709606E-03  3.3712945E-03  5.9319583E-05  6.9405362E-03  4.8666367E-03  1.2806528E-03 -3.2188896E-06 -5.9818588E-07
-6.4309487E-07 -3.0728380E-06  1.2023728E-03  2.9685273E-03  3.1546354E-03  4.2979130E-05  6.4617586E-03  4.5303657E-03  1.2023728E-03 -3.0728380E-06 -6.4309487E-07
-6.7167876E-07 -2.9228754E-06  1.1282551E-03  2.7775758E-03  2.9503823E-03  3.1981949E-05  6.0131993E-03  4.2153689E-03  1.1282551E-03 -2.9228754E-06 -6.7167876E-07
-6.8647992E-07 -2.7708835E-06  1.0581332E-03  2.5975851E-03  2.7579625E-03  2.4980908E-05  5.5932216E-03  3.9204895E-03  1.0581332E-03 -2.7708835E-06 -6.8647992E-07
-6.8947578E-07 -2.6181982E-06  9.9184208E-04  2.4280452E-03  2.5768163E-03  2.0904838E-05  5.2002491E-03  3.6446136E-03  9.9184209E-04 -2.6181982E-06 -6.8947578E-07
-6.8200002E-07 -2.4655320E-06  9.2921876E-04  2.2684581E-03  2.4063974E-03  1.8908663E-05  4.8327667E-03  3.3866709E-03  9.2921877E-04 -2.4655320E-06 -6.8200002E-07
-6.7298191E-07 -2.3212315E-06  8.7010053E-04  2.1183428E-03  2.2461830E-03  1.8339306E-05  4.4893349E-03  3.1456455E-03  8.7010054E-04 -2.3212315E-06 -6.7298191E-07
-6.5601698E-07 -2.1783017E-06  8.1433265E-04  1.9772247E-03  2.0956513E-03  1.8695436E-05  4.1685486E-03  2.9205458E-03  8.1433266E-04 -2.1783017E-06 -6.5601698E-07
-6.3460044E-07 -2.0396904E-06  7.6176046E-04  1.8446493E-03  1.9543071E-03  1.9599346E-05  3.8690836E-03  2.7104374E-03  7.6176047E-04 -2.0396904E-06 -6.3460044E-07
-6.0981070E-07 -1.9059479E-06  7.1223374E-04  1.7201756E-03  1.8216702E-03  2.0773605E-05  3.5896727E-03  2.5144268E-03  7.1223374E-04 -1.9059479E-06 -6.0981070E-07
-5.8247831E-07 -1.7773996E-06  6.6560632E-04  1.6033785E-03  1.6972775E-03  2.2019030E-05  3.3291087E-03  2.3316628E-03  6.6560633E-04 -1.7773996E-06 -5.8247831E-07
-5.5316373E-07 -1.6541241E-06  6.2173636E-04  1.4938486E-03  1.5806837E-03  2.3196984E-05  3.0862441E-03  2.1613361E-03  6.2173636E-04 -1.6541241E-06 -5.5316373E-07
-5.2229297E-07 -1.5360883E-06  5.8048629E-04  1.3911917E-03  1.4714612E-03  2.4218296E-05  2.8599883E-03  2.0026788E-03  5.8048629E-04 -1.5360883E-06 -5.2229297E-07
-4.9001318E-07 -1.4230025E-06  5.4172305E-04  1.2950298E-03  1.3691994E-03  2.5028755E-05  2.6493073E-03  1.8549623E-03  5.4172306E-04 -1.4230025E-06 -4.9001318E-07
-4.6265477E-07 -1.3207996E-06  5.0531750E-04  1.2050052E-03  1.2735133E-03  2.5601441E-05  2.4532300E-03  1.7175027E-03  5.0531750E-04 -1.3207996E-06 -4.6265477E-07
-4.3359974E-07 -1.2224519E-06  4.7114705E-04  1.1207668E-03  1.1840201E-03  2.5930207E-05  2.2708192E-03  1.5896401E-03  4.7114705E-04 -1.2224519E-06 -4.3359974E-07
-4.0480374E-07 -1.1295495E-06  4.3909266E-04  1.0419854E-03  1.1003642E-03  2.6018353E-05  2.1012018E-03  1.4707600E-03  4.3909266E-04 -1.1295495E-06 -4.0480374E-07
-3.7638182E-07 -1.0418575E-06  4.0904006E-04  9.6834540E-04  1.0222040E-03  2.5883765E-05  1.9435508E-03  1.3602797E-03  4.0904007E-04 -1.0418575E-06 -3.7638182E-07
-3.4895391E-07 -9.5966671E-07  3.8087949E-04  8.9954564E-04  9.4921535E-04  2.5549872E-05  1.7970857E-03  1.2576509E-03  3.8087949E-04 -9.5966671E-07 -3.4895391E-07
-3.2207421E-07 -8.8221988E-07  3.5450631E-04  8.3529999E-04  8.8108931E-04  2.5037536E-05  1.6610717E-03  1.1623565E-03  3.5450631E-04 -8.8221988E-07 -3.2207421E-07
-2.9588418E-07 -8.0936539E-07  3.2981981E-04  7.7533572E-04  8.1753198E-04  2.4377086E-05  1.5348158E-03  1.0739091E-03  3.2981981E-04 -8.0936539E-07 -2.9588418E-07
-2.7480872E-07 -7.4526366E-07  3.0672428E-04  7.1939831E-04  7.5827078E-04  2.3592999E-05  1.4176719E-03  9.9185422E-04  3.0672428E-04 -7.4526366E-07 -2.7480872E-07
-2.5313112E-07 -6.8392659E-07  2.8512823E-04  6.6723746E-04  7.0303446E-04  2.2712294E-05  1.3090202E-03  9.1575634E-04  2.8512823E-04 -6.8392659E-07 -2.5313112E-07
-2.3250839E-07 -6.2677338E-07  2.6494469E-04  6.1862233E-04  6.5157547E-04  2.1756524E-05  1.2082876E-03  8.4521277E-04  2.6494469E-04 -6.2677338E-07 -2.3250839E-07
-2.1293119E-07 -5.7356764E-07  2.4609066E-04  5.7333284E-04  6.0365676E-04  2.0747663E-05  1.1149343E-03  7.7984354E-04  2.4609066E-04 -5.7356764E-07 -2.1293119E-07
-1.9458180E-07 -5.2427986E-07  2.2848704E-04  5.3116020E-04  5.5905511E-04  1.9705169E-05  1.0284534E-03  7.1929320E-04  2.2848704E-04 -5.2427986E-07 -1.9458180E-07
-1.7707911E-07 -4.7833009E-07  2.1205901E-04  4.9190753E-04  5.1755902E-04  1.8644491E-05  9.4837031E-04  6.6322828E-04  2.1205901E-04 -4.7833009E-07 -1.7707911E-07
-1.6221058E-07 -4.3732315E-07  1.9673537E-04  4.5539029E-04  4.7897120E-04  1.7580917E-05  8.7424138E-04  6.1133697E-04  1.9673537E-04 -4.3732315E-07 -1.6221058E-07
 0.0000000E+00 -2.7813686E-06  1.4581224E-03  3.5249304E-03  3.7332045E-03 -1.5465570E-04  7.3133754E-03  5.1211395E-03  1.4581224E-03 -2.7813686E-06  0.0000000E+00
-1.5177587E-07 -2.7240337E-06  1.3680534E-03  3.2984169E-03  3.4918156E-03 -1.5771591E-04  6.8087450E-03  4.7672424E-03  1.3680534E-03 -2.7240337E-06 -1.5177587E-07
-2.7202701E-07 -2.6491378E-06  1.2827779E-03  3.0846796E-03  3.2641632E-03 -1.5430913E-04  6.3355275E-03  4.4354243E-03  1.2827779E-03 -2.6491378E-06 -2.7202701E-07
-3.6551786E-07 -2.5606914E-06  1.2021113E-03  2.8831667E-03  3.0496441E-03 -1.4638170E-04  5.8921115E-03  4.1245481E-03  1.2021113E-03 -2.5606914E-06 -3.6551786E-07
-4.3636917E-07 -2.4620830E-06  1.1258692E-03  2.6933330E-03  2.8476630E-03 -1.3547173E-04  5.4769308E-03  3.8335089E-03  1.1258692E-03 -2.4620830E-06 -4.3636917E-07
-4.8814843E-07 -2.3561706E-06  1.0538683E-03  2.5146418E-03  2.6576355E-03 -1.2277576E-04  5.0884686E-03  3.5612370E-03  1.0538683E-03 -2.3561706E-06 -4.8814843E-07
-5.2388347E-07 -2.2452974E-06  9.8592698E-04  2.3465672E-03  2.4789890E-03 -1.0920923E-04  4.7252589E-03  3.3066993E-03  9.8592698E-04 -2.2452974E-06 -5.2388347E-07
-5.4612621E-07 -2.1313557E-06  9.2186622E-04  2.1885948E-03  2.3111646E-03 -9.5459244E-05  4.3858891E-03  3.0689005E-03  9.2186622E-04 -2.1313557E-06 -5.4612621E-07
-5.5704674E-07 -2.0158823E-06  8.6150986E-04  2.0402233E-03  2.1536182E-03 -8.2021997E-05  4.0690011E-03  2.8468841E-03  8.6150986E-04 -2.0158823E-06 -5.5704674E-07
-5.5839280E-07 -1.9000180E-06  8.0468527E-04  1.9009655E-03  2.0058217E-03 -6.9244851E-05  3.7732918E-03  2.6397325E-03  8.0468527E-04 -1.9000180E-06 -5.5839280E-07
-5.5145445E-07 -1.7844724E-06  7.5122373E-04  1.7703491E-03  1.8672633E-03 -5.7359643E-05  3.4975147E-03  2.4465682E-03  7.5122373E-04 -1.7844724E-06 -5.5145445E-07
-5.4255220E-07 -1.6750325E-06  7.0096121E-04  1.6479227E-03  1.7374563E-03 -4.6502653E-05  3.2404828E-03  2.2665556E-03  7.0096122E-04 -1.6750325E-06 -5.4255220E-07
-5.2757671E-07 -1.5670431E-06  6.5373804E-04  1.5332407E-03  1.6159181E-03 -3.6741311E-05  3.0010544E-03  2.0988921E-03  6.5373804E-04 -1.5670431E-06 -5.2757671E-07
-5.0909012E-07 -1.4625743E-06  6.0939961E-04  1.4258812E-03  1.5021933E-03 -2.8090681E-05  2.7781498E-03  1.9428182E-03  6.0939962E-04 -1.4625743E-06 -5.0909012E-07
-4.8799004E-07 -1.3620515E-06  5.6779634E-04  1.3254370E-03  1.3958434E-03 -2.0526473E-05  2.5707407E-03  1.7976110E-03  5.6779634E-04 -1.3620515E-06 -4.8799004E-07
-4.6496814E-07 -1.2657197E-06  5.2878388E-04  1.2315178E-03  1.2964478E-03 -1.3997911E-05  2.3778518E-03  1.6625849E-03  5.2878388E-04 -1.2657197E-06 -4.6496814E-07
-4.4050206E-07 -1.1736346E-06  4.9222323E-04  1.1437503E-03  1.2036041E-03 -8.4372382E-06  2.1985585E-03  1.5370898E-03  4.9222323E-04 -1.1736346E-06 -4.4050206E-07
-4.1498521E-07 -1.0857919E-06  4.5798063E-04  1.0617768E-03  1.1169284E-03 -3.7643787E-06  2.0319858E-03  1.4205114E-03  4.5798063E-04 -1.0857919E-06 -4.1498521E-07
-3.8862698E-07 -1.0020259E-06  4.2592764E-04  9.8525638E-04  1.0360542E-03  1.0507184E-07  1.8773069E-03  1.3122688E-03  4.2592764E-04 -1.0020259E-06 -3.8862698E-07
-3.6587978E-07 -9.2644571E-07  3.9594169E-04  9.1386855E-04  9.6063872E-04  3.2570217E-06  1.7337449E-03  1.2118161E-03  3.9594169E-04 -9.2644571E-07 -3.6587978E-07
-3.4210375E-07 -8.5407077E-07  3.6790489E-04  8.4729949E-04  8.9034394E-04  5.7765496E-06  1.6005585E-03  1.1186333E-03  3.6790489E-04 -8.5407077E-07 -3.4210375E-07
-3.1867062E-07 -7.8596580E-07  3.4170514E-04  7.8525711E-04  8.2485720E-04  7.7417783E-06  1.4770556E-03  1.0322343E-03  3.4170514E-04 -7.8596580E-07 -3.1867062E-07
-2.9567931E-07 -7.2193946E-07  3.1723521E-04  7.2746281E-04  7.6387959E-04  9.2295669E-06  1.3625834E-03  9.5216067E-04  3.1723520E-04 -7.2193946E-07 -2.9567931E-07
-2.7360518E-07 -6.6219618E-07  2.9439282E-04  6.7365208E-04  7.0712884E-04  1.0310510E-05  1.2565283E-03  8.7798222E-04  2.9439282E-04 -6.6219618E-07 -2.7360518E-07
-2.5212311E-07 -6.0615711E-07  2.7308099E-04  6.2357483E-04  6.5433725E-04  1.1044818E-05  1.1583143E-03  8.0929480E-04  2.7308099E-04 -6.0615711E-07 -2.5212311E-07
-2.3142124E-07 -5.5377367E-07  2.5320696E-04  5.7699441E-04  6.0525203E-04  1.1491841E-05  1.0673997E-03  7.4571823E-04  2.5320696E-04 -5.5377367E-07 -2.3142124E-07
-2.1431165E-07 -5.0764086E-07  2.3468383E-04  5.3368896E-04  5.5963698E-04  1.1700675E-05  9.8328035E-04  6.8689918E-04  2.3468383E-04 -5.0764086E-07 -2.1431165E-07
-1.9706560E-07 -4.6381952E-07  2.1742751E-04  4.9344420E-04  5.1726249E-04  1.1716638E-05  9.0547673E-04  6.3250124E-04  2.1742751E-04 -4.6381952E-07 -1.9706560E-07
-1.8072518E-07 -4.2316200E-07  2.0135958E-04  4.5606181E-04  4.7791736E-04  1.1576993E-05  8.3354492E-04  5.8221327E-04  2.0135958E-04 -4.2316200E-07 -1.8072518E-07
-1.6528637E-07 -3.8548631E-07  1.8640538E-04  4.2135391E-04  4.4140101E-04  1.1315322E-05  7.6706849E-04  5.3574305E-04  1.8640538E-04 -3.8548631E-07 -1.6528637E-07
-1.5088582E-07 -3.5076422E-07  1.7249420E-04  3.8914322E-04  4.0752516E-04  1.0960242E-05  7.0565790E-04  4.9281792E-04  1.7249420E-04 -3.5076422E-07 -1.5088582E-07
-1.3726193E-07 -3.1858082E-07  1.5955943E-04  3.5926318E-04  3.7611241E-04  1.0535119E-05  6.4894962E-04  4.5318309E-04  1.5955943E-04 -3.1858082E-07 -1.3726193E-07
-1.2551546E-07 -2.8989524E-07  1.4753829E-04  3.3155851E-04  3.4699777E-04  1.0060684E-05  5.9660376E-04  4.1660017E-04  1.4753829E-04 -2.8989524E-07 -1.2551546E-07
 0.0000000E+00 -1.8640140E-06  1.1811381E-03  2.7527758E-03  2.8980284E-03 -3.9400073E-04  5.2873995E-03  3.6960004E-03  1.1811381E-03 -1.8640140E-06  0.0000000E+00
-1.1432401E-07 -1.8272932E-06  1.1042404E-03  2.5675332E-03  2.7019715E-03 -3.5278026E-04  4.9094805E-03  3.4315135E-03  1.1042404E-03 -1.8272932E-06 -1.1432401E-07
-2.0476872E-07 -1.7776726E-06  1.0317327E-03  2.3933686E-03  2.5177257E-03 -3.1307079E-04  4.5560648E-03  3.1842048E-03  1.0317327E-03 -1.7776726E-06 -2.0476872E-07
-2.7488371E-07 -1.7180346E-06  9.6342320E-04  2.2297559E-03  2.3447228E-03 -2.7550942E-04  4.2258247E-03  2.9531407E-03  9.6342320E-04 -1.7180346E-06 -2.7488371E-07
-3.2776887E-07 -1.6508380E-06  8.9912229E-04  2.0761796E-03  2.1824069E-03 -2.4051208E-04  3.9174752E-03  2.7374179E-03  8.9912229E-04 -1.6508380E-06 -3.2776887E-07
-3.6612990E-07 -1.5781741E-06  8.3864362E-04  1.9321365E-03  2.0302359E-03 -2.0831884E-04  3.6297768E-03  2.5361654E-03  8.3864362E-04 -1.5781741E-06 -3.6612990E-07
-3.9226915E-07 -1.5017585E-06  7.8180455E-04  1.7971367E-03  1.8876829E-03 -1.7903433E-04  3.3615367E-03  2.3485452E-03  7.8180455E-04 -1.5017585E-06 -3.9226915E-07
-4.0812900E-07 -1.4229744E-06  7.2842665E-04  1.6707050E-03  1.7542368E-03 -1.5266146E-04  3.1116097E-03  2.1737532E-03  7.2842665E-04 -1.4229744E-06 -4.0812900E-07
-4.1536258E-07 -1.3429435E-06  6.7833611E-04  1.5523814E-03  1.6294036E-03 -1.2912315E-04  2.8788994E-03  2.0110195E-03  6.7833611E-04 -1.3429435E-06 -4.1536258E-07
-4.1528905E-07 -1.2624819E-06  6.3136411E-04  1.4417215E-03  1.5127069E-03 -1.0828858E-04  2.6623581E-03  1.8596086E-03  6.3136410E-04 -1.2624819E-06 -4.1528905E-07
-4.0886252E-07 -1.1820687E-06  5.8734709E-04  1.3382981E-03  1.4036876E-03 -8.9992569E-05  2.4609870E-03  1.7188192E-03  5.8734709E-04 -1.1820687E-06 -4.0886252E-07
-4.0171467E-07 -1.1068578E-06  5.4612640E-04  1.2417029E-03  1.3019112E-03 -7.4044378E-05  2.2738418E-03  1.5879891E-03  5.4612640E-04 -1.1068578E-06 -4.0171467E-07
-3.8975111E-07 -1.0323592E-06  5.0755054E-04  1.1515391E-03  1.2069508E-03 -6.0243068E-05  2.1000116E-03  1.4664793E-03  5.0755054E-04 -1.0323592E-06 -3.8975111E-07
-3.7520696E-07 -9.6039812E-07  4.7147276E-04  1.0674306E-03  1.1184050E-03 -4.8384875E-05  1.9386422E-03  1.3536906E-03  4.7147276E-04 -9.6039812E-07 -3.7520696E-07
-3.5877603E-07 -8.9129162E-07  4.3775232E-04  9.8901759E-04  1.0358894E-03 -3.8268320E-05  1.7889222E-03  1.2490543E-03  4.3775232E-04 -8.9129162E-07 -3.5877603E-07
-3.4099128E-07 -8.2521907E-07  4.0625437E-04  9.1595662E-04  9.5903733E-04 -2.9699961E-05  1.6500848E-03  1.1520327E-03  4.0625437E-04 -8.2521907E-07 -3.4099128E-07
-3.2222720E-07 -7.6222392E-07  3.7684994E-04  8.4792099E-04  8.8750013E-04 -2.2497747E-05  1.5214058E-03  1.0621179E-03  3.7684994E-04 -7.6222392E-07 -3.2222720E-07
-3.0281901E-07 -7.0233194E-07  3.4941573E-04  7.8459971E-04  8.2094665E-04 -1.6491180E-05  1.4022023E-03  9.7883169E-04  3.4941572E-04 -7.0233194E-07 -3.0281901E-07
-2.8299976E-07 -6.4548752E-07  3.2383408E-04  7.2569761E-04  7.5906249E-04 -1.1524396E-05  1.2918313E-03  9.0172353E-04  3.2383408E-04 -6.4548752E-07 -2.8299976E-07
-2.6564026E-07 -5.9428881E-07  2.9999380E-04  6.7093826E-04  7.0155401E-04 -7.4556868E-06  1.1896893E-03  8.3037026E-04  2.9999380E-04 -5.9428881E-07 -2.6564026E-07
-2.4773676E-07 -5.4548400E-07  2.7778786E-04  6.2005326E-04  6.4813499E-04 -4.1570097E-06  1.0952052E-03  7.6437233E-04  2.7778786E-04 -5.4548400E-07 -2.4773676E-07
-2.3017570E-07 -4.9972451E-07  2.5711553E-04  5.7279343E-04  5.9854074E-04 -1.5162283E-06  1.0078458E-03  7.0335619E-04  2.5711553E-04 -4.9972451E-07 -2.3017570E-07
-2.1304020E-07 -4.5687610E-07  2.3788094E-04  5.2892233E-04  5.5251980E-04  5.6824690E-07  9.2711049E-04  6.4697098E-04  2.3788094E-04 -4.5687610E-07 -2.1304020E-07
-1.9667465E-07 -4.1708155E-07  2.1999323E-04  4.8821669E-04  5.0983560E-04  2.1854869E-06  8.5253010E-04  5.9488861E-04  2.1999323E-04 -4.1708155E-07 -1.9667465E-07
-1.8086176E-07 -3.7993662E-07  2.0336663E-04  4.5046629E-04  4.7026502E-04  3.4108401E-06  7.8366592E-04  5.4680194E-04  2.0336663E-04 -3.7993662E-07 -1.8086176E-07
-1.6582159E-07 -3.4548855E-07  1.8791961E-04  4.1547353E-04  4.3359861E-04  4.3127790E-06  7.2010652E-04  5.0242275E-04  1.8791961E-04 -3.4548855E-07 -1.6582159E-07
-1.5298928E-07 -3.1501025E-07  1.7357654E-04  3.8305256E-04  3.9963958E-04  4.9482173E-06  6.6146959E-04  4.6148385E-04  1.7357654E-04 -3.1501025E-07 -1.5298928E-07
-1.4035016E-07 -2.8634074E-07  1.6026386E-04  3.5302685E-04  3.6820074E-04  5.3670309E-06  6.0739471E-04  4.2373280E-04  1.6026386E-04 -2.8634074E-07 -1.4035016E-07
-1.2842319E-07 -2.5986135E-07  1.4791386E-04  3.2523246E-04  3.3910857E-04  5.6105551E-06  5.5754788E-04  3.8893601E-04  1.4791386E-04 -2.5986135E-07 -1.2842319E-07
-1.1721111E-07 -2.3544842E-07  1.3646227E-04  2.9951499E-04  3.1219965E-04  5.7144965E-06  5.1161706E-04  3.5687508E-04  1.3646227E-04 -2.3544842E-07 -1.1721111E-07
-1.0681258E-07 -2.1308426E-07  1.2584858E-04  2.7572953E-04  2.8732101E-04  5.7087970E-06  4.6931148E-04  3.2734680E-04  1.2584858E-04 -2.1308426E-07 -1.0681258E-07
-9.7070433E-08 -1.9250460E-07  1.1601602E-04  2.5374045E-04  2.6432930E-04  5.6181065E-06  4.3036070E-04  3.0016201E-04  1.1601602E-04 -1.9250460E-07 -9.7070433E-08
-8.8518030E-08 -1.7414299E-07  1.0691149E-04  2.3342182E-04  2.4309148E-04  5.4633269E-06  3.9451189E-04  2.7514372E-04  1.0691149E-04 -1.7414299E-07 -8.8518030E-08
 0.0000000E+00 -1.1189179E-06  9.2294881E-04  2.0761957E-03  2.1729500E-03 -4.8536489E-04  3.7062475E-03  2.5869218E-03  9.2294881E-04 -1.1189179E-06  0.0000000E+00
-7.9742111E-08 -1.1000071E-06  8.5978760E-04  1.9300970E-03  2.0193424E-03 -4.2240033E-04  3.4315678E-03  2.3950091E-03  8.5978760E-04 -1.1000071E-06 -7.9742111E-08
-1.4278626E-07 -1.0722013E-06  8.0046772E-04  1.7932282E-03  1.8754985E-03 -3.6567229E-04  3.1754595E-03  2.2160904E-03  8.0046772E-04 -1.0722013E-06 -1.4278626E-07
-1.9155555E-07 -1.0374025E-06  7.4480329E-04  1.6651131E-03  1.7409098E-03 -3.1492376E-04  2.9368572E-03  2.0494185E-03  7.4480329E-04 -1.0374025E-06 -1.9155555E-07
-2.2819232E-07 -9.9725482E-07  6.9261237E-04  1.5452886E-03  1.6150819E-03 -2.6982194E-04  2.7147356E-03  1.8942746E-03  6.9261237E-04 -9.9725482E-07 -2.2819232E-07
-2.5458571E-07 -9.5317315E-07  6.4371750E-04  1.4333057E-03  1.4975356E-03 -2.2998419E-04  2.5081098E-03  1.7499681E-03  6.4371750E-04 -9.5317315E-07 -2.5458571E-07
-2.7235624E-07 -9.0632765E-07  5.9794617E-04  1.3287300E-03  1.3878087E-03 -1.9500061E-04  2.3160369E-03  1.6158380E-03  5.9794617E-04 -9.0632765E-07 -2.7235624E-07
-2.8289535E-07 -8.5768322E-07  5.5513115E-04  1.2311430E-03  1.2854551E-03 -1.6445144E-04  2.1376153E-03  1.4912530E-03  5.5513115E-04 -8.5768322E-07 -2.8289535E-07
-2.8743011E-07 -8.0806352E-07  5.1511069E-04  1.1401419E-03  1.1900464E-03 -1.3791602E-04  1.9719858E-03  1.3756109E-03  5.1511069E-04 -8.0806352E-07 -2.8743011E-07
-2.8702250E-07 -7.5814926E-07  4.7772876E-04  1.0553400E-03  1.1011720E-03 -1.1498590E-04  1.8183311E-03  1.2683393E-03  4.7772876E-04 -7.5814926E-07 -2.8702250E-07
-2.8259329E-07 -7.0850074E-07  4.4283516E-04  9.7636737E-04  1.0184386E-03 -9.5272892E-05  1.6758754E-03  1.1688949E-03  4.4283516E-04 -7.0850074E-07 -2.8259329E-07
-2.7642415E-07 -6.6111647E-07  4.1028742E-04  9.0287358E-04  9.4147429E-04 -7.8409792E-05  1.5438811E-03  1.0767609E-03  4.1028742E-04 -6.6111647E-07 -2.7642415E-07
-2.6747007E-07 -6.1458276E-07  3.7994619E-04  8.3451830E-04  8.6991825E-04 -6.4056734E-05  1.4216529E-03  9.9145125E-04  3.7994618E-04 -6.1458276E-07 -2.6747007E-07
-2.5678229E-07 -5.6967628E-07  3.5168016E-04  7.7098182E-04  8.0343159E-04 -5.1901918E-05  1.3085327E-03  9.1250504E-04  3.5168016E-04 -5.6967628E-07 -2.5678229E-07
-2.4485248E-07 -5.2661761E-07  3.2536361E-04  7.1195939E-04  7.4169150E-04 -4.1661169E-05  1.2038998E-03  8.3948802E-04  3.2536361E-04 -5.2661761E-07 -2.4485248E-07
-2.3205864E-07 -4.8553239E-07  3.0087678E-04  6.5716189E-04  6.8439195E-04 -3.3078546E-05  1.1071695E-03  7.7199110E-04  3.0087678E-04 -4.8553239E-07 -2.3205864E-07
-2.1867596E-07 -4.4646125E-07  2.7810580E-04  6.0631554E-04  6.3124316E-04 -2.5925456E-05  1.0177920E-03  7.0962960E-04  2.7810580E-04 -4.4646125E-07 -2.1867596E-07
-2.0498357E-07 -4.0946565E-07  2.5694245E-04  5.5916111E-04  5.8197129E-04 -1.9998029E-05  9.3525078E-04  6.5204242E-04  2.5694245E-04 -4.0946565E-07 -2.0498357E-07
-1.9123576E-07 -3.7459819E-07  2.3728404E-04  5.1545377E-04  5.3631772E-04 -1.5116765E-05  8.5906157E-04  5.9889092E-04  2.3728404E-04 -3.7459819E-07 -1.9123576E-07
-1.7879450E-07 -3.4303854E-07  2.1903468E-04  4.7496523E-04  4.9404125E-04 -1.1124099E-05  7.8876854E-04  5.4985601E-04  2.1903468E-04 -3.4303854E-07 -1.7879450E-07
-1.6624501E-07 -3.1319362E-07  2.0210131E-04  4.3747496E-04  4.5490918E-04 -7.8822283E-06  7.2394746E-04  5.0464157E-04  2.0210131E-04 -3.1319362E-07 -1.6624501E-07
-1.5400344E-07 -2.8532229E-07  1.8639768E-04  4.0277922E-04  4.1870660E-04 -5.2726821E-06  6.6419984E-04  4.6296891E-04  1.8639768E-04 -2.8532229E-07 -1.5400344E-07
-1.4213697E-07 -2.5934515E-07  1.7184196E-04  3.7068555E-04  3.8523043E-04 -3.1918699E-06  6.0915389E-04  4.2457807E-04  1.7184196E-04 -2.5934515E-07 -1.4213697E-07
-1.3087234E-07 -2.3535396E-07  1.5835702E-04  3.4101310E-04  3.5429036E-04 -1.5509324E-06  5.5846237E-04  3.8922652E-04  1.5835702E-04 -2.3535396E-07 -1.3087234E-07
-1.2008729E-07 -2.1310237E-07  1.4587040E-04  3.1359230E-04  3.2570782E-04 -2.7500261E-07  5.1180178E-04  3.5668828E-04  1.4587040E-04 -2.1310237E-07 -1.2008729E-07
-1.1002157E-07 -1.9271639E-07  1.3431358E-04  2.8826488E-04  2.9931624E-04  7.0110207E-07  4.6886963E-04  3.2675171E-04  1.3431358E-04 -1.9271639E-07 -1.1002157E-07
-1.0097801E-07 -1.7439101E-07  1.2362363E-04  2.6488118E-04  2.7495794E-04  1.4316981E-06  4.2938517E-04  2.9922113E-04  1.2362363E-04 -1.7439101E-07 -1.0097801E-07
-9.2369497E-08 -1.5744633E-07  1.1373898E-04  2.4330181E-04  2.5248660E-04  1.9629703E-06  3.9308671E-04  2.7391344E-04  1.1373898E-04 -1.5744633E-07 -9.2369497E-08
-8.4283750E-08 -1.4188096E-07  1.0460368E-04  2.2339654E-04  2.3176523E-04  2.3333588E-06  3.5973098E-04  2.5065883E-04  1.0460368E-04 -1.4188096E-07 -8.4283750E-08
-7.6729618E-08 -1.2762317E-07  9.6164796E-05  2.0504356E-04  2.1266592E-04  2.5752011E-06  3.2909188E-04  2.2929941E-04  9.6164796E-05 -1.2762317E-07 -7.6729618E-08
-6.9774607E-08 -1.1466688E-07  8.8372752E-05  1.8812912E-04  1.9506923E-04  2.7153169E-06  3.0095954E-04  2.0968864E-04  8.8372752E-05 -1.1466688E-07 -6.9774607E-08
-6.3346558E-08 -1.0287292E-07  8.1181215E-05  1.7254714E-04  1.7886393E-04  2.7758803E-06  2.7513943E-04  1.9169077E-04  8.1181214E-05 -1.0287292E-07 -6.3346558E-08
-5.7540767E-08 -9.2273577E-08  7.4547156E-05  1.5819951E-04  1.6394689E-04  2.7751152E-06  2.5144966E-04  1.7517858E-04  7.4547155E-05 -9.2273577E-08 -5.7540767E-08
 0.0000000E+00 -5.7160973E-07  6.9311597E-04  1.5063428E-03  1.5675279E-03 -4.8031405E-04  2.5038773E-03  1.7452773E-03  6.9311597E-04 -5.7160973E-07  0.0000000E+00
-5.1397993E-08 -5.6616831E-07  6.4332322E-04  1.3955688E-03  1.4517931E-03 -4.1168159E-04  2.3113014E-03  1.6109412E-03  6.4332321E-04 -5.6616831E-07 -5.1397993E-08
-9.2070452E-08 -5.5503146E-07  5.9674448E-04  1.2921703E-03  1.3438044E-03 -3.5144065E-04  2.1323043E-03  1.4860882E-03  5.9674448E-04 -5.5503146E-07 -9.2070452E-08
-1.2351178E-07 -5.3930597E-07  5.5320982E-04  1.1957376E-03  1.2431280E-03 -2.9881319E-04  1.9660645E-03  1.3701436E-03  5.5320981E-04 -5.3930597E-07 -1.2351178E-07
-1.4706792E-07 -5.1997452E-07  5.1255413E-04  1.1058746E-03  1.1493450E-03 -2.5304456E-04  1.8117940E-03  1.2625560E-03  5.1255413E-04 -5.1997452E-07 -1.4706792E-07
-1.6394382E-07 -4.9790210E-07  4.7461758E-04  1.0221998E-03  1.0620518E-03 -2.1341429E-04  1.6687397E-03  1.1627989E-03  4.7461757E-04 -4.9790210E-07 -1.6394382E-07
-1.7518057E-07 -4.7381221E-07  4.3924586E-04  9.4434609E-04  9.8086090E-04 -1.7924489E-04  1.5361832E-03  1.0703696E-03  4.3924586E-04 -4.7381221E-07 -1.7518057E-07
-1.8168053E-07 -4.4831125E-07  4.0629043E-04  8.7196181E-04  9.0540095E-04 -1.4990702E-04  1.4134407E-03  9.8479029E-04  4.0629043E-04 -4.4831125E-07 -1.8168053E-07
-1.8425496E-07 -4.2193560E-07  3.7560858E-04  8.0471048E-04  8.3531706E-04 -1.2481941E-04  1.2998631E-03  9.0560707E-04  3.7560857E-04 -4.2193560E-07 -1.8425496E-07
-1.8362585E-07 -3.9515319E-07  3.4706354E-04  7.4227102E-04  7.7027069E-04 -1.0345226E-04  1.1948355E-03  8.3239017E-04  3.4706354E-04 -3.9515319E-07 -1.8362585E-07
-1.8045086E-07 -3.6838856E-07  3.2052452E-04  6.8433760E-04  7.0993973E-04 -8.5327306E-05  1.0977766E-03  7.6473348E-04  3.2052452E-04 -3.6838856E-07 -1.8045086E-07
-1.7604471E-07 -3.4269056E-07  2.9586811E-04  6.3062177E-04  6.5402019E-04 -7.0013430E-05  1.0081355E-03  7.0225167E-04  2.9586811E-04 -3.4269056E-07 -1.7604471E-07
-1.6993104E-07 -3.1742722E-07  2.7297445E-04  5.8084576E-04  6.0222004E-04 -5.7126660E-05  9.2539621E-04  6.4458464E-04  2.7297445E-04 -3.1742722E-07 -1.6993104E-07
-1.6272909E-07 -2.9301435E-07  2.5173122E-04  5.3474932E-04  5.5426546E-04 -4.6326712E-05  8.4907107E-04  5.9139171E-04  2.5173122E-04 -2.9301435E-07 -1.6272909E-07
-1.5476069E-07 -2.6959900E-07  2.3203151E-04  4.9208575E-04  5.0989717E-04 -3.7313160E-05  7.7870249E-04  5.4235330E-04  2.3203151E-04 -2.6959900E-07 -1.5476069E-07
-1.4627608E-07 -2.4727043E-07  2.1377406E-04  4.5262219E-04  4.6887054E-04 -2.9822794E-05  7.1386104E-04  4.9716952E-04  2.1377406E-04 -2.4727043E-07 -1.4627608E-07
-1.3746941E-07 -2.2607491E-07  1.9686312E-04  4.1613921E-04  4.3095506E-04 -2.3626230E-05  6.5414449E-04  4.5555949E-04  1.9686312E-04 -2.2607491E-07 -1.3746941E-07
-1.2857165E-07 -2.0610798E-07  1.8120820E-04  3.8243010E-04  3.9593397E-04 -1.8523875E-05  5.9917652E-04  4.1726059E-04  1.8120819E-04 -2.0610798E-07 -1.2857165E-07
-1.1984628E-07 -1.8750960E-07  1.6672387E-04  3.5130055E-04  3.6360358E-04 -1.4343516E-05  5.4860565E-04  3.8202752E-04  1.6672387E-04 -1.8750960E-07 -1.1984628E-07
-1.1147683E-07 -1.7033598E-07  1.5333103E-04  3.2256973E-04  3.3377378E-04 -1.0936964E-05  5.0210078E-04  3.4962887E-04  1.5333102E-04 -1.7033598E-07 -1.1147683E-07
-1.0330743E-07 -1.5434146E-07  1.4095285E-04  2.9606470E-04  3.0626389E-04 -8.1771286E-06  4.5935796E-04  3.1985291E-04  1.4095285E-04 -1.5434146E-07 -1.0330743E-07
-9.5385773E-08 -1.3947360E-07  1.2951880E-04  2.7162591E-04  2.8090659E-04 -5.9559848E-06  4.2009080E-04  2.9249968E-04  1.2951880E-04 -1.3947360E-07 -9.5385773E-08
-8.7767459E-08 -1.2570063E-07  1.1896223E-04  2.4910333E-04  2.5754483E-04 -4.1812353E-06  3.8403339E-04  2.6738364E-04  1.1896223E-04 -1.2570063E-07 -8.7767459E-08
-8.0587680E-08 -1.1307783E-07  1.0922068E-04  2.2835674E-04  2.3603195E-04 -2.7748761E-06  3.5093842E-04  2.4433229E-04  1.0922068E-04 -1.1307783E-07 -8.0587680E-08
-7.3800688E-08 -1.0148739E-07  1.0023570E-04  2.0925522E-04  2.1623108E-04 -1.6713556E-06  3.2057642E-04  2.2318562E-04  1.0023570E-04 -1.0148739E-07 -7.3800688E-08
-6.7651725E-08 -9.1109357E-08  9.1952339E-05  1.9167731E-04  1.9801530E-04 -8.1535707E-07  2.9273344E-04  2.0379415E-04  9.1952338E-05 -9.1109357E-08 -6.7651725E-08
-6.1615152E-08 -8.1351868E-08  8.4320528E-05  1.7550767E-04  1.8126357E-04 -1.6068602E-07  2.6721089E-04  1.8601979E-04  8.4320527E-05 -8.1351868E-08 -6.1615152E-08
-5.6167189E-08 -7.2644674E-08  7.7291155E-05  1.6064099E-04  1.6586647E-04  3.3103063E-07  2.4382639E-04  1.6973506E-04  7.7291155E-05 -7.2644674E-08 -5.6167189E-08
-5.1079486E-08 -6.4707716E-08  7.0820072E-05  1.4697819E-04  1.5172037E-04  6.9184325E-07  2.2240948E-04  1.5482117E-04  7.0820072E-05 -6.4707716E-08 -5.1079486E-08
-4.6365388E-08 -5.7509921E-08  6.4865636E-05  1.3442728E-04  1.3872939E-04  9.4814084E-07  2.0280261E-04  1.4116837E-04  6.4865636E-05 -5.7509921E-08 -4.6365388E-08
-4.2068172E-08 -5.1054399E-08  5.9389050E-05  1.2290276E-04  1.2680423E-04  1.1216069E-06  1.8486023E-04  1.2867509E-04  5.9389049E-05 -5.1054399E-08 -4.2068172E-08
-3.8178190E-08 -4.5295574E-08  5.4354206E-05  1.1232524E-04  1.1586222E-04  1.2302270E-06  1.6844789E-04  1.1724770E-04  5.4354206E-05 -4.5295574E-08 -3.8178190E-08
-3.4489719E-08 -3.9993183E-08  4.9727784E-05  1.0262146E-04  1.0582675E-04  1.2883849E-06  1.5343976E-04  1.0679829E-04  4.9727784E-05 -3.9993183E-08 -3.4489719E-08
 0.0000000E+00 -2.0586954E-07  4.9743966E-04  1.0452580E-03  1.0813743E-03 -4.2093353E-04  1.6190124E-03  1.1270935E-03  4.9743966E-04 -2.0586954E-07  0.0000000E+00
-3.0230184E-08 -2.1013072E-07  4.5993760E-04  9.6489022E-04  9.9793860E-04 -3.5668869E-04  1.4896034E-03  1.0369559E-03  4.5993760E-04 -2.1013072E-07 -3.0230184E-08
-5.4255282E-08 -2.1085411E-07  4.2499954E-04  8.9016059E-04  9.2038280E-04 -3.0121925E-04  1.3697263E-03  9.5346296E-04  4.2499954E-04 -2.1085411E-07 -5.4255282E-08
-7.2871924E-08 -2.0861047E-07  3.9247846E-04  8.2073276E-04  8.4835369E-04 -2.5350807E-04  1.2587710E-03  8.7618883E-04  3.9247846E-04 -2.0861047E-07 -7.2871924E-08
-8.6823073E-08 -2.0393094E-07  3.6223258E-04  7.5628359E-04  7.8151226E-04 -2.1262174E-04  1.1561556E-03  8.0472731E-04  3.6223258E-04 -2.0393094E-07 -8.6823073E-08
-9.6792361E-08 -1.9730109E-07  3.3412553E-04  6.9650353E-04  7.1953393E-04 -1.7771048E-04  1.0613262E-03  7.3869198E-04  3.3412553E-04 -1.9730109E-07 -9.6792361E-08
-1.0336952E-07 -1.8912611E-07  3.0802654E-04  6.4109680E-04  6.6210877E-04 -1.4800709E-04  9.7375707E-04  6.7771601E-04  3.0802654E-04 -1.8912611E-07 -1.0336952E-07
-1.0706065E-07 -1.7974066E-07  2.8381055E-04  5.8978150E-04  6.0894151E-04 -1.2282372E-04  8.9295019E-04  6.2145196E-04  2.8381055E-04 -1.7974066E-07 -1.0706065E-07
-1.0831678E-07 -1.6943691E-07  2.6135816E-04  5.4228946E-04  5.5975148E-04 -1.0154596E-04  8.1843484E-04  5.6957148E-04  2.6135816E-04 -1.6943691E-07 -1.0831678E-07
-1.0751236E-07 -1.5844260E-07  2.4055571E-04  4.9836622E-04  5.1427245E-04 -8.3629709E-05  7.4976702E-04  5.2176487E-04  2.4055571E-04 -1.5844260E-07 -1.0751236E-07
-1.0495266E-07 -1.4692784E-07  2.2129515E-04  4.5777083E-04  4.7225236E-04 -6.8596092E-05  6.8652892E-04  4.7774065E-04  2.2129515E-04 -1.4692784E-07 -1.0495266E-07
-1.0286103E-07 -1.3699321E-07  2.0347420E-04  4.2027704E-04  4.3345558E-04 -5.6024343E-05  6.2832961E-04  4.3722629E-04  2.0347420E-04 -1.3699321E-07 -1.0286103E-07
-9.9190176E-08 -1.2647601E-07  1.8699596E-04  3.8566814E-04  3.9765496E-04 -4.5547761E-05  5.7479755E-04  3.9996280E-04  1.8699596E-04 -1.2647601E-07 -9.9190176E-08
-9.4829087E-08 -1.1616151E-07  1.7176890E-04  3.5374223E-04  3.6463997E-04 -3.6848001E-05  5.2558807E-04  3.6570986E-04  1.7176890E-04 -1.1616151E-07 -9.4829087E-08
-8.9991589E-08 -1.0616852E-07  1.5770664E-04  3.2430887E-04  3.3421192E-04 -2.9649546E-05  4.8037798E-04  3.3424220E-04  1.5770664E-04 -1.0616852E-07 -8.9991589E-08
-8.4844854E-08 -9.6577681E-08  1.4472783E-04  2.9718923E-04  3.0618430E-04 -2.3715325E-05  4.3886532E-04  3.0534935E-04  1.4472783E-04 -9.6577681E-08 -8.4844854E-08
-7.9528390E-08 -8.7449948E-08  1.3275597E-04  2.7221557E-04  2.8038229E-04 -1.8842144E-05  4.0076843E-04  2.7883499E-04  1.3275597E-04 -8.7449948E-08 -7.9528390E-08
-7.4231325E-08 -7.8903326E-08  1.2171913E-04  2.4923072E-04  2.5664223E-04 -1.4856248E-05  3.6582487E-04  2.5451628E-04  1.2171913E-04 -7.8903326E-08 -7.4231325E-08
-6.9205195E-08 -7.1125198E-08  1.1154980E-04  2.2808769E-04  2.3481115E-04 -1.1609901E-05  3.3379063E-04  2.3222324E-04  1.1154980E-04 -7.1125198E-08 -6.9205195E-08
-6.3964166E-08 -6.3569401E-08  1.0218582E-04  2.0864983E-04  2.1474619E-04 -8.9778517E-06  3.0443559E-04  2.1179527E-04  1.0218582E-04 -6.3569401E-08 -6.3964166E-08
-5.9045019E-08 -5.6722301E-08  9.3567041E-05  1.9078797E-04  1.9631358E-04 -6.8542947E-06  2.7755148E-04  1.9308758E-04  9.3567041E-05 -5.6722301E-08 -5.9045019E-08
-5.4307363E-08 -5.0395748E-08  8.5638577E-05  1.7438292E-04  1.7938920E-04 -5.1500669E-06  2.5294147E-04  1.7596295E-04  8.5638576E-05 -5.0395748E-08 -5.4307363E-08
-4.9801380E-08 -4.4597630E-08  7.8348828E-05  1.5932328E-04  1.6385726E-04 -3.7904262E-06  2.3042380E-04  1.6029480E-04  7.8348827E-05 -4.4597630E-08 -4.9801380E-08
-4.5594353E-08 -3.9357197E-08  7.1649694E-05  1.4550540E-04  1.4961005E-04 -2.7129756E-06  2.0983010E-04  1.4596584E-04  7.1649694E-05 -3.9357197E-08 -4.5594353E-08
-4.1695721E-08 -3.4650175E-08  6.5496369E-05  1.3283299E-04  1.3654762E-04 -1.8653482E-06  1.9100481E-04  1.3286777E-04  6.5496369E-05 -3.4650175E-08 -4.1695721E-08
-3.8337705E-08 -3.0678913E-08  5.9846954E-05  1.2121724E-04  1.2457781E-04 -1.2045820E-06  1.7380343E-04  1.2089976E-04  5.9846954E-05 -3.0678913E-08 -3.8337705E-08
-3.4503889E-08 -2.6396308E-08  5.4663551E-05  1.1057342E-04  1.1361205E-04 -6.9468954E-07  1.5809155E-04  1.0996858E-04  5.4663551E-05 -2.6396308E-08 -3.4503889E-08
-3.1317804E-08 -2.2906361E-08  4.9908968E-05  1.0082581E-04  1.0357253E-04 -3.0641662E-07  1.4374808E-04  9.9989629E-05  4.9908968E-05 -2.2906361E-08 -3.1317804E-08
-2.8365986E-08 -1.9772972E-08  4.5550069E-05  9.1902653E-05  9.4384564E-05 -1.5225805E-08  1.3065889E-04  9.0883502E-05  4.5550068E-05 -1.9772972E-08 -2.8365986E-08
-2.5663993E-08 -1.6992991E-08  4.1555721E-05  8.3737744E-05  8.5979703E-05  1.9867368E-07  1.1871921E-04  8.2577387E-05  4.1555721E-05 -1.6992991E-08 -2.5663993E-08
-2.3236917E-08 -1.4574935E-08  3.7897074E-05  7.6269934E-05  7.8294398E-05  3.5140187E-07  1.0783270E-04  7.5004070E-05  3.7897074E-05 -1.4574935E-08 -2.3236917E-08
-2.1115030E-08 -1.2534755E-08  3.4547390E-05  6.9442642E-05  7.1270165E-05  4.5637866E-07  9.7910724E-05  6.8101943E-05  3.4547390E-05 -1.2534755E-08 -2.1115030E-08
-1.8922306E-08 -1.0482206E-08  3.1482136E-05  6.3203777E-05  6.4852794E-05  5.2404178E-07  8.8870208E-05  6.1813026E-05  3.1482135E-05 -1.0482206E-08 -1.8922306E-08
 0.0000000E+00  4.9712019E-09  3.3822212E-04  6.8737707E-04  7.0684692E-04 -3.3682202E-04  9.9229344E-04  6.9013919E-04  3.3822212E-04  4.9712019E-09  0.0000000E+00
-1.5806741E-08 -4.4086190E-09  3.1144024E-04  6.3206687E-04  6.4980068E-04 -2.8252873E-04  9.0970671E-04  6.3268151E-04  3.1144024E-04 -4.4086190E-09 -1.5806741E-08
-2.8515350E-08 -1.1764664E-08  2.8659784E-04  5.8084626E-04  5.9698859E-04 -2.3626361E-04  8.3348642E-04  5.7965549E-04  2.8659784E-04 -1.1764664E-08 -2.8515350E-08
-3.8450519E-08 -1.7301907E-08  2.6357472E-04  5.3345363E-04  5.4813831E-04 -1.9697102E-04  7.6320072E-04  5.3076026E-04  2.6357472E-04 -1.7301907E-08 -3.8450519E-08
-4.5943221E-08 -2.1241404E-08  2.4225573E-04  4.8963934E-04  5.0299001E-04 -1.6370925E-04  6.9843992E-04  4.8571044E-04  2.4225573E-04 -2.1241404E-08 -4.5943221E-08
-5.1317848E-08 -2.3807015E-08  2.2253092E-04  4.4916570E-04  4.6129653E-04 -1.3564300E-04  6.3881639E-04  4.4423600E-04  2.2253092E-04 -2.3807015E-08 -5.1317848E-08
-5.4872697E-08 -2.5205417E-08  2.0429553E-04  4.1180699E-04  4.2282321E-04 -1.1203587E-04  5.8396388E-04  4.0608185E-04  2.0429553E-04 -2.5205417E-08 -5.4872697E-08
-5.6901633E-08 -2.5647270E-08  1.8744998E-04  3.7734931E-04  3.8734787E-04 -9.2241778E-05  5.3353745E-04  3.7100775E-04  1.8744998E-04 -2.5647270E-08 -5.6901633E-08
-5.7731937E-08 -2.5384549E-08  1.7189982E-04  3.4559043E-04  3.5466052E-04 -7.5696074E-05  4.8721274E-04  3.3878780E-04  1.7189981E-04 -2.5384549E-08 -5.7731937E-08
-5.7769297E-08 -2.4755030E-08  1.5755558E-04  3.1633953E-04  3.2456320E-04 -6.1908243E-05  4.4468553E-04  3.0921014E-04  1.5755558E-04 -2.4755030E-08 -5.7769297E-08
-5.7575267E-08 -2.4259254E-08  1.4433273E-04  2.8941684E-04  2.9686980E-04 -5.0454179E-05  4.0567111E-04  2.8207673E-04  1.4433273E-04 -2.4259254E-08 -5.7575267E-08
-5.5171744E-08 -2.1866612E-08  1.3215319E-04  2.6465331E-04  2.7140353E-04 -4.0968080E-05  3.6989672E-04  2.5719727E-04  1.3215319E-04 -2.1866612E-08 -5.5171744E-08
-5.2961064E-08 -1.9928028E-08  1.2094058E-04  2.4189039E-04  2.4800154E-04 -3.3136251E-05  3.3711883E-04  2.3440252E-04  1.2094058E-04 -1.9928028E-08 -5.2961064E-08
-5.0414297E-08 -1.7872033E-08  1.1062507E-04  2.2097940E-04  2.2650939E-04 -2.6690622E-05  3.0710300E-04  2.1352921E-04  1.1062507E-04 -1.7872033E-08 -5.0414297E-08
-4.7644816E-08 -1.5773663E-08  1.0114072E-04  2.0178122E-04  2.0678304E-04 -2.1402804E-05  2.7963247E-04  1.9442646E-04  1.0114072E-04 -1.5773663E-08 -4.7644816E-08
-4.4748246E-08 -1.3694738E-08  9.2425797E-05  1.8416591E-04  1.8868796E-04 -1.7079098E-05  2.5450565E-04  1.7695396E-04  9.2425796E-05 -1.3694738E-08 -4.4748246E-08
-4.1823738E-08 -1.1704765E-08  8.4422538E-05  1.6801217E-04  1.7209872E-04 -1.3555724E-05  2.3153531E-04  1.6098142E-04  8.4422536E-05 -1.1704765E-08 -4.1823738E-08
-3.9038652E-08 -9.9452989E-09  7.7076949E-05  1.5320699E-04  1.5689849E-04 -1.0694680E-05  2.1054792E-04  1.4638809E-04  7.7076947E-05 -9.9452989E-09 -3.9038652E-08
-3.6657711E-08 -8.6588365E-09  7.0338610E-05  1.3964521E-04  1.4297869E-04 -8.3800681E-06  1.9138288E-04  1.3306224E-04  7.0338608E-05 -8.6588365E-09 -3.6657711E-08
-3.3323694E-08 -6.4650294E-09  6.4161617E-05  1.2722901E-04  1.3023732E-04 -6.5148944E-06  1.7388728E-04  1.2089726E-04  6.4161616E-05 -6.4650294E-09 -3.3323694E-08
-3.0578060E-08 -4.8921877E-09  5.8501254E-05  1.1586738E-04  1.1858139E-04 -5.0183171E-06  1.5792744E-04  1.0980039E-04  5.8501252E-05 -4.8921877E-09 -3.0578060E-08
-2.7979549E-08 -3.4835547E-09  5.3317283E-05  1.0547614E-04  1.0792367E-04 -3.8226862E-06  1.4337462E-04  9.9681982E-05  5.3317282E-05 -3.4835547E-09 -2.7979549E-08
-2.5562217E-08 -2.2609403E-09  4.8572016E-05  9.5977102E-05  9.8183532E-05 -2.8723188E-06  1.3011114E-04  9.0460238E-05  4.8572015E-05 -2.2609403E-09 -2.5562217E-08
-2.3339150E-08 -1.2268978E-09  4.4230508E-05  8.7297901E-05  8.9286222E-05 -2.1212465E-06  1.1802844E-04  8.2059550E-05  4.4230507E-05 -1.2268978E-09 -2.3339150E-08
-2.1356163E-08 -4.1877783E-10  4.0260360E-05  7.9371629E-05  8.1162809E-05 -1.5308808E-06  1.0702671E-04  7.4410549E-05  4.0260359E-05 -4.1877783E-10 -2.1356163E-08
-1.9823142E-08 -3.9649695E-11  3.6631447E-05  7.2136963E-05  7.3750144E-05 -1.0704730E-06  9.7013591E-05  6.7448830E-05  3.6631447E-05 -3.9649695E-11 -1.9823142E-08
-1.7460119E-08  1.1999738E-09  3.3316694E-05  6.5535056E-05  6.6986856E-05 -7.1413405E-07  8.7902814E-05  6.1114686E-05  3.3316693E-05  1.1999738E-09 -1.7460119E-08
-1.5757763E-08  1.8096695E-09  3.0289580E-05  5.9514656E-05  6.0820984E-05 -4.4128731E-07  7.9618657E-05  5.5355215E-05  3.0289580E-05  1.8096695E-09 -1.5757763E-08
-1.4200715E-08  2.3098969E-09  2.7526661E-05  5.4026653E-05  5.5201626E-05 -2.3456855E-07  7.2088780E-05  5.0120150E-05  2.7526660E-05  2.3098969E-09 -1.4200715E-08
-1.2804246E-08  2.6881129E-09  2.5006007E-05  4.9026116E-05  5.0082719E-05 -8.0276782E-08  6.5247330E-05  4.5363840E-05  2.5006006E-05  2.6881129E-09 -1.2804246E-08
-1.1580433E-08  2.9343214E-09  2.2707407E-05  4.4471787E-05  4.5421592E-05  3.2651484E-08  5.9034085E-05  4.1044245E-05  2.2707406E-05  2.9343214E-09 -1.1580433E-08
-1.0580829E-08  2.9981399E-09  2.0612217E-05  4.0325648E-05  4.1179250E-05  1.1347262E-07  5.3393864E-05  3.7123074E-05  2.0612216E-05  2.9981399E-09 -1.0580829E-08
-9.3585712E-09  3.3283770E-09  1.8703413E-05  3.6552735E-05  3.7319468E-05  1.6916610E-07  4.8274829E-05  3.3564175E-05  1.8703413E-05  3.3283770E-09 -9.3585712E-09
 0.0000000E+00  1.0217059E-07  2.1496911E-04  4.2302216E-04  4.3233150E-04 -2.4817919E-04  5.6841603E-04  3.9505084E-04  2.1496910E-04  1.0217059E-07  0.0000000E+00
-6.9419859E-09  9.0936334E-08  1.9706955E-04  3.8734342E-04  3.9577955E-04 -2.0613359E-04  5.1904041E-04  3.6073297E-04  1.9706954E-04  9.0936334E-08 -6.9419859E-09
-1.2691831E-08  8.0836883E-08  1.8054355E-04  3.5444826E-04  3.6208830E-04 -1.7072563E-04  4.7365767E-04  3.2919080E-04  1.8054354E-04  8.0836883E-08 -1.2691831E-08
-1.7296578E-08  7.1863468E-08  1.6529929E-04  3.2414589E-04  3.3106079E-04 -1.4099949E-04  4.3198032E-04  3.0022442E-04  1.6529928E-04  7.1863468E-08 -1.7296578E-08
-2.0840114E-08  6.3965558E-08  1.5124944E-04  2.9625542E-04  3.0251035E-04 -1.1611907E-04  3.9373718E-04  2.7364526E-04  1.5124943E-04  6.3965558E-08 -2.0840114E-08
-2.3427881E-08  5.7066477E-08  1.3831114E-04  2.7060573E-04  2.7626046E-04 -9.5356530E-05  3.5867306E-04  2.4927589E-04  1.3831114E-04  5.7066477E-08 -2.3427881E-08
-2.5171969E-08  5.1078674E-08  1.2640601E-04  2.4703531E-04  2.5214461E-04 -7.8081420E-05  3.2654832E-04  2.2694967E-04  1.2640601E-04  5.1078674E-08 -2.5171969E-08
-2.6210235E-08  4.5884950E-08  1.1546000E-04  2.2539205E-04  2.3000606E-04 -6.3749751E-05  2.9713839E-04  2.0651043E-04  1.1546000E-04  4.5884950E-08 -2.6210235E-08
-2.6738446E-08  4.1306693E-08  1.0540333E-04  2.0553298E-04  2.0969758E-04 -5.1894162E-05  2.7023327E-04  1.8781217E-04  1.0540333E-04  4.1306693E-08 -2.6738446E-08
-2.7062673E-08  3.7051820E-08  9.6170328E-05  1.8732404E-04  1.9108122E-04 -4.2114942E-05  2.4563715E-04  1.7071873E-04  9.6170326E-05  3.7051820E-08 -2.7062673E-08
-2.7681941E-08  3.2632482E-08  8.7699290E-05  1.7063964E-04  1.7402817E-04 -3.4071447E-05  2.2316780E-04  1.5510361E-04  8.7699288E-05  3.2632482E-08 -2.7681941E-08
-2.5942305E-08  3.0708580E-08  7.9933847E-05  1.5536166E-04  1.5841521E-04 -2.7474472E-05  2.0264893E-04  1.4084390E-04  7.9933845E-05  3.0708580E-08 -2.5942305E-08
-2.4826251E-08  2.8306852E-08  7.2818685E-05  1.4138130E-04  1.4413209E-04 -2.2079393E-05  1.8392865E-04  1.2783425E-04  7.2818683E-05  2.8306852E-08 -2.4826251E-08
-2.3553654E-08  2.6210720E-08  6.6303856E-05  1.2859615E-04  1.3107311E-04 -1.7680011E-05  1.6685820E-04  1.1597119E-04  6.6303855E-05  2.6210720E-08 -2.3553654E-08
-2.2181857E-08  2.4365245E-08  6.0342411E-05  1.1691117E-04  1.1914057E-04 -1.4103095E-05  1.5130140E-04  1.0516006E-04  6.0342410E-05  2.4365245E-08 -2.2181857E-08
-2.0765248E-08  2.2716928E-08  5.4890635E-05  1.0623801E-04  1.0824373E-04 -1.1203622E-05  1.3713223E-04  9.5313248E-05  5.4890634E-05  2.2716928E-08 -2.0765248E-08
-1.9375541E-08  2.1193606E-08  4.9907876E-05  9.6494686E-05  9.8298490E-05 -8.8604653E-06  1.2423425E-04  8.6349853E-05  4.9907876E-05  2.1193606E-08 -1.9375541E-08
-1.8152415E-08  1.9653974E-08  4.5356350E-05  8.7605246E-05  8.9226891E-05 -6.9729683E-06  1.1250006E-04  7.8195212E-05  4.5356349E-05  1.9653974E-08 -1.8152415E-08
-1.7337667E-08  1.7853548E-08  4.1200971E-05  7.9499398E-05  8.0956941E-05 -5.4575543E-06  1.0183085E-04  7.0780663E-05  4.1200971E-05  1.7853548E-08 -1.7337667E-08
-1.5331361E-08  1.7391479E-08  3.7410022E-05  7.2111602E-05  7.3420508E-05 -4.2451342E-06  9.2131660E-05  6.4040077E-05  3.7410021E-05  1.7391479E-08 -1.5331361E-08
-1.3950533E-08  1.6444334E-08  3.3952681E-05  6.5382147E-05  6.6557371E-05 -3.2788707E-06  8.3322288E-05  5.7917885E-05  3.3952681E-05  1.6444334E-08 -1.3950533E-08
-1.2677441E-08  1.5526227E-08  3.0801437E-05  5.9255477E-05  6.0310272E-05 -2.5114817E-06  7.5324155E-05  5.2359397E-05  3.0801437E-05  1.5526227E-08 -1.2677441E-08
-1.1538476E-08  1.4606013E-08  2.7930650E-05  5.3680347E-05  5.4626824E-05 -1.9047847E-06  6.8066080E-05  4.7315246E-05  2.7930650E-05  1.4606013E-08 -1.1538476E-08
-1.0517327E-08  1.3695119E-08  2.5316685E-05  4.8609637E-05  4.9458610E-05 -1.4276021E-06  6.1482745E-05  4.2739936E-05  2.5316684E-05  1.3695119E-08 -1.0517327E-08
-9.6769457E-09  1.2725251E-08  2.2937738E-05  4.3999979E-05  4.4761305E-05 -1.0537038E-06  5.5514415E-05  3.8592006E-05  2.2937737E-05  1.2725251E-08 -9.6769457E-09
-9.1943765E-09  1.1513807E-08  2.0773662E-05  3.9811885E-05  4.0494546E-05 -7.6286310E-07  5.0106068E-05  3.4833107E-05  2.0773661E-05  1.1513807E-08 -9.1943765E-09
-7.7706826E-09  1.1356736E-08  1.8806418E-05  3.6007192E-05  3.6618627E-05 -5.3790966E-07  4.5205894E-05  3.1427450E-05  1.8806418E-05  1.1356736E-08 -7.7706826E-09
-6.9543282E-09  1.0697208E-08  1.7018475E-05  3.2553676E-05  3.3101345E-05 -3.6553655E-07  4.0770007E-05  2.8344367E-05  1.7018475E-05  1.0697208E-08 -6.9543282E-09
-6.2244653E-09  1.0051620E-08  1.5394392E-05  2.9419994E-05  2.9910353E-05 -2.3441288E-07  3.6755626E-05  2.5554155E-05  1.5394392E-05  1.0051620E-08 -6.2244653E-09
-5.5943932E-09  9.4013015E-09  1.3919811E-05  2.6577735E-05  2.7016779E-05 -1.3581958E-07  3.3124200E-05  2.3030165E-05  1.3919811E-05  9.4013015E-09 -5.5943932E-09
-5.0675792E-09  8.7376155E-09  1.2581577E-05  2.4000993E-05  2.4393942E-05 -6.2778449E-08  2.9840694E-05  2.0747900E-05  1.2581577E-05  8.7376155E-09 -5.0675792E-09
-4.7010918E-09  7.9982766E-09  1.1367615E-05  2.1665994E-05  2.2017655E-05 -9.4084947E-09  2.6873152E-05  1.8685224E-05  1.1367615E-05  7.9982766E-09 -4.7010918E-09
-4.0603491E-09  7.6135874E-09  1.0266942E-05  1.9550862E-05  1.9865349E-05  2.8563855E-08  2.4191449E-05  1.6821139E-05  1.0266942E-05  7.6135874E-09 -4.0603491E-09
 0.0000000E+00  1.2420833E-07  1.2556437E-04  2.3958384E-04  2.4336028E-04 -1.6808483E-04  2.9896749E-04  2.0776377E-04  1.2556437E-04  1.2420833E-07  0.0000000E+00
-2.1667507E-09  1.1365984E-07  1.1455033E-04  2.1836227E-04  2.2176810E-04 -1.3818792E-04  2.7179383E-04  1.8888459E-04  1.1455033E-04  1.1365984E-07 -2.1667507E-09
-4.1430969E-09  1.0373906E-07  1.0443138E-04  1.9888647E-04  2.0195613E-04 -1.1330116E-04  2.4692398E-04  1.7160565E-04  1.0443138E-04  1.0373906E-07 -4.1430969E-09
-5.8454027E-09  9.4522318E-08  9.5143535E-05  1.8102946E-04  1.8379450E-04 -9.2646145E-05  2.2418373E-04  1.5580599E-04  9.5143535E-05  9.4522318E-08 -5.8454027E-09
-7.2357923E-09  8.6037975E-08  8.6626264E-05  1.6467136E-04  1.6716056E-04 -7.5553062E-05  2.0340929E-04  1.4137188E-04  8.6626263E-05  8.6037975E-08 -7.2357923E-09
-8.3077712E-09  7.8281246E-08  7.8822442E-05  1.4969927E-04  1.5193891E-04 -6.1448072E-05  1.8444701E-04  1.2819661E-04  7.8822442E-05  7.8281246E-08 -8.3077712E-09
-9.0728766E-09  7.1227874E-08  7.1678309E-05  1.3600711E-04  1.3802115E-04 -4.9841649E-05  1.6715309E-04  1.1618032E-04  7.1678309E-05  7.1227874E-08 -9.0728766E-09
-9.5683103E-09  6.4826772E-08  6.5143377E-05  1.2349546E-04  1.2530574E-04 -4.0317525E-05  1.5139330E-04  1.0522975E-04  6.5143377E-05  6.4826772E-08 -9.5683103E-09
-9.8735946E-09  5.8983584E-08  5.9170333E-05  1.1207138E-04  1.1369771E-04 -3.2523620E-05  1.3704261E-04  9.5258076E-05  5.9170333E-05  5.8983584E-08 -9.8735946E-09
-1.0138436E-08  5.3532964E-08  5.3714928E-05  1.0164813E-04  1.0310860E-04 -2.6163046E-05  1.2398487E-04  8.6184595E-05  5.3714928E-05  5.3532964E-08 -1.0138436E-08
-1.0627939E-08  4.8193421E-08  4.8735854E-05  9.2144914E-05  9.3456135E-05 -2.0986110E-05  1.1211241E-04  7.7934626E-05  4.8735854E-05  4.8193421E-08 -1.0627939E-08
-9.8068993E-09  4.4490367E-08  4.4195076E-05  8.3485815E-05  8.4662020E-05 -1.6784002E-05  1.0132242E-04  7.0436620E-05  4.4195076E-05  4.4490367E-08 -9.8068993E-09
-9.3875872E-09  4.0689217E-08  4.0056438E-05  7.5601851E-05  7.6656713E-05 -1.3382371E-05  9.1525275E-05  6.3628386E-05  4.0056438E-05  4.0689217E-08 -9.3875872E-09
-8.9036180E-09  3.7242444E-08  3.6286901E-05  6.8428076E-05  6.9373751E-05 -1.0636172E-05  8.2634593E-05  5.7449909E-05  3.6286901E-05  3.7242444E-08 -8.9036180E-09
-8.3776591E-09  3.4111819E-08  3.2855722E-05  6.1904603E-05  6.2752078E-05 -8.4252197E-06  7.4571492E-05  5.1846390E-05  3.2855722E-05  3.4111819E-08 -8.3776591E-09
-7.8337083E-09  3.1258060E-08  2.9734453E-05  5.5976094E-05  5.6735293E-05 -6.6501675E-06  6.7263327E-05  4.6767362E-05  2.9734453E-05  3.1258060E-08 -7.8337083E-09
-7.3099432E-09  2.8628029E-08  2.6896797E-05  5.0591472E-05  5.1271393E-05 -5.2290369E-06  6.0643317E-05  4.2166458E-05  2.6896797E-05  2.8628029E-08 -7.3099432E-09
-6.8909586E-09  2.6122514E-08  2.4318467E-05  4.5703697E-05  4.6312469E-05 -4.0946610E-06  5.4650182E-05  3.8001093E-05  2.4318467E-05  2.6122514E-08 -6.8909586E-09
-6.7303840E-09  2.3573600E-08  2.1977059E-05  4.1269488E-05  4.1814524E-05 -3.1918975E-06  4.9227819E-05  3.4232307E-05  2.1977059E-05  2.3573600E-08 -6.7303840E-09
-5.7862417E-09  2.2013104E-08  1.9852243E-05  3.7248488E-05  3.7735950E-05 -2.4757320E-06  4.4322700E-05  3.0822865E-05  1.9852243E-05  2.2013104E-08 -5.7862417E-09
-5.2231891E-09  2.0259678E-08  1.7924756E-05  3.3604571E-05  3.4040546E-05 -1.9096362E-06  3.9889647E-05  2.7741445E-05  1.7924756E-05  2.0259678E-08 -5.2231891E-09
-4.7131015E-09  1.8630183E-08  1.6177272E-05  3.0304012E-05  3.0693817E-05 -1.4633702E-06  3.5884798E-05  2.4957542E-05  1.6177272E-05  1.8630183E-08 -4.7131015E-09
-4.2787816E-09  1.7090040E-08  1.4593792E-05  2.7315953E-05  2.7664457E-05 -1.1130382E-06  3.2268596E-05  2.2443743E-05  1.4593792E-05  1.7090040E-08 -4.2787816E-09
-3.9058825E-09  1.5642530E-08  1.3159656E-05  2.4612176E-05  2.4923667E-05 -8.3934741E-07  2.9004926E-05  2.0174889E-05  1.3159656E-05  1.5642530E-08 -3.9058825E-09
-3.6472222E-09  1.4224125E-08  1.1861426E-05  2.2166873E-05  2.2445260E-05 -6.2598317E-07  2.6060953E-05  1.8128201E-05  1.1861426E-05  1.4224125E-08 -3.6472222E-09
-3.6294154E-09  1.2698028E-08  1.0686767E-05  1.9956639E-05  2.0205492E-05 -4.6085869E-07  2.3406637E-05  1.6282754E-05  1.0686767E-05  1.2698028E-08 -3.6294154E-09
-2.8611098E-09  1.2047784E-08  9.6246046E-06  1.7958888E-05  1.8180956E-05 -3.3357559E-07  2.1013462E-05  1.4618844E-05  9.6246046E-06  1.2047784E-08 -2.8611098E-09
-2.5300121E-09  1.1074662E-08  8.6644290E-06  1.6154947E-05  1.6353202E-05 -2.3631718E-07  1.8858058E-05  1.3120144E-05  8.6644290E-06  1.1074662E-08 -2.5300121E-09
-2.2440243E-09  1.0163035E-08  7.7969106E-06  1.4526506E-05  1.4703435E-05 -1.6233469E-07  1.6917282E-05  1.1770583E-05  7.7969106E-06  1.0163035E-08 -2.2440243E-09
-2.0147042E-09  9.2934204E-09  7.0134601E-06  1.3057111E-05  1.3215074E-05 -1.0659196E-07  1.5170483E-05  1.0555919E-05  7.0134601E-06  9.2934204E-09 -2.0147042E-09
-1.8424479E-09  8.4580699E-09  6.3062543E-06  1.1731868E-05  1.1872845E-05 -6.5096105E-08  1.3599025E-05  9.4630877E-06  6.3062543E-06  8.4580699E-09 -1.8424479E-09
-1.7765618E-09  7.6006930E-09  5.6681554E-06  1.0537178E-05  1.0663020E-05 -3.4444518E-08  1.2185992E-05  8.4803844E-06  5.6681554E-06  7.6006930E-09 -1.7765618E-09
-1.4659057E-09  7.0662599E-09  5.0926852E-06  9.4604930E-06  9.5727084E-06 -1.2278086E-08  1.0915398E-05  7.5966692E-06  5.0926852E-06  7.0662599E-09 -1.4659057E-09
 0.0000000E+00  1.0536364E-07  6.5535841E-05  1.2147652E-04  1.2271988E-04 -1.0338653E-04  1.3982223E-04  9.7246635E-05  6.5535841E-05  1.0536364E-07  0.0000000E+00
-7.3341051E-11  9.6865568E-08  5.9448855E-05  1.1010953E-04  1.1122824E-04 -8.4040712E-05  1.2642605E-04  8.7935330E-05  5.9448855E-05  9.6865568E-08 -7.3341051E-11
-3.5491328E-10  8.8755867E-08  5.3889193E-05  9.9736392E-05  1.0074247E-04 -6.8134611E-05  1.1423317E-04  7.9459866E-05  5.3889193E-05  8.8755867E-08 -3.5491328E-10
-7.2778888E-10  8.1118179E-08  4.8816176E-05  9.0279446E-05  9.1183820E-05 -5.5094527E-05  1.0314637E-04  7.1752785E-05  4.8816176E-05  8.1118179E-08 -7.2778888E-10
-1.1160237E-09  7.3995898E-08  4.4191568E-05  8.1665803E-05  8.2478412E-05 -4.4434421E-05  9.3074739E-05  6.4750980E-05  4.4191568E-05  7.3995898E-08 -1.1160237E-09
-1.4731253E-09  6.7403855E-08  3.9979527E-05  7.3827254E-05  7.4557125E-05 -3.5744333E-05  8.3933477E-05  5.8395591E-05  3.9979527E-05  6.7403855E-08 -1.4731253E-09
-1.7673485E-09  6.1343134E-08  3.6146558E-05  6.6700140E-05  6.7355460E-05 -2.8679709E-05  7.5643738E-05  5.2631875E-05  3.6146558E-05  6.1343134E-08 -1.7673485E-09
-1.9797303E-09  5.5803110E-08  3.2661430E-05  6.0225190E-05  6.0813375E-05 -2.2951756E-05  6.8132334E-05  4.7409014E-05  3.2661430E-05  5.5803110E-08 -1.9797303E-09
-2.1079221E-09  5.0757653E-08  2.9495083E-05  5.4347336E-05  5.4875102E-05 -1.8320078E-05  6.1331520E-05  4.2679961E-05  2.9495083E-05  5.0757653E-08 -2.1079221E-09
-2.1639858E-09  4.6167327E-08  2.6620543E-05  4.9015544E-05  4.9488957E-05 -1.4584836E-05  5.5178729E-05  3.8401254E-05  2.6620543E-05  4.6167327E-08 -2.1639858E-09
-2.1827271E-09  4.1971016E-08  2.4012821E-05  4.4182611E-05  4.4607159E-05 -1.1580179E-05  4.9616311E-05  3.4532843E-05  2.4012821E-05  4.1971016E-08 -2.1827271E-09
-2.2743363E-09  3.8037674E-08  2.1648903E-05  3.9805079E-05  4.0185726E-05 -9.1696119E-06  4.4591058E-05  3.1037778E-05  2.1648903E-05  3.8037674E-08 -2.2743363E-09
-2.2663282E-09  3.4512249E-08  1.9507379E-05  3.5842514E-05  3.6183717E-05 -7.2406638E-06  4.0054099E-05  2.7882115E-05  1.9507379E-05  3.4512249E-08 -2.2663282E-09
-2.2134454E-09  3.1319108E-08  1.7568627E-05  3.2257968E-05  3.2563752E-05 -5.7010492E-06  3.5960639E-05  2.5034735E-05  1.7568627E-05  3.1319108E-08 -2.2134454E-09
-2.1279273E-09  2.8425164E-08  1.5814568E-05  2.9017427E-05  2.9291411E-05 -4.4754185E-06  3.2269631E-05  2.2467120E-05  1.5814568E-05  2.8425164E-08 -2.1279273E-09
-2.0236529E-09  2.5796894E-08  1.4228587E-05  2.6089672E-05  2.6335117E-05 -3.5023149E-06  2.8943533E-05  2.0153180E-05  1.4228587E-05  2.5796894E-08 -2.0236529E-09
-1.9250972E-09  2.3391345E-08  1.2795440E-05  2.3446091E-05  2.3665951E-05 -2.7316688E-06  2.5948048E-05  1.8069101E-05  1.2795440E-05  2.3391345E-08 -1.9250972E-09
-1.8877015E-09  2.1135711E-08  1.1501149E-05  2.1060516E-05  2.1257458E-05 -2.1230965E-06  2.3251933E-05  1.6193162E-05  1.1501149E-05  2.1135711E-08 -1.8877015E-09
-2.0141951E-09  1.8910962E-08  1.0332915E-05  1.8909046E-05  1.9085516E-05 -1.6438350E-06  2.0826775E-05  1.4505624E-05  1.0332915E-05  1.8910962E-08 -2.0141951E-09
-1.6031764E-09  1.7404479E-08  9.2791327E-06  1.6969376E-05  1.7127264E-05 -1.2675039E-06  1.8645490E-05  1.2987651E-05  9.2791328E-06  1.7404479E-08 -1.6031764E-09
-1.4225812E-09  1.5832839E-08  8.3290175E-06  1.5221967E-05  1.5363283E-05 -9.7302248E-07  1.6685617E-05  1.1623650E-05  8.3290175E-06  1.5832839E-08 -1.4225812E-09
-1.2664821E-09  1.4389177E-08  7.4728486E-06  1.3648510E-05  1.3774965E-05 -7.4299845E-07  1.4925337E-05  1.0398440E-05  7.4728486E-06  1.4389177E-08 -1.2664821E-09
-1.1557747E-09  1.3040343E-08  6.7017343E-06  1.2232398E-05  1.2345599E-05 -5.6405301E-07  1.3345117E-05  9.2984988E-06  6.7017344E-06  1.3040343E-08 -1.1557747E-09
-1.0753393E-09  1.1790106E-08  6.0075796E-06  1.0958553E-05  1.1059870E-05 -4.2551478E-07  1.1927248E-05  8.3114607E-06  6.0075796E-06  1.1790106E-08 -1.0753393E-09
-1.0709712E-09  1.0582087E-08  5.3830176E-06  9.8132789E-06  9.9039848E-06 -3.1826793E-07  1.0655739E-05  7.4262314E-06  5.3830176E-06  1.0582087E-08 -1.0709712E-09
-1.2326739E-09  9.3164714E-09  4.8213382E-06  8.7842347E-06  8.8655063E-06 -2.3590960E-07  9.5160841E-06  6.6327045E-06  4.8213382E-06  9.3164714E-09 -1.2326739E-09
-7.9227578E-10  8.7526735E-09  4.3165017E-06  7.8594070E-06  7.9319858E-06 -1.7280520E-07  8.4942330E-06  5.9211588E-06  4.3165017E-06  8.7526735E-09 -7.9227578E-10
-6.7913218E-10  7.9525583E-09  3.8629221E-06  7.0293074E-06  7.0942092E-06 -1.2488458E-07  7.5794145E-06  5.2840620E-06  3.8629221E-06  7.9525583E-09 -6.7913218E-10
-5.9063601E-10  7.2111187E-09  3.4555999E-06  6.2843883E-06  6.3423978E-06 -8.8554086E-08  6.7605052E-06  4.7136800E-06  3.4555999E-06  7.2111187E-09 -5.9063601E-10
-5.3507105E-10  6.5129121E-09  3.0899827E-06  5.6161785E-06  5.6680970E-06 -6.1238411E-08  6.0277432E-06  4.2033036E-06  3.0899827E-06  6.5129121E-09 -5.3507105E-10
-5.1033367E-10  5.8534931E-09  2.7619527E-06  5.0170892E-06  5.0635328E-06 -4.0916198E-08  5.3724015E-06  3.7467764E-06  2.7619527E-06  5.8534931E-09 -5.1033367E-10
-5.5518210E-10  5.1880421E-09  2.4677778E-06  4.4802235E-06  4.5217985E-06 -2.5834142E-08  4.7866001E-06  3.3386541E-06  2.4677778E-06  5.1880421E-09 -5.5518210E-10
-4.0483077E-10  4.7757306E-09  2.2040741E-06  3.9991767E-06  4.0363242E-06 -1.4852308E-08  4.2628384E-06  2.9737052E-06  2.2040741E-06  4.7757306E-09 -4.0483077E-10
 0.0000000E+00  7.0244476E-08  2.9054294E-05  5.2363912E-05  5.2751058E-05 -5.6183720E-05  5.4829014E-05  3.8218873E-05  2.9054294E-05  7.0244476E-08  0.0000000E+00
 5.0232565E-10  6.4495962E-08  2.6189552E-05  4.7175226E-05  4.7526441E-05 -4.5070168E-05  4.9279559E-05  3.4356129E-05  2.6189552E-05  6.4495962E-08  5.0232565E-10
 7.4080917E-10  5.8992644E-08  2.3589681E-05  4.2469270E-05  4.2787744E-05 -3.6060388E-05  4.4258706E-05  3.0860772E-05  2.3589681E-05  5.8992644E-08  7.4080917E-10
 8.1208743E-10  5.3795531E-08  2.1232607E-05  3.8205450E-05  3.8494110E-05 -2.8777178E-05  3.9720743E-05  2.7701095E-05  2.1232607E-05  5.3795531E-08  8.1208743E-10
 7.8336242E-10  4.8937937E-08  1.9097748E-05  3.4345967E-05  3.4607497E-05 -2.2906280E-05  3.5623240E-05  2.4847658E-05  1.9097748E-05  4.8937937E-08  7.8336242E-10
 7.0031105E-10  4.4433416E-08  1.7165968E-05  3.0855722E-05  3.1092577E-05 -1.8187041E-05  3.1926908E-05  2.2273190E-05  1.7165968E-05  4.4433416E-08  7.0031105E-10
 5.9441568E-10  4.0283088E-08  1.5419522E-05  2.7702200E-05  2.7916628E-05 -1.4403900E-05  2.8595463E-05  1.9952503E-05  1.5419522E-05  4.0283088E-08  5.9441568E-10
 4.8192665E-10  3.6474577E-08  1.3841991E-05  2.4855354E-05  2.5049408E-05 -1.1378979E-05  2.5595475E-05  1.7862382E-05  1.3841991E-05  3.6474577E-08  4.8192665E-10
 3.5914961E-10  3.2977264E-08  1.2418216E-05  2.2287482E-05  2.2463036E-05 -8.9668298E-06  2.2896216E-05  1.5981478E-05  1.2418216E-05  3.2977264E-08  3.5914961E-10
 1.9441539E-10  2.9734202E-08  1.1134234E-05  1.9973105E-05  2.0131881E-05 -7.0484214E-06  2.0469523E-05  1.4290223E-05  1.1134234E-05  2.9734202E-08  1.9441539E-10
-8.8030303E-11  2.6645942E-08  9.9772079E-06  1.7888841E-05  1.8032464E-05 -5.5263636E-06  1.8289637E-05  1.2770744E-05  9.9772079E-06  2.6645942E-08 -8.8030303E-11
-7.4004875E-12  2.4172438E-08  8.9353534E-06  1.6012860E-05  1.6142614E-05 -4.3219753E-06  1.6332323E-05  1.1406182E-05  8.9353534E-06  2.4172438E-08 -7.4004875E-12
-5.4553268E-11  2.1800974E-08  7.9978736E-06  1.4325845E-05  1.4443078E-05 -3.3713476E-06  1.4576636E-05  1.0181980E-05  7.9978736E-06  2.1800974E-08 -5.4553268E-11
-8.7213599E-11  1.9655141E-08  7.1548928E-06  1.2809713E-05  1.2915601E-05 -2.6228373E-06  1.3002734E-05  9.0843462E-06  7.1548929E-06  1.9655141E-08 -8.7213599E-11
-1.0899635E-10  1.7713624E-08  6.3973888E-06  1.1448055E-05  1.1543665E-05 -2.0349892E-06  1.1592728E-05  8.1008407E-06  6.3973888E-06  1.7713624E-08 -1.0899635E-10
-1.2674115E-10  1.5953184E-08  5.7171329E-06  1.0225918E-05  1.0312220E-05 -1.5744910E-06  1.0330364E-05  7.2201587E-06  5.7171329E-06  1.5953184E-08 -1.2674115E-10
-1.5679094E-10  1.4342308E-08  5.1066303E-06  9.1296900E-06  9.2075861E-06 -1.2145838E-06  9.2008969E-06  6.4320580E-06  5.1066303E-06  1.4342308E-08 -1.5679094E-10
-2.3715035E-10  1.2828985E-08  4.5590613E-06  8.1470284E-06  8.2173367E-06 -9.3408617E-07  8.1909968E-06  5.7272544E-06  4.5590614E-06  1.2828985E-08 -2.3715035E-10
-4.4008678E-10  1.1328040E-08  4.0682305E-06  7.2667442E-06  7.3302394E-06 -7.1603381E-07  7.2886326E-06  5.0973806E-06  4.0682305E-06  1.1328040E-08 -4.4008678E-10
-2.0017659E-10  1.0393005E-08  3.6285043E-06  6.4782238E-06  6.5353971E-06 -5.4698307E-07  6.4821410E-06  4.5343216E-06  3.6285043E-06  1.0393005E-08 -2.0017659E-10
-1.5160104E-10  9.3786901E-09  3.2347914E-06  5.7726921E-06  5.8242112E-06 -4.1638750E-07  5.7624136E-06  4.0317376E-06  3.2347914E-06  9.3786901E-09 -1.5160104E-10
-1.2062567E-10  8.4487813E-09  2.8824677E-06  5.1416647E-06  5.1880686E-06 -3.1555189E-07  5.1202975E-06  3.5832513E-06  2.8824677E-06  8.4487813E-09 -1.2062567E-10
-1.1819676E-10  7.5831052E-09  2.5673512E-06  4.5775636E-06  4.6193865E-06 -2.3802663E-07  4.5477220E-06  3.1832806E-06  2.5673512E-06  7.5831052E-09 -1.1819676E-10
-1.2977189E-10  6.7877428E-09  2.2856605E-06  4.0735643E-06  4.1112412E-06 -1.7873552E-07  4.0374261E-06  2.8267307E-06  2.2856605E-06  6.7877428E-09 -1.2977189E-10
-1.8656306E-10  6.0237493E-09  2.0339822E-06  3.6235148E-06  3.6574659E-06 -1.3325937E-07  3.5829028E-06  2.5090840E-06  2.0339822E-06  6.0237493E-09 -1.8656306E-10
-3.4204811E-10  5.2305956E-09  1.8092345E-06  3.2218983E-06  3.2525244E-06 -9.8725322E-08  3.1783207E-06  2.2262752E-06  1.8092345E-06  5.2305956E-09 -3.4204811E-10
-1.0565623E-10  4.8920575E-09  1.6086143E-06  2.8632987E-06  2.8907840E-06 -7.2501928E-08  2.8178321E-06  1.9742403E-06  1.6086143E-06  4.8920575E-09 -1.0565623E-10
-7.6461019E-11  4.4035173E-09  1.4296439E-06  2.5436760E-06  2.5683887E-06 -5.2792778E-08  2.4973821E-06  1.7501419E-06  1.4296440E-06  4.4035173E-09 -7.6461019E-11
-5.9818361E-11  3.9540983E-09  1.2700555E-06  2.2588131E-06  2.2810140E-06 -3.7950647E-08  2.2124874E-06  1.5508518E-06  1.2700555E-06  3.9540983E-09 -5.9818361E-11
-6.0168455E-11  3.5344345E-09  1.1278159E-06  2.0050277E-06  2.0250099E-06 -2.6861303E-08  1.9593020E-06  1.3737360E-06  1.1278159E-06  3.5344345E-09 -6.0168455E-11
-7.5204404E-11  3.1423708E-09  1.0011001E-06  1.7790603E-06  1.7970280E-06 -1.8659537E-08  1.7344253E-06  1.2163716E-06  1.0011001E-06  3.1423708E-09 -7.5204404E-11
-1.2860823E-10  2.7501722E-09  8.8826750E-07  1.5779643E-06  1.5941333E-06 -1.2572407E-08  1.5348033E-06  1.0766494E-06  8.8826750E-07  2.7501722E-09 -1.2860823E-10
-6.1854515E-11  2.5124778E-09  7.8782549E-07  1.3989701E-06  1.4134803E-06 -8.1432381E-09  1.3575101E-06  9.5252624E-07  7.8782549E-07  2.5124778E-09 -6.1854515E-11
 0.0000000E+00  3.6697906E-08  1.0205785E-05  1.7966736E-05  1.8135578E-05 -2.5560832E-05  1.6769615E-05  1.1778764E-05  1.0205785E-05  3.6697906E-08  0.0000000E+00
 4.1070469E-10  3.3506729E-08  9.1223749E-06  1.6053921E-05  1.6207879E-05 -2.0170598E-05  1.4944856E-05  1.0500773E-05  9.1223749E-06  3.3506729E-08  4.1070469E-10
 6.4552073E-10  3.0469917E-08  8.1475598E-06  1.4333568E-05  1.4473871E-05 -1.5874973E-05  1.3308123E-05  9.3540923E-06  8.1475598E-06  3.0469917E-08  6.4552073E-10
 7.6215592E-10  2.7617874E-08  7.2714078E-06  1.2787967E-05  1.2915755E-05 -1.2461588E-05  1.1841631E-05  8.3263437E-06  7.2714078E-06  2.7617874E-08  7.6215592E-10
 8.0156363E-10  2.4966118E-08  6.4847467E-06  1.1400784E-05  1.1517108E-05 -9.7569553E-06  1.0529029E-05  7.4061401E-06  6.4847467E-06  2.4966118E-08  8.0156363E-10
 7.9239882E-10  2.2519663E-08  5.7791309E-06  1.0156992E-05  1.0262821E-05 -7.6200091E-06  9.3553223E-06  6.5830354E-06  5.7791309E-06  2.2519663E-08  7.9239882E-10
 7.5532424E-10  2.0277248E-08  5.1468050E-06  9.0428030E-06  9.1390322E-06 -5.9362430E-06  8.3067977E-06  5.8474712E-06  5.1468050E-06  2.0277248E-08  7.5532424E-10
 7.0298386E-10  1.8231231E-08  4.5806643E-06  8.0455999E-06  8.1330527E-06 -4.6128483E-06  7.3709472E-06  5.1907255E-06  4.5806643E-06  1.8231231E-08  7.0298386E-10
 6.3804912E-10  1.6365563E-08  4.0742143E-06  7.1538609E-06  7.2332952E-06 -3.5756117E-06  6.5363852E-06  4.6048545E-06  4.0742143E-06  1.6365563E-08  6.3804912E-10
 5.5037297E-10  1.4652884E-08  3.6215322E-06  6.3570938E-06  6.4292097E-06 -2.7648792E-06  5.7927845E-06  4.0826496E-06  3.6215322E-06  1.4652884E-08  5.5037297E-10
 4.0960934E-10  1.3047086E-08  3.2172282E-06  5.6457639E-06  5.7112281E-06 -2.1326119E-06  5.1307968E-06  3.6175937E-06  3.2172282E-06  1.3047086E-08  4.0960934E-10
 3.9398679E-10  1.1710648E-08  2.8564170E-06  5.0110786E-06  5.0704282E-06 -1.6409069E-06  4.5416774E-06  3.2035752E-06  2.8564171E-06  1.1710648E-08  3.9398679E-10
 3.3768647E-10  1.0465494E-08  2.5346381E-06  4.4452765E-06  4.4990706E-06 -1.2594703E-06  4.0179935E-06  2.8354053E-06  2.5346381E-06  1.0465494E-08  3.3768647E-10
 2.8991895E-10  9.3481862E-09  2.2478736E-06  3.9412070E-06  3.9899393E-06 -9.6426286E-07  3.5527456E-06  2.5081928E-06  2.2478736E-06  9.3481862E-09  2.8991895E-10
 2.4886993E-10  8.3456505E-09  1.9924854E-06  3.4924360E-06  3.5365584E-06 -7.3639253E-07  3.1396922E-06  2.2175746E-06  1.9924854E-06  8.3456505E-09  2.4886993E-10
 2.1070146E-10  7.4437646E-09  1.7651888E-06  3.0931594E-06  3.1330848E-06 -5.6094210E-07  2.7732209E-06  1.9596250E-06  1.7651888E-06  7.4437646E-09  2.1070146E-10
 1.6602586E-10  6.6237705E-09  1.5630226E-06  2.7381451E-06  2.7742632E-06 -4.2612586E-07  2.4482890E-06  1.7308254E-06  1.5630226E-06  6.6237705E-09  1.6602586E-10
 9.3833585E-11  5.8561487E-09  1.3833204E-06  2.4227003E-06  2.4553671E-06 -3.2284030E-07  2.1603915E-06  1.5280162E-06  1.3833204E-06  5.8561487E-09  9.3833585E-11
-4.5812397E-11  5.0932686E-09  1.2236855E-06  2.1426182E-06  2.1721751E-06 -2.4389926E-07  1.9055073E-06  1.3483840E-06  1.2236855E-06  5.0932686E-09 -4.5812397E-11
 7.0622953E-11  4.6507527E-09  1.0819295E-06  1.8938249E-06  1.9204728E-06 -1.8372003E-07  1.6796495E-06  1.1891457E-06  1.0819295E-06  4.6507527E-09  7.0622953E-11
 7.9329558E-11  4.1592939E-09  9.5615067E-07  1.6732022E-06  1.6972419E-06 -1.3802718E-07  1.4799562E-06  1.0482876E-06  9.5615067E-07  4.1592939E-09  7.9329558E-11
 7.8733495E-11  3.7112125E-09  8.4460153E-07  1.4776067E-06  1.4992780E-06 -1.0327841E-07  1.3034144E-06  9.2369806E-07  8.4460153E-07  3.7112125E-09  7.8733495E-11
 6.2827620E-11  3.2952177E-09  7.4572640E-07  1.3042877E-06  1.3238340E-06 -7.6986588E-08  1.1474202E-06  8.1357217E-07  7.4572640E-07  3.2952177E-09  6.2827620E-11
 4.1070680E-11  2.9159539E-09  6.5813089E-07  1.1507948E-06  1.1684107E-06 -5.7223254E-08  1.0096576E-06  7.1626486E-07  6.5813089E-07  2.9159539E-09  4.1070680E-11
-4.5551410E-12  2.5511082E-09  5.8057041E-07  1.0149424E-06  1.0308193E-06 -4.2247083E-08  8.8807375E-07  6.3034312E-07  5.8057041E-07  2.5511082E-09 -4.5551410E-12
-1.0162340E-10  2.1692539E-09  5.1193467E-07  8.9478030E-07  9.0910217E-07 -3.1060840E-08  7.8086886E-07  5.5454725E-07  5.1193467E-07  2.1692539E-09 -1.0162340E-10
 1.8181738E-11  2.0345443E-09  4.5119240E-07  7.8836059E-07  8.0120591E-07 -2.2677052E-08  6.8609935E-07  4.8751117E-07  4.5119241E-07  2.0345443E-09  1.8181738E-11
 2.4853143E-11  1.8145486E-09  3.9750084E-07  6.9437254E-07  7.0591385E-07 -1.6479655E-08  6.0267390E-07  4.2846641E-07  3.9750084E-07  1.8145486E-09  2.4853143E-11
 2.5304176E-11  1.6130493E-09  3.5005217E-07  6.1134255E-07  6.2170067E-07 -1.1862860E-08  5.2918119E-07  3.7641882E-07  3.5005217E-07  1.6130493E-09  2.5304176E-11
 1.7542780E-11  1.4254606E-09  3.0814015E-07  5.3801711E-07  5.4732955E-07 -8.4529231E-09  4.6446054E-07  3.3057588E-07  3.0814015E-07  1.4254606E-09  1.7542780E-11
 3.3372982E-12  1.2512232E-09  2.7113695E-07  4.7330578E-07  4.8166742E-07 -5.9627334E-09  4.0750266E-07  2.9020207E-07  2.7113695E-07  1.2512232E-09  3.3372982E-12
-2.9639456E-11  1.0759401E-09  2.3848422E-07  4.1622962E-07  4.2374144E-07 -4.1217345E-09  3.5740722E-07  2.5467366E-07  2.3848422E-07  1.0759401E-09 -2.9639456E-11
 0.0000000E+00  9.7894620E-10  2.0966902E-07  3.6584223E-07  3.7257026E-07 -2.7940161E-09  3.1329878E-07  2.2337676E-07  2.0966902E-07  9.7894620E-10  0.0000000E+00
 0.0000000E+00  1.3327695E-08  2.3188741E-06  4.0131450E-06  4.1147233E-06 -8.6091669E-06  3.1197286E-06  2.2579002E-06  2.3188741E-06  1.3327695E-08  0.0000000E+00
 1.7311092E-10  1.2050306E-08  2.0517000E-06  3.5502174E-06  3.6423451E-06 -6.6406691E-06  2.7513313E-06  1.9934324E-06  2.0517000E-06  1.2050306E-08  1.7311092E-10
 2.7429735E-10  1.0850172E-08  1.8137683E-06  3.1380444E-06  3.2215150E-06 -5.1084544E-06  2.4243359E-06  1.7584461E-06  1.8137683E-06  1.0850172E-08  2.7429735E-10
 3.2678536E-10  9.7363932E-09  1.6021197E-06  2.7714727E-06  2.8470245E-06 -3.9193323E-06  2.1344230E-06  1.5498936E-06  1.6021197E-06  9.7363932E-09  3.2678536E-10
 3.4702485E-10  8.7124571E-09  1.4140554E-06  2.4458063E-06  2.5141246E-06 -2.9991336E-06  1.8776694E-06  1.3650029E-06  1.4140554E-06  8.7124571E-09  3.4702485E-10
 3.4653044E-10  7.7780088E-09  1.2471204E-06  2.1567771E-06  2.2184966E-06 -2.2891400E-06  1.6505209E-06  1.2012593E-06  1.2471204E-06  7.7780088E-09  3.4653044E-10
 3.3314893E-10  6.9300506E-09  1.0990878E-06  1.9005156E-06  1.9562229E-06 -1.7428525E-06  1.4497664E-06  1.0563883E-06  1.0990878E-06  6.9300506E-09  3.3314893E-10
 3.1058596E-10  6.1624053E-09  9.6794208E-07  1.6735225E-06  1.7237585E-06 -1.3234682E-06  1.2725113E-06  9.2833653E-07  9.6794208E-07  6.1624053E-09  3.1058596E-10
 2.7714819E-10  5.4644026E-09  8.5186332E-07  1.4726425E-06  1.5179051E-06 -1.0024863E-06  1.1161549E-06  8.1525596E-07  8.5186332E-07  5.4644026E-09  2.7714819E-10
 2.2281442E-10  4.8179036E-09  7.4921289E-07  1.2950394E-06  1.3357893E-06 -7.5753481E-07  9.7836771E-07  7.1548984E-07  7.4921289E-07  4.8179036E-09  2.2281442E-10
 1.2430514E-10  4.1923354E-09  6.5851949E-07  1.1381702E-06  1.1748480E-06 -5.7094937E-07  8.5706769E-07  6.2756419E-07  6.5851949E-07  4.1923354E-09  1.2430514E-10
 1.5793227E-10  3.7563610E-09  5.7842034E-07  9.9957315E-07  1.0325242E-06 -4.2927716E-07  7.5023302E-07  5.5004315E-07  5.7842034E-07  3.7563610E-09  1.5793227E-10
 1.3981227E-10  3.3209940E-09  5.0776466E-07  8.7735927E-07  9.0695163E-07 -3.2197792E-07  6.5634345E-07  4.8183241E-07  5.0776466E-07  3.3209940E-09  1.3981227E-10
 1.2339380E-10  2.9339096E-09  4.4547694E-07  7.6963354E-07  7.9618879E-07 -2.4088660E-07  5.7385822E-07  4.2183548E-07  4.4547694E-07  2.9339096E-09  1.2339380E-10
 1.0831964E-10  2.5897993E-09  3.9060562E-07  6.7474703E-07  6.9855837E-07 -1.7977941E-07  5.0144557E-07  3.6910078E-07  3.9060562E-07  2.5897993E-09  1.0831964E-10
 9.3194342E-11  2.2828135E-09  3.4230154E-07  5.9122943E-07  6.1256349E-07 -1.3385125E-07  4.3792217E-07  3.2278134E-07  3.4230154E-07  2.2828135E-09  9.3194342E-11
 7.4180885E-11  2.0051208E-09  2.9980823E-07  5.1777003E-07  5.3687480E-07 -9.9383982E-08  3.8223635E-07  2.8212784E-07  2.9980823E-07  2.0051208E-09  7.4180885E-11
 4.2843935E-11  1.7447211E-09  2.6245318E-07  4.5321071E-07  4.7031030E-07 -7.3610631E-08  3.3346297E-07  2.4647326E-07  2.6245318E-07  1.7447211E-09  4.2843935E-11
-1.6901098E-11  1.4823728E-09  2.2964017E-07  3.9652765E-07  4.1183135E-07 -5.4381552E-08  2.9078666E-07  2.1523242E-07  2.2964017E-07  1.4823728E-09 -1.6901098E-11
 3.4727699E-11  1.3542749E-09  2.0080508E-07  3.4666125E-07  3.6031848E-07 -4.0072190E-08  2.5336382E-07  1.8780937E-07  2.0080508E-07  1.3542749E-09  3.4727699E-11
 3.7986901E-11  1.1988665E-09  1.7551095E-07  3.0295040E-07  3.1513993E-07 -2.9482187E-08  2.2067197E-07  1.6381652E-07  1.7551095E-07  1.1988665E-09  3.7986901E-11
 3.6857512E-11  1.0575863E-09  1.5332808E-07  2.6462444E-07  2.7549524E-07 -2.1595412E-08  1.9210606E-07  1.4282095E-07  1.5332808E-07  1.0575863E-09  3.6857512E-11
 2.9696141E-11  9.2672183E-10  1.3388554E-07  2.3103819E-07  2.4073326E-07 -1.5766807E-08  1.6715837E-07  1.2446359E-07  1.3388554E-07  9.2672183E-10  2.9696141E-11
 2.0667305E-11  8.0856388E-10  1.1685383E-07  2.0162372E-07  2.1026293E-07 -1.1503142E-08  1.4538402E-07  1.0841612E-07  1.1685383E-07  8.0856388E-10  2.0667305E-11
 3.1626304E-12  6.9488067E-10  1.0194348E-07  1.7588257E-07  1.8357855E-07 -8.3218455E-09  1.2639353E-07  9.4399203E-08  1.0194348E-07  6.9488067E-10  3.1626304E-12
-3.2090222E-11  5.7497322E-10  8.8900252E-08  1.5336637E-07  1.6022361E-07 -6.0091080E-09  1.0986288E-07  8.2181741E-08  8.8900252E-08  5.7497322E-10 -3.2090222E-11
 1.0031183E-11  5.4217643E-10  7.7474372E-08  1.3362424E-07  1.3970991E-07 -4.3098718E-09  9.5379231E-08  7.1461847E-08  7.7474372E-08  5.4217643E-10  1.0031183E-11
 1.1678669E-11  4.7806125E-10  6.7494747E-08  1.1639488E-07  1.2180025E-07 -3.0901807E-09  8.2798816E-08  6.2135184E-08  6.7494747E-08  4.7806125E-10  1.1678669E-11
 1.1154635E-11  4.1969857E-10  5.8775311E-08  1.0134554E-07  1.0614183E-07 -2.1968802E-09  7.1848129E-08  5.4002402E-08  5.8775311E-08  4.1969857E-10  1.1154635E-11
 7.9563929E-12  3.6566358E-10  5.1160803E-08  8.8203739E-08  9.2462974E-08 -1.5505274E-09  6.2318691E-08  4.6918896E-08  5.1160803E-08  3.6566358E-10  7.9563929E-12
 2.8328096E-12  3.1588552E-10  4.4514733E-08  7.6737781E-08  8.0515894E-08 -1.0904249E-09  5.4032972E-08  4.0747660E-08  4.4514733E-08  3.1588552E-10  2.8328096E-12
-8.2110289E-12  2.6566203E-10  3.8717571E-08  6.6741761E-08  7.0093181E-08 -7.5278696E-10  4.6833681E-08  3.5376664E-08  3.8717571E-08  2.6566203E-10 -8.2110289E-12
 1.1100688E-12  2.4049345E-10  3.3656434E-08  5.8004424E-08  6.0970859E-08 -5.1484724E-10  4.0566895E-08  3.0695956E-08  3.3656434E-08  2.4049345E-10  1.1100688E-12
 0.0000000E+00  2.2285092E-09  2.2439190E-07  3.8238440E-07  4.3319124E-07 -1.4860031E-06  2.0140519E-07  1.8093229E-07  2.2439190E-07  2.2285092E-09  0.0000000E+00
 2.7443846E-11  1.9700052E-09  1.9550155E-07  3.3306913E-07  3.7802008E-07 -1.0969520E-06  1.7446745E-07  1.5745902E-07  1.9550155E-07  1.9700052E-09  2.7443846E-11
 4.2687850E-11  1.7344635E-09  1.7017433E-07  2.8985195E-07  3.2956686E-07 -8.0728974E-07  1.5100345E-07  1.3690677E-07  1.7017433E-07  1.7344635E-09  4.2687850E-11
 4.9949942E-11  1.5220332E-09  1.4799773E-07  2.5202343E-07  2.8706551E-07 -5.9237571E-07  1.3058839E-07  1.1893373E-07  1.4799773E-07  1.5220332E-09  4.9949942E-11
 5.2119431E-11  1.3319625E-09  1.2860220E-07  2.1894891E-07  2.4982835E-07 -4.3345157E-07  1.1284508E-07  1.0323418E-07  1.2860220E-07  1.3319625E-09  5.2119431E-11
 5.1147632E-11  1.1629520E-09  1.1165760E-07  1.9006199E-07  2.1723974E-07 -3.1634954E-07  9.7439576E-08  8.9535410E-08  1.1165760E-07  1.1629520E-09  5.1147632E-11
 4.8254530E-11  1.0133270E-09  9.6869752E-08  1.6485852E-07  1.8874992E-07 -2.3032530E-07  8.4076897E-08  7.7594803E-08  9.6869752E-08  1.0133270E-09  4.8254530E-11
 4.3767988E-11  8.8084637E-10  8.3977167E-08  1.4289110E-07  1.6386935E-07 -1.6721905E-07  7.2497300E-08  6.7197019E-08  8.3977167E-08  8.8084637E-10  4.3767988E-11
 3.6784270E-11  7.6233869E-10  7.2748149E-08  1.2376428E-07  1.4216382E-07 -1.2110784E-07  6.2473075E-08  5.8151488E-08  7.2748149E-08  7.6233869E-10  3.6784270E-11
 2.4359626E-11  6.5287555E-10  6.2978145E-08  1.0712989E-07  1.2325086E-07 -8.7536303E-08  5.3805165E-08  5.0290809E-08  6.2978145E-08  6.5287555E-10  2.4359626E-11
 0.0000000E+00  5.4449916E-10  5.4487403E-08  9.2682168E-08  1.0679817E-07 -6.3093107E-08  4.6319260E-08  4.3470482E-08  5.4487403E-08  5.4449916E-10  0.0000000E+00
 1.3500223E-11  4.8409401E-10  4.7100981E-08  8.0098259E-08  9.2438317E-08 -4.5379717E-08  3.9830266E-08  3.7538008E-08  4.7100981E-08  4.8409401E-10  1.3500223E-11
 1.1815791E-11  4.1859198E-10  4.0693254E-08  6.9190471E-08  7.9970602E-08 -3.2573167E-08  3.4238023E-08  3.2399607E-08  4.0693254E-08  4.1859198E-10  1.1815791E-11
 1.0266734E-11  3.6165886E-10  3.5135487E-08  5.9731331E-08  6.9139998E-08 -2.3323149E-08  2.9414539E-08  2.7947688E-08  3.5135488E-08  3.6165886E-10  1.0266734E-11
 8.7899008E-12  3.1215441E-10  3.0318572E-08  5.1534663E-08  5.9738922E-08 -1.6667220E-08  2.5257024E-08  2.4093350E-08  3.0318572E-08  3.1215441E-10  8.7899008E-12
 7.0973048E-12  2.6884794E-10  2.6146872E-08  4.4437525E-08  5.1585158E-08 -1.1890305E-08  2.1676136E-08  2.0758732E-08  2.6146872E-08  2.6884794E-10  7.0973048E-12
 4.3973816E-12  2.3012788E-10  2.2536760E-08  3.8297223E-08  4.4520004E-08 -8.4576314E-09  1.8593857E-08  1.7876425E-08  2.2536760E-08  2.3012788E-10  4.3973816E-12
 0.0000000E+00  1.9360499E-10  1.9415396E-08  3.2991010E-08  3.8404790E-08 -6.0062021E-09  1.5943837E-08  1.5386907E-08  1.9415396E-08  1.9360499E-10  0.0000000E+00
-1.2271870E-11  1.5548735E-10  1.6719651E-08  2.8413044E-08  3.3120963E-08 -4.2577211E-09  1.3668813E-08  1.3239219E-08  1.6719651E-08  1.5548735E-10 -1.2271870E-11
 0.0000000E+00  1.4396881E-10  1.4384197E-08  2.4434409E-08  2.8520440E-08 -3.0134935E-09  1.1702672E-08  1.1379964E-08  1.4384197E-08  1.4396881E-10  0.0000000E+00
 1.2038347E-12  1.2534141E-10  1.2371007E-08  2.1011083E-08  2.4556410E-08 -2.1386869E-09  1.0018145E-08  9.7784907E-09  1.2371007E-08  1.2534141E-10  1.2038347E-12
 1.6863123E-12  1.0843594E-10  1.0634399E-08  1.8059074E-08  2.1132886E-08 -1.5059006E-09  8.5727592E-09  8.3983558E-09  1.0634399E-08  1.0843594E-10  1.6863123E-12
 0.0000000E+00  9.2693220E-11  9.1374316E-09  1.5515063E-08  1.8179158E-08 -1.0573608E-09  7.3329624E-09  7.2102742E-09  9.1374316E-09  9.2693220E-11  0.0000000E+00
 0.0000000E+00  7.8660118E-11  7.8476389E-09  1.3324043E-08  1.5631272E-08 -7.4786023E-10  6.2701032E-09  6.1872617E-09  7.8476389E-09  7.8660118E-11  0.0000000E+00
-2.8556034E-12  6.4892019E-11  6.7372949E-09  1.1439388E-08  1.3436628E-08 -5.1832148E-10  5.3596303E-09  5.3071217E-09  6.7372949E-09  6.4892019E-11 -2.8556034E-12
-8.5917616E-12  4.9637028E-11  5.7827033E-09  9.8170892E-09  1.1545734E-08 -3.6101842E-10  4.5856439E-09  4.5553895E-09  5.7827033E-09  4.9637028E-11 -8.5917616E-12
 0.0000000E+00  4.9045755E-11  4.9571129E-09  8.4133766E-09  9.9058346E-09 -2.4868160E-10  3.9100920E-09  3.8993078E-09  4.9571129E-09  4.9045755E-11  0.0000000E+00
 0.0000000E+00  4.2521060E-11  4.2493216E-09  7.2110276E-09  8.4998975E-09 -1.7352746E-10  3.3375055E-09  3.3398363E-09  4.2493216E-09  4.2521060E-11  0.0000000E+00
 0.0000000E+00  3.6579580E-11  3.6410931E-09  6.1782757E-09  7.2905683E-09 -1.1947547E-10  2.8477753E-09  2.8593377E-09  3.6410932E-09  3.6579580E-11  0.0000000E+00
 0.0000000E+00  3.1042892E-11  3.1187240E-09  5.2914065E-09  6.2512227E-09 -8.1764992E-11  2.4291179E-09  2.4473429E-09  3.1187240E-09  3.1042892E-11  0.0000000E+00
 0.0000000E+00  2.5943772E-11  2.6703513E-09  4.5306696E-09  5.3583521E-09 -5.6457145E-11  2.0713895E-09  2.0937622E-09  2.6703513E-09  2.5943772E-11  0.0000000E+00
-2.4789685E-12  2.0579185E-11  2.2858658E-09  3.8791775E-09  4.5927669E-09 -3.7700458E-11  1.7659464E-09  1.7905768E-09  2.2858658E-09  2.0579185E-11 -2.4789685E-12
 0.0000000E+00  1.8833394E-11  1.9549583E-09  3.3161427E-09  3.9304780E-09 -2.5220532E-11  1.5046883E-09  1.5309166E-09  1.9549583E-09  1.8833394E-11  0.0000000E+00
 0.0000000E+00  0.0000000E+00  0.0000000E+00  0.0000000E+00  0.0000000E+00  0.0000000E+00  0.0000000E+00  0.0000000E+00  0.0000000E+00  0.0000000E+00  0.0000000E+00
 0.0000000E+00  0.0000000E+00  0.0000000E+00  0.0000000E+00  0.0000000E+00  0.0000000E+00  0.0000000E+00  0.0000000E+00  0.0000000E+00  0.0000000E+00  0.0000000E+00
 0.0000000E+00  0.0000000E+00  0.0000000E+00  0.0000000E+00  0.0000000E+00  0.0000000E+00  0.0000000E+00  0.0000000E+00  0.0000000E+00  0.0000000E+00  0.0000000E+00
 0.0000000E+00  0.0000000E+00  0.0000000E+00  0.0000000E+00  0.0000000E+00  0.0000000E+00  0.0000000E+00  0.0000000E+00  0.0000000E+00  0.0000000E+00  0.0000000E+00
 0.0000000E+00  0.0000000E+00  0.0000000E+00  0.0000000E+00  0.0000000E+00  0.0000000E+00  0.0000000E+00  0.0000000E+00  0.0000000E+00  0.0000000E+00  0.0000000E+00
 0.0000000E+00  0.0000000E+00  0.0000000E+00  0.0000000E+00  0.0000000E+00  0.0000000E+00  0.0000000E+00  0.0000000E+00  0.0000000E+00  0.0000000E+00  0.0000000E+00
 0.0000000E+00  0.0000000E+00  0.0000000E+00  0.0000000E+00  0.0000000E+00  0.0000000E+00  0.0000000E+00  0.0000000E+00  0.0000000E+00  0.0000000E+00  0.0000000E+00
 0.0000000E+00  0.0000000E+00  0.0000000E+00  0.0000000E+00  0.0000000E+00  0.0000000E+00  0.0000000E+00  0.0000000E+00  0.0000000E+00  0.0000000E+00  0.0000000E+00
 0.0000000E+00  0.0000000E+00  0.0000000E+00  0.0000000E+00  0.0000000E+00  0.0000000E+00  0.0000000E+00  0.0000000E+00  0.0000000E+00  0.0000000E+00  0.0000000E+00
 0.0000000E+00  0.0000000E+00  0.0000000E+00  0.0000000E+00  0.0000000E+00  0.0000000E+00  0.0000000E+00  0.0000000E+00  0.0000000E+00  0.0000000E+00  0.0000000E+00
 0.0000000E+00  0.0000000E+00  0.0000000E+00  0.0000000E+00  0.0000000E+00  0.0000000E+00  0.0000000E+00  0.0000000E+00  0.0000000E+00  0.0000000E+00  0.0000000E+00
 0.0000000E+00  0.0000000E+00  0.0000000E+00  0.0000000E+00  0.0000000E+00  0.0000000E+00  0.0000000E+00  0.0000000E+00  0.0000000E+00  0.0000000E+00  0.0000000E+00
 0.0000000E+00  0.0000000E+00  0.0000000E+00  0.0000000E+00  0.0000000E+00  0.0000000E+00  0.0000000E+00  0.0000000E+00  0.0000000E+00  0.0000000E+00  0.0000000E+00
 0.0000000E+00  0.0000000E+00  0.0000000E+00  0.0000000E+00  0.0000000E+00  0.0000000E+00  0.0000000E+00  0.0000000E+00  0.0000000E+00  0.0000000E+00  0.0000000E+00
 0.0000000E+00  0.0000000E+00  0.0000000E+00  0.0000000E+00  0.0000000E+00  0.0000000E+00  0.0000000E+00  0.0000000E+00  0.0000000E+00  0.0000000E+00  0.0000000E+00
 0.0000000E+00  0.0000000E+00  0.0000000E+00  0.0000000E+00  0.0000000E+00  0.0000000E+00  0.0000000E+00  0.0000000E+00  0.0000000E+00  0.0000000E+00  0.0000000E+00
 0.0000000E+00  0.0000000E+00  0.0000000E+00  0.0000000E+00  0.0000000E+00  0.0000000E+00  0.0000000E+00  0.0000000E+00  0.0000000E+00  0.0000000E+00  0.0000000E+00
 0.0000000E+00  0.0000000E+00  0.0000000E+00  0.0000000E+00  0.0000000E+00  0.0000000E+00  0.0000000E+00  0.0000000E+00  0.0000000E+00  0.0000000E+00  0.0000000E+00
 0.0000000E+00  0.0000000E+00  0.0000000E+00  0.0000000E+00  0.0000000E+00  0.0000000E+00  0.0000000E+00  0.0000000E+00  0.0000000E+00  0.0000000E+00  0.0000000E+00
 0.0000000E+00  0.0000000E+00  0.0000000E+00  0.0000000E+00  0.0000000E+00  0.0000000E+00  0.0000000E+00  0.0000000E+00  0.0000000E+00  0.0000000E+00  0.0000000E+00
 0.0000000E+00  0.0000000E+00  0.0000000E+00  0.0000000E+00  0.0000000E+00  0.0000000E+00  0.0000000E+00  0.0000000E+00  0.0000000E+00  0.0000000E+00  0.0000000E+00
 0.0000000E+00  0.0000000E+00  0.0000000E+00  0.0000000E+00  0.0000000E+00  0.0000000E+00  0.0000000E+00  0.0000000E+00  0.0000000E+00  0.0000000E+00  0.0000000E+00
 0.0000000E+00  0.0000000E+00  0.0000000E+00  0.0000000E+00  0.0000000E+00  0.0000000E+00  0.0000000E+00  0.0000000E+00  0.0000000E+00  0.0000000E+00  0.0000000E+00
 0.0000000E+00  0.0000000E+00  0.0000000E+00  0.0000000E+00  0.0000000E+00  0.0000000E+00  0.0000000E+00  0.0000000E+00  0.0000000E+00  0.0000000E+00  0.0000000E+00
 0.0000000E+00  0.0000000E+00  0.0000000E+00  0.0000000E+00  0.0000000E+00  0.0000000E+00  0.0000000E+00  0.0000000E+00  0.0000000E+00  0.0000000E+00  0.0000000E+00
 0.0000000E+00  0.0000000E+00  0.0000000E+00  0.0000000E+00  0.0000000E+00  0.0000000E+00  0.0000000E+00  0.0000000E+00  0.0000000E+00  0.0000000E+00  0.0000000E+00
 0.0000000E+00  0.0000000E+00  0.0000000E+00  0.0000000E+00  0.0000000E+00  0.0000000E+00  0.0000000E+00  0.0000000E+00  0.0000000E+00  0.0000000E+00  0.0000000E+00
 0.0000000E+00  0.0000000E+00  0.0000000E+00  0.0000000E+00  0.0000000E+00  0.0000000E+00  0.0000000E+00  0.0000000E+00  0.0000000E+00  0.0000000E+00  0.0000000E+00
 0.0000000E+00  0.0000000E+00  0.0000000E+00  0.0000000E+00  0.0000000E+00  0.0000000E+00  0.0000000E+00  0.0000000E+00  0.0000000E+00  0.0000000E+00  0.0000000E+00
 0.0000000E+00  0.0000000E+00  0.0000000E+00  0.0000000E+00  0.0000000E+00  0.0000000E+00  0.0000000E+00  0.0000000E+00  0.0000000E+00  0.0000000E+00  0.0000000E+00
 0.0000000E+00  0.0000000E+00  0.0000000E+00  0.0000000E+00  0.0000000E+00  0.0000000E+00  0.0000000E+00  0.0000000E+00  0.0000000E+00  0.0000000E+00  0.0000000E+00
 0.0000000E+00  0.0000000E+00  0.0000000E+00  0.0000000E+00  0.0000000E+00  0.0000000E+00  0.0000000E+00  0.0000000E+00  0.0000000E+00  0.0000000E+00  0.0000000E+00
 0.0000000E+00  0.0000000E+00  0.0000000E+00  0.0000000E+00  0.0000000E+00  0.0000000E+00  0.0000000E+00  0.0000000E+00  0.0000000E+00  0.0000000E+00  0.0000000E+00
---

---
