PdfType: central
Format: lhagrid1
---
   9.261360E-010   1.131190E-009   1.381630E-009   1.687530E-009   2.061150E-009   2.517500E-009   3.074880E-009   3.755670E-009   4.587180E-009   5.602800E-009   6.843270E-009   8.358390E-009   1.020900E-008   1.246930E-008   1.523000E-008   1.860190E-008   2.272050E-008   2.775080E-008   3.389490E-008   4.139940E-008   5.056530E-008   6.176060E-008   7.543460E-008   9.213600E-008   1.125350E-007   1.374510E-007   1.678830E-007   2.050520E-007   2.504520E-007   3.059020E-007   3.736300E-007   4.563530E-007   5.573900E-007   6.807980E-007   8.315290E-007   1.015630E-006   1.240500E-006   1.515140E-006   1.850600E-006   2.260330E-006   2.760770E-006   3.372020E-006   4.118590E-006   5.030460E-006   6.144210E-006   7.504560E-006   9.166090E-006   1.119550E-005   1.367420E-005   1.670170E-005   2.039950E-005   2.491600E-005   3.043250E-005   3.717030E-005   4.539990E-005   5.545160E-005   6.772870E-005   8.272410E-005   1.010390E-004   1.234100E-004   1.507330E-004   1.841060E-004   2.248670E-004   2.746540E-004   3.354630E-004   4.097350E-004   5.004510E-004   6.112530E-004   7.465860E-004   9.118820E-004   1.113780E-003   1.360370E-003   1.661560E-003   2.029430E-003   2.478750E-003   3.027550E-003   3.697860E-003   4.516580E-003   5.516560E-003   6.737950E-003   8.229750E-003   1.005180E-002   1.227730E-002   1.499560E-002   1.831560E-002   2.237080E-002   2.732370E-002   3.337330E-002   4.076220E-002   4.978710E-002   6.081010E-002   7.427360E-002   9.071800E-002   1.108030E-001   1.353350E-001   1.446650E-001   1.546380E-001   1.652990E-001   1.766940E-001   1.888760E-001   2.018970E-001   2.158150E-001   2.306930E-001   2.465970E-001   2.635970E-001   2.817690E-001   3.011940E-001   3.219580E-001   3.441540E-001   3.678790E-001   3.932410E-001   4.203500E-001   4.493290E-001   4.803050E-001   5.134170E-001   5.488120E-001   5.611440E-001   5.737530E-001   5.866460E-001   5.998290E-001   6.133070E-001   6.270890E-001   6.411800E-001   6.555880E-001   6.703200E-001   6.853830E-001   7.007840E-001   7.165310E-001   7.326320E-001   7.490950E-001   7.659280E-001   7.831390E-001   8.007370E-001   8.187310E-001   8.248180E-001   8.309500E-001   8.371280E-001   8.433520E-001   8.496230E-001   8.559400E-001   8.623030E-001   8.687150E-001   8.751730E-001   8.816800E-001   8.882350E-001   8.948390E-001   9.014920E-001   9.081950E-001   9.149470E-001   9.217500E-001   9.286030E-001   9.355070E-001   9.424620E-001   9.494700E-001   9.565290E-001   9.636400E-001   9.708050E-001   9.780230E-001   9.852940E-001   9.926200E-001   1.000000E+000
   1.295000E+000   1.298750E+000   1.464610E+000   1.659240E+000   1.890670E+000   2.167490E+000   2.500670E+000   2.904300E+000   3.396640E+000   4.001450E+000   4.750000E+000   5.767150E+000   7.070720E+000   8.758190E+000   1.096570E+001   1.388560E+001   1.779290E+001   2.308550E+001   3.034710E+001   4.044480E+001   5.468640E+001   7.507240E+001   1.047120E+002   1.485170E+002   2.143800E+002   3.152120E+002   4.725370E+002   7.229460E+002   1.129950E+003   1.806160E+003   2.955930E+003   4.958860E+003   8.538140E+003   1.510790E+004   2.751070E+004   5.162750E+004   1.000000E+005
 -5 -4 -3 -2 -1  1  2  3  4  5 21
 0.0000000E+00  0.0000000E+00  1.9644456E+00  2.3514463E+00  2.3516112E+00  2.3516112E+00  2.3514463E+00  1.9644456E+00  0.0000000E+00  0.0000000E+00  1.7321151E-03
 0.0000000E+00  0.0000000E+00  1.9669276E+00  2.3538580E+00  2.3540247E+00  2.3540284E+00  2.3538635E+00  1.9669276E+00  0.0000000E+00  0.0000000E+00  9.9042836E-02
 0.0000000E+00  1.5229751E-01  2.1082004E+00  2.4927636E+00  2.4929321E+00  2.4929376E+00  2.4927673E+00  2.1082004E+00  1.5229751E-01  0.0000000E+00  4.8494055E+00
 0.0000000E+00  3.9596296E-01  2.3405216E+00  2.7228362E+00  2.7230102E+00  2.7230194E+00  2.7228455E+00  2.3405216E+00  3.9596296E-01  0.0000000E+00  1.2128677E+01
 0.0000000E+00  7.5468137E-01  2.6883505E+00  3.0685147E+00  3.0686922E+00  3.0686922E+00  3.0685147E+00  2.6883505E+00  7.5468137E-01  0.0000000E+00  2.2877041E+01
 0.0000000E+00  1.2558312E+00  3.1790081E+00  3.5570996E+00  3.5572826E+00  3.5572864E+00  3.5571052E+00  3.1790081E+00  1.2558312E+00  0.0000000E+00  3.8177271E+01
 0.0000000E+00  1.9308083E+00  3.8438719E+00  4.2199611E+00  4.2201478E+00  4.2201478E+00  4.2199611E+00  3.8438719E+00  1.9308083E+00  0.0000000E+00  5.9303452E+01
 0.0000000E+00  2.8154257E+00  4.7186907E+00  5.0928370E+00  5.0930290E+00  5.0930290E+00  5.0928370E+00  4.7186907E+00  2.8154257E+00  0.0000000E+00  8.7737957E+01
 0.0000000E+00  3.9502849E+00  5.8440571E+00  6.2163215E+00  6.2165172E+00  6.2165264E+00  6.2163307E+00  5.8440571E+00  3.9502849E+00  0.0000000E+00  1.2518951E+02
 0.0000000E+00  5.3813040E+00  7.2658425E+00  7.6362806E+00  7.6364800E+00  7.6364800E+00  7.6362806E+00  7.2658425E+00  5.3813040E+00  0.0000000E+00  1.7360975E+02
 0.0000000E+00  7.1601241E+00  9.0356699E+00  9.4043020E+00  9.4045014E+00  9.4045014E+00  9.4043020E+00  9.0356699E+00  7.1601241E+00  0.0000000E+00  2.3521446E+02
 2.4226699E+00  9.5345701E+00  1.1400734E+01  1.1767561E+01  1.1767778E+01  1.1767778E+01  1.1767561E+01  1.1400734E+01  9.5345701E+00  2.4226699E+00  3.1447411E+02
 5.3957332E+00  1.2460419E+01  1.4317322E+01  1.4682351E+01  1.4682550E+01  1.4682550E+01  1.4682351E+01  1.4317322E+01  1.2460419E+01  5.3957332E+00  4.1451902E+02
 9.0166286E+00  1.6034841E+01  1.7882853E+01  1.8245974E+01  1.8246192E+01  1.8246192E+01  1.8245974E+01  1.7882853E+01  1.6034841E+01  9.0166286E+00  5.3934734E+02
 1.3395724E+01  2.0368324E+01  2.2207445E+01  2.2568807E+01  2.2569024E+01  2.2569024E+01  2.2568807E+01  2.2207445E+01  2.0368324E+01  1.3395724E+01  6.9348693E+02
 1.8657473E+01  2.5585341E+01  2.7415570E+01  2.7775266E+01  2.7775483E+01  2.7775538E+01  2.7775303E+01  2.7415570E+01  2.5585341E+01  1.8657473E+01  8.8204267E+02
 2.4942047E+01  3.1825737E+01  3.3647447E+01  3.4005420E+01  3.4005655E+01  3.4005655E+01  3.4005420E+01  3.3647447E+01  3.1825737E+01  2.4942047E+01  1.1107427E+03
 3.2406703E+01  3.9246958E+01  4.1060147E+01  4.1416453E+01  4.1416688E+01  4.1416688E+01  4.1416453E+01  4.1060147E+01  3.9246958E+01  3.2406703E+01  1.3859811E+03
 4.1227129E+01  4.8024597E+01  4.9829451E+01  5.0184090E+01  5.0184325E+01  5.0184325E+01  5.0184090E+01  4.9829451E+01  4.8024597E+01  4.1227129E+01  1.7148612E+03
 5.1599667E+01  5.8354996E+01  6.0151514E+01  6.0504486E+01  6.0504722E+01  6.0504722E+01  6.0504486E+01  6.0151514E+01  5.8354996E+01  5.1599667E+01  2.1052461E+03
 6.3742514E+01  7.0456167E+01  7.2244535E+01  7.2595877E+01  7.2596131E+01  7.2596131E+01  7.2595877E+01  7.2244535E+01  7.0456167E+01  6.3742514E+01  2.5658413E+03
 7.7897947E+01  8.4570387E+01  8.6350698E+01  8.6700465E+01  8.6700719E+01  8.6700774E+01  8.6700502E+01  8.6350698E+01  8.4570387E+01  7.7897947E+01  3.1061583E+03
 9.4334361E+01  1.0096549E+02  1.0273812E+02  1.0308616E+02  1.0308653E+02  1.0308653E+02  1.0308616E+02  1.0273812E+02  1.0096549E+02  9.4334361E+01  3.7366717E+03
 1.1334701E+02  1.1993832E+02  1.2170261E+02  1.2204935E+02  1.2204953E+02  1.2204953E+02  1.2204935E+02  1.2170261E+02  1.1993832E+02  1.1334701E+02  4.4687822E+03
 1.3526216E+02  1.4181457E+02  1.4357146E+02  1.4391580E+02  1.4391616E+02  1.4391653E+02  1.4391635E+02  1.4357146E+02  1.4181457E+02  1.3526216E+02  5.3149278E+03
 1.6043917E+02  1.6695176E+02  1.6870123E+02  1.6904427E+02  1.6904445E+02  1.6904501E+02  1.6904464E+02  1.6870123E+02  1.6695176E+02  1.6043917E+02  6.2885838E+03
 1.8927071E+02  1.9574440E+02  1.9748554E+02  1.9782765E+02  1.9782783E+02  1.9782783E+02  1.9782765E+02  1.9748554E+02  1.9574440E+02  1.8927071E+02  7.4043555E+03
 2.2218651E+02  2.2862130E+02  2.3035503E+02  2.3069567E+02  2.3069603E+02  2.3069603E+02  2.3069567E+02  2.3035503E+02  2.2862130E+02  2.2218651E+02  8.6779962E+03
 2.5965612E+02  2.6605294E+02  2.6777926E+02  2.6811860E+02  2.6811878E+02  2.6811878E+02  2.6811860E+02  2.6777926E+02  2.6605294E+02  2.5965612E+02  1.0126464E+04
 3.0219077E+02  3.0855054E+02  3.1026945E+02  3.1060694E+02  3.1060712E+02  3.1060712E+02  3.1060694E+02  3.1026945E+02  3.0855054E+02  3.0219077E+02  1.1768040E+04
 3.5034799E+02  3.5666979E+02  3.5838129E+02  3.5871730E+02  3.5871766E+02  3.5871766E+02  3.5871730E+02  3.5838129E+02  3.5666979E+02  3.5034799E+02  1.3622164E+04
 4.0472977E+02  4.1101453E+02  4.1271862E+02  4.1305370E+02  4.1305406E+02  4.1305406E+02  4.1305370E+02  4.1271862E+02  4.1101453E+02  4.0472977E+02  1.5709767E+04
 4.6598903E+02  4.7223860E+02  4.7393528E+02  4.7426851E+02  4.7426887E+02  4.7426887E+02  4.7426851E+02  4.7393528E+02  4.7223860E+02  4.6598903E+02  1.8053169E+04
 5.3483428E+02  5.4104680E+02  5.4273607E+02  5.4306745E+02  5.4306781E+02  5.4306781E+02  5.4306745E+02  5.4273607E+02  5.4104680E+02  5.3483428E+02  2.0675894E+04
 6.1202494E+02  6.1820134E+02  6.1988320E+02  6.2021365E+02  6.2021401E+02  6.2021401E+02  6.2021365E+02  6.1988320E+02  6.1820134E+02  6.1202494E+02  2.3603317E+04
 6.9838063E+02  7.0452184E+02  7.0619722E+02  7.0652582E+02  7.0652618E+02  7.0652618E+02  7.0652582E+02  7.0619722E+02  7.0452184E+02  6.9838063E+02  2.6862019E+04
 7.9478491E+02  8.0089000E+02  8.0255797E+02  8.0288564E+02  8.0288600E+02  8.0288600E+02  8.0288564E+02  8.0255797E+02  8.0089000E+02  7.9478491E+02  3.0480155E+04
 0.0000000E+00  0.0000000E+00  1.9155119E+00  2.2928223E+00  2.2929993E+00  2.2929993E+00  2.2928223E+00  1.9155119E+00  0.0000000E+00  0.0000000E+00  1.9006594E-03
 0.0000000E+00  0.0000000E+00  1.9179326E+00  2.2951865E+00  2.2953635E+00  2.2953635E+00  2.2951865E+00  1.9179326E+00  0.0000000E+00  0.0000000E+00  9.7022732E-02
 0.0000000E+00  1.4883746E-01  2.0560283E+00  2.4309655E+00  2.4311492E+00  2.4311492E+00  2.4309655E+00  2.0560283E+00  1.4883746E-01  0.0000000E+00  4.7361229E+00
 0.0000000E+00  3.8635455E-01  2.2824813E+00  2.6552285E+00  2.6554144E+00  2.6554212E+00  2.6552331E+00  2.2824813E+00  3.8635455E-01  0.0000000E+00  1.1831003E+01
 0.0000000E+00  7.3521128E-01  2.6207184E+00  2.9913640E+00  2.9915565E+00  2.9915565E+00  2.9913640E+00  2.6207184E+00  7.3521128E-01  0.0000000E+00  2.2284669E+01
 0.0000000E+00  1.2215381E+00  3.0968136E+00  3.4654435E+00  3.4656404E+00  3.4656404E+00  3.4654435E+00  3.0968136E+00  1.2215381E+00  0.0000000E+00  3.7132443E+01
 0.0000000E+00  1.8752302E+00  3.7406417E+00  4.1073011E+00  4.1075025E+00  4.1075093E+00  4.1073056E+00  3.7406417E+00  1.8752302E+00  0.0000000E+00  5.7589222E+01
 0.0000000E+00  2.7302967E+00  4.5861610E+00  4.9509291E+00  4.9511349E+00  4.9511349E+00  4.9509291E+00  4.5861610E+00  2.7302967E+00  0.0000000E+00  8.5064696E+01
 0.0000000E+00  3.8252547E+00  5.6718545E+00  6.0347879E+00  6.0349981E+00  6.0349981E+00  6.0347879E+00  5.6718545E+00  3.8252547E+00  0.0000000E+00  1.2117873E+02
 0.0000000E+00  5.2035306E+00  7.0411261E+00  7.4022812E+00  7.4024959E+00  7.4024959E+00  7.4022812E+00  7.0411261E+00  5.2035306E+00  0.0000000E+00  1.6777810E+02
 0.0000000E+00  6.9139125E+00  8.7427413E+00  9.1021635E+00  9.1023826E+00  9.1023826E+00  9.1021635E+00  8.7427413E+00  6.9139125E+00  0.0000000E+00  2.2695178E+02
 2.3260208E+00  9.1932377E+00  1.1012927E+01  1.1370498E+01  1.1370719E+01  1.1370719E+01  1.1370498E+01  1.1012927E+01  9.1932377E+00  2.3260208E+00  3.0293494E+02
 5.1757033E+00  1.1997175E+01  1.3807871E+01  1.4163678E+01  1.4163921E+01  1.4163921E+01  1.4163678E+01  1.3807871E+01  1.1997175E+01  5.1757033E+00  3.9866190E+02
 8.6407079E+00  1.5417215E+01  1.7219087E+01  1.7573152E+01  1.7573374E+01  1.7573374E+01  1.7573152E+01  1.7219087E+01  1.5417215E+01  8.6407079E+00  5.1788367E+02
 1.2824640E+01  1.9556918E+01  2.1350193E+01  2.1702494E+01  2.1702737E+01  2.1702737E+01  2.1702494E+01  2.1350193E+01  1.9556918E+01  1.2824640E+01  6.6483882E+02
 1.7844070E+01  2.4533023E+01  2.6317701E+01  2.6668418E+01  2.6668661E+01  2.6668661E+01  2.6668418E+01  2.6317701E+01  2.4533023E+01  1.7844070E+01  8.4429646E+02
 2.3830327E+01  3.0476521E+01  3.2252829E+01  3.2601781E+01  3.2602047E+01  3.2602092E+01  3.2601849E+01  3.2252829E+01  3.0476521E+01  2.3830327E+01  1.0615913E+03
 3.0930128E+01  3.7534242E+01  3.9302292E+01  3.9649615E+01  3.9649858E+01  3.9649858E+01  3.9649615E+01  3.9302292E+01  3.7534242E+01  3.0930128E+01  1.3226665E+03
 3.9307608E+01  4.5870207E+01  4.7629999E+01  4.7975784E+01  4.7976050E+01  4.7976050E+01  4.7975784E+01  4.7629999E+01  4.5870207E+01  3.9307608E+01  1.6341397E+03
 4.9145341E+01  5.5666991E+01  5.7418752E+01  5.7762953E+01  5.7763219E+01  5.7763219E+01  5.7762953E+01  5.7418752E+01  5.5666991E+01  4.9145341E+01  2.0032696E+03
 6.0646263E+01  6.7127643E+01  6.8871485E+01  6.9213990E+01  6.9214255E+01  6.9214255E+01  6.9213990E+01  6.8871485E+01  6.7127643E+01  6.0646263E+01  2.4381104E+03
 7.4035367E+01  8.0476929E+01  8.2212853E+01  8.2553820E+01  8.2554107E+01  8.2554107E+01  8.2553820E+01  8.2212853E+01  8.0476929E+01  7.4035367E+01  2.9474626E+03
 8.9561176E+01  9.5963372E+01  9.7691491E+01  9.8030942E+01  9.8031207E+01  9.8031275E+01  9.8030987E+01  9.7691491E+01  9.5963372E+01  8.9561176E+01  3.5409641E+03
 1.0749766E+02  1.1386106E+02  1.1558160E+02  1.1591915E+02  1.1591937E+02  1.1591937E+02  1.1591915E+02  1.1558160E+02  1.1386106E+02  1.0749766E+02  4.2290896E+03
 1.2814686E+02  1.3447134E+02  1.3618396E+02  1.3652038E+02  1.3652060E+02  1.3652060E+02  1.3652038E+02  1.3618396E+02  1.3447134E+02  1.2814686E+02  5.0232641E+03
 1.5183850E+02  1.5812566E+02  1.5983036E+02  1.6016565E+02  1.6016587E+02  1.6016587E+02  1.6016565E+02  1.5983036E+02  1.5812566E+02  1.5183850E+02  5.9358516E+03
 1.7893616E+02  1.8518485E+02  1.8688277E+02  1.8721625E+02  1.8721669E+02  1.8721669E+02  1.8721625E+02  1.8688277E+02  1.8518485E+02  1.7893616E+02  6.9802002E+03
 2.0983461E+02  2.1604598E+02  2.1773711E+02  2.1806900E+02  2.1806922E+02  2.1806922E+02  2.1806900E+02  2.1773711E+02  2.1604598E+02  2.0983461E+02  8.1706985E+03
 2.4496598E+02  2.5114115E+02  2.5282436E+02  2.5315444E+02  2.5315489E+02  2.5315489E+02  2.5315444E+02  2.5282436E+02  2.5114115E+02  2.4496598E+02  9.5228212E+03
 2.8479971E+02  2.9093754E+02  2.9261397E+02  2.9294292E+02  2.9294336E+02  2.9294336E+02  2.9294292E+02  2.9261397E+02  2.9093754E+02  2.8479971E+02  1.1053163E+04
 3.2984482E+02  3.3594759E+02  3.3761610E+02  3.3794392E+02  3.3794437E+02  3.3794437E+02  3.3794392E+02  3.3761610E+02  3.3594759E+02  3.2984482E+02  1.2779506E+04
 3.8065449E+02  3.8672219E+02  3.8838277E+02  3.8870947E+02  3.8870991E+02  3.8870991E+02  3.8870947E+02  3.8838277E+02  3.8672219E+02  3.8065449E+02  1.4720628E+04
 4.3782596E+02  4.4385746E+02  4.4551239E+02  4.4583682E+02  4.4583727E+02  4.4583727E+02  4.4583682E+02  4.4551239E+02  4.4385746E+02  4.3782596E+02  1.6896924E+04
 5.0200402E+02  5.0799933E+02  5.0964747E+02  5.0997032E+02  5.0997054E+02  5.0997122E+02  5.0997077E+02  5.0964747E+02  5.0799933E+02  5.0200402E+02  1.9329662E+04
 5.7388097E+02  5.7984234E+02  5.8148256E+02  5.8180473E+02  5.8180517E+02  5.8180517E+02  5.8180473E+02  5.8148256E+02  5.7984234E+02  5.7388097E+02  2.2041576E+04
 6.5420564E+02  6.6013194E+02  6.6176538E+02  6.6208596E+02  6.6208618E+02  6.6208618E+02  6.6208596E+02  6.6176538E+02  6.6013194E+02  6.5420564E+02  2.5056764E+04
 7.4377666E+02  7.4966902E+02  7.5129567E+02  7.5161513E+02  7.5161535E+02  7.5161535E+02  7.5161513E+02  7.5129567E+02  7.4966902E+02  7.4377666E+02  2.8400674E+04
 0.0000000E+00  0.0000000E+00  1.8677703E+00  2.2356232E+00  2.2358151E+00  2.2358151E+00  2.2356232E+00  1.8677703E+00  0.0000000E+00  0.0000000E+00  2.0855705E-03
 0.0000000E+00  0.0000000E+00  1.8701467E+00  2.2379443E+00  2.2381362E+00  2.2381362E+00  2.2379443E+00  1.8701467E+00  0.0000000E+00  0.0000000E+00  9.5073000E-02
 0.0000000E+00  1.4546077E-01  2.0051320E+00  2.3706748E+00  2.3708721E+00  2.3708721E+00  2.3706748E+00  2.0051320E+00  1.4546077E-01  0.0000000E+00  4.6255591E+00
 0.0000000E+00  3.7697498E-01  2.2258474E+00  2.5892598E+00  2.5894625E+00  2.5894625E+00  2.5892598E+00  2.2258474E+00  3.7697498E-01  0.0000000E+00  1.1540590E+01
 0.0000000E+00  7.1621627E-01  2.5547306E+00  2.9160899E+00  2.9162953E+00  2.9163036E+00  2.9160955E+00  2.5547306E+00  7.1621627E-01  0.0000000E+00  2.1706651E+01
 0.0000000E+00  1.1881065E+00  3.0166509E+00  3.3760318E+00  3.3762427E+00  3.3762509E+00  3.3760374E+00  3.0166509E+00  1.1881065E+00  0.0000000E+00  3.6113874E+01
 0.0000000E+00  1.8210989E+00  3.6400148E+00  3.9974919E+00  3.9977108E+00  3.9977108E+00  3.9974919E+00  3.6400148E+00  1.8210989E+00  0.0000000E+00  5.5919955E+01
 0.0000000E+00  2.6474794E+00  4.4570969E+00  4.8127144E+00  4.8129360E+00  4.8129360E+00  4.8127144E+00  4.4570969E+00  2.6474794E+00  0.0000000E+00  8.2464383E+01
 0.0000000E+00  3.7037632E+00  5.5043310E+00  5.8581635E+00  5.8583905E+00  5.8583961E+00  5.8581717E+00  5.5043310E+00  3.7037632E+00  0.0000000E+00  1.1728243E+02
 0.0000000E+00  5.0309984E+00  6.8227929E+00  7.1748818E+00  7.1751143E+00  7.1751143E+00  7.1748818E+00  6.8227929E+00  5.0309984E+00  0.0000000E+00  1.6212046E+02
 0.0000000E+00  6.6752625E+00  8.4585047E+00  8.8089052E+00  8.8091431E+00  8.8091431E+00  8.8089052E+00  8.4585047E+00  6.6752625E+00  0.0000000E+00  2.1894829E+02
 2.2327693E+00  8.8627972E+00  1.0637128E+01  1.0985752E+01  1.0985992E+01  1.0985992E+01  1.0985752E+01  1.0637128E+01  8.8627972E+00  2.2327693E+00  2.9177124E+02
 4.9636163E+00  1.1549294E+01  1.3314865E+01  1.3661759E+01  1.3662005E+01  1.3662005E+01  1.3661759E+01  1.3314865E+01  1.1549294E+01  4.9636163E+00  3.8334568E+02
 8.2786855E+00  1.4820883E+01  1.6577764E+01  1.6922981E+01  1.6923224E+01  1.6923224E+01  1.6922981E+01  1.6577764E+01  1.4820883E+01  8.2786855E+00  4.9718232E+02
 1.2275147E+01  1.8774556E+01  2.0523008E+01  2.0866567E+01  2.0866810E+01  2.0866810E+01  2.0866567E+01  2.0523008E+01  1.8774556E+01  1.2275147E+01  6.3725059E+02
 1.7062302E+01  2.3519626E+01  2.5259927E+01  2.5601745E+01  2.5602015E+01  2.5602015E+01  2.5601745E+01  2.5259927E+01  2.3519626E+01  1.7062302E+01  8.0799657E+02
 2.2762907E+01  2.9178782E+01  3.0910794E+01  3.1251092E+01  3.1251362E+01  3.1251362E+01  3.1251092E+01  3.0910794E+01  2.9178782E+01  2.2762907E+01  1.0143941E+03
 2.9513966E+01  3.5889083E+01  3.7613081E+01  3.7951583E+01  3.7951853E+01  3.7951936E+01  3.7951639E+01  3.7613081E+01  3.5889083E+01  2.9513966E+01  1.2619698E+03
 3.7468286E+01  4.3803336E+01  4.5519320E+01  4.5856303E+01  4.5856573E+01  4.5856573E+01  4.5856303E+01  4.5519320E+01  4.3803336E+01  3.7468286E+01  1.5568483E+03
 4.6796084E+01  5.3091482E+01  5.4799591E+01  5.5135053E+01  5.5135324E+01  5.5135324E+01  5.5135053E+01  5.4799591E+01  5.3091482E+01  4.6796084E+01  1.9057652E+03
 5.7685816E+01  6.3942113E+01  6.5642485E+01  6.5976428E+01  6.5976698E+01  6.5976698E+01  6.5976428E+01  6.5642485E+01  6.3942113E+01  5.7685816E+01  2.3161645E+03
 7.0346244E+01  7.6563994E+01  7.8256629E+01  7.8589107E+01  7.8589405E+01  7.8589405E+01  7.8589107E+01  7.8256629E+01  7.6563994E+01  7.0346244E+01  2.7961428E+03
 8.5007687E+01  9.1187304E+01  9.2872340E+01  9.3203160E+01  9.3203458E+01  9.3203540E+01  9.3203216E+01  9.2872340E+01  9.1187304E+01  8.5007687E+01  3.3545838E+03
 1.0192354E+02  1.0806543E+02  1.0974301E+02  1.1007245E+02  1.1007275E+02  1.1007275E+02  1.1007245E+02  1.0974301E+02  1.0806543E+02  1.0192354E+02  4.0011176E+03
 1.2137233E+02  1.2747706E+02  1.2914717E+02  1.2947509E+02  1.2947539E+02  1.2947547E+02  1.2947515E+02  1.2914717E+02  1.2747706E+02  1.2137233E+02  4.7462306E+03
 1.4365912E+02  1.4972724E+02  1.5138934E+02  1.5171596E+02  1.5171623E+02  1.5171623E+02  1.5171596E+02  1.5138934E+02  1.4972724E+02  1.4365912E+02  5.6012386E+03
 1.6911842E+02  1.7514924E+02  1.7680581E+02  1.7712967E+02  1.7712994E+02  1.7712994E+02  1.7712967E+02  1.7680581E+02  1.7514924E+02  1.6911842E+02  6.5783273E+03
 1.9811331E+02  2.0410820E+02  2.0575648E+02  2.0608034E+02  2.0608061E+02  2.0608061E+02  2.0608034E+02  2.0575648E+02  2.0410820E+02  1.9811331E+02  7.6906361E+03
 2.3104031E+02  2.3699928E+02  2.3864066E+02  2.3896314E+02  2.3896341E+02  2.3896341E+02  2.3896314E+02  2.3864066E+02  2.3699928E+02  2.3104031E+02  8.9522716E+03
 2.6832913E+02  2.7425356E+02  2.7588802E+02  2.7620912E+02  2.7620939E+02  2.7620939E+02  2.7620912E+02  2.7588802E+02  2.7425356E+02  2.6832913E+02  1.0378293E+04
 3.1044950E+02  3.1633939E+02  3.1796557E+02  3.1828528E+02  3.1828555E+02  3.1828555E+02  3.1828528E+02  3.1796557E+02  3.1633939E+02  3.1044950E+02  1.1984839E+04
 3.5790434E+02  3.6375831E+02  3.6537896E+02  3.6569647E+02  3.6569701E+02  3.6569701E+02  3.6569647E+02  3.6537896E+02  3.6375831E+02  3.5790434E+02  1.3789054E+04
 4.1123802E+02  4.1705883E+02  4.1867258E+02  4.1898870E+02  4.1898924E+02  4.1898924E+02  4.1898870E+02  4.1867258E+02  4.1705883E+02  4.1123802E+02  1.5809163E+04
 4.7104050E+02  4.7682676E+02  4.7843360E+02  4.7874917E+02  4.7874944E+02  4.7874944E+02  4.7874917E+02  4.7843360E+02  4.7682676E+02  4.7104050E+02  1.8064536E+04
 5.3794455E+02  5.4369627E+02  5.4529620E+02  5.4561039E+02  5.4561066E+02  5.4561066E+02  5.4561039E+02  5.4529620E+02  5.4369627E+02  5.3794455E+02  2.0575648E+04
 6.1262580E+02  6.1834574E+02  6.1993738E+02  6.2025018E+02  6.2025046E+02  6.2025046E+02  6.2025018E+02  6.1993738E+02  6.1834574E+02  6.1262580E+02  2.3364192E+04
 6.9581512E+02  7.0150053E+02  7.0308664E+02  7.0339806E+02  7.0339833E+02  7.0339833E+02  7.0339806E+02  7.0308664E+02  7.0150053E+02  6.9581512E+02  2.6452964E+04
 0.0000000E+00  0.0000000E+00  1.8212161E+00  2.1798658E+00  2.1800705E+00  2.1800705E+00  2.1798658E+00  1.8212161E+00  0.0000000E+00  0.0000000E+00  2.2885101E-03
 0.0000000E+00  0.0000000E+00  1.8235449E+00  2.1821339E+00  2.1823419E+00  2.1823419E+00  2.1821339E+00  1.8235449E+00  0.0000000E+00  0.0000000E+00  9.3195025E-02
 0.0000000E+00  1.4216580E-01  1.9555098E+00  2.3118847E+00  2.3120993E+00  2.3120993E+00  2.3118847E+00  1.9555098E+00  1.4216580E-01  0.0000000E+00  4.5177541E+00
 0.0000000E+00  3.6782416E-01  2.1706361E+00  2.5249422E+00  2.5251601E+00  2.5251601E+00  2.5249422E+00  2.1706361E+00  3.6782416E-01  0.0000000E+00  1.1257310E+01
 0.0000000E+00  6.9769578E-01  2.4904062E+00  2.8427008E+00  2.8429253E+00  2.8429253E+00  2.8427008E+00  2.4904062E+00  6.9769578E-01  0.0000000E+00  2.1143232E+01
 0.0000000E+00  1.1555395E+00  2.9385297E+00  3.2888905E+00  3.2891183E+00  3.2891284E+00  3.2888973E+00  2.9385297E+00  1.1555395E+00  0.0000000E+00  3.5121718E+01
 0.0000000E+00  1.7684133E+00  3.5420242E+00  3.8905254E+00  3.8907598E+00  3.8907598E+00  3.8905254E+00  3.5420242E+00  1.7684133E+00  0.0000000E+00  5.4295434E+01
 0.0000000E+00  2.5669694E+00  4.3315014E+00  4.6781936E+00  4.6784346E+00  4.6784346E+00  4.6781936E+00  4.3315014E+00  2.5669694E+00  0.0000000E+00  7.9936946E+01
 0.0000000E+00  3.5857819E+00  5.3414881E+00  5.6864421E+00  5.6866832E+00  5.6866933E+00  5.6864489E+00  5.3414881E+00  3.5857819E+00  0.0000000E+00  1.1350006E+02
 0.0000000E+00  4.8636640E+00  6.6107975E+00  6.9540507E+00  6.9543016E+00  6.9543084E+00  6.9540608E+00  6.6107975E+00  4.8636640E+00  0.0000000E+00  1.5663451E+02
 0.0000000E+00  6.4440696E+00  8.1828836E+00  8.5244729E+00  8.5247271E+00  8.5247372E+00  8.5244797E+00  8.1828836E+00  6.4440696E+00  0.0000000E+00  2.1119775E+02
 2.1428425E+00  8.5431038E+00  1.0273227E+01  1.0613092E+01  1.0613353E+01  1.0613353E+01  1.0613092E+01  1.0273227E+01  8.5431038E+00  2.1428425E+00  2.8097881E+02
 4.7592902E+00  1.1116587E+01  1.2838154E+01  1.3176328E+01  1.3176596E+01  1.3176603E+01  1.3176338E+01  1.2838154E+01  1.1116587E+01  4.7592902E+00  3.6855824E+02
 7.9302266E+00  1.4245352E+01  1.5958533E+01  1.6295042E+01  1.6295313E+01  1.6295323E+01  1.6295049E+01  1.5958533E+01  1.4245352E+01  7.9302266E+00  4.7722842E+02
 1.1746812E+01  1.8020458E+01  1.9725369E+01  2.0060280E+01  2.0060577E+01  2.0060645E+01  2.0060381E+01  1.9725369E+01  1.8020458E+01  1.1746812E+01  6.1069517E+02
 1.6311395E+01  2.2544388E+01  2.4241200E+01  2.4574423E+01  2.4574720E+01  2.4574720E+01  2.4574423E+01  2.4241200E+01  2.2544388E+01  1.6311395E+01  7.7310981E+02
 2.1738593E+01  2.7931490E+01  2.9620370E+01  2.9951906E+01  2.9952203E+01  2.9952203E+01  2.9951906E+01  2.9620370E+01  2.7931490E+01  2.1738593E+01  9.6909954E+02
 2.8156269E+01  3.4309679E+01  3.5990627E+01  3.6320813E+01  3.6321110E+01  3.6321110E+01  3.6320813E+01  3.5990627E+01  3.4309679E+01  2.8156269E+01  1.2037978E+03
 3.5706953E+01  4.1821550E+01  4.3494736E+01  4.3823234E+01  4.3823531E+01  4.3823531E+01  4.3823234E+01  4.3494736E+01  4.1821550E+01  3.5706953E+01  1.4828765E+03
 4.4548936E+01  5.0625056E+01  5.2290480E+01  5.2617527E+01  5.2617857E+01  5.2617857E+01  5.2617527E+01  5.2290480E+01  5.0625056E+01  4.4548936E+01  1.8125760E+03
 5.4857044E+01  6.0895195E+01  6.2553193E+01  6.2878721E+01  6.2879052E+01  6.2879052E+01  6.2878721E+01  6.2553193E+01  6.0895195E+01  5.4857044E+01  2.1997629E+03
 6.6824838E+01  7.2825863E+01  7.4476268E+01  7.4800277E+01  7.4800607E+01  7.4800607E+01  7.4800277E+01  7.4476268E+01  7.2825863E+01  6.6824838E+01  2.6519196E+03
 8.0665790E+01  8.6629859E+01  8.8272838E+01  8.8595430E+01  8.8595727E+01  8.8595727E+01  8.8595430E+01  8.8272838E+01  8.6629859E+01  8.0665790E+01  3.1771802E+03
 9.6613961E+01  1.0254158E+02  1.0417730E+02  1.0449844E+02  1.0449877E+02  1.0449877E+02  1.0449844E+02  1.0417730E+02  1.0254158E+02  9.6613961E+01  3.7844210E+03
 1.1492670E+02  1.2081820E+02  1.2244684E+02  1.2276646E+02  1.2276679E+02  1.2276679E+02  1.2276646E+02  1.2244684E+02  1.2081820E+02  1.1492670E+02  4.4832441E+03
 1.3588532E+02  1.4174104E+02  1.4336242E+02  1.4368070E+02  1.4368103E+02  1.4368103E+02  1.4368070E+02  1.4336242E+02  1.4174104E+02  1.3588532E+02  5.2839771E+03
 1.5979660E+02  1.6561723E+02  1.6723152E+02  1.6754834E+02  1.6754871E+02  1.6754871E+02  1.6754834E+02  1.6723152E+02  1.6561723E+02  1.5979660E+02  6.1977746E+03
 1.8699520E+02  1.9278174E+02  1.9438827E+02  1.9470451E+02  1.9470485E+02  1.9470485E+02  1.9470451E+02  1.9438827E+02  1.9278174E+02  1.8699520E+02  7.2366011E+03
 2.1784662E+02  2.2359773E+02  2.2519750E+02  2.2551105E+02  2.2551171E+02  2.2551171E+02  2.2551105E+02  2.2519750E+02  2.2359773E+02  2.1784662E+02  8.4132989E+03
 2.5274137E+02  2.5845872E+02  2.6005175E+02  2.6036462E+02  2.6036495E+02  2.6036495E+02  2.6036462E+02  2.6005175E+02  2.5845872E+02  2.5274137E+02  9.7415538E+03
 2.9211144E+02  2.9779336E+02  2.9938132E+02  2.9969251E+02  2.9969284E+02  2.9969284E+02  2.9969251E+02  2.9938132E+02  2.9779336E+02  2.9211144E+02  1.1235997E+04
 3.3641586E+02  3.4206402E+02  3.4364355E+02  3.4395473E+02  3.4395506E+02  3.4395506E+02  3.4395473E+02  3.4364355E+02  3.4206402E+02  3.3641586E+02  1.2912136E+04
 3.8615074E+02  3.9176684E+02  3.9334130E+02  3.9364911E+02  3.9364944E+02  3.9364944E+02  3.9364911E+02  3.9334130E+02  3.9176684E+02  3.8615074E+02  1.4786475E+04
 4.4185611E+02  4.4743845E+02  4.4900617E+02  4.4931229E+02  4.4931262E+02  4.4931262E+02  4.4931229E+02  4.4900617E+02  4.4743845E+02  4.4185611E+02  1.6876481E+04
 5.0410402E+02  5.0965431E+02  5.1121359E+02  5.1151971E+02  5.1152004E+02  5.1152004E+02  5.1151971E+02  5.1121359E+02  5.0965431E+02  5.0410402E+02  1.9200548E+04
 5.7351213E+02  5.7903036E+02  5.8058288E+02  5.8088800E+02  5.8088866E+02  5.8088866E+02  5.8088800E+02  5.8058288E+02  5.7903036E+02  5.7351213E+02  2.1778250E+04
 6.5074194E+02  6.5622810E+02  6.5777388E+02  6.5807731E+02  6.5807797E+02  6.5807797E+02  6.5807731E+02  6.5777388E+02  6.5622810E+02  6.5074194E+02  2.4630007E+04
 0.0000000E+00  0.0000000E+00  1.7758291E+00  2.1254686E+00  2.1256945E+00  2.1257028E+00  2.1254810E+00  1.7758291E+00  0.0000000E+00  0.0000000E+00  2.5111609E-03
 0.0000000E+00  0.0000000E+00  1.7781088E+00  2.1276947E+00  2.1279205E+00  2.1279205E+00  2.1276947E+00  1.7781088E+00  0.0000000E+00  0.0000000E+00  9.1388299E-02
 0.0000000E+00  1.3895016E-01  1.9070996E+00  2.2545461E+00  2.2547760E+00  2.2547760E+00  2.2545461E+00  1.9070996E+00  1.3895016E-01  0.0000000E+00  4.4125924E+00
 0.0000000E+00  3.5889568E-01  2.1167804E+00  2.4621947E+00  2.4624286E+00  2.4624286E+00  2.4621947E+00  2.1167804E+00  3.5889568E-01  0.0000000E+00  1.0980921E+01
 0.0000000E+00  6.7963123E-01  2.4276637E+00  2.7711158E+00  2.7713578E+00  2.7713578E+00  2.7711158E+00  2.4276637E+00  6.7963123E-01  0.0000000E+00  2.0593836E+01
 0.0000000E+00  1.1238008E+00  2.8623602E+00  3.2039244E+00  3.2041704E+00  3.2041704E+00  3.2039244E+00  2.8623602E+00  1.1238008E+00  0.0000000E+00  3.4154904E+01
 0.0000000E+00  1.7171255E+00  3.4465314E+00  3.7862694E+00  3.7865194E+00  3.7865317E+00  3.7862777E+00  3.4465314E+00  1.7171255E+00  0.0000000E+00  5.2714117E+01
 0.0000000E+00  2.4886737E+00  4.2092187E+00  4.5472130E+00  4.5474671E+00  4.5474794E+00  4.5472213E+00  4.2092187E+00  2.4886737E+00  0.0000000E+00  7.7479247E+01
 0.0000000E+00  3.4711827E+00  5.1831327E+00  5.5194122E+00  5.5196743E+00  5.5196743E+00  5.5194122E+00  5.1831327E+00  3.4711827E+00  0.0000000E+00  1.0982714E+02
 0.0000000E+00  4.7013183E+00  6.4049000E+00  6.7395265E+00  6.7397967E+00  6.7397967E+00  6.7395265E+00  6.4049000E+00  4.7013183E+00  0.0000000E+00  1.5131520E+02
 0.0000000E+00  6.2200560E+00  7.9155168E+00  8.2485234E+00  8.2487976E+00  8.2487976E+00  8.2485234E+00  7.9155168E+00  6.2200560E+00  0.0000000E+00  2.0369356E+02
 2.0561290E+00  8.2337584E+00  9.9207272E+00  1.0252052E+01  1.0252330E+01  1.0252342E+01  1.0252060E+01  9.9207272E+00  8.2337584E+00  2.0561290E+00  2.7054449E+02
 4.5623967E+00  1.0698420E+01  1.2377061E+01  1.2706733E+01  1.2707020E+01  1.2707032E+01  1.2706742E+01  1.2377061E+01  1.0698420E+01  4.5623967E+00  3.5428283E+02
 7.5947812E+00  1.3689952E+01  1.5360432E+01  1.5688471E+01  1.5688766E+01  1.5688774E+01  1.5688484E+01  1.5360432E+01  1.3689952E+01  7.5947812E+00  4.5799165E+02
 1.1238709E+01  1.7293749E+01  1.8956190E+01  1.9282630E+01  1.9282929E+01  1.9282941E+01  1.9282639E+01  1.8956190E+01  1.7293749E+01  1.1238709E+01  5.8513369E+02
 1.5589941E+01  2.1605593E+01  2.3260078E+01  2.3584960E+01  2.3585282E+01  2.3585282E+01  2.3584960E+01  2.3260078E+01  2.1605593E+01  1.5589941E+01  7.3957772E+02
 2.0755574E+01  2.6732291E+01  2.8378944E+01  2.8702383E+01  2.8702706E+01  2.8702706E+01  2.8702383E+01  2.8378944E+01  2.6732291E+01  2.0755574E+01  9.2562536E+02
 2.6854723E+01  3.2793309E+01  3.4432335E+01  3.4754126E+01  3.4754448E+01  3.4754448E+01  3.4754126E+01  3.4432335E+01  3.2793309E+01  2.6854723E+01  1.1480441E+03
 3.4020311E+01  3.9921178E+01  4.1552578E+01  4.1872925E+01  4.1873248E+01  4.1873248E+01  4.1872925E+01  4.1552578E+01  3.9921178E+01  3.4020311E+01  1.4120877E+03
 4.2399092E+01  4.8262652E+01  4.9886632E+01  5.0205537E+01  5.0205859E+01  5.0205859E+01  5.0205537E+01  4.9886632E+01  4.8262652E+01  4.2399092E+01  1.7235295E+03
 5.2153691E+01  5.7980768E+01  5.9597328E+01  5.9914584E+01  5.9914906E+01  5.9914906E+01  5.9914584E+01  5.9597328E+01  5.7980768E+01  5.2153691E+01  2.0886870E+03
 6.3463427E+01  6.9254228E+01  7.0863574E+01  7.1179470E+01  7.1179833E+01  7.1179833E+01  7.1179470E+01  7.0863574E+01  6.9254228E+01  6.3463427E+01  2.5144587E+03
 7.6525553E+01  8.2280696E+01  8.3882828E+01  8.4197198E+01  8.4197520E+01  8.4197644E+01  8.4197281E+01  8.3882828E+01  8.2280696E+01  7.6525553E+01  3.0083309E+03
 9.1556695E+01  9.7276593E+01  9.8871510E+01  9.9184521E+01  9.9184884E+01  9.9184884E+01  9.9184521E+01  9.8871510E+01  9.7276593E+01  9.1556695E+01  3.5784450E+03
 1.0879389E+02  1.1447874E+02  1.1606665E+02  1.1637822E+02  1.1637858E+02  1.1637879E+02  1.1637843E+02  1.1606665E+02  1.1447874E+02  1.0879389E+02  4.2335815E+03
 1.2849642E+02  1.3414686E+02  1.3572755E+02  1.3603788E+02  1.3603825E+02  1.3603825E+02  1.3603788E+02  1.3572755E+02  1.3414686E+02  1.2849642E+02  4.9831805E+03
 1.5094646E+02  1.5656269E+02  1.5813679E+02  1.5844547E+02  1.5844583E+02  1.5844596E+02  1.5844555E+02  1.5813679E+02  1.5656269E+02  1.5094646E+02  5.8374241E+03
 1.7645155E+02  1.8203397E+02  1.8360127E+02  1.8390859E+02  1.8390899E+02  1.8390899E+02  1.8390859E+02  1.8360127E+02  1.8203397E+02  1.7645155E+02  6.8072158E+03
 2.0534537E+02  2.1089481E+02  2.1245510E+02  2.1276098E+02  2.1276138E+02  2.1276138E+02  2.1276098E+02  2.1245510E+02  2.1089481E+02  2.0534537E+02  7.9042011E+03
 2.3798862E+02  2.4350426E+02  2.4505837E+02  2.4536219E+02  2.4536259E+02  2.4536342E+02  2.4536342E+02  2.4505837E+02  2.4350426E+02  2.3798862E+02  9.1408499E+03
 2.7477397E+02  2.8025663E+02  2.8180249E+02  2.8210631E+02  2.8210671E+02  2.8210671E+02  2.8210631E+02  2.8180249E+02  2.8025663E+02  2.7477397E+02  1.0530353E+04
 3.1612064E+02  3.2157032E+02  3.2311000E+02  3.2341175E+02  3.2341216E+02  3.2341216E+02  3.2341175E+02  3.2311000E+02  3.2157032E+02  3.1612064E+02  1.2086790E+04
 3.6248208E+02  3.6790085E+02  3.6943434E+02  3.6973404E+02  3.6973444E+02  3.6973444E+02  3.6973404E+02  3.6943434E+02  3.6790085E+02  3.6248208E+02  1.3825019E+04
 4.1434886E+02  4.1973465E+02  4.2126196E+02  4.2156165E+02  4.2156206E+02  4.2156206E+02  4.2156165E+02  4.2126196E+02  4.1973465E+02  4.1434886E+02  1.5760790E+04
 4.7224038E+02  4.7759525E+02  4.7911638E+02  4.7941401E+02  4.7941442E+02  4.7941442E+02  4.7941401E+02  4.7911638E+02  4.7759525E+02  4.7224038E+02  1.7910693E+04
 5.3672140E+02  5.4204535E+02  5.4355823E+02  5.4385587E+02  5.4385627E+02  5.4385627E+02  5.4385587E+02  5.4355823E+02  5.4204535E+02  5.3672140E+02  2.0292228E+04
 6.0838758E+02  6.1367856E+02  6.1518732E+02  6.1548289E+02  6.1548330E+02  6.1548330E+02  6.1548289E+02  6.1518732E+02  6.1367856E+02  6.0838758E+02  2.2923698E+04
 0.0000000E+00  0.0000000E+00  1.7315642E+00  2.0724323E+00  2.0726717E+00  2.0726757E+00  2.0724359E+00  1.7315642E+00  0.0000000E+00  0.0000000E+00  2.7554793E-03
 0.0000000E+00  0.0000000E+00  1.7337997E+00  2.0746135E+00  2.0748534E+00  2.0748549E+00  2.0746145E+00  1.7337997E+00  0.0000000E+00  0.0000000E+00  8.9654217E-02
 0.0000000E+00  1.3581283E-01  1.8599013E+00  2.1986211E+00  2.1988674E+00  2.1988699E+00  2.1986236E+00  1.8599013E+00  1.3581283E-01  0.0000000E+00  4.3100355E+00
 0.0000000E+00  3.5018425E-01  2.0642644E+00  2.4009959E+00  2.4012486E+00  2.4012526E+00  2.4009995E+00  2.0642644E+00  3.5018425E-01  0.0000000E+00  1.0711333E+01
 0.0000000E+00  6.6201942E-01  2.3664928E+00  2.7013106E+00  2.7015717E+00  2.7015717E+00  2.7013106E+00  2.3664928E+00  6.6201942E-01  0.0000000E+00  2.0058106E+01
 0.0000000E+00  1.0928770E+00  2.7881061E+00  3.1210887E+00  3.1213547E+00  3.1213547E+00  3.1210887E+00  2.7881061E+00  1.0928770E+00  0.0000000E+00  3.3212874E+01
 0.0000000E+00  1.6672043E+00  3.3535114E+00  3.6847167E+00  3.6849876E+00  3.6849876E+00  3.6847167E+00  3.3535114E+00  1.6672043E+00  0.0000000E+00  5.1174985E+01
 0.0000000E+00  2.4125605E+00  4.0902074E+00  4.4197110E+00  4.4199868E+00  4.4199868E+00  4.4197110E+00  4.0902074E+00  2.4125605E+00  0.0000000E+00  7.5090228E+01
 0.0000000E+00  3.3599059E+00  5.0291594E+00  5.3569965E+00  5.3572821E+00  5.3572821E+00  5.3569965E+00  5.0291594E+00  3.3599059E+00  0.0000000E+00  1.0626141E+02
 0.0000000E+00  4.5438358E+00  6.2049829E+00  6.5311836E+00  6.5314693E+00  6.5314844E+00  6.5311938E+00  6.2049829E+00  4.5438358E+00  0.0000000E+00  1.4615825E+02
 0.0000000E+00  6.0030543E+00  7.6562462E+00  7.9808811E+00  7.9811766E+00  7.9811766E+00  7.9808811E+00  7.6562462E+00  6.0030543E+00  0.0000000E+00  1.9642819E+02
 1.9725242E+00  7.9344803E+00  9.5794148E+00  9.9023983E+00  9.9026987E+00  9.9026987E+00  9.9023983E+00  9.5794148E+00  7.9344803E+00  1.9725242E+00  2.6045551E+02
 4.3727465E+00  1.0294410E+01  1.1931238E+01  1.2252595E+01  1.2252901E+01  1.2252916E+01  1.2252605E+01  1.1931238E+01  1.0294410E+01  4.3727465E+00  3.4050194E+02
 7.2720001E+00  1.3154114E+01  1.4782936E+01  1.5102702E+01  1.5103018E+01  1.5103043E+01  1.5102728E+01  1.4782936E+01  1.3154114E+01  7.2720001E+00  4.3944977E+02
 1.0750229E+01  1.6593497E+01  1.8214490E+01  1.8532706E+01  1.8533026E+01  1.8533026E+01  1.8532706E+01  1.8214490E+01  1.6593497E+01  1.0750229E+01  5.6053396E+02
 1.4897054E+01  2.0702107E+01  2.2315372E+01  2.2632047E+01  2.2632377E+01  2.2632387E+01  2.2632062E+01  2.2315372E+01  2.0702107E+01  1.4897054E+01  7.0735456E+02
 1.9812347E+01  2.5579814E+01  2.7185475E+01  2.7500620E+01  2.7500965E+01  2.7500965E+01  2.7500620E+01  2.7185475E+01  2.5579814E+01  1.9812347E+01  8.8391187E+02
 2.5607255E+01  3.1337840E+01  3.2935949E+01  3.3249583E+01  3.3249928E+01  3.3249928E+01  3.3249583E+01  3.2935949E+01  3.1337840E+01  2.5607255E+01  1.0946266E+03
 3.2405512E+01  3.8099341E+01  3.9690150E+01  4.0002273E+01  4.0002618E+01  4.0002618E+01  4.0002273E+01  3.9690150E+01  3.8099341E+01  3.2405512E+01  1.3443626E+03
 4.0343189E+01  4.6001019E+01  4.7584526E+01  4.7895240E+01  4.7895635E+01  4.7895635E+01  4.7895240E+01  4.7584526E+01  4.6001019E+01  4.0343189E+01  1.6384494E+03
 4.9571086E+01  5.5193670E+01  5.6769877E+01  5.7079231E+01  5.7079576E+01  5.7079576E+01  5.7079231E+01  5.6769877E+01  5.5193670E+01  4.9571086E+01  1.9827150E+03
 6.0255607E+01  6.5843198E+01  6.7412356E+01  6.7720200E+01  6.7720545E+01  6.7720545E+01  6.7720200E+01  6.7412356E+01  6.5843198E+01  6.0255607E+01  2.3835010E+03
 7.2579021E+01  7.8131871E+01  7.9693980E+01  8.0000565E+01  8.0000910E+01  8.0000910E+01  8.0000565E+01  7.9693980E+01  7.8131871E+01  7.2579021E+01  2.8476953E+03
 8.6741218E+01  9.2259829E+01  9.3814889E+01  9.4120065E+01  9.4120459E+01  9.4120459E+01  9.4120065E+01  9.3814889E+01  9.2259829E+01  8.6741218E+01  3.3827396E+03
 1.0296072E+02  1.0844559E+02  1.0999385E+02  1.1029752E+02  1.1029791E+02  1.1029791E+02  1.1029752E+02  1.0999385E+02  1.0844559E+02  1.0296072E+02  3.9966571E+03
 1.2147592E+02  1.2692731E+02  1.2846878E+02  1.2877119E+02  1.2877158E+02  1.2877158E+02  1.2877119E+02  1.2846878E+02  1.2692731E+02  1.2147592E+02  4.6981082E+03
 1.4254664E+02  1.4796506E+02  1.4949972E+02  1.4980087E+02  1.4980127E+02  1.4980127E+02  1.4980087E+02  1.4949972E+02  1.4796506E+02  1.4254664E+02  5.4963319E+03
 1.6645483E+02  1.7184052E+02  1.7336864E+02  1.7366828E+02  1.7366868E+02  1.7366868E+02  1.7366828E+02  1.7336864E+02  1.7184052E+02  1.6645483E+02  6.4012724E+03
 1.9350638E+02  1.9885959E+02  2.0038092E+02  2.0067929E+02  2.0067969E+02  2.0067969E+02  2.0067929E+02  2.0038092E+02  1.9885959E+02  1.9350638E+02  7.4235285E+03
 2.2403157E+02  2.2935256E+02  2.3086734E+02  2.3116456E+02  2.3116500E+02  2.3116500E+02  2.3116456E+02  2.3086734E+02  2.2935256E+02  2.2403157E+02  8.5743281E+03
 2.5838865E+02  2.6367791E+02  2.6518590E+02  2.6548146E+02  2.6548195E+02  2.6548195E+02  2.6548146E+02  2.6518590E+02  2.6367791E+02  2.5838865E+02  9.8656797E+03
 2.9695926E+02  3.0221580E+02  3.0371875E+02  3.0401180E+02  3.0401229E+02  3.0401229E+02  3.0401180E+02  3.0371875E+02  3.0221580E+02  2.9695926E+02  1.1310272E+04
 3.4015956E+02  3.4538590E+02  3.4688129E+02  3.4717433E+02  3.4717483E+02  3.4717483E+02  3.4717433E+02  3.4688129E+02  3.4538590E+02  3.4015956E+02  1.2921522E+04
 3.8843011E+02  3.9362623E+02  3.9511659E+02  3.9540712E+02  3.9540761E+02  3.9540761E+02  3.9540712E+02  3.9511659E+02  3.9362623E+02  3.8843011E+02  1.4713579E+04
 4.4225174E+02  4.4741765E+02  4.4890046E+02  4.4919099E+02  4.4919148E+02  4.4919148E+02  4.4919099E+02  4.4890046E+02  4.4741765E+02  4.4225174E+02  1.6701372E+04
 5.0212796E+02  5.0726114E+02  5.0873892E+02  5.0902693E+02  5.0902742E+02  5.0902742E+02  5.0902693E+02  5.0873892E+02  5.0726114E+02  5.0212796E+02  1.8900559E+04
 5.6860255E+02  5.7370552E+02  5.7517574E+02  5.7546375E+02  5.7546424E+02  5.7546424E+02  5.7546375E+02  5.7517574E+02  5.7370552E+02  5.6860255E+02  2.1327580E+04
 0.0000000E+00  0.0000000E+00  1.6883920E+00  2.0206990E+00  2.0209571E+00  2.0209589E+00  2.0207002E+00  1.6883920E+00  0.0000000E+00  0.0000000E+00  3.0235695E-03
 0.0000000E+00  0.0000000E+00  1.6905813E+00  2.0228342E+00  2.0230929E+00  2.0230960E+00  2.0228373E+00  1.6905813E+00  0.0000000E+00  0.0000000E+00  8.7992919E-02
 0.0000000E+00  1.3275087E-01  1.8138656E+00  2.1440750E+00  2.1443403E+00  2.1443421E+00  2.1440762E+00  1.8138656E+00  1.3275087E-01  0.0000000E+00  4.2099719E+00
 0.0000000E+00  3.4168374E-01  2.0130378E+00  2.3413052E+00  2.3415771E+00  2.3415790E+00  2.3413064E+00  2.0130378E+00  3.4168374E-01  0.0000000E+00  1.0448319E+01
 0.0000000E+00  6.4483923E-01  2.3068242E+00  2.6332276E+00  2.6335068E+00  2.6335099E+00  2.6332307E+00  2.3068242E+00  6.4483923E-01  0.0000000E+00  1.9535635E+01
 0.0000000E+00  1.0627431E+00  2.7157063E+00  3.0403172E+00  3.0406024E+00  3.0406073E+00  3.0403215E+00  2.7157063E+00  1.0627431E+00  0.0000000E+00  3.2294850E+01
 0.0000000E+00  1.6186045E+00  3.2628474E+00  3.5857315E+00  3.5860263E+00  3.5860387E+00  3.5857499E+00  3.2628474E+00  1.6186045E+00  0.0000000E+00  4.9676839E+01
 0.0000000E+00  2.3385416E+00  3.9743747E+00  4.2955676E+00  4.2958624E+00  4.2958808E+00  4.2955800E+00  3.9743747E+00  2.3385416E+00  0.0000000E+00  7.2767650E+01
 0.0000000E+00  3.2518086E+00  4.8794656E+00  5.1990412E+00  5.1993420E+00  5.1993604E+00  5.1990536E+00  4.8794656E+00  3.2518086E+00  0.0000000E+00  1.0279939E+02
 0.0000000E+00  4.3911131E+00  6.0108062E+00  6.3288076E+00  6.3291204E+00  6.3291204E+00  6.3288076E+00  6.0108062E+00  4.3911131E+00  0.0000000E+00  1.4115821E+02
 0.0000000E+00  5.7928279E+00  7.4048030E+00  7.7212486E+00  7.7215675E+00  7.7215675E+00  7.7212486E+00  7.4048030E+00  5.7928279E+00  0.0000000E+00  1.8939385E+02
 1.8919214E+00  7.6449511E+00  9.2488701E+00  9.5636983E+00  9.5640232E+00  9.5640232E+00  9.5636983E+00  9.2488701E+00  7.6449511E+00  1.8919214E+00  2.5070296E+02
 4.1900775E+00  9.9040962E+00  1.1500082E+01  1.1813354E+01  1.1813685E+01  1.1813685E+01  1.1813354E+01  1.1500082E+01  9.9040962E+00  4.1900775E+00  3.2720106E+02
 6.9613438E+00  1.2637080E+01  1.4225287E+01  1.4537003E+01  1.4537340E+01  1.4537340E+01  1.4537003E+01  1.4225287E+01  1.2637080E+01  6.9613438E+00  4.2158142E+02
 1.0280646E+01  1.5918715E+01  1.7499296E+01  1.7809469E+01  1.7809818E+01  1.7809830E+01  1.7809487E+01  1.7499296E+01  1.5918715E+01  1.0280646E+01  5.3686175E+02
 1.4231621E+01  1.9832699E+01  2.1405746E+01  2.1714425E+01  2.1714780E+01  2.1714780E+01  2.1714425E+01  2.1405746E+01  1.9832699E+01  1.4231621E+01  6.7639365E+02
 1.8907499E+01  2.4472201E+01  2.6037807E+01  2.6345022E+01  2.6345383E+01  2.6345383E+01  2.6345022E+01  2.6037807E+01  2.4472201E+01  1.8907499E+01  8.4389159E+02
 2.4411872E+01  2.9940721E+01  3.1499071E+01  3.1804841E+01  3.1805202E+01  3.1805202E+01  3.1804841E+01  3.1499071E+01  2.9940721E+01  2.4411872E+01  1.0434513E+03
 3.0859496E+01  3.6353076E+01  3.7904046E+01  3.8208278E+01  3.8208639E+01  3.8208639E+01  3.8208278E+01  3.7904046E+01  3.6353076E+01  3.0859496E+01  1.2795713E+03
 3.8376962E+01  4.3835797E+01  4.5379694E+01  4.5682513E+01  4.5682934E+01  4.5682934E+01  4.5682513E+01  4.5379694E+01  4.3835797E+01  3.8376962E+01  1.5571715E+03
 4.7104394E+01  5.2528483E+01  5.4065615E+01  5.4367080E+01  5.4367441E+01  5.4367441E+01  5.4367080E+01  5.4065615E+01  5.2528483E+01  4.7104394E+01  1.8816175E+03
 5.7194920E+01  6.2585185E+01  6.4115245E+01  6.4415481E+01  6.4415842E+01  6.4415842E+01  6.4415481E+01  6.4115245E+01  6.2585185E+01  5.7194920E+01  2.2587423E+03
 6.8817352E+01  7.4174408E+01  7.5697396E+01  7.5996217E+01  7.5996638E+01  7.5996638E+01  7.5996217E+01  7.5697396E+01  7.4174408E+01  6.8817352E+01  2.6948556E+03
 8.2156181E+01  8.7480029E+01  8.8996559E+01  8.9293843E+01  8.9294265E+01  8.9294265E+01  8.9293843E+01  8.8996559E+01  8.7480029E+01  8.2156181E+01  3.1967682E+03
 9.7412813E+01  1.0270376E+02  1.0421353E+02  1.0450958E+02  1.0451000E+02  1.0451000E+02  1.0450958E+02  1.0421353E+02  1.0270376E+02  9.7412813E+01  3.7718630E+03
 1.1480618E+02  1.2006515E+02  1.2156815E+02  1.2186266E+02  1.2186309E+02  1.2186309E+02  1.2186266E+02  1.2156815E+02  1.2006515E+02  1.1480618E+02  4.4279502E+03
 1.3457520E+02  1.3980188E+02  1.4129842E+02  1.4159171E+02  1.4159213E+02  1.4159213E+02  1.4159171E+02  1.4129842E+02  1.3980188E+02  1.3457520E+02  5.1735163E+03
 1.5697816E+02  1.6217317E+02  1.6366325E+02  1.6395513E+02  1.6395561E+02  1.6395573E+02  1.6395531E+02  1.6366325E+02  1.6217317E+02  1.5697816E+02  6.0175709E+03
 1.8229518E+02  1.8745883E+02  1.8894215E+02  1.8923298E+02  1.8923340E+02  1.8923340E+02  1.8923298E+02  1.8894215E+02  1.8745883E+02  1.8229518E+02  6.9697383E+03
 2.1082823E+02  2.1596081E+02  2.1743768E+02  2.1772728E+02  2.1772770E+02  2.1772770E+02  2.1772728E+02  2.1743768E+02  2.1596081E+02  2.1082823E+02  8.0401655E+03
 2.4290322E+02  2.4800506E+02  2.4947578E+02  2.4976396E+02  2.4976444E+02  2.4976444E+02  2.4976396E+02  2.4947578E+02  2.4800506E+02  2.4290322E+02  9.2397377E+03
 2.7887101E+02  2.8394241E+02  2.8540667E+02  2.8569362E+02  2.8569411E+02  2.8569411E+02  2.8569362E+02  2.8540667E+02  2.8394241E+02  2.7887101E+02  1.0579863E+04
 3.1910797E+02  3.2414770E+02  3.2560827E+02  3.2589239E+02  3.2589300E+02  3.2589300E+02  3.2589239E+02  3.2560827E+02  3.2414770E+02  3.1910797E+02  1.2072655E+04
 3.6401659E+02  3.6902865E+02  3.7047999E+02  3.7076412E+02  3.7076472E+02  3.7076472E+02  3.7076412E+02  3.7047999E+02  3.6902865E+02  3.6401659E+02  1.3730815E+04
 4.1402952E+02  4.1901082E+02  4.2045602E+02  4.2074014E+02  4.2074074E+02  4.2074074E+02  4.2074014E+02  4.2045602E+02  4.1901082E+02  4.1402952E+02  1.5567748E+04
 4.6960490E+02  4.7455853E+02  4.7599757E+02  4.7627862E+02  4.7627923E+02  4.7627923E+02  4.7627862E+02  4.7599757E+02  4.7455853E+02  4.6960490E+02  1.7597507E+04
 5.3123779E+02  5.3616068E+02  5.3759357E+02  5.3787462E+02  5.3787522E+02  5.3787522E+02  5.3787462E+02  5.3759357E+02  5.3616068E+02  5.3123779E+02  1.9834759E+04
 0.0000000E+00  0.0000000E+00  1.6462942E+00  1.9702411E+00  1.9705196E+00  1.9705233E+00  1.9702449E+00  1.6462942E+00  0.0000000E+00  0.0000000E+00  3.3177326E-03
 0.0000000E+00  0.0000000E+00  1.6484387E+00  1.9723353E+00  1.9726130E+00  1.9726153E+00  1.9723368E+00  1.6484387E+00  0.0000000E+00  0.0000000E+00  8.6405949E-02
 0.0000000E+00  1.2976290E-01  1.7689732E+00  2.0908733E+00  2.0911591E+00  2.0911614E+00  2.0908748E+00  1.7689732E+00  1.2976290E-01  0.0000000E+00  4.1124211E+00
 0.0000000E+00  3.3338820E-01  1.9630774E+00  2.2830811E+00  2.2833742E+00  2.2833802E+00  2.2830863E+00  1.9630774E+00  3.3338820E-01  0.0000000E+00  1.0191724E+01
 0.0000000E+00  6.2808323E-01  2.2486360E+00  2.5668220E+00  2.5671225E+00  2.5671285E+00  2.5668273E+00  2.2486360E+00  6.2808323E-01  0.0000000E+00  1.9026187E+01
 0.0000000E+00  1.0333801E+00  2.6451334E+00  2.9615693E+00  2.9618772E+00  2.9618809E+00  2.9615731E+00  2.6451334E+00  1.0333801E+00  0.0000000E+00  3.1400631E+01
 0.0000000E+00  1.5713010E+00  3.1745589E+00  3.4893071E+00  3.4896216E+00  3.4896276E+00  3.4893124E+00  3.1745589E+00  1.5713010E+00  0.0000000E+00  4.8218672E+01
 0.0000000E+00  2.2665769E+00  3.8616175E+00  4.1747162E+00  4.1750395E+00  4.1750395E+00  4.1747162E+00  3.8616175E+00  2.2665769E+00  0.0000000E+00  7.0510075E+01
 0.0000000E+00  3.1468609E+00  4.7339094E+00  5.0454459E+00  5.0457765E+00  5.0457765E+00  5.0454459E+00  4.7339094E+00  3.1468609E+00  0.0000000E+00  9.9438499E+01
 0.0000000E+00  4.2429682E+00  5.8223025E+00  6.1322768E+00  6.1326148E+00  6.1326148E+00  6.1322768E+00  5.8223025E+00  4.2429682E+00  0.0000000E+00  1.3631129E+02
 0.0000000E+00  5.5891881E+00  7.1609735E+00  7.4694231E+00  7.4697684E+00  7.4697835E+00  7.4694455E+00  7.1609735E+00  5.5891881E+00  0.0000000E+00  1.8258453E+02
 1.8142290E+00  7.3649064E+00  8.9288050E+00  9.2356922E+00  9.2360449E+00  9.2360449E+00  9.2356922E+00  8.9288050E+00  7.3649064E+00  1.8142290E+00  2.4127626E+02
 4.0141728E+00  9.5270456E+00  1.1083245E+01  1.1388608E+01  1.1388968E+01  1.1388968E+01  1.1388608E+01  1.1083245E+01  9.5270456E+00  4.0141728E+00  3.1436272E+02
 6.6625210E+00  1.2138325E+01  1.3686901E+01  1.3990739E+01  1.3991106E+01  1.3991121E+01  1.3990761E+01  1.3686901E+01  1.2138325E+01  6.6625210E+00  4.0436172E+02
 9.8293020E+00  1.5268676E+01  1.6809816E+01  1.7112166E+01  1.7112541E+01  1.7112541E+01  1.7112166E+01  1.6809816E+01  1.5268676E+01  9.8293020E+00  5.1408362E+02
 1.3592709E+01  1.8996254E+01  2.0530070E+01  2.0830933E+01  2.0831315E+01  2.0831353E+01  2.0830971E+01  2.0530070E+01  1.8996254E+01  1.3592709E+01  6.4664751E+02
 1.8039647E+01  2.3407964E+01  2.4934532E+01  2.5233968E+01  2.5234350E+01  2.5234372E+01  2.5233983E+01  2.4934532E+01  2.3407964E+01  1.8039647E+01  8.0550108E+02
 2.3266526E+01  2.8600103E+01  3.0119535E+01  3.0417559E+01  3.0417948E+01  3.0417971E+01  3.0417574E+01  3.0119535E+01  2.8600103E+01  2.3266526E+01  9.9443381E+02
 2.9379893E+01  3.4679293E+01  3.6191664E+01  3.6488292E+01  3.6488696E+01  3.6488733E+01  3.6488329E+01  3.6191664E+01  3.4679293E+01  2.9379893E+01  1.2176032E+03
 3.6497413E+01  4.1763050E+01  4.3268698E+01  4.3563674E+01  4.3564115E+01  4.3564115E+01  4.3563674E+01  4.3268698E+01  4.1763050E+01  3.6497413E+01  1.4795462E+03
 4.4748432E+01  4.9980832E+01  5.1479344E+01  5.1773193E+01  5.1773634E+01  5.1773785E+01  5.1773417E+01  5.1479344E+01  4.9980832E+01  4.4748432E+01  1.7852014E+03
 5.4275065E+01  5.9474790E+01  6.0966542E+01  6.1259113E+01  6.1259480E+01  6.1259480E+01  6.1259113E+01  6.0966542E+01  5.9474790E+01  5.4275065E+01  2.1399207E+03
 6.5232983E+01  7.0400410E+01  7.1885402E+01  7.2176621E+01  7.2177062E+01  7.2177062E+01  7.2176621E+01  7.1885402E+01  7.0400410E+01  6.5232983E+01  2.5494953E+03
 7.7792319E+01  8.2927447E+01  8.4405679E+01  8.4695772E+01  8.4696212E+01  8.4696212E+01  8.4695772E+01  8.4405679E+01  8.2927447E+01  7.7792319E+01  3.0201558E+03
 9.2137852E+01  9.7241432E+01  9.8713279E+01  9.9001870E+01  9.9002311E+01  9.9002311E+01  9.9001870E+01  9.8713279E+01  9.7241432E+01  9.2137852E+01  3.5586100E+03
 1.0847201E+02  1.1354404E+02  1.1500951E+02  1.1529660E+02  1.1529704E+02  1.1529704E+02  1.1529660E+02  1.1500951E+02  1.1354404E+02  1.0847201E+02  4.1720236E+03
 1.2701263E+02  1.3205386E+02  1.3351257E+02  1.3379868E+02  1.3379919E+02  1.3379919E+02  1.3379868E+02  1.3351257E+02  1.3205386E+02  1.2701263E+02  4.8680994E+03
 1.4799706E+02  1.5300750E+02  1.5446019E+02  1.5474503E+02  1.5474547E+02  1.5474547E+02  1.5474503E+02  1.5446019E+02  1.5300750E+02  1.4799706E+02  5.6550250E+03
 1.7168182E+02  1.7666183E+02  1.7810814E+02  1.7839148E+02  1.7839192E+02  1.7839214E+02  1.7839163E+02  1.7810814E+02  1.7666183E+02  1.7168182E+02  6.5414758E+03
 1.9834219E+02  2.0329216E+02  2.0473246E+02  2.0501444E+02  2.0501496E+02  2.0501496E+02  2.0501444E+02  2.0473246E+02  2.0329216E+02  1.9834219E+02  7.5366908E+03
 2.2827601E+02  2.3319631E+02  2.3463022E+02  2.3491108E+02  2.3491159E+02  2.3491159E+02  2.3491108E+02  2.3463022E+02  2.3319631E+02  2.2827601E+02  8.6504347E+03
 2.6180212E+02  2.6669276E+02  2.6812066E+02  2.6840039E+02  2.6840090E+02  2.6840090E+02  2.6840039E+02  2.6812066E+02  2.6669276E+02  2.6180212E+02  9.8930357E+03
 2.9926343E+02  3.0412477E+02  3.0554629E+02  3.0582489E+02  3.0582540E+02  3.0582540E+02  3.0582489E+02  3.0554629E+02  3.0412477E+02  2.9926343E+02  1.1275385E+04
 3.4102535E+02  3.4585777E+02  3.4727328E+02  3.4755076E+02  3.4755127E+02  3.4755127E+02  3.4755076E+02  3.4727328E+02  3.4585777E+02  3.4102535E+02  1.2808863E+04
 3.8747998E+02  3.9228349E+02  3.9369186E+02  3.9396754E+02  3.9396827E+02  3.9396827E+02  3.9396754E+02  3.9369186E+02  3.9228349E+02  3.8747998E+02  1.4505524E+04
 4.3904158E+02  4.4381879E+02  4.4522341E+02  4.4549533E+02  4.4549606E+02  4.4549606E+02  4.4549533E+02  4.4522341E+02  4.4381879E+02  4.3904158E+02  1.6377913E+04
 4.9615781E+02  5.0090498E+02  5.0230584E+02  5.0257776E+02  5.0257849E+02  5.0257849E+02  5.0257776E+02  5.0230584E+02  5.0090498E+02  4.9615781E+02  1.8439100E+04
 0.0000000E+00  0.0000000E+00  1.6052332E+00  1.9210253E+00  1.9213251E+00  1.9213278E+00  1.9210272E+00  1.6052332E+00  0.0000000E+00  0.0000000E+00  3.6404961E-03
 0.0000000E+00  0.0000000E+00  1.6073341E+00  1.9230758E+00  1.9233756E+00  1.9233801E+00  1.9230804E+00  1.6073341E+00  0.0000000E+00  0.0000000E+00  8.4894023E-02
 0.0000000E+00  1.2684654E-01  1.7251834E+00  2.0389737E+00  2.0392816E+00  2.0392889E+00  2.0389802E+00  1.7251834E+00  1.2684654E-01  0.0000000E+00  4.0172367E+00
 0.0000000E+00  3.2529299E-01  1.9143449E+00  2.2262876E+00  2.2266027E+00  2.2266081E+00  2.2262913E+00  1.9143449E+00  3.2529299E-01  0.0000000E+00  9.9414282E+00
 0.0000000E+00  6.1174633E-01  2.1918830E+00  2.5020507E+00  2.5023747E+00  2.5023792E+00  2.5020552E+00  2.1918830E+00  6.1174633E-01  0.0000000E+00  1.8529363E+01
 0.0000000E+00  1.0047713E+00  2.5763254E+00  2.8847830E+00  2.8851142E+00  2.8851215E+00  2.8847894E+00  2.5763254E+00  1.0047713E+00  0.0000000E+00  3.0529242E+01
 0.0000000E+00  1.5252557E+00  3.0885254E+00  3.3953344E+00  3.3956737E+00  3.3956810E+00  3.3953408E+00  3.0885254E+00  1.5252557E+00  0.0000000E+00  4.6799328E+01
 0.0000000E+00  2.1966078E+00  3.7518637E+00  4.0570728E+00  4.0574192E+00  4.0574266E+00  4.0570792E+00  3.7518637E+00  2.1966078E+00  0.0000000E+00  6.8315037E+01
 0.0000000E+00  3.0449426E+00  4.5924094E+00  4.8960847E+00  4.8964437E+00  4.8964437E+00  4.8960847E+00  4.5924094E+00  3.0449426E+00  0.0000000E+00  9.6176192E+01
 0.0000000E+00  4.0993151E+00  5.6392497E+00  5.9413838E+00  5.9417518E+00  5.9417518E+00  5.9413838E+00  5.6392497E+00  4.0993151E+00  0.0000000E+00  1.3161262E+02
 0.0000000E+00  5.3919549E+00  6.9245317E+00  7.2251979E+00  7.2255659E+00  7.2255659E+00  7.2251979E+00  6.9245317E+00  5.3919549E+00  0.0000000E+00  1.7599312E+02
 1.7393440E+00  7.0939821E+00  8.6188984E+00  8.9180234E+00  8.9184003E+00  8.9184278E+00  8.9180418E+00  8.6188984E+00  7.0939821E+00  1.7393440E+00  2.3216544E+02
 3.8447862E+00  9.1628462E+00  1.0680240E+01  1.0977869E+01  1.0978255E+01  1.0978255E+01  1.0977869E+01  1.0680240E+01  9.1628462E+00  3.8447862E+00  3.0197406E+02
 6.3750334E+00  1.1657171E+01  1.3167133E+01  1.3463313E+01  1.3463708E+01  1.3463708E+01  1.3463313E+01  1.3167133E+01  1.1657171E+01  6.3750334E+00  3.8777084E+02
 9.3955538E+00  1.4642462E+01  1.6145131E+01  1.6439843E+01  1.6440238E+01  1.6440265E+01  1.6439861E+01  1.6145131E+01  1.4642462E+01  9.3955538E+00  4.9217230E+02
 1.2979334E+01  1.8191563E+01  1.9687076E+01  1.9980357E+01  1.9980770E+01  1.9980770E+01  1.9980357E+01  1.9687076E+01  1.8191563E+01  1.2979334E+01  6.1807663E+02
 1.7207384E+01  2.2385484E+01  2.3873932E+01  2.4165792E+01  2.4166205E+01  2.4166232E+01  2.4165810E+01  2.3873932E+01  2.2385484E+01  1.7207384E+01  7.6867834E+02
 2.2169245E+01  2.7313767E+01  2.8795288E+01  2.9085744E+01  2.9086166E+01  2.9086193E+01  2.9085763E+01  2.8795288E+01  2.7313767E+01  2.2169245E+01  9.4749120E+02
 2.7964046E+01  3.3075449E+01  3.4550089E+01  3.4839187E+01  3.4839618E+01  3.4839618E+01  3.4839187E+01  3.4550089E+01  3.3075449E+01  2.7964046E+01  1.1583409E+03
 3.4700686E+01  3.9779474E+01  4.1247326E+01  4.1535067E+01  4.1535506E+01  4.1535534E+01  4.1535085E+01  4.1247326E+01  3.9779474E+01  3.4700686E+01  1.4054202E+03
 4.2499030E+01  4.7545662E+01  4.9006679E+01  4.9293383E+01  4.9293831E+01  4.9293831E+01  4.9293383E+01  4.9006679E+01  4.7545662E+01  4.2499030E+01  1.6932612E+03
 5.1490178E+01  5.6504883E+01  5.7959478E+01  5.8244806E+01  5.8245254E+01  5.8245254E+01  5.8244806E+01  5.7959478E+01  5.6504883E+01  5.1490178E+01  2.0267767E+03
 6.1818214E+01  6.6801726E+01  6.8249440E+01  6.8533392E+01  6.8533840E+01  6.8533840E+01  6.8533392E+01  6.8249440E+01  6.6801726E+01  6.1818214E+01  2.4112649E+03
 7.3638918E+01  7.8591238E+01  8.0032988E+01  8.0315563E+01  8.0316012E+01  8.0316012E+01  8.0315563E+01  8.0032988E+01  7.8591238E+01  7.3638918E+01  2.8524324E+03
 8.7123392E+01  9.2045436E+01  9.3480306E+01  9.3761505E+01  9.3761954E+01  9.3762228E+01  9.3761690E+01  9.3480306E+01  9.2045436E+01  8.7123392E+01  3.3563800E+03
 1.0245650E+02  1.0734781E+02  1.0877672E+02  1.0905672E+02  1.0905726E+02  1.0905726E+02  1.0905672E+02  1.0877672E+02  1.0734781E+02  1.0245650E+02  3.9296582E+03
 1.1983916E+02  1.2470019E+02  1.2612314E+02  1.2640158E+02  1.2640203E+02  1.2640231E+02  1.2640177E+02  1.2612314E+02  1.2470019E+02  1.1983916E+02  4.5792304E+03
 1.3948743E+02  1.4431911E+02  1.4573563E+02  1.4601288E+02  1.4601342E+02  1.4601342E+02  1.4601288E+02  1.4573563E+02  1.4431911E+02  1.3948743E+02  5.3125049E+03
 1.6163617E+02  1.6643849E+02  1.6784859E+02  1.6812492E+02  1.6812546E+02  1.6812546E+02  1.6812492E+02  1.6784859E+02  1.6643849E+02  1.6163617E+02  6.1374175E+03
 1.8653676E+02  1.9131018E+02  1.9271431E+02  1.9298927E+02  1.9298981E+02  1.9298981E+02  1.9298927E+02  1.9271431E+02  1.9131018E+02  1.8653676E+02  7.0622388E+03
 2.1446076E+02  2.1920528E+02  2.2060299E+02  2.2087703E+02  2.2087757E+02  2.2087757E+02  2.2087703E+02  2.2060299E+02  2.1920528E+02  2.1446076E+02  8.0958222E+03
 2.4569808E+02  2.5041416E+02  2.5180591E+02  2.5207857E+02  2.5207911E+02  2.5207911E+02  2.5207857E+02  2.5180591E+02  2.5041416E+02  2.4569808E+02  9.2473879E+03
 2.8056019E+02  2.8524782E+02  2.8663361E+02  2.8690490E+02  2.8690544E+02  2.8690572E+02  2.8690509E+02  2.8663361E+02  2.8524782E+02  2.8056019E+02  1.0526798E+04
 3.1937920E+02  3.2403839E+02  3.2541868E+02  3.2568859E+02  3.2568913E+02  3.2568941E+02  3.2568878E+02  3.2541868E+02  3.2403839E+02  3.1937920E+02  1.1944237E+04
 3.6250878E+02  3.6714046E+02  3.6851477E+02  3.6878377E+02  3.6878431E+02  3.6878431E+02  3.6878377E+02  3.6851477E+02  3.6714046E+02  3.6250878E+02  1.3510484E+04
 4.1032738E+02  4.1493107E+02  4.1629943E+02  4.1656751E+02  4.1656805E+02  4.1656805E+02  4.1656751E+02  4.1629943E+02  4.1493107E+02  4.1032738E+02  1.5236731E+04
 4.6323637E+02  4.6780979E+02  4.6917218E+02  4.6944008E+02  4.6944098E+02  4.6944098E+02  4.6944008E+02  4.6917218E+02  4.6780979E+02  4.6323637E+02  1.7134677E+04
 0.0000000E+00  0.0000000E+00  1.5651926E+00  1.8730230E+00  1.8733453E+00  1.8733486E+00  1.8730252E+00  1.5651926E+00  0.0000000E+00  0.0000000E+00  3.9946619E-03
 0.0000000E+00  0.0000000E+00  1.5672488E+00  1.8750366E+00  1.8753600E+00  1.8753600E+00  1.8750366E+00  1.5672488E+00  0.0000000E+00  0.0000000E+00  8.3459869E-02
 0.0000000E+00  1.2400061E-01  1.6824760E+00  1.9883601E+00  1.9886922E+00  1.9886978E+00  1.9883657E+00  1.6824760E+00  1.2400061E-01  0.0000000E+00  3.9244308E+00
 0.0000000E+00  3.1739414E-01  1.8668137E+00  2.1708893E+00  2.1712302E+00  2.1712358E+00  2.1708949E+00  1.8668137E+00  3.1739414E-01  0.0000000E+00  9.6972702E+00
 0.0000000E+00  5.9581296E-01  2.1365381E+00  2.4388814E+00  2.4392300E+00  2.4392356E+00  2.4388870E+00  2.1365381E+00  5.9581296E-01  0.0000000E+00  1.8044994E+01
 0.0000000E+00  9.7689300E-01  2.5092476E+00  2.8099225E+00  2.8102798E+00  2.8102854E+00  2.8099281E+00  2.5092476E+00  9.7689300E-01  0.0000000E+00  2.9680329E+01
 0.0000000E+00  1.4804446E+00  3.0047200E+00  3.3037802E+00  3.3041453E+00  3.3041509E+00  3.3037858E+00  3.0047200E+00  1.4804446E+00  0.0000000E+00  4.5418314E+01
 0.0000000E+00  2.1285934E+00  3.6450472E+00  3.9425455E+00  3.9429193E+00  3.9429305E+00  3.9425567E+00  3.6450472E+00  2.1285934E+00  0.0000000E+00  6.6181954E+01
 0.0000000E+00  2.9459915E+00  4.4548647E+00  4.7508469E+00  4.7512273E+00  4.7512363E+00  4.7508548E+00  4.4548647E+00  2.9459915E+00  0.0000000E+00  9.3009281E+01
 0.0000000E+00  3.9600086E+00  5.4615086E+00  5.7560073E+00  5.7564020E+00  5.7564245E+00  5.7560408E+00  5.4615086E+00  3.9600086E+00  0.0000000E+00  1.2705862E+02
 0.0000000E+00  5.2009504E+00  6.6952900E+00  6.9883432E+00  6.9887378E+00  6.9887378E+00  6.9883432E+00  6.6952900E+00  5.2009504E+00  0.0000000E+00  1.6961413E+02
 1.6671916E+00  6.8320543E+00  8.3188694E+00  8.6104324E+00  8.6108380E+00  8.6108715E+00  8.6104549E+00  8.3188694E+00  6.8320543E+00  1.6671916E+00  2.2336179E+02
 3.6817175E+00  8.8111314E+00  1.0290663E+01  1.0580736E+01  1.0581152E+01  1.0581152E+01  1.0580736E+01  1.0290663E+01  8.8111314E+00  3.6817175E+00  2.9002166E+02
 6.0985357E+00  1.1193218E+01  1.2665466E+01  1.2954138E+01  1.2954554E+01  1.2954554E+01  1.2954138E+01  1.2665466E+01  1.1193218E+01  6.0985357E+00  3.7178836E+02
 8.9788232E+00  1.4039328E+01  1.5504516E+01  1.5791754E+01  1.5792182E+01  1.5792215E+01  1.5791777E+01  1.5504516E+01  1.4039328E+01  8.9788232E+00  4.7109631E+02
 1.2390648E+01  1.7417592E+01  1.8875777E+01  1.9161637E+01  1.9162075E+01  1.9162075E+01  1.9161637E+01  1.8875777E+01  1.7417592E+01  1.2390648E+01  5.9063597E+02
 1.6409369E+01  2.1403312E+01  2.2854606E+01  2.3139087E+01  2.3139537E+01  2.3139570E+01  2.3139110E+01  2.2854606E+01  2.1403312E+01  1.6409369E+01  7.3337290E+02
 2.1118410E+01  2.6079801E+01  2.7524315E+01  2.7807419E+01  2.7807879E+01  2.7807902E+01  2.7807452E+01  2.7524315E+01  2.6079801E+01  2.1118410E+01  9.0254385E+02
 2.6609490E+01  3.1538890E+01  3.2976680E+01  3.3258461E+01  3.3258933E+01  3.3258933E+01  3.3258461E+01  3.2976680E+01  3.1538890E+01  2.6609490E+01  1.1016898E+03
 3.2983684E+01  3.7881483E+01  3.9312663E+01  3.9593122E+01  3.9593604E+01  3.9593626E+01  3.9593155E+01  3.9312663E+01  3.7881483E+01  3.2983684E+01  1.3346542E+03
 4.0351758E+01  4.5218406E+01  4.6643086E+01  4.6922200E+01  4.6922683E+01  4.6922716E+01  4.6922223E+01  4.6643086E+01  4.5218406E+01  4.0351758E+01  1.6056168E+03
 4.8834957E+01  5.3670790E+01  5.5089027E+01  5.5366875E+01  5.5367368E+01  5.5367402E+01  5.5366898E+01  5.5089027E+01  5.3670790E+01  4.8834957E+01  1.9190711E+03
 5.8565508E+01  6.3371030E+01  6.4782935E+01  6.5059494E+01  6.5059933E+01  6.5059933E+01  6.5059494E+01  6.4782935E+01  6.3371030E+01  5.8565508E+01  2.2798634E+03
 6.9687626E+01  7.4462893E+01  7.5868635E+01  7.6144074E+01  7.6144512E+01  7.6144512E+01  7.6144074E+01  7.5868635E+01  7.4462893E+01  6.9687626E+01  2.6932043E+03
 8.2358359E+01  8.7103930E+01  8.8502949E+01  8.8777267E+01  8.8777706E+01  8.8777706E+01  8.8777267E+01  8.8502949E+01  8.7103930E+01  8.2358359E+01  3.1646519E+03
 9.6746349E+01  1.0146279E+02  1.0285620E+02  1.0312884E+02  1.0312928E+02  1.0312961E+02  1.0312906E+02  1.0285620E+02  1.0146279E+02  9.6746349E+01  3.7001620E+03
 1.1303649E+02  1.1772379E+02  1.1911105E+02  1.1938279E+02  1.1938334E+02  1.1938334E+02  1.1938279E+02  1.1911105E+02  1.1772379E+02  1.1303649E+02  4.3060600E+03
 1.3142656E+02  1.3608529E+02  1.3746638E+02  1.3773700E+02  1.3773755E+02  1.3773755E+02  1.3773700E+02  1.3746638E+02  1.3608529E+02  1.3142656E+02  4.9890637E+03
 1.5213115E+02  1.5676130E+02  1.5813623E+02  1.5840517E+02  1.5840572E+02  1.5840572E+02  1.5840517E+02  1.5813623E+02  1.5676130E+02  1.5213115E+02  5.7563167E+03
 1.7537885E+02  1.7998099E+02  1.8134975E+02  1.8161757E+02  1.8161812E+02  1.8161812E+02  1.8161757E+02  1.8134975E+02  1.7998099E+02  1.7537885E+02  6.6152820E+03
 2.0141674E+02  2.0599086E+02  2.0735403E+02  2.0762072E+02  2.0762127E+02  2.0762127E+02  2.0762072E+02  2.0735403E+02  2.0599086E+02  2.0141674E+02  7.5739771E+03
 2.3050928E+02  2.3505595E+02  2.3641295E+02  2.3667875E+02  2.3667941E+02  2.3667941E+02  2.3667875E+02  2.3641295E+02  2.3505595E+02  2.3050928E+02  8.6406942E+03
 2.6293884E+02  2.6745750E+02  2.6880890E+02  2.6907358E+02  2.6907424E+02  2.6907424E+02  2.6907358E+02  2.6880890E+02  2.6745750E+02  2.6293884E+02  9.8241736E+03
 2.9900575E+02  3.0349751E+02  3.0484330E+02  3.0510631E+02  3.0510697E+02  3.0510719E+02  3.0510664E+02  3.0484330E+02  3.0349751E+02  2.9900575E+02  1.1133660E+04
 3.3903103E+02  3.4349590E+02  3.4483609E+02  3.4509831E+02  3.4509886E+02  3.4509886E+02  3.4509831E+02  3.4483609E+02  3.4349590E+02  3.3903103E+02  1.2578734E+04
 3.8335590E+02  3.8779444E+02  3.8912847E+02  3.8938956E+02  3.8939011E+02  3.8939045E+02  3.8938979E+02  3.8912847E+02  3.8779444E+02  3.8335590E+02  1.4169369E+04
 4.3234174E+02  4.3675339E+02  4.3808237E+02  4.3834201E+02  4.3834267E+02  4.3834267E+02  4.3834201E+02  4.3808237E+02  4.3675339E+02  4.3234174E+02  1.5915986E+04
 0.0000000E+00  0.0000000E+00  1.5261382E+00  1.8261989E+00  1.8265470E+00  1.8265539E+00  1.8262057E+00  1.5261382E+00  0.0000000E+00  0.0000000E+00  4.3832581E-03
 0.0000000E+00  0.0000000E+00  1.5281569E+00  1.8281698E+00  1.8285179E+00  1.8285247E+00  1.8281766E+00  1.5281569E+00  0.0000000E+00  0.0000000E+00  8.2104185E-02
 0.0000000E+00  1.2122305E-01  1.6408245E+00  1.9389816E+00  1.9393391E+00  1.9393459E+00  1.9389884E+00  1.6408245E+00  1.2122305E-01  0.0000000E+00  3.8339146E+00
 0.0000000E+00  3.0968602E-01  1.8204535E+00  2.1168478E+00  2.1172133E+00  2.1172215E+00  2.1168533E+00  1.8204535E+00  3.0968602E-01  0.0000000E+00  9.4591100E+00
 0.0000000E+00  5.8027097E-01  2.0825576E+00  2.3772604E+00  2.3776353E+00  2.3776393E+00  2.3772631E+00  2.0825576E+00  5.8027097E-01  0.0000000E+00  1.7572628E+01
 0.0000000E+00  9.4972954E-01  2.4438549E+00  2.7369236E+00  2.7373092E+00  2.7373160E+00  2.7369304E+00  2.4438549E+00  9.4972954E-01  0.0000000E+00  2.8853279E+01
 0.0000000E+00  1.4368267E+00  2.9230617E+00  3.2145593E+00  3.2149529E+00  3.2149598E+00  3.2145661E+00  2.9230617E+00  1.4368267E+00  0.0000000E+00  4.4074217E+01
 0.0000000E+00  2.0624726E+00  3.5410843E+00  3.8310518E+00  3.8314534E+00  3.8314644E+00  3.8310614E+00  3.5410843E+00  2.0624726E+00  0.0000000E+00  6.4108917E+01
 0.0000000E+00  2.8499140E+00  4.3211349E+00  4.6096230E+00  4.6100341E+00  4.6100450E+00  4.6096326E+00  4.3211349E+00  2.8499140E+00  0.0000000E+00  8.9935623E+01
 0.0000000E+00  3.8249294E+00  5.2889512E+00  5.5760051E+00  5.5764241E+00  5.5764351E+00  5.5760147E+00  5.2889512E+00  3.8249294E+00  0.0000000E+00  1.2264440E+02
 0.0000000E+00  5.0159800E+00  6.4730012E+00  6.7586550E+00  6.7590821E+00  6.7590930E+00  6.7586646E+00  6.4730012E+00  5.0159800E+00  0.0000000E+00  1.6344055E+02
 1.5976709E+00  6.5786955E+00  8.0283875E+00  8.3126071E+00  8.3130489E+00  8.3130489E+00  8.3126071E+00  8.0283875E+00  6.5786955E+00  1.5976709E+00  2.1485404E+02
 3.5247425E+00  8.4714892E+00  9.9140506E+00  1.0196792E+01  1.0197247E+01  1.0197275E+01  1.0196833E+01  9.9140506E+00  8.4714892E+00  3.5247425E+00  2.7849029E+02
 5.8326080E+00  1.0745713E+01  1.2181226E+01  1.2462599E+01  1.2463054E+01  1.2463054E+01  1.2462599E+01  1.2181226E+01  1.0745713E+01  5.8326080E+00  3.5639271E+02
 8.5784495E+00  1.3458522E+01  1.4887123E+01  1.5167059E+01  1.5167514E+01  1.5167555E+01  1.5167087E+01  1.4887123E+01  1.3458522E+01  8.5784495E+00  4.5082710E+02
 1.1825650E+01  1.6673217E+01  1.8094974E+01  1.8373597E+01  1.8374079E+01  1.8374079E+01  1.8373597E+01  1.8094974E+01  1.6673217E+01  1.1825650E+01  5.6428920E+02
 1.5644400E+01  2.0460009E+01  2.1875060E+01  2.2152314E+01  2.2152796E+01  2.2152796E+01  2.2152314E+01  2.1875060E+01  2.0460009E+01  1.5644400E+01  6.9951906E+02
 2.0112028E+01  2.4896158E+01  2.6304640E+01  2.6580525E+01  2.6581007E+01  2.6581048E+01  2.6580553E+01  2.6304640E+01  2.4896158E+01  2.0112028E+01  8.5951471E+02
 2.5313803E+01  3.0066865E+01  3.1468777E+01  3.1743389E+01  3.1743885E+01  3.1743926E+01  3.1743417E+01  3.1468777E+01  3.0066865E+01  2.5313803E+01  1.0475267E+03
 3.1343066E+01  3.6065607E+01  3.7461087E+01  3.7734358E+01  3.7734866E+01  3.7734935E+01  3.7734426E+01  3.7461087E+01  3.6065607E+01  3.1343066E+01  1.2671067E+03
 3.8302330E+01  4.2994692E+01  4.4383807E+01  4.4655805E+01  4.4656327E+01  4.4656396E+01  4.4655874E+01  4.4383807E+01  4.2994692E+01  3.8302330E+01  1.5220733E+03
 4.6303413E+01  5.0965938E+01  5.2348757E+01  5.2619524E+01  5.2620046E+01  5.2620087E+01  5.2619551E+01  5.2348757E+01  5.0965938E+01  4.6303413E+01  1.8165529E+03
 5.5468125E+01  6.0101224E+01  6.1477816E+01  6.1747379E+01  6.1747914E+01  6.1747914E+01  6.1747379E+01  6.1477816E+01  6.0101224E+01  5.5468125E+01  2.1549663E+03
 6.5929021E+01  7.0532900E+01  7.1903607E+01  7.2171595E+01  7.2172131E+01  7.2172131E+01  7.2171595E+01  7.1903607E+01  7.0532900E+01  6.5929021E+01  2.5420627E+03
 7.7829878E+01  8.2405289E+01  8.3769837E+01  8.4036732E+01  8.4037401E+01  8.4037401E+01  8.4036732E+01  8.3769837E+01  8.2405289E+01  7.7829878E+01  2.9829198E+03
 9.1326860E+01  9.5873528E+01  9.7231917E+01  9.7497853E+01  9.7498388E+01  9.7498388E+01  9.7497853E+01  9.7231917E+01  9.5873528E+01  9.1326860E+01  3.4829165E+03
 1.0658735E+02  1.1110596E+02  1.1245819E+02  1.1272304E+02  1.1272370E+02  1.1272370E+02  1.1272304E+02  1.1245819E+02  1.1110596E+02  1.0658735E+02  4.0478079E+03
 1.2379270E+02  1.2828394E+02  1.2963070E+02  1.2989389E+02  1.2989443E+02  1.2989443E+02  1.2989389E+02  1.2963070E+02  1.2828394E+02  1.2379270E+02  4.6836640E+03
 1.4313863E+02  1.4760249E+02  1.4894309E+02  1.4920519E+02  1.4920586E+02  1.4920586E+02  1.4920519E+02  1.4894309E+02  1.4760249E+02  1.4313863E+02  5.3969244E+03
 1.6483453E+02  1.6927034E+02  1.7060546E+02  1.7086660E+02  1.7086714E+02  1.7086714E+02  1.7086660E+02  1.7060546E+02  1.6927034E+02  1.6483453E+02  6.1943569E+03
 1.8910350E+02  1.9351262E+02  1.9484227E+02  1.9510204E+02  1.9510258E+02  1.9510258E+02  1.9510204E+02  1.9484227E+02  1.9351262E+02  1.8910350E+02  7.0831266E+03
 2.1618711E+02  2.2056954E+02  2.2189235E+02  2.2215144E+02  2.2215197E+02  2.2215238E+02  2.2215171E+02  2.2189235E+02  2.2056954E+02  2.1618711E+02  8.0706789E+03
 2.4633993E+02  2.5069567E+02  2.5201300E+02  2.5227100E+02  2.5227167E+02  2.5227167E+02  2.5227100E+02  2.5201300E+02  2.5069567E+02  2.4633993E+02  9.1648494E+03
 2.7983500E+02  2.8416473E+02  2.8547659E+02  2.8573322E+02  2.8573389E+02  2.8573389E+02  2.8573322E+02  2.8547659E+02  2.8416473E+02  2.7983500E+02  1.0373918E+04
 3.1696247E+02  3.2126621E+02  3.2257259E+02  3.2282785E+02  3.2282852E+02  3.2282852E+02  3.2282785E+02  3.2257259E+02  3.2126621E+02  3.1696247E+02  1.1706440E+04
 3.5802962E+02  3.6230735E+02  3.6360825E+02  3.6386283E+02  3.6386350E+02  3.6386350E+02  3.6386283E+02  3.6360825E+02  3.6230735E+02  3.5802962E+02  1.3171310E+04
 4.0336286E+02  4.0761527E+02  4.0891070E+02  4.0916391E+02  4.0916458E+02  4.0916458E+02  4.0916391E+02  4.0891070E+02  4.0761527E+02  4.0336286E+02  1.4777768E+04
 0.0000000E+00  0.0000000E+00  1.4880442E+00  1.7805301E+00  1.7809046E+00  1.7809096E+00  1.7805335E+00  1.4880442E+00  0.0000000E+00  0.0000000E+00  4.8096516E-03
 0.0000000E+00  0.0000000E+00  1.4900251E+00  1.7824609E+00  1.7828354E+00  1.7828404E+00  1.7824643E+00  1.4900251E+00  0.0000000E+00  0.0000000E+00  8.0829978E-02
 0.0000000E+00  1.1851194E-01  1.6001971E+00  1.8908175E+00  1.8912035E+00  1.8912118E+00  1.8908259E+00  1.6001971E+00  1.1851194E-01  0.0000000E+00  3.7456537E+00
 0.0000000E+00  3.0216416E-01  1.7752301E+00  2.0641288E+00  2.0645230E+00  2.0645313E+00  2.0641372E+00  1.7752301E+00  3.0216416E-01  0.0000000E+00  9.2267431E+00
 0.0000000E+00  5.6511660E-01  2.0299102E+00  2.3171575E+00  2.3175614E+00  2.3175664E+00  2.3171608E+00  2.0299102E+00  5.6511660E-01  0.0000000E+00  1.7112132E+01
 0.0000000E+00  9.2326776E-01  2.3801017E+00  2.6657476E+00  2.6661613E+00  2.6661747E+00  2.6657593E+00  2.3801017E+00  9.2326776E-01  0.0000000E+00  2.8047497E+01
 0.0000000E+00  1.3943717E+00  2.8435159E+00  3.1276273E+00  3.1280509E+00  3.1280642E+00  3.1276390E+00  2.8435159E+00  1.3943717E+00  0.0000000E+00  4.2766287E+01
 0.0000000E+00  1.9981985E+00  3.4399038E+00  3.7225225E+00  3.7229558E+00  3.7229642E+00  3.7225308E+00  3.4399038E+00  1.9981985E+00  0.0000000E+00  6.2093978E+01
 0.0000000E+00  2.7566472E+00  4.1911391E+00  4.4723119E+00  4.4727535E+00  4.4727668E+00  4.4723236E+00  4.1911391E+00  2.7566472E+00  0.0000000E+00  8.6953167E+01
 0.0000000E+00  3.6939654E+00  5.1214363E+00  5.4012083E+00  5.4016597E+00  5.4016730E+00  5.4012201E+00  5.1214363E+00  3.6939654E+00  0.0000000E+00  1.1836734E+02
 0.0000000E+00  4.8368749E+00  6.2575254E+00  6.5359217E+00  6.5363829E+00  6.5363996E+00  6.5359385E+00  6.2575254E+00  4.8368749E+00  0.0000000E+00  1.5746622E+02
 1.5306970E+00  6.3337372E+00  7.7472663E+00  8.0242335E+00  8.0247028E+00  8.0247212E+00  8.0242485E+00  7.7472663E+00  6.3337372E+00  1.5306970E+00  2.0663528E+02
 3.3736635E+00  8.1435376E+00  9.5500457E+00  9.8256272E+00  9.8261178E+00  9.8261514E+00  9.8256772E+00  9.5500457E+00  8.1435376E+00  3.3736635E+00  2.6736651E+02
 5.5769518E+00  1.0314253E+01  1.1713949E+01  1.1988110E+01  1.1988601E+01  1.1988601E+01  1.1988110E+01  1.1713949E+01  1.0314253E+01  5.5769518E+00  3.4156561E+02
 8.1939052E+00  1.2899252E+01  1.4292178E+01  1.4564952E+01  1.4565459E+01  1.4565492E+01  1.4565002E+01  1.4292178E+01  1.2899252E+01  8.1939052E+00  4.3133639E+02
 1.1283576E+01  1.5957504E+01  1.7343743E+01  1.7615212E+01  1.7615736E+01  1.7615769E+01  1.7615262E+01  1.7343743E+01  1.5957504E+01  1.1283576E+01  5.3899245E+02
 1.4911201E+01  1.9554119E+01  2.0933839E+01  2.1204054E+01  2.1204578E+01  2.1204578E+01  2.1204054E+01  2.0933839E+01  1.9554119E+01  1.4911201E+01  6.6706890E+02
 1.9148570E+01  2.3761064E+01  2.5134347E+01  2.5403176E+01  2.5403716E+01  2.5403749E+01  2.5403226E+01  2.5134347E+01  2.3761064E+01  1.9148570E+01  8.1832817E+02
 2.4074671E+01  2.8657074E+01  3.0024006E+01  3.0291580E+01  3.0292120E+01  3.0292170E+01  3.0291614E+01  3.0024006E+01  2.8657074E+01  2.4074671E+01  9.9576843E+02
 2.9775845E+01  3.4328744E+01  3.5689322E+01  3.5955677E+01  3.5956233E+01  3.5956233E+01  3.5955677E+01  3.5689322E+01  3.4328744E+01  2.9775845E+01  1.2026470E+03
 3.6346793E+01  4.0870438E+01  4.2224831E+01  4.2489882E+01  4.2490454E+01  4.2490488E+01  4.2489932E+01  4.2224831E+01  4.0870438E+01  3.6346793E+01  1.4424742E+03
 4.3890407E+01  4.8385299E+01  4.9733507E+01  4.9997388E+01  4.9997960E+01  4.9997960E+01  4.9997388E+01  4.9733507E+01  4.8385299E+01  4.3890407E+01  1.7190032E+03
 5.2519108E+01  5.6985497E+01  5.8327687E+01  5.8590264E+01  5.8590853E+01  5.8590887E+01  5.8590314E+01  5.8327687E+01  5.6985497E+01  5.2519108E+01  2.0362877E+03
 6.2354509E+01  6.6792730E+01  6.8128903E+01  6.8390343E+01  6.8390948E+01  6.8390982E+01  6.8390393E+01  6.8128903E+01  6.6792730E+01  6.2354509E+01  2.3986573E+03
 7.3528590E+01  7.7939061E+01  7.9269299E+01  7.9529486E+01  7.9530091E+01  7.9530174E+01  7.9529569E+01  7.9269299E+01  7.7939061E+01  7.3528590E+01  2.8107009E+03
 8.6184195E+01  9.0566499E+01  9.1891304E+01  9.2150087E+01  9.2150741E+01  9.2150741E+01  9.2150087E+01  9.1891304E+01  9.0566499E+01  8.6184195E+01  3.2773331E+03
 1.0047454E+02  1.0483009E+02  1.0614905E+02  1.0640666E+02  1.0640715E+02  1.0640715E+02  1.0640666E+02  1.0614905E+02  1.0483009E+02  1.0047454E+02  3.8037361E+03
 1.1656527E+02  1.2089408E+02  1.2220718E+02  1.2246346E+02  1.2246411E+02  1.2246411E+02  1.2246346E+02  1.2220718E+02  1.2089408E+02  1.1656527E+02  4.3954098E+03
 1.3463444E+02  1.3893650E+02  1.4024375E+02  1.4049919E+02  1.4049985E+02  1.4049985E+02  1.4049919E+02  1.4024375E+02  1.3893650E+02  1.3463444E+02  5.0581466E+03
 1.5487261E+02  1.5914876E+02  1.6045016E+02  1.6070477E+02  1.6070542E+02  1.6070542E+02  1.6070477E+02  1.6045016E+02  1.5914876E+02  1.5487261E+02  5.7980563E+03
 1.7748372E+02  1.8173397E+02  1.8302952E+02  1.8328245E+02  1.8328310E+02  1.8328310E+02  1.8328245E+02  1.8302952E+02  1.8173397E+02  1.7748372E+02  6.6215500E+03
 2.0268511E+02  2.0690944E+02  2.0819914E+02  2.0845123E+02  2.0845189E+02  2.0845189E+02  2.0845123E+02  2.0819914E+02  2.0690944E+02  2.0268511E+02  7.5353310E+03
 2.3070912E+02  2.3490670E+02  2.3619138E+02  2.3644264E+02  2.3644330E+02  2.3644330E+02  2.3644264E+02  2.3619138E+02  2.3490670E+02  2.3070912E+02  8.5464538E+03
 2.6180149E+02  2.6597400E+02  2.6725367E+02  2.6750326E+02  2.6750391E+02  2.6750391E+02  2.6750326E+02  2.6725367E+02  2.6597400E+02  2.6180149E+02  9.6621317E+03
 2.9622469E+02  3.0037212E+02  3.0164594E+02  3.0189469E+02  3.0189534E+02  3.0189534E+02  3.0189469E+02  3.0164594E+02  3.0037212E+02  2.9622469E+02  1.0890230E+04
 3.3425619E+02  3.3837855E+02  3.3964652E+02  3.3989444E+02  3.3989509E+02  3.3989509E+02  3.3989444E+02  3.3964652E+02  3.3837855E+02  3.3425619E+02  1.2238438E+04
 3.7618857E+02  3.8028585E+02  3.8154880E+02  3.8179588E+02  3.8179654E+02  3.8179654E+02  3.8179588E+02  3.8154880E+02  3.8028585E+02  3.7618857E+02  1.3715115E+04
 0.0000000E+00  0.0000000E+00  1.4509031E+00  1.7359816E+00  1.7363851E+00  1.7363912E+00  1.7359857E+00  1.4509031E+00  0.0000000E+00  0.0000000E+00  5.2775221E-03
 0.0000000E+00  0.0000000E+00  1.4528428E+00  1.7378805E+00  1.7382840E+00  1.7382901E+00  1.7378846E+00  1.4528428E+00  0.0000000E+00  0.0000000E+00  7.9639899E-02
 0.0000000E+00  1.1586705E-01  1.5605784E+00  1.8438398E+00  1.8442533E+00  1.8442594E+00  1.8438439E+00  1.5605784E+00  1.1586705E-01  0.0000000E+00  3.6595998E+00
 0.0000000E+00  2.9482469E-01  1.7311299E+00  2.0127111E+00  2.0131366E+00  2.0131427E+00  2.0127152E+00  1.7311299E+00  2.9482469E-01  0.0000000E+00  9.0001421E+00
 0.0000000E+00  5.5033963E-01  1.9785757E+00  2.2585378E+00  2.2589753E+00  2.2589855E+00  2.2585481E+00  1.9785757E+00  5.5033963E-01  0.0000000E+00  1.6663130E+01
 0.0000000E+00  8.9748646E-01  2.3179535E+00  2.5963599E+00  2.5968053E+00  2.5968155E+00  2.5963701E+00  2.3179535E+00  8.9748646E-01  0.0000000E+00  2.7262624E+01
 0.0000000E+00  1.3530702E+00  2.7660367E+00  3.0429364E+00  3.0433938E+00  3.0434040E+00  3.0429466E+00  2.7660367E+00  1.3530702E+00  0.0000000E+00  4.1493664E+01
 0.0000000E+00  1.9357285E+00  3.3414363E+00  3.6168824E+00  3.6173478E+00  3.6173641E+00  3.6168967E+00  3.3414363E+00  1.9357285E+00  0.0000000E+00  6.0136114E+01
 0.0000000E+00  2.6661110E+00  4.0647848E+00  4.3388160E+00  4.3392934E+00  4.3393138E+00  4.3388364E+00  4.0647848E+00  2.6661110E+00  0.0000000E+00  8.4058558E+01
 0.0000000E+00  3.5670042E+00  4.9588380E+00  5.2314972E+00  5.2319826E+00  5.2319989E+00  5.2315115E+00  4.9588380E+00  3.5670042E+00  0.0000000E+00  1.1422238E+02
 0.0000000E+00  4.6634916E+00  6.0486590E+00  6.3199809E+00  6.3204762E+00  6.3204925E+00  6.3199952E+00  6.0486590E+00  4.6634916E+00  0.0000000E+00  1.5168736E+02
 1.4661962E+00  6.0969373E+00  7.4751625E+00  7.7450859E+00  7.7455913E+00  7.7456076E+00  7.7451002E+00  7.4751625E+00  6.0969373E+00  1.4661962E+00  1.9869573E+02
 3.2283002E+00  7.8269442E+00  9.1983396E+00  9.4668951E+00  9.4674105E+00  9.4674329E+00  9.4669136E+00  9.1983396E+00  7.8269442E+00  3.2283002E+00  2.5663895E+02
 5.3312010E+00  9.8983503E+00  1.1263079E+01  1.1530234E+01  1.1530774E+01  1.1530774E+01  1.1530234E+01  1.1263079E+01  9.8983503E+00  5.3312010E+00  3.2728931E+02
 7.8246472E+00  1.2360853E+01  1.3718956E+01  1.3984784E+01  1.3985324E+01  1.3985426E+01  1.3984886E+01  1.3718956E+01  1.2360853E+01  7.8246472E+00  4.1259980E+02
 1.0763553E+01  1.5269397E+01  1.6620967E+01  1.6885569E+01  1.6886109E+01  1.6886109E+01  1.6885569E+01  1.6620967E+01  1.5269397E+01  1.0763553E+01  5.1471226E+02
 1.4208682E+01  1.8684512E+01  2.0029650E+01  2.0292966E+01  2.0293526E+01  2.0293526E+01  2.0292966E+01  2.0029650E+01  1.8684512E+01  1.4208682E+01  6.3596965E+02
 1.8226434E+01  2.2672760E+01  2.4011670E+01  2.4273660E+01  2.4274219E+01  2.4274280E+01  2.4273701E+01  2.4011670E+01  2.2672760E+01  1.8226434E+01  7.7891914E+02
 2.2889905E+01  2.7307237E+01  2.8639920E+01  2.8900726E+01  2.8901305E+01  2.8901305E+01  2.8900726E+01  2.8639920E+01  2.7307237E+01  2.2889905E+01  9.4631917E+02
 2.8279134E+01  3.2667779E+01  3.3994337E+01  3.4253856E+01  3.4254455E+01  3.4254496E+01  3.4253917E+01  3.3994337E+01  3.2667779E+01  2.8279134E+01  1.1411518E+03
 3.4481204E+01  3.8841672E+01  4.0162104E+01  4.0420439E+01  4.0421059E+01  4.0421100E+01  4.0420500E+01  4.0162104E+01  3.8841672E+01  3.4481204E+01  1.3666380E+03
 4.1591262E+01  4.5923757E+01  4.7238268E+01  4.7495378E+01  4.7495998E+01  4.7495998E+01  4.7495378E+01  4.7238268E+01  4.5923757E+01  4.1591262E+01  1.6262120E+03
 4.9712215E+01  5.4017146E+01  5.5325838E+01  5.5581723E+01  5.5582342E+01  5.5582342E+01  5.5581723E+01  5.5325838E+01  5.4017146E+01  4.9712215E+01  1.9235594E+03
 5.8956056E+01  6.3233831E+01  6.4536602E+01  6.4791303E+01  6.4791942E+01  6.4791942E+01  6.4791303E+01  6.4536602E+01  6.3233831E+01  5.8956056E+01  2.2626105E+03
 6.9443660E+01  7.3694483E+01  7.4991537E+01  7.5245054E+01  7.5245713E+01  7.5245713E+01  7.5245054E+01  7.4991537E+01  7.3694483E+01  6.9443660E+01  2.6475612E+03
 8.1305497E+01  8.5529777E+01  8.6821011E+01  8.7073405E+01  8.7074065E+01  8.7074126E+01  8.7073447E+01  8.6821011E+01  8.5529777E+01  8.1305497E+01  3.0828322E+03
 9.4682145E+01  9.8880086E+01  1.0016560E+02  1.0041681E+02  1.0041749E+02  1.0041760E+02  1.0041692E+02  1.0016560E+02  9.8880086E+01  9.4682145E+01  3.5731398E+03
 1.0972429E+02  1.1389671E+02  1.1517590E+02  1.1542623E+02  1.1542683E+02  1.1542683E+02  1.1542623E+02  1.1517590E+02  1.1389671E+02  1.0972429E+02  4.1234253E+03
 1.2659466E+02  1.3074054E+02  1.3201462E+02  1.3226393E+02  1.3226453E+02  1.3226453E+02  1.3226393E+02  1.3201462E+02  1.3074054E+02  1.2659466E+02  4.7389157E+03
 1.4546498E+02  1.4958533E+02  1.5085431E+02  1.5110260E+02  1.5110320E+02  1.5110320E+02  1.5110260E+02  1.5085431E+02  1.4958533E+02  1.4546498E+02  5.4250830E+03
 1.6652206E+02  1.7061689E+02  1.7188077E+02  1.7212742E+02  1.7212822E+02  1.7212822E+02  1.7212742E+02  1.7188077E+02  1.7061689E+02  1.6652206E+02  6.1876953E+03
 1.8996193E+02  1.9403225E+02  1.9529000E+02  1.9553564E+02  1.9553644E+02  1.9553644E+02  1.9553564E+02  1.9529000E+02  1.9403225E+02  1.8996193E+02  7.0327555E+03
 2.1599488E+02  2.2003968E+02  2.2129233E+02  2.2153694E+02  2.2153774E+02  2.2153774E+02  2.2153694E+02  2.2129233E+02  2.2003968E+02  2.1599488E+02  7.9665421E+03
 2.4484347E+02  2.4886377E+02  2.5011131E+02  2.5035491E+02  2.5035571E+02  2.5035571E+02  2.5035491E+02  2.5011131E+02  2.4886377E+02  2.4484347E+02  8.9955685E+03
 2.7674455E+02  2.8074035E+02  2.8198279E+02  2.8222495E+02  2.8222555E+02  2.8222555E+02  2.8222495E+02  2.8198279E+02  2.8074035E+02  2.7674455E+02  1.0126654E+04
 3.1194723E+02  3.1591853E+02  3.1715586E+02  3.1739639E+02  3.1739719E+02  3.1739760E+02  3.1739700E+02  3.1715586E+02  3.1591853E+02  3.1194723E+02  1.1366803E+04
 3.5071488E+02  3.5466270E+02  3.5589493E+02  3.5613444E+02  3.5613524E+02  3.5613524E+02  3.5613444E+02  3.5589493E+02  3.5466270E+02  3.5071488E+02  1.2723375E+04
 0.0000000E+00  0.0000000E+00  1.4146670E+00  1.6925203E+00  1.6929570E+00  1.6929620E+00  1.6925278E+00  1.4146670E+00  0.0000000E+00  0.0000000E+00  5.7908551E-03
 0.0000000E+00  0.0000000E+00  1.4165748E+00  1.6943782E+00  1.6948149E+00  1.6948199E+00  1.6943857E+00  1.4165748E+00  0.0000000E+00  0.0000000E+00  7.8536390E-02
 0.0000000E+00  1.1328434E-01  1.5219279E+00  1.7980057E+00  1.7984522E+00  1.7984596E+00  1.7980107E+00  1.5219279E+00  1.1328434E-01  0.0000000E+00  3.5756715E+00
 0.0000000E+00  2.8766176E-01  1.6881063E+00  1.9625382E+00  1.9629969E+00  1.9630044E+00  1.9625433E+00  1.6881063E+00  2.8766176E-01  0.0000000E+00  8.7790605E+00
 0.0000000E+00  5.3592677E-01  1.9285019E+00  2.2013504E+00  2.2018213E+00  2.2018337E+00  2.2013629E+00  1.9285019E+00  5.3592677E-01  0.0000000E+00  1.6225303E+01
 0.0000000E+00  8.7236594E-01  2.2573673E+00  2.5286896E+00  2.5291702E+00  2.5291827E+00  2.5287021E+00  2.2573673E+00  8.7236594E-01  0.0000000E+00  2.6498011E+01
 0.0000000E+00  1.3128552E+00  2.6905383E+00  2.9603968E+00  2.9608872E+00  2.9609071E+00  2.9604143E+00  2.6905383E+00  1.3128552E+00  0.0000000E+00  4.0255140E+01
 0.0000000E+00  1.8750086E+00  3.2455967E+00  3.5140413E+00  3.5145415E+00  3.5145564E+00  3.5140514E+00  3.2455967E+00  1.8750086E+00  0.0000000E+00  5.8233252E+01
 0.0000000E+00  2.5782273E+00  3.9419572E+00  4.2090054E+00  4.2095178E+00  4.2095377E+00  4.2090229E+00  3.9419572E+00  2.5782273E+00  0.0000000E+00  8.1249585E+01
 0.0000000E+00  3.4439209E+00  4.8009798E+00  5.0666889E+00  5.0672110E+00  5.0672309E+00  5.0667064E+00  4.8009798E+00  3.4439209E+00  0.0000000E+00  1.1020667E+02
 0.0000000E+00  4.4956066E+00  5.8461690E+00  6.1105764E+00  6.1111082E+00  6.1111282E+00  6.1105939E+00  5.8461690E+00  4.4956066E+00  0.0000000E+00  1.4609531E+02
 1.4040681E+00  5.8680027E+00  7.2117693E+00  7.4748177E+00  7.4753618E+00  7.4753817E+00  7.4748352E+00  7.2117693E+00  5.8680027E+00  1.4040681E+00  1.9102593E+02
 3.0884336E+00  7.5212947E+00  8.8584152E+00  9.1201170E+00  9.1206733E+00  9.1206932E+00  9.1201345E+00  8.8584152E+00  7.5212947E+00  3.0884336E+00  2.4629237E+02
 5.0949809E+00  9.4973670E+00  1.0827941E+01  1.1088321E+01  1.1088890E+01  1.1088922E+01  1.1088351E+01  1.0827941E+01  9.4973670E+00  5.0949809E+00  3.1354179E+02
 7.4700708E+00  1.1842506E+01  1.3166708E+01  1.3425777E+01  1.3426362E+01  1.3426362E+01  1.3425777E+01  1.3166708E+01  1.1842506E+01  7.4700708E+00  3.9458601E+02
 1.0264828E+01  1.4607785E+01  1.5925665E+01  1.6183487E+01  1.6184073E+01  1.6184073E+01  1.6183487E+01  1.5925665E+01  1.4607785E+01  1.0264828E+01  4.9140763E+02
 1.3535425E+01  1.7849429E+01  1.9161075E+01  1.9417649E+01  1.9418235E+01  1.9418309E+01  1.9417699E+01  1.9161075E+01  1.7849429E+01  1.3535425E+01  6.0616634E+02
 1.7343799E+01  2.1629248E+01  2.2934659E+01  2.3190037E+01  2.3190647E+01  2.3190647E+01  2.3190037E+01  2.2934659E+01  2.1629248E+01  1.7343799E+01  7.4121011E+02
 2.1757307E+01  2.6014701E+01  2.7314002E+01  2.7568133E+01  2.7568743E+01  2.7568817E+01  2.7568183E+01  2.7314002E+01  2.6014701E+01  2.1757307E+01  8.9907269E+02
 2.6849770E+01  3.1079481E+01  3.2372797E+01  3.2625731E+01  3.2626365E+01  3.2626365E+01  3.2625731E+01  3.2372797E+01  3.1079481E+01  2.6849770E+01  1.0824911E+03
 3.2701737E+01  3.6904016E+01  3.8191595E+01  3.8443208E+01  3.8443867E+01  3.8443917E+01  3.8443283E+01  3.8191595E+01  3.6904016E+01  3.2701737E+01  1.2944006E+03
 3.9400494E+01  4.3575839E+01  4.4857434E+01  4.5108049E+01  4.5108708E+01  4.5108708E+01  4.5108049E+01  4.4857434E+01  4.3575839E+01  3.9400494E+01  1.5379385E+03
 4.7040933E+01  5.1189594E+01  5.2465453E+01  5.2714746E+01  5.2715430E+01  5.2715480E+01  5.2714821E+01  5.2465453E+01  5.1189594E+01  4.7040933E+01  1.8164777E+03
 5.5725426E+01  5.9847777E+01  6.1117900E+01  6.1366071E+01  6.1366755E+01  6.1366829E+01  6.1366122E+01  6.1117900E+01  5.9847777E+01  5.5725426E+01  2.1335720E+03
 6.5564826E+01  6.9661116E+01  7.0925628E+01  7.1172677E+01  7.1173360E+01  7.1173435E+01  7.1172727E+01  7.0925628E+01  6.9661116E+01  6.5564826E+01  2.4930370E+03
 7.6678464E+01  8.0748942E+01  8.2007967E+01  8.2253820E+01  8.2254528E+01  8.2254602E+01  8.2253870E+01  8.2007967E+01  8.0748942E+01  7.6678464E+01  2.8988629E+03
 8.9194399E+01  9.3239565E+01  9.4492854E+01  9.4737709E+01  9.4738417E+01  9.4738491E+01  9.4737759E+01  9.4492854E+01  9.3239565E+01  8.9194399E+01  3.3553016E+03
 1.0325042E+02  1.0727039E+02  1.0851820E+02  1.0876186E+02  1.0876259E+02  1.0876271E+02  1.0876198E+02  1.0851820E+02  1.0727039E+02  1.0325042E+02  3.8668297E+03
 1.1899366E+02  1.2298870E+02  1.2423114E+02  1.2447367E+02  1.2447440E+02  1.2447448E+02  1.2447372E+02  1.2423114E+02  1.2298870E+02  1.1899366E+02  4.4381356E+03
 1.3658123E+02  1.4055146E+02  1.4178841E+02  1.4203057E+02  1.4203130E+02  1.4203130E+02  1.4203057E+02  1.4178841E+02  1.4055146E+02  1.3658123E+02  5.0741323E+03
 1.5618172E+02  1.6012826E+02  1.6135898E+02  1.6159989E+02  1.6160062E+02  1.6160062E+02  1.6159989E+02  1.6135898E+02  1.6012826E+02  1.5618172E+02  5.7799819E+03
 1.7797307E+02  1.8189467E+02  1.8312165E+02  1.8336057E+02  1.8336154E+02  1.8336205E+02  1.8336131E+02  1.8312165E+02  1.8189467E+02  1.7797307E+02  6.5610464E+03
 2.0214606E+02  2.0604271E+02  2.0726470E+02  2.0750238E+02  2.0750336E+02  2.0750336E+02  2.0750238E+02  2.0726470E+02  2.0604271E+02  2.0214606E+02  7.4229119E+03
 2.2890019E+02  2.3277315E+02  2.3398891E+02  2.3422658E+02  2.3422756E+02  2.3422756E+02  2.3422658E+02  2.3398891E+02  2.3277315E+02  2.2890019E+02  8.3714267E+03
 2.5844869E+02  2.6229796E+02  2.6350873E+02  2.6374516E+02  2.6374613E+02  2.6374613E+02  2.6374516E+02  2.6350873E+02  2.6229796E+02  2.5844869E+02  9.4125883E+03
 2.9101600E+02  2.9484283E+02  2.9604861E+02  2.9628380E+02  2.9628477E+02  2.9628477E+02  2.9628380E+02  2.9604861E+02  2.9484283E+02  2.9101600E+02  1.0552644E+04
 3.2684030E+02  3.3064469E+02  3.3184423E+02  3.3207891E+02  3.3207965E+02  3.3207965E+02  3.3207891E+02  3.3184423E+02  3.3064469E+02  3.2684030E+02  1.1798040E+04
 0.0000000E+00  0.0000000E+00  1.3793263E+00  1.6501117E+00  1.6505796E+00  1.6505948E+00  1.6501270E+00  1.3793263E+00  0.0000000E+00  0.0000000E+00  6.3540778E-03
 0.0000000E+00  0.0000000E+00  1.3811920E+00  1.6519393E+00  1.6524072E+00  1.6524163E+00  1.6519455E+00  1.3811920E+00  0.0000000E+00  0.0000000E+00  7.7522985E-02
 0.0000000E+00  1.1076353E-01  1.4842229E+00  1.7532799E+00  1.7537626E+00  1.7537688E+00  1.7532890E+00  1.4842229E+00  1.1076353E-01  0.0000000E+00  3.4938534E+00
 0.0000000E+00  2.8067062E-01  1.6461345E+00  1.9135788E+00  1.9140705E+00  1.9140796E+00  1.9135849E+00  1.6461345E+00  2.8067062E-01  0.0000000E+00  8.5634178E+00
 0.0000000E+00  5.2186966E-01  1.8796561E+00  2.1455562E+00  2.1460598E+00  2.1460689E+00  2.1455623E+00  1.8796561E+00  5.2186966E-01  0.0000000E+00  1.5798384E+01
 0.0000000E+00  8.4788913E-01  2.1982830E+00  2.4626998E+00  2.4632153E+00  2.4632244E+00  2.4627059E+00  2.1982830E+00  8.4788913E-01  0.0000000E+00  2.5753016E+01
 0.0000000E+00  1.2737321E+00  2.6169861E+00  2.8799654E+00  2.8804928E+00  2.8805171E+00  2.8799867E+00  2.6169861E+00  1.2737321E+00  0.0000000E+00  3.9050025E+01
 0.0000000E+00  1.8159795E+00  3.1523206E+00  3.4139141E+00  3.4144564E+00  3.4144716E+00  3.4139293E+00  3.1523206E+00  1.8159795E+00  0.0000000E+00  5.6384201E+01
 0.0000000E+00  2.4929073E+00  3.8225472E+00  4.0827884E+00  4.0833396E+00  4.0833640E+00  4.0828097E+00  3.8225472E+00  2.4929073E+00  0.0000000E+00  7.8523900E+01
 0.0000000E+00  3.3246024E+00  4.6477391E+00  4.9066645E+00  4.9072277E+00  4.9072520E+00  4.9066859E+00  4.6477391E+00  3.3246024E+00  0.0000000E+00  1.0631545E+02
 0.0000000E+00  4.3330873E+00  5.6498883E+00  5.9075437E+00  5.9081188E+00  5.9081340E+00  5.9075589E+00  5.6498883E+00  4.3330873E+00  0.0000000E+00  1.4068499E+02
 1.3442455E+00  5.6466900E+00  6.9568660E+00  7.2131752E+00  7.2137622E+00  7.2137865E+00  7.2131965E+00  6.9568660E+00  5.6466900E+00  1.3442455E+00  1.8361897E+02
 2.9538737E+00  7.2262543E+00  8.5299422E+00  8.7849509E+00  8.7855498E+00  8.7855742E+00  8.7849722E+00  8.5299422E+00  7.2262543E+00  2.9538737E+00  2.3631629E+02
 4.8679649E+00  9.1108449E+00  1.0408152E+01  1.0661875E+01  1.0662486E+01  1.0662510E+01  1.0661896E+01  1.0408152E+01  9.1108449E+00  4.8679649E+00  3.0030666E+02
 7.1296656E+00  1.1343578E+01  1.2634610E+01  1.2887054E+01  1.2887680E+01  1.2887710E+01  1.2887085E+01  1.2634610E+01  1.1343578E+01  7.1296656E+00  3.7727299E+02
 9.7864934E+00  1.3971911E+01  1.5256805E+01  1.5508015E+01  1.5508641E+01  1.5508641E+01  1.5508015E+01  1.5256805E+01  1.3971911E+01  9.7864934E+00  4.6904288E+02
 1.2890626E+01  1.7048005E+01  1.8326716E+01  1.8576769E+01  1.8577425E+01  1.8577425E+01  1.8576769E+01  1.8326716E+01  1.7048005E+01  1.2890626E+01  5.7761146E+02
 1.6499268E+01  2.0629035E+01  2.1901806E+01  2.2150489E+01  2.2151144E+01  2.2151235E+01  2.2150550E+01  2.1901806E+01  2.0629035E+01  1.6499268E+01  7.0513682E+02
 2.0674725E+01  2.4777230E+01  2.6044062E+01  2.6291678E+01  2.6292334E+01  2.6292425E+01  2.6291739E+01  2.6044062E+01  2.4777230E+01  2.0674725E+01  8.5394458E+02
 2.5485121E+01  2.9560973E+01  3.0822017E+01  3.1068324E+01  3.1069010E+01  3.1069101E+01  3.1068386E+01  3.0822017E+01  2.9560973E+01  2.5485121E+01  1.0265401E+03
 3.1004777E+01  3.5054130E+01  3.6309386E+01  3.6554536E+01  3.6555251E+01  3.6555251E+01  3.6554536E+01  3.6309386E+01  3.5054130E+01  3.1004777E+01  1.2256053E+03
 3.7313805E+01  4.1336961E+01  4.2586583E+01  4.2830606E+01  4.2831291E+01  4.2831382E+01  4.2830667E+01  4.2586583E+01  4.1336961E+01  3.7313805E+01  1.4540066E+03
 4.4499166E+01  4.8496584E+01  4.9740571E+01  4.9983436E+01  4.9984151E+01  4.9984243E+01  4.9983498E+01  4.9740571E+01  4.8496584E+01  4.4499166E+01  1.7147914E+03
 5.2654984E+01  5.6626968E+01  5.7865319E+01  5.8107180E+01  5.8107925E+01  5.8107925E+01  5.8107180E+01  5.7865319E+01  5.6626968E+01  5.2654984E+01  2.0112129E+03
 6.1882536E+01  6.5829391E+01  6.7062259E+01  6.7302901E+01  6.7303646E+01  6.7303737E+01  6.7302963E+01  6.7062259E+01  6.5829391E+01  6.1882536E+01  2.3467146E+03
 7.2290870E+01  7.6212748E+01  7.7440133E+01  7.7679618E+01  7.7680393E+01  7.7680545E+01  7.7679771E+01  7.7440133E+01  7.6212748E+01  7.2290870E+01  2.7248907E+03
 8.3996648E+01  8.7894005E+01  8.9115908E+01  8.9354327E+01  8.9355102E+01  8.9355193E+01  8.9354388E+01  8.9115908E+01  8.7894005E+01  8.3996648E+01  3.1495945E+03
 9.7125365E+01  1.0099820E+02  1.0221493E+02  1.0245219E+02  1.0245299E+02  1.0245305E+02  1.0245228E+02  1.0221493E+02  1.0099820E+02  9.7125365E+01  3.6248466E+03
 1.1181074E+02  1.1565951E+02  1.1687076E+02  1.1710710E+02  1.1710791E+02  1.1710791E+02  1.1710710E+02  1.1687076E+02  1.1565951E+02  1.1181074E+02  4.1548506E+03
 1.2819563E+02  1.3202049E+02  1.3322656E+02  1.3346169E+02  1.3346249E+02  1.3346258E+02  1.3346175E+02  1.3322656E+02  1.3202049E+02  1.2819563E+02  4.7440079E+03
 1.4643203E+02  1.5023314E+02  1.5143402E+02  1.5166815E+02  1.5166898E+02  1.5166907E+02  1.5166821E+02  1.5143402E+02  1.5023314E+02  1.4643203E+02  5.3969485E+03
 1.6668169E+02  1.7045873E+02  1.7165428E+02  1.7188762E+02  1.7188851E+02  1.7188851E+02  1.7188762E+02  1.7165428E+02  1.7045873E+02  1.6668169E+02  6.1184393E+03
 1.8911548E+02  1.9286967E+02  1.9406066E+02  1.9429247E+02  1.9429336E+02  1.9429336E+02  1.9429247E+02  1.9406066E+02  1.9286967E+02  1.8911548E+02  6.9134910E+03
 2.1391449E+02  2.1764584E+02  2.1883073E+02  2.1906254E+02  2.1906344E+02  2.1906344E+02  2.1906254E+02  2.1883073E+02  2.1764584E+02  2.1391449E+02  7.7872361E+03
 2.4127061E+02  2.4497912E+02  2.4615944E+02  2.4638973E+02  2.4639063E+02  2.4639063E+02  2.4638973E+02  2.4615944E+02  2.4497912E+02  2.4127061E+02  8.7450355E+03
 2.7138642E+02  2.7507208E+02  2.7624783E+02  2.7647660E+02  2.7647749E+02  2.7647749E+02  2.7647660E+02  2.7624783E+02  2.7507208E+02  2.7138642E+02  9.7924331E+03
 3.0447359E+02  3.0813641E+02  3.0930607E+02  3.0953483E+02  3.0953573E+02  3.0953573E+02  3.0953483E+02  3.0930607E+02  3.0813641E+02  3.0447359E+02  1.0935079E+04
 0.0000000E+00  0.0000000E+00  1.3448504E+00  1.6087459E+00  1.6092507E+00  1.6092615E+00  1.6087556E+00  1.3448504E+00  0.0000000E+00  0.0000000E+00  6.9720293E-03
 0.0000000E+00  0.0000000E+00  1.3466808E+00  1.6105343E+00  1.6110395E+00  1.6110491E+00  1.6105432E+00  1.3466808E+00  0.0000000E+00  0.0000000E+00  7.6603554E-02
 0.0000000E+00  1.0830287E-01  1.4474436E+00  1.7096424E+00  1.7101607E+00  1.7101726E+00  1.7096528E+00  1.4474436E+00  1.0830287E-01  0.0000000E+00  3.4140625E+00
 0.0000000E+00  2.7384787E-01  1.6051858E+00  1.8658211E+00  1.8663525E+00  1.8663525E+00  1.8658211E+00  1.6051858E+00  2.7384787E-01  0.0000000E+00  8.3530530E+00
 0.0000000E+00  5.0815926E-01  1.8320081E+00  2.0911312E+00  2.0916735E+00  2.0916846E+00  2.0911387E+00  1.8320081E+00  5.0815926E-01  0.0000000E+00  1.5382153E+01
 0.0000000E+00  8.2404185E-01  2.1406694E+00  2.3983343E+00  2.3988911E+00  2.3989208E+00  2.3983604E+00  2.1406694E+00  8.2404185E-01  0.0000000E+00  2.5027368E+01
 0.0000000E+00  1.2356573E+00  2.5453352E+00  2.8015901E+00  2.8021579E+00  2.8021690E+00  2.8015976E+00  2.5453352E+00  1.2356573E+00  0.0000000E+00  3.7877561E+01
 0.0000000E+00  1.7586180E+00  3.0615565E+00  3.3164462E+00  3.3170285E+00  3.3170583E+00  3.3164723E+00  3.0615565E+00  1.7586180E+00  0.0000000E+00  5.4587462E+01
 0.0000000E+00  2.4100994E+00  3.7065030E+00  3.9600758E+00  3.9606690E+00  3.9606988E+00  3.9601019E+00  3.7065030E+00  2.4100994E+00  0.0000000E+00  7.5879382E+01
 0.0000000E+00  3.2089580E+00  4.4989997E+00  4.7512929E+00  4.7518970E+00  4.7519267E+00  4.7513189E+00  4.4989997E+00  3.2089580E+00  0.0000000E+00  1.0254576E+02
 0.0000000E+00  4.1757917E+00  5.4596390E+00  5.7106972E+00  5.7113159E+00  5.7113456E+00  5.7107232E+00  5.4596390E+00  4.1757917E+00  0.0000000E+00  1.3545197E+02
 1.2866525E+00  5.4327779E+00  6.7101890E+00  6.9599302E+00  6.9605598E+00  6.9605896E+00  6.9599563E+00  6.7101890E+00  5.4327779E+00  1.2866525E+00  1.7646451E+02
 2.8244567E+00  6.9415036E+00  8.2125714E+00  8.4610404E+00  8.4616846E+00  8.4617144E+00  8.4610665E+00  8.2125714E+00  6.9415036E+00  2.8244567E+00  2.2669577E+02
 4.6498425E+00  8.7383541E+00  1.0003190E+01  1.0250387E+01  1.0251046E+01  1.0251083E+01  1.0250424E+01  1.0003190E+01  8.7383541E+00  4.6498425E+00  2.8756863E+02
 6.8029381E+00  1.0863417E+01  1.2122133E+01  1.2368106E+01  1.2368775E+01  1.2368805E+01  1.2368132E+01  1.2122133E+01  1.0863417E+01  6.8029381E+00  3.6063317E+02
 9.3278855E+00  1.3360796E+01  1.4613485E+01  1.4858234E+01  1.4858915E+01  1.4858956E+01  1.4858268E+01  1.4613485E+01  1.3360796E+01  9.3278855E+00  4.4758590E+02
 1.2273013E+01  1.6278820E+01  1.7525575E+01  1.7769108E+01  1.7769803E+01  1.7769844E+01  1.7769142E+01  1.7525575E+01  1.6278820E+01  1.2273013E+01  5.5025908E+02
 1.5691223E+01  1.9670393E+01  2.0911140E+01  2.1153531E+01  2.1154259E+01  2.1154333E+01  2.1153642E+01  2.0911140E+01  1.9670393E+01  1.5691223E+01  6.7063570E+02
 1.9640258E+01  2.3592976E+01  2.4828142E+01  2.5069231E+01  2.5069959E+01  2.5070145E+01  2.5069417E+01  2.4828142E+01  2.3592976E+01  1.9640258E+01  8.1085124E+02
 2.4182656E+01  2.8109517E+01  2.9338917E+01  2.9578964E+01  2.9579728E+01  2.9579803E+01  2.9579075E+01  2.9338917E+01  2.8109517E+01  2.4182656E+01  9.7319374E+02
 2.9386910E+01  3.3288100E+01  3.4511919E+01  3.4750776E+01  3.4751503E+01  3.4751615E+01  3.4750850E+01  3.4511919E+01  3.3288100E+01  2.9386910E+01  1.1601112E+03
 3.5326496E+01  3.9202574E+01  4.0420813E+01  4.0658442E+01  4.0659206E+01  4.0659392E+01  4.0658628E+01  4.0420813E+01  3.9202574E+01  3.5326496E+01  1.3742135E+03
 4.2081590E+01  4.5932556E+01  4.7145399E+01  4.7381912E+01  4.7382677E+01  4.7382788E+01  4.7381987E+01  4.7145399E+01  4.5932556E+01  4.2081590E+01  1.6182760E+03
 4.9737760E+01  5.3564171E+01  5.4771620E+01  5.5007092E+01  5.5007893E+01  5.5007893E+01  5.5007092E+01  5.4771620E+01  5.3564171E+01  4.9737760E+01  1.8952360E+03
 5.8388016E+01  6.2190058E+01  6.3392113E+01  6.3626468E+01  6.3627269E+01  6.3627380E+01  6.3626543E+01  6.3392113E+01  6.2190058E+01  5.8388016E+01  2.2081944E+03
 6.8131691E+01  7.1909551E+01  7.3106211E+01  7.3339525E+01  7.3340362E+01  7.3340437E+01  7.3339637E+01  7.3106211E+01  7.1909551E+01  6.8131691E+01  2.5604399E+03
 7.9075003E+01  8.2829238E+01  8.4020504E+01  8.4252702E+01  8.4253539E+01  8.4253725E+01  8.4252888E+01  8.4020504E+01  8.2829238E+01  7.9075003E+01  2.9554141E+03
 9.1332167E+01  9.5062778E+01  9.6248835E+01  9.6480103E+01  9.6480940E+01  9.6480940E+01  9.6480103E+01  9.6248835E+01  9.5062778E+01  9.1332167E+01  3.3967069E+03
 1.0502447E+02  1.0873183E+02  1.0991267E+02  1.1014290E+02  1.1014377E+02  1.1014377E+02  1.1014290E+02  1.0991267E+02  1.0873183E+02  1.0502447E+02  3.8881319E+03
 1.2028156E+02  1.2396585E+02  1.2514149E+02  1.2537060E+02  1.2537148E+02  1.2537166E+02  1.2537079E+02  1.2514149E+02  1.2396585E+02  1.2028156E+02  4.4335954E+03
 1.3724091E+02  1.4090214E+02  1.4207294E+02  1.4230094E+02  1.4230181E+02  1.4230192E+02  1.4230101E+02  1.4207294E+02  1.4090214E+02  1.3724091E+02  5.0372457E+03
 1.5604836E+02  1.5968689E+02  1.6085268E+02  1.6107963E+02  1.6108054E+02  1.6108065E+02  1.6107970E+02  1.6085268E+02  1.5968689E+02  1.5604836E+02  5.7033239E+03
 1.7685849E+02  1.8047452E+02  1.8163509E+02  1.8186111E+02  1.8186202E+02  1.8186213E+02  1.8186119E+02  1.8163509E+02  1.8047452E+02  1.7685849E+02  6.4362574E+03
 1.9983463E+02  2.0342852E+02  2.0458370E+02  2.0480842E+02  2.0480914E+02  2.0481026E+02  2.0480916E+02  2.0458370E+02  2.0342852E+02  1.9983463E+02  7.2406594E+03
 2.2514810E+02  2.2871966E+02  2.2987112E+02  2.3009473E+02  2.3009582E+02  2.3009582E+02  2.3009473E+02  2.2987112E+02  2.2871966E+02  2.2514810E+02  8.1212361E+03
 2.5298026E+02  2.5653136E+02  2.5767724E+02  2.5789899E+02  2.5790008E+02  2.5790008E+02  2.5789899E+02  2.5767724E+02  2.5653136E+02  2.5298026E+02  9.0828799E+03
 2.8352272E+02  2.8705150E+02  2.8819180E+02  2.8841466E+02  2.8841538E+02  2.8841538E+02  2.8841466E+02  2.8819180E+02  2.8705150E+02  2.8352272E+02  1.0130576E+04
 0.0000000E+00  0.0000000E+00  1.3112341E+00  1.5683958E+00  1.5689395E+00  1.5689503E+00  1.5684054E+00  1.3112341E+00  0.0000000E+00  0.0000000E+00  7.6501060E-03
 0.0000000E+00  0.0000000E+00  1.3130291E+00  1.5701485E+00  1.5706926E+00  1.5707044E+00  1.5701594E+00  1.3130291E+00  0.0000000E+00  0.0000000E+00  7.5783092E-02
 0.0000000E+00  1.0590161E-01  1.4115769E+00  1.6670784E+00  1.6676367E+00  1.6676521E+00  1.6670925E+00  1.4115769E+00  1.0590161E-01  0.0000000E+00  3.3363237E+00
 0.0000000E+00  2.6719081E-01  1.5652539E+00  1.8192191E+00  1.8197916E+00  1.8198071E+00  1.8192332E+00  1.5652539E+00  2.6719081E-01  0.0000000E+00  8.1479575E+00
 0.0000000E+00  4.9479342E-01  1.7855496E+00  2.0380404E+00  2.0386263E+00  2.0386430E+00  2.0380554E+00  1.7855496E+00  4.9479342E-01  0.0000000E+00  1.4976445E+01
 0.0000000E+00  8.0081583E-01  2.0845354E+00  2.3356059E+00  2.3362060E+00  2.3362287E+00  2.3356286E+00  2.0845354E+00  8.0081583E-01  0.0000000E+00  2.4320705E+01
 0.0000000E+00  1.1986154E+00  2.4755348E+00  2.7252445E+00  2.7258579E+00  2.7258715E+00  2.7252536E+00  2.4755348E+00  1.1986154E+00  0.0000000E+00  3.6737004E+01
 0.0000000E+00  1.7028856E+00  2.9732274E+00  3.2216012E+00  3.2222280E+00  3.2222507E+00  3.2216239E+00  2.9732274E+00  1.7028856E+00  0.0000000E+00  5.2842203E+01
 0.0000000E+00  2.3297601E+00  3.5937242E+00  3.8408077E+00  3.8414478E+00  3.8414705E+00  3.8408304E+00  3.5937242E+00  2.3297601E+00  0.0000000E+00  7.3314282E+01
 0.0000000E+00  3.0968950E+00  4.3546565E+00  4.6004859E+00  4.6011349E+00  4.6011620E+00  4.6005041E+00  4.3546565E+00  3.0968950E+00  0.0000000E+00  9.8895066E+01
 0.0000000E+00  4.0235733E+00  5.2753138E+00  5.5199074E+00  5.5205742E+00  5.5206105E+00  5.5199393E+00  5.2753138E+00  4.0235733E+00  0.0000000E+00  1.3039204E+02
 1.2312239E+00  5.2261013E+00  6.4715482E+00  6.7148741E+00  6.7155542E+00  6.7155770E+00  6.7148968E+00  6.4715482E+00  5.2261013E+00  1.2312239E+00  1.6955832E+02
 2.7000133E+00  6.6667627E+00  7.9060297E+00  8.1481015E+00  8.1487906E+00  8.1488269E+00  8.1481334E+00  7.9060297E+00  6.6667627E+00  2.7000133E+00  2.1742542E+02
 4.4403355E+00  8.3794794E+00  9.6126573E+00  9.8534934E+00  9.8542002E+00  9.8542365E+00  9.8535252E+00  9.6126573E+00  8.3794794E+00  4.4403355E+00  2.7531111E+02
 6.4894519E+00  1.0401490E+01  1.1628693E+01  1.1868307E+01  1.1869027E+01  1.1869077E+01  1.1868348E+01  1.1628693E+01  1.0401490E+01  6.4894519E+00  3.4464954E+02
 8.8883278E+00  1.2773692E+01  1.3995033E+01  1.4233447E+01  1.4234181E+01  1.4234231E+01  1.4233488E+01  1.3995033E+01  1.2773692E+01  8.8883278E+00  4.2700680E+02
 1.1681745E+01  1.5540867E+01  1.6756414E+01  1.6993652E+01  1.6994399E+01  1.6994449E+01  1.6993693E+01  1.6756414E+01  1.5540867E+01  1.1681745E+01  5.2406651E+02
 1.4918553E+01  1.8751842E+01  1.9961686E+01  2.0197770E+01  2.0198530E+01  2.0198580E+01  2.0197811E+01  1.9961686E+01  1.8751842E+01  1.4918553E+01  6.3765083E+02
 1.8652008E+01  2.2459850E+01  2.3664082E+01  2.3898975E+01  2.3899731E+01  2.3899867E+01  2.3899067E+01  2.3664082E+01  2.2459850E+01  1.8652008E+01  7.6971374E+02
 2.2939980E+01  2.6722716E+01  2.7921222E+01  2.8155071E+01  2.8155871E+01  2.8155871E+01  2.8155071E+01  2.7921222E+01  2.6722716E+01  2.2939980E+01  9.2234551E+02
 2.7844882E+01  3.1602852E+01  3.2796133E+01  3.3028845E+01  3.3029645E+01  3.3029645E+01  3.3028845E+01  3.2796133E+01  3.1602852E+01  2.7844882E+01  1.0977796E+03
 3.3434806E+01  3.7168466E+01  3.8356066E+01  3.8587643E+01  3.8588443E+01  3.8588579E+01  3.8587734E+01  3.8356066E+01  3.7168466E+01  3.3434806E+01  1.2983880E+03
 3.9782687E+01  4.3492036E+01  4.4674410E+01  4.4904942E+01  4.4905787E+01  4.4905787E+01  4.4904942E+01  4.4674410E+01  4.3492036E+01  3.9782687E+01  1.5266835E+03
 4.6967136E+01  5.0652856E+01  5.1829777E+01  5.2059173E+01  5.2060018E+01  5.2060153E+01  5.2059264E+01  5.1829777E+01  5.0652856E+01  4.6967136E+01  1.7853314E+03
 5.5072902E+01  5.8734992E+01  5.9906688E+01  6.0135039E+01  6.0135928E+01  6.0136019E+01  6.0135175E+01  5.9906688E+01  5.8734992E+01  5.5072902E+01  2.0771354E+03
 6.4190411E+01  6.7829099E+01  6.8995797E+01  6.9223012E+01  6.9223901E+01  6.9223901E+01  6.9223012E+01  6.8995797E+01  6.7829099E+01  6.4190411E+01  2.4050558E+03
 7.4416681E+01  7.8032421E+01  7.9193893E+01  7.9419972E+01  7.9420861E+01  7.9420997E+01  7.9420063E+01  7.9193893E+01  7.8032421E+01  7.4416681E+01  2.7721509E+03
 8.5855089E+01  8.9447882E+01  9.0604356E+01  9.0829526E+01  9.0830415E+01  9.0830550E+01  9.0829617E+01  9.0604356E+01  8.9447882E+01  8.5855089E+01  3.1817107E+03
 9.8615831E+01  1.0218613E+02  1.0333760E+02  1.0356173E+02  1.0356266E+02  1.0356266E+02  1.0356173E+02  1.0333760E+02  1.0218613E+02  9.8615831E+01  3.6370976E+03
 1.1281614E+02  1.1636418E+02  1.1751065E+02  1.1773364E+02  1.1773458E+02  1.1773471E+02  1.1773373E+02  1.1751065E+02  1.1636418E+02  1.1281614E+02  4.1418336E+03
 1.2858054E+02  1.3210630E+02  1.3324778E+02  1.3346973E+02  1.3347070E+02  1.3347093E+02  1.3346995E+02  1.3324778E+02  1.3210630E+02  1.2858054E+02  4.6995764E+03
 1.4604033E+02  1.4954429E+02  1.5068054E+02  1.5090157E+02  1.5090255E+02  1.5090278E+02  1.5090180E+02  1.5068054E+02  1.4954429E+02  1.4604033E+02  5.3141432E+03
 1.6533458E+02  1.6881695E+02  1.6994843E+02  1.7016842E+02  1.7016944E+02  1.7016954E+02  1.7016856E+02  1.6994843E+02  1.6881695E+02  1.6533458E+02  5.9894419E+03
 1.8661051E+02  1.9007130E+02  1.9119778E+02  1.9141686E+02  1.9141788E+02  1.9141811E+02  1.9141709E+02  1.9119778E+02  1.9007130E+02  1.8661051E+02  6.7295167E+03
 2.1002239E+02  2.1346160E+02  2.1458353E+02  2.1480148E+02  2.1480250E+02  2.1480273E+02  2.1480171E+02  2.1458353E+02  2.1346160E+02  2.1002239E+02  7.5385937E+03
 2.3573200E+02  2.3915144E+02  2.4026701E+02  2.4048469E+02  2.4048558E+02  2.4048558E+02  2.4048469E+02  2.4026701E+02  2.3915144E+02  2.3573200E+02  8.4209216E+03
 2.6391224E+02  2.6730896E+02  2.6841999E+02  2.6863766E+02  2.6863855E+02  2.6863855E+02  2.6863766E+02  2.6841999E+02  2.6730896E+02  2.6391224E+02  9.3809309E+03
 0.0000000E+00  0.0000000E+00  1.2784322E+00  1.5290134E+00  1.5295993E+00  1.5296137E+00  1.5290268E+00  1.2784322E+00  0.0000000E+00  0.0000000E+00  8.3940065E-03
 0.0000000E+00  0.0000000E+00  1.2801916E+00  1.5307340E+00  1.5313198E+00  1.5313331E+00  1.5307457E+00  1.2801916E+00  0.0000000E+00  0.0000000E+00  7.5065637E-02
 0.0000000E+00  1.0355710E-01  1.3765784E+00  1.6255381E+00  1.6261397E+00  1.6261541E+00  1.6255514E+00  1.3765784E+00  1.0355710E-01  0.0000000E+00  3.2605247E+00
 0.0000000E+00  2.6069185E-01  1.5262857E+00  1.7737436E+00  1.7743599E+00  1.7743776E+00  1.7737592E+00  1.5262857E+00  2.6069185E-01  0.0000000E+00  7.9478569E+00
 0.0000000E+00  4.8175666E-01  1.7402194E+00  1.9862339E+00  1.9868648E+00  1.9868853E+00  1.9862522E+00  1.7402194E+00  4.8175666E-01  0.0000000E+00  1.4580825E+01
 0.0000000E+00  7.7818238E-01  2.0297823E+00  2.2744061E+00  2.2750517E+00  2.2750750E+00  2.2744272E+00  2.0297823E+00  7.7818238E-01  0.0000000E+00  2.3632110E+01
 0.0000000E+00  1.1625643E+00  2.4075345E+00  2.6508148E+00  2.6514750E+00  2.6515011E+00  2.6508387E+00  2.4075345E+00  1.1625643E+00  0.0000000E+00  3.5627310E+01
 0.0000000E+00  1.6487166E+00  2.8872765E+00  3.1292598E+00  3.1299331E+00  3.1299497E+00  3.1292710E+00  2.8872765E+00  1.6487166E+00  0.0000000E+00  5.1146389E+01
 0.0000000E+00  2.2517721E+00  3.4841129E+00  3.7248255E+00  3.7255150E+00  3.7255428E+00  3.7248532E+00  3.4841129E+00  2.2517721E+00  0.0000000E+00  7.0825314E+01
 0.0000000E+00  2.9882617E+00  4.2145418E+00  4.4540390E+00  4.4547448E+00  4.4547726E+00  4.4540667E+00  4.2145418E+00  2.9882617E+00  0.0000000E+00  9.5358409E+01
 0.0000000E+00  3.8762317E+00  5.0966287E+00  5.3349272E+00  5.3356439E+00  5.3356882E+00  5.3349661E+00  5.0966287E+00  3.8762317E+00  0.0000000E+00  1.2549800E+02
 1.1778716E+00  5.0263637E+00  6.2405999E+00  6.4776554E+00  6.4783884E+00  6.4784161E+00  6.4776831E+00  6.2405999E+00  5.0263637E+00  1.1778716E+00  1.6288943E+02
 2.5803721E+00  6.4016378E+00  7.6098799E+00  7.8456811E+00  7.8464250E+00  7.8464693E+00  7.8457200E+00  7.6098799E+00  6.4016378E+00  2.5803721E+00  2.0848815E+02
 4.2390735E+00  8.0336623E+00  9.2359380E+00  9.4705517E+00  9.4713118E+00  9.4713562E+00  9.4705906E+00  9.2359380E+00  8.0336623E+00  4.2390735E+00  2.6351355E+02
 6.1886504E+00  9.9569870E+00  1.1153435E+01  1.1386861E+01  1.1387638E+01  1.1387682E+01  1.1386900E+01  1.1153435E+01  9.9569870E+00  6.1886504E+00  3.2929377E+02
 8.4670188E+00  1.2209575E+01  1.3400279E+01  1.3632545E+01  1.3633338E+01  1.3633382E+01  1.3632584E+01  1.3400279E+01  1.2209575E+01  8.4670188E+00  4.0726519E+02
 1.1115611E+01  1.4832803E+01  1.6017873E+01  1.6248968E+01  1.6249772E+01  1.6249833E+01  1.6249018E+01  1.6017873E+01  1.4832803E+01  1.1115611E+01  4.9898436E+02
 1.4179604E+01  1.7871793E+01  1.9051285E+01  1.9281248E+01  1.9282068E+01  1.9282140E+01  1.9281315E+01  1.9051285E+01  1.7871793E+01  1.4179604E+01  6.0611355E+02
 1.7708008E+01  2.1375609E+01  2.2549606E+01  2.2778438E+01  2.2779274E+01  2.2779346E+01  2.2778504E+01  2.2549606E+01  2.1375609E+01  1.7708008E+01  7.3044268E+02
 2.1754074E+01  2.5397393E+01  2.6565980E+01  2.6793707E+01  2.6794559E+01  2.6794631E+01  2.6793773E+01  2.6565980E+01  2.5397393E+01  2.1754074E+01  8.7388102E+02
 2.6375359E+01  2.9994730E+01  3.1158043E+01  3.1384610E+01  3.1385479E+01  3.1385479E+01  3.1384610E+01  3.1158043E+01  2.9994730E+01  2.6375359E+01  1.0384571E+03
 3.1633969E+01  3.5229641E+01  3.6387681E+01  3.6613139E+01  3.6614007E+01  3.6614173E+01  3.6613250E+01  3.6387681E+01  3.5229641E+01  3.1633969E+01  1.2263301E+03
 3.7596784E+01  4.1169144E+01  4.2321913E+01  4.2546371E+01  4.2547294E+01  4.2547294E+01  4.2546371E+01  4.2321913E+01  4.1169144E+01  3.7596784E+01  1.4397726E+03
 4.4335788E+01  4.7885115E+01  4.9032611E+01  4.9255960E+01  4.9256883E+01  4.9256883E+01  4.9255960E+01  4.9032611E+01  4.7885115E+01  4.4335788E+01  1.6811934E+03
 5.1927852E+01  5.5454424E+01  5.6596924E+01  5.6819163E+01  5.6820086E+01  5.6820252E+01  5.6819274E+01  5.6596924E+01  5.5454424E+01  5.1927852E+01  1.9531235E+03
 6.0455673E+01  6.3959766E+01  6.5097272E+01  6.5318512E+01  6.5319489E+01  6.5319489E+01  6.5318512E+01  6.5097272E+01  6.3959766E+01  6.0455673E+01  2.2582186E+03
 7.0007498E+01  7.3489391E+01  7.4621624E+01  7.4841920E+01  7.4842843E+01  7.4843009E+01  7.4842031E+01  7.4621624E+01  7.3489391E+01  7.0007498E+01  2.5992537E+03
 8.0677126E+01  8.4136818E+01  8.5264055E+01  8.5483353E+01  8.5484331E+01  8.5484331E+01  8.5483353E+01  8.5264055E+01  8.4136818E+01  8.0677126E+01  2.9791316E+03
 9.2563903E+01  9.6001950E+01  9.7124192E+01  9.7342492E+01  9.7343523E+01  9.7343635E+01  9.7342658E+01  9.7124192E+01  9.6001950E+01  9.2563903E+01  3.4008883E+03
 1.0577439E+02  1.0919079E+02  1.1030832E+02  1.1052551E+02  1.1052654E+02  1.1052654E+02  1.1052551E+02  1.1030832E+02  1.0919079E+02  1.0577439E+02  3.8676567E+03
 1.2042071E+02  1.2381547E+02  1.2492800E+02  1.2514435E+02  1.2514538E+02  1.2514555E+02  1.2514447E+02  1.2492800E+02  1.2381547E+02  1.2042071E+02  4.3826838E+03
 1.3662107E+02  1.3999474E+02  1.4110255E+02  1.4131780E+02  1.4131883E+02  1.4131899E+02  1.4131791E+02  1.4110255E+02  1.3999474E+02  1.3662107E+02  4.9493274E+03
 1.5450119E+02  1.5785377E+02  1.5895686E+02  1.5917111E+02  1.5917219E+02  1.5917219E+02  1.5917111E+02  1.5895686E+02  1.5785377E+02  1.5450119E+02  5.5711119E+03
 1.7419233E+02  1.7752409E+02  1.7862246E+02  1.7883588E+02  1.7883697E+02  1.7883697E+02  1.7883588E+02  1.7862246E+02  1.7752409E+02  1.7419233E+02  6.2515892E+03
 1.9583351E+02  1.9914474E+02  2.0023839E+02  2.0045070E+02  2.0045179E+02  2.0045195E+02  2.0045081E+02  2.0023839E+02  1.9914474E+02  1.9583351E+02  6.9944781E+03
 2.1956988E+02  2.2286057E+02  2.2394951E+02  2.2416098E+02  2.2416207E+02  2.2416224E+02  2.2416110E+02  2.2394951E+02  2.2286057E+02  2.1956988E+02  7.8034972E+03
 2.4555406E+02  2.4882422E+02  2.4990844E+02  2.5011892E+02  2.5012006E+02  2.5012033E+02  2.5011919E+02  2.4990844E+02  2.4882422E+02  2.4555406E+02  8.6825593E+03
 0.0000000E+00  0.0000000E+00  1.2464375E+00  1.4905908E+00  1.4912215E+00  1.4912377E+00  1.4906051E+00  1.2464375E+00  0.0000000E+00  0.0000000E+00  9.2102273E-03
 0.0000000E+00  0.0000000E+00  1.2481661E+00  1.4922768E+00  1.4929081E+00  1.4929257E+00  1.4922930E+00  1.2481661E+00  0.0000000E+00  0.0000000E+00  7.4456927E-02
 0.0000000E+00  1.0126847E-01  1.3424414E+00  1.5850052E+00  1.5856525E+00  1.5856721E+00  1.5850229E+00  1.3424414E+00  1.0126847E-01  0.0000000E+00  3.1866799E+00
 0.0000000E+00  2.5435038E-01  1.4882742E+00  1.7293706E+00  1.7300344E+00  1.7300541E+00  1.7293882E+00  1.4882742E+00  2.5435038E-01  0.0000000E+00  7.7527466E+00
 0.0000000E+00  4.6904102E-01  1.6960093E+00  1.9356931E+00  1.9363722E+00  1.9363972E+00  1.9357155E+00  1.6960093E+00  4.6904102E-01  0.0000000E+00  1.4195184E+01
 0.0000000E+00  7.5613760E-01  1.9764082E+00  2.2147317E+00  2.2154267E+00  2.2154517E+00  2.2147541E+00  1.9764082E+00  7.5613760E-01  0.0000000E+00  2.2961592E+01
 0.0000000E+00  1.1274901E+00  2.3412936E+00  2.5783008E+00  2.5790117E+00  2.5790401E+00  2.5783265E+00  2.3412936E+00  1.1274901E+00  0.0000000E+00  3.4547716E+01
 0.0000000E+00  1.5960837E+00  2.8036268E+00  3.0393624E+00  3.0400879E+00  3.0401184E+00  3.0393895E+00  2.8036268E+00  1.5960837E+00  0.0000000E+00  4.9499095E+01
 0.0000000E+00  2.1761068E+00  3.3775759E+00  3.6120793E+00  3.6128220E+00  3.6128559E+00  3.6121132E+00  3.3775759E+00  2.1761068E+00  0.0000000E+00  6.8411433E+01
 0.0000000E+00  2.8830290E+00  4.0786072E+00  4.3119006E+00  4.3126567E+00  4.3126906E+00  4.3119345E+00  4.0786072E+00  2.8830290E+00  0.0000000E+00  9.1933476E+01
 0.0000000E+00  3.7336927E+00  4.9235054E+00  5.1556398E+00  5.1564090E+00  5.1564632E+00  5.1556873E+00  4.9235054E+00  3.7336927E+00  0.0000000E+00  1.2076617E+02
 1.1265377E+00  4.8333788E+00  6.0171921E+00  6.2481133E+00  6.2489024E+00  6.2489363E+00  6.2481472E+00  6.0171921E+00  4.8333788E+00  1.1265377E+00  1.5645242E+02
 2.4653591E+00  6.1458911E+00  7.3238405E+00  7.5535348E+00  7.5543373E+00  7.5543914E+00  7.5535824E+00  7.3238405E+00  6.1458911E+00  2.4653591E+00  1.9987551E+02
 4.0458308E+00  7.7005484E+00  8.8727019E+00  9.1012032E+00  9.1020189E+00  9.1020731E+00  9.1012508E+00  8.8727019E+00  7.7005484E+00  4.0458308E+00  2.5216450E+02
 5.9001191E+00  9.5294494E+00  1.0695908E+01  1.0923264E+01  1.0924100E+01  1.0924154E+01  1.0923312E+01  1.0695908E+01  9.5294494E+00  5.9001191E+00  3.1454433E+02
 8.0633256E+00  1.1667709E+01  1.2828576E+01  1.3054806E+01  1.3055655E+01  1.3055709E+01  1.3054854E+01  1.2828576E+01  1.1667709E+01  8.0633256E+00  3.8833726E+02
 1.0573785E+01  1.4153663E+01  1.5309004E+01  1.5534090E+01  1.5534959E+01  1.5535013E+01  1.5534137E+01  1.5309004E+01  1.4153663E+01  1.0573785E+01  4.7497262E+02
 1.3473155E+01  1.7028865E+01  1.8178784E+01  1.8402744E+01  1.8403626E+01  1.8403701E+01  1.8402805E+01  1.8178784E+01  1.7028865E+01  1.3473155E+01  5.7596926E+02
 1.6806617E+01  2.0338499E+01  2.1483062E+01  2.1705931E+01  2.1706826E+01  2.1706901E+01  2.1705992E+01  2.1483062E+01  2.0338499E+01  1.6806617E+01  6.9296767E+02
 2.0623081E+01  2.4131508E+01  2.5270749E+01  2.5492541E+01  2.5493456E+01  2.5493544E+01  2.5492622E+01  2.5270749E+01  2.4131508E+01  2.0623081E+01  8.2770668E+02
 2.4975355E+01  2.8460598E+01  2.9594620E+01  2.9815354E+01  2.9816282E+01  2.9816357E+01  2.9815415E+01  2.9594620E+01  2.8460598E+01  2.4975355E+01  9.8202677E+02
 2.9920316E+01  3.3382748E+01  3.4511448E+01  3.4731301E+01  3.4732229E+01  3.4732229E+01  3.4731301E+01  3.4511448E+01  3.3382748E+01  2.9920316E+01  1.1578837E+03
 3.5519144E+01  3.8959137E+01  4.0082753E+01  4.0301386E+01  4.0302381E+01  4.0302381E+01  4.0301386E+01  4.0082753E+01  3.8959137E+01  3.5519144E+01  1.3573382E+03
 4.1837492E+01  4.5255115E+01  4.6373646E+01  4.6591263E+01  4.6592257E+01  4.6592596E+01  4.6591602E+01  4.6373646E+01  4.5255115E+01  4.1837492E+01  1.5825664E+03
 4.8945591E+01  5.2341183E+01  5.3454969E+01  5.3671568E+01  5.3672563E+01  5.3672563E+01  5.3671568E+01  5.3454969E+01  5.2341183E+01  4.8945591E+01  1.8358427E+03
 5.6918689E+01  6.0292248E+01  6.1400950E+01  6.1616533E+01  6.1617528E+01  6.1617730E+01  6.1616669E+01  6.1400950E+01  6.0292248E+01  5.6918689E+01  2.1195498E+03
 6.5836437E+01  6.9188643E+01  7.0292260E+01  7.0506826E+01  7.0507821E+01  7.0508024E+01  7.0506963E+01  7.0292260E+01  6.9188643E+01  6.5836437E+01  2.4361824E+03
 7.5783912E+01  7.9114764E+01  8.0213637E+01  8.0427322E+01  8.0428383E+01  8.0428383E+01  8.0427322E+01  8.0213637E+01  7.9114764E+01  7.5783912E+01  2.7883368E+03
 8.6851614E+01  9.0161451E+01  9.1255578E+01  9.1467908E+01  9.1468969E+01  9.1469308E+01  9.1468247E+01  9.1255578E+01  9.0161451E+01  8.6851614E+01  3.1787044E+03
 9.9135126E+01  1.0242395E+02  1.0351333E+02  1.0372498E+02  1.0372604E+02  1.0372624E+02  1.0372512E+02  1.0351333E+02  1.0242395E+02  9.9135126E+01  3.6100780E+03
 1.1273579E+02  1.1600394E+02  1.1708858E+02  1.1729921E+02  1.1730027E+02  1.1730047E+02  1.1729935E+02  1.1708858E+02  1.1600394E+02  1.1273579E+02  4.0853862E+03
 1.2776039E+02  1.3100786E+02  1.3208775E+02  1.3229750E+02  1.3229863E+02  1.3229863E+02  1.3229750E+02  1.3208775E+02  1.3100786E+02  1.2776039E+02  4.6075371E+03
 1.4432110E+02  1.4754823E+02  1.4862371E+02  1.4883211E+02  1.4883324E+02  1.4883344E+02  1.4883225E+02  1.4862371E+02  1.4754823E+02  1.4432110E+02  5.1796830E+03
 1.6253621E+02  1.6574335E+02  1.6681409E+02  1.6702161E+02  1.6702280E+02  1.6702294E+02  1.6702181E+02  1.6681409E+02  1.6574335E+02  1.6253621E+02  5.8049761E+03
 1.8252980E+02  1.8571694E+02  1.8678327E+02  1.8698977E+02  1.8699096E+02  1.8699130E+02  1.8699011E+02  1.8678327E+02  1.8571694E+02  1.8252980E+02  6.4866026E+03
 2.0443201E+02  2.0759948E+02  2.0866107E+02  2.0886669E+02  2.0886795E+02  2.0886809E+02  2.0886689E+02  2.0866107E+02  2.0759948E+02  2.0443201E+02  7.2279180E+03
 2.2837841E+02  2.3152623E+02  2.3258341E+02  2.3278822E+02  2.3278941E+02  2.3278962E+02  2.3278836E+02  2.3258341E+02  2.3152623E+02  2.2837841E+02  8.0322778E+03
 0.0000000E+00  0.0000000E+00  1.2152297E+00  1.4530983E+00  1.4537771E+00  1.4537969E+00  1.4531157E+00  1.2152297E+00  0.0000000E+00  0.0000000E+00  1.0105759E-02
 0.0000000E+00  0.0000000E+00  1.2169229E+00  1.4547560E+00  1.4554356E+00  1.4554529E+00  1.4547717E+00  1.2169229E+00  0.0000000E+00  0.0000000E+00  7.3963754E-02
 0.0000000E+00  9.9034403E-02  1.3091401E+00  1.5454531E+00  1.5461505E+00  1.5461721E+00  1.5454730E+00  1.3091401E+00  9.9034403E-02  0.0000000E+00  3.1147211E+00
 0.0000000E+00  2.4816125E-01  1.4511939E+00  1.6860722E+00  1.6867866E+00  1.6868106E+00  1.6860937E+00  1.4511939E+00  2.4816125E-01  0.0000000E+00  7.5624698E+00
 0.0000000E+00  4.5664366E-01  1.6528876E+00  1.8863850E+00  1.8871165E+00  1.8871429E+00  1.8864083E+00  1.6528876E+00  4.5664366E-01  0.0000000E+00  1.3819285E+01
 0.0000000E+00  7.3466133E-01  1.9243683E+00  2.1565345E+00  2.1572830E+00  2.1573111E+00  2.1565602E+00  1.9243683E+00  7.3466133E-01  0.0000000E+00  2.2308605E+01
 0.0000000E+00  1.0933706E+00  2.2767641E+00  2.5076430E+00  2.5084076E+00  2.5084382E+00  2.5076704E+00  2.2767641E+00  1.0933706E+00  0.0000000E+00  3.3497786E+01
 0.0000000E+00  1.5449511E+00  2.7222383E+00  2.9518670E+00  2.9526479E+00  2.9526851E+00  2.9519002E+00  2.7222383E+00  1.5449511E+00  0.0000000E+00  4.7899106E+01
 0.0000000E+00  2.1026921E+00  3.2740550E+00  3.5024768E+00  3.5032746E+00  3.5033135E+00  3.5025124E+00  3.2740550E+00  2.1026921E+00  0.0000000E+00  6.6070544E+01
 0.0000000E+00  2.7810668E+00  3.9466669E+00  4.1739132E+00  4.1747312E+00  4.1747726E+00  4.1739546E+00  3.9466669E+00  2.7810668E+00  0.0000000E+00  8.8617072E+01
 0.0000000E+00  3.5957739E+00  4.7557561E+00  4.9818805E+00  4.9827067E+00  4.9827314E+00  4.9818971E+00  4.7557561E+00  3.5957739E+00  0.0000000E+00  1.1619156E+02
 1.0771503E+00  4.6469584E+00  5.8010909E+00  6.0260067E+00  6.0268491E+00  6.0269152E+00  6.0260647E+00  5.8010909E+00  4.6469584E+00  1.0771503E+00  1.5023967E+02
 2.3548268E+00  5.8992075E+00  7.0475855E+00  7.2713092E+00  7.2721759E+00  7.2722173E+00  7.2713506E+00  7.0475855E+00  5.8992075E+00  2.3548268E+00  1.9157738E+02
 3.8602995E+00  7.3796915E+00  8.5224391E+00  8.7449955E+00  8.7458784E+00  8.7459445E+00  8.7450536E+00  8.5224391E+00  7.3796915E+00  3.8602995E+00  2.4124838E+02
 5.6234047E+00  9.1182592E+00  1.0255459E+01  1.0476873E+01  1.0477764E+01  1.0477830E+01  1.0476931E+01  1.0255459E+01  9.1182592E+00  5.6234047E+00  3.0038080E+02
 7.6766079E+00  1.1147327E+01  1.2279062E+01  1.2499391E+01  1.2500299E+01  1.2500365E+01  1.2499450E+01  1.2279062E+01  1.1147327E+01  7.6766079E+00  3.7019261E+02
 1.0055335E+01  1.3502332E+01  1.4628685E+01  1.4847905E+01  1.4848837E+01  1.4848903E+01  1.4847963E+01  1.4628685E+01  1.3502332E+01  1.0055335E+01  4.5199037E+02
 1.2797962E+01  1.6221610E+01  1.7342664E+01  1.7560758E+01  1.7561706E+01  1.7561797E+01  1.7560833E+01  1.7342664E+01  1.6221610E+01  1.2797962E+01  5.4716759E+02
 1.5946097E+01  1.9346685E+01  2.0462523E+01  2.0679549E+01  2.0680521E+01  2.0680604E+01  2.0679632E+01  2.0462523E+01  1.9346685E+01  1.5946097E+01  6.5721547E+02
 1.9544574E+01  2.2922517E+01  2.4033138E+01  2.4249122E+01  2.4250110E+01  2.4250193E+01  2.4249204E+01  2.4033138E+01  2.2922517E+01  1.9544574E+01  7.8371962E+02
 2.3641873E+01  2.6997418E+01  2.8102948E+01  2.8317888E+01  2.8318892E+01  2.8319000E+01  2.8317987E+01  2.8102948E+01  2.6997418E+01  2.3641873E+01  9.2835257E+02
 2.8290073E+01  3.1623511E+01  3.2723990E+01  3.2937887E+01  3.2938908E+01  3.2939015E+01  3.2937987E+01  3.2723990E+01  3.1623511E+01  2.8290073E+01  1.0928821E+03
 3.3544982E+01  3.6856644E+01  3.7952113E+01  3.8164967E+01  3.8166004E+01  3.8166137E+01  3.8165084E+01  3.7952113E+01  3.6856644E+01  3.3544982E+01  1.2791711E+03
 3.9466503E+01  4.2756472E+01  4.3847347E+01  4.4058992E+01  4.4060045E+01  4.4060045E+01  4.4058992E+01  4.3847347E+01  4.2756472E+01  3.9466503E+01  1.4891778E+03
 4.6118518E+01  4.9387414E+01  5.0472907E+01  5.0683724E+01  5.0684777E+01  5.0685024E+01  5.0683890E+01  5.0472907E+01  4.9387414E+01  4.6118518E+01  1.7249515E+03
 5.3569168E+01  5.6816951E+01  5.7897889E+01  5.8107631E+01  5.8108765E+01  5.8108765E+01  5.8107631E+01  5.7897889E+01  5.6816951E+01  5.3569168E+01  1.9886243E+03
 6.1891275E+01  6.5117944E+01  6.6193915E+01  6.6402829E+01  6.6403963E+01  6.6403963E+01  6.6402829E+01  6.6193915E+01  6.5117944E+01  6.1891275E+01  2.2824317E+03
 7.1161015E+01  7.4367398E+01  7.5438815E+01  7.5646487E+01  7.5647621E+01  7.5648035E+01  7.5646901E+01  7.5438815E+01  7.4367398E+01  7.1161015E+01  2.6086880E+03
 8.1461185E+01  8.4646869E+01  8.5713732E+01  8.5920576E+01  8.5921710E+01  8.5921710E+01  8.5920576E+01  8.5713732E+01  8.4646869E+01  8.1461185E+01  2.9697984E+03
 9.2877070E+01  9.6042882E+01  9.7104777E+01  9.7310793E+01  9.7311927E+01  9.7312174E+01  9.7310959E+01  9.7104777E+01  9.6042882E+01  9.2877070E+01  3.3682386E+03
 1.0550057E+02  1.0864610E+02  1.0970344E+02  1.0990838E+02  1.0990960E+02  1.0990976E+02  1.0990863E+02  1.0970344E+02  1.0864610E+02  1.0550057E+02  3.8065755E+03
 1.1942692E+02  1.2255299E+02  1.2360577E+02  1.2380947E+02  1.2381069E+02  1.2381110E+02  1.2380989E+02  1.2360577E+02  1.2255299E+02  1.1942692E+02  4.2874461E+03
 1.3475753E+02  1.3786373E+02  1.3891196E+02  1.3911525E+02  1.3911646E+02  1.3911646E+02  1.3911525E+02  1.3891196E+02  1.3786373E+02  1.3475753E+02  4.8135910E+03
 1.5159839E+02  1.5468513E+02  1.5572881E+02  1.5593085E+02  1.5593207E+02  1.5593232E+02  1.5593102E+02  1.5572881E+02  1.5468513E+02  1.5159839E+02  5.3877179E+03
 1.7006004E+02  1.7312732E+02  1.7416645E+02  1.7436766E+02  1.7436888E+02  1.7436912E+02  1.7436783E+02  1.7416645E+02  1.7312732E+02  1.7006004E+02  6.0127247E+03
 1.9025840E+02  1.9330663E+02  1.9434120E+02  1.9454159E+02  1.9454280E+02  1.9454305E+02  1.9454176E+02  1.9434120E+02  1.9330663E+02  1.9025840E+02  6.6915506E+03
 2.1231475E+02  2.1534395E+02  2.1637396E+02  2.1657344E+02  2.1657482E+02  2.1657498E+02  2.1657369E+02  2.1637396E+02  2.1534395E+02  2.1231475E+02  7.4270524E+03
 0.0000000E+00  0.0000000E+00  1.1847804E+00  1.4165070E+00  1.4172381E+00  1.4172593E+00  1.4165263E+00  1.1847804E+00  0.0000000E+00  0.0000000E+00  1.1088262E-02
 0.0000000E+00  0.0000000E+00  1.1864440E+00  1.4181322E+00  1.4188643E+00  1.4188855E+00  1.4181514E+00  1.1864440E+00  0.0000000E+00  0.0000000E+00  7.3591726E-02
 0.0000000E+00  9.6853281E-02  1.2766424E+00  1.5068472E+00  1.5075981E+00  1.5076244E+00  1.5068715E+00  1.2766424E+00  9.6853281E-02  0.0000000E+00  3.0446075E+00
 0.0000000E+00  2.4212031E-01  1.4150092E+00  1.6438066E+00  1.6445763E+00  1.6446055E+00  1.6438329E+00  1.4150092E+00  2.4212031E-01  0.0000000E+00  7.3769210E+00
 0.0000000E+00  4.4455242E-01  1.6108183E+00  1.8382617E+00  1.8390492E+00  1.8390785E+00  1.8382880E+00  1.6108183E+00  4.4455242E-01  0.0000000E+00  1.3452848E+01
 0.0000000E+00  7.1373932E-01  1.8736264E+00  2.0997664E+00  2.1005717E+00  2.1006091E+00  2.0997998E+00  1.8736264E+00  7.1373932E-01  0.0000000E+00  2.1672591E+01
 0.0000000E+00  1.0601672E+00  2.2138955E+00  2.4387776E+00  2.4396007E+00  2.4396381E+00  2.4388110E+00  2.2138955E+00  1.0601672E+00  0.0000000E+00  3.2476373E+01
 0.0000000E+00  1.4952614E+00  2.6430280E+00  2.8666907E+00  2.8675306E+00  2.8675731E+00  2.8667292E+00  2.6430280E+00  1.4952614E+00  0.0000000E+00  4.6344817E+01
 0.0000000E+00  2.0314609E+00  3.1734479E+00  3.3959235E+00  3.3967812E+00  3.3968267E+00  3.3959640E+00  3.1734479E+00  2.0314609E+00  0.0000000E+00  6.3799756E+01
 0.0000000E+00  2.6822717E+00  3.8186358E+00  4.0399598E+00  4.0408353E+00  4.0408828E+00  4.0400033E+00  3.8186358E+00  2.6822717E+00  0.0000000E+00  8.5405803E+01
 0.0000000E+00  3.4623426E+00  4.5932305E+00  4.8134311E+00  4.8143234E+00  4.8143790E+00  4.8134817E+00  4.5932305E+00  3.4623426E+00  0.0000000E+00  1.1176853E+02
 1.0296460E+00  4.4668880E+00  5.5920671E+00  5.8110654E+00  5.8119756E+00  5.8120564E+00  5.8111363E+00  5.5920671E+00  4.4668880E+00  1.0296460E+00  1.4424359E+02
 2.2486035E+00  5.6612404E+00  6.7808067E+00  6.9986827E+00  6.9996127E+00  6.9996632E+00  6.9987333E+00  6.7808067E+00  5.6612404E+00  2.2486035E+00  1.8358238E+02
 3.6821955E+00  7.0706976E+00  8.1847523E+00  8.4014856E+00  8.4024255E+00  8.4025062E+00  8.4015565E+00  8.1847523E+00  7.0706976E+00  3.6821955E+00  2.3074817E+02
 5.3580509E+00  8.7228176E+00  9.8314113E+00  1.0047073E+01  1.0048032E+01  1.0048113E+01  1.0047144E+01  9.8314113E+00  8.7228176E+00  5.3580509E+00  2.8678110E+02
 7.3061802E+00  1.0647636E+01  1.1750921E+01  1.1965460E+01  1.1966439E+01  1.1966520E+01  1.1965531E+01  1.1750921E+01  1.0647636E+01  7.3061802E+00  3.5279814E+02
 9.5593194E+00  1.2877768E+01  1.3975844E+01  1.4189282E+01  1.4190291E+01  1.4190392E+01  1.4189383E+01  1.3975844E+01  1.2877768E+01  9.5593194E+00  4.2999467E+02
 1.2152712E+01  1.5448609E+01  1.6541477E+01  1.6753873E+01  1.6754892E+01  1.6754973E+01  1.6753944E+01  1.6541477E+01  1.5448609E+01  1.2152712E+01  5.1964948E+02
 1.5124637E+01  1.8398285E+01  1.9486046E+01  1.9697370E+01  1.9698409E+01  1.9698490E+01  1.9697441E+01  1.9486046E+01  1.8398285E+01  1.5124637E+01  6.2311113E+02
 1.8516305E+01  2.1768008E+01  2.2850712E+01  2.3061015E+01  2.3062073E+01  2.3062154E+01  2.3061086E+01  2.2850712E+01  2.1768008E+01  1.8516305E+01  7.4182835E+02
 2.2372010E+01  2.5602071E+01  2.6679820E+01  2.6889051E+01  2.6890129E+01  2.6890261E+01  2.6889172E+01  2.6679820E+01  2.5602071E+01  2.2372010E+01  8.7731301E+02
 2.6739386E+01  2.9948108E+01  3.1020901E+01  3.1229141E+01  3.1230230E+01  3.1230341E+01  3.1229233E+01  3.1020901E+01  2.9948108E+01  2.6739386E+01  1.0311630E+03
 3.1669401E+01  3.4856987E+01  3.5924926E+01  3.6132166E+01  3.6133284E+01  3.6133415E+01  3.6132287E+01  3.5924926E+01  3.4856987E+01  3.1669401E+01  1.2050672E+03
 3.7216465E+01  4.0383269E+01  4.1446404E+01  4.1652622E+01  4.1653760E+01  4.1653891E+01  4.1652744E+01  4.1446404E+01  4.0383269E+01  3.7216465E+01  1.4007751E+03
 4.3438829E+01  4.6585002E+01  4.7643334E+01  4.7848581E+01  4.7849738E+01  4.7849870E+01  4.7848702E+01  4.7643334E+01  4.6585002E+01  4.3438829E+01  1.6201274E+03
 5.0398232E+01  5.3523876E+01  5.4577657E+01  5.4781852E+01  5.4783040E+01  5.4783040E+01  5.4781852E+01  5.4577657E+01  5.3523876E+01  5.0398232E+01  1.8650404E+03
 5.8160208E+01  6.1265929E+01  6.2315159E+01  6.2518343E+01  6.2519530E+01  6.2519530E+01  6.2518343E+01  6.2315159E+01  6.1265929E+01  5.8160208E+01  2.1375065E+03
 6.6794739E+01  6.9880739E+01  7.0924912E+01  7.1127289E+01  7.1128575E+01  7.1128778E+01  7.1127591E+01  7.0924912E+01  6.9880739E+01  6.6794739E+01  2.4395886E+03
 7.6375346E+01  7.9441626E+01  8.0481248E+01  8.0682614E+01  8.0683900E+01  8.0684103E+01  8.0682916E+01  8.0481248E+01  7.9441626E+01  7.6375346E+01  2.7734207E+03
 8.6979901E+01  9.0026460E+01  9.1061532E+01  9.1261886E+01  9.1263172E+01  9.1263678E+01  9.1262391E+01  9.1061532E+01  9.0026460E+01  8.6979901E+01  3.1411973E+03
 9.8690319E+01  1.0171716E+02  1.0274768E+02  1.0294753E+02  1.0294881E+02  1.0294881E+02  1.0294753E+02  1.0274768E+02  1.0171716E+02  9.8690319E+01  3.5451989E+03
 1.1159205E+02  1.1460018E+02  1.1562616E+02  1.1582499E+02  1.1582628E+02  1.1582628E+02  1.1582499E+02  1.1562616E+02  1.1460018E+02  1.1159205E+02  3.9877414E+03
 1.2577613E+02  1.2876555E+02  1.2978697E+02  1.2998479E+02  1.2998608E+02  1.2998608E+02  1.2998479E+02  1.2978697E+02  1.2876555E+02  1.2577613E+02  4.4712164E+03
 1.4133760E+02  1.4430780E+02  1.4532518E+02  1.4552169E+02  1.4552308E+02  1.4552328E+02  1.4552199E+02  1.4532518E+02  1.4430780E+02  1.4133760E+02  4.9980664E+03
 1.5837456E+02  1.6132606E+02  1.6233888E+02  1.6253489E+02  1.6253628E+02  1.6253628E+02  1.6253489E+02  1.6233888E+02  1.6132606E+02  1.5837456E+02  5.5707791E+03
 1.7699119E+02  1.7992398E+02  1.8093276E+02  1.8112775E+02  1.8112914E+02  1.8112914E+02  1.8112775E+02  1.8093276E+02  1.7992398E+02  1.7699119E+02  6.1918727E+03
 1.9729468E+02  2.0020926E+02  2.0121349E+02  2.0140747E+02  2.0140886E+02  2.0140886E+02  2.0140747E+02  2.0121349E+02  2.0020926E+02  1.9729468E+02  6.8639361E+03
 0.0000000E+00  0.0000000E+00  1.1550776E+00  1.3807929E+00  1.3815796E+00  1.3816055E+00  1.3808164E+00  1.1550776E+00  0.0000000E+00  0.0000000E+00  1.2166159E-02
 0.0000000E+00  0.0000000E+00  1.1567081E+00  1.3823888E+00  1.3831767E+00  1.3832026E+00  1.3824123E+00  1.1567081E+00  0.0000000E+00  0.0000000E+00  7.3349359E-02
 0.0000000E+00  9.4723467E-02  1.2449393E+00  1.4691677E+00  1.4699761E+00  1.4700081E+00  1.4691973E+00  1.2449393E+00  9.4723467E-02  0.0000000E+00  2.9763174E+00
 0.0000000E+00  2.3622380E-01  1.3797071E+00  1.6025572E+00  1.6033861E+00  1.6034182E+00  1.6025869E+00  1.3797071E+00  2.3622380E-01  0.0000000E+00  7.1960363E+00
 0.0000000E+00  4.3276023E-01  1.5697815E+00  1.7913040E+00  1.7921510E+00  1.7921868E+00  1.7913361E+00  1.5697815E+00  4.3276023E-01  0.0000000E+00  1.3095656E+01
 0.0000000E+00  6.9336155E-01  1.8241549E+00  2.0444016E+00  2.0452680E+00  2.0453099E+00  2.0444399E+00  1.8241549E+00  6.9336155E-01  0.0000000E+00  2.1053262E+01
 0.0000000E+00  1.0278693E+00  2.1526534E+00  2.3716675E+00  2.3725532E+00  2.3725952E+00  2.3717059E+00  2.1526534E+00  1.0278693E+00  0.0000000E+00  3.1482960E+01
 0.0000000E+00  1.4469953E+00  2.5659553E+00  2.7837777E+00  2.7846815E+00  2.7847272E+00  2.7838185E+00  2.5659553E+00  1.4469953E+00  0.0000000E+00  4.4835355E+01
 0.0000000E+00  1.9623628E+00  3.0756779E+00  3.2923394E+00  3.2932613E+00  3.2933169E+00  3.2923888E+00  3.0756779E+00  1.9623628E+00  0.0000000E+00  6.1598108E+01
 0.0000000E+00  2.5865772E+00  3.6944079E+00  3.9099357E+00  3.9108770E+00  3.9109350E+00  3.9099889E+00  3.6944079E+00  2.5865772E+00  0.0000000E+00  8.2296617E+01
 0.0000000E+00  3.3332690E+00  4.4357636E+00  4.6501923E+00  4.6511517E+00  4.6512134E+00  4.6502479E+00  4.4357636E+00  3.3332690E+00  0.0000000E+00  1.0749371E+02
 9.8395753E-01  4.2929608E+00  5.3898723E+00  5.6031548E+00  5.6041336E+00  5.6042015E+00  5.6032167E+00  5.3898723E+00  4.2929608E+00  9.8395753E-01  1.3845738E+02
 2.1465576E+00  5.4317645E+00  6.5232163E+00  6.7353626E+00  6.7363535E+00  6.7364522E+00  6.7354492E+00  6.5232163E+00  5.4317645E+00  2.1465576E+00  1.7588060E+02
 3.5112692E+00  6.7730997E+00  7.8591599E+00  8.0702442E+00  8.0712592E+00  8.0713210E+00  8.0703059E+00  7.8591599E+00  6.7730997E+00  3.5112692E+00  2.2065148E+02
 5.1036613E+00  8.3425601E+00  9.4233706E+00  9.6333063E+00  9.6343334E+00  9.6344321E+00  9.6333929E+00  9.4233706E+00  8.3425601E+00  5.1036613E+00  2.7372607E+02
 6.9514643E+00  1.0167895E+01  1.1243456E+01  1.1452292E+01  1.1453356E+01  1.1453454E+01  1.1452379E+01  1.1243456E+01  1.0167895E+01  6.9514643E+00  3.3612836E+02
 9.0848607E+00  1.2279057E+01  1.3349492E+01  1.3557304E+01  1.3558379E+01  1.3558478E+01  1.3557390E+01  1.3349492E+01  1.2279057E+01  9.0848607E+00  4.0895214E+02
 1.1536263E+01  1.4708596E+01  1.5773966E+01  1.5980716E+01  1.5981815E+01  1.5981939E+01  1.5980839E+01  1.5773966E+01  1.4708596E+01  1.1536263E+01  4.9336220E+02
 1.4340811E+01  1.7491652E+01  1.8552020E+01  1.8757744E+01  1.8758856E+01  1.8758955E+01  1.8757831E+01  1.8552020E+01  1.7491652E+01  1.4340811E+01  5.9059068E+02
 1.7536243E+01  2.0665838E+01  2.1721326E+01  2.1925989E+01  2.1927125E+01  2.1927285E+01  2.1926137E+01  2.1721326E+01  2.0665838E+01  1.7536243E+01  7.0194628E+02
 2.1163134E+01  2.4271792E+01  2.5322402E+01  2.5526101E+01  2.5527249E+01  2.5527385E+01  2.5526213E+01  2.5322402E+01  2.4271792E+01  2.1163134E+01  8.2879637E+02
 2.5264903E+01  2.8352933E+01  2.9398725E+01  2.9601424E+01  2.9602596E+01  2.9602757E+01  2.9601572E+01  2.9398725E+01  2.8352933E+01  2.5264903E+01  9.7258740E+02
 2.9887992E+01  3.2955703E+01  3.3996740E+01  3.4198439E+01  3.4199635E+01  3.4199795E+01  3.4198587E+01  3.3996740E+01  3.2955703E+01  2.9887992E+01  1.1348325E+03
 3.5082059E+01  3.8129574E+01  3.9165917E+01  3.9366677E+01  3.9367897E+01  3.9367996E+01  3.9366764E+01  3.9165917E+01  3.8129574E+01  3.5082059E+01  1.3171127E+03
 4.0899784E+01  4.3927412E+01  4.4959061E+01  4.5158858E+01  4.5160091E+01  4.5160226E+01  4.5158969E+01  4.4959061E+01  4.3927412E+01  4.0899784E+01  1.5210771E+03
 4.7397246E+01  5.0405173E+01  5.1432251E+01  5.1631048E+01  5.1632305E+01  5.1632465E+01  5.1631196E+01  5.1432251E+01  5.0405173E+01  4.7397246E+01  1.7484302E+03
 5.4633797E+01  5.7622269E+01  5.8644778E+01  5.8842636E+01  5.8843917E+01  5.8844077E+01  5.8842784E+01  5.8644778E+01  5.7622269E+01  5.4633797E+01  2.0009508E+03
 6.2672187E+01  6.5641636E+01  6.6659451E+01  6.6856481E+01  6.6857689E+01  6.6858058E+01  6.6856729E+01  6.6659451E+01  6.5641636E+01  6.2672187E+01  2.2804793E+03
 7.1579300E+01  7.4529604E+01  7.5543096E+01  7.5739138E+01  7.5740468E+01  7.5740468E+01  7.5739138E+01  7.5543096E+01  7.4529604E+01  7.1579300E+01  2.5888932E+03
 8.1424557E+01  8.4355716E+01  8.5364884E+01  8.5560309E+01  8.5561638E+01  8.5561638E+01  8.5560309E+01  8.5364884E+01  8.4355716E+01  8.1424557E+01  2.9281565E+03
 9.2282071E+01  9.5194701E+01  9.6198928E+01  9.6393118E+01  9.6394447E+01  9.6394817E+01  9.6393367E+01  9.6198928E+01  9.5194701E+01  9.2282071E+01  3.3002580E+03
 1.0422842E+02  1.0712253E+02  1.0812243E+02  1.0831563E+02  1.0831708E+02  1.0831733E+02  1.0831600E+02  1.0812243E+02  1.0712253E+02  1.0422842E+02  3.7072479E+03
 1.1734452E+02  1.2022010E+02  1.2121629E+02  1.2140826E+02  1.2140971E+02  1.2141033E+02  1.2140888E+02  1.2121629E+02  1.2022010E+02  1.1734452E+02  4.1512264E+03
 1.3171560E+02  1.3457264E+02  1.3556452E+02  1.3575587E+02  1.3575732E+02  1.3575732E+02  1.3575587E+02  1.3556452E+02  1.3457264E+02  1.3171560E+02  4.6343301E+03
 1.4742935E+02  1.5026848E+02  1.5125603E+02  1.5144615E+02  1.5144760E+02  1.5144822E+02  1.5144677E+02  1.5125603E+02  1.5026848E+02  1.4742935E+02  5.1587270E+03
 1.6457718E+02  1.6739902E+02  1.6838225E+02  1.6857174E+02  1.6857319E+02  1.6857319E+02  1.6857174E+02  1.6838225E+02  1.6739902E+02  1.6457718E+02  5.7266219E+03
 1.8325605E+02  1.8605998E+02  1.8703889E+02  1.8722715E+02  1.8722860E+02  1.8722897E+02  1.8722740E+02  1.8703889E+02  1.8605998E+02  1.8325605E+02  6.3402814E+03
 0.0000000E+00  0.0000000E+00  1.1260953E+00  1.3459362E+00  1.3467848E+00  1.3468120E+00  1.3459619E+00  1.1260953E+00  0.0000000E+00  0.0000000E+00  1.3348680E-02
 0.0000000E+00  0.0000000E+00  1.1276945E+00  1.3474977E+00  1.3483463E+00  1.3483780E+00  1.3475264E+00  1.1276945E+00  0.0000000E+00  0.0000000E+00  7.3244281E-02
 0.0000000E+00  9.2644250E-02  1.2140067E+00  1.4323920E+00  1.4332628E+00  1.4332945E+00  1.4324207E+00  1.2140067E+00  9.2644250E-02  0.0000000E+00  2.9098067E+00
 0.0000000E+00  2.3046854E-01  1.3452629E+00  1.5622952E+00  1.5631866E+00  1.5632228E+00  1.5623269E+00  1.3452629E+00  2.3046854E-01  0.0000000E+00  7.0196346E+00
 0.0000000E+00  4.2126000E-01  1.5297382E+00  1.7454778E+00  1.7463899E+00  1.7464291E+00  1.7455140E+00  1.5297382E+00  4.2126000E-01  0.0000000E+00  1.2747467E+01
 0.0000000E+00  6.7350877E-01  1.7759115E+00  1.9903960E+00  1.9913288E+00  1.9913800E+00  1.9904429E+00  1.7759115E+00  6.7350877E-01  0.0000000E+00  2.0450169E+01
 0.0000000E+00  9.9644581E-01  2.0929858E+00  2.3062606E+00  2.3072140E+00  2.3072652E+00  2.3063074E+00  2.0929858E+00  9.9644581E-01  0.0000000E+00  3.0516766E+01
 0.0000000E+00  1.4001039E+00  2.4909561E+00  2.7030634E+00  2.7040360E+00  2.7040917E+00  2.7031132E+00  2.4909561E+00  1.4001039E+00  0.0000000E+00  4.3369464E+01
 0.0000000E+00  1.8953320E+00  2.9806775E+00  3.1916429E+00  3.1926362E+00  3.1926995E+00  3.1917003E+00  2.9806775E+00  1.8953320E+00  0.0000000E+00  5.9463209E+01
 0.0000000E+00  2.4938754E+00  3.5738726E+00  3.7837308E+00  3.7847433E+00  3.7848066E+00  3.7837882E+00  3.5738726E+00  2.4938754E+00  0.0000000E+00  7.9287045E+01
 0.0000000E+00  3.2084297E+00  4.2832068E+00  4.4919956E+00  4.4930272E+00  4.4930950E+00  4.4920560E+00  4.2832068E+00  3.2084297E+00  0.0000000E+00  1.0336275E+02
 9.4002827E-01  4.1249978E+00  5.1943360E+00  5.4019905E+00  5.4030428E+00  5.4031182E+00  5.4020585E+00  5.1943360E+00  4.1249978E+00  9.4002827E-01  1.3287503E+02
 2.0485322E+00  5.2105017E+00  6.2744916E+00  6.4810420E+00  6.4821149E+00  6.4821978E+00  6.4811175E+00  6.2744916E+00  5.2105017E+00  2.0485322E+00  1.6846357E+02
 3.3472671E+00  6.4866590E+00  7.5454213E+00  7.7508871E+00  7.7519793E+00  7.7520244E+00  7.7509174E+00  7.5454213E+00  6.4866590E+00  3.3472671E+00  2.1094381E+02
 4.8598515E+00  7.9770581E+00  9.0306531E+00  9.2350481E+00  9.2361698E+00  9.2362452E+00  9.2351235E+00  9.0306531E+00  7.9770581E+00  4.8598515E+00  2.6119607E+02
 6.6119030E+00  9.7073015E+00  1.0755842E+01  1.0959136E+01  1.0960273E+01  1.0960393E+01  1.0959242E+01  1.0755842E+01  9.7073015E+00  6.6119030E+00  3.2015651E+02
 8.6311515E+00  1.1705111E+01  1.2748598E+01  1.2950897E+01  1.2952063E+01  1.2952138E+01  1.2950972E+01  1.2748598E+01  1.1705111E+01  8.6311515E+00  3.8882463E+02
 1.0947446E+01  1.4000285E+01  1.5038868E+01  1.5240110E+01  1.5241276E+01  1.5241397E+01  1.5240216E+01  1.5038868E+01  1.4000285E+01  1.0947446E+01  4.6825953E+02
 1.3592938E+01  1.6625031E+01  1.7658712E+01  1.7858959E+01  1.7860154E+01  1.7860275E+01  1.7859064E+01  1.7658712E+01  1.6625031E+01  1.3592938E+01  5.5958367E+02
 1.6602326E+01  1.9613826E+01  2.0642754E+01  2.0841975E+01  2.0843185E+01  2.0843351E+01  2.0842111E+01  2.0642754E+01  1.9613826E+01  1.6602326E+01  6.6397686E+02
 2.0012498E+01  2.3003857E+01  2.4027957E+01  2.4226183E+01  2.4227422E+01  2.4227618E+01  2.4226364E+01  2.4027957E+01  2.3003857E+01  2.0012498E+01  7.8267924E+02
 2.3863132E+01  2.6834577E+01  2.7854000E+01  2.8051230E+01  2.8052499E+01  2.8052650E+01  2.8051381E+01  2.7854000E+01  2.6834577E+01  2.3863132E+01  9.1699808E+02
 2.8196624E+01  3.1148304E+01  3.2163050E+01  3.2359406E+01  3.2360690E+01  3.2360810E+01  3.2359512E+01  3.2163050E+01  3.1148304E+01  2.8196624E+01  1.0682897E+03
 3.3057856E+01  3.5990074E+01  3.7000219E+01  3.7195579E+01  3.7196892E+01  3.7197043E+01  3.7195730E+01  3.7000219E+01  3.5990074E+01  3.3057856E+01  1.2379648E+03
 3.8494654E+01  4.1407636E+01  4.2413330E+01  4.2607664E+01  4.2608993E+01  4.2609189E+01  4.2607846E+01  4.2413330E+01  4.1407636E+01  3.8494654E+01  1.4275093E+03
 4.4557860E+01  4.7451833E+01  4.8453001E+01  4.8646416E+01  4.8647774E+01  4.8647969E+01  4.8646597E+01  4.8453001E+01  4.7451833E+01  4.4557860E+01  1.6384320E+03
 5.1301110E+01  5.4176300E+01  5.5172942E+01  5.5365481E+01  5.5366854E+01  5.5367050E+01  5.5365663E+01  5.5172942E+01  5.4176300E+01  5.1301110E+01  1.8723245E+03
 5.8781130E+01  6.1637612E+01  6.2629878E+01  6.2821468E+01  6.2822855E+01  6.2823096E+01  6.2821679E+01  6.2629878E+01  6.1637612E+01  5.8781130E+01  2.1308087E+03
 6.7057588E+01  6.9895664E+01  7.0883555E+01  7.1074194E+01  7.1075596E+01  7.1075837E+01  7.1074405E+01  7.0883555E+01  6.9895664E+01  6.7057588E+01  2.4155668E+03
 7.6193472E+01  7.9013217E+01  7.9996885E+01  8.0186242E+01  8.0187718E+01  8.0188021E+01  8.0186693E+01  7.9996885E+01  7.9013217E+01  7.6193472E+01  2.7283111E+03
 8.6254185E+01  8.9055826E+01  9.0034967E+01  9.0224324E+01  9.0225800E+01  9.0225800E+01  9.0224324E+01  9.0034967E+01  8.9055826E+01  8.6254185E+01  3.0707992E+03
 9.7309880E+01  1.0009342E+02  1.0106803E+02  1.0125663E+02  1.0125811E+02  1.0125811E+02  1.0125663E+02  1.0106803E+02  1.0009342E+02  9.7309880E+01  3.4448417E+03
 1.0943147E+02  1.1219765E+02  1.1316850E+02  1.1335559E+02  1.1335707E+02  1.1335707E+02  1.1335559E+02  1.1316850E+02  1.1219765E+02  1.0943147E+02  3.8522640E+03
 1.2269513E+02  1.2544397E+02  1.2641029E+02  1.2659663E+02  1.2659810E+02  1.2659855E+02  1.2659693E+02  1.2641029E+02  1.2544397E+02  1.2269513E+02  4.2949293E+03
 1.3718008E+02  1.3991082E+02  1.4087336E+02  1.4105850E+02  1.4106012E+02  1.4106012E+02  1.4105850E+02  1.4087336E+02  1.3991082E+02  1.3718008E+02  4.7747311E+03
 1.5296628E+02  1.5568042E+02  1.5663844E+02  1.5682282E+02  1.5682444E+02  1.5682444E+02  1.5682282E+02  1.5663844E+02  1.5568042E+02  1.5296628E+02  5.2935929E+03
 1.7013972E+02  1.7283651E+02  1.7379000E+02  1.7397363E+02  1.7397525E+02  1.7397601E+02  1.7397438E+02  1.7379000E+02  1.7283651E+02  1.7013972E+02  5.8534383E+03
 0.0000000E+00  0.0000000E+00  1.0978189E+00  1.3119052E+00  1.3128191E+00  1.3128523E+00  1.3119365E+00  1.0978189E+00  0.0000000E+00  0.0000000E+00  1.4646031E-02
 0.0000000E+00  0.0000000E+00  1.0993852E+00  1.3134438E+00  1.3143578E+00  1.3143872E+00  1.3134697E+00  1.0993852E+00  0.0000000E+00  0.0000000E+00  7.3286541E-02
 0.0000000E+00  9.0613729E-02  1.1838278E+00  1.3964881E+00  1.3974255E+00  1.3974642E+00  1.3965232E+00  1.1838278E+00  9.0613729E-02  0.0000000E+00  2.8450583E+00
 0.0000000E+00  2.2485054E-01  1.3116481E+00  1.5229837E+00  1.5239446E+00  1.5239869E+00  1.5230243E+00  1.3116481E+00  2.2485054E-01  0.0000000E+00  6.8476673E+00
 0.0000000E+00  4.1004390E-01  1.4906776E+00  1.7007456E+00  1.7017263E+00  1.7017797E+00  1.7007936E+00  1.4906776E+00  4.1004390E-01  0.0000000E+00  1.2408139E+01
 0.0000000E+00  6.5417021E-01  1.7288768E+00  1.9377123E+00  1.9387164E+00  1.9387735E+00  1.9377658E+00  1.7288768E+00  6.5417021E-01  0.0000000E+00  1.9862863E+01
 0.0000000E+00  9.6588012E-01  2.0348604E+00  2.2425150E+00  2.2435407E+00  2.2435978E+00  2.2425685E+00  2.0348604E+00  9.6588012E-01  0.0000000E+00  2.9577222E+01
 0.0000000E+00  1.3545466E+00  2.4179803E+00  2.6244909E+00  2.6255382E+00  2.6256008E+00  2.6245480E+00  2.4179803E+00  1.3545466E+00  0.0000000E+00  4.1945928E+01
 0.0000000E+00  1.8303093E+00  2.8883623E+00  3.0937526E+00  3.0948198E+00  3.0948916E+00  3.0938190E+00  2.8883623E+00  1.8303093E+00  0.0000000E+00  5.7393265E+01
 0.0000000E+00  2.4040954E+00  3.4569151E+00  3.6612259E+00  3.6623147E+00  3.6623920E+00  3.6612960E+00  3.4569151E+00  2.4040954E+00  0.0000000E+00  7.6373281E+01
 0.0000000E+00  3.0876985E+00  4.1354322E+00  4.3386818E+00  4.3397923E+00  4.3398733E+00  4.3387574E+00  4.1354322E+00  3.0876985E+00  0.0000000E+00  9.9369597E+01
 8.9779622E-01  3.9628154E+00  5.0052329E+00  5.2073808E+00  5.2085111E+00  5.2086031E+00  5.2074638E+00  5.0052329E+00  3.9628154E+00  8.9779622E-01  1.2749043E+02
 1.9543981E+00  4.9971802E+00  6.0343828E+00  6.2354456E+00  6.2365993E+00  6.2366913E+00  6.2355286E+00  6.0343828E+00  4.9971802E+00  1.9543981E+00  1.6132000E+02
 3.1899234E+00  6.2108878E+00  7.2429676E+00  7.4429600E+00  7.4441353E+00  7.4442421E+00  7.4430559E+00  7.2429676E+00  6.2108878E+00  3.1899234E+00  2.0161200E+02
 4.6262131E+00  7.6257466E+00  8.6527774E+00  8.8517215E+00  8.8529203E+00  8.8530308E+00  8.8518230E+00  8.6527774E+00  7.6257466E+00  4.6262131E+00  2.4917168E+02
 6.2868631E+00  9.2652883E+00  1.0287353E+01  1.0485293E+01  1.0486519E+01  1.0486611E+01  1.0485385E+01  1.0287353E+01  9.2652883E+00  6.2868631E+00  3.0485499E+02
 8.1973491E+00  1.1155090E+01  1.2172271E+01  1.2369143E+01  1.2370387E+01  1.2370534E+01  1.2369272E+01  1.2172271E+01  1.1155090E+01  8.1973491E+00  3.6957500E+02
 1.0385109E+01  1.3322405E+01  1.4334795E+01  1.4530690E+01  1.4531952E+01  1.4532100E+01  1.4530820E+01  1.4334795E+01  1.3322405E+01  1.0385109E+01  4.4429361E+02
 1.2879691E+01  1.5796902E+01  1.6804501E+01  1.6999364E+01  1.7000662E+01  1.7000754E+01  1.6999457E+01  1.6804501E+01  1.5796902E+01  1.2879691E+01  5.3002800E+02
 1.5712505E+01  1.8609998E+01  1.9612898E+01  1.9806785E+01  1.9808101E+01  1.9808249E+01  1.9806915E+01  1.9612898E+01  1.8609998E+01  1.5712505E+01  6.2784695E+02
 1.8917640E+01  2.1795508E+01  2.2793709E+01  2.2986712E+01  2.2988046E+01  2.2988193E+01  2.2986841E+01  2.2793709E+01  2.1795508E+01  1.8917640E+01  7.3886899E+02
 2.2530937E+01  2.5389549E+01  2.6383236E+01  2.6575170E+01  2.6576522E+01  2.6576669E+01  2.6575299E+01  2.6383236E+01  2.5389549E+01  2.2530937E+01  8.6426701E+02
 2.6591002E+01  2.9430542E+01  3.0419714E+01  3.0610672E+01  3.0612042E+01  3.0612244E+01  3.0610838E+01  3.0419714E+01  2.9430542E+01  2.6591002E+01  1.0052590E+03
 3.1138559E+01  3.3959303E+01  3.4943960E+01  3.5134034E+01  3.5135422E+01  3.5135624E+01  3.5134200E+01  3.4943960E+01  3.3959303E+01  3.1138559E+01  1.1631156E+03
 3.6217095E+01  3.9019135E+01  3.9999370E+01  4.0188504E+01  4.0189928E+01  4.0190168E+01  4.0188726E+01  3.9999370E+01  3.9019135E+01  3.6217095E+01  1.3391415E+03
 4.1872219E+01  4.4656016E+01  4.5631828E+01  4.5820023E+01  4.5821483E+01  4.5821667E+01  4.5820207E+01  4.5631828E+01  4.4656016E+01  4.1872219E+01  1.5347094E+03
 4.8152577E+01  5.0918131E+01  5.1889613E+01  5.2076924E+01  5.2078402E+01  5.2078641E+01  5.2077145E+01  5.1889613E+01  5.0918131E+01  4.8152577E+01  1.7512105E+03
 5.5109121E+01  5.7856709E+01  5.8823861E+01  5.9010195E+01  5.9011691E+01  5.9011930E+01  5.9010416E+01  5.8823861E+01  5.7856709E+01  5.5109121E+01  1.9900823E+03
 6.2795567E+01  6.5525280E+01  6.6488194E+01  6.6673644E+01  6.6675158E+01  6.6675452E+01  6.6673902E+01  6.6488194E+01  6.5525280E+01  6.2795567E+01  2.2528173E+03
 7.1268209E+01  7.3980325E+01  7.4939000E+01  7.5123565E+01  7.5125098E+01  7.5125392E+01  7.5123824E+01  7.4939000E+01  7.3980325E+01  7.1268209E+01  2.5409174E+03
 8.0586200E+01  8.3280809E+01  8.4235246E+01  8.4418927E+01  8.4420477E+01  8.4420772E+01  8.4419185E+01  8.4235246E+01  8.3280809E+01  8.0586200E+01  2.8559304E+03
 9.0811084E+01  9.3488557E+01  9.4438479E+01  9.4621479E+01  9.4623101E+01  9.4623101E+01  9.4621479E+01  9.4438479E+01  9.3488557E+01  9.0811084E+01  3.1994410E+03
 1.0200745E+02  1.0466742E+02  1.0561365E+02  1.0579573E+02  1.0579736E+02  1.0579736E+02  1.0579573E+02  1.0561365E+02  1.0466742E+02  1.0200745E+02  3.5730433E+03
 1.1424219E+02  1.1688557E+02  1.1782812E+02  1.1800836E+02  1.1800998E+02  1.1801090E+02  1.1800928E+02  1.1782812E+02  1.1688557E+02  1.1424219E+02  3.9783588E+03
 1.2758533E+02  1.3021212E+02  1.3115007E+02  1.3133030E+02  1.3133193E+02  1.3133193E+02  1.3133030E+02  1.3115007E+02  1.3021212E+02  1.2758533E+02  4.4170275E+03
 1.4210965E+02  1.4471894E+02  1.4565320E+02  1.4583251E+02  1.4583413E+02  1.4583468E+02  1.4583288E+02  1.4565320E+02  1.4471894E+02  1.4210965E+02  4.8907171E+03
 1.5788886E+02  1.6048248E+02  1.6141214E+02  1.6159053E+02  1.6159215E+02  1.6159270E+02  1.6159090E+02  1.6141214E+02  1.6048248E+02  1.5788886E+02  5.4010952E+03
 0.0000000E+00  0.0000000E+00  1.0702180E+00  1.2786831E+00  1.2796651E+00  1.2797011E+00  1.2787147E+00  1.0702180E+00  0.0000000E+00  0.0000000E+00  1.6069210E-02
 0.0000000E+00  0.0000000E+00  1.0717608E+00  1.2801911E+00  1.2811731E+00  1.2812090E+00  1.2802226E+00  1.0717608E+00  0.0000000E+00  0.0000000E+00  7.3486030E-02
 0.0000000E+00  8.8630765E-02  1.1543615E+00  1.3614281E+00  1.3624365E+00  1.3624838E+00  1.3614709E+00  1.1543615E+00  8.8630765E-02  0.0000000E+00  2.7820340E+00
 0.0000000E+00  2.1936560E-01  1.2788365E+00  1.4846024E+00  1.4856351E+00  1.4856823E+00  1.4846453E+00  1.2788365E+00  2.1936560E-01  0.0000000E+00  6.6800213E+00
 0.0000000E+00  3.9910538E-01  1.4525680E+00  1.6570851E+00  1.6581397E+00  1.6581937E+00  1.6571324E+00  1.4525680E+00  3.9910538E-01  0.0000000E+00  1.2077481E+01
 0.0000000E+00  6.3533322E-01  1.6830059E+00  1.8863169E+00  1.8873980E+00  1.8874565E+00  1.8863710E+00  1.6830059E+00  6.3533322E-01  0.0000000E+00  1.9290975E+01
 0.0000000E+00  9.3614716E-01  1.9782190E+00  2.1803824E+00  2.1814855E+00  2.1815507E+00  2.1804410E+00  1.9782190E+00  9.3614716E-01  0.0000000E+00  2.8663452E+01
 0.0000000E+00  1.3103013E+00  2.3469624E+00  2.5480007E+00  2.5491258E+00  2.5491977E+00  2.5480638E+00  2.3469624E+00  1.3103013E+00  0.0000000E+00  4.0563578E+01
 0.0000000E+00  1.7672384E+00  2.7986554E+00  2.9985911E+00  2.9997382E+00  2.9998214E+00  2.9986655E+00  2.7986554E+00  1.7672384E+00  0.0000000E+00  5.5386463E+01
 0.0000000E+00  2.3171407E+00  3.3434486E+00  3.5423200E+00  3.5434913E+00  3.5435790E+00  3.5424011E+00  3.3434486E+00  2.3171407E+00  0.0000000E+00  7.3553439E+01
 0.0000000E+00  2.9709353E+00  3.9922804E+00  4.1901122E+00  4.1913033E+00  4.1913978E+00  4.1901978E+00  3.9922804E+00  2.9709353E+00  0.0000000E+00  9.5512281E+01
 8.5720273E-01  3.8062263E+00  4.8223723E+00  5.0191218E+00  5.0203394E+00  5.0204383E+00  5.0192141E+00  4.8223723E+00  3.8062263E+00  8.5720273E-01  1.2229629E+02
 1.8640072E+00  4.7915377E+00  5.8025859E+00  5.9982778E+00  5.9995174E+00  5.9996298E+00  5.9983792E+00  5.8025859E+00  4.7915377E+00  1.8640072E+00  1.5444191E+02
 3.0390189E+00  5.9454604E+00  6.9515120E+00  7.1461463E+00  7.1474079E+00  7.1475271E+00  7.1462522E+00  6.9515120E+00  5.9454604E+00  3.0390189E+00  1.9264304E+02
 4.4023692E+00  7.2881042E+00  8.2892268E+00  8.4828306E+00  8.4841164E+00  8.4842468E+00  8.4829477E+00  8.2892268E+00  7.2881042E+00  4.4023692E+00  2.3763453E+02
 5.9757998E+00  8.8411660E+00  9.8374496E+00  1.0030034E+01  1.0031344E+01  1.0031486E+01  1.0030162E+01  9.8374496E+00  8.8411660E+00  5.9757998E+00  2.9019963E+02
 7.7827180E+00  1.0628053E+01  1.1619576E+01  1.1811126E+01  1.1812447E+01  1.1812626E+01  1.1811283E+01  1.1619576E+01  1.0628053E+01  7.7827180E+00  3.5116884E+02
 9.8482642E+00  1.2673917E+01  1.3660624E+01  1.3851251E+01  1.3852616E+01  1.3852796E+01  1.3851408E+01  1.3660624E+01  1.2673917E+01  9.8482642E+00  4.2141657E+02
 1.2199469E+01  1.5005642E+01  1.5987735E+01  1.6177394E+01  1.6178781E+01  1.6178961E+01  1.6177552E+01  1.5987735E+01  1.5005642E+01  1.2199469E+01  5.0186221E+02
 1.4865086E+01  1.7652128E+01  1.8629719E+01  1.8818366E+01  1.8819753E+01  1.8819933E+01  1.8818523E+01  1.8629719E+01  1.7652128E+01  1.4865086E+01  5.9347133E+02
 1.7876072E+01  2.0644208E+01  2.1617298E+01  2.1804910E+01  2.1806341E+01  2.1806566E+01  2.1805135E+01  2.1617298E+01  2.0644208E+01  1.7876072E+01  6.9725223E+02
 2.1265176E+01  2.4014631E+01  2.4983220E+01  2.5169977E+01  2.5171430E+01  2.5171610E+01  2.5170135E+01  2.4983220E+01  2.4014631E+01  2.1265176E+01  8.1425487E+02
 2.5067284E+01  2.7798396E+01  2.8762483E+01  2.8948272E+01  2.8949747E+01  2.8950040E+01  2.8948543E+01  2.8762483E+01  2.7798396E+01  2.5067284E+01  9.4557309E+02
 2.9319419E+01  3.2032300E+01  3.2992111E+01  3.3176933E+01  3.3178430E+01  3.3178722E+01  3.3177203E+01  3.2992111E+01  3.2032300E+01  2.9319419E+01  1.0923379E+03
 3.4060743E+01  3.6755732E+01  3.7711154E+01  3.7895120E+01  3.7896640E+01  3.7896819E+01  3.7895278E+01  3.7711154E+01  3.6755732E+01  3.4060743E+01  1.2557218E+03
 3.9332670E+01  4.2009878E+01  4.2961024E+01  4.3144068E+01  4.3145632E+01  4.3145857E+01  4.3144293E+01  4.2961024E+01  4.2009878E+01  3.9332670E+01  1.4369256E+03
 4.5178864E+01  4.7838516E+01  4.8785385E+01  4.8967529E+01  4.8969093E+01  4.8969340E+01  4.8967732E+01  4.8785385E+01  4.7838516E+01  4.5178864E+01  1.6371929E+03
 5.1645237E+01  5.4287447E+01  5.5230040E+01  5.5411329E+01  5.5412914E+01  5.5413161E+01  5.5411532E+01  5.5230040E+01  5.4287447E+01  5.1645237E+01  1.8577953E+03
 5.8779731E+01  6.1404723E+01  6.2343265E+01  6.2523631E+01  6.2525261E+01  6.2525553E+01  6.2523902E+01  6.2343265E+01  6.1404723E+01  5.8779731E+01  2.1000494E+03
 6.6633099E+01  6.9241097E+01  7.0175363E+01  7.0354875E+01  7.0356526E+01  7.0356818E+01  7.0355145E+01  7.0175363E+01  6.9241097E+01  6.6633099E+01  2.3652606E+03
 7.5258006E+01  7.7849012E+01  7.8779226E+01  7.8957883E+01  7.8959556E+01  7.8959916E+01  7.8958199E+01  7.8779226E+01  7.7849012E+01  7.5258006E+01  2.6548019E+03
 8.4709371E+01  8.7283834E+01  8.8209885E+01  8.8387686E+01  8.8389382E+01  8.8389741E+01  8.8388002E+01  8.8209885E+01  8.7283834E+01  8.4709371E+01  2.9700350E+03
 9.5044810E+01  9.7602618E+01  9.8524730E+01  9.8701609E+01  9.8703349E+01  9.8703754E+01  9.8701992E+01  9.8524730E+01  9.7602618E+01  9.5044810E+01  3.3123664E+03
 1.0632386E+02  1.0886523E+02  1.0978329E+02  1.0995932E+02  1.0996108E+02  1.0996148E+02  1.0995970E+02  1.0978329E+02  1.0886523E+02  1.0632386E+02  3.6832030E+03
 1.1860851E+02  1.2113380E+02  1.2204758E+02  1.2222226E+02  1.2222402E+02  1.2222514E+02  1.2222338E+02  1.2204758E+02  1.2113380E+02  1.1860851E+02  4.0839514E+03
 1.3196192E+02  1.3447145E+02  1.3538186E+02  1.3555540E+02  1.3555717E+02  1.3555784E+02  1.3555586E+02  1.3538186E+02  1.3447145E+02  1.3196192E+02  4.5160633E+03
 1.4645192E+02  1.4894457E+02  1.4985048E+02  1.5002448E+02  1.5002646E+02  1.5002692E+02  1.5002515E+02  1.4985048E+02  1.4894457E+02  1.4645192E+02  4.9809679E+03
 0.0000000E+00  0.0000000E+00  1.0432930E+00  1.2462478E+00  1.2473058E+00  1.2473505E+00  1.2462883E+00  1.0432930E+00  0.0000000E+00  0.0000000E+00  1.7630565E-02
 0.0000000E+00  0.0000000E+00  1.0448077E+00  1.2477279E+00  1.2487864E+00  1.2488311E+00  1.2477683E+00  1.0448077E+00  0.0000000E+00  0.0000000E+00  7.3854621E-02
 0.0000000E+00  8.6694469E-02  1.1256220E+00  1.3272032E+00  1.3282883E+00  1.3283396E+00  1.3272494E+00  1.1256220E+00  8.6694469E-02  0.0000000E+00  2.7207188E+00
 0.0000000E+00  2.1401258E-01  1.2468263E+00  1.4471405E+00  1.4482511E+00  1.4483088E+00  1.4471927E+00  1.2468263E+00  2.1401258E-01  0.0000000E+00  6.5166481E+00
 0.0000000E+00  3.8843927E-01  1.4153879E+00  1.6144681E+00  1.6156029E+00  1.6156688E+00  1.6145259E+00  1.4153879E+00  3.8843927E-01  0.0000000E+00  1.1755222E+01
 0.0000000E+00  6.1698593E-01  1.6382785E+00  1.8361768E+00  1.8373386E+00  1.8374100E+00  1.8362429E+00  1.6382785E+00  6.1698593E-01  0.0000000E+00  1.8734296E+01
 0.0000000E+00  9.0722883E-01  1.9230632E+00  2.1198292E+00  2.1210152E+00  2.1210866E+00  2.1198953E+00  1.9230632E+00  9.0722883E-01  0.0000000E+00  2.7774998E+01
 0.0000000E+00  1.2673312E+00  2.2778792E+00  2.4735404E+00  2.4747506E+00  2.4748302E+00  2.4736120E+00  2.2778792E+00  1.2673312E+00  0.0000000E+00  3.9221643E+01
 0.0000000E+00  1.7060830E+00  2.7114959E+00  2.9060935E+00  2.9073278E+00  2.9074212E+00  2.9061788E+00  2.7114959E+00  1.7060830E+00  0.0000000E+00  5.3441361E+01
 0.0000000E+00  2.2329465E+00  3.2333836E+00  3.4269258E+00  3.4281817E+00  3.4282833E+00  3.4270166E+00  3.2333836E+00  2.2329465E+00  0.0000000E+00  7.0824927E+01
 0.0000000E+00  2.8580599E+00  3.8536450E+00  4.0461648E+00  4.0474449E+00  4.0475602E+00  4.0462694E+00  3.8536450E+00  2.8580599E+00  0.0000000E+00  9.1785654E+01
 8.1819632E-01  3.6550695E+00  4.6455826E+00  4.8370444E+00  4.8383514E+00  4.8384667E+00  4.8371490E+00  4.6455826E+00  3.6550695E+00  8.1819632E-01  1.1728708E+02
 1.7772414E+00  4.5933513E+00  5.5788887E+00  5.7693006E+00  5.7706318E+00  5.7707691E+00  5.7694245E+00  5.5788887E+00  4.5933513E+00  1.7772414E+00  1.4782168E+02
 2.8943195E+00  5.6900590E+00  6.6707032E+00  6.8600928E+00  6.8614481E+00  6.8615854E+00  6.8602166E+00  6.6707032E+00  5.6900590E+00  2.8943195E+00  1.8402490E+02
 4.1879808E+00  6.9637075E+00  7.9395409E+00  8.1279136E+00  8.1292959E+00  8.1294469E+00  8.1280512E+00  7.9395409E+00  6.9637075E+00  4.1879808E+00  2.2656873E+02
 5.6782245E+00  8.4342683E+00  9.4053733E+00  9.5927512E+00  9.5941576E+00  9.5943087E+00  9.5928888E+00  9.4053733E+00  8.4342683E+00  5.6782245E+00  2.7616792E+02
 7.3865205E+00  1.0123197E+01  1.1089643E+01  1.1276031E+01  1.1277465E+01  1.1277638E+01  1.1276188E+01  1.1089643E+01  1.0123197E+01  7.3865205E+00  3.3357571E+02
 9.3359056E+00  1.2053532E+01  1.3015373E+01  1.3200794E+01  1.3202251E+01  1.3202433E+01  1.3200956E+01  1.3015373E+01  1.2053532E+01  9.3359056E+00  3.9958655E+02
 1.1551038E+01  1.4249958E+01  1.5207166E+01  1.5391642E+01  1.5393121E+01  1.5393341E+01  1.5391835E+01  1.5207166E+01  1.4249958E+01  1.1551038E+01  4.7503066E+02
 1.4058213E+01  1.6738645E+01  1.7691456E+01  1.7874887E+01  1.7876393E+01  1.7876613E+01  1.7875080E+01  1.7691456E+01  1.6738645E+01  1.4058213E+01  5.6077809E+02
 1.6885580E+01  1.9547731E+01  2.0496143E+01  2.0678668E+01  2.0680201E+01  2.0680420E+01  2.0678861E+01  2.0496143E+01  1.9547731E+01  1.6885580E+01  6.5773465E+02
 2.0062898E+01  2.2706905E+01  2.3651056E+01  2.3832674E+01  2.3834233E+01  2.3834453E+01  2.3832866E+01  2.3651056E+01  2.2706905E+01  2.0062898E+01  7.6684325E+02
 2.3621779E+01  2.6248055E+01  2.7187808E+01  2.7368519E+01  2.7370105E+01  2.7370325E+01  2.7368711E+01  2.7187808E+01  2.6248055E+01  2.3621779E+01  8.8907843E+02
 2.7595762E+01  3.0204445E+01  3.1139799E+01  3.1319740E+01  3.1321354E+01  3.1321573E+01  3.1319933E+01  3.1139799E+01  3.0204445E+01  2.7595762E+01  1.0254491E+03
 3.2020173E+01  3.4611536E+01  3.5542629E+01  3.5721609E+01  3.5723222E+01  3.5723524E+01  3.5721857E+01  3.5542629E+01  3.4611536E+01  3.2020173E+01  1.1769957E+03
 3.6932259E+01  3.9506441E+01  4.0433411E+01  4.0611538E+01  4.0613206E+01  4.0613425E+01  4.0611731E+01  4.0433411E+01  3.9506441E+01  3.6932259E+01  1.3447862E+03
 4.2371470E+01  4.4928608E+01  4.5851454E+01  4.6028675E+01  4.6030369E+01  4.6030589E+01  4.6028868E+01  4.5851454E+01  4.4928608E+01  4.2371470E+01  1.5299121E+03
 4.8378766E+01  5.0919273E+01  5.1837995E+01  5.2014172E+01  5.2015893E+01  5.2016250E+01  5.2014502E+01  5.1837995E+01  5.0919273E+01  4.8378766E+01  1.7335183E+03
 5.4997444E+01  5.7521319E+01  5.8435918E+01  5.8611325E+01  5.8613073E+01  5.8613430E+01  5.8611655E+01  5.8435918E+01  5.7521319E+01  5.4997444E+01  1.9567112E+03
 6.2272588E+01  6.4779969E+01  6.5690582E+01  6.5865082E+01  6.5866857E+01  6.5867214E+01  6.5865412E+01  6.5690582E+01  6.4779969E+01  6.2272588E+01  2.2006867E+03
 7.0251344E+01  7.2742368E+01  7.3648995E+01  7.3822588E+01  7.3824390E+01  7.3824747E+01  7.3822918E+01  7.3648995E+01  7.2742368E+01  7.0251344E+01  2.4666132E+03
 7.8982643E+01  8.1457586E+01  8.2360227E+01  8.2532995E+01  8.2534797E+01  8.2535181E+01  8.2533299E+01  8.2360227E+01  8.1457586E+01  7.8982643E+01  2.7556864E+03
 8.8517619E+01  9.0976480E+01  9.1875135E+01  9.2047052E+01  9.2048907E+01  9.2049347E+01  9.2047437E+01  9.1875135E+01  9.0976480E+01  8.8517619E+01  3.0691296E+03
 9.8909052E+01  1.0135197E+02  1.0224664E+02  1.0241778E+02  1.0241967E+02  1.0242011E+02  1.0241817E+02  1.0224664E+02  1.0135197E+02  9.8909052E+01  3.4081525E+03
 1.1021151E+02  1.1263890E+02  1.1352958E+02  1.1369996E+02  1.1370187E+02  1.1370222E+02  1.1370029E+02  1.1352958E+02  1.1263890E+02  1.1021151E+02  3.7739784E+03
 1.2248190E+02  1.2489361E+02  1.2578045E+02  1.2594992E+02  1.2595186E+02  1.2595235E+02  1.2595039E+02  1.2578045E+02  1.2489361E+02  1.2248190E+02  4.1678442E+03
 1.3577836E+02  1.3817399E+02  1.3905780E+02  1.3922661E+02  1.3922850E+02  1.3922850E+02  1.3922661E+02  1.3905780E+02  1.3817399E+02  1.3577836E+02  4.5909596E+03
 0.0000000E+00  0.0000000E+00  1.0170134E+00  1.2145703E+00  1.2157091E+00  1.2157611E+00  1.2146173E+00  1.0170134E+00  0.0000000E+00  0.0000000E+00  1.9343311E-02
 0.0000000E+00  0.0000000E+00  1.0184992E+00  1.2160238E+00  1.2171633E+00  1.2172153E+00  1.2160709E+00  1.0184992E+00  0.0000000E+00  0.0000000E+00  7.4404402E-02
 0.0000000E+00  8.4803076E-02  1.0975636E+00  1.2937748E+00  1.2949425E+00  1.2950015E+00  1.2938282E+00  1.0975636E+00  8.4803076E-02  0.0000000E+00  2.6610631E+00
 0.0000000E+00  2.0878601E-01  1.2155770E+00  1.4105387E+00  1.4117340E+00  1.4118011E+00  1.4105992E+00  1.2155770E+00  2.0878601E-01  0.0000000E+00  6.3574102E+00
 0.0000000E+00  3.7803558E-01  1.3790934E+00  1.5728547E+00  1.5740769E+00  1.5741510E+00  1.5729216E+00  1.3790934E+00  3.7803558E-01  0.0000000E+00  1.1441193E+01
 0.0000000E+00  5.9911399E-01  1.5946518E+00  1.7872627E+00  1.7885109E+00  1.7885914E+00  1.7873333E+00  1.5946518E+00  5.9911399E-01  0.0000000E+00  1.8192305E+01
 0.0000000E+00  8.7909583E-01  1.8693100E+00  2.0607813E+00  2.0620558E+00  2.0621531E+00  2.0608688E+00  1.8693100E+00  8.7909583E-01  0.0000000E+00  2.6911141E+01
 0.0000000E+00  1.2255912E+00  2.2106330E+00  2.4010335E+00  2.4023342E+00  2.4024315E+00  2.4011209E+00  2.2106330E+00  1.2255912E+00  0.0000000E+00  3.7918726E+01
 0.0000000E+00  1.6467761E+00  2.6268149E+00  2.8161614E+00  2.8174884E+00  2.8175924E+00  2.8162589E+00  2.6268149E+00  1.6467761E+00  0.0000000E+00  5.1556030E+01
 0.0000000E+00  2.1514206E+00  3.1265858E+00  3.3149119E+00  3.3162652E+00  3.3163792E+00  3.3150161E+00  3.1265858E+00  2.1514206E+00  0.0000000E+00  6.8184505E+01
 0.0000000E+00  2.7489162E+00  3.7193471E+00  3.9066796E+00  3.9080558E+00  3.9081799E+00  3.9067905E+00  3.7193471E+00  2.7489162E+00  0.0000000E+00  8.8185582E+01
 7.8071807E-01  3.5091744E+00  4.4746527E+00  4.6609312E+00  4.6623337E+00  4.6624678E+00  4.6610489E+00  4.4746527E+00  3.5091744E+00  7.8071807E-01  1.1245693E+02
 1.6939563E+00  4.4023455E+00  5.3629721E+00  5.5482200E+00  5.5496521E+00  5.5497998E+00  5.5483578E+00  5.3629721E+00  4.4023455E+00  1.6939563E+00  1.4144949E+02
 2.7555980E+00  5.4442778E+00  6.4001365E+00  6.5843740E+00  6.5858291E+00  6.5859800E+00  6.5845085E+00  6.4001365E+00  5.4442778E+00  2.7555980E+00  1.7574328E+02
 3.9826716E+00  6.6520281E+00  7.6031693E+00  7.7864267E+00  7.7879113E+00  7.7880791E+00  7.7865780E+00  7.6031693E+00  6.6520281E+00  3.9826716E+00  2.1595462E+02
 5.3935771E+00  8.0439125E+00  8.9904368E+00  9.1727074E+00  9.1742184E+00  9.1744028E+00  9.1728755E+00  8.9904368E+00  8.0439125E+00  5.3935771E+00  2.6273186E+02
 7.0079736E+00  9.6396236E+00  1.0581582E+01  1.0762882E+01  1.0764419E+01  1.0764614E+01  1.0763057E+01  1.0581582E+01  9.6396236E+00  7.0079736E+00  3.1676164E+02
 8.8469640E+00  1.1460180E+01  1.2397656E+01  1.2578003E+01  1.2579567E+01  1.2579778E+01  1.2578195E+01  1.2397656E+01  1.1460180E+01  8.8469640E+00  3.7875748E+02
 1.0933028E+01  1.3528113E+01  1.4461156E+01  1.4640550E+01  1.4642140E+01  1.4642361E+01  1.4640749E+01  1.4461156E+01  1.3528113E+01  1.0933028E+01  4.4947316E+02
 1.3290155E+01  1.5867361E+01  1.6796023E+01  1.6974500E+01  1.6976143E+01  1.6976311E+01  1.6974668E+01  1.6796023E+01  1.5867361E+01  1.3290155E+01  5.2968933E+02
 1.5943832E+01  1.8503393E+01  1.9427757E+01  1.9605227E+01  1.9606869E+01  1.9607138E+01  1.9605463E+01  1.9427757E+01  1.8503393E+01  1.5943832E+01  6.2021688E+02
 1.8921086E+01  2.1463338E+01  2.2383337E+01  2.2560035E+01  2.2561711E+01  2.2561979E+01  2.2560271E+01  2.2383337E+01  2.1463338E+01  1.8921086E+01  7.2190194E+02
 2.2250709E+01  2.4775669E+01  2.5691471E+01  2.5867230E+01  2.5868938E+01  2.5869206E+01  2.5867466E+01  2.5691471E+01  2.4775669E+01  2.2250709E+01  8.3561077E+02
 2.5962770E+01  2.8470774E+01  2.9382379E+01  2.9557299E+01  2.9559007E+01  2.9559275E+01  2.9557534E+01  2.9382379E+01  2.8470774E+01  2.5962770E+01  9.6224324E+02
 3.0089334E+01  3.2580550E+01  3.3488126E+01  3.3662005E+01  3.3663779E+01  3.3664115E+01  3.3662341E+01  3.3488126E+01  3.2580550E+01  3.0089334E+01  1.1027193E+03
 3.4663810E+01  3.7138406E+01  3.8041784E+01  3.8214992E+01  3.8216766E+01  3.8217034E+01  3.8215227E+01  3.8041784E+01  3.7138406E+01  3.4663810E+01  1.2579859E+03
 3.9721454E+01  4.2179764E+01  4.3079114E+01  4.3251281E+01  4.3253121E+01  4.3253456E+01  4.3251617E+01  4.3079114E+01  4.2179764E+01  3.9721454E+01  1.4290067E+03
 4.5299366E+01  4.7741392E+01  4.8636712E+01  4.8808041E+01  4.8809880E+01  4.8810148E+01  4.8808276E+01  4.8636712E+01  4.7741392E+01  4.5299366E+01  1.6167687E+03
 5.1435994E+01  5.3861903E+01  5.4753194E+01  5.4923750E+01  5.4925622E+01  5.4925891E+01  5.4923985E+01  5.4753194E+01  5.3861903E+01  5.1435994E+01  1.8222692E+03
 5.8171459E+01  6.0581588E+01  6.1469017E+01  6.1638634E+01  6.1640539E+01  6.1640875E+01  6.1638970E+01  6.1469017E+01  6.0581588E+01  5.8171459E+01  2.0465441E+03
 6.5548071E+01  6.7942418E+01  6.8825818E+01  6.8994663E+01  6.8996601E+01  6.8997037E+01  6.8995066E+01  6.8825818E+01  6.7942418E+01  6.5548071E+01  2.2905957E+03
 7.3609309E+01  7.5987875E+01  7.6867582E+01  7.7035419E+01  7.7037357E+01  7.7037894E+01  7.7035890E+01  7.6867582E+01  7.5987875E+01  7.3609309E+01  2.5554815E+03
 8.2400166E+01  8.4763455E+01  8.5639133E+01  8.5806198E+01  8.5808169E+01  8.5808605E+01  8.5806602E+01  8.5639133E+01  8.4763455E+01  8.2400166E+01  2.8422424E+03
 9.1967651E+01  9.4315494E+01  9.5187478E+01  9.5353772E+01  9.5355776E+01  9.5356212E+01  9.5354175E+01  9.5187478E+01  9.4315494E+01  9.1967651E+01  3.1519194E+03
 1.0236011E+02  1.0469285E+02  1.0556080E+02  1.0572632E+02  1.0572836E+02  1.0572880E+02  1.0572673E+02  1.0556080E+02  1.0469285E+02  1.0236011E+02  3.4855869E+03
 1.1362724E+02  1.1594504E+02  1.1680930E+02  1.1697388E+02  1.1697595E+02  1.1697649E+02  1.1697435E+02  1.1680930E+02  1.1594504E+02  1.1362724E+02  3.8442857E+03
 1.2582059E+02  1.2812344E+02  1.2898384E+02  1.2914765E+02  1.2914975E+02  1.2915035E+02  1.2914822E+02  1.2898384E+02  1.2812344E+02  1.2582059E+02  4.2290567E+03
 0.0000000E+00  0.0000000E+00  9.9135875E-01  1.1836283E+00  1.1848535E+00  1.1849129E+00  1.1836817E+00  9.9135875E-01  0.0000000E+00  0.0000000E+00  2.1221857E-02
 0.0000000E+00  0.0000000E+00  9.9281872E-01  1.1850551E+00  1.1862811E+00  1.1863413E+00  1.1851097E+00  9.9281872E-01  0.0000000E+00  0.0000000E+00  7.5149302E-02
 0.0000000E+00  8.2955222E-02  1.0701725E+00  1.2611194E+00  1.2623756E+00  1.2624436E+00  1.2611806E+00  1.0701725E+00  8.2955222E-02  0.0000000E+00  2.6030531E+00
 0.0000000E+00  2.0368287E-01  1.1850714E+00  1.3747907E+00  1.3760762E+00  1.3761528E+00  1.3748597E+00  1.1850714E+00  2.0368287E-01  0.0000000E+00  6.2022284E+00
 0.0000000E+00  3.6788584E-01  1.3436750E+00  1.5322173E+00  1.5335316E+00  1.5336176E+00  1.5322953E+00  1.3436750E+00  3.6788584E-01  0.0000000E+00  1.1135185E+01
 0.0000000E+00  5.8170382E-01  1.5521001E+00  1.7395067E+00  1.7408491E+00  1.7409441E+00  1.7395921E+00  1.5521001E+00  5.8170382E-01  0.0000000E+00  1.7664594E+01
 0.0000000E+00  8.5173064E-01  1.8169227E+00  2.0032285E+00  2.0045990E+00  2.0047034E+00  2.0033229E+00  1.8169227E+00  8.5173064E-01  0.0000000E+00  2.6071337E+01
 0.0000000E+00  1.1850529E+00  2.1451925E+00  2.3304438E+00  2.3318440E+00  2.3319505E+00  2.3305424E+00  2.1451925E+00  1.1850529E+00  0.0000000E+00  3.6653865E+01
 0.0000000E+00  1.5892576E+00  2.5445108E+00  2.7287248E+00  2.7301490E+00  2.7302678E+00  2.7288316E+00  2.5445108E+00  1.5892576E+00  0.0000000E+00  4.9728596E+01
 0.0000000E+00  2.0724811E+00  3.0229791E+00  3.2061846E+00  3.2076369E+00  3.2077762E+00  3.2063119E+00  3.0229791E+00  2.0724811E+00  0.0000000E+00  6.5629558E+01
 0.0000000E+00  2.6434074E+00  3.5892917E+00  3.7715009E+00  3.7729773E+00  3.7731289E+00  3.7716364E+00  3.5892917E+00  2.6434074E+00  0.0000000E+00  8.4708212E+01
 7.4471400E-01  3.3683482E+00  4.3093933E+00  4.4905817E+00  4.4920902E+00  4.4922418E+00  4.4907173E+00  4.3093933E+00  3.3683482E+00  7.4471400E-01  1.0779973E+02
 1.6140484E+00  4.2182887E+00  5.1545767E+00  5.3347688E+00  5.3363013E+00  5.3364652E+00  5.3349125E+00  5.1545767E+00  4.2182887E+00  1.6140484E+00  1.3531627E+02
 2.6226151E+00  5.2078287E+00  6.1394619E+00  6.3186538E+00  6.3202184E+00  6.3203905E+00  6.3188098E+00  6.1394619E+00  5.2078287E+00  2.6226151E+00  1.6778831E+02
 3.7861006E+00  6.3526340E+00  7.2796741E+00  7.4578779E+00  7.4594706E+00  7.4596754E+00  7.4580626E+00  7.2796741E+00  6.3526340E+00  3.7861006E+00  2.0577583E+02
 5.1213583E+00  7.6695189E+00  8.5920479E+00  8.7692841E+00  8.7709049E+00  8.7711098E+00  8.7694689E+00  8.5920479E+00  7.6695189E+00  5.1213583E+00  2.4987227E+02
 6.6463915E+00  9.1764871E+00  1.0094566E+01  1.0270856E+01  1.0272505E+01  1.0272730E+01  1.0271061E+01  1.0094566E+01  9.1764871E+00  6.6463915E+00  3.0069440E+02
 8.3804752E+00  1.0892793E+01  1.1806464E+01  1.1981826E+01  1.1983503E+01  1.1983741E+01  1.1982040E+01  1.1806464E+01  1.0892793E+01  8.3804752E+00  3.5889021E+02
 1.0344115E+01  1.2838900E+01  1.3748245E+01  1.3922681E+01  1.3924386E+01  1.3924644E+01  1.3922915E+01  1.3748245E+01  1.2838900E+01  1.0344115E+01  4.2513431E+02
 1.2559127E+01  1.5036627E+01  1.5941706E+01  1.6115224E+01  1.6116961E+01  1.6117219E+01  1.6115458E+01  1.5941706E+01  1.5036627E+01  1.2559127E+01  5.0013208E+02
 1.5048643E+01  1.7509124E+01  1.8409958E+01  1.8582582E+01  1.8584344E+01  1.8584614E+01  1.8582825E+01  1.8409958E+01  1.7509124E+01  1.5048643E+01  5.8460940E+02
 1.7837186E+01  2.0280853E+01  2.1177566E+01  2.1349214E+01  2.1351019E+01  2.1351347E+01  2.1349502E+01  2.1177566E+01  2.0280853E+01  1.7837186E+01  6.7931677E+02
 2.0950573E+01  2.3377773E+01  2.4270160E+01  2.4441071E+01  2.4442916E+01  2.4443121E+01  2.4441276E+01  2.4270160E+01  2.3377773E+01  2.0950573E+01  7.8502723E+02
 2.4416362E+01  2.6826953E+01  2.7715444E+01  2.7885329E+01  2.7887175E+01  2.7887502E+01  2.7885617E+01  2.7715444E+01  2.6826953E+01  2.4416362E+01  9.0253843E+02
 2.8262932E+01  3.0657324E+01  3.1541714E+01  3.1710862E+01  3.1712747E+01  3.1713075E+01  3.1711149E+01  3.1541714E+01  3.0657324E+01  2.8262932E+01  1.0326665E+03
 3.2520632E+01  3.4899030E+01  3.5779524E+01  3.5947646E+01  3.5949532E+01  3.5949982E+01  3.5948016E+01  3.5779524E+01  3.4899030E+01  3.2520632E+01  1.1762418E+03
 3.7221039E+01  3.9583648E+01  4.0460040E+01  4.0627425E+01  4.0629351E+01  4.0629679E+01  4.0627713E+01  4.0460040E+01  3.9583648E+01  3.7221039E+01  1.3341155E+03
 4.2396962E+01  4.4743987E+01  4.5616483E+01  4.5782925E+01  4.5784891E+01  4.5785424E+01  4.5783418E+01  4.5616483E+01  4.4743987E+01  4.2396962E+01  1.5071507E+03
 4.8083259E+01  5.0414700E+01  5.1283300E+01  5.1449004E+01  5.1451010E+01  5.1451420E+01  5.1449415E+01  5.1283300E+01  5.0414700E+01  4.8083259E+01  1.6962209E+03
 5.4315609E+01  5.6631672E+01  5.7496376E+01  5.7661260E+01  5.7663266E+01  5.7663716E+01  5.7661630E+01  5.7496376E+01  5.6631672E+01  5.4315609E+01  1.9022141E+03
 6.1131333E+01  6.3432221E+01  6.4293029E+01  6.4457053E+01  6.4459139E+01  6.4459549E+01  6.4457463E+01  6.4293029E+01  6.3432221E+01  6.1131333E+01  2.1260201E+03
 6.8568979E+01  7.0854898E+01  7.1711811E+01  7.1875014E+01  7.1877100E+01  7.1877633E+01  7.1875507E+01  7.1711811E+01  7.0854898E+01  6.8568979E+01  2.3685351E+03
 7.6668738E+01  7.8939689E+01  7.9792910E+01  7.9955293E+01  7.9957380E+01  7.9958035E+01  7.9955868E+01  7.9792910E+01  7.8939689E+01  7.6668738E+01  2.6306736E+03
 8.5472030E+01  8.7728012E+01  8.8577543E+01  8.8739188E+01  8.8741315E+01  8.8741765E+01  8.8739558E+01  8.8577543E+01  8.7728012E+01  8.5472030E+01  2.9133378E+03
 9.5021302E+01  9.7262520E+01  9.8108360E+01  9.8269062E+01  9.8271229E+01  9.8271884E+01  9.8269638E+01  9.8108360E+01  9.7262520E+01  9.5021302E+01  3.2174094E+03
 1.0536023E+02  1.0758709E+02  1.0842924E+02  1.0858921E+02  1.0859141E+02  1.0859195E+02  1.0858970E+02  1.0842924E+02  1.0758709E+02  1.0536023E+02  3.5437907E+03
 1.1653433E+02  1.1874664E+02  1.1958510E+02  1.1974432E+02  1.1974657E+02  1.1974710E+02  1.1974482E+02  1.1958510E+02  1.1874664E+02  1.1653433E+02  3.8934043E+03
 0.0000000E+00  0.0000000E+00  9.6632396E-01  1.1534112E+00  1.1547294E+00  1.1547979E+00  1.1534729E+00  9.6632396E-01  0.0000000E+00  0.0000000E+00  2.3282744E-02
 0.0000000E+00  0.0000000E+00  9.6775905E-01  1.1548108E+00  1.1561299E+00  1.1562009E+00  1.1548750E+00  9.6775905E-01  0.0000000E+00  0.0000000E+00  7.6105350E-02
 0.0000000E+00  8.1150706E-02  1.0434406E+00  1.2292279E+00  1.2305789E+00  1.2306579E+00  1.2292991E+00  1.0434406E+00  8.1150706E-02  0.0000000E+00  2.5466961E+00
 0.0000000E+00  1.9870135E-01  1.1552975E+00  1.3398805E+00  1.3412633E+00  1.3413514E+00  1.3399602E+00  1.1552975E+00  1.9870135E-01  0.0000000E+00  6.0510956E+00
 0.0000000E+00  3.5799108E-01  1.3091201E+00  1.4925433E+00  1.4939565E+00  1.4940566E+00  1.4926336E+00  1.3091201E+00  3.5799108E-01  0.0000000E+00  1.0837133E+01
 0.0000000E+00  5.6474922E-01  1.5106113E+00  1.6929198E+00  1.6943634E+00  1.6944725E+00  1.6930186E+00  1.5106113E+00  5.6474922E-01  0.0000000E+00  1.7151078E+01
 0.0000000E+00  8.2512163E-01  1.7658970E+00  1.9471264E+00  1.9485994E+00  1.9487205E+00  1.9472357E+00  1.7658970E+00  8.2512163E-01  0.0000000E+00  2.5254828E+01
 0.0000000E+00  1.1456927E+00  2.0815441E+00  2.2617270E+00  2.2632294E+00  2.2633585E+00  2.2618433E+00  2.0815441E+00  1.1456927E+00  0.0000000E+00  3.5426185E+01
 0.0000000E+00  1.5335001E+00  2.4645754E+00  2.6437433E+00  2.6452770E+00  2.6454071E+00  2.6438636E+00  2.4645754E+00  1.5335001E+00  0.0000000E+00  4.7958052E+01
 0.0000000E+00  1.9960749E+00  2.9224993E+00  3.1006782E+00  3.1022414E+00  3.1023966E+00  3.1008236E+00  2.9224993E+00  1.9960749E+00  0.0000000E+00  6.3158484E+01
 0.0000000E+00  2.5414366E+00  3.4633504E+00  3.6405529E+00  3.6421405E+00  3.6423106E+00  3.6407083E+00  3.4633504E+00  2.5414366E+00  0.0000000E+00  8.1350566E+01
 7.1013911E-01  3.2324838E+00  4.1496641E+00  4.3258750E+00  4.3274920E+00  4.3276622E+00  4.3260304E+00  4.1496641E+00  3.2324838E+00  7.1013911E-01  1.0331120E+02
 1.5373921E+00  4.0409929E+00  4.9535398E+00  5.1287593E+00  5.1304058E+00  5.1305909E+00  5.1289248E+00  4.9535398E+00  4.0409929E+00  1.5373921E+00  1.2941606E+02
 2.4951957E+00  4.9804384E+00  5.8884020E+00  6.0626551E+00  6.0643309E+00  6.0645310E+00  6.0628307E+00  5.8884020E+00  4.9804384E+00  2.4951957E+00  1.6014903E+02
 3.5979684E+00  6.0651460E+00  6.9686516E+00  7.1419233E+00  7.1436334E+00  7.1438436E+00  7.1421138E+00  6.9686516E+00  6.0651460E+00  3.5979684E+00  1.9602077E+02
 4.8611230E+00  7.3105686E+00  8.2096663E+00  8.3819865E+00  8.3837212E+00  8.3839613E+00  8.3821972E+00  8.2096663E+00  7.3105686E+00  4.8611230E+00  2.3756675E+02
 6.3011720E+00  8.7331611E+00  9.6279008E+00  9.7992898E+00  9.8010587E+00  9.8013089E+00  9.7995154E+00  9.6279008E+00  8.7331611E+00  6.3011720E+00  2.8534748E+02
 7.9356468E+00  1.0350430E+01  1.1240887E+01  1.1411359E+01  1.1413158E+01  1.1413423E+01  1.1411595E+01  1.1240887E+01  1.0350430E+01  7.9356468E+00  3.3994601E+02
 9.7832061E+00  1.2181084E+01  1.3067308E+01  1.3236864E+01  1.3238692E+01  1.3238982E+01  1.3237125E+01  1.3067308E+01  1.2181084E+01  9.7832061E+00  4.0197045E+02
 1.1863711E+01  1.4244883E+01  1.5126925E+01  1.5295590E+01  1.5297447E+01  1.5297752E+01  1.5295861E+01  1.5126925E+01  1.4244883E+01  1.1863711E+01  4.7204692E+02
 1.4198099E+01  1.6562842E+01  1.7440751E+01  1.7608510E+01  1.7610401E+01  1.7610716E+01  1.7608796E+01  1.7440751E+01  1.6562842E+01  1.4198099E+01  5.5082910E+02
 1.6808560E+01  1.9157048E+01  2.0030876E+01  2.0197768E+01  2.0199689E+01  2.0200029E+01  2.0198079E+01  2.0030876E+01  1.9157048E+01  1.6808560E+01  6.3898069E+02
 1.9718462E+01  2.2050921E+01  2.2920716E+01  2.3086732E+01  2.3088677E+01  2.3089048E+01  2.3087063E+01  2.2920716E+01  2.2050921E+01  1.9718462E+01  7.3719544E+02
 2.2952398E+01  2.5269104E+01  2.6134917E+01  2.6299986E+01  2.6301946E+01  2.6302347E+01  2.6300337E+01  2.6134917E+01  2.5269104E+01  2.2952398E+01  8.4616961E+02
 2.6536141E+01  2.8837043E+01  2.9699099E+01  2.9863268E+01  2.9865277E+01  2.9865677E+01  2.9863619E+01  2.9699099E+01  2.8837043E+01  2.6536141E+01  9.6662951E+02
 3.0496789E+01  3.2782414E+01  3.3640212E+01  3.3803730E+01  3.3805788E+01  3.3806188E+01  3.3804081E+01  3.3640212E+01  3.2782414E+01  3.0496789E+01  1.0993014E+03
 3.4862668E+01  3.7132765E+01  3.7986806E+01  3.8149573E+01  3.8151631E+01  3.8152031E+01  3.8149924E+01  3.7986806E+01  3.7132765E+01  3.4862668E+01  1.2449343E+03
 3.9663081E+01  4.1918151E+01  4.2768436E+01  4.2930051E+01  4.2932158E+01  4.2932808E+01  4.2930652E+01  4.2768436E+01  4.1918151E+01  3.9663081E+01  1.4042769E+03
 4.4929085E+01  4.7169128E+01  4.8015405E+01  4.8176370E+01  4.8178526E+01  4.8179027E+01  4.8176871E+01  4.8015405E+01  4.7169128E+01  4.4929085E+01  1.5780980E+03
 5.0692236E+01  5.2917502E+01  5.3760023E+01  5.3920236E+01  5.3922392E+01  5.3922792E+01  5.3920587E+01  5.3760023E+01  5.2917502E+01  5.0692236E+01  1.7671593E+03
 5.6985845E+01  5.9196334E+01  6.0035098E+01  6.0194410E+01  6.0196615E+01  6.0197115E+01  6.0194910E+01  6.0035098E+01  5.9196334E+01  5.6985845E+01  1.9722369E+03
 6.3843972E+01  6.6039935E+01  6.6874942E+01  6.7033502E+01  6.7035707E+01  6.7036257E+01  6.7033954E+01  6.6874942E+01  6.6039935E+01  6.3843972E+01  2.1941048E+03
 7.1302182E+01  7.3483619E+01  7.4315119E+01  7.4472779E+01  7.4475033E+01  7.4475583E+01  7.4473231E+01  7.4315119E+01  7.3483619E+01  7.1302182E+01  2.4335369E+03
 7.9396790E+01  8.1563952E+01  8.2391695E+01  8.2548604E+01  8.2550858E+01  8.2551407E+01  8.2549055E+01  8.2391695E+01  8.1563952E+01  7.9396790E+01  2.6913071E+03
 8.8165115E+01  9.0318251E+01  9.1142488E+01  9.1298495E+01  9.1300798E+01  9.1301449E+01  9.1299097E+01  9.1142488E+01  9.0318251E+01  8.8165115E+01  2.9681818E+03
 9.7646226E+01  9.9785336E+01  1.0060582E+02  1.0076092E+02  1.0076328E+02  1.0076408E+02  1.0076163E+02  1.0060582E+02  9.9785336E+01  9.7646226E+01  3.2649173E+03
 1.0787894E+02  1.1000403E+02  1.1082100E+02  1.1097546E+02  1.1097786E+02  1.1097851E+02  1.1097606E+02  1.1082100E+02  1.1000403E+02  1.0787894E+02  3.5822650E+03
 0.0000000E+00  0.0000000E+00  9.4188143E-01  1.1238801E+00  1.1252980E+00  1.1253799E+00  1.1239542E+00  9.4188143E-01  0.0000000E+00  0.0000000E+00  2.5543062E-02
 0.0000000E+00  0.0000000E+00  9.4328858E-01  1.1252561E+00  1.1266751E+00  1.1267570E+00  1.1253302E+00  9.4328858E-01  0.0000000E+00  0.0000000E+00  7.7288282E-02
 0.0000000E+00  7.9387075E-02  1.0173383E+00  1.1980605E+00  1.1995137E+00  1.1996054E+00  1.1981432E+00  1.0173383E+00  7.9387075E-02  0.0000000E+00  2.4919358E+00
 0.0000000E+00  1.9383603E-01  1.1262241E+00  1.3057641E+00  1.3072508E+00  1.3073535E+00  1.3058572E+00  1.1262241E+00  1.9383603E-01  0.0000000E+00  5.9038168E+00
 0.0000000E+00  3.4833672E-01  1.2753819E+00  1.4537862E+00  1.4553052E+00  1.4554194E+00  1.4538891E+00  1.2753819E+00  3.4833672E-01  0.0000000E+00  1.0546736E+01
 0.0000000E+00  5.4823145E-01  1.4701314E+00  1.6474365E+00  1.6489879E+00  1.6491150E+00  1.6475511E+00  1.4701314E+00  5.4823145E-01  0.0000000E+00  1.6651133E+01
 0.0000000E+00  7.9923627E-01  1.7161683E+00  1.8924130E+00  1.8939961E+00  1.8941342E+00  1.8925380E+00  1.7161683E+00  7.9923627E-01  0.0000000E+00  2.4461209E+01
 0.0000000E+00  1.1074631E+00  2.0195864E+00  2.1948018E+00  2.1964153E+00  2.1965651E+00  2.1949365E+00  2.0195864E+00  1.1074631E+00  0.0000000E+00  3.4234716E+01
 0.0000000E+00  1.4794338E+00  2.3868891E+00  2.5611038E+00  2.5627485E+00  2.5629123E+00  2.5612521E+00  2.3868891E+00  1.4794338E+00  0.0000000E+00  4.6242288E+01
 0.0000000E+00  1.9221046E+00  2.8250203E+00  2.9982638E+00  2.9999391E+00  3.0001157E+00  2.9984237E+00  2.8250203E+00  1.9221046E+00  0.0000000E+00  6.0767738E+01
 0.0000000E+00  2.4428875E+00  3.3413675E+00  3.5136705E+00  3.5153762E+00  3.5155841E+00  3.5138604E+00  3.3413675E+00  2.4428875E+00  0.0000000E+00  7.8108099E+01
 6.7693971E-01  3.1013568E+00  3.9952637E+00  4.1665575E+00  4.1682931E+00  4.1684887E+00  4.1667290E+00  3.9952637E+00  3.1013568E+00  6.7693971E-01  9.8984687E+01
 1.4638604E+00  3.8702109E+00  4.7595598E+00  4.9298751E+00  4.9316407E+00  4.9318668E+00  4.9300772E+00  4.7595598E+00  3.8702109E+00  1.4638604E+00  1.2373889E+02
 2.3731143E+00  4.7617011E+00  5.6465838E+00  5.8159634E+00  5.8177649E+00  5.8179910E+00  5.8161656E+00  5.6465838E+00  4.7617011E+00  2.3731143E+00  1.5281243E+02
 3.4179042E+00  5.7890730E+00  6.6695813E+00  6.8380129E+00  6.8398444E+00  6.8400888E+00  6.8382274E+00  6.6695813E+00  5.7890730E+00  3.4179042E+00  1.8666874E+02
 4.6123904E+00  6.9663980E+00  7.8425931E+00  8.0100891E+00  8.0119564E+00  8.0122131E+00  8.0103218E+00  7.8425931E+00  6.9663980E+00  4.6123904E+00  2.2579238E+02
 5.9715741E+00  8.3087266E+00  9.1806696E+00  9.3472359E+00  9.3491272E+00  9.3494205E+00  9.3474933E+00  9.1806696E+00  8.3087266E+00  5.9715741E+00  2.7068870E+02
 7.5114542E+00  9.8319962E+00  1.0699748E+01  1.0865410E+01  1.0867337E+01  1.0867642E+01  1.0865685E+01  1.0699748E+01  9.8319962E+00  7.5114542E+00  3.2188232E+02
 9.2490081E+00  1.1553215E+01  1.2416837E+01  1.2581594E+01  1.2583557E+01  1.2583875E+01  1.2581888E+01  1.2416837E+01  1.1553215E+01  9.2490081E+00  3.7992111E+02
 1.1202192E+01  1.3490309E+01  1.4349832E+01  1.4513702E+01  1.4515695E+01  1.4516049E+01  1.4514020E+01  1.4349832E+01  1.3490309E+01  1.1202192E+01  4.4535966E+02
 1.3390034E+01  1.5662244E+01  1.6517729E+01  1.6680742E+01  1.6682765E+01  1.6683120E+01  1.6681061E+01  1.6517729E+01  1.5662244E+01  1.3390034E+01  5.1878226E+02
 1.5832539E+01  1.8089056E+01  1.8940565E+01  1.9102691E+01  1.9104744E+01  1.9105147E+01  1.9103053E+01  1.8940565E+01  1.8089056E+01  1.5832539E+01  6.0078235E+02
 1.8550754E+01  2.0791792E+01  2.1639354E+01  2.1800625E+01  2.1802707E+01  2.1803111E+01  2.1800986E+01  2.1639354E+01  2.0791792E+01  1.8550754E+01  6.9196868E+02
 2.1566795E+01  2.3792538E+01  2.4636185E+01  2.4796611E+01  2.4798730E+01  2.4799164E+01  2.4797003E+01  2.4636185E+01  2.3792538E+01  2.1566795E+01  7.9295916E+02
 2.4903818E+01  2.7114450E+01  2.7954243E+01  2.8113813E+01  2.8115961E+01  2.8116413E+01  2.8114217E+01  2.7954243E+01  2.7114450E+01  2.4903818E+01  9.0438703E+02
 2.8586053E+01  3.0781695E+01  3.1617725E+01  3.1776451E+01  3.1778666E+01  3.1779155E+01  3.1776880E+01  3.1617725E+01  3.0781695E+01  2.8586053E+01  1.0268947E+03
 3.2638826E+01  3.4819601E+01  3.5651960E+01  3.5809769E+01  3.5811984E+01  3.5812473E+01  3.5810198E+01  3.5651960E+01  3.4819601E+01  3.2638826E+01  1.1611306E+03
 3.7088170E+01  3.9254568E+01  4.0082951E+01  4.0239965E+01  4.0242239E+01  4.0242728E+01  4.0240394E+01  4.0082951E+01  3.9254568E+01  3.7088170E+01  1.3077555E+03
 4.1961801E+01  4.4113516E+01  4.4938227E+01  4.5094630E+01  4.5096904E+01  4.5097393E+01  4.5095059E+01  4.4938227E+01  4.4113516E+01  4.1961801E+01  1.4674272E+03
 4.7287555E+01  4.9425198E+01  5.0246239E+01  5.0401541E+01  5.0403875E+01  5.0404487E+01  5.0402153E+01  5.0246239E+01  4.9425198E+01  4.7287555E+01  1.6408094E+03
 5.3095410E+01  5.5218676E+01  5.6036046E+01  5.6190553E+01  5.6192947E+01  5.6193559E+01  5.6191165E+01  5.6036046E+01  5.5218676E+01  5.3095410E+01  1.8285720E+03
 5.9415040E+01  6.1524234E+01  6.2337933E+01  6.2491705E+01  6.2494040E+01  6.2494711E+01  6.2492257E+01  6.2337933E+01  6.1524234E+01  5.9415040E+01  2.0313728E+03
 6.6277645E+01  6.8373074E+01  6.9183102E+01  6.9336080E+01  6.9338474E+01  6.9339269E+01  6.9336815E+01  6.9183102E+01  6.8373074E+01  6.6277645E+01  2.2498756E+03
 7.3715652E+01  7.5797315E+01  7.6603673E+01  7.6755856E+01  7.6758310E+01  7.6759104E+01  7.6756591E+01  7.6603673E+01  7.5797315E+01  7.3715652E+01  2.4847379E+03
 8.1761792E+01  8.3829690E+01  8.4632377E+01  8.4783948E+01  8.4786402E+01  8.4787073E+01  8.4784500E+01  8.4632377E+01  8.3829690E+01  8.1761792E+01  2.7366115E+03
 9.0449409E+01  9.2503847E+01  9.3303169E+01  9.3453945E+01  9.3456459E+01  9.3457131E+01  9.3454497E+01  9.3303169E+01  9.2503847E+01  9.0449409E+01  3.0061357E+03
 9.9813375E+01  1.0185435E+02  1.0265031E+02  1.0280017E+02  1.0280268E+02  1.0280335E+02  1.0280072E+02  1.0265031E+02  1.0185435E+02  9.9813375E+01  3.2939527E+03
 0.0000000E+00  0.0000000E+00  9.1801638E-01  1.0950286E+00  1.0965542E+00  1.0966483E+00  1.0951139E+00  9.1801638E-01  0.0000000E+00  0.0000000E+00  2.8022287E-02
 0.0000000E+00  0.0000000E+00  9.1940255E-01  1.0963789E+00  1.0979053E+00  1.0979993E+00  1.0964642E+00  9.1940255E-01  0.0000000E+00  0.0000000E+00  7.8717489E-02
 0.0000000E+00  7.7663853E-02  9.9185314E-01  1.1676081E+00  1.1691710E+00  1.1692770E+00  1.1677039E+00  9.9185314E-01  7.7663853E-02  0.0000000E+00  2.4387876E+00
 0.0000000E+00  1.8908555E-01  1.0978408E+00  1.2724312E+00  1.2740292E+00  1.2741471E+00  1.2725374E+00  1.0978408E+00  1.8908555E-01  0.0000000E+00  5.7604405E+00
 0.0000000E+00  3.3892089E-01  1.2424543E+00  1.4159286E+00  1.4175617E+00  1.4176931E+00  1.4160476E+00  1.2424543E+00  3.3892089E-01  0.0000000E+00  1.0263915E+01
 0.0000000E+00  5.3214626E-01  1.4306517E+00  1.6030459E+00  1.6047134E+00  1.6048582E+00  1.6031776E+00  1.4306517E+00  5.3214626E-01  0.0000000E+00  1.6164654E+01
 0.0000000E+00  7.7406795E-01  1.6677199E+00  1.8390683E+00  1.8407687E+00  1.8409277E+00  1.8392120E+00  1.6677199E+00  7.7406795E-01  0.0000000E+00  2.3689861E+01
 0.0000000E+00  1.0703491E+00  1.9593008E+00  2.1296408E+00  2.1313740E+00  2.1315449E+00  2.1297949E+00  1.9593008E+00  1.0703491E+00  0.0000000E+00  3.3078286E+01
 0.0000000E+00  1.4270275E+00  2.3114172E+00  2.4807711E+00  2.4825373E+00  2.4827254E+00  2.4809417E+00  2.3114172E+00  1.4270275E+00  0.0000000E+00  4.4580037E+01
 0.0000000E+00  1.8505184E+00  2.7304731E+00  2.8988717E+00  2.9006692E+00  2.9008715E+00  2.8990542E+00  2.7304731E+00  1.8505184E+00  0.0000000E+00  5.8455908E+01
 0.0000000E+00  2.3476555E+00  3.2232911E+00  3.3907544E+00  3.3925842E+00  3.3928021E+00  3.3909512E+00  3.2232911E+00  2.3476555E+00  0.0000000E+00  7.4977827E+01
 6.4507220E-01  2.9749018E+00  3.8460351E+00  4.0125080E+00  4.0143721E+00  4.0146259E+00  4.0127399E+00  3.8460351E+00  2.9749018E+00  6.4507220E-01  9.4815712E+01
 1.3933559E+00  3.7057109E+00  4.5724092E+00  4.7379334E+00  4.7398267E+00  4.7400805E+00  4.7381653E+00  4.5724092E+00  3.7057109E+00  1.3933559E+00  1.1827893E+02
 2.2561909E+00  4.5514112E+00  5.4137493E+00  5.5783398E+00  5.5802696E+00  5.5805235E+00  5.5785717E+00  5.4137493E+00  4.5514112E+00  2.2561909E+00  1.4576950E+02
 3.2456752E+00  5.5240448E+00  6.3821235E+00  6.5457653E+00  6.5477244E+00  6.5480229E+00  6.5460272E+00  6.3821235E+00  5.5240448E+00  3.2456752E+00  1.7770777E+02
 4.3747216E+00  6.6365282E+00  7.4903848E+00  7.6531080E+00  7.6551109E+00  7.6554245E+00  7.6533922E+00  7.4903848E+00  6.6365282E+00  4.3747216E+00  2.1453087E+02
 5.6570197E+00  7.9025360E+00  8.7522454E+00  8.9140572E+00  8.9160895E+00  8.9164253E+00  8.9143565E+00  8.7522454E+00  7.9025360E+00  5.6570197E+00  2.5669427E+02
 7.1071151E+00  9.3366401E+00  1.0182202E+01  1.0343155E+01  1.0345224E+01  1.0345575E+01  1.0343477E+01  1.0182202E+01  9.3366401E+00  7.1071151E+00  3.0466911E+02
 8.7404387E+00  1.0954159E+01  1.1795686E+01  1.1955765E+01  1.1957863E+01  1.1958236E+01  1.1956102E+01  1.1795686E+01  1.0954159E+01  8.7404387E+00  3.5894261E+02
 1.0573243E+01  1.2771421E+01  1.3608950E+01  1.3768132E+01  1.3770267E+01  1.3770677E+01  1.3768506E+01  1.3608950E+01  1.2771421E+01  1.0573243E+01  4.2001616E+02
 1.2622716E+01  1.4805537E+01  1.5639106E+01  1.5797452E+01  1.5799615E+01  1.5800011E+01  1.5797803E+01  1.5639106E+01  1.4805537E+01  1.2622716E+01  4.8840166E+02
 1.4906866E+01  1.7074517E+01  1.7904238E+01  1.8061687E+01  1.8063888E+01  1.8064321E+01  1.8062076E+01  1.7904238E+01  1.7074517E+01  1.4906866E+01  5.6462592E+02
 1.7444635E+01  1.9597379E+01  2.0423214E+01  2.0579827E+01  2.0582056E+01  2.0582527E+01  2.0580253E+01  2.0423214E+01  1.9597379E+01  1.7444635E+01  6.4922696E+02
 2.0255940E+01  2.2393888E+01  2.3215911E+01  2.3371665E+01  2.3373931E+01  2.3374439E+01  2.3372129E+01  2.3215911E+01  2.2393888E+01  2.0255940E+01  7.4275029E+02
 2.3361440E+01  2.5484779E+01  2.6303029E+01  2.6457984E+01  2.6460279E+01  2.6460794E+01  2.6458440E+01  2.6303029E+01  2.5484779E+01  2.3361440E+01  8.4574887E+02
 2.6782807E+01  2.8891762E+01  2.9706238E+01  2.9860371E+01  2.9862703E+01  2.9863255E+01  2.9860865E+01  2.9706238E+01  2.8891762E+01  2.6782807E+01  9.5878689E+02
 3.0542609E+01  3.2637253E+01  3.3448068E+01  3.3601364E+01  3.3603725E+01  3.3604300E+01  3.3601873E+01  3.3448068E+01  3.2637253E+01  3.0542609E+01  1.0824285E+03
 3.4664196E+01  3.6744717E+01  3.7551683E+01  3.7704226E+01  3.7706638E+01  3.7707235E+01  3.7704750E+01  3.7551683E+01  3.6744717E+01  3.4664196E+01  1.2172417E+03
 3.9171743E+01  4.1238290E+01  4.2041968E+01  4.2193540E+01  4.2196026E+01  4.2196623E+01  4.2194064E+01  4.2041968E+01  4.1238290E+01  3.9171743E+01  1.3637981E+03
 4.4090582E+01  4.6143305E+01  4.6943247E+01  4.7094071E+01  4.7096557E+01  4.7097154E+01  4.7094595E+01  4.6943247E+01  4.6143305E+01  4.4090582E+01  1.5226730E+03
 4.9446194E+01  5.1485467E+01  5.2281672E+01  5.2431750E+01  5.2434235E+01  5.2434832E+01  5.2432274E+01  5.2281672E+01  5.1485467E+01  4.9446194E+01  1.6944345E+03
 5.5265855E+01  5.7291303E+01  5.8083773E+01  5.8233253E+01  5.8235812E+01  5.8236408E+01  5.8233777E+01  5.8083773E+01  5.7291303E+01  5.5265855E+01  1.8796466E+03
 6.1576466E+01  6.3588463E+01  6.4377570E+01  6.4525929E+01  6.4528488E+01  6.4529459E+01  6.4526827E+01  6.4377570E+01  6.3588463E+01  6.1576466E+01  2.0788773E+03
 6.8406048E+01  7.0404969E+01  7.1190339E+01  7.1338325E+01  7.1340884E+01  7.1341704E+01  7.1338999E+01  7.1190339E+01  7.0404969E+01  6.8406048E+01  2.2926796E+03
 7.5784120E+01  7.7769590E+01  7.8551598E+01  7.8698613E+01  7.8701244E+01  7.8702215E+01  7.8699510E+01  7.8551598E+01  7.7769590E+01  7.5784120E+01  2.5216027E+03
 8.3739076E+01  8.5711843E+01  8.6490488E+01  8.6636532E+01  8.6639237E+01  8.6640208E+01  8.6637430E+01  8.6490488E+01  8.5711843E+01  8.3739076E+01  2.7661847E+03
 9.2301929E+01  9.4261245E+01  9.5036527E+01  9.5182198E+01  9.5184903E+01  9.5185723E+01  9.5182872E+01  9.5036527E+01  9.4261245E+01  9.2301929E+01  3.0269485E+03
 0.0000000E+00  0.0000000E+00  8.9471656E-01  1.0668292E+00  1.0684693E+00  1.0685769E+00  1.0669269E+00  8.9471656E-01  0.0000000E+00  0.0000000E+00  3.0741398E-02
 0.0000000E+00  0.0000000E+00  8.9607650E-01  1.0681544E+00  1.0697955E+00  1.0699058E+00  1.0682540E+00  8.9607650E-01  0.0000000E+00  0.0000000E+00  8.0413049E-02
 0.0000000E+00  7.5980036E-02  9.6696637E-01  1.1378409E+00  1.1395203E+00  1.1396425E+00  1.1379514E+00  9.6696637E-01  7.5980036E-02  0.0000000E+00  2.3872191E+00
 0.0000000E+00  1.8444602E-01  1.0701204E+00  1.2398508E+00  1.2415687E+00  1.2417072E+00  1.2399769E+00  1.0701204E+00  1.8444602E-01  0.0000000E+00  5.6208086E+00
 0.0000000E+00  3.2973649E-01  1.2103120E+00  1.3789403E+00  1.3806948E+00  1.3808479E+00  1.3790792E+00  1.2103120E+00  3.2973649E-01  0.0000000E+00  9.9884719E+00
 0.0000000E+00  5.1647751E-01  1.3921368E+00  1.5597067E+00  1.5614969E+00  1.5616628E+00  1.5598556E+00  1.3921368E+00  5.1647751E-01  0.0000000E+00  1.5691196E+01
 0.0000000E+00  7.4958718E-01  1.6205049E+00  1.7870439E+00  1.7888698E+00  1.7890521E+00  1.7872084E+00  1.6205049E+00  7.4958718E-01  0.0000000E+00  2.2940181E+01
 0.0000000E+00  1.0343149E+00  1.9006327E+00  2.0661799E+00  2.0680406E+00  2.0682421E+00  2.0663617E+00  1.9006327E+00  1.0343149E+00  0.0000000E+00  3.1956256E+01
 0.0000000E+00  1.3762237E+00  2.2380875E+00  2.4026658E+00  2.4045613E+00  2.4047747E+00  2.4028586E+00  2.2380875E+00  1.3762237E+00  0.0000000E+00  4.2969742E+01
 0.0000000E+00  1.7812416E+00  2.6387654E+00  2.8024003E+00  2.8043298E+00  2.8045650E+00  2.8026123E+00  2.6387654E+00  1.7812416E+00  0.0000000E+00  5.6220408E+01
 0.0000000E+00  2.2556388E+00  3.1089413E+00  3.2716584E+00  3.2736210E+00  3.2738708E+00  3.2718833E+00  3.1089413E+00  2.2556388E+00  0.0000000E+00  7.1956372E+01
 6.1448388E-01  2.8529090E+00  3.7018032E+00  3.8635596E+00  3.8655588E+00  3.8658296E+00  3.8638045E+00  3.7018032E+00  2.8529090E+00  6.1448388E-01  9.0798731E+01
 1.3257648E+00  3.5473140E+00  4.3918774E+00  4.5526877E+00  4.5547217E+00  4.5550144E+00  4.5529518E+00  4.3918774E+00  3.5473140E+00  1.3257648E+00  1.1302814E+02
 2.1442248E+00  4.3492175E+00  5.1895094E+00  5.3494110E+00  5.3514736E+00  5.3517925E+00  5.3496853E+00  5.1895094E+00  4.3492175E+00  2.1442248E+00  1.3900923E+02
 3.0809304E+00  5.2696450E+00  6.1057750E+00  6.2647644E+00  6.2668715E+00  6.2671816E+00  6.2650476E+00  6.1057750E+00  5.2696450E+00  3.0809304E+00  1.6912214E+02
 4.1476555E+00  6.3203978E+00  7.1524206E+00  7.3104794E+00  7.3126223E+00  7.3129596E+00  7.3107810E+00  7.1524206E+00  6.3203978E+00  4.1476555E+00  2.0376116E+02
 5.3568541E+00  7.5138978E+00  8.3418590E+00  8.4990146E+00  8.5011843E+00  8.5015488E+00  8.4993345E+00  8.3418590E+00  7.5138978E+00  5.3568541E+00  2.4333518E+02
 6.7218059E+00  8.8633792E+00  9.6872789E+00  9.8435679E+00  9.8457822E+00  9.8461652E+00  9.8439152E+00  9.6872789E+00  8.8633792E+00  6.7218059E+00  2.8826633E+02
 8.2563841E+00  1.0382715E+01  1.1202690E+01  1.1358094E+01  1.1360344E+01  1.1360773E+01  1.1358487E+01  1.1202690E+01  1.0382715E+01  8.2563841E+00  3.3898905E+02
 9.9753746E+00  1.2086646E+01  1.2902697E+01  1.3057289E+01  1.3059565E+01  1.3060003E+01  1.3057673E+01  1.2902697E+01  1.2086646E+01  9.9753746E+00  3.9594829E+02
 1.1894202E+01  1.3990642E+01  1.4802859E+01  1.4956566E+01  1.4958879E+01  1.4959362E+01  1.4956996E+01  1.4802859E+01  1.3990642E+01  1.1894202E+01  4.5959767E+02
 1.4029113E+01  1.6110949E+01  1.6919333E+01  1.7072219E+01  1.7074576E+01  1.7075078E+01  1.7072676E+01  1.6919333E+01  1.6110949E+01  1.4029113E+01  5.3040540E+02
 1.6397174E+01  1.8464544E+01  1.9269186E+01  1.9421215E+01  1.9423598E+01  1.9424127E+01  1.9421690E+01  1.9269186E+01  1.8464544E+01  1.6397174E+01  6.0884335E+02
 1.9016093E+01  2.1069225E+01  2.1870124E+01  2.2021314E+01  2.2023733E+01  2.2024308E+01  2.2021834E+01  2.1870124E+01  2.1069225E+01  1.9016093E+01  6.9539070E+02
 2.1904442E+01  2.3943519E+01  2.4740721E+01  2.4891090E+01  2.4893554E+01  2.4894129E+01  2.4891611E+01  2.4740721E+01  2.3943519E+01  2.1904442E+01  7.9052661E+02
 2.5081572E+01  2.7106684E+01  2.7900236E+01  2.8049792E+01  2.8052283E+01  2.8052931E+01  2.8050377E+01  2.7900236E+01  2.7106684E+01  2.5081572E+01  8.9474851E+02
 2.8567470E+01  3.0578800E+01  3.1368701E+01  3.1517482E+01  3.1520018E+01  3.1520665E+01  3.1518067E+01  3.1368701E+01  3.0578800E+01  2.8567470E+01  1.0085356E+03
 3.2382946E+01  3.4380631E+01  3.5166927E+01  3.5314896E+01  3.5317459E+01  3.5318152E+01  3.5315527E+01  3.5166927E+01  3.4380631E+01  3.2382946E+01  1.1323898E+03
 3.6549403E+01  3.8533626E+01  3.9316363E+01  3.9463538E+01  3.9466136E+01  3.9466856E+01  3.9464187E+01  3.9316363E+01  3.8533626E+01  3.6549403E+01  1.2667994E+03
 4.1089111E+01  4.3059963E+01  4.3839140E+01  4.3985568E+01  4.3988201E+01  4.3988949E+01  4.3986235E+01  4.3839140E+01  4.3059963E+01  4.1089111E+01  1.4122528E+03
 4.6025026E+01  4.7982323E+01  4.8758124E+01  4.8903730E+01  4.8906409E+01  4.8907138E+01  4.8904370E+01  4.8758124E+01  4.7982323E+01  4.6025026E+01  1.5692382E+03
 5.1379872E+01  5.3324392E+01  5.4096541E+01  5.4241691E+01  5.4244370E+01  5.4245099E+01  5.4242331E+01  5.4096541E+01  5.3324392E+01  5.1379872E+01  1.7382395E+03
 5.7178749E+01  5.9110491E+01  5.9878990E+01  6.0022954E+01  6.0025722E+01  6.0026635E+01  6.0023867E+01  5.9878990E+01  5.9110491E+01  5.7178749E+01  1.9197310E+03
 6.3445845E+01  6.5364353E+01  6.6129657E+01  6.6272892E+01  6.6275749E+01  6.6276662E+01  6.6273805E+01  6.6129657E+01  6.5364353E+01  6.3445845E+01  2.1141831E+03
 7.0205802E+01  7.2111532E+01  7.2873642E+01  7.3016237E+01  7.3019005E+01  7.3020007E+01  7.3017060E+01  7.2873642E+01  7.2111532E+01  7.0205802E+01  2.3220473E+03
 7.7484632E+01  7.9378041E+01  8.0136499E+01  8.0278366E+01  8.0281223E+01  8.0282408E+01  8.0279462E+01  8.0136499E+01  7.9378041E+01  7.7484632E+01  2.5437801E+03
 8.5308804E+01  8.7189435E+01  8.7944699E+01  8.8085653E+01  8.8088510E+01  8.8089696E+01  8.8086749E+01  8.7944699E+01  8.7189435E+01  8.5308804E+01  2.7798150E+03
 0.0000000E+00  0.0000000E+00  8.7195862E-01  1.0392554E+00  1.0410188E+00  1.0411447E+00  1.0393693E+00  8.7195862E-01  0.0000000E+00  0.0000000E+00  3.3723321E-02
 0.0000000E+00  0.0000000E+00  8.7329636E-01  1.0405619E+00  1.0423264E+00  1.0424523E+00  1.0406758E+00  8.7329636E-01  0.0000000E+00  0.0000000E+00  8.2397291E-02
 0.0000000E+00  7.4333530E-02  9.4265239E-01  1.1087357E+00  1.1105405E+00  1.1106842E+00  1.1088651E+00  9.4265239E-01  7.4333530E-02  0.0000000E+00  2.3372255E+00
 0.0000000E+00  1.7991434E-01  1.0430439E+00  1.2080006E+00  1.2098458E+00  1.2100039E+00  1.2081434E+00  1.0430439E+00  1.7991434E-01  0.0000000E+00  5.4848848E+00
 0.0000000E+00  3.2077683E-01  1.1789244E+00  1.3427913E+00  1.3446758E+00  1.3448539E+00  1.3429531E+00  1.1789244E+00  3.2077683E-01  0.0000000E+00  9.7202127E+00
 0.0000000E+00  5.0121233E-01  1.3545580E+00  1.5173830E+00  1.5193056E+00  1.5194960E+00  1.5175549E+00  1.3545580E+00  5.0121233E-01  0.0000000E+00  1.5230514E+01
 0.0000000E+00  7.2578309E-01  1.5744874E+00  1.7362983E+00  1.7382591E+00  1.7384696E+00  1.7364892E+00  1.5744874E+00  7.2578309E-01  0.0000000E+00  2.2211657E+01
 0.0000000E+00  9.9932223E-01  1.8435396E+00  2.0043710E+00  2.0063678E+00  2.0065994E+00  2.0045797E+00  1.8435396E+00  9.9932223E-01  0.0000000E+00  3.0867478E+01
 0.0000000E+00  1.3269784E+00  2.1668369E+00  2.3267134E+00  2.3287472E+00  2.3289989E+00  2.3269411E+00  2.1668369E+00  1.3269784E+00  0.0000000E+00  4.1409952E+01
 0.0000000E+00  1.7141972E+00  2.5498140E+00  2.7087645E+00  2.7108332E+00  2.7111005E+00  2.7090045E+00  2.5498140E+00  1.7141972E+00  0.0000000E+00  5.4058525E+01
 0.0000000E+00  2.1667366E+00  2.9982231E+00  3.1562721E+00  3.1583769E+00  3.1586642E+00  3.1565311E+00  2.9982231E+00  2.1667366E+00  0.0000000E+00  6.9039998E+01
 5.8513687E-01  2.7352521E+00  3.5624300E+00  3.7195263E+00  3.7216692E+00  3.7219799E+00  3.7198064E+00  3.5624300E+00  2.7352521E+00  5.8513687E-01  8.6928872E+01
 1.2609778E+00  3.3948005E+00  4.2177423E+00  4.3739115E+00  4.3760915E+00  4.3764256E+00  4.3742128E+00  4.2177423E+00  3.3948005E+00  1.2609778E+00  1.0797926E+02
 2.0370264E+00  4.1548631E+00  4.9736467E+00  5.1289000E+00  5.1311171E+00  5.1314723E+00  5.1292192E+00  4.9736467E+00  4.1548631E+00  2.0370264E+00  1.3252170E+02
 2.9233991E+00  5.0255341E+00  5.8402209E+00  5.9945762E+00  5.9968336E+00  5.9972123E+00  5.9949221E+00  5.8402209E+00  5.0255341E+00  2.9233991E+00  1.6089787E+02
 3.9307979E+00  6.0175267E+00  6.8281390E+00  6.9816139E+00  6.9839040E+00  6.9843160E+00  6.9819823E+00  6.8281390E+00  6.0175267E+00  3.9307979E+00  1.9346394E+02
 5.0705768E+00  7.1421168E+00  7.9487716E+00  8.1013662E+00  8.1036890E+00  8.1041343E+00  8.1017570E+00  7.9487716E+00  7.1421168E+00  5.0705768E+00  2.3058611E+02
 6.3546919E+00  8.4112938E+00  9.2140469E+00  9.3657836E+00  9.3681501E+00  9.3685954E+00  9.3661744E+00  9.2140469E+00  8.4112938E+00  6.3546919E+00  2.7264063E+02
 7.7958238E+00  9.8377105E+00  1.0636562E+01  1.0787441E+01  1.0789851E+01  1.0790319E+01  1.0787865E+01  1.0636562E+01  9.8377105E+00  7.7958238E+00  3.2001488E+02
 9.4071825E+00  1.1434577E+01  1.2229638E+01  1.2379637E+01  1.2382080E+01  1.2382581E+01  1.2380083E+01  1.2229638E+01  1.1434577E+01  9.4071825E+00  3.7310237E+02
 1.1202759E+01  1.3215828E+01  1.4007099E+01  1.4156273E+01  1.4158749E+01  1.4159305E+01  1.4156775E+01  1.4007099E+01  1.3215828E+01  1.1202759E+01  4.3230611E+02
 1.3197100E+01  1.5196012E+01  1.5983604E+01  1.6131954E+01  1.6134462E+01  1.6135052E+01  1.6132478E+01  1.5983604E+01  1.5196012E+01  1.3197100E+01  4.9803577E+02
 1.5405479E+01  1.7390512E+01  1.8174370E+01  1.8321861E+01  1.8324413E+01  1.8325026E+01  1.8322419E+01  1.8174370E+01  1.7390512E+01  1.5405479E+01  5.7070605E+02
 1.7843782E+01  1.9815047E+01  2.0595226E+01  2.0741949E+01  2.0744533E+01  2.0745179E+01  2.0742529E+01  2.0595226E+01  1.9815047E+01  1.7843782E+01  6.5073053E+02
 2.0528618E+01  2.2486227E+01  2.3262839E+01  2.3408737E+01  2.3411354E+01  2.3412033E+01  2.3409340E+01  2.3262839E+01  2.2486227E+01  2.0528618E+01  7.3854175E+02
 2.3477044E+01  2.5421276E+01  2.6194264E+01  2.6339360E+01  2.6342021E+01  2.6342723E+01  2.6339996E+01  2.6194264E+01  2.5421276E+01  2.3477044E+01  8.3455218E+02
 2.6707007E+01  2.8637862E+01  2.9407339E+01  2.9551633E+01  2.9554337E+01  2.9555095E+01  2.9552325E+01  2.9407339E+01  2.8637862E+01  2.6707007E+01  9.3919100E+02
 3.0236735E+01  3.2154491E+01  3.2920401E+01  3.3063926E+01  3.3066663E+01  3.3067454E+01  3.3064640E+01  3.2920401E+01  3.2154491E+01  3.0236735E+01  1.0528818E+03
 3.4085346E+01  3.5990059E+01  3.6752513E+01  3.6895269E+01  3.6898039E+01  3.6898863E+01  3.6896006E+01  3.6752513E+01  3.5990059E+01  3.4085346E+01  1.1760427E+03
 3.8272348E+01  4.0164186E+01  4.0923184E+01  4.1065138E+01  4.1067951E+01  4.1068798E+01  4.1065908E+01  4.0923184E+01  4.0164186E+01  3.8272348E+01  1.3090917E+03
 4.2817808E+01  4.4696881E+01  4.5452423E+01  4.5593608E+01  4.5596455E+01  4.5597334E+01  4.5594401E+01  4.5452423E+01  4.4696881E+01  4.2817808E+01  1.4524469E+03
 4.7742293E+01  4.9608713E+01  5.0360800E+01  5.0501272E+01  5.0504151E+01  5.0505064E+01  5.0502087E+01  5.0360800E+01  4.9608713E+01  4.7742293E+01  1.6065150E+03
 5.3066817E+01  5.4920696E+01  5.5669438E+01  5.5809152E+01  5.5812097E+01  5.5812987E+01  5.5809934E+01  5.5669438E+01  5.4920696E+01  5.3066817E+01  1.7716920E+03
 5.8813006E+01  6.0654622E+01  6.1399853E+01  6.1538564E+01  6.1541509E+01  6.1542733E+01  6.1539570E+01  6.1399853E+01  6.0654622E+01  5.8813006E+01  1.9483679E+03
 6.5002264E+01  6.6831618E+01  6.7573505E+01  6.7711883E+01  6.7714936E+01  6.7716051E+01  6.7712997E+01  6.7573505E+01  6.6831618E+01  6.5002264E+01  2.1369329E+03
 7.1657501E+01  7.3474592E+01  7.4213134E+01  7.4350955E+01  7.4354008E+01  7.4354899E+01  7.4351736E+01  7.4213134E+01  7.3474592E+01  7.1657501E+01  2.3377494E+03
 7.8801011E+01  8.0605840E+01  8.1341595E+01  8.1478301E+01  8.1481354E+01  8.1482245E+01  8.1479082E+01  8.1341595E+01  8.0605840E+01  7.8801011E+01  2.5511796E+03
 0.0000000E+00  0.0000000E+00  8.4973122E-01  1.0123010E+00  1.0141964E+00  1.0143392E+00  1.0124305E+00  8.4973122E-01  0.0000000E+00  0.0000000E+00  3.6993474E-02
 0.0000000E+00  0.0000000E+00  8.5104516E-01  1.0135809E+00  1.0154763E+00  1.0156232E+00  1.0137131E+00  8.5104516E-01  0.0000000E+00  0.0000000E+00  8.4694675E-02
 0.0000000E+00  7.2724204E-02  9.1890710E-01  1.0802764E+00  1.0822171E+00  1.0823817E+00  1.0804250E+00  9.1890710E-01  7.2724204E-02  0.0000000E+00  2.2888020E+00
 0.0000000E+00  1.7548794E-01  1.0166016E+00  1.1768576E+00  1.1788396E+00  1.1790219E+00  1.1770226E+00  1.0166016E+00  1.7548794E-01  0.0000000E+00  5.3526313E+00
 0.0000000E+00  3.1203696E-01  1.1482748E+00  1.3074651E+00  1.3094884E+00  1.3096924E+00  1.3076491E+00  1.1482748E+00  3.1203696E-01  0.0000000E+00  9.4590755E+00
 0.0000000E+00  4.8634643E-01  1.3178888E+00  1.4760475E+00  1.4781121E+00  1.4783338E+00  1.4762479E+00  1.3178888E+00  4.8634643E-01  0.0000000E+00  1.4782371E+01
 0.0000000E+00  7.0263119E-01  1.5296374E+00  1.6868025E+00  1.6889071E+00  1.6891506E+00  1.6870220E+00  1.5296374E+00  7.0263119E-01  0.0000000E+00  2.1503754E+01
 0.0000000E+00  9.6535795E-01  1.7879730E+00  1.9441691E+00  1.9463123E+00  1.9465803E+00  1.9444118E+00  1.7879730E+00  9.6535795E-01  0.0000000E+00  2.9811328E+01
 0.0000000E+00  1.2792603E+00  2.0976135E+00  2.2528679E+00  2.2550497E+00  2.2553353E+00  2.2531269E+00  2.0976135E+00  1.2792603E+00  0.0000000E+00  3.9899460E+01
 0.0000000E+00  1.6493285E+00  2.4635356E+00  2.6178795E+00  2.6200986E+00  2.6204101E+00  2.6181603E+00  2.4635356E+00  1.6493285E+00  0.0000000E+00  5.1968783E+01
 0.0000000E+00  2.0808659E+00  2.8910359E+00  3.0444857E+00  3.0467434E+00  3.0470753E+00  3.0447869E+00  2.8910359E+00  2.0808659E+00  0.0000000E+00  6.6225919E+01
 5.5698127E-01  2.6218007E+00  3.4277567E+00  3.5802714E+00  3.5825678E+00  3.5829255E+00  3.5805945E+00  3.4277567E+00  2.6218007E+00  5.5698127E-01  8.3201685E+01
 1.1988989E+00  3.2479851E+00  4.0498018E+00  4.2014020E+00  4.2037369E+00  4.2041205E+00  4.2017469E+00  4.0498018E+00  3.2479851E+00  1.1988989E+00  1.0312592E+02
 1.9344330E+00  3.9680924E+00  4.7658311E+00  4.9165331E+00  4.9189080E+00  4.9193160E+00  4.9169011E+00  4.7658311E+00  3.9680924E+00  1.9344330E+00  1.2629688E+02
 2.7728086E+00  4.7913065E+00  5.5850421E+00  5.7348500E+00  5.7372635E+00  5.7377042E+00  5.7352467E+00  5.5850421E+00  4.7913065E+00  2.7728086E+00  1.5302297E+02
 3.7237540E+00  5.7273561E+00  6.5171499E+00  6.6660799E+00  6.6685335E+00  6.6689986E+00  6.6664998E+00  6.5171499E+00  5.7273561E+00  3.7237540E+00  1.8362211E+02
 4.7975699E+00  6.7865212E+00  7.5724481E+00  7.7204676E+00  7.7229585E+00  7.7234617E+00  7.7209175E+00  7.5724481E+00  6.7865212E+00  4.7975699E+00  2.1842315E+02
 6.0050945E+00  7.9796334E+00  8.7616660E+00  8.9088827E+00  8.9114135E+00  8.9119847E+00  8.9094007E+00  8.7616660E+00  7.9796334E+00  6.0050945E+00  2.5776033E+02
 7.3577244E+00  9.3180822E+00  1.0096302E+01  1.0242716E+01  1.0245287E+01  1.0245831E+01  1.0243193E+01  1.0096302E+01  9.3180822E+00  7.3577244E+00  3.0197748E+02
 8.8674620E+00  1.0813727E+01  1.1588271E+01  1.1733814E+01  1.1736425E+01  1.1737037E+01  1.1734359E+01  1.1588271E+01  1.0813727E+01  8.8674620E+00  3.5142316E+02
 1.0546718E+01  1.2479232E+01  1.3250099E+01  1.3394812E+01  1.3397449E+01  1.3398061E+01  1.3395357E+01  1.3250099E+01  1.2479232E+01  1.0546718E+01  4.0645206E+02
 1.2408701E+01  1.4327598E+01  1.5094789E+01  1.5238699E+01  1.5241376E+01  1.5242029E+01  1.5239272E+01  1.5094789E+01  1.4327598E+01  1.2408701E+01  4.6742297E+02
 1.4467026E+01  1.6372443E+01  1.7136026E+01  1.7279092E+01  1.7281823E+01  1.7282530E+01  1.7279746E+01  1.7136026E+01  1.6372443E+01  1.4467026E+01  5.3469807E+02
 1.6735853E+01  1.8627995E+01  1.9387970E+01  1.9530273E+01  1.9533031E+01  1.9533751E+01  1.9530914E+01  1.9387970E+01  1.8627995E+01  1.6735853E+01  6.0864158E+02
 1.9229888E+01  2.1108891E+01  2.1865326E+01  2.2006826E+01  2.2009624E+01  2.2010412E+01  2.2007535E+01  2.1865326E+01  2.1108891E+01  1.9229888E+01  6.8962114E+02
 2.1964450E+01  2.3830449E+01  2.4583412E+01  2.4724110E+01  2.4726947E+01  2.4727736E+01  2.4724818E+01  2.4583412E+01  2.3830449E+01  2.1964450E+01  7.7799553E+02
 2.4955263E+01  2.6808396E+01  2.7557886E+01  2.7697809E+01  2.7700699E+01  2.7701556E+01  2.7698586E+01  2.7557886E+01  2.6808396E+01  2.4955263E+01  8.7413782E+02
 2.8218532E+01  3.0059070E+01  3.0805088E+01  3.0944249E+01  3.0947166E+01  3.0948023E+01  3.0945026E+01  3.0805088E+01  3.0059070E+01  2.8218532E+01  9.7840885E+02
 3.1771141E+01  3.3599083E+01  3.4341698E+01  3.4480055E+01  3.4483012E+01  3.4483910E+01  3.4480860E+01  3.4341698E+01  3.3599083E+01  3.1771141E+01  1.0911626E+03
 3.5630176E+01  3.7445660E+01  3.8184870E+01  3.8322493E+01  3.8325490E+01  3.8326456E+01  3.8323366E+01  3.8184870E+01  3.7445660E+01  3.5630176E+01  1.2127599E+03
 3.9813271E+01  4.1616433E+01  4.2352239E+01  4.2489127E+01  4.2492164E+01  4.2493170E+01  4.2490027E+01  4.2352239E+01  4.1616433E+01  3.9813271E+01  1.3435481E+03
 4.4338331E+01  4.6129307E+01  4.6861845E+01  4.6997930E+01  4.7001007E+01  4.7002082E+01  4.6998898E+01  4.6861845E+01  4.6129307E+01  4.4338331E+01  1.4838673E+03
 4.9223874E+01  5.1002731E+01  5.1731934E+01  5.1867325E+01  5.1870428E+01  5.1871543E+01  5.1868320E+01  5.1731934E+01  5.1002731E+01  4.9223874E+01  1.6340514E+03
 5.4488553E+01  5.6255428E+01  5.6981295E+01  5.7115951E+01  5.7119094E+01  5.7120250E+01  5.7116973E+01  5.6981295E+01  5.6255428E+01  5.4488553E+01  1.7944201E+03
 6.0151295E+01  6.1906256E+01  6.2628923E+01  6.2762776E+01  6.2765959E+01  6.2767183E+01  6.2763867E+01  6.2628923E+01  6.1906256E+01  6.0151295E+01  1.9653004E+03
 6.6231297E+01  6.7974549E+01  6.8693880E+01  6.8827079E+01  6.8830276E+01  6.8831364E+01  6.8828034E+01  6.8693880E+01  6.7974549E+01  6.6231297E+01  2.1469918E+03
 7.2748032E+01  7.4479982E+01  7.5196181E+01  7.5328293E+01  7.5331623E+01  7.5332985E+01  7.5329655E+01  7.5196181E+01  7.4479982E+01  7.2748032E+01  2.3397802E+03
 0.0000000E+00  0.0000000E+00  8.2802078E-01  9.8593164E-01  9.8796853E-01  9.8813465E-01  9.8608150E-01  8.2802078E-01  0.0000000E+00  0.0000000E+00  4.0579447E-02
 0.0000000E+00  0.0000000E+00  8.2930799E-01  9.8718725E-01  9.8922414E-01  9.8939523E-01  9.8734045E-01  8.2930799E-01  0.0000000E+00  0.0000000E+00  8.7332996E-02
 0.0000000E+00  7.1150860E-02  8.9570641E-01  1.0524428E+00  1.0545269E+00  1.0547146E+00  1.0526127E+00  8.9570641E-01  7.1150860E-02  0.0000000E+00  2.2419519E+00
 0.0000000E+00  1.7116359E-01  9.9075849E-01  1.1463961E+00  1.1485241E+00  1.1487384E+00  1.1465893E+00  9.9075849E-01  1.7116359E-01  0.0000000E+00  5.2239728E+00
 0.0000000E+00  3.0351058E-01  1.1183400E+00  1.2729287E+00  1.2751006E+00  1.2753365E+00  1.2731418E+00  1.1183400E+00  3.0351058E-01  0.0000000E+00  9.2048597E+00
 0.0000000E+00  4.7186693E-01  1.2821096E+00  1.4356744E+00  1.4378903E+00  1.4381478E+00  1.4359075E+00  1.2821096E+00  4.7186693E-01  0.0000000E+00  1.4346370E+01
 0.0000000E+00  6.8012087E-01  1.4859257E+00  1.6385097E+00  1.6407662E+00  1.6410503E+00  1.6387661E+00  1.4859257E+00  6.8012087E-01  0.0000000E+00  2.0816081E+01
 0.0000000E+00  9.3238515E-01  1.7338960E+00  1.8855275E+00  1.8878263E+00  1.8881320E+00  1.8858039E+00  1.7338960E+00  9.3238515E-01  0.0000000E+00  2.8786786E+01
 0.0000000E+00  1.2330078E+00  2.0303527E+00  2.1810584E+00  2.1833962E+00  2.1837251E+00  2.1813531E+00  2.0303527E+00  1.2330078E+00  0.0000000E+00  3.8436680E+01
 0.0000000E+00  1.5865740E+00  2.3798609E+00  2.5296690E+00  2.5320476E+00  2.5324014E+00  2.5299887E+00  2.3798609E+00  1.5865740E+00  0.0000000E+00  4.9948783E+01
 0.0000000E+00  1.9979230E+00  2.7872603E+00  2.9361874E+00  2.9386066E+00  2.9389904E+00  2.9365354E+00  2.7872603E+00  1.9979230E+00  0.0000000E+00  6.3510771E+01
 5.2997917E-01  2.5124150E+00  3.2976278E+00  3.4456324E+00  3.4480923E+00  3.4485026E+00  3.4460037E+00  3.2976278E+00  2.5124150E+00  5.2997917E-01  7.9612915E+01
 1.1394276E+00  3.1066838E+00  3.8878388E+00  4.0349408E+00  4.0374430E+00  4.0378799E+00  4.0353354E+00  3.8878388E+00  3.1066838E+00  1.1394276E+00  9.8461349E+01
 1.8362738E+00  3.7886291E+00  4.5658010E+00  4.7120137E+00  4.7145566E+00  4.7150284E+00  4.7124400E+00  4.5658010E+00  3.7886291E+00  1.8362738E+00  1.2032557E+02
 2.6288872E+00  4.5666159E+00  5.3398714E+00  5.4852031E+00  5.4877866E+00  5.4882900E+00  5.4856560E+00  5.3398714E+00  4.5666159E+00  2.6288872E+00  1.4548265E+02
 3.5261320E+00  5.4494752E+00  6.2188723E+00  6.3633398E+00  6.3659639E+00  6.3664972E+00  6.3638210E+00  6.2188723E+00  5.4494752E+00  3.5261320E+00  1.7421780E+02
 4.5373045E+00  6.4465117E+00  7.2121005E+00  7.3557202E+00  7.3583850E+00  7.3589499E+00  7.3562280E+00  7.2121005E+00  6.4465117E+00  4.5373045E+00  2.0682205E+02
 5.6722252E+00  7.5675043E+00  8.3293428E+00  8.4720965E+00  8.4747972E+00  8.4754118E+00  8.4726460E+00  8.3293428E+00  7.5675043E+00  5.6722252E+00  2.4359393E+02
 6.9411468E+00  8.8226890E+00  9.5808771E+00  9.7228164E+00  9.7255659E+00  9.7261805E+00  9.7233660E+00  9.5808771E+00  8.8226890E+00  6.9411468E+00  2.8483693E+02
 8.3548708E+00  1.0222901E+01  1.0977347E+01  1.1118472E+01  1.1121270E+01  1.1121918E+01  1.1119071E+01  1.0977347E+01  1.0222901E+01  8.3548708E+00  3.3085791E+02
 9.9245481E+00  1.1779274E+01  1.2530144E+01  1.2670421E+01  1.2673252E+01  1.2673950E+01  1.2671054E+01  1.2530144E+01  1.1779274E+01  9.9245481E+00  3.8196867E+02
 1.1661945E+01  1.3503449E+01  1.4250744E+01  1.4390256E+01  1.4393120E+01  1.4393867E+01  1.4390923E+01  1.4250744E+01  1.3503449E+01  1.1661945E+01  4.3848270E+02
 1.3579201E+01  1.5407817E+01  1.6151536E+01  1.6290234E+01  1.6293146E+01  1.6293927E+01  1.6290950E+01  1.6151536E+01  1.5407817E+01  1.3579201E+01  5.0071517E+02
 1.5688957E+01  1.7504766E+01  1.8244994E+01  1.8382927E+01  1.8385872E+01  1.8386702E+01  1.8383676E+01  1.8244994E+01  1.7504766E+01  1.5688957E+01  5.6898286E+02
 1.8004349E+01  1.9807437E+01  2.0544254E+01  2.0681374E+01  2.0684367E+01  2.0685198E+01  2.0682123E+01  2.0544254E+01  1.9807437E+01  1.8004349E+01  6.4360012E+02
 2.0538850E+01  2.2329464E+01  2.3062789E+01  2.3199144E+01  2.3202170E+01  2.3203050E+01  2.3199927E+01  2.3062789E+01  2.2329464E+01  2.0538850E+01  7.2488291E+02
 2.3306427E+01  2.5084569E+01  2.5814568E+01  2.5950109E+01  2.5953183E+01  2.5954147E+01  2.5950974E+01  2.5814568E+01  2.5084569E+01  2.3306427E+01  8.1314223E+02
 2.6321385E+01  2.8087303E+01  2.8813893E+01  2.8948669E+01  2.8951776E+01  2.8952790E+01  2.8949568E+01  2.8813893E+01  2.8087303E+01  2.6321385E+01  9.0868658E+02
 2.9598441E+01  3.1352219E+01  3.2075400E+01  3.2209494E+01  3.2212634E+01  3.2213647E+01  3.2210393E+01  3.2075400E+01  3.1352219E+01  2.9598441E+01  1.0118211E+03
 3.3152646E+01  3.4894366E+01  3.5614304E+01  3.5747584E+01  3.5750772E+01  3.5751902E+01  3.5748616E+01  3.5614304E+01  3.4894366E+01  3.3152646E+01  1.1228469E+03
 3.6999382E+01  3.8729295E+01  3.9445906E+01  3.9578455E+01  3.9581692E+01  3.9582822E+01  3.9579487E+01  3.9445906E+01  3.8729295E+01  3.6999382E+01  1.2420549E+03
 4.1154449E+01  4.2872554E+01  4.3585923E+01  4.3717707E+01  4.3720977E+01  4.3722206E+01  4.3718806E+01  4.3585923E+01  4.2872554E+01  4.1154449E+01  1.3697195E+03
 4.5633729E+01  4.7340193E+01  4.8050319E+01  4.8181338E+01  4.8184641E+01  4.8185953E+01  4.8182520E+01  4.8050319E+01  4.7340193E+01  4.5633729E+01  1.5061402E+03
 5.0453521E+01  5.2148427E+01  5.2855226E+01  5.2985597E+01  5.2988949E+01  5.2990261E+01  5.2986780E+01  5.2855226E+01  5.2148427E+01  5.0453521E+01  1.6515663E+03
 5.5630122E+01  5.7313552E+01  5.8017192E+01  5.8146832E+01  5.8150232E+01  5.8151628E+01  5.8148097E+01  5.8017192E+01  5.7313552E+01  5.5630122E+01  1.8062639E+03
 6.1180245E+01  6.2852367E+01  6.3552764E+01  6.3681689E+01  6.3685105E+01  6.3686550E+01  6.3682987E+01  6.3552764E+01  6.2852367E+01  6.1180245E+01  1.9704660E+03
 6.7120605E+01  6.8781418E+01  6.9478655E+01  6.9606849E+01  6.9610314E+01  6.9611843E+01  6.9608231E+01  6.9478655E+01  6.8781418E+01  6.7120605E+01  2.1444301E+03
 0.0000000E+00  0.0000000E+00  8.0680327E-01  9.6013164E-01  9.6231884E-01  9.6251303E-01  9.6030714E-01  8.0680327E-01  0.0000000E+00  0.0000000E+00  4.4511204E-02
 0.0000000E+00  0.0000000E+00  8.0806874E-01  9.6136706E-01  9.6355546E-01  9.6375066E-01  9.6154358E-01  8.0806874E-01  0.0000000E+00  0.0000000E+00  9.0340999E-02
 0.0000000E+00  6.9611585E-02  8.7303758E-01  1.0252058E+00  1.0274433E+00  1.0276564E+00  1.0253990E+00  8.7303758E-01  6.9611585E-02  0.0000000E+00  2.1966553E+00
 0.0000000E+00  1.6693809E-01  9.6551171E-01  1.1165989E+00  1.1188840E+00  1.1191235E+00  1.1168164E+00  9.6551171E-01  1.6693809E-01  0.0000000E+00  5.0988587E+00
 0.0000000E+00  2.9519083E-01  1.0891007E+00  1.2391473E+00  1.2414782E+00  1.2417501E+00  1.2393934E+00  1.0891007E+00  2.9519083E-01  0.0000000E+00  8.9574402E+00
 0.0000000E+00  4.5776171E-01  1.2471835E+00  1.3962272E+00  1.3986038E+00  1.3989020E+00  1.3964977E+00  1.2471835E+00  4.5776171E-01  0.0000000E+00  1.3922358E+01
 0.0000000E+00  6.5823082E-01  1.4433118E+00  1.5913891E+00  1.5938094E+00  1.5941300E+00  1.5916779E+00  1.4433118E+00  6.5823082E-01  0.0000000E+00  2.0147966E+01
 0.0000000E+00  9.0037834E-01  1.6812536E+00  1.8283950E+00  1.8308590E+00  1.8312059E+00  1.8287082E+00  1.6812536E+00  9.0037834E-01  0.0000000E+00  2.7793020E+01
 0.0000000E+00  1.1881855E+00  1.9649901E+00  2.1112118E+00  2.1137176E+00  2.1140970E+00  2.1115535E+00  1.9649901E+00  1.1881855E+00  0.0000000E+00  3.7020323E+01
 0.0000000E+00  1.5258622E+00  2.2986957E+00  2.4440322E+00  2.4465817E+00  2.4469875E+00  2.4443983E+00  2.2986957E+00  1.5258622E+00  0.0000000E+00  4.7996439E+01
 0.0000000E+00  1.9178243E+00  2.6867984E+00  2.8312619E+00  2.8338511E+00  2.8342894E+00  2.8316565E+00  2.6867984E+00  1.9178243E+00  0.0000000E+00  6.0891386E+01
 5.0408764E-01  2.4069619E+00  3.1718937E+00  3.3154518E+00  3.3180847E+00  3.3185555E+00  3.3158749E+00  3.1718937E+00  2.4069619E+00  5.0408764E-01  7.6157219E+01
 1.0824686E+00  2.9706873E+00  3.7316582E+00  3.8743210E+00  3.8769976E+00  3.8775049E+00  3.8747786E+00  3.7316582E+00  2.9706873E+00  1.0824686E+00  9.3979088E+01
 1.7423640E+00  3.6162014E+00  4.3732723E+00  4.5150601E+00  4.5177805E+00  4.5183202E+00  4.5155462E+00  4.3732723E+00  3.6162014E+00  1.7423640E+00  1.1459861E+02
 2.4913810E+00  4.3511011E+00  5.1043329E+00  5.2452559E+00  5.2480200E+00  5.2485962E+00  5.2457765E+00  5.1043329E+00  4.3511011E+00  2.4913810E+00  1.3826482E+02
 3.3375328E+00  5.1833794E+00  5.9328331E+00  6.0729075E+00  6.0757133E+00  6.0763220E+00  6.0734566E+00  5.9328331E+00  5.1833794E+00  3.3375328E+00  1.6523183E+02
 4.2892594E+00  6.1214458E+00  6.8671822E+00  7.0064080E+00  7.0092555E+00  7.0099028E+00  7.0069897E+00  6.8671822E+00  6.1214458E+00  4.2892594E+00  1.9575862E+02
 5.3553662E+00  7.1741259E+00  7.9161858E+00  8.0545772E+00  8.0574685E+00  8.0581624E+00  8.0552036E+00  7.9161858E+00  7.1741259E+00  5.3553662E+00  2.3010926E+02
 6.5451260E+00  8.3506419E+00  9.0890760E+00  9.2266493E+00  9.2295822E+00  9.2303086E+00  9.2273041E+00  9.0890760E+00  8.3506419E+00  6.5451260E+00  2.6855085E+02
 7.8681669E+00  9.6606421E+00  1.0395481E+01  1.0532218E+01  1.0535198E+01  1.0535990E+01  1.0532950E+01  1.0395481E+01  9.6606421E+00  7.8681669E+00  3.1135356E+02
 9.3345436E+00  1.1114141E+01  1.1845496E+01  1.1981400E+01  1.1984421E+01  1.1985273E+01  1.1982173E+01  1.1845496E+01  1.1114141E+01  9.3345436E+00  3.5878958E+02
 1.0954687E+01  1.2721680E+01  1.3449480E+01  1.3584654E+01  1.3587714E+01  1.3588526E+01  1.3585366E+01  1.3449480E+01  1.2721680E+01  1.0954687E+01  4.1113210E+02
 1.2739555E+01  1.4493954E+01  1.5218302E+01  1.5352643E+01  1.5355743E+01  1.5356656E+01  1.5353456E+01  1.5218302E+01  1.4493954E+01  1.2739555E+01  4.6865434E+02
 1.4700229E+01  1.6442237E+01  1.7163131E+01  1.7296742E+01  1.7299882E+01  1.7300794E+01  1.7297556E+01  1.7163131E+01  1.6442237E+01  1.4700229E+01  5.3162949E+02
 1.6848286E+01  1.8578107E+01  1.9295650E+01  1.9428469E+01  1.9431668E+01  1.9432622E+01  1.9429343E+01  1.9295650E+01  1.8578107E+01  1.6848286E+01  6.0032772E+02
 1.9195915E+01  2.0913548E+01  2.1627739E+01  2.1759787E+01  2.1763006E+01  2.1764081E+01  2.1760743E+01  2.1627739E+01  2.0913548E+01  1.9195915E+01  6.7501918E+02
 2.1755099E+01  2.3460850E+01  2.4171689E+01  2.4302945E+01  2.4306224E+01  2.4307340E+01  2.4303962E+01  2.4171689E+01  2.3460850E+01  2.1755099E+01  7.5596997E+02
 2.4538535E+01  2.6232504E+01  2.6939992E+01  2.7070578E+01  2.7073876E+01  2.7075053E+01  2.7071635E+01  2.6939992E+01  2.6232504E+01  2.4538535E+01  8.4344009E+02
 2.7559323E+01  2.9241511E+01  2.9945749E+01  3.0075543E+01  3.0078901E+01  3.0080078E+01  3.0076601E+01  2.9945749E+01  2.9241511E+01  2.7559323E+01  9.3768548E+02
 3.0830363E+01  3.2500972E+01  3.3201960E+01  3.3331024E+01  3.3334422E+01  3.3335700E+01  3.3332183E+01  3.3201960E+01  3.2500972E+01  3.0830363E+01  1.0389590E+03
 3.4365161E+01  3.6024396E+01  3.6722134E+01  3.6850466E+01  3.6853904E+01  3.6855183E+01  3.6851626E+01  3.6722134E+01  3.6024396E+01  3.4365161E+01  1.1474994E+03
 3.8177532E+01  3.9825290E+01  4.0519879E+01  4.0647481E+01  4.0650958E+01  4.0652297E+01  4.0648681E+01  4.0519879E+01  3.9825290E+01  3.8177532E+01  1.2635453E+03
 4.2281083E+01  4.3917669E+01  4.4609009E+01  4.4735880E+01  4.4739397E+01  4.4740837E+01  4.4737181E+01  4.4609009E+01  4.3917669E+01  4.2281083E+01  1.3873303E+03
 4.6690035E+01  4.8315449E+01  4.9003640E+01  4.9129780E+01  4.9133337E+01  4.9134838E+01  4.9131122E+01  4.9003640E+01  4.8315449E+01  4.6690035E+01  1.5190676E+03
 5.1418503E+01  5.3032847E+01  5.3717890E+01  5.3843299E+01  5.3846895E+01  5.3848498E+01  5.3844743E+01  5.3717890E+01  5.3032847E+01  5.1418503E+01  1.6589605E+03
 5.6480606E+01  5.8083981E+01  5.8765977E+01  5.8890655E+01  5.8894292E+01  5.8895895E+01  5.8892099E+01  5.8765977E+01  5.8083981E+01  5.6480606E+01  1.8072019E+03
 6.1890867E+01  6.3483375E+01  6.4162222E+01  6.4286170E+01  6.4289846E+01  6.4291550E+01  6.4287715E+01  6.4162222E+01  6.3483375E+01  6.1890867E+01  1.9639948E+03
 0.0000000E+00  0.0000000E+00  7.8607384E-01  9.3488848E-01  9.3723691E-01  9.3746169E-01  9.3509166E-01  7.8607384E-01  0.0000000E+00  0.0000000E+00  4.8822359E-02
 0.0000000E+00  0.0000000E+00  7.8731806E-01  9.3610344E-01  9.3845332E-01  9.3867811E-01  9.3630663E-01  7.8731806E-01  0.0000000E+00  0.0000000E+00  9.3751904E-02
 0.0000000E+00  6.8106303E-02  8.5088376E-01  9.9854979E-01  1.0009514E+00  1.0012049E+00  9.9877881E-01  8.5088376E-01  6.8106303E-02  0.0000000E+00  2.1529374E+00
 0.0000000E+00  1.6281066E-01  9.4084110E-01  1.0874421E+00  1.0898934E+00  1.0901757E+00  1.0876969E+00  9.4084110E-01  1.6281066E-01  0.0000000E+00  4.9772706E+00
 0.0000000E+00  2.8707527E-01  1.0605456E+00  1.2061225E+00  1.2086224E+00  1.2089334E+00  1.2064032E+00  1.0605456E+00  2.8707527E-01  0.0000000E+00  8.7167578E+00
 0.0000000E+00  4.4402457E-01  1.2130998E+00  1.3576886E+00  1.3602345E+00  1.3605741E+00  1.3579941E+00  1.2130998E+00  4.4402457E-01  0.0000000E+00  1.3510037E+01
 0.0000000E+00  6.3694961E-01  1.4017774E+00  1.5454140E+00  1.5480085E+00  1.5483802E+00  1.5457493E+00  1.4017774E+00  6.3694961E-01  0.0000000E+00  1.9499171E+01
 0.0000000E+00  8.6931511E-01  1.6300294E+00  1.7727385E+00  1.7753768E+00  1.7757807E+00  1.7731037E+00  1.6300294E+00  8.6931511E-01  0.0000000E+00  2.6829534E+01
 0.0000000E+00  1.1447706E+00  1.9015004E+00  2.0432996E+00  2.0459839E+00  2.0464201E+00  2.0436945E+00  1.9015004E+00  1.1447706E+00  0.0000000E+00  3.5649489E+01
 0.0000000E+00  1.4671517E+00  2.2199988E+00  2.3609201E+00  2.3636482E+00  2.3641166E+00  2.3613449E+00  2.2199988E+00  1.4671517E+00  0.0000000E+00  4.6110129E+01
 0.0000000E+00  1.8404926E+00  2.5895561E+00  2.7296245E+00  2.7323962E+00  2.7328919E+00  2.7300716E+00  2.5895561E+00  1.8404926E+00  0.0000000E+00  5.8365277E+01
 4.7927090E-01  2.3053328E+00  3.0504391E+00  3.1896223E+00  3.1924401E+00  3.1929754E+00  3.1901042E+00  3.0504391E+00  2.3053328E+00  4.7927090E-01  7.2831119E+01
 1.0279403E+00  2.8398643E+00  3.5810878E+00  3.7193858E+00  3.7222497E+00  3.7228172E+00  3.7198975E+00  3.5810878E+00  2.8398643E+00  1.0279403E+00  8.9673140E+01
 1.6525693E+00  3.4506120E+00  4.1880272E+00  4.3254474E+00  4.3283550E+00  4.3289746E+00  4.3260063E+00  4.1880272E+00  3.4506120E+00  1.6525693E+00  1.0910855E+02
 2.3600513E+00  4.1444733E+00  4.8781298E+00  5.0147020E+00  5.0176557E+00  5.0183075E+00  5.0152907E+00  4.8781298E+00  4.1444733E+00  2.3600513E+00  1.3135903E+02
 3.1576431E+00  4.9286802E+00  5.6586276E+00  5.7943592E+00  5.7973566E+00  5.7980605E+00  5.7949951E+00  5.6586276E+00  4.9286802E+00  3.1576431E+00  1.5665158E+02
 4.0529492E+00  5.8107997E+00  6.5371125E+00  6.6720159E+00  6.6750570E+00  6.6758005E+00  6.6726866E+00  6.5371125E+00  5.8107997E+00  4.0529492E+00  1.8521409E+02
 5.0539086E+00  6.7987959E+00  7.5215113E+00  7.6555915E+00  7.6586787E+00  7.6594619E+00  7.6562970E+00  7.5215113E+00  6.7987959E+00  5.0539086E+00  2.1728102E+02
 6.1688204E+00  7.9009430E+00  8.6200980E+00  8.7533749E+00  8.7565059E+00  8.7573286E+00  8.7541152E+00  8.6200980E+00  7.9009430E+00  6.1688204E+00  2.5308557E+02
 7.4063184E+00  9.1258499E+00  9.8415068E+00  9.9739803E+00  9.9771549E+00  9.9780297E+00  9.9747677E+00  9.8415068E+00  9.1258499E+00  7.4063184E+00  2.9286592E+02
 8.7753962E+00  1.0482510E+01  1.1194706E+01  1.1326376E+01  1.1329595E+01  1.1330522E+01  1.1327211E+01  1.1194706E+01  1.0482510E+01  8.7753962E+00  3.3685778E+02
 1.0285345E+01  1.1980216E+01  1.2688951E+01  1.2819860E+01  1.2823136E+01  1.2824103E+01  1.2820754E+01  1.2688951E+01  1.1980216E+01  1.0285345E+01  3.8529682E+02
 1.1945816E+01  1.3628629E+01  1.4333978E+01  1.4464068E+01  1.4467369E+01  1.4468410E+01  1.4465012E+01  1.4333978E+01  1.3628629E+01  1.1945816E+01  4.3842247E+02
 1.3766697E+01  1.5437650E+01  1.6139649E+01  1.6268971E+01  1.6272321E+01  1.6273362E+01  1.6269915E+01  1.6139649E+01  1.5437650E+01  1.3766697E+01  4.9646547E+02
 1.5758444E+01  1.7417488E+01  1.8116138E+01  1.8244691E+01  1.8248089E+01  1.8249254E+01  1.8245759E+01  1.8116138E+01  1.7417488E+01  1.5758444E+01  5.5966026E+02
 1.7931303E+01  1.9578688E+01  2.0273988E+01  2.0401847E+01  2.0405269E+01  2.0406508E+01  2.0402965E+01  2.0273988E+01  1.9578688E+01  1.7931303E+01  6.2823386E+02
 2.0296193E+01  2.1932040E+01  2.2624115E+01  2.2751206E+01  2.2754676E+01  2.2755915E+01  2.2752323E+01  2.2624115E+01  2.1932040E+01  2.0296193E+01  7.0241204E+02
 2.2864152E+01  2.4488586E+01  2.5177436E+01  2.5303882E+01  2.5307401E+01  2.5308641E+01  2.5305000E+01  2.5177436E+01  2.4488586E+01  2.2864152E+01  7.8241436E+02
 2.5646593E+01  2.7259739E+01  2.7945364E+01  2.8070917E+01  2.8074485E+01  2.8075922E+01  2.8072209E+01  2.7945364E+01  2.7259739E+01  2.5646593E+01  8.6845420E+02
 2.8654806E+01  3.0256787E+01  3.0939187E+01  3.1064095E+01  3.1067712E+01  3.1069149E+01  3.1065387E+01  3.0939187E+01  3.0256787E+01  2.8654806E+01  9.6074120E+02
 3.1900574E+01  3.3491391E+01  3.4170689E+01  3.4294903E+01  3.4298544E+01  3.4300056E+01  3.4296245E+01  3.4170689E+01  3.3491391E+01  3.1900574E+01  1.0594751E+03
 3.5395683E+01  3.6975583E+01  3.7651780E+01  3.7775226E+01  3.7778915E+01  3.7780427E+01  3.7776568E+01  3.7651780E+01  3.6975583E+01  3.5395683E+01  1.1648493E+03
 3.9152041E+01  4.0721149E+01  4.1394245E+01  4.1516922E+01  4.1520660E+01  4.1522295E+01  4.1518388E+01  4.1394245E+01  4.0721149E+01  3.9152041E+01  1.2770451E+03
 4.3181929E+01  4.4740245E+01  4.5410239E+01  4.5532222E+01  4.5535984E+01  4.5537694E+01  4.5533738E+01  4.5410239E+01  4.4740245E+01  4.3181929E+01  1.3962448E+03
 4.7497381E+01  4.9045028E+01  4.9711921E+01  4.9833135E+01  4.9836946E+01  4.9838780E+01  4.9834775E+01  4.9711921E+01  4.9045028E+01  4.7497381E+01  1.5226145E+03
 5.2110552E+01  5.3647655E+01  5.4311447E+01  5.4432017E+01  5.4435876E+01  5.4437710E+01  5.4433656E+01  5.4311447E+01  5.3647655E+01  5.2110552E+01  1.6563032E+03
 5.7033724E+01  5.8560283E+01  5.9220974E+01  5.9340899E+01  5.9344807E+01  5.9346765E+01  5.9342663E+01  5.9220974E+01  5.8560283E+01  5.7033724E+01  1.7974473E+03
 0.0000000E+00  0.0000000E+00  7.6580327E-01  9.1016443E-01  9.1268536E-01  9.1294568E-01  9.1039955E-01  7.6580327E-01  0.0000000E+00  0.0000000E+00  5.3547926E-02
 0.0000000E+00  0.0000000E+00  7.6702447E-01  9.1135776E-01  9.1387988E-01  9.1414111E-01  9.1159350E-01  7.6702447E-01  0.0000000E+00  0.0000000E+00  9.7599713E-02
 0.0000000E+00  6.6632372E-02  8.2921491E-01  9.7244366E-01  9.7502032E-01  9.7531395E-01  9.7270913E-01  8.2921491E-01  6.6632372E-02  0.0000000E+00  2.1107718E+00
 0.0000000E+00  1.5877455E-01  9.1671122E-01  1.0588896E+00  1.0615185E+00  1.0618442E+00  1.0591836E+00  9.1671122E-01  1.5877455E-01  0.0000000E+00  4.8590843E+00
 0.0000000E+00  2.7915394E-01  1.0326270E+00  1.1737942E+00  1.1764743E+00  1.1768333E+00  1.1741185E+00  1.0326270E+00  2.7915394E-01  0.0000000E+00  8.4825113E+00
 0.0000000E+00  4.3063915E-01  1.1798122E+00  1.3200030E+00  1.3227329E+00  1.3231256E+00  1.3203574E+00  1.1798122E+00  4.3063915E-01  0.0000000E+00  1.3108946E+01
 0.0000000E+00  6.1624835E-01  1.3612669E+00  1.5005128E+00  1.5032916E+00  1.5037200E+00  1.5008996E+00  1.3612669E+00  6.1624835E-01  0.0000000E+00  1.8868796E+01
 0.0000000E+00  8.3915574E-01  1.5801547E+00  1.7184759E+00  1.7213010E+00  1.7217641E+00  1.7188916E+00  1.5801547E+00  8.3915574E-01  0.0000000E+00  2.5894955E+01
 0.0000000E+00  1.1026916E+00  1.8397739E+00  1.9772139E+00  1.9800894E+00  1.9805889E+00  1.9776689E+00  1.8397739E+00  1.1026916E+00  0.0000000E+00  3.4322012E+01
 0.0000000E+00  1.4103529E+00  2.1436352E+00  2.2802121E+00  2.2831320E+00  2.2836648E+00  2.2806945E+00  2.1436352E+00  1.4103529E+00  0.0000000E+00  4.4287088E+01
 0.0000000E+00  1.7658048E+00  2.4953901E+00  2.6311190E+00  2.6340834E+00  2.6346585E+00  2.6316348E+00  2.4953901E+00  1.7658048E+00  0.0000000E+00  5.5928514E+01
 4.5548290E-01  2.2073620E+00  2.9330838E+00  3.0679253E+00  3.0709371E+00  3.0715516E+00  3.0684775E+00  2.9330838E+00  2.2073620E+00  4.5548290E-01  6.9629016E+01
 9.7573198E-01  2.7139642E+00  3.4358830E+00  3.5698584E+00  3.5729206E+00  3.5735805E+00  3.5704561E+00  3.4358830E+00  2.7139642E+00  9.7573198E-01  8.5536168E+01
 1.5667002E+00  3.2915507E+00  4.0097271E+00  4.1428394E+00  4.1459461E+00  4.1466544E+00  4.1434795E+00  4.0097271E+00  3.2915507E+00  1.5667002E+00  1.0384421E+02
 2.2346194E+00  3.9463185E+00  4.6608282E+00  4.7930986E+00  4.7962527E+00  4.7970095E+00  4.7937813E+00  4.6608282E+00  3.9463185E+00  2.2346194E+00  1.2475042E+02
 2.9860531E+00  4.6848432E+00  5.3957166E+00  5.5271602E+00  5.5303618E+00  5.5311579E+00  5.5278793E+00  5.3957166E+00  4.6848432E+00  2.9860531E+00  1.4845554E+02
 3.8278345E+00  5.5138975E+00  6.2212103E+00  6.3518363E+00  6.3550823E+00  6.3559268E+00  6.3525978E+00  6.2212103E+00  5.5138975E+00  3.8278345E+00  1.7516231E+02
 4.7670850E+00  6.4406480E+00  7.1444306E+00  7.2742449E+00  7.2775384E+00  7.2784374E+00  7.2750580E+00  7.1444306E+00  6.4406480E+00  4.7670850E+00  2.0507571E+02
 5.8112589E+00  7.4725038E+00  8.1728015E+00  8.3018195E+00  8.3051604E+00  8.3061078E+00  8.3026750E+00  8.1728015E+00  7.4725038E+00  5.8112589E+00  2.3839970E+02
 6.9680682E+00  8.6171618E+00  9.3140201E+00  9.4422507E+00  9.4456361E+00  9.4466319E+00  9.4431488E+00  9.3140201E+00  8.6171618E+00  6.9680682E+00  2.7534033E+02
 8.2454979E+00  9.8826067E+00  1.0576071E+01  1.0703529E+01  1.0706959E+01  1.0708004E+01  1.0704470E+01  1.0576071E+01  9.8826067E+00  8.2454979E+00  3.1610517E+02
 9.6518206E+00  1.1277126E+01  1.1967227E+01  1.2093904E+01  1.2097382E+01  1.2098495E+01  1.2094912E+01  1.1967227E+01  1.1277126E+01  9.6518206E+00  3.6089574E+02
 1.1195597E+01  1.2809236E+01  1.3496019E+01  1.3621917E+01  1.3625436E+01  1.3626608E+01  1.3622973E+01  1.3496019E+01  1.2809236E+01  1.1195597E+01  4.0991658E+02
 1.2885599E+01  1.4487708E+01  1.5171248E+01  1.5296348E+01  1.5299935E+01  1.5301116E+01  1.5297440E+01  1.5171248E+01  1.4487708E+01  1.2885599E+01  4.6336769E+02
 1.4730858E+01  1.6321543E+01  1.7001841E+01  1.7126243E+01  1.7129860E+01  1.7131131E+01  1.7127396E+01  1.7001841E+01  1.6321543E+01  1.4730858E+01  5.2144604E+02
 1.6740630E+01  1.8320164E+01  1.8997128E+01  1.9120835E+01  1.9124481E+01  1.9125843E+01  1.9122048E+01  1.8997128E+01  1.8320164E+01  1.6740630E+01  5.8434404E+02
 1.8924402E+01  2.0492723E+01  2.1166506E+01  2.1289425E+01  2.1293130E+01  2.1294553E+01  2.1290729E+01  2.1166506E+01  2.0492723E+01  1.8924402E+01  6.5224959E+02
 2.1291808E+01  2.2849220E+01  2.3519821E+01  2.3641953E+01  2.3645718E+01  2.3647141E+01  2.3643257E+01  2.3519821E+01  2.2849220E+01  2.1291808E+01  7.2534903E+02
 2.3852698E+01  2.5399201E+01  2.6066620E+01  2.6188055E+01  2.6191850E+01  2.6193363E+01  2.6189421E+01  2.6066620E+01  2.5399201E+01  2.3852698E+01  8.0381813E+02
 2.6617070E+01  2.8152665E+01  2.8817054E+01  2.8937792E+01  2.8941616E+01  2.8943220E+01  2.8939218E+01  2.8817054E+01  2.8152665E+01  2.6617070E+01  8.8782962E+02
 2.9594927E+01  3.1119915E+01  3.1781122E+01  3.1901164E+01  3.1905018E+01  3.1906773E+01  3.1902742E+01  3.1781122E+01  3.1119915E+01  2.9594927E+01  9.7754409E+02
 3.2796569E+01  3.4310951E+01  3.4969128E+01  3.5088534E+01  3.5092447E+01  3.5094203E+01  3.5090112E+01  3.4969128E+01  3.4310951E+01  3.2796569E+01  1.0731221E+03
 3.6232300E+01  3.7736228E+01  3.8391375E+01  3.8509994E+01  3.8513966E+01  3.8515783E+01  3.8511662E+01  3.8391375E+01  3.7736228E+01  3.6232300E+01  1.1747093E+03
 3.9912575E+01  4.1406049E+01  4.2058165E+01  4.2176088E+01  4.2180089E+01  4.2181997E+01  4.2177817E+01  4.2058165E+01  4.1406049E+01  3.9912575E+01  1.2824463E+03
 4.3847546E+01  4.5330868E+01  4.5979954E+01  4.6097089E+01  4.6101150E+01  4.6103148E+01  4.6098879E+01  4.5979954E+01  4.5330868E+01  4.3847546E+01  1.3964606E+03
 4.8047817E+01  4.9520836E+01  5.0166891E+01  5.0283482E+01  5.0287572E+01  5.0289631E+01  5.0285362E+01  5.0166891E+01  4.9520836E+01  4.8047817E+01  1.5168673E+03
 5.2523692E+01  5.3986559E+01  5.4629736E+01  5.4745478E+01  5.4749599E+01  5.4751838E+01  5.4747481E+01  5.4629736E+01  5.3986559E+01  5.2523692E+01  1.6437905E+03
 0.0000000E+00  0.0000000E+00  7.4598981E-01  8.8596039E-01  8.8866508E-01  8.8896641E-01  8.8623275E-01  7.4598981E-01  0.0000000E+00  0.0000000E+00  5.8728606E-02
 0.0000000E+00  0.0000000E+00  7.4718900E-01  8.8713294E-01  8.8983908E-01  8.9014041E-01  8.8740530E-01  7.4718900E-01  0.0000000E+00  0.0000000E+00  1.0192513E-01
 0.0000000E+00  6.5190346E-02  8.0803488E-01  9.4688612E-01  9.4964947E-01  9.4998777E-01  9.4719183E-01  8.0803488E-01  6.5190346E-02  0.0000000E+00  2.0701922E+00
 0.0000000E+00  1.5483026E-01  8.9312732E-01  1.0309406E+00  1.0337590E+00  1.0341343E+00  1.0312797E+00  8.9312732E-01  1.5483026E-01  0.0000000E+00  4.7443647E+00
 0.0000000E+00  2.7142380E-01  1.0053514E+00  1.1421663E+00  1.1450383E+00  1.1454517E+00  1.1425395E+00  1.0053514E+00  2.7142380E-01  0.0000000E+00  8.2547679E+00
 0.0000000E+00  4.1760269E-01  1.1473183E+00  1.2831708E+00  1.2860949E+00  1.2865471E+00  1.2835792E+00  1.1473183E+00  4.1760269E-01  0.0000000E+00  1.2719155E+01
 0.0000000E+00  5.9612638E-01  1.3217725E+00  1.4566918E+00  1.4596669E+00  1.4601590E+00  1.4571361E+00  1.3217725E+00  5.9612638E-01  0.0000000E+00  1.8256946E+01
 0.0000000E+00  8.0989103E-01  1.5315973E+00  1.6656106E+00  1.6686358E+00  1.6691689E+00  1.6660916E+00  1.5315973E+00  8.0989103E-01  0.0000000E+00  2.4989022E+01
 0.0000000E+00  1.0619335E+00  1.7798127E+00  1.9129550E+00  1.9160290E+00  1.9165946E+00  1.9134627E+00  1.7798127E+00  1.0619335E+00  0.0000000E+00  3.3037651E+01
 0.0000000E+00  1.3554368E+00  2.0696000E+00  2.2018749E+00  2.2049959E+00  2.2056096E+00  2.2024270E+00  2.0696000E+00  1.3554368E+00  0.0000000E+00  4.2526418E+01
 0.0000000E+00  1.6937265E+00  2.4042625E+00  2.5356978E+00  2.5388695E+00  2.5395313E+00  2.5362944E+00  2.4042625E+00  1.6937265E+00  0.0000000E+00  5.3579682E+01
 4.3269619E-01  2.1129966E+00  2.8197222E+00  2.9503104E+00  2.9535292E+00  2.9542317E+00  2.9509404E+00  2.8197222E+00  2.1129966E+00  4.3269619E-01  6.6548316E+01
 9.2577931E-01  2.5929127E+00  3.2959186E+00  3.4256412E+00  3.4289071E+00  3.4296576E+00  3.4263157E+00  3.2959186E+00  2.5929127E+00  9.2577931E-01  8.1564085E+01
 1.4846365E+00  3.1388397E+00  3.8381999E+00  3.9670719E+00  3.9703921E+00  3.9711981E+00  3.9678019E+00  3.8381999E+00  3.1388397E+00  1.4846365E+00  9.8799648E+01
 2.1149027E+00  3.7564404E+00  4.4521920E+00  4.5802280E+00  4.5835916E+00  4.5844493E+00  4.5809988E+00  4.4521920E+00  3.7564404E+00  2.1149027E+00  1.1843044E+02
 2.8224796E+00  4.4515443E+00  5.1437427E+00  5.2709761E+00  5.2743904E+00  5.2752962E+00  5.2717913E+00  5.1437427E+00  4.4515443E+00  2.8224796E+00  1.4063339E+02
 3.6135186E+00  5.2303138E+00  5.9190146E+00  6.0454268E+00  6.0488919E+00  6.0498642E+00  6.0463051E+00  5.9190146E+00  5.2303138E+00  3.6135186E+00  1.6558706E+02
 4.4943857E+00  6.0991149E+00  6.7843736E+00  6.9099869E+00  6.9134954E+00  6.9145195E+00  6.9109060E+00  6.7843736E+00  6.0991149E+00  4.4943857E+00  1.9347098E+02
 5.4717430E+00  7.0645915E+00  7.7464265E+00  7.8712557E+00  7.8748149E+00  7.8758945E+00  7.8722303E+00  7.7464265E+00  7.0645915E+00  5.4717430E+00  2.2446113E+02
 6.5524749E+00  8.1335906E+00  8.8120760E+00  8.9361137E+00  8.9397200E+00  8.9408587E+00  8.9371402E+00  8.8120760E+00  8.1335906E+00  6.5524749E+00  2.5873979E+02
 7.7436506E+00  9.3132370E+00  9.9883729E+00  1.0111638E+01  1.0115291E+01  1.0116496E+01  1.0112727E+01  9.9883729E+00  9.3132370E+00  7.7436506E+00  2.9648278E+02
 9.0526355E+00  1.0610822E+01  1.1282664E+01  1.1405167E+01  1.1408863E+01  1.1410139E+01  1.1406316E+01  1.1282664E+01  1.0610822E+01  9.0526355E+00  3.3786589E+02
 1.0486962E+01  1.2033897E+01  1.2702481E+01  1.2824230E+01  1.2827973E+01  1.2829315E+01  1.2825441E+01  1.2702481E+01  1.2033897E+01  1.0486962E+01  3.8305939E+02
 1.2054401E+01  1.3590214E+01  1.4255579E+01  1.4376573E+01  1.4380363E+01  1.4381765E+01  1.4377836E+01  1.4255579E+01  1.3590214E+01  1.2054401E+01  4.3223724E+02
 1.3762857E+01  1.5287677E+01  1.5949840E+01  1.6070116E+01  1.6073954E+01  1.6075422E+01  1.6071443E+01  1.5949840E+01  1.5287677E+01  1.3762857E+01  4.8556228E+02
 1.5620452E+01  1.7134428E+01  1.7793426E+01  1.7912959E+01  1.7916841E+01  1.7918379E+01  1.7914345E+01  1.7793426E+01  1.7134428E+01  1.5620452E+01  5.4319922E+02
 1.7635459E+01  1.9138720E+01  1.9794573E+01  1.9913351E+01  1.9917298E+01  1.9918851E+01  1.9914759E+01  1.9794573E+01  1.9138720E+01  1.7635459E+01  6.0530350E+02
 1.9816225E+01  2.1308919E+01  2.1961625E+01  2.2079738E+01  2.2083721E+01  2.2085459E+01  2.2081331E+01  2.1961625E+01  2.1308919E+01  1.9816225E+01  6.7202873E+02
 2.2171483E+01  2.3653629E+01  2.4303190E+01  2.4420636E+01  2.4424655E+01  2.4426393E+01  2.4422229E+01  2.4303190E+01  2.3653629E+01  2.2171483E+01  7.4351926E+02
 2.4709766E+01  2.6181363E+01  2.6827963E+01  2.6944633E+01  2.6948725E+01  2.6950573E+01  2.6946301E+01  2.6827963E+01  2.6181363E+01  2.4709766E+01  8.1991573E+02
 2.7439586E+01  2.8901005E+01  2.9544644E+01  2.9660574E+01  2.9664665E+01  2.9666625E+01  2.9662316E+01  2.9544644E+01  2.8901005E+01  2.7439586E+01  9.0134768E+02
 3.0370011E+01  3.1821252E+01  3.2461745E+01  3.2577083E+01  3.2581247E+01  3.2583281E+01  3.2578936E+01  3.2461745E+01  3.1821252E+01  3.0370011E+01  9.8794466E+02
 3.3509925E+01  3.4950987E+01  3.5588519E+01  3.5703006E+01  3.5707206E+01  3.5709351E+01  3.5704933E+01  3.5588519E+01  3.4950987E+01  3.3509925E+01  1.0798195E+03
 3.6867838E+01  3.8298907E+01  3.8933478E+01  3.9047300E+01  3.9051536E+01  3.9053866E+01  3.9049412E+01  3.8933478E+01  3.8298907E+01  3.6867838E+01  1.1770815E+03
 4.0452821E+01  4.1874081E+01  4.2505691E+01  4.2618847E+01  4.2623120E+01  4.2625375E+01  4.2620849E+01  4.2505691E+01  4.1874081E+01  4.0452821E+01  1.2798305E+03
 4.4273754E+01  4.5685022E+01  4.6313671E+01  4.6426236E+01  4.6430580E+01  4.6432910E+01  4.6428348E+01  4.6313671E+01  4.5685022E+01  4.4273754E+01  1.3881573E+03
 4.8339153E+01  4.9740797E+01  5.0366485E+01  5.0478384E+01  5.0482765E+01  5.0485205E+01  5.0480570E+01  5.0366485E+01  4.9740797E+01  4.8339153E+01  1.5021431E+03
 0.0000000E+00  0.0000000E+00  7.2661246E-01  8.6224551E-01  8.6514615E-01  8.6549522E-01  8.6256097E-01  7.2661246E-01  0.0000000E+00  0.0000000E+00  6.4406747E-02
 0.0000000E+00  0.0000000E+00  7.2779010E-01  8.6339739E-01  8.6629980E-01  8.6664887E-01  8.6371285E-01  7.2779010E-01  0.0000000E+00  0.0000000E+00  1.0676963E-01
 0.0000000E+00  6.3778375E-02  7.8731589E-01  9.2184341E-01  9.2480552E-01  9.2519749E-01  9.2219734E-01  7.8731589E-01  6.3778375E-02  0.0000000E+00  2.0312275E+00
 0.0000000E+00  1.5097400E-01  8.7005752E-01  1.0035604E+00  1.0065804E+00  1.0070149E+00  1.0039533E+00  8.7005752E-01  1.5097400E-01  0.0000000E+00  4.6330210E+00
 0.0000000E+00  2.6387997E-01  9.7868673E-01  1.1112011E+00  1.1142769E+00  1.1147555E+00  1.1116333E+00  9.7868673E-01  2.6387997E-01  0.0000000E+00  8.0333484E+00
 0.0000000E+00  4.0490422E-01  1.1155836E+00  1.2471474E+00  1.2502776E+00  1.2507992E+00  1.2476182E+00  1.1155836E+00  4.0490422E-01  0.0000000E+00  1.2340272E+01
 0.0000000E+00  5.7656046E-01  1.2832549E+00  1.4138980E+00  1.4170817E+00  1.4176484E+00  1.4144095E+00  1.2832549E+00  5.7656046E-01  0.0000000E+00  1.7662851E+01
 0.0000000E+00  7.8148876E-01  1.4843248E+00  1.6140730E+00  1.6173084E+00  1.6179216E+00  1.6146260E+00  1.4843248E+00  7.8148876E-01  0.0000000E+00  2.4110940E+01
 0.0000000E+00  1.0224512E+00  1.7215374E+00  1.8504191E+00  1.8537058E+00  1.8543651E+00  1.8510142E+00  1.7215374E+00  1.0224512E+00  0.0000000E+00  3.1794932E+01
 0.0000000E+00  1.3023343E+00  1.9977723E+00  2.1258096E+00  2.1291463E+00  2.1298535E+00  2.1264474E+00  1.9977723E+00  1.3023343E+00  0.0000000E+00  4.0825854E+01
 0.0000000E+00  1.6241511E+00  2.3160471E+00  2.4432509E+00  2.4466340E+00  2.4473836E+00  2.4439253E+00  2.3160471E+00  1.6241511E+00  0.0000000E+00  5.1315142E+01
 4.1086923E-01  2.0220618E+00  2.7102261E+00  2.8365896E+00  2.8400258E+00  2.8408341E+00  2.8373183E+00  2.7102261E+00  2.0220618E+00  4.1086923E-01  6.3584439E+01
 8.7798902E-01  2.4764854E+00  3.1610037E+00  3.2865043E+00  3.2899936E+00  3.2908606E+00  3.2872874E+00  3.1610037E+00  2.4764854E+00  8.7798902E-01  7.7750153E+01
 1.4062259E+00  2.9922475E+00  3.6731945E+00  3.7978684E+00  3.8014063E+00  3.8023230E+00  3.7986922E+00  3.6731945E+00  2.9922475E+00  1.4062259E+00  9.3965987E+01
 2.0006610E+00  3.5744633E+00  4.2518616E+00  4.3757178E+00  4.3793088E+00  4.3802842E+00  4.3765959E+00  4.2518616E+00  3.5744633E+00  2.0006610E+00  1.1238677E+02
 2.6665791E+00  4.2283541E+00  4.9022941E+00  5.0253236E+00  5.0289633E+00  5.0300109E+00  5.0262651E+00  4.9022941E+00  4.2283541E+00  2.6665791E+00  1.3316825E+02
 3.4095270E+00  4.9594579E+00  5.6299621E+00  5.7521966E+00  5.7558893E+00  5.7569821E+00  5.7531833E+00  5.6299621E+00  4.9594579E+00  3.4095270E+00  1.5646682E+02
 4.2351577E+00  5.7734705E+00  6.4405617E+00  6.5620281E+00  6.5657651E+00  6.5669301E+00  6.5630782E+00  6.4405617E+00  5.7734705E+00  4.2351577E+00  1.8243824E+02
 5.1494386E+00  6.6762689E+00  7.3400374E+00  7.4606997E+00  7.4644853E+00  7.4657226E+00  7.4618132E+00  7.3400374E+00  6.6762689E+00  5.1494386E+00  2.1123756E+02
 6.1584273E+00  7.6739786E+00  8.3344470E+00  8.4543369E+00  8.4581755E+00  8.4594806E+00  8.4555181E+00  8.3344470E+00  7.6739786E+00  6.1584273E+00  2.4301938E+02
 7.2684754E+00  8.7728832E+00  9.4300742E+00  9.5492186E+00  9.5531015E+00  9.5544697E+00  9.5504497E+00  9.4300742E+00  8.7728832E+00  7.2684754E+00  2.7793470E+02
 8.4860473E+00  9.9794474E+00  1.0633429E+01  1.0751814E+01  1.0755746E+01  1.0757195E+01  1.0753122E+01  1.0633429E+01  9.9794474E+00  8.4860473E+00  3.1613201E+02
 9.8177886E+00  1.1300339E+01  1.1951111E+01  1.2068760E+01  1.2072740E+01  1.2074262E+01  1.2070131E+01  1.1951111E+01  1.1300339E+01  9.8177886E+00  3.5776051E+02
 1.1270503E+01  1.2742339E+01  1.3389946E+01  1.3506850E+01  1.3510874E+01  1.3512468E+01  1.3508285E+01  1.3389946E+01  1.2742339E+01  1.1270503E+01  4.0296259E+02
 1.2851151E+01  1.4312387E+01  1.4956852E+01  1.5073042E+01  1.5077115E+01  1.5078782E+01  1.5074541E+01  1.4956852E+01  1.4312387E+01  1.2851151E+01  4.5187839E+02
 1.4566810E+01  1.6017557E+01  1.6658949E+01  1.6774402E+01  1.6778524E+01  1.6780271E+01  1.6775977E+01  1.6658949E+01  1.6017557E+01  1.4566810E+01  5.0464128E+02
 1.6424665E+01  1.7865083E+01  1.8503378E+01  1.8618131E+01  1.8622297E+01  1.8624117E+01  1.8619770E+01  1.8503378E+01  1.7865083E+01  1.6424665E+01  5.6138234E+02
 1.8432064E+01  1.9862243E+01  2.0497464E+01  2.0611503E+01  2.0615718E+01  2.0617642E+01  2.0613241E+01  2.0497464E+01  1.9862243E+01  1.8432064E+01  6.2222364E+02
 2.0596353E+01  2.2016405E+01  2.2648507E+01  2.2761887E+01  2.2766132E+01  2.2768164E+01  2.2763697E+01  2.2648507E+01  2.2016405E+01  2.0596353E+01  6.8728724E+02
 2.2924945E+01  2.4334939E+01  2.4964215E+01  2.5076782E+01  2.5081071E+01  2.5083329E+01  2.5078818E+01  2.4964215E+01  2.4334939E+01  2.2924945E+01  7.5668163E+02
 2.5425548E+01  2.6825596E+01  2.7451708E+01  2.7563688E+01  2.7568021E+01  2.7570279E+01  2.7565724E+01  2.7451708E+01  2.6825596E+01  2.5425548E+01  8.3051305E+02
 2.8105395E+01  2.9495724E+01  3.0118897E+01  3.0230155E+01  3.0234577E+01  3.0236835E+01  3.0232191E+01  3.0118897E+01  2.9495724E+01  2.8105395E+01  9.0888095E+02
 3.0972172E+01  3.2352781E+01  3.2973016E+01  3.3083595E+01  3.3088018E+01  3.3090411E+01  3.3085723E+01  3.2973016E+01  3.2352781E+01  3.0972172E+01  9.9187349E+02
 3.4033337E+01  3.5404227E+01  3.6021749E+01  3.6131515E+01  3.6135982E+01  3.6138601E+01  3.6133869E+01  3.6021749E+01  3.5404227E+01  3.4033337E+01  1.0795743E+03
 3.7296575E+01  3.8657746E+01  3.9272330E+01  3.9381508E+01  3.9386019E+01  3.9388638E+01  3.9383862E+01  3.9272330E+01  3.8657746E+01  3.7296575E+01  1.1720580E+03
 4.0769120E+01  4.2120798E+01  4.2732443E+01  4.2841034E+01  4.2845590E+01  4.2848208E+01  4.2843388E+01  4.2732443E+01  4.2120798E+01  4.0769120E+01  1.2693900E+03
 4.4458205E+01  4.5800615E+01  4.6409322E+01  4.6517326E+01  4.6521925E+01  4.6524679E+01  4.6519771E+01  4.6409322E+01  4.5800615E+01  4.4458205E+01  1.3716247E+03
 0.0000000E+00  0.0000000E+00  7.0765437E-01  8.3900328E-01  8.4211239E-01  8.4251558E-01  8.3936759E-01  7.0765437E-01  0.0000000E+00  0.0000000E+00  7.0629607E-02
 0.0000000E+00  0.0000000E+00  7.0881389E-01  8.4013301E-01  8.4324374E-01  8.4364969E-01  8.4050007E-01  7.0881389E-01  0.0000000E+00  0.0000000E+00  1.1217975E-01
 0.0000000E+00  6.2395059E-02  7.6704129E-01  8.9729655E-01  9.0046994E-01  9.0092387E-01  8.9770674E-01  7.6704129E-01  6.2395059E-02  0.0000000E+00  1.9938612E+00
 0.0000000E+00  1.4720260E-01  8.4748737E-01  9.7672844E-01  9.7996178E-01  9.8046370E-01  9.7718174E-01  8.4748737E-01  1.4720260E-01  0.0000000E+00  4.5250125E+00
 0.0000000E+00  2.5651722E-01  9.5260921E-01  1.0808769E+00  1.0841686E+00  1.0847185E+00  1.0813734E+00  9.5260921E-01  2.5651722E-01  0.0000000E+00  7.8181141E+00
 0.0000000E+00  3.9252904E-01  1.0845823E+00  1.2119076E+00  1.2152565E+00  1.2158572E+00  1.2124499E+00  1.0845823E+00  3.9252904E-01  0.0000000E+00  1.1972079E+01
 0.0000000E+00  5.5753474E-01  1.2456815E+00  1.3720958E+00  1.3754998E+00  1.3761529E+00  1.3726851E+00  1.2456815E+00  5.5753474E-01  0.0000000E+00  1.7086129E+01
 0.0000000E+00  7.5392487E-01  1.4382894E+00  1.5638219E+00  1.5672805E+00  1.5679843E+00  1.5644571E+00  1.4382894E+00  7.5392487E-01  0.0000000E+00  2.3259736E+01
 0.0000000E+00  9.8420622E-01  1.6648961E+00  1.7895712E+00  1.7930828E+00  1.7938417E+00  1.7902562E+00  1.6648961E+00  9.8420622E-01  0.0000000E+00  3.0592368E+01
 0.0000000E+00  1.2509905E+00  1.9281080E+00  2.0519482E+00  2.0555116E+00  2.0563229E+00  2.0526801E+00  1.9281080E+00  1.2509905E+00  0.0000000E+00  3.9183609E+01
 0.0000000E+00  1.5569997E+00  2.2306331E+00  2.3536595E+00  2.3572742E+00  2.3581418E+00  2.3544429E+00  2.2306331E+00  1.5569997E+00  0.0000000E+00  4.9132596E+01
 3.8996705E-01  1.9344688E+00  2.6044635E+00  2.7266379E+00  2.7303056E+00  2.7312360E+00  2.7274771E+00  2.6044635E+00  1.9344688E+00  3.8996705E-01  6.0733351E+01
 8.3227829E-01  2.3645305E+00  3.0309389E+00  3.1522775E+00  3.1559991E+00  3.1569975E+00  3.1531840E+00  3.0309389E+00  2.3645305E+00  8.3227829E-01  7.4089128E+01
 1.3313234E+00  2.8515441E+00  3.5144602E+00  3.6349711E+00  3.6387468E+00  3.6398058E+00  3.6359275E+00  3.5144602E+00  2.8515441E+00  1.3313234E+00  8.9335480E+01
 1.8916630E+00  3.4001091E+00  4.0595466E+00  4.1792464E+00  4.1830707E+00  4.1841903E+00  4.1802526E+00  4.0595466E+00  3.4001091E+00  1.8916630E+00  1.0660879E+02
 2.5180486E+00  4.0148774E+00  4.6709192E+00  4.7898189E+00  4.7936972E+00  4.7948885E+00  4.7908914E+00  4.6709192E+00  4.0148774E+00  2.5180486E+00  1.2604572E+02
 3.2153860E+00  4.7008183E+00  5.3534919E+00  5.4716082E+00  5.4755351E+00  5.4767981E+00  5.4727470E+00  5.3534919E+00  4.7008183E+00  3.2153860E+00  1.4778236E+02
 3.9888157E+00  5.4630117E+00  6.1123448E+00  6.2296886E+00  6.2336695E+00  6.2350043E+00  6.2308937E+00  6.1123448E+00  5.4630117E+00  3.9888157E+00  1.7195401E+02
 4.8435225E+00  6.3066754E+00  6.9527232E+00  7.0693111E+00  7.0733406E+00  7.0747471E+00  7.0705825E+00  6.9527232E+00  6.3066754E+00  4.8435225E+00  1.9869400E+02
 5.7849727E+00  7.2372205E+00  7.8800382E+00  7.9958702E+00  7.9999483E+00  8.0014320E+00  7.9972026E+00  7.8800382E+00  7.2372205E+00  5.7849727E+00  2.2813430E+02
 6.8187430E+00  8.2602238E+00  8.8998390E+00  9.0149151E+00  9.0190419E+00  9.0206083E+00  9.0163303E+00  8.8998390E+00  8.2602238E+00  6.8187430E+00  2.6040494E+02
 7.9504930E+00  9.3813725E+00  1.0017841E+01  1.0132161E+01  1.0136336E+01  1.0137991E+01  1.0133653E+01  1.0017841E+01  9.3813725E+00  7.9504930E+00  2.9563153E+02
 9.1861033E+00  1.0606519E+01  1.1239840E+01  1.1353432E+01  1.1357656E+01  1.1359382E+01  1.1354991E+01  1.1239840E+01  1.0606519E+01  9.1861033E+00  3.3393998E+02
 1.0531509E+01  1.1941600E+01  1.2571829E+01  1.2684692E+01  1.2688965E+01  1.2690768E+01  1.2686312E+01  1.2571829E+01  1.1941600E+01  1.0531509E+01  3.7544815E+02
 1.1992812E+01  1.3392689E+01  1.4019825E+01  1.4131977E+01  1.4136293E+01  1.4138195E+01  1.4133691E+01  1.4019825E+01  1.3392689E+01  1.1992812E+01  4.2027202E+02
 1.3576142E+01  1.4965941E+01  1.5590013E+01  1.5701464E+01  1.5705829E+01  1.5707819E+01  1.5703255E+01  1.5590013E+01  1.4965941E+01  1.3576142E+01  4.6852475E+02
 1.5287792E+01  1.6667597E+01  1.7288659E+01  1.7399382E+01  1.7403795E+01  1.7405886E+01  1.7401267E+01  1.7288659E+01  1.6667597E+01  1.5287792E+01  5.2030852E+02
 1.7134029E+01  1.8503950E+01  1.9122032E+01  1.9232054E+01  1.9236515E+01  1.9238694E+01  1.9234016E+01  1.9122032E+01  1.8503950E+01  1.7134029E+01  5.7572545E+02
 1.9121259E+01  2.0481407E+01  2.1096507E+01  2.1205845E+01  2.1210350E+01  2.1212616E+01  2.1207885E+01  2.1096507E+01  2.0481407E+01  1.9121259E+01  6.3487219E+02
 2.1255831E+01  2.2606317E+01  2.3218462E+01  2.3327099E+01  2.3331653E+01  2.3334036E+01  2.3329244E+01  2.3218462E+01  2.2606317E+01  2.1255831E+01  6.9783431E+02
 2.3544206E+01  2.4885111E+01  2.5494331E+01  2.5602295E+01  2.5606897E+01  2.5609379E+01  2.5604534E+01  2.5494331E+01  2.4885111E+01  2.3544206E+01  7.6469740E+02
 2.5992760E+01  2.7324196E+01  2.7930434E+01  2.8037714E+01  2.8042359E+01  2.8045117E+01  2.8040202E+01  2.7930434E+01  2.7324196E+01  2.5992760E+01  8.3553324E+02
 2.8607927E+01  2.9930060E+01  3.0533288E+01  3.0640016E+01  3.0644661E+01  3.0647308E+01  3.0642338E+01  3.0533288E+01  2.9930060E+01  2.8607927E+01  9.1041084E+02
 3.1396029E+01  3.2708775E+01  3.3309242E+01  3.3415253E+01  3.3419952E+01  3.3422875E+01  3.3417851E+01  3.3309242E+01  3.2708775E+01  3.1396029E+01  9.8939095E+02
 3.4363304E+01  3.5666940E+01  3.6264646E+01  3.6369940E+01  3.6374693E+01  3.6377616E+01  3.6372539E+01  3.6264646E+01  3.5666940E+01  3.4363304E+01  1.0725288E+03
 3.7516380E+01  3.8810629E+01  3.9405575E+01  3.9510151E+01  3.9514958E+01  3.9517881E+01  3.9512749E+01  3.9405575E+01  3.8810629E+01  3.7516380E+01  1.1598657E+03
 4.0860776E+01  4.2145915E+01  4.2738100E+01  4.2841959E+01  4.2846820E+01  4.2850019E+01  4.2844834E+01  4.2738100E+01  4.2145915E+01  4.0860776E+01  1.2514405E+03
 0.0000000E+00  0.0000000E+00  6.8910601E-01  8.1621489E-01  8.1954527E-01  8.2001281E-01  8.1663756E-01  6.8910601E-01  0.0000000E+00  0.0000000E+00  7.7448555E-02
 0.0000000E+00  0.0000000E+00  6.9024575E-01  8.1732699E-01  8.2065870E-01  8.2112825E-01  8.1775103E-01  6.9024575E-01  0.0000000E+00  0.0000000E+00  1.1820684E-01
 0.0000000E+00  6.1039969E-02  7.4720254E-01  8.7323245E-01  8.7663012E-01  8.7715290E-01  8.7370442E-01  7.4720254E-01  6.1039969E-02  0.0000000E+00  1.9581421E+00
 0.0000000E+00  1.4351452E-01  8.2540306E-01  9.5043081E-01  9.5389051E-01  9.5446851E-01  9.5095208E-01  8.2540306E-01  1.4351452E-01  0.0000000E+00  4.4203810E+00
 0.0000000E+00  2.4932952E-01  9.2710992E-01  1.0511733E+00  1.0546937E+00  1.0553283E+00  1.0517459E+00  9.2710992E-01  2.4932952E-01  0.0000000E+00  7.6090306E+00
 0.0000000E+00  3.8047851E-01  1.0542992E+00  1.1774305E+00  1.1810109E+00  1.1817021E+00  1.1780544E+00  1.0542992E+00  3.8047851E-01  0.0000000E+00  1.1614383E+01
 0.0000000E+00  5.3903763E-01  1.2090310E+00  1.3312620E+00  1.3348998E+00  1.3356510E+00  1.3319406E+00  1.2090310E+00  5.3903763E-01  0.0000000E+00  1.6526472E+01
 0.0000000E+00  7.2717948E-01  1.3934637E+00  1.5148239E+00  1.5185171E+00  1.5193276E+00  1.5155545E+00  1.3934637E+00  7.2717948E-01  0.0000000E+00  2.2434993E+01
 0.0000000E+00  9.4716670E-01  1.6098496E+00  1.7303647E+00  1.7341127E+00  1.7349831E+00  1.7311500E+00  1.6098496E+00  9.4716670E-01  0.0000000E+00  2.9429203E+01
 0.0000000E+00  1.2013597E+00  1.8605390E+00  1.9802279E+00  1.9840300E+00  1.9849624E+00  1.9810693E+00  1.8605390E+00  1.2013597E+00  0.0000000E+00  3.7598023E+01
 0.0000000E+00  1.4922099E+00  2.1479700E+00  2.2668570E+00  2.2707119E+00  2.2717082E+00  2.2677557E+00  2.1479700E+00  1.4922099E+00  0.0000000E+00  4.7029563E+01
 3.6996117E-01  1.8501127E+00  2.5023086E+00  2.6203518E+00  2.6242621E+00  2.6253292E+00  2.6213147E+00  2.5023086E+00  1.8501127E+00  3.6996117E-01  5.7991663E+01
 7.8857723E-01  2.2569200E+00  2.9056056E+00  3.0228260E+00  3.0267904E+00  3.0279255E+00  3.0238489E+00  2.9056056E+00  2.2569200E+00  7.8857723E-01  7.0575704E+01
 1.2598002E+00  2.7165499E+00  3.3617893E+00  3.4782023E+00  3.4822202E+00  3.4834260E+00  3.4792895E+00  3.3617893E+00  2.7165499E+00  1.2598002E+00  8.4901057E+01
 1.7877202E+00  3.2330894E+00  3.8749231E+00  3.9905342E+00  3.9946114E+00  3.9958847E+00  3.9916888E+00  3.8749231E+00  3.2330894E+00  1.7877202E+00  1.0108709E+02
 2.3765795E+00  3.8107535E+00  4.4492455E+00  4.5640749E+00  4.5681983E+00  4.5695658E+00  4.5653038E+00  4.4492455E+00  3.8107535E+00  2.3765795E+00  1.1925284E+02
 3.0307615E+00  4.4539326E+00  5.0891537E+00  5.2031812E+00  5.2073573E+00  5.2088124E+00  5.2044911E+00  5.0891537E+00  4.4539326E+00  3.0307615E+00  1.3951665E+02
 3.7548117E+00  5.1671486E+00  5.7990988E+00  5.9123580E+00  5.9165870E+00  5.9181297E+00  5.9137490E+00  5.7990988E+00  5.1671486E+00  3.7548117E+00  1.6199420E+02
 4.5533398E+00  5.9550548E+00  6.5837679E+00  6.6962790E+00  6.7005541E+00  6.7021709E+00  6.6977308E+00  6.5837679E+00  5.9550548E+00  4.5533398E+00  1.8680114E+02
 5.4311777E+00  6.8223720E+00  7.4479154E+00  7.5596921E+00  7.5640200E+00  7.5657243E+00  7.5612249E+00  7.4479154E+00  6.8223720E+00  5.4311777E+00  2.1404942E+02
 6.3932488E+00  7.7740572E+00  8.3964647E+00  8.5074932E+00  8.5118673E+00  8.5136457E+00  8.5090868E+00  8.3964647E+00  7.7740572E+00  6.3932488E+00  2.4384864E+02
 7.4445097E+00  8.8151010E+00  9.4343724E+00  9.5446800E+00  9.5491135E+00  9.5509930E+00  9.5463748E+00  9.4343724E+00  8.8151010E+00  7.4445097E+00  2.7630568E+02
 8.5900861E+00  9.9505950E+00  1.0566798E+01  1.0676391E+01  1.0680871E+01  1.0682824E+01  1.0678147E+01  1.0566798E+01  9.9505950E+00  8.5900861E+00  3.1152339E+02
 9.8352045E+00  1.1185732E+01  1.1798900E+01  1.1907779E+01  1.1912305E+01  1.1914366E+01  1.1909629E+01  1.1798900E+01  1.1185732E+01  9.8352045E+00  3.4960092E+02
 1.1185125E+01  1.2525807E+01  1.3135974E+01  1.3244118E+01  1.3248697E+01  1.3250859E+01  1.3246069E+01  1.3135974E+01  1.2525807E+01  1.1185125E+01  3.9063503E+02
 1.2645210E+01  1.3976146E+01  1.4583312E+01  1.4690776E+01  1.4695401E+01  1.4697671E+01  1.4692822E+01  1.4583312E+01  1.3976146E+01  1.2645210E+01  4.3471407E+02
 1.4220854E+01  1.5542180E+01  1.6146378E+01  1.6253128E+01  1.6257799E+01  1.6260177E+01  1.6255268E+01  1.6146378E+01  1.5542180E+01  1.4220854E+01  4.8192235E+02
 1.5917485E+01  1.7229269E+01  1.7830534E+01  1.7936602E+01  1.7941320E+01  1.7943805E+01  1.7938837E+01  1.7830534E+01  1.7229269E+01  1.5917485E+01  5.3234080E+02
 1.7740534E+01  1.9042943E+01  1.9641275E+01  1.9746663E+01  1.9751426E+01  1.9754020E+01  1.9748992E+01  1.9641275E+01  1.9042943E+01  1.7740534E+01  5.8604696E+02
 1.9695530E+01  2.0988599E+01  2.1584030E+01  2.1688751E+01  2.1693567E+01  2.1696262E+01  2.1691182E+01  2.1584030E+01  2.0988599E+01  1.9695530E+01  6.4310828E+02
 2.1787903E+01  2.3071732E+01  2.3664297E+01  2.3768337E+01  2.3773200E+01  2.3776002E+01  2.3770863E+01  2.3664297E+01  2.3071732E+01  2.1787903E+01  7.0358209E+02
 2.4023080E+01  2.5297771E+01  2.5887470E+01  2.5990850E+01  2.5995751E+01  2.5998695E+01  2.5993503E+01  2.5887470E+01  2.5297771E+01  2.4023080E+01  7.6753245E+02
 2.6406491E+01  2.7672111E+01  2.8258978E+01  2.8361711E+01  2.8366659E+01  2.8369710E+01  2.8364459E+01  2.8258978E+01  2.7672111E+01  2.6406491E+01  8.3500320E+02
 2.8943430E+01  3.0200081E+01  3.0784115E+01  3.0886201E+01  3.0891195E+01  3.0894388E+01  3.0889077E+01  3.0784115E+01  3.0200081E+01  2.8943430E+01  9.0603817E+02
 3.1639225E+01  3.2886974E+01  3.3468209E+01  3.3569635E+01  3.3574668E+01  3.3577989E+01  3.3572619E+01  3.3468209E+01  3.2886974E+01  3.1639225E+01  9.8067446E+02
 3.4499137E+01  3.5738017E+01  3.6316318E+01  3.6417131E+01  3.6422211E+01  3.6425579E+01  3.6420169E+01  3.6316318E+01  3.5738017E+01  3.4499137E+01  1.0589357E+03
 3.7527885E+01  3.8757998E+01  3.9333602E+01  3.9433875E+01  3.9439021E+01  3.9442727E+01  3.9437251E+01  3.9333602E+01  3.8757998E+01  3.7527885E+01  1.1408488E+03
 0.0000000E+00  0.0000000E+00  6.7094714E-01  7.9386077E-01  7.9742649E-01  7.9796710E-01  7.9434981E-01  6.7094714E-01  0.0000000E+00  0.0000000E+00  8.4919560E-02
 0.0000000E+00  0.0000000E+00  6.7206740E-01  7.9495140E-01  7.9851872E-01  7.9906179E-01  7.9544209E-01  6.7206740E-01  0.0000000E+00  0.0000000E+00  1.2490572E-01
 0.0000000E+00  5.9711730E-02  7.2777956E-01  8.4962478E-01  8.5325980E-01  8.5386375E-01  8.5016991E-01  7.2777956E-01  5.9711730E-02  0.0000000E+00  1.9240776E+00
 0.0000000E+00  1.3990562E-01  8.0378402E-01  9.2463492E-01  9.2833520E-01  9.2900416E-01  9.2523860E-01  8.0378402E-01  1.3990562E-01  0.0000000E+00  4.3190006E+00
 0.0000000E+00  2.4231065E-01  9.0216067E-01  1.0220617E+00  1.0258248E+00  1.0265563E+00  1.0227223E+00  9.0216067E-01  2.4231065E-01  0.0000000E+00  7.4059250E+00
 0.0000000E+00  3.6873160E-01  1.0246970E+00  1.1436777E+00  1.1475021E+00  1.1482986E+00  1.1443969E+00  1.0246970E+00  3.6873160E-01  0.0000000E+00  1.1266938E+01
 0.0000000E+00  5.2105106E-01  1.1732627E+00  1.2913529E+00  1.2952369E+00  1.2961025E+00  1.2921347E+00  1.1732627E+00  5.2105106E-01  0.0000000E+00  1.5983383E+01
 0.0000000E+00  7.0122290E-01  1.3497979E+00  1.4670295E+00  1.4709708E+00  1.4719022E+00  1.4678691E+00  1.3497979E+00  7.0122290E-01  0.0000000E+00  2.1635859E+01
 0.0000000E+00  9.1129570E-01  1.5563369E+00  1.6727307E+00  1.6767291E+00  1.6777272E+00  1.6736313E+00  1.5563369E+00  9.1129570E-01  0.0000000E+00  2.8304145E+01
 0.0000000E+00  1.1533823E+00  1.7949886E+00  1.9105683E+00  1.9146216E+00  1.9156912E+00  1.9115332E+00  1.7949886E+00  1.1533823E+00  0.0000000E+00  3.6067234E+01
 0.0000000E+00  1.4296903E+00  2.0679440E+00  2.1827328E+00  2.1868400E+00  2.1879812E+00  2.1837620E+00  2.0679440E+00  1.4296903E+00  0.0000000E+00  4.5003009E+01
 3.5081079E-01  1.7688767E+00  2.4036297E+00  2.5175888E+00  2.5217532E+00  2.5229726E+00  2.5186881E+00  2.4036297E+00  1.7688767E+00  3.5081079E-01  5.5355497E+01
 7.4680333E-01  2.1534789E+00  2.7847929E+00  2.8979354E+00  2.9021554E+00  2.9034571E+00  2.8991090E+00  2.7847929E+00  2.1534789E+00  7.4680333E-01  6.7204680E+01
 1.1915204E+00  2.5870182E+00  3.2149466E+00  3.3272850E+00  3.3315607E+00  3.3329463E+00  3.3285353E+00  3.2149466E+00  2.5870182E+00  1.1915204E+00  8.0655172E+01
 1.6886137E+00  3.0731353E+00  3.6977319E+00  3.8092851E+00  3.8136155E+00  3.8150859E+00  3.8106112E+00  3.6977319E+00  3.0731353E+00  1.6886137E+00  9.5810759E+01
 2.2418680E+00  3.6156072E+00  4.2369171E+00  4.3476982E+00  4.3520818E+00  4.3536205E+00  4.3490838E+00  4.2369171E+00  3.6156072E+00  2.2418680E+00  1.1277523E+02
 2.8551878E+00  4.2183011E+00  4.8363779E+00  4.9464100E+00  4.9508500E+00  4.9524957E+00  4.9478945E+00  4.8363779E+00  4.2183011E+00  2.8551878E+00  1.3165032E+02
 3.5325723E+00  4.8852655E+00  5.5001298E+00  5.6093965E+00  5.6138848E+00  5.6156209E+00  5.6109553E+00  5.5001298E+00  4.8852655E+00  3.5325723E+00  1.5253528E+02
 4.2781442E+00  5.6205574E+00  6.2322916E+00  6.3407927E+00  6.3453294E+00  6.3471725E+00  6.3424504E+00  6.2322916E+00  5.6205574E+00  4.2781442E+00  1.7552854E+02
 5.0961373E+00  6.4283776E+00  7.0369817E+00  7.1447750E+00  7.1493682E+00  7.1512936E+00  7.1465151E+00  7.0369817E+00  6.4283776E+00  5.0961373E+00  2.0072401E+02
 5.9908186E+00  7.3130920E+00  7.9186071E+00  8.0256515E+00  8.0303010E+00  8.0323334E+00  8.0274905E+00  7.9186071E+00  7.3130920E+00  5.9908186E+00  2.2821519E+02
 6.9665950E+00  8.2789837E+00  8.8814510E+00  8.9877957E+00  8.9924855E+00  8.9946330E+00  8.9897256E+00  8.8814510E+00  8.2789837E+00  6.9665950E+00  2.5808979E+02
 8.0279144E+00  9.3305833E+00  9.9300440E+00  1.0035664E+01  1.0040403E+01  1.0042640E+01  1.0037669E+01  9.9300440E+00  9.3305833E+00  8.0279144E+00  2.9043349E+02
 9.1793075E+00  1.0472380E+01  1.1068834E+01  1.1173747E+01  1.1178541E+01  1.1180903E+01  1.1175875E+01  1.1068834E+01  1.0472380E+01  9.1793075E+00  3.2532742E+02
 1.0425346E+01  1.1708945E+01  1.2302434E+01  1.2406664E+01  1.2411507E+01  1.2413959E+01  1.2408866E+01  1.2302434E+01  1.1708945E+01  1.0425346E+01  3.6284902E+02
 1.1770683E+01  1.3044893E+01  1.3635416E+01  1.3738962E+01  1.3743853E+01  1.3746429E+01  1.3741288E+01  1.3635416E+01  1.3044893E+01  1.1770683E+01  4.0307075E+02
 1.3219891E+01  1.4484834E+01  1.5072474E+01  1.5175321E+01  1.5180252E+01  1.5182943E+01  1.5177737E+01  1.5072474E+01  1.4484834E+01  1.3219891E+01  4.4605977E+02
 1.4777707E+01  1.6033424E+01  1.6618181E+01  1.6720361E+01  1.6725349E+01  1.6728163E+01  1.6722901E+01  1.6618181E+01  1.6033424E+01  1.4777707E+01  4.9187909E+02
 1.6448701E+01  1.7695357E+01  1.8277232E+01  1.8378753E+01  1.8383781E+01  1.8386710E+01  1.8381384E+01  1.8277232E+01  1.7695357E+01  1.6448701E+01  5.4058553E+02
 1.8237611E+01  1.9475288E+01  2.0054280E+01  2.0155159E+01  2.0160236E+01  2.0163272E+01  2.0157889E+01  2.0054280E+01  1.9475288E+01  1.8237611E+01  5.9223265E+02
 2.0148966E+01  2.1377747E+01  2.1953938E+01  2.2054134E+01  2.2059259E+01  2.2062468E+01  2.2057021E+01  2.1953938E+01  2.1377747E+01  2.0148966E+01  6.4686574E+02
 2.2187421E+01  2.3407388E+01  2.3980779E+01  2.4080333E+01  2.4085506E+01  2.4088822E+01  2.4083318E+01  2.3980779E+01  2.3407388E+01  2.2187421E+01  7.0452189E+02
 2.4357506E+01  2.5568742E+01  2.6139332E+01  2.6238227E+01  2.6243441E+01  2.6246889E+01  2.6241328E+01  2.6139332E+01  2.5568742E+01  2.4357506E+01  7.6523814E+02
 2.6663628E+01  2.7866215E+01  2.8434045E+01  2.8532299E+01  2.8537561E+01  2.8541157E+01  2.8535540E+01  2.8434045E+01  2.7866215E+01  2.6663628E+01  8.2903922E+02
 2.9110235E+01  3.0304215E+01  3.0869285E+01  3.0966922E+01  3.0972224E+01  3.0975951E+01  3.0970278E+01  3.0869285E+01  3.0304215E+01  2.9110235E+01  8.9594983E+02
 3.1701529E+01  3.2887023E+01  3.3449335E+01  3.3546354E+01  3.3551696E+01  3.3555580E+01  3.3549843E+01  3.3449335E+01  3.2887023E+01  3.1701529E+01  9.6598234E+02
 3.4441709E+01  3.5618761E+01  3.6178395E+01  3.6274755E+01  3.6280138E+01  3.6284195E+01  3.6278401E+01  3.6178395E+01  3.5618761E+01  3.4441709E+01  1.0391450E+03
 0.0000000E+00  0.0000000E+00  6.5317002E-01  7.7192321E-01  7.7573805E-01  7.7636418E-01  7.7248930E-01  6.5317002E-01  0.0000000E+00  0.0000000E+00  9.3103754E-02
 0.0000000E+00  0.0000000E+00  6.5426666E-01  7.7299672E-01  7.7681255E-01  7.7744168E-01  7.7356484E-01  6.5426666E-01  0.0000000E+00  0.0000000E+00  1.3233681E-01
 0.0000000E+00  5.8409174E-02  7.0875660E-01  8.2645520E-01  8.3034189E-01  8.3103937E-01  8.2708576E-01  7.0875660E-01  5.8409174E-02  0.0000000E+00  1.8917095E+00
 0.0000000E+00  1.3637376E-01  7.8260878E-01  8.9933022E-01  9.0328482E-01  9.0405366E-01  9.0002524E-01  7.8260878E-01  1.3637376E-01  0.0000000E+00  4.2209684E+00
 0.0000000E+00  2.3545772E-01  8.7774484E-01  9.9352126E-01  9.9753983E-01  9.9838304E-01  9.9428278E-01  8.7774484E-01  2.3545772E-01  0.0000000E+00  7.2088001E+00
 0.0000000E+00  3.5728792E-01  9.9576447E-01  1.1106341E+00  1.1147157E+00  1.1156332E+00  1.1114621E+00  9.9576447E-01  3.5728792E-01  0.0000000E+00  1.0929529E+01
 0.0000000E+00  5.0355911E-01  1.1383528E+00  1.2523469E+00  1.2564894E+00  1.2574814E+00  1.2532413E+00  1.1383528E+00  5.0355911E-01  0.0000000E+00  1.5456491E+01
 0.0000000E+00  6.7603849E-01  1.3072656E+00  1.4204071E+00  1.4246098E+00  1.4256781E+00  1.4213711E+00  1.3072656E+00  6.7603849E-01  0.0000000E+00  2.0861770E+01
 0.0000000E+00  8.7655263E-01  1.5043138E+00  1.6166289E+00  1.6208896E+00  1.6220373E+00  1.6176644E+00  1.5043138E+00  8.7655263E-01  0.0000000E+00  2.7216298E+01
 0.0000000E+00  1.1070131E+00  1.7313988E+00  1.8429107E+00  1.8472285E+00  1.8484556E+00  1.8440177E+00  1.7313988E+00  1.1070131E+00  0.0000000E+00  3.4589896E+01
 0.0000000E+00  1.3693818E+00  1.9904776E+00  2.1012073E+00  2.1055802E+00  2.1068918E+00  2.1023909E+00  1.9904776E+00  1.3693818E+00  0.0000000E+00  4.3051180E+01
 3.3249077E-01  1.6906621E+00  2.3083272E+00  2.4182386E+00  2.4226686E+00  2.4240655E+00  2.4194978E+00  2.3083272E+00  1.6906621E+00  3.3249077E-01  5.2821842E+01
 7.0689030E-01  2.0540777E+00  2.6683673E+00  2.7774725E+00  2.7819605E+00  2.7834499E+00  2.7788152E+00  2.6683673E+00  2.0540777E+00  7.0689030E-01  6.3971354E+01
 1.1263602E+00  2.4627724E+00  3.0737368E+00  3.1820519E+00  3.1865960E+00  3.1881829E+00  3.1834832E+00  3.0737368E+00  2.4627724E+00  1.1263602E+00  7.6590766E+01
 1.5941628E+00  2.9199959E+00  3.5276855E+00  3.6352255E+00  3.6398257E+00  3.6415051E+00  3.6367405E+00  3.5276855E+00  2.9199959E+00  1.5941628E+00  9.0771129E+01
 2.1136584E+00  3.4290935E+00  4.0335586E+00  4.1403346E+00  4.1449890E+00  4.1467668E+00  4.1419372E+00  4.0335586E+00  3.4290935E+00  2.1136584E+00  1.0660098E+02
 2.6882979E+00  3.9935061E+00  4.5947970E+00  4.7008170E+00  4.7055245E+00  4.7074058E+00  4.7025123E+00  4.5947970E+00  3.9935061E+00  2.6882979E+00  1.2416785E+02
 3.3216329E+00  4.6167751E+00  5.2149270E+00  5.3201970E+00  5.3249606E+00  5.3269405E+00  5.3219899E+00  5.2149270E+00  4.6167751E+00  3.3216329E+00  1.4355575E+02
 4.0172751E+00  5.3025073E+00  5.8975604E+00  6.0020966E+00  6.0069193E+00  6.0090097E+00  6.0039803E+00  5.8975604E+00  5.3025073E+00  4.0172751E+00  1.6484767E+02
 4.7789320E+00  6.0544101E+00  6.6463947E+00  6.7502070E+00  6.7550690E+00  6.7572698E+00  6.7521814E+00  6.6463947E+00  6.0544101E+00  4.7789320E+00  1.8812361E+02
 5.6103714E+00  6.8761861E+00  7.4651523E+00  7.5682609E+00  7.5731722E+00  7.5755037E+00  7.5703562E+00  7.4651523E+00  6.8761861E+00  5.6103714E+00  2.1346002E+02
 6.5154015E+00  7.7717086E+00  8.3576565E+00  8.4600816E+00  8.4650519E+00  8.4674841E+00  8.4622775E+00  8.3576565E+00  7.7717086E+00  6.5154015E+00  2.4092986E+02
 7.4979006E+00  8.7448510E+00  9.3278311E+00  9.4295524E+00  9.4345720E+00  9.4371145E+00  9.4318391E+00  9.3278311E+00  8.7448510E+00  7.4979006E+00  2.7060253E+02
 8.5617926E+00  9.7994870E+00  1.0379549E+01  1.0480547E+01  1.0485606E+01  1.0488279E+01  1.0482954E+01  1.0379549E+01  9.7994870E+00  8.5617926E+00  3.0254444E+02
 9.7110515E+00  1.0939540E+01  1.1516685E+01  1.1617049E+01  1.1622167E+01  1.1624921E+01  1.1619527E+01  1.1516685E+01  1.0939540E+01  9.7110515E+00  3.3681696E+02
 1.0949551E+01  1.2169035E+01  1.2743312E+01  1.2842952E+01  1.2848110E+01  1.2851024E+01  1.2845572E+01  1.2743312E+01  1.2169035E+01  1.0949551E+01  3.7347694E+02
 1.2281365E+01  1.3491895E+01  1.4063305E+01  1.4162292E+01  1.4167498E+01  1.4170543E+01  1.4165032E+01  1.4063305E+01  1.3491895E+01  1.2281365E+01  4.1257670E+02
 1.3710418E+01  1.4912094E+01  1.5480637E+01  1.5578970E+01  1.5584226E+01  1.5587432E+01  1.5581851E+01  1.5480637E+01  1.4912094E+01  1.3710418E+01  4.5416502E+02
 1.5240684E+01  1.6433607E+01  1.6999333E+01  1.7097013E+01  1.7102318E+01  1.7105654E+01  1.7100015E+01  1.6999333E+01  1.6433607E+01  1.5240684E+01  4.9828316E+02
 1.6876036E+01  1.8060307E+01  1.8623266E+01  1.8720272E+01  1.8725617E+01  1.8729084E+01  1.8723395E+01  1.8623266E+01  1.8060307E+01  1.6876036E+01  5.4496985E+02
 1.8620449E+01  1.9796118E+01  2.0356259E+01  2.0452663E+01  2.0458056E+01  2.0461684E+01  2.0455927E+01  2.0356259E+01  1.9796118E+01  1.8620449E+01  5.9425830E+02
 2.0477695E+01  2.1644862E+01  2.2202287E+01  2.2298017E+01  2.2303450E+01  2.2307239E+01  2.2301422E+01  2.2202287E+01  2.1644862E+01  2.0477695E+01  6.4617265E+02
 2.2451547E+01  2.3610313E+01  2.4164972E+01  2.4260098E+01  2.4265580E+01  2.4269500E+01  2.4263624E+01  2.4164972E+01  2.3610313E+01  2.2451547E+01  7.0073302E+02
 2.4545727E+01  2.5696193E+01  2.6248085E+01  2.6342588E+01  2.6348110E+01  2.6352190E+01  2.6346255E+01  2.6248085E+01  2.5696193E+01  2.4545727E+01  7.5795953E+02
 2.6763858E+01  2.7906024E+01  2.8455250E+01  2.8549100E+01  2.8554670E+01  2.8558911E+01  2.8552907E+01  2.8455250E+01  2.7906024E+01  2.6763858E+01  8.1785722E+02
 2.9109360E+01  3.0243327E+01  3.0789886E+01  3.0883133E+01  3.0888753E+01  3.0893145E+01  3.0887092E+01  3.0789886E+01  3.0243327E+01  2.9109360E+01  8.8043614E+02
 3.1585705E+01  3.2711572E+01  3.3255415E+01  3.3348069E+01  3.3353718E+01  3.3358301E+01  3.3352189E+01  3.3255415E+01  3.2711572E+01  3.1585705E+01  9.4568624E+02
 0.0000000E+00  0.0000000E+00  6.3574755E-01  7.5038729E-01  7.5446491E-01  7.5518792E-01  7.5104058E-01  6.3574755E-01  0.0000000E+00  0.0000000E+00  1.0206700E-01
 0.0000000E+00  0.0000000E+00  6.3682893E-01  7.5144042E-01  7.5551924E-01  7.5624593E-01  7.5209618E-01  6.3682893E-01  0.0000000E+00  0.0000000E+00  1.4056601E-01
 0.0000000E+00  5.7130831E-02  6.9011767E-01  8.0370635E-01  8.0785850E-01  8.0866252E-01  8.0443223E-01  6.9011767E-01  5.7130831E-02  0.0000000E+00  1.8610689E+00
 0.0000000E+00  1.3291647E-01  7.6186975E-01  8.7449332E-01  8.7871399E-01  8.7959903E-01  8.7529180E-01  7.6186975E-01  1.3291647E-01  0.0000000E+00  4.1261995E+00
 0.0000000E+00  2.2876368E-01  8.5383629E-01  9.6552914E-01  9.6981713E-01  9.7079179E-01  9.6641004E-01  8.5383629E-01  2.2876368E-01  0.0000000E+00  7.0174866E+00
 0.0000000E+00  3.4613530E-01  9.6747345E-01  1.0782675E+00  1.0826204E+00  1.0836761E+00  1.0792210E+00  9.6747345E-01  3.4613530E-01  0.0000000E+00  1.0602019E+01
 0.0000000E+00  4.8655385E-01  1.1042743E+00  1.2142052E+00  1.2186194E+00  1.2197634E+00  1.2152362E+00  1.1042743E+00  4.8655385E-01  0.0000000E+00  1.4945422E+01
 0.0000000E+00  6.5159961E-01  1.2658179E+00  1.3749101E+00  1.3793856E+00  1.3806131E+00  1.3760174E+00  1.2658179E+00  6.5159961E-01  0.0000000E+00  2.0112027E+01
 0.0000000E+00  8.4291188E-01  1.4537324E+00  1.5620081E+00  1.5665437E+00  1.5678584E+00  1.5631941E+00  1.4537324E+00  8.4291188E-01  0.0000000E+00  2.6164504E+01
 0.0000000E+00  1.0621987E+00  1.6697014E+00  1.7771864E+00  1.7817797E+00  1.7831852E+00  1.7784536E+00  1.6697014E+00  1.0621987E+00  0.0000000E+00  3.3164295E+01
 0.0000000E+00  1.3112051E+00  1.9154820E+00  2.0221923E+00  2.0268421E+00  2.0283409E+00  2.0235444E+00  1.9154820E+00  1.3112051E+00  0.0000000E+00  4.1171368E+01
 3.1496818E-01  1.6153681E+00  2.2162718E+00  2.3221754E+00  2.3268841E+00  2.3284860E+00  2.3236210E+00  2.2162718E+00  1.6153681E+00  3.1496818E-01  5.0386516E+01
 6.6876039E-01  1.9585714E+00  2.5561634E+00  2.6612725E+00  2.6660402E+00  2.6677427E+00  2.6628080E+00  2.5561634E+00  1.9585714E+00  6.6876039E-01  6.0870074E+01
 1.0641956E+00  2.3436167E+00  2.9379462E+00  3.0422781E+00  3.0471010E+00  3.0489103E+00  3.0439095E+00  2.9379462E+00  2.3436167E+00  1.0641956E+00  7.2701365E+01
 1.5041702E+00  2.7733919E+00  3.3645080E+00  3.4680774E+00  3.4729568E+00  3.4748729E+00  3.4698047E+00  3.3645080E+00  2.7733919E+00  1.5041702E+00  8.5958727E+01
 1.9916641E+00  3.2508647E+00  3.8388102E+00  3.9416270E+00  3.9465617E+00  3.9485883E+00  3.9434528E+00  3.8388102E+00  3.2508647E+00  1.9916641E+00  1.0071712E+02
 2.5297187E+00  3.7790640E+00  4.3638883E+00  4.4659622E+00  4.4709510E+00  4.4730942E+00  4.4678926E+00  4.3638883E+00  3.7790640E+00  2.5297187E+00  1.1705150E+02
 3.1214676E+00  4.3611050E+00  4.9428449E+00  5.0441882E+00  5.0492312E+00  5.0514934E+00  5.0462269E+00  4.9428449E+00  4.3611050E+00  3.1214676E+00  1.3503376E+02
 3.7700688E+00  5.0001581E+00  5.5788505E+00  5.6794731E+00  5.6845689E+00  5.6869540E+00  5.6816225E+00  5.5788505E+00  5.0001581E+00  3.7700688E+00  1.5473210E+02
 4.4787727E+00  5.6994429E+00  6.2751431E+00  6.3750560E+00  6.3802011E+00  6.3826928E+00  6.3772953E+00  6.2751431E+00  5.6994429E+00  4.4787727E+00  1.7621287E+02
 5.2508480E+00  6.4622343E+00  7.0349361E+00  7.1341491E+00  7.1393423E+00  7.1419936E+00  7.1365360E+00  7.0349361E+00  6.4622343E+00  5.2508480E+00  1.9953936E+02
 6.0896187E+00  7.2918255E+00  7.8615781E+00  7.9601159E+00  7.9653692E+00  7.9681187E+00  7.9625890E+00  7.8615781E+00  7.2918255E+00  6.0896187E+00  2.2477118E+02
 6.9984395E+00  8.1915837E+00  8.7584485E+00  8.8562863E+00  8.8615877E+00  8.8644969E+00  8.8589070E+00  8.7584485E+00  8.1915837E+00  6.9984395E+00  2.5196361E+02
 7.9806529E+00  9.1648880E+00  9.7288650E+00  9.8260030E+00  9.8313524E+00  9.8344212E+00  9.8287712E+00  9.7288650E+00  9.1648880E+00  7.9806529E+00  2.8117011E+02
 9.0397304E+00  1.0215118E+01  1.0776207E+01  1.0872707E+01  1.0878104E+01  1.0881271E+01  1.0875561E+01  1.0776207E+01  1.0215118E+01  9.0397304E+00  3.1243799E+02
 1.0178928E+01  1.1345652E+01  1.1903915E+01  1.1999715E+01  1.2005161E+01  1.2008487E+01  1.2002717E+01  1.1903915E+01  1.1345652E+01  1.0178928E+01  3.4581150E+02
 1.1401749E+01  1.2559810E+01  1.3115246E+01  1.3210444E+01  1.3215926E+01  1.3219387E+01  1.3213557E+01  1.3115246E+01  1.2559810E+01  1.1401749E+01  3.8133056E+02
 1.2711510E+01  1.3861031E+01  1.4413702E+01  1.4508225E+01  1.4513767E+01  1.4517388E+01  1.4511485E+01  1.4413702E+01  1.3861031E+01  1.2711510E+01  4.1902959E+02
 1.4111530E+01  1.5252633E+01  1.5802539E+01  1.5896399E+01  1.5901977E+01  1.5905733E+01  1.5899770E+01  1.5802539E+01  1.5252633E+01  1.4111530E+01  4.5893992E+02
 1.5605126E+01  1.6737873E+01  1.7285014E+01  1.7378260E+01  1.7383898E+01  1.7387838E+01  1.7381816E+01  1.7285014E+01  1.6737873E+01  1.5605126E+01  5.0108736E+02
 1.7195555E+01  1.8320007E+01  1.8864445E+01  1.8957028E+01  1.8962702E+01  1.8966838E+01  1.8960756E+01  1.8864445E+01  1.8320007E+01  1.7195555E+01  5.4549157E+02
 1.8885950E+01  2.0002291E+01  2.0543965E+01  2.0635970E+01  2.0641693E+01  2.0645927E+01  2.0639785E+01  2.0543965E+01  2.0002291E+01  1.8885950E+01  5.9216974E+02
 2.0679506E+01  2.1787737E+01  2.2326707E+01  2.2418111E+01  2.2423869E+01  2.2428301E+01  2.2422098E+01  2.2326707E+01  2.1787737E+01  2.0679506E+01  6.4112988E+02
 2.2579234E+01  2.3679417E+01  2.4215683E+01  2.4306485E+01  2.4312280E+01  2.4316907E+01  2.4310644E+01  2.4215683E+01  2.3679417E+01  2.2579234E+01  6.9238488E+02
 2.4588084E+01  2.5680217E+01  2.6213903E+01  2.6304067E+01  2.6309909E+01  2.6314696E+01  2.6308373E+01  2.6213903E+01  2.5680217E+01  2.4588084E+01  7.4592553E+02
 2.6708819E+01  2.7793088E+01  2.8324071E+01  2.8413657E+01  2.8419548E+01  2.8424495E+01  2.8418111E+01  2.8324071E+01  2.7793088E+01  2.6708819E+01  8.0175182E+02
 2.8944206E+01  3.0020671E+01  3.0549012E+01  3.0637997E+01  3.0643923E+01  3.0649067E+01  3.0642623E+01  3.0549012E+01  3.0020671E+01  2.8944206E+01  8.5985761E+02
 0.0000000E+00  0.0000000E+00  6.1868268E-01  7.2923121E-01  7.3358614E-01  7.3442395E-01  7.2998812E-01  6.1868268E-01  0.0000000E+00  0.0000000E+00  1.1188173E-01
 0.0000000E+00  0.0000000E+00  6.1974383E-01  7.3026626E-01  7.3462310E-01  7.3546331E-01  7.3102527E-01  6.1974383E-01  0.0000000E+00  0.0000000E+00  1.4966494E-01
 0.0000000E+00  5.5876327E-02  6.7184498E-01  7.8135798E-01  7.8578926E-01  7.8672334E-01  7.8220249E-01  6.7184498E-01  5.5876327E-02  0.0000000E+00  1.8322083E+00
 0.0000000E+00  1.2953171E-01  7.4154208E-01  8.5010204E-01  8.5460379E-01  8.5562931E-01  8.5102771E-01  7.4154208E-01  1.2953171E-01  0.0000000E+00  4.0347291E+00
 0.0000000E+00  2.2222578E-01  8.3043210E-01  9.3806976E-01  9.4264052E-01  9.4376050E-01  9.3908108E-01  8.3043210E-01  2.2222578E-01  0.0000000E+00  6.8319638E+00
 0.0000000E+00  3.3526772E-01  9.3980355E-01  1.0465564E+00  1.0511932E+00  1.0524077E+00  1.0476534E+00  9.3980355E-01  3.3526772E-01  0.0000000E+00  1.0284174E+01
 0.0000000E+00  4.7001810E-01  1.0710058E+00  1.1769053E+00  1.1816053E+00  1.1829187E+00  1.1780910E+00  1.0710058E+00  4.7001810E-01  0.0000000E+00  1.4449880E+01
 0.0000000E+00  6.2788928E-01  1.2254346E+00  1.3305078E+00  1.3352695E+00  1.3366818E+00  1.3317821E+00  1.2254346E+00  6.2788928E-01  0.0000000E+00  1.9386004E+01
 0.0000000E+00  8.1034239E-01  1.4045459E+00  1.5088154E+00  1.5136387E+00  1.5151530E+00  1.5101828E+00  1.4045459E+00  8.1034239E-01  0.0000000E+00  2.5147856E+01
 0.0000000E+00  1.0188941E+00  1.6098482E+00  1.7133348E+00  1.7182153E+00  1.7198331E+00  1.7147939E+00  1.6098482E+00  1.0188941E+00  0.0000000E+00  3.1788941E+01
 0.0000000E+00  1.2551001E+00  1.8428873E+00  1.9456135E+00  1.9505514E+00  1.9522681E+00  1.9471614E+00  1.8428873E+00  1.2551001E+00  0.0000000E+00  3.9361417E+01
 2.9821470E-01  1.5429000E+00  2.1273702E+00  2.2293046E+00  2.2343026E+00  2.2361333E+00  2.2309561E+00  2.1273702E+00  1.5429000E+00  2.9821470E-01  4.8046820E+01
 6.3235074E-01  1.8668343E+00  2.4480400E+00  2.5491946E+00  2.5542514E+00  2.5562005E+00  2.5509528E+00  2.4480400E+00  1.8668343E+00  6.3235074E-01  5.7897080E+01
 1.0049131E+00  2.2293796E+00  2.8073808E+00  2.9077751E+00  2.9128892E+00  2.9149567E+00  2.9096400E+00  2.8073808E+00  2.2293796E+00  1.0049131E+00  6.8980640E+01
 1.4184594E+00  2.6331024E+00  3.2079442E+00  3.3075827E+00  3.3127525E+00  3.3149430E+00  3.3095573E+00  3.2079442E+00  2.6331024E+00  1.4184594E+00  8.1364440E+01
 1.8756372E+00  3.0806069E+00  3.6523418E+00  3.7512394E+00  3.7564650E+00  3.7587859E+00  3.7533312E+00  3.6523418E+00  3.0806069E+00  1.8756372E+00  9.5112043E+01
 2.3791031E+00  3.5745795E+00  4.1432451E+00  4.2414138E+00  4.2466938E+00  4.2491406E+00  4.2436199E+00  4.1432451E+00  3.5745795E+00  2.3791031E+00  1.1028776E+02
 2.9316113E+00  4.1177296E+00  4.6833633E+00  4.7808182E+00  4.7861525E+00  4.7887297E+00  4.7831414E+00  4.6833633E+00  4.1177296E+00  2.9316113E+00  1.2694939E+02
 3.5359235E+00  4.7128337E+00  5.2754805E+00  5.3722231E+00  5.3776088E+00  5.3803210E+00  5.3746666E+00  5.2754805E+00  4.7128337E+00  3.5359235E+00  1.4515470E+02
 4.1948614E+00  5.3626985E+00  5.9223811E+00  6.0184264E+00  6.0238634E+00  6.0267180E+00  6.0209976E+00  5.9223811E+00  5.3626985E+00  4.1948614E+00  1.6495923E+02
 4.9112617E+00  6.0701534E+00  6.6269092E+00  6.7222676E+00  6.7277575E+00  6.7307531E+00  6.7249680E+00  6.6269092E+00  6.0701534E+00  4.9112617E+00  1.8641177E+02
 5.6880062E+00  6.8380650E+00  7.3919241E+00  7.4866046E+00  7.4921444E+00  7.4953004E+00  7.4894448E+00  7.3919241E+00  6.8380650E+00  5.6880062E+00  2.0956259E+02
 6.5279691E+00  7.6692851E+00  8.2202699E+00  8.3143192E+00  8.3199133E+00  8.3231819E+00  8.3172794E+00  8.2202699E+00  7.6692851E+00  6.5279691E+00  2.3445371E+02
 7.4340397E+00  8.5667554E+00  9.1149635E+00  9.2082778E+00  9.2139160E+00  9.2173494E+00  9.2113735E+00  9.1149635E+00  8.5667554E+00  7.4340397E+00  2.6112717E+02
 8.4090846E+00  9.5333427E+00  1.0078699E+01  1.0171354E+01  1.0177036E+01  1.0180664E+01  1.0174629E+01  1.0078699E+01  9.5333427E+00  8.4090846E+00  2.8961973E+02
 9.4560458E+00  1.0571899E+01  1.1114403E+01  1.1206473E+01  1.1212199E+01  1.1215992E+01  1.1209884E+01  1.1114403E+01  1.0571899E+01  9.4560458E+00  3.1996367E+02
 1.0577752E+01  1.1685275E+01  1.2225078E+01  1.2316488E+01  1.2322258E+01  1.2326171E+01  1.2320005E+01  1.2225078E+01  1.1685275E+01  1.0577752E+01  3.5218825E+02
 1.1777056E+01  1.2876324E+01  1.3413350E+01  1.3504130E+01  1.3509959E+01  1.3514067E+01  1.3507827E+01  1.3413350E+01  1.2876324E+01  1.1777056E+01  3.8631749E+02
 1.3056659E+01  1.4147822E+01  1.4682146E+01  1.4772311E+01  1.4778170E+01  1.4782442E+01  1.4776143E+01  1.4682146E+01  1.4147822E+01  1.3056659E+01  4.2237240E+02
 1.4419412E+01  1.5502545E+01  1.6034168E+01  1.6123703E+01  1.6129620E+01  1.6134043E+01  1.6127685E+01  1.6034168E+01  1.5502545E+01  1.4419412E+01  4.6036873E+02
 1.5868017E+01  1.6943120E+01  1.7472041E+01  1.7560992E+01  1.7566953E+01  1.7571571E+01  1.7565154E+01  1.7472041E+01  1.6943120E+01  1.5868017E+01  5.0031776E+02
 1.7405026E+01  1.8472249E+01  1.8998469E+01  1.9086834E+01  1.9092840E+01  1.9097652E+01  1.9091177E+01  1.8998469E+01  1.8472249E+01  1.7405026E+01  5.4222697E+02
 1.9032990E+01  2.0092409E+01  2.0616002E+01  2.0703752E+01  2.0709787E+01  2.0714764E+01  2.0708231E+01  2.0616002E+01  2.0092409E+01  1.9032990E+01  5.8609863E+02
 2.0754386E+01  2.1806075E+01  2.2327042E+01  2.2414207E+01  2.2420286E+01  2.2425503E+01  2.2418896E+01  2.2327042E+01  2.1806075E+01  2.0754386E+01  6.3193048E+02
 2.2571690E+01  2.3615650E+01  2.4133989E+01  2.4220570E+01  2.4226693E+01  2.4232105E+01  2.4225439E+01  2.4133989E+01  2.3615650E+01  2.2571690E+01  6.7971652E+02
 2.4487004E+01  2.5523384E+01  2.6039097E+01  2.6125093E+01  2.6131260E+01  2.6136867E+01  2.6130142E+01  2.6039097E+01  2.5523384E+01  2.4487004E+01  7.2944473E+02
 2.6502579E+01  2.7531379E+01  2.8044541E+01  2.8129921E+01  2.8136118E+01  2.8141965E+01  2.8135181E+01  2.8044541E+01  2.7531379E+01  2.6502579E+01  7.8109712E+02
 0.0000000E+00  0.0000000E+00  6.0194905E-01  7.0844043E-01  7.1308722E-01  7.1405705E-01  7.0931665E-01  6.0194905E-01  0.0000000E+00  0.0000000E+00  1.2262762E-01
 0.0000000E+00  0.0000000E+00  6.0299123E-01  7.0945734E-01  7.1410610E-01  7.1507795E-01  7.1033521E-01  6.0299123E-01  0.0000000E+00  0.0000000E+00  1.5971178E-01
 0.0000000E+00  5.4644195E-02  6.5392811E-01  7.5940072E-01  7.6412534E-01  7.6520230E-01  7.6037330E-01  6.5392811E-01  5.4644195E-02  0.0000000E+00  1.8051698E+00
 0.0000000E+00  1.2621614E-01  7.2161235E-01  8.2614148E-01  8.3093819E-01  8.3212172E-01  8.2721005E-01  7.2161235E-01  1.2621614E-01  0.0000000E+00  3.9465517E+00
 0.0000000E+00  2.1583759E-01  8.0749587E-01  9.1111776E-01  9.1598370E-01  9.1727473E-01  9.1228325E-01  8.0749587E-01  2.1583759E-01  0.0000000E+00  6.6521615E+00
 0.0000000E+00  3.2467482E-01  9.1272808E-01  1.0154779E+00  1.0204115E+00  1.0218087E+00  1.0167389E+00  9.1272808E-01  3.2467482E-01  0.0000000E+00  9.9758224E+00
 0.0000000E+00  4.5393869E-01  1.0385088E+00  1.1404161E+00  1.1454142E+00  1.1469177E+00  1.1417725E+00  1.0385088E+00  4.5393869E-01  0.0000000E+00  1.3969488E+01
 0.0000000E+00  6.0488403E-01  1.1860737E+00  1.2871659E+00  1.2922268E+00  1.2938456E+00  1.2886269E+00  1.1860737E+00  6.0488403E-01  0.0000000E+00  1.8683241E+01
 0.0000000E+00  7.7880875E-01  1.3567096E+00  1.4570106E+00  1.4621324E+00  1.4638721E+00  1.4585799E+00  1.3567096E+00  7.7880875E-01  0.0000000E+00  2.4165296E+01
 0.0000000E+00  9.7705020E-01  1.5517640E+00  1.6512938E+00  1.6564731E+00  1.6583244E+00  1.6529623E+00  1.5517640E+00  9.7705020E-01  0.0000000E+00  3.0462309E+01
 0.0000000E+00  1.2009961E+00  1.7725935E+00  1.8713741E+00  1.8766126E+00  1.8785830E+00  1.8731527E+00  1.7725935E+00  1.2009961E+00  0.0000000E+00  3.7619192E+01
 2.8220100E-01  1.4731648E+00  2.0414991E+00  2.1395031E+00  2.1448007E+00  2.1468974E+00  2.1413936E+00  2.0414991E+00  1.4731648E+00  2.8220100E-01  4.5799285E+01
 5.9759424E-01  1.7787164E+00  2.3438517E+00  2.4410883E+00  2.4464451E+00  2.4486755E+00  2.4431017E+00  2.3438517E+00  1.7787164E+00  5.9759424E-01  5.5047412E+01
 9.4839700E-01  2.1198691E+00  2.6818513E+00  2.7783350E+00  2.7837492E+00  2.7861152E+00  2.7804696E+00  2.6818513E+00  2.1198691E+00  9.4839700E-01  6.5421959E+01
 1.3368651E+00  2.4988686E+00  3.0577435E+00  3.1534891E+00  3.1589588E+00  3.1614657E+00  3.1557485E+00  3.0577435E+00  2.4988686E+00  1.3368651E+00  7.6979665E+01
 1.7653156E+00  2.9180064E+00  3.4738289E+00  3.5688455E+00  3.5743709E+00  3.5770170E+00  3.5712316E+00  3.4738289E+00  2.9180064E+00  1.7653156E+00  8.9774702E+01
 2.2360952E+00  3.3796290E+00  3.9324359E+00  4.0267382E+00  4.0323173E+00  4.0351081E+00  4.0292545E+00  3.9324359E+00  3.3796290E+00  2.2360952E+00  1.0385913E+02
 2.7515961E+00  3.8861197E+00  4.4359384E+00  4.5295446E+00  4.5351776E+00  4.5381130E+00  4.5321913E+00  4.4359384E+00  3.8861197E+00  2.7515961E+00  1.1928291E+02
 3.3142290E+00  4.4398707E+00  4.9867471E+00  5.0796591E+00  5.0853422E+00  5.0884333E+00  5.0824435E+00  4.9867471E+00  4.4398707E+00  3.3142290E+00  1.3609169E+02
 3.9264230E+00  5.0433202E+00  5.5872818E+00  5.6795179E+00  5.6852513E+00  5.6885017E+00  5.6824455E+00  5.5872818E+00  5.0433202E+00  3.9264230E+00  1.5432946E+02
 4.5906345E+00  5.6989065E+00  6.2399991E+00  6.3315593E+00  6.3373429E+00  6.3407525E+00  6.3346300E+00  6.2399991E+00  5.6989065E+00  4.5906345E+00  1.7403838E+02
 5.3093476E+00  6.4091043E+00  6.9473462E+00  7.0382489E+00  7.0440827E+00  7.0476517E+00  7.0414628E+00  6.9473462E+00  6.4091043E+00  5.3093476E+00  1.9525422E+02
 6.0850097E+00  7.1763702E+00  7.7117890E+00  7.8020358E+00  7.8079163E+00  7.8116592E+00  7.8054058E+00  7.7117890E+00  7.1763702E+00  6.0850097E+00  2.1801178E+02
 6.9200863E+00  8.0031607E+00  8.5357838E+00  8.6253786E+00  8.6313074E+00  8.6352243E+00  8.6289045E+00  8.5357838E+00  8.0031607E+00  6.9200863E+00  2.4234317E+02
 7.8170432E+00  8.8919139E+00  9.4217322E+00  9.5107280E+00  9.5166999E+00  9.5208017E+00  9.5144174E+00  9.4217322E+00  8.8919139E+00  7.8170432E+00  2.6827312E+02
 8.7783002E+00  9.8451139E+00  1.0372164E+01  1.0460537E+01  1.0466563E+01  1.0470811E+01  1.0464355E+01  1.0372164E+01  9.8451139E+00  8.7783002E+00  2.9582639E+02
 9.8062497E+00  1.0865025E+01  1.1389417E+01  1.1477130E+01  1.1483192E+01  1.1487678E+01  1.1481168E+01  1.1389417E+01  1.0865025E+01  9.8062497E+00  3.2502314E+02
 1.0903339E+01  1.1954140E+01  1.2475873E+01  1.2562927E+01  1.2569025E+01  1.2573658E+01  1.2567094E+01  1.2475873E+01  1.1954140E+01  1.0903339E+01  3.5587803E+02
 1.2071741E+01  1.3114750E+01  1.3633734E+01  1.3720257E+01  1.3726408E+01  1.3731187E+01  1.3724552E+01  1.3633734E+01  1.3114750E+01  1.2071741E+01  3.8840481E+02
 1.3313837E+01  1.4349056E+01  1.4865473E+01  1.4951336E+01  1.4957524E+01  1.4962541E+01  1.4955852E+01  1.4865473E+01  1.4349056E+01  1.3313837E+01  4.2260900E+02
 1.4631830E+01  1.5659348E+01  1.6173108E+01  1.6258403E+01  1.6264626E+01  1.6269845E+01  1.6263084E+01  1.6173108E+01  1.5659348E+01  1.4631830E+01  4.5849699E+02
 1.6027825E+01  1.7047736E+01  1.7558837E+01  1.7643601E+01  1.7649878E+01  1.7655280E+01  1.7648465E+01  1.7558837E+01  1.7047736E+01  1.6027825E+01  4.9606696E+02
 1.7503840E+01  1.8516327E+01  1.9024770E+01  1.9108875E+01  1.9115187E+01  1.9120882E+01  1.9113996E+01  1.9024770E+01  1.8516327E+01  1.7503840E+01  5.3531615E+02
 1.9061984E+01  2.0066954E+01  2.0572831E+01  2.0656368E+01  2.0662716E+01  2.0668649E+01  2.0661709E+01  2.0572831E+01  2.0066954E+01  1.9061984E+01  5.7623541E+02
 2.0704089E+01  2.1701635E+01  2.2204945E+01  2.2287914E+01  2.2294298E+01  2.2300378E+01  2.2293383E+01  2.2204945E+01  2.1701635E+01  2.0704089E+01  6.1881373E+02
 2.2431805E+01  2.3422110E+01  2.3922762E+01  2.4005200E+01  2.4011638E+01  2.4017955E+01  2.4010890E+01  2.3922762E+01  2.3422110E+01  2.2431805E+01  6.6303554E+02
 2.4246966E+01  2.5229938E+01  2.5728115E+01  2.5809985E+01  2.5816459E+01  2.5823015E+01  2.5815895E+01  2.5728115E+01  2.5229938E+01  2.4246966E+01  7.0888065E+02
 0.0000000E+00  0.0000000E+00  5.8553696E-01  6.8800037E-01  6.9295336E-01  6.9407439E-01  6.8901320E-01  5.8553696E-01  0.0000000E+00  0.0000000E+00  1.3438742E-01
 0.0000000E+00  0.0000000E+00  5.8656023E-01  6.8899858E-01  6.9395354E-01  6.9507748E-01  6.9001410E-01  5.8656023E-01  0.0000000E+00  0.0000000E+00  1.7079071E-01
 0.0000000E+00  5.3433547E-02  6.3635110E-01  7.3780936E-01  7.4284142E-01  7.4408547E-01  7.3893315E-01  6.3635110E-01  5.3433547E-02  0.0000000E+00  1.7800061E+00
 0.0000000E+00  1.2296801E-01  7.0206533E-01  8.0259315E-01  8.0769815E-01  8.0906298E-01  8.0382568E-01  7.0206533E-01  1.2296801E-01  0.0000000E+00  3.8616638E+00
 0.0000000E+00  2.0959543E-01  7.8501950E-01  8.8465516E-01  8.8983047E-01  8.9131720E-01  8.8599753E-01  7.8501950E-01  2.0959543E-01  0.0000000E+00  6.4780074E+00
 0.0000000E+00  3.1434949E-01  8.8623130E-01  9.8500700E-01  9.9024978E-01  9.9185973E-01  9.8646012E-01  8.8623130E-01  3.1434949E-01  0.0000000E+00  9.6768416E+00
 0.0000000E+00  4.3830270E-01  1.0067576E+00  1.1047060E+00  1.1100147E+00  1.1117495E+00  1.1062716E+00  1.0067576E+00  4.3830270E-01  0.0000000E+00  1.3503900E+01
 0.0000000E+00  5.8256344E-01  1.1476955E+00  1.2448403E+00  1.2502112E+00  1.2520766E+00  1.2465239E+00  1.1476955E+00  5.8256344E-01  0.0000000E+00  1.8003036E+01
 0.0000000E+00  7.4827923E-01  1.3101870E+00  1.4065510E+00  1.4119833E+00  1.4139717E+00  1.4083467E+00  1.3101870E+00  7.4827923E-01  0.0000000E+00  2.3215996E+01
 0.0000000E+00  9.3663232E-01  1.4953941E+00  1.5910065E+00  1.5964979E+00  1.5986227E+00  1.5929232E+00  1.4953941E+00  9.3663232E-01  0.0000000E+00  2.9182974E+01
 0.0000000E+00  1.1488374E+00  1.7045373E+00  1.7994158E+00  1.8049642E+00  1.8072187E+00  1.8014492E+00  1.7045373E+00  1.1488374E+00  0.0000000E+00  3.5942369E+01
 2.6690072E-01  1.4060652E+00  1.9585632E+00  2.0526744E+00  2.0582797E+00  2.0606818E+00  2.0548400E+00  1.9585632E+00  1.4060652E+00  2.6690072E-01  4.3640843E+01
 5.6442673E-01  1.6941143E+00  2.2434662E+00  2.3368191E+00  2.3424857E+00  2.3450400E+00  2.3391236E+00  2.2434662E+00  1.6941143E+00  5.6442673E-01  5.2316684E+01
 8.9453277E-01  2.0149213E+00  2.5611721E+00  2.6537912E+00  2.6595148E+00  2.6622166E+00  2.6562280E+00  2.5611721E+00  2.0149213E+00  8.9453277E-01  6.2019487E+01
 1.2592027E+00  2.3704680E+00  2.9136625E+00  3.0055611E+00  3.0113372E+00  3.0141934E+00  3.0081347E+00  2.9136625E+00  2.3704680E+00  1.2592027E+00  7.2796612E+01
 1.6604718E+00  2.7627583E+00  3.3029412E+00  3.3941351E+00  3.3999660E+00  3.4029810E+00  3.3968522E+00  3.3029412E+00  2.7627583E+00  1.6604718E+00  8.4693510E+01
 2.1003766E+00  3.1938299E+00  3.7310571E+00  3.8215463E+00  3.8274320E+00  3.8306170E+00  3.8244181E+00  3.7310571E+00  3.1938299E+00  2.1003766E+00  9.7752836E+01
 2.5809882E+00  3.6657650E+00  4.2000590E+00  4.2898614E+00  4.2957996E+00  4.2991434E+00  4.2928766E+00  4.2000590E+00  3.6657650E+00  2.5809882E+00  1.1201546E+02
 3.1044114E+00  4.1806236E+00  4.7120180E+00  4.8011515E+00  4.8071401E+00  4.8106606E+00  4.8043259E+00  4.7120180E+00  4.1806236E+00  3.1044114E+00  1.2751787E+02
 3.6727286E+00  4.7405218E+00  5.2690501E+00  5.3575101E+00  5.3635470E+00  5.3672463E+00  5.3608415E+00  5.2690501E+00  4.7405218E+00  3.6727286E+00  1.4429544E+02
 4.2880556E+00  5.3475306E+00  5.8732265E+00  5.9610400E+00  5.9671271E+00  5.9709965E+00  5.9645260E+00  5.8732265E+00  5.3475306E+00  4.2880556E+00  1.6237953E+02
 4.9524974E+00  6.0037772E+00  6.5266742E+00  6.6138322E+00  6.6199654E+00  6.6240293E+00  6.6174931E+00  6.5266742E+00  6.0037772E+00  4.9524974E+00  1.8180037E+02
 5.6681473E+00  6.7113328E+00  7.2314533E+00  7.3179826E+00  7.3241640E+00  7.3284114E+00  7.3218072E+00  7.2314533E+00  6.7113328E+00  5.6681473E+00  2.0258145E+02
 6.4370990E+00  7.4723021E+00  7.9896686E+00  8.0755714E+00  8.0817966E+00  8.0862385E+00  8.0795709E+00  7.9896686E+00  7.4723021E+00  6.4370990E+00  2.2474630E+02
 7.2614237E+00  8.2887228E+00  8.8033799E+00  8.8886563E+00  8.8949253E+00  8.8995618E+00  8.8928306E+00  8.8033799E+00  8.2887228E+00  7.2614237E+00  2.4831395E+02
 8.1431589E+00  9.1626547E+00  9.6745913E+00  9.7592636E+00  9.7655764E+00  9.7704142E+00  9.7636173E+00  9.6745913E+00  9.1626547E+00  8.1431589E+00  2.7330007E+02
 9.0842862E+00  1.0096068E+01  1.0605340E+01  1.0689397E+01  1.0695754E+01  1.0700802E+01  1.0693944E+01  1.0605340E+01  1.0096068E+01  9.0842862E+00  2.9971585E+02
 1.0086798E+01  1.1090945E+01  1.1597530E+01  1.1680986E+01  1.1687382E+01  1.1692682E+01  1.1685761E+01  1.1597530E+01  1.1090945E+01  1.0086798E+01  3.2757137E+02
 1.1152588E+01  1.2149133E+01  1.2653154E+01  1.2736028E+01  1.2742467E+01  1.2747947E+01  1.2740960E+01  1.2653154E+01  1.2149133E+01  1.1152588E+01  3.5687112E+02
 1.2283479E+01  1.3272601E+01  1.3773936E+01  1.3856294E+01  1.3862756E+01  1.3868482E+01  1.3861428E+01  1.3773936E+01  1.3272601E+01  1.2283479E+01  3.8761620E+02
 1.3481397E+01  1.4463131E+01  1.4961778E+01  1.5043555E+01  1.5050061E+01  1.5055965E+01  1.5048846E+01  1.4961778E+01  1.4463131E+01  1.3481397E+01  4.1980438E+02
 1.4747832E+01  1.5722289E+01  1.6218473E+01  1.6299556E+01  1.6306106E+01  1.6312301E+01  1.6305116E+01  1.6218473E+01  1.5722289E+01  1.4747832E+01  4.5343230E+02
 1.6084687E+01  1.7051866E+01  1.7545364E+01  1.7625977E+01  1.7632571E+01  1.7638990E+01  1.7631761E+01  1.7545364E+01  1.7051866E+01  1.6084687E+01  4.8848877E+02
 1.7493305E+01  1.8453319E+01  1.8944353E+01  1.9024340E+01  1.9030955E+01  1.9037620E+01  1.9030326E+01  1.8944353E+01  1.8453319E+01  1.7493305E+01  5.2496259E+02
 1.8975365E+01  1.9928102E+01  2.0416674E+01  2.0496124E+01  2.0502805E+01  2.0509694E+01  2.0502334E+01  2.0416674E+01  1.9928102E+01  1.8975365E+01  5.6283697E+02
 2.0531987E+01  2.1477783E+01  2.1963668E+01  2.2042715E+01  2.2049418E+01  2.2056486E+01  2.2049082E+01  2.1963668E+01  2.1477783E+01  2.0531987E+01  6.0209287E+02
 2.2164627E+01  2.3103370E+01  2.3586903E+01  2.3665324E+01  2.3672049E+01  2.3679429E+01  2.3671938E+01  2.3586903E+01  2.3103370E+01  2.2164627E+01  6.4270790E+02
 0.0000000E+00  0.0000000E+00  5.6942924E-01  6.6789230E-01  6.7316522E-01  6.7446205E-01  6.6906365E-01  5.6942924E-01  0.0000000E+00  0.0000000E+00  1.4725609E-01
 0.0000000E+00  0.0000000E+00  5.7043429E-01  6.6887248E-01  6.7414727E-01  6.7544766E-01  6.7004713E-01  5.7043429E-01  0.0000000E+00  0.0000000E+00  1.8299361E-01
 0.0000000E+00  5.2243102E-02  6.1909667E-01  7.1656950E-01  7.2192215E-01  7.2335913E-01  7.1786736E-01  6.1909667E-01  5.2243102E-02  0.0000000E+00  1.7567792E+00
 0.0000000E+00  1.1978285E-01  6.8288134E-01  7.7943827E-01  7.8486423E-01  7.8643862E-01  7.8085990E-01  6.8288134E-01  1.1978285E-01  0.0000000E+00  3.7800822E+00
 0.0000000E+00  2.0349261E-01  7.6297934E-01  8.5865944E-01  8.6415575E-01  8.6586756E-01  8.6020483E-01  7.6297934E-01  2.0349261E-01  0.0000000E+00  6.3094263E+00
 0.0000000E+00  3.0428377E-01  8.6028631E-01  9.5512046E-01  9.6068419E-01  9.6253641E-01  9.5679208E-01  8.6028631E-01  3.0428377E-01  0.0000000E+00  9.3869828E+00
 0.0000000E+00  4.2309616E-01  9.7572938E-01  1.0697490E+00  1.0753775E+00  1.0773715E+00  1.0715482E+00  9.7572938E-01  4.2309616E-01  0.0000000E+00  1.3052762E+01
 0.0000000E+00  5.6090611E-01  1.1102726E+00  1.2035052E+00  1.2091966E+00  1.2113351E+00  1.2054348E+00  1.1102726E+00  5.6090611E-01  0.0000000E+00  1.7344765E+01
 0.0000000E+00  7.1872279E-01  1.2649155E+00  1.3573828E+00  1.3631335E+00  1.3654201E+00  1.3594446E+00  1.2649155E+00  7.1872279E-01  0.0000000E+00  2.2298928E+01
 0.0000000E+00  8.9758133E-01  1.4406864E+00  1.5324145E+00  1.5382228E+00  1.5406541E+00  1.5346051E+00  1.4406864E+00  8.9758133E-01  0.0000000E+00  2.7949518E+01
 0.0000000E+00  1.0985483E+00  1.6386341E+00  1.7296491E+00  1.7355162E+00  1.7380978E+00  1.7319766E+00  1.6386341E+00  1.0985483E+00  0.0000000E+00  3.4328942E+01
 2.5228489E-01  1.3415115E+00  1.8784522E+00  1.9687131E+00  1.9746391E+00  1.9773791E+00  1.9711829E+00  1.8784522E+00  1.3415115E+00  2.5228489E-01  4.1568611E+01
 5.3278649E-01  1.6128856E+00  2.1467263E+00  2.2362412E+00  2.2422234E+00  2.2451355E+00  2.2388671E+00  2.1467263E+00  1.6128856E+00  5.3278649E-01  4.9700657E+01
 8.4322091E-01  1.9143470E+00  2.4451384E+00  2.5339483E+00  2.5399867E+00  2.5430709E+00  2.5367303E+00  2.4451384E+00  1.9143470E+00  8.4322091E-01  5.8766926E+01
 1.1853262E+00  2.2476556E+00  2.7754524E+00  2.8635518E+00  2.8696437E+00  2.8729027E+00  2.8664872E+00  2.7754524E+00  2.2476556E+00  1.1853262E+00  6.8806933E+01
 1.5608689E+00  2.6145481E+00  3.1393775E+00  3.2267884E+00  3.2329311E+00  3.2363704E+00  3.2298853E+00  3.1393775E+00  2.6145481E+00  1.5608689E+00  7.9857602E+01
 1.9716145E+00  3.0168020E+00  3.5387052E+00  3.6254329E+00  3.6316291E+00  3.6352543E+00  3.6286996E+00  3.5387052E+00  3.0168020E+00  1.9716145E+00  9.1953935E+01
 2.4193625E+00  3.4561814E+00  3.9751993E+00  4.0612658E+00  4.0675128E+00  4.0713183E+00  4.0646940E+00  3.9751993E+00  3.4561814E+00  2.4193625E+00  1.0512807E+02
 2.9059179E+00  3.9344912E+00  4.4506649E+00  4.5360646E+00  4.5423598E+00  4.5463592E+00  4.5396681E+00  4.4506649E+00  3.9344912E+00  2.9059179E+00  1.1940954E+02
 3.4330583E+00  4.4535228E+00  4.9668660E+00  5.0516263E+00  5.0579696E+00  5.0621712E+00  5.0554104E+00  4.9668660E+00  4.4535228E+00  3.4330583E+00  1.3482556E+02
 4.0026024E+00  5.0150539E+00  5.5256212E+00  5.6097365E+00  5.6161253E+00  5.6205290E+00  5.6137014E+00  5.5256212E+00  5.0150539E+00  4.0026024E+00  1.5139937E+02
 4.6163415E+00  5.6208893E+00  6.1286944E+00  6.2121785E+00  6.2186128E+00  6.2232241E+00  6.2163323E+00  6.1286944E+00  5.6208893E+00  4.6163415E+00  1.6915396E+02
 5.2760260E+00  6.2727794E+00  6.7778497E+00  6.8607162E+00  6.8671960E+00  6.8720232E+00  6.8650645E+00  6.7778497E+00  6.2727794E+00  5.2760260E+00  1.8810640E+02
 5.9834197E+00  6.9724746E+00  7.4748510E+00  7.5571082E+00  7.5636308E+00  7.5686682E+00  7.5616427E+00  7.4748510E+00  6.9724746E+00  5.9834197E+00  2.0827174E+02
 6.7402730E+00  7.7217113E+00  8.2213940E+00  8.3030554E+00  8.3096208E+00  8.3148796E+00  8.3077925E+00  8.2213940E+00  7.7217113E+00  6.7402730E+00  2.2966229E+02
 7.5482404E+00  8.5221717E+00  9.0191878E+00  9.1002617E+00  9.1068672E+00  9.1123500E+00  9.1051987E+00  9.0191878E+00  8.5221717E+00  7.5482404E+00  2.5228762E+02
 8.4090040E+00  9.3754964E+00  9.8698735E+00  9.9503598E+00  9.9570055E+00  9.9627259E+00  9.9555104E+00  9.8698735E+00  9.3754964E+00  8.4090040E+00  2.7615320E+02
 9.3241498E+00  1.0283299E+01  1.0775064E+01  1.0854971E+01  1.0861655E+01  1.0867607E+01  1.0860327E+01  1.0775064E+01  1.0283299E+01  9.3241498E+00  3.0126314E+02
 1.0295264E+01  1.1247125E+01  1.1736292E+01  1.1815639E+01  1.1822362E+01  1.1828544E+01  1.1821203E+01  1.1736292E+01  1.1247125E+01  1.0295264E+01  3.2761469E+02
 1.1323824E+01  1.2268479E+01  1.2755061E+01  1.2833851E+01  1.2840609E+01  1.2847050E+01  1.2839647E+01  1.2755061E+01  1.2268479E+01  1.1323824E+01  3.5520649E+02
 1.2411265E+01  1.3348795E+01  1.3832821E+01  1.3911058E+01  1.3917853E+01  1.3924546E+01  1.3917082E+01  1.3832821E+01  1.3348795E+01  1.2411265E+01  3.8403170E+02
 1.3558967E+01  1.4489456E+01  1.4970924E+01  1.5048588E+01  1.5055437E+01  1.5062403E+01  1.5054885E+01  1.4970924E+01  1.4489456E+01  1.3558967E+01  4.1407939E+02
 1.4768273E+01  1.5691691E+01  1.6170562E+01  1.6247815E+01  1.6254664E+01  1.6261876E+01  1.6254278E+01  1.6170562E+01  1.5691691E+01  1.4768273E+01  4.4533861E+02
 1.6040247E+01  1.6956692E+01  1.7433238E+01  1.7509780E+01  1.7516683E+01  1.7524168E+01  1.7516516E+01  1.7433238E+01  1.6956692E+01  1.6040247E+01  4.7779159E+02
 1.7376079E+01  1.8285687E+01  1.8759635E+01  1.8835823E+01  1.8842752E+01  1.8850455E+01  1.8842750E+01  1.8759635E+01  1.8285687E+01  1.7376079E+01  5.1142192E+02
 1.8776864E+01  1.9679772E+01  2.0151122E+01  2.0226680E+01  2.0233636E+01  2.0241695E+01  2.0233937E+01  2.0151122E+01  1.9679772E+01  1.8776864E+01  5.4620635E+02
 2.0243422E+01  2.1139630E+01  2.1608518E+01  2.1683585E+01  2.1690567E+01  2.1698927E+01  2.1691088E+01  2.1608518E+01  2.1139630E+01  2.0243422E+01  5.8212163E+02
 0.0000000E+00  0.0000000E+00  5.5361459E-01  6.4810395E-01  6.5371006E-01  6.5521060E-01  6.4945940E-01  5.5361459E-01  0.0000000E+00  0.0000000E+00  1.6133224E-01
 0.0000000E+00  0.0000000E+00  5.5460166E-01  6.4906666E-01  6.5467473E-01  6.5617893E-01  6.5042512E-01  5.5460166E-01  0.0000000E+00  0.0000000E+00  1.9641867E-01
 0.0000000E+00  5.1071961E-02  6.0215140E-01  6.9566727E-01  7.0135311E-01  7.0301180E-01  6.9716519E-01  6.0215140E-01  5.1071961E-02  0.0000000E+00  1.7355405E+00
 0.0000000E+00  1.1666021E-01  6.6404623E-01  7.5666302E-01  7.6242173E-01  7.6423691E-01  7.5830175E-01  6.6404623E-01  1.1666021E-01  0.0000000E+00  3.7018316E+00
 0.0000000E+00  1.9752767E-01  7.4136007E-01  8.3311683E-01  8.3894547E-01  8.4091614E-01  8.3489569E-01  7.4136007E-01  1.9752767E-01  0.0000000E+00  6.1463926E+00
 0.0000000E+00  2.9446767E-01  8.3487456E-01  9.2580132E-01  9.3169662E-01  9.3382745E-01  9.2772399E-01  8.3487456E-01  2.9446767E-01  0.0000000E+00  9.1061510E+00
 0.0000000E+00  4.0830646E-01  9.4539639E-01  1.0355252E+00  1.0414849E+00  1.0437772E+00  1.0375937E+00  9.4539639E-01  4.0830646E-01  0.0000000E+00  1.2615779E+01
 0.0000000E+00  5.3989414E-01  1.0737707E+00  1.1631289E+00  1.1691500E+00  1.1716041E+00  1.1653428E+00  1.0737707E+00  5.3989414E-01  0.0000000E+00  1.6707880E+01
 0.0000000E+00  6.9011257E-01  1.2208642E+00  1.3094762E+00  1.3155567E+00  1.3181754E+00  1.3118380E+00  1.2208642E+00  6.9011257E-01  0.0000000E+00  2.1413250E+01
 0.0000000E+00  8.5986197E-01  1.3875739E+00  1.4754616E+00  1.4815994E+00  1.4843849E+00  1.4779739E+00  1.3875739E+00  8.5986197E-01  0.0000000E+00  2.6760466E+01
 0.0000000E+00  1.0500726E+00  1.5748183E+00  1.6620029E+00  1.6681959E+00  1.6711542E+00  1.6646697E+00  1.5748183E+00  1.0500726E+00  0.0000000E+00  3.2776919E+01
 2.3832825E-01  1.2794204E+00  1.8010612E+00  1.8875152E+00  1.8937664E+00  1.8969096E+00  1.8903512E+00  1.8010612E+00  1.2794204E+00  2.3832825E-01  3.9579355E+01
 5.0261428E-01  1.5349063E+00  2.0535074E+00  2.1392405E+00  2.1455472E+00  2.1488672E+00  2.1422337E+00  2.0535074E+00  1.5349063E+00  5.0261428E-01  4.7195330E+01
 7.9435623E-01  1.8180135E+00  2.3336116E+00  2.4186505E+00  2.4250095E+00  2.4285230E+00  2.4218177E+00  2.3336116E+00  1.8180135E+00  7.9435623E-01  5.5659083E+01
 1.1150690E+00  2.1302517E+00  2.6428937E+00  2.7272384E+00  2.7336497E+00  2.7373734E+00  2.7305962E+00  2.6428937E+00  2.1302517E+00  1.1150690E+00  6.5003016E+01
 1.4662740E+00  2.4731209E+00  2.9828568E+00  3.0665240E+00  3.0729875E+00  3.0769048E+00  3.0700557E+00  2.9828568E+00  2.4731209E+00  1.4662740E+00  7.5257192E+01
 1.8495129E+00  2.8481743E+00  3.3550208E+00  3.4380304E+00  3.4445397E+00  3.4486705E+00  3.4417495E+00  3.3550208E+00  2.8481743E+00  1.8495129E+00  8.6449335E+01
 2.2663038E+00  3.2569150E+00  3.7609222E+00  3.8432810E+00  3.8498393E+00  3.8541803E+00  3.8471907E+00  3.7609222E+00  3.2569150E+00  2.2663038E+00  9.8604833E+01
 2.7182184E+00  3.7008796E+00  4.2020809E+00  4.2838056E+00  4.2904129E+00  4.2949641E+00  4.2879059E+00  4.2020809E+00  3.7008796E+00  2.7182184E+00  1.1174606E+02
 3.2067598E+00  4.1816046E+00  4.6800335E+00  4.7611273E+00  4.7677771E+00  4.7725585E+00  4.7654316E+00  4.6800335E+00  4.1816046E+00  3.2067598E+00  1.2589357E+02
 3.7334646E+00  4.7005932E+00  5.1962663E+00  5.2767527E+00  5.2834483E+00  5.2884566E+00  5.2812643E+00  5.1962663E+00  4.7005932E+00  3.7334646E+00  1.4106490E+02
 4.2998360E+00  5.2593486E+00  5.7523160E+00  5.8321883E+00  5.8389263E+00  5.8441648E+00  5.8369039E+00  5.7523160E+00  5.2593486E+00  4.2998360E+00  1.5727456E+02
 4.9073603E+00  5.8593739E+00  6.3496356E+00  6.4289204E+00  6.4356976E+00  6.4411731E+00  6.4338501E+00  6.3496356E+00  5.8593739E+00  4.9073603E+00  1.7453444E+02
 5.5575074E+00  6.5020887E+00  6.9896949E+00  7.0683922E+00  7.0752086E+00  7.0809143E+00  7.0735259E+00  6.9896949E+00  6.5020887E+00  5.5575074E+00  1.9285620E+02
 6.2516968E+00  7.1889461E+00  7.6739134E+00  7.7520300E+00  7.7588889E+00  7.7648382E+00  7.7573878E+00  7.6739134E+00  7.1889461E+00  6.2516968E+00  2.1224186E+02
 6.9913149E+00  7.9213324E+00  8.4036775E+00  8.4812166E+00  8.4881115E+00  8.4943176E+00  8.4868018E+00  8.4036775E+00  7.9213324E+00  6.9913149E+00  2.3269978E+02
 7.7777312E+00  8.7005836E+00  9.1803232E+00  9.2573083E+00  9.2642424E+00  9.2707121E+00  9.2631310E+00  9.1803232E+00  8.7005836E+00  7.7777312E+00  2.5422827E+02
 8.6122483E+00  9.5280025E+00  1.0005170E+01  1.0081604E+01  1.0088571E+01  1.0095304E+01  1.0087665E+01  1.0005170E+01  9.5280025E+00  8.6122483E+00  2.7682734E+02
 9.4960856E+00  1.0404842E+01  1.0879454E+01  1.0955337E+01  1.0962337E+01  1.0969344E+01  1.0961642E+01  1.0879454E+01  1.0404842E+01  9.4960856E+00  3.0049031E+02
 1.0430479E+01  1.1332304E+01  1.1804361E+01  1.1879710E+01  1.1886742E+01  1.1894023E+01  1.1886259E+01  1.1804361E+01  1.1332304E+01  1.0430479E+01  3.2521216E+02
 1.1416547E+01  1.2311491E+01  1.2781026E+01  1.2855848E+01  1.2862916E+01  1.2870467E+01  1.2862644E+01  1.2781026E+01  1.2311491E+01  1.1416547E+01  3.5098122E+02
 1.2455326E+01  1.3343473E+01  1.3810502E+01  1.3884810E+01  1.3891904E+01  1.3899749E+01  1.3891864E+01  1.3810502E+01  1.3343473E+01  1.2455326E+01  3.7778410E+02
 1.3547835E+01  1.4429250E+01  1.4893774E+01  1.4967575E+01  1.4974698E+01  1.4982833E+01  1.4974889E+01  1.4893774E+01  1.4429250E+01  1.3547835E+01  4.0560579E+02
 1.4694991E+01  1.5569726E+01  1.6031761E+01  1.6105054E+01  1.6112208E+01  1.6120649E+01  1.6112646E+01  1.6031761E+01  1.5569726E+01  1.4694991E+01  4.3443126E+02
 1.5897597E+01  1.6765667E+01  1.7225298E+01  1.7298031E+01  1.7305220E+01  1.7313995E+01  1.7305957E+01  1.7225298E+01  1.6765667E+01  1.5897597E+01  4.6423544E+02
 1.7156487E+01  1.8017961E+01  1.8475086E+01  1.8547385E+01  1.8554607E+01  1.8563649E+01  1.8555545E+01  1.8475086E+01  1.8017961E+01  1.7156487E+01  4.9499997E+02
 1.8472080E+01  1.9327207E+01  1.9781827E+01  1.9853625E+01  1.9860847E+01  1.9870256E+01  1.9862086E+01  1.9781827E+01  1.9327207E+01  1.8472080E+01  5.2669479E+02
 0.0000000E+00  0.0000000E+00  5.3807761E-01  6.2862328E-01  6.3457496E-01  6.3630910E-01  6.3018978E-01  5.3807761E-01  0.0000000E+00  0.0000000E+00  1.7672434E-01
 0.0000000E+00  0.0000000E+00  5.3904659E-01  6.2956779E-01  6.3552148E-01  6.3726091E-01  6.3113920E-01  5.3904659E-01  0.0000000E+00  0.0000000E+00  2.1117562E-01
 0.0000000E+00  4.9919005E-02  5.8549829E-01  6.7508972E-01  6.8112004E-01  6.8303553E-01  6.7681962E-01  5.8549829E-01  4.9919005E-02  0.0000000E+00  1.7163894E+00
 0.0000000E+00  1.1359686E-01  6.4554218E-01  7.3425193E-01  7.4035449E-01  7.4244603E-01  7.3614033E-01  6.4554218E-01  1.1359686E-01  0.0000000E+00  3.6269495E+00
 0.0000000E+00  1.9169369E-01  7.2014315E-01  8.0800872E-01  8.1417992E-01  8.1644957E-01  8.1005765E-01  7.2014315E-01  1.9169369E-01  0.0000000E+00  5.9888648E+00
 0.0000000E+00  2.8489738E-01  8.0997235E-01  8.9703001E-01  9.0326667E-01  9.0571563E-01  8.9924029E-01  8.0997235E-01  2.8489738E-01  0.0000000E+00  8.8341667E+00
 0.0000000E+00  3.9392250E-01  9.1573560E-01  1.0020122E+00  1.0083116E+00  1.0109431E+00  1.0043867E+00  9.1573560E-01  3.9392250E-01  0.0000000E+00  1.2192638E+01
 0.0000000E+00  5.1950795E-01  1.0381571E+00  1.1236804E+00  1.1300400E+00  1.1328549E+00  1.1262204E+00  1.0381571E+00  5.1950795E-01  0.0000000E+00  1.6092003E+01
 0.0000000E+00  6.6241664E-01  1.1779916E+00  1.2627865E+00  1.2692035E+00  1.2722043E+00  1.2654935E+00  1.1779916E+00  6.6241664E-01  0.0000000E+00  2.0558004E+01
 0.0000000E+00  8.2343194E-01  1.3360122E+00  1.4201023E+00  1.4265745E+00  1.4297643E+00  1.4229793E+00  1.3360122E+00  8.2343194E-01  0.0000000E+00  2.5614836E+01
 0.0000000E+00  1.0033515E+00  1.5130126E+00  1.5964182E+00  1.6029435E+00  1.6063236E+00  1.5994659E+00  1.5130126E+00  1.0033515E+00  0.0000000E+00  3.1284469E+01
 2.2500648E-01  1.2197085E+00  1.7263159E+00  1.8090098E+00  1.8155897E+00  1.8191781E+00  1.8122450E+00  1.7263159E+00  1.2197085E+00  2.2500648E-01  3.7670737E+01
 4.7385387E-01  1.4600779E+00  1.9636824E+00  2.0456776E+00  2.0523086E+00  2.0561207E+00  2.0491114E+00  1.9636824E+00  1.4600779E+00  4.7385387E-01  4.4796486E+01
 7.4784159E-01  1.7257487E+00  2.2264014E+00  2.3077187E+00  2.3144000E+00  2.3184143E+00  2.3113339E+00  2.2264014E+00  1.7257487E+00  7.4784159E-01  5.2690072E+01
 1.0482813E+00  2.0180226E+00  2.5157683E+00  2.5964171E+00  2.6031503E+00  2.6073887E+00  2.6002365E+00  2.5157683E+00  2.0180226E+00  1.0482813E+00  6.1377404E+01
 1.3764848E+00  2.3382111E+00  2.8330622E+00  2.9130750E+00  2.9198560E+00  2.9243187E+00  2.9170986E+00  2.8330622E+00  2.3382111E+00  1.3764848E+00  7.0882347E+01
 1.7337678E+00  2.6875933E+00  3.1796293E+00  3.2589858E+00  3.2658147E+00  3.2705137E+00  3.2632218E+00  3.1796293E+00  2.6875933E+00  1.7337678E+00  8.1226321E+01
 2.1214460E+00  3.0675136E+00  3.5567344E+00  3.6354672E+00  3.6423400E+00  3.6472876E+00  3.6399238E+00  3.5567344E+00  3.0675136E+00  2.1214460E+00  9.2428503E+01
 2.5408189E+00  3.4792367E+00  3.9657036E+00  4.0438126E+00  4.0507294E+00  4.0559133E+00  4.0484817E+00  3.9657036E+00  3.4792367E+00  2.5408189E+00  1.0450582E+02
 2.9931778E+00  3.9240682E+00  4.4078016E+00  4.4853194E+00  4.4922761E+00  4.4976964E+00  4.4902009E+00  4.4078016E+00  3.9240682E+00  2.9931778E+00  1.1747276E+02
 3.4798283E+00  4.4032729E+00  4.8842931E+00  4.9612198E+00  4.9682164E+00  4.9739056E+00  4.9663423E+00  4.8842931E+00  4.4032729E+00  3.4798283E+00  1.3134116E+02
 4.0019943E+00  4.9181155E+00  5.3964633E+00  5.4727989E+00  5.4798354E+00  5.4857814E+00  5.4781542E+00  5.3964633E+00  4.9181155E+00  4.0019943E+00  1.4612060E+02
 4.5609406E+00  5.4698199E+00  5.9455159E+00  6.0212807E+00  6.0283571E+00  6.0345599E+00  6.0268689E+00  5.9455159E+00  5.4698199E+00  4.5609406E+00  1.6181822E+02
 5.1578504E+00  6.0595899E+00  6.5326543E+00  6.6078606E+00  6.6149729E+00  6.6214447E+00  6.6136897E+00  6.5326543E+00  6.0595899E+00  5.1578504E+00  1.7843830E+02
 5.7939068E+00  6.6885881E+00  7.1590617E+00  7.2337013E+00  7.2408455E+00  7.2475984E+00  7.2397797E+00  7.1590617E+00  6.6885881E+00  5.7939068E+00  1.9598289E+02
 6.4702522E+00  7.3579365E+00  7.8258398E+00  7.8999330E+00  7.9071092E+00  7.9141432E+00  7.9062606E+00  7.8258398E+00  7.3579365E+00  6.4702522E+00  2.1445178E+02
 7.1879474E+00  8.0687366E+00  8.5340696E+00  8.6076369E+00  8.6148450E+00  8.6221684E+00  8.6142259E+00  8.5340696E+00  8.0687366E+00  7.1879474E+00  2.3384151E+02
 7.9480532E+00  8.8220290E+00  9.2848120E+00  9.3578533E+00  9.3650934E+00  9.3727062E+00  9.3647038E+00  9.2848120E+00  8.8220290E+00  7.9480532E+00  2.5414717E+02
 8.7515691E+00  9.6187722E+00  1.0079046E+01  1.0151561E+01  1.0158833E+01  1.0166748E+01  1.0158682E+01  1.0079046E+01  9.6187722E+00  8.7515691E+00  2.7536061E+02
 9.5993927E+00  1.0459925E+01  1.0917690E+01  1.0989692E+01  1.0996992E+01  1.1005207E+01  1.0997081E+01  1.0917690E+01  1.0459925E+01  9.5993927E+00  2.9746959E+02
 1.0492422E+01  1.1346345E+01  1.1801621E+01  1.1873129E+01  1.1880457E+01  1.1888974E+01  1.1880788E+01  1.1801621E+01  1.1346345E+01  1.0492422E+01  3.2046594E+02
 1.1431472E+01  1.2278847E+01  1.2731634E+01  1.2802641E+01  1.2809992E+01  1.2818852E+01  1.2810610E+01  1.2731634E+01  1.2278847E+01  1.1431472E+01  3.4433132E+02
 1.2417257E+01  1.3258125E+01  1.3708464E+01  1.3778998E+01  1.3786377E+01  1.3795547E+01  1.3787249E+01  1.3708464E+01  1.3258125E+01  1.2417257E+01  3.6904939E+02
 1.3450451E+01  1.4284893E+01  1.4732784E+01  1.4802837E+01  1.4810240E+01  1.4819744E+01  1.4811386E+01  1.4732784E+01  1.4284893E+01  1.3450451E+01  3.9460181E+02
 1.4531645E+01  1.5359722E+01  1.5805186E+01  1.5874769E+01  1.5882193E+01  1.5892031E+01  1.5883617E+01  1.5805186E+01  1.5359722E+01  1.4531645E+01  4.2096408E+02
 1.5661369E+01  1.6483122E+01  1.6926159E+01  1.6995273E+01  1.7002717E+01  1.7012922E+01  1.7004448E+01  1.6926159E+01  1.6483122E+01  1.5661369E+01  4.4811786E+02
 1.6840012E+01  1.7655502E+01  1.8096131E+01  1.8164797E+01  1.8172261E+01  1.8182820E+01  1.8174291E+01  1.8096131E+01  1.7655502E+01  1.6840012E+01  4.7603253E+02
 0.0000000E+00  0.0000000E+00  5.2280495E-01  6.0943672E-01  6.1574529E-01  6.1775086E-01  6.1124828E-01  5.2280495E-01  0.0000000E+00  0.0000000E+00  1.9354873E-01
 0.0000000E+00  0.0000000E+00  5.2375674E-01  6.1036411E-01  6.1667414E-01  6.1868519E-01  6.1218016E-01  5.2375674E-01  0.0000000E+00  0.0000000E+00  2.2737768E-01
 0.0000000E+00  4.8783036E-02  5.6912629E-01  6.5482406E-01  6.6120916E-01  6.6341932E-01  6.5681972E-01  5.6912629E-01  4.8783036E-02  0.0000000E+00  1.6993883E+00
 0.0000000E+00  1.1059066E-01  6.2735498E-01  7.1219293E-01  7.1864823E-01  7.2105899E-01  7.1436921E-01  6.2735498E-01  1.1059066E-01  0.0000000E+00  3.5554385E+00
 0.0000000E+00  1.8598698E-01  6.9930990E-01  7.8332337E-01  7.8984546E-01  7.9245782E-01  7.8568175E-01  6.9930990E-01  1.8598698E-01  0.0000000E+00  5.8367723E+00
 0.0000000E+00  2.7556348E-01  7.8556411E-01  8.6878745E-01  8.7537242E-01  8.7818836E-01  8.7132844E-01  7.8556411E-01  2.7556348E-01  0.0000000E+00  8.5708798E+00
 0.0000000E+00  3.7993163E-01  8.8671808E-01  9.6918365E-01  9.7582907E-01  9.7885209E-01  9.7191125E-01  8.8671808E-01  3.7993163E-01  0.0000000E+00  1.1783050E+01
 0.0000000E+00  4.9973025E-01  1.0033997E+00  1.0851339E+00  1.0918368E+00  1.0950659E+00  1.0880466E+00  1.0033997E+00  4.9973025E-01  0.0000000E+00  1.5496456E+01
 0.0000000E+00  6.3561214E-01  1.1362543E+00  1.2172795E+00  1.2240375E+00  1.2274777E+00  1.2203823E+00  1.1362543E+00  6.3561214E-01  0.0000000E+00  1.9732525E+01
 0.0000000E+00  7.8824756E-01  1.2859422E+00  1.3662832E+00  1.3730939E+00  1.3767466E+00  1.3695771E+00  1.2859422E+00  7.8824756E-01  0.0000000E+00  2.4510816E+01
 0.0000000E+00  9.5832916E-01  1.4531460E+00  1.5328228E+00  1.5396837E+00  1.5435515E+00  1.5363103E+00  1.4531460E+00  9.5832916E-01  0.0000000E+00  2.9849368E+01
 2.1229553E-01  1.1622915E+00  1.6541010E+00  1.7330893E+00  1.7400018E+00  1.7441055E+00  1.7367893E+00  1.6541010E+00  1.1622915E+00  2.1229553E-01  3.5839424E+01
 4.4644738E-01  1.3882772E+00  1.8771291E+00  1.9554462E+00  1.9624080E+00  1.9667496E+00  1.9593592E+00  1.8771291E+00  1.3882772E+00  4.4644738E-01  4.2500467E+01
 7.0358050E-01  1.6373998E+00  2.1233390E+00  2.2009994E+00  2.2080089E+00  2.2125944E+00  2.2051320E+00  2.1233390E+00  1.6373998E+00  7.0358050E-01  4.9854923E+01
 9.8481985E-01  1.9107732E+00  2.3938421E+00  2.4708611E+00  2.4779175E+00  2.4827459E+00  2.4752142E+00  2.3938421E+00  1.9107732E+00  9.8481985E-01  5.7922973E+01
 1.2912866E+00  2.2095110E+00  2.6897570E+00  2.7661386E+00  2.7732364E+00  2.7783336E+00  2.7707337E+00  2.6897570E+00  2.2095110E+00  1.2912866E+00  6.6723304E+01
 1.6241046E+00  2.5347296E+00  3.0121700E+00  3.0879441E+00  3.0950858E+00  3.1004468E+00  3.0927738E+00  3.0121700E+00  2.5347296E+00  1.6241046E+00  7.6272112E+01
 1.9843850E+00  2.8875152E+00  3.3622149E+00  3.4373816E+00  3.4445671E+00  3.4501870E+00  3.4424506E+00  3.3622149E+00  2.8875152E+00  1.9843850E+00  8.6583100E+01
 2.3732241E+00  3.2690041E+00  3.7409630E+00  3.8155520E+00  3.8227717E+00  3.8286603E+00  3.8208507E+00  3.7409630E+00  3.2690041E+00  2.3732241E+00  9.7668228E+01
 2.7917132E+00  3.6802178E+00  4.1495106E+00  4.2235071E+00  4.2307658E+00  4.2369282E+00  4.2290552E+00  4.1495106E+00  3.6802178E+00  2.7917132E+00  1.0953721E+02
 3.2408989E+00  4.1222775E+00  4.5888794E+00  4.6623082E+00  4.6696059E+00  4.6760420E+00  4.6681058E+00  4.5888794E+00  4.1222775E+00  3.2408989E+00  1.2219728E+02
 3.7218524E+00  4.5961549E+00  5.0601157E+00  5.1329917E+00  5.1403235E+00  5.1470733E+00  5.1390737E+00  5.0601157E+00  4.5961549E+00  3.7218524E+00  1.3565317E+02
 4.2355705E+00  5.1028965E+00  5.5642660E+00  5.6365893E+00  5.6439553E+00  5.6509837E+00  5.6429158E+00  5.5642660E+00  5.1028965E+00  4.2355705E+00  1.4990836E+02
 4.7830498E+00  5.6434989E+00  6.1022523E+00  6.1740377E+00  6.1814329E+00  6.1887750E+00  6.1806486E+00  6.1022523E+00  5.6434989E+00  4.7830498E+00  1.6496261E+02
 5.3652121E+00  6.2188592E+00  6.6750462E+00  6.7463187E+00  6.7537431E+00  6.7613888E+00  6.7531991E+00  6.6750462E+00  6.2188592E+00  5.3652121E+00  1.8081491E+02
 5.9829794E+00  6.8298992E+00  7.2835697E+00  7.3543043E+00  7.3617580E+00  7.3697173E+00  7.3614690E+00  7.2835697E+00  6.8298992E+00  5.9829794E+00  1.9746104E+02
 6.6372237E+00  7.4775158E+00  7.9286449E+00  7.9988666E+00  8.0063496E+00  8.0146374E+00  8.0063257E+00  7.9286449E+00  7.4775158E+00  6.6372237E+00  2.1489502E+02
 7.3287673E+00  8.1624567E+00  8.6110942E+00  8.6808178E+00  8.6883251E+00  8.6969414E+00  8.6885713E+00  8.6110942E+00  8.1624567E+00  7.3287673E+00  2.3310861E+02
 8.0583327E+00  8.8855439E+00  9.3316649E+00  9.4009154E+00  9.4084471E+00  9.4173919E+00  9.4089633E+00  9.3316649E+00  8.8855439E+00  8.0583327E+00  2.5209261E+02
 8.8266923E+00  9.6474503E+00  1.0091105E+01  1.0159882E+01  1.0167438E+01  1.0176711E+01  1.0168224E+01  1.0091105E+01  9.6474503E+00  8.8266923E+00  2.7183107E+02
 9.6344441E+00  1.0448848E+01  1.0890036E+01  1.0958340E+01  1.0965921E+01  1.0975548E+01  1.0967002E+01  1.0890036E+01  1.0448848E+01  9.6344441E+00  2.9231451E+02
 1.0482211E+01  1.1290312E+01  1.1729057E+01  1.1796893E+01  1.1804489E+01  1.1814474E+01  1.1805869E+01  1.1729057E+01  1.1290312E+01  1.0482211E+01  3.1352301E+02
 1.1370516E+01  1.2172363E+01  1.2608692E+01  1.2676070E+01  1.2683684E+01  1.2694023E+01  1.2685365E+01  1.2608692E+01  1.2172363E+01  1.1370516E+01  3.3543912E+02
 1.2299833E+01  1.3095476E+01  1.3529413E+01  1.3596332E+01  1.3603966E+01  1.3614673E+01  1.3605957E+01  1.3529413E+01  1.3095476E+01  1.2299833E+01  3.5804541E+02
 1.3270536E+01  1.4060024E+01  1.4491569E+01  1.4558045E+01  1.4565694E+01  1.4576794E+01  1.4568024E+01  1.4491569E+01  1.4060024E+01  1.3270536E+01  3.8131696E+02
 1.4282948E+01  1.5066356E+01  1.5495510E+01  1.5561542E+01  1.5569206E+01  1.5580699E+01  1.5571875E+01  1.5495510E+01  1.5066356E+01  1.4282948E+01  4.0523133E+02
 1.5337293E+01  1.6114672E+01  1.6541458E+01  1.6607073E+01  1.6614751E+01  1.6626612E+01  1.6617735E+01  1.6541458E+01  1.6114672E+01  1.5337293E+01  4.2976363E+02
 0.0000000E+00  0.0000000E+00  5.0778757E-01  5.9053648E-01  5.9721052E-01  5.9952759E-01  5.9262907E-01  5.0778757E-01  0.0000000E+00  0.0000000E+00  2.1193163E-01
 0.0000000E+00  0.0000000E+00  5.0871880E-01  5.9144522E-01  5.9812165E-01  6.0044480E-01  5.9354390E-01  5.0871880E-01  0.0000000E+00  0.0000000E+00  2.4515144E-01
 0.0000000E+00  4.7663381E-02  5.5301939E-01  6.3485920E-01  6.4160767E-01  6.4415821E-01  6.3716264E-01  5.5301939E-01  4.7663381E-02  0.0000000E+00  1.6846245E+00
 0.0000000E+00  1.0763914E-01  6.0946863E-01  6.9047290E-01  6.9728866E-01  7.0006658E-01  6.9298110E-01  6.0946863E-01  1.0763914E-01  0.0000000E+00  3.4873515E+00
 0.0000000E+00  1.8040356E-01  6.7884256E-01  7.5904655E-01  7.6592602E-01  7.6893133E-01  7.6175951E-01  6.7884256E-01  1.8040356E-01  0.0000000E+00  5.6901167E+00
 0.0000000E+00  2.6645723E-01  7.6162505E-01  8.4106280E-01  8.4800181E-01  8.5123814E-01  8.4398297E-01  7.6162505E-01  2.6645723E-01  0.0000000E+00  8.3161980E+00
 0.0000000E+00  3.6632209E-01  8.5832432E-01  9.3702442E-01  9.4402058E-01  9.4749038E-01  9.4015542E-01  8.5832432E-01  3.6632209E-01  0.0000000E+00  1.1386715E+01
 0.0000000E+00  4.8053830E-01  9.6946989E-01  1.0474627E+00  1.0545131E+00  1.0582169E+00  1.0508040E+00  9.6946989E-01  4.8053830E-01  0.0000000E+00  1.4920811E+01
 0.0000000E+00  6.0966645E-01  1.0956126E+00  1.1729225E+00  1.1800241E+00  1.1839650E+00  1.1764771E+00  1.0956126E+00  6.0966645E-01  0.0000000E+00  1.8935862E+01
 0.0000000E+00  7.5427256E-01  1.2373155E+00  1.3139631E+00  1.3211141E+00  1.3252952E+00  1.3177340E+00  1.2373155E+00  7.5427256E-01  0.0000000E+00  2.3447511E+01
 0.0000000E+00  9.1494703E-01  1.3951536E+00  1.4711621E+00  1.4783589E+00  1.4827808E+00  1.4751487E+00  1.3951536E+00  9.1494703E-01  0.0000000E+00  2.8469878E+01
 2.0017160E-01  1.1070917E+00  1.5843342E+00  1.6596798E+00  1.6669242E+00  1.6716106E+00  1.6639040E+00  1.5843342E+00  1.1070917E+00  2.0017160E-01  3.4083183E+01
 4.2034586E-01  1.3194010E+00  1.7937250E+00  1.8684253E+00  1.8757156E+00  1.8806707E+00  1.8728921E+00  1.7937250E+00  1.3194010E+00  4.2034586E-01  4.0303586E+01
 6.6148386E-01  1.5528214E+00  2.0242756E+00  2.0983457E+00  2.1056789E+00  2.1109100E+00  2.1030600E+00  2.0242756E+00  1.5528214E+00  6.6148386E-01  4.7148159E+01
 9.2454544E-01  1.8083083E+00  2.2769353E+00  2.3503882E+00  2.3577630E+00  2.3632744E+00  2.3553547E+00  2.2769353E+00  1.8083083E+00  9.2454544E-01  5.4632728E+01
 1.2104862E+00  2.0868052E+00  2.5526416E+00  2.6254935E+00  2.6329077E+00  2.6387060E+00  2.6307179E+00  2.5526416E+00  2.0868052E+00  1.2104862E+00  6.2771292E+01
 1.5202494E+00  2.3892464E+00  2.8523348E+00  2.9245974E+00  2.9320490E+00  2.9381392E+00  2.9300837E+00  2.8523348E+00  2.3892464E+00  1.5202494E+00  7.1574805E+01
 1.8547726E+00  2.7165662E+00  3.1769400E+00  3.2486247E+00  3.2561091E+00  3.2624990E+00  3.2543775E+00  3.1769400E+00  2.7165662E+00  1.8547726E+00  8.1053312E+01
 2.2149717E+00  3.0696654E+00  3.5273398E+00  3.5984711E+00  3.6059972E+00  3.6127033E+00  3.6045163E+00  3.5273398E+00  3.0696654E+00  2.2149717E+00  9.1214419E+01
 2.6017475E+00  3.4494630E+00  3.9044898E+00  3.9750432E+00  3.9825991E+00  3.9895969E+00  3.9813444E+00  3.9044898E+00  3.4494630E+00  2.6017475E+00  1.0206300E+02
 3.0159733E+00  3.8567716E+00  4.3091811E+00  4.3792176E+00  4.3868032E+00  4.3941232E+00  4.3858052E+00  4.3091811E+00  3.8567716E+00  3.0159733E+00  1.1360300E+02
 3.4585015E+00  4.2925041E+00  4.7422965E+00  4.8118159E+00  4.8194313E+00  4.8270675E+00  4.8186959E+00  4.7422965E+00  4.2925041E+00  3.4585015E+00  1.2583595E+02
 3.9301748E+00  4.7574519E+00  5.2046879E+00  5.2736598E+00  5.2813050E+00  5.2892816E+00  5.2808386E+00  5.2046879E+00  4.7574519E+00  3.9301748E+00  1.3876064E+02
 4.4317328E+00  5.2524060E+00  5.6970857E+00  5.7655589E+00  5.7732278E+00  5.7815267E+00  5.7730241E+00  5.6970857E+00  5.2524060E+00  4.4317328E+00  1.5237492E+02
 4.9639972E+00  5.7780970E+00  6.2202508E+00  6.2882251E+00  6.2959179E+00  6.3045512E+00  6.2959950E+00  6.2202508E+00  5.7780970E+00  4.9639972E+00  1.6667454E+02
 5.5276071E+00  6.3352553E+00  6.7748831E+00  6.8423890E+00  6.8501057E+00  6.8590915E+00  6.8504758E+00  6.7748831E+00  6.3352553E+00  5.5276071E+00  1.8165220E+02
 6.1232929E+00  6.9245502E+00  7.3616826E+00  7.4287079E+00  7.4364424E+00  7.4457990E+00  7.4371238E+00  7.3616826E+00  6.9245502E+00  6.1232929E+00  1.9730029E+02
 6.7516631E+00  7.5465905E+00  7.9812579E+00  8.0478025E+00  8.0555549E+00  8.0652823E+00  8.0565476E+00  7.9812579E+00  7.5465905E+00  6.7516631E+00  2.1360815E+02
 7.4132961E+00  8.2019544E+00  8.6341567E+00  8.7002634E+00  8.7080396E+00  8.7181197E+00  8.7093253E+00  8.6341567E+00  8.2019544E+00  7.4132961E+00  2.3056362E+02
 8.1087092E+00  8.8911592E+00  9.3209574E+00  9.3865834E+00  9.3943775E+00  9.4048406E+00  9.3959927E+00  9.3209574E+00  8.8911592E+00  8.1087092E+00  2.4815360E+02
 8.8383893E+00  9.6146919E+00  1.0042056E+01  1.0107250E+01  1.0115055E+01  1.0125920E+01  1.0117018E+01  1.0042056E+01  9.6146919E+00  8.8383893E+00  2.6636198E+02
 9.6027319E+00  1.0372979E+01  1.0797908E+01  1.0862682E+01  1.0870506E+01  1.0881753E+01  1.0872798E+01  1.0797908E+01  1.0372979E+01  9.6027319E+00  2.8517200E+02
 1.0402102E+01  1.1166293E+01  1.1588879E+01  1.1653209E+01  1.1661038E+01  1.1672675E+01  1.1663666E+01  1.1588879E+01  1.1166293E+01  1.0402102E+01  3.0456542E+02
 1.1236775E+01  1.1995031E+01  1.2415212E+01  1.2479122E+01  1.2486970E+01  1.2499020E+01  1.2489958E+01  1.2415212E+01  1.1995031E+01  1.1236775E+01  3.2452001E+02
 1.2107022E+01  1.2859344E+01  1.3277152E+01  1.3340679E+01  1.3348532E+01  1.3361002E+01  1.3351886E+01  1.3277152E+01  1.2859344E+01  1.2107022E+01  3.4501934E+02
 1.3012937E+01  1.3759416E+01  1.4174880E+01  1.4238006E+01  1.4245871E+01  1.4258772E+01  1.4249603E+01  1.4174880E+01  1.3759416E+01  1.3012937E+01  3.6603602E+02
 1.3954701E+01  1.4695367E+01  1.5108489E+01  1.5171218E+01  1.5179084E+01  1.5192422E+01  1.5183199E+01  1.5108489E+01  1.4695367E+01  1.3954701E+01  3.8754571E+02
 0.0000000E+00  0.0000000E+00  4.9300456E-01  5.7190991E-01  5.7895692E-01  5.8163625E-01  5.7433035E-01  4.9300456E-01  0.0000000E+00  0.0000000E+00  2.3200661E-01
 0.0000000E+00  0.0000000E+00  4.9391895E-01  5.7280277E-01  5.7985195E-01  5.8253872E-01  5.7523063E-01  4.9391895E-01  0.0000000E+00  0.0000000E+00  2.6462912E-01
 0.0000000E+00  4.6558774E-02  5.3716287E-01  6.1518584E-01  6.2230266E-01  6.2524784E-01  6.1784594E-01  5.3716287E-01  4.6558774E-02  0.0000000E+00  1.6721914E+00
 0.0000000E+00  1.0473959E-01  5.9186640E-01  6.6908273E-01  6.7626282E-01  6.7946420E-01  6.7197357E-01  5.9186640E-01  1.0473959E-01  0.0000000E+00  3.4227007E+00
 0.0000000E+00  1.7493830E-01  6.5872462E-01  7.3516773E-01  7.4240745E-01  7.4586724E-01  7.3829080E-01  6.5872462E-01  1.7493830E-01  0.0000000E+00  5.5488196E+00
 0.0000000E+00  2.5757308E-01  7.3813525E-01  8.1383705E-01  8.2113205E-01  8.2485247E-01  8.1719385E-01  7.3813525E-01  2.5757308E-01  0.0000000E+00  8.0698952E+00
 0.0000000E+00  3.5308179E-01  8.3052203E-01  9.0551521E-01  9.1286330E-01  9.1684585E-01  9.0910797E-01  8.3052203E-01  3.5308179E-01  0.0000000E+00  1.1003338E+01
 0.0000000E+00  4.6191904E-01  9.3633472E-01  1.0106453E+00  1.0180428E+00  1.0222875E+00  1.0144740E+00  9.3633472E-01  4.6191904E-01  0.0000000E+00  1.4364500E+01
 0.0000000E+00  5.8455501E-01  1.0560268E+00  1.1296800E+00  1.1371248E+00  1.1416390E+00  1.1337520E+00  1.0560268E+00  5.8455501E-01  0.0000000E+00  1.8167207E+01
 0.0000000E+00  7.2146809E-01  1.1900741E+00  1.2630958E+00  1.2705842E+00  1.2753673E+00  1.2674083E+00  1.1900741E+00  7.2146809E-01  0.0000000E+00  2.2423541E+01
 0.0000000E+00  8.7314893E-01  1.3389597E+00  1.4113693E+00  1.4189000E+00  1.4239548E+00  1.4159267E+00  1.3389597E+00  8.7314893E-01  0.0000000E+00  2.7144244E+01
 1.8861139E-01  1.0540308E+00  1.5169199E+00  1.5886952E+00  1.5962680E+00  1.6016184E+00  1.5935183E+00  1.5169199E+00  1.0540308E+00  1.8861139E-01  3.2399343E+01
 3.9548828E-01  1.2533342E+00  1.7133464E+00  1.7845051E+00  1.7921179E+00  1.7977734E+00  1.7896028E+00  1.7133464E+00  1.2533342E+00  3.9548828E-01  3.8201776E+01
 6.2145396E-01  1.4718658E+00  1.9290531E+00  1.9996093E+00  2.0072599E+00  2.0132214E+00  2.0049810E+00  1.9290531E+00  1.4718658E+00  6.2145396E-01  4.4564960E+01
 8.6731691E-01  1.7104322E+00  2.1648280E+00  2.2347995E+00  2.2424858E+00  2.2487644E+00  2.2404563E+00  2.1648280E+00  1.7104322E+00  8.6731691E-01  5.1500194E+01
 1.1338800E+00  1.9698289E+00  2.4214741E+00  2.4908728E+00  2.4985932E+00  2.5051904E+00  2.4968169E+00  2.4214741E+00  1.9698289E+00  1.1338800E+00  5.9017144E+01
 1.4219387E+00  2.2508326E+00  2.6997644E+00  2.7686044E+00  2.7763569E+00  2.7832830E+00  2.7748440E+00  2.6997644E+00  2.2508326E+00  1.4219387E+00  6.7123243E+01
 1.7322586E+00  2.5542166E+00  3.0004684E+00  3.0687638E+00  3.0765461E+00  3.0838034E+00  3.0753004E+00  3.0004684E+00  2.5542166E+00  1.7322586E+00  7.5824438E+01
 2.0656093E+00  2.8807317E+00  3.3243332E+00  3.3920997E+00  3.3999103E+00  3.4075047E+00  3.3989385E+00  3.3243332E+00  2.8807317E+00  2.0656093E+00  8.5124819E+01
 2.4227193E+00  3.2311101E+00  3.6720911E+00  3.7393374E+00  3.7471699E+00  3.7551154E+00  3.7464830E+00  3.6720911E+00  3.2311101E+00  2.4227193E+00  9.5026615E+01
 2.8043058E+00  3.6060543E+00  4.0444632E+00  4.1111746E+00  4.1190361E+00  4.1273307E+00  4.1186401E+00  4.0444632E+00  3.6060543E+00  2.8043058E+00  1.0552945E+02
 3.2110567E+00  4.0062521E+00  4.4420739E+00  4.5083097E+00  4.5161931E+00  4.5248590E+00  4.5161102E+00  4.4420739E+00  4.0062521E+00  3.2110567E+00  1.1663260E+02
 3.6436224E+00  4.4323353E+00  4.8656294E+00  4.9313898E+00  4.9392949E+00  4.9483321E+00  4.9395252E+00  4.8656294E+00  4.4323353E+00  3.6436224E+00  1.2833232E+02
 4.1026347E+00  4.8849580E+00  5.3157618E+00  5.3810094E+00  5.3889364E+00  5.3983449E+00  5.3894798E+00  5.3157618E+00  4.8849580E+00  4.1026347E+00  1.4062342E+02
 4.5886735E+00  5.3647151E+00  5.7929913E+00  5.8577856E+00  5.8657271E+00  5.8755069E+00  5.8665909E+00  5.7929913E+00  5.3647151E+00  4.5886735E+00  1.5349959E+02
 5.1022927E+00  5.8720896E+00  6.2978754E+00  6.3622314E+00  6.3701947E+00  6.3803680E+00  6.3713866E+00  6.2978754E+00  5.8720896E+00  5.1022927E+00  1.6695226E+02
 5.6439755E+00  6.4076393E+00  6.8309719E+00  6.8948745E+00  6.9028524E+00  6.9134192E+00  6.9043796E+00  6.8309719E+00  6.4076393E+00  5.6439755E+00  1.8097104E+02
 6.2142423E+00  6.9717730E+00  7.3926895E+00  7.4561610E+00  7.4641461E+00  7.4751065E+00  7.4660160E+00  7.3926895E+00  6.9717730E+00  6.2142423E+00  1.9554477E+02
 6.8134647E+00  7.5649738E+00  7.9834370E+00  8.0464924E+00  8.0544921E+00  8.0658981E+00  8.0567567E+00  7.9834370E+00  7.5649738E+00  6.8134647E+00  2.1066007E+02
 7.4420144E+00  8.1875763E+00  8.6036607E+00  8.6662849E+00  8.6742919E+00  8.6860915E+00  8.6768991E+00  8.6036607E+00  8.1875763E+00  7.4420144E+00  2.2630208E+02
 8.1002633E+00  8.8398779E+00  9.2535834E+00  9.3157915E+00  9.3238130E+00  9.3360432E+00  9.3267927E+00  9.2535834E+00  8.8398779E+00  8.1002633E+00  2.4245555E+02
 8.7883971E+00  9.5221759E+00  9.9335025E+00  9.9953167E+00  1.0003345E+01  1.0016006E+01  1.0006705E+01  9.9335025E+00  9.5221759E+00  8.7883971E+00  2.5910264E+02
 9.5066759E+00  1.0234656E+01  1.0643641E+01  1.0705061E+01  1.0713097E+01  1.0726189E+01  1.0716837E+01  1.0643641E+01  1.0234656E+01  9.5066759E+00  2.7622514E+02
 1.0255286E+01  1.0977505E+01  1.1384111E+01  1.1445181E+01  1.1453210E+01  1.1466777E+01  1.1457374E+01  1.1384111E+01  1.0977505E+01  1.0255286E+01  2.9380297E+02
 1.1034264E+01  1.1750796E+01  1.2155097E+01  1.2215774E+01  1.2223810E+01  1.2237822E+01  1.2228375E+01  1.2155097E+01  1.1750796E+01  1.1034264E+01  3.1181570E+02
 1.1843684E+01  1.2554566E+01  1.2956526E+01  1.3016868E+01  1.3024904E+01  1.3039392E+01  1.3029887E+01  1.2956526E+01  1.2554566E+01  1.1843684E+01  3.3024102E+02
 1.2683510E+01  1.3388816E+01  1.3788471E+01  1.3848442E+01  1.3856478E+01  1.3871456E+01  1.3861900E+01  1.3788471E+01  1.3388816E+01  1.2683510E+01  3.4905625E+02
 0.0000000E+00  0.0000000E+00  4.7844685E-01  5.5355629E-01  5.6097947E-01  5.6407604E-01  5.5635263E-01  4.7844685E-01  0.0000000E+00  0.0000000E+00  2.5391937E-01
 0.0000000E+00  0.0000000E+00  4.7934576E-01  5.5443162E-01  5.6185658E-01  5.6496223E-01  5.5723704E-01  4.7934576E-01  0.0000000E+00  0.0000000E+00  2.8595536E-01
 0.0000000E+00  4.5468000E-02  5.2154043E-01  5.9580253E-01  6.0329055E-01  6.0668553E-01  5.9886796E-01  5.2154043E-01  4.5468000E-02  0.0000000E+00  1.6621902E+00
 0.0000000E+00  1.0189009E-01  5.7453573E-01  6.4801942E-01  6.5556607E-01  6.5925219E-01  6.5134758E-01  5.7453573E-01  1.0189009E-01  0.0000000E+00  3.3615675E+00
 0.0000000E+00  1.6958724E-01  6.3894003E-01  7.1167975E-01  7.1927970E-01  7.2325786E-01  7.1526975E-01  6.3894003E-01  1.6958724E-01  0.0000000E+00  5.4128485E+00
 0.0000000E+00  2.4890359E-01  7.1507566E-01  7.8710680E-01  7.9475738E-01  7.9902941E-01  7.9096135E-01  7.1507566E-01  2.4890359E-01  0.0000000E+00  7.8319367E+00
 0.0000000E+00  3.4020006E-01  8.0329675E-01  8.7464378E-01  8.8234143E-01  8.8691187E-01  8.7876742E-01  8.0329675E-01  3.4020006E-01  0.0000000E+00  1.0632657E+01
 0.0000000E+00  4.4385212E-01  9.0396195E-01  9.7466025E-01  9.8240232E-01  9.8726934E-01  9.7905028E-01  9.0396195E-01  4.4385212E-01  0.0000000E+00  1.3827084E+01
 0.0000000E+00  5.6024839E-01  1.0174572E+00  1.0875312E+00  1.0953141E+00  1.1004823E+00  1.0921922E+00  1.0174572E+00  5.6024839E-01  0.0000000E+00  1.7425753E+01
 0.0000000E+00  6.8979246E-01  1.1441728E+00  1.2136444E+00  1.2214655E+00  1.2269348E+00  1.2185762E+00  1.1441728E+00  6.8979246E-01  0.0000000E+00  2.1437742E+01
 0.0000000E+00  8.3288387E-01  1.2845130E+00  1.3533966E+00  1.3612541E+00  1.3670318E+00  1.3586057E+00  1.2845130E+00  8.3288387E-01  0.0000000E+00  2.5870724E+01
 1.7759351E-01  1.0030336E+00  1.4517798E+00  1.5200618E+00  1.5279558E+00  1.5340654E+00  1.5255701E+00  1.4517798E+00  1.0030336E+00  1.7759351E-01  3.0785264E+01
 3.7183471E-01  1.1899813E+00  1.6358901E+00  1.7035904E+00  1.7115172E+00  1.7179669E+00  1.7094032E+00  1.6358901E+00  1.1899813E+00  3.7183471E-01  3.6192028E+01
 5.8341595E-01  1.3944034E+00  1.8375201E+00  1.9046533E+00  1.9126112E+00  1.9194055E+00  1.9107752E+00  1.8375201E+00  1.3944034E+00  5.8341595E-01  4.2100508E+01
 8.1301233E-01  1.6169719E+00  2.0573419E+00  2.1239179E+00  2.1319051E+00  2.1390532E+00  2.1303580E+00  2.0573419E+00  1.6169719E+00  8.1301233E-01  4.8518419E+01
 1.0612953E+00  1.8583496E+00  2.2960046E+00  2.3620470E+00  2.3700618E+00  2.3775681E+00  2.3688099E+00  2.2960046E+00  1.8583496E+00  1.0612953E+00  5.5452346E+01
 1.3289186E+00  2.1191856E+00  2.5541620E+00  2.6196790E+00  2.6277186E+00  2.6355914E+00  2.6267701E+00  2.5541620E+00  2.1191856E+00  1.3289186E+00  6.2906101E+01
 1.6165179E+00  2.4001020E+00  2.8324362E+00  2.8974422E+00  2.9055049E+00  2.9137486E+00  2.9048660E+00  2.8324362E+00  2.4001020E+00  1.6165179E+00  7.0882410E+01
 1.9247106E+00  2.7017163E+00  3.1314354E+00  3.1959450E+00  3.2040290E+00  3.2126527E+00  3.2037106E+00  3.1314354E+00  2.7017163E+00  1.9247106E+00  7.9382633E+01
 2.2540960E+00  3.0246140E+00  3.4517499E+00  3.5157729E+00  3.5238765E+00  3.5328875E+00  3.5238868E+00  3.4517499E+00  3.0246140E+00  2.2540960E+00  8.8405863E+01
 2.6052415E+00  3.3693627E+00  3.7939425E+00  3.8574936E+00  3.8656150E+00  3.8750160E+00  3.8659575E+00  3.7939425E+00  3.3693627E+00  2.6052415E+00  9.7949830E+01
 2.9786829E+00  3.7364980E+00  4.1585491E+00  4.2216364E+00  4.2297729E+00  4.2395784E+00  4.2304631E+00  4.1585491E+00  3.7364980E+00  2.9786829E+00  1.0801045E+02
 3.3749469E+00  4.1265331E+00  4.5460736E+00  4.6087161E+00  4.6168614E+00  4.6270650E+00  4.6178982E+00  4.5460736E+00  4.1265331E+00  3.3749469E+00  1.1858318E+02
 3.7945055E+00  4.5399401E+00  4.9569881E+00  5.0192131E+00  5.0273762E+00  5.0379879E+00  5.0287589E+00  4.9569881E+00  4.5399401E+00  3.7945055E+00  1.2965984E+02
 4.2378037E+00  4.9771456E+00  5.3917829E+00  5.4535268E+00  5.4616988E+00  5.4727640E+00  5.4634817E+00  5.3917829E+00  4.9771456E+00  4.2378037E+00  1.4123319E+02
 4.7052456E+00  5.4386356E+00  5.8507759E+00  5.9121294E+00  5.9203103E+00  5.9317836E+00  5.9224480E+00  5.8507759E+00  5.4386356E+00  4.7052456E+00  1.5329276E+02
 5.1972444E+00  5.9246415E+00  6.3343756E+00  6.3953388E+00  6.4035286E+00  6.4154554E+00  6.4060665E+00  6.3343756E+00  5.9246415E+00  5.1972444E+00  1.6582767E+02
 5.7140768E+00  6.4356174E+00  6.8429453E+00  6.9034728E+00  6.9116714E+00  6.9240518E+00  6.9146096E+00  6.8429453E+00  6.4356174E+00  5.7140768E+00  1.7882567E+02
 6.2560154E+00  6.9717448E+00  7.3767119E+00  7.4368762E+00  7.4450748E+00  7.4578904E+00  7.4483949E+00  7.3767119E+00  6.9717448E+00  6.2560154E+00  1.9227221E+02
 6.8233780E+00  7.5333416E+00  7.9359479E+00  7.9957036E+00  8.0039022E+00  8.0172167E+00  8.0076768E+00  7.9359479E+00  7.5333416E+00  6.8233780E+00  2.0615323E+02
 7.4163007E+00  8.1205893E+00  8.5207894E+00  8.5802273E+00  8.5884259E+00  8.6021939E+00  8.5926096E+00  8.5207894E+00  8.1205893E+00  7.4163007E+00  2.2045193E+02
 8.0349651E+00  8.7335788E+00  9.1314635E+00  9.1905381E+00  9.1987368E+00  9.2129854E+00  9.2033478E+00  9.1314635E+00  8.7335788E+00  8.0349651E+00  2.3515196E+02
 8.6794167E+00  9.3724916E+00  9.7680155E+00  9.8267269E+00  9.8349256E+00  9.8496731E+00  9.8399911E+00  9.7680155E+00  9.3724916E+00  8.6794167E+00  2.5023472E+02
 9.3497462E+00  1.0037282E+01  1.0430536E+01  1.0488866E+01  1.0497056E+01  1.0512311E+01  1.0502576E+01  1.0430536E+01  1.0037282E+01  9.3497462E+00  2.6568112E+02
 1.0045954E+01  1.0727996E+01  1.1118935E+01  1.1176974E+01  1.1185155E+01  1.1200891E+01  1.1191111E+01  1.1118935E+01  1.0727996E+01  1.0045954E+01  2.8147166E+02
 1.0767994E+01  1.1444588E+01  1.1833257E+01  1.1890933E+01  1.1899114E+01  1.1915394E+01  1.1905570E+01  1.1833257E+01  1.1444588E+01  1.0767994E+01  2.9758545E+02
 1.1515730E+01  1.2186922E+01  1.2573321E+01  1.2630706E+01  1.2638878E+01  1.2655666E+01  1.2645789E+01  1.2573321E+01  1.2186922E+01  1.1515730E+01  3.1400114E+02
 0.0000000E+00  0.0000000E+00  4.6410272E-01  5.3547088E-01  5.4327180E-01  5.4685145E-01  5.3870401E-01  4.6410272E-01  0.0000000E+00  0.0000000E+00  2.7782361E-01
 0.0000000E+00  0.0000000E+00  4.6498218E-01  5.3633029E-01  5.4413305E-01  5.4771847E-01  5.3956929E-01  4.6498218E-01  0.0000000E+00  0.0000000E+00  3.0928241E-01
 0.0000000E+00  4.4390614E-02  5.0614501E-01  5.7670188E-01  5.8455998E-01  5.8847396E-01  5.8023505E-01  5.0614501E-01  4.4390614E-02  0.0000000E+00  1.6547312E+00
 0.0000000E+00  9.9088128E-02  5.5746602E-01  6.2727543E-01  6.3518560E-01  6.3942861E-01  6.3110617E-01  5.5746602E-01  9.9088128E-02  0.0000000E+00  3.3039838E+00
 0.0000000E+00  1.6434690E-01  6.1947200E-01  6.8857549E-01  6.9653339E-01  7.0110875E-01  6.9270603E-01  6.1947200E-01  1.6434690E-01  0.0000000E+00  5.2822584E+00
 0.0000000E+00  2.4044202E-01  6.9242967E-01  7.6086044E-01  7.6886066E-01  7.7376391E-01  7.6528416E-01  6.9242967E-01  2.4044202E-01  0.0000000E+00  7.6021371E+00
 0.0000000E+00  3.2766517E-01  7.7661629E-01  8.4440316E-01  8.5244352E-01  8.5768243E-01  8.4912890E-01  7.7661629E-01  3.2766517E-01  0.0000000E+00  1.0274350E+01
 0.0000000E+00  4.2632133E-01  8.7233130E-01  9.3949753E-01  9.4757587E-01  9.5315044E-01  9.4452531E-01  8.7233130E-01  4.2632133E-01  0.0000000E+00  1.3308051E+01
 0.0000000E+00  5.3672824E-01  9.7987413E-01  1.0464496E+00  1.0545616E+00  1.0604751E+00  1.0517817E+00  9.7987413E-01  5.3672824E-01  0.0000000E+00  1.6710839E+01
 0.0000000E+00  6.5920862E-01  1.0995720E+00  1.1655744E+00  1.1737179E+00  1.1799726E+00  1.1712140E+00  1.0995720E+00  6.5920862E-01  0.0000000E+00  2.0488978E+01
 0.0000000E+00  7.9410018E-01  1.2317408E+00  1.2971936E+00  1.3053663E+00  1.3119656E+00  1.3031430E+00  1.2317408E+00  7.9410018E-01  0.0000000E+00  2.4647571E+01
 1.6709674E-01  9.5402814E-01  1.3888241E+00  1.4537138E+00  1.4619147E+00  1.4688906E+00  1.4600019E+00  1.3888241E+00  9.5402814E-01  1.6709674E-01  2.9238575E+01
 3.4933066E-01  1.1292386E+00  1.5612343E+00  1.6255785E+00  1.6338055E+00  1.6411614E+00  1.6322075E+00  1.5612343E+00  1.1292386E+00  3.4933066E-01  3.4270697E+01
 5.4727679E-01  1.3202915E+00  1.7495368E+00  1.8133479E+00  1.8215987E+00  1.8293401E+00  1.8203234E+00  1.7495368E+00  1.3202915E+00  5.4727679E-01  3.9750202E+01
 7.6150019E-01  1.5277470E+00  1.9542752E+00  2.0175764E+00  2.0258489E+00  2.0339814E+00  2.0249038E+00  1.9542752E+00  1.5277470E+00  7.6150019E-01  4.5681915E+01
 9.9254482E-01  1.7521430E+00  2.1759984E+00  2.2387941E+00  2.2470851E+00  2.2556241E+00  2.2464858E+00  2.1759984E+00  1.7521430E+00  9.9254482E-01  5.2068886E+01
 1.2409514E+00  1.9940118E+00  2.4152222E+00  2.4775323E+00  2.4858406E+00  2.4947884E+00  2.4855915E+00  2.4152222E+00  1.9940118E+00  1.2409514E+00  5.8912889E+01
 1.5072244E+00  2.2538525E+00  2.6724566E+00  2.7342933E+00  2.7426168E+00  2.7519767E+00  2.7427223E+00  2.6724566E+00  2.2538525E+00  1.5072244E+00  6.6213646E+01
 1.7918686E+00  2.5321585E+00  2.9481841E+00  3.0095652E+00  3.0179017E+00  3.0276826E+00  3.0183717E+00  2.9481841E+00  2.5321585E+00  1.7918686E+00  7.3970216E+01
 2.0953552E+00  2.8293957E+00  3.2428706E+00  3.3038048E+00  3.3121533E+00  3.3223662E+00  3.3130000E+00  3.2428706E+00  2.8293957E+00  2.0953552E+00  8.2179271E+01
 2.4181223E+00  3.1460077E+00  3.5569595E+00  3.6174569E+00  3.6258141E+00  3.6364656E+00  3.6270452E+00  3.5569595E+00  3.1460077E+00  2.4181223E+00  9.0836929E+01
 2.7605969E+00  3.4824048E+00  3.8908669E+00  3.9509396E+00  3.9593032E+00  3.9704023E+00  3.9609288E+00  3.8908669E+00  3.4824048E+00  2.7605969E+00  9.9937646E+01
 3.1231672E+00  3.8389808E+00  4.2449642E+00  4.3046288E+00  4.3129990E+00  4.3245478E+00  4.3150222E+00  4.2449642E+00  3.8389808E+00  3.1231672E+00  1.0947421E+02
 3.5061991E+00  4.2160850E+00  4.6196229E+00  4.6788839E+00  4.6872573E+00  4.6992714E+00  4.6896937E+00  4.6196229E+00  4.2160850E+00  3.5061991E+00  1.1943831E+02
 3.9100088E+00  4.6140445E+00  5.0151481E+00  5.0740254E+00  5.0824010E+00  5.0948825E+00  5.0852549E+00  5.0151481E+00  4.6140445E+00  3.9100088E+00  1.2981996E+02
 4.3348900E+00  5.0331477E+00  5.4318447E+00  5.4903371E+00  5.4987116E+00  5.5116762E+00  5.5019986E+00  5.4318447E+00  5.0331477E+00  4.3348900E+00  1.4060973E+02
 4.7811035E+00  5.4736385E+00  5.8699400E+00  5.9280798E+00  5.9364554E+00  5.9499151E+00  5.9401833E+00  5.8699400E+00  5.4736385E+00  4.7811035E+00  1.5179432E+02
 5.2488655E+00  5.9357611E+00  6.3296892E+00  6.3874409E+00  6.3958165E+00  6.4097638E+00  6.3999995E+00  6.3296892E+00  5.9357611E+00  5.2488655E+00  1.6336208E+02
 5.7383534E+00  6.4196317E+00  6.8112309E+00  6.8686276E+00  6.8769923E+00  6.8914712E+00  6.8816527E+00  6.8112309E+00  6.4196317E+00  5.7383534E+00  1.7529859E+02
 6.2496726E+00  6.9254612E+00  7.3146760E+00  7.3717731E+00  7.3801270E+00  7.3950820E+00  7.3852092E+00  7.3146760E+00  6.9254612E+00  6.2496726E+00  1.8758833E+02
 6.7830061E+00  7.4532496E+00  7.8401908E+00  7.8969329E+00  7.9052759E+00  7.9207849E+00  7.9108687E+00  7.8401908E+00  7.4532496E+00  6.7830061E+00  2.0021687E+02
 7.3382984E+00  8.0031631E+00  8.3877754E+00  8.4441847E+00  8.4525278E+00  8.4685575E+00  8.4585979E+00  8.3877754E+00  8.0031631E+00  7.3382984E+00  2.1316649E+02
 7.9156604E+00  8.5750909E+00  8.9574297E+00  9.0135394E+00  9.0218716E+00  9.0384330E+00  9.0284192E+00  8.9574297E+00  8.5750909E+00  7.9156604E+00  2.2641997E+02
 8.5149259E+00  9.1690884E+00  9.5490982E+00  9.6049416E+00  9.6132521E+00  9.6303674E+00  9.6203210E+00  9.5490982E+00  9.1690884E+00  8.5149259E+00  2.3995959E+02
 9.1361502E+00  9.7849893E+00  1.0162781E+01  1.0218269E+01  1.0226569E+01  1.0244294E+01  1.0234204E+01  1.0162781E+01  9.7849893E+00  9.1361502E+00  2.5376648E+02
 9.7791115E+00  1.0422738E+01  1.0798256E+01  1.0853501E+01  1.0861790E+01  1.0880046E+01  1.0869902E+01  1.0798256E+01  1.0422738E+01  9.7791115E+00  2.6782125E+02
 1.0443699E+01  1.1082113E+01  1.1455413E+01  1.1510369E+01  1.1518625E+01  1.1537468E+01  1.1527292E+01  1.1455413E+01  1.1082113E+01  1.0443699E+01  2.8210447E+02
 0.0000000E+00  0.0000000E+00  4.4995901E-01  5.1765160E-01  5.2582551E-01  5.2995956E-01  5.2138560E-01  4.4995901E-01  0.0000000E+00  0.0000000E+00  3.0388310E-01
 0.0000000E+00  0.0000000E+00  4.5082051E-01  5.1849416E-01  5.2666940E-01  5.3081265E-01  5.2223656E-01  4.5082051E-01  0.0000000E+00  0.0000000E+00  3.3477348E-01
 0.0000000E+00  4.3325304E-02  4.9095925E-01  5.5788124E-01  5.6610431E-01  5.7062047E-01  5.6195917E-01  4.9095925E-01  4.3325304E-02  0.0000000E+00  1.6499118E+00
 0.0000000E+00  9.6331885E-02  5.4063283E-01  6.0684997E-01  6.1511598E-01  6.2000288E-01  6.1126154E-01  5.4063283E-01  9.6331885E-02  0.0000000E+00  3.2500023E+00
 0.0000000E+00  1.5921256E-01  6.0030656E-01  6.6585605E-01  6.7416102E-01  6.7941947E-01  6.7060181E-01  6.0030656E-01  1.5921256E-01  0.0000000E+00  5.1569513E+00
 0.0000000E+00  2.3218143E-01  6.7017955E-01  7.3509536E-01  7.4343571E-01  7.4906463E-01  7.4017435E-01  6.7017955E-01  2.3218143E-01  0.0000000E+00  7.3803964E+00
 0.0000000E+00  3.1546606E-01  7.5046786E-01  8.1477582E-01  8.2314797E-01  8.2915845E-01  8.2019794E-01  7.5046786E-01  3.1546606E-01  0.0000000E+00  9.9282147E+00
 0.0000000E+00  4.0930892E-01  8.4140719E-01  9.0513842E-01  9.1353972E-01  9.1992095E-01  9.1089418E-01  8.4140719E-01  4.0930892E-01  0.0000000E+00  1.2806888E+01
 0.0000000E+00  5.1396263E-01  9.4323729E-01  1.0064107E+00  1.0148372E+00  1.0216040E+00  1.0125123E+00  9.4323729E-01  5.1396263E-01  0.0000000E+00  1.6021563E+01
 0.0000000E+00  6.2968592E-01  1.0562088E+00  1.1188555E+00  1.1273059E+00  1.1344543E+00  1.1253003E+00  1.0562088E+00  6.2968592E-01  0.0000000E+00  1.9576033E+01
 0.0000000E+00  7.5674631E-01  1.1805857E+00  1.2427207E+00  1.2511922E+00  1.2587222E+00  1.2495086E+00  1.1805857E+00  7.5674631E-01  0.0000000E+00  2.3473142E+01
 1.5710011E-01  9.0694148E-01  1.3279769E+00  1.3895838E+00  1.3980753E+00  1.4060287E+00  1.3967542E+00  1.3279769E+00  9.0694148E-01  1.5710011E-01  2.7756915E+01
 3.2793017E-01  1.0710075E+00  1.4892796E+00  1.5503841E+00  1.5588915E+00  1.5672711E+00  1.5579343E+00  1.4892796E+00  1.0710075E+00  3.2793017E-01  3.2434462E+01
 5.1296295E-01  1.2494049E+00  1.6649611E+00  1.7255741E+00  1.7340960E+00  1.7429072E+00  1.7335121E+00  1.6649611E+00  1.2494049E+00  5.1296295E-01  3.7509509E+01
 7.1265493E-01  1.4425807E+00  1.8554616E+00  1.9156006E+00  1.9241358E+00  1.9333922E+00  1.9239401E+00  1.8554616E+00  1.4425807E+00  7.1265493E-01  4.2984020E+01
 9.2746327E-01  1.6509819E+00  2.0612214E+00  2.1209013E+00  2.1294471E+00  2.1391460E+00  2.1296382E+00  2.0612214E+00  1.6509819E+00  9.2746327E-01  4.8858807E+01
 1.1577950E+00  1.8750217E+00  2.2826536E+00  2.3418893E+00  2.3504430E+00  2.3605992E+00  2.3510358E+00  2.2826536E+00  1.8750217E+00  1.1577950E+00  5.5133194E+01
 1.4040769E+00  2.1151064E+00  2.5201578E+00  2.5789642E+00  2.5875232E+00  2.5981463E+00  2.5885311E+00  2.5201578E+00  2.1151064E+00  1.4040769E+00  6.1805080E+01
 1.6666882E+00  2.3716085E+00  2.7741201E+00  2.8325148E+00  2.8410778E+00  2.8521689E+00  2.8425008E+00  2.7741201E+00  2.3716085E+00  1.6666882E+00  6.8871283E+01
 1.9459946E+00  2.6449006E+00  3.0448995E+00  3.1028837E+00  3.1114480E+00  3.1230209E+00  3.1133024E+00  3.0448995E+00  2.6449006E+00  1.9459946E+00  7.6326858E+01
 2.2423347E+00  2.9353145E+00  3.3328210E+00  3.3904191E+00  3.3989834E+00  3.4110420E+00  3.4012732E+00  3.3328210E+00  2.9353145E+00  2.2423347E+00  8.4167133E+01
 2.5560337E+00  3.2431617E+00  3.6382029E+00  3.6954163E+00  3.7039780E+00  3.7165331E+00  3.7067153E+00  3.6382029E+00  3.2431617E+00  2.5560337E+00  9.2383301E+01
 2.8873625E+00  3.5687200E+00  3.9613230E+00  4.0181652E+00  4.0267242E+00  4.0397827E+00  4.0299158E+00  3.9613230E+00  3.5687200E+00  2.8873625E+00  1.0096859E+02
 3.2365920E+00  3.9122400E+00  4.3024318E+00  4.3589150E+00  4.3674674E+00  4.3810400E+00  4.3711267E+00  4.3024318E+00  3.9122400E+00  3.2365920E+00  1.0991352E+02
 3.6039389E+00  4.2739587E+00  4.6617461E+00  4.7178879E+00  4.7264323E+00  4.7405299E+00  4.7305702E+00  4.6617461E+00  4.2739587E+00  3.6039389E+00  1.1920793E+02
 3.9896065E+00  4.6540521E+00  5.0394623E+00  5.0952735E+00  5.1038086E+00  5.1184312E+00  5.1084265E+00  5.0394623E+00  4.6540521E+00  3.9896065E+00  1.2884031E+02
 4.3937436E+00  5.0526829E+00  5.4357429E+00  5.4912207E+00  5.4997453E+00  5.5149104E+00  5.5048606E+00  5.4357429E+00  5.0526829E+00  4.3937436E+00  1.3879913E+02
 4.8164859E+00  5.4699798E+00  5.8506963E+00  5.9058597E+00  5.9143697E+00  5.9300855E+00  5.9199920E+00  5.8506963E+00  5.4699798E+00  4.8164859E+00  1.4907087E+02
 5.2579144E+00  5.9060171E+00  6.2844106E+00  6.3392731E+00  6.3477685E+00  6.3640418E+00  6.3539045E+00  6.2844106E+00  5.9060171E+00  5.2579144E+00  1.5964196E+02
 5.7180835E+00  6.3608560E+00  6.7369399E+00  6.7915219E+00  6.8000027E+00  6.8168348E+00  6.8066578E+00  6.7369399E+00  6.3608560E+00  5.7180835E+00  1.7049752E+02
 6.1970135E+00  6.8345031E+00  7.2082978E+00  7.2625883E+00  7.2710426E+00  7.2884562E+00  7.2782262E+00  7.2082978E+00  6.8345031E+00  6.1970135E+00  1.8162331E+02
 6.6946704E+00  7.3269585E+00  7.6984504E+00  7.7524427E+00  7.7608838E+00  7.7788930E+00  7.7686365E+00  7.6984504E+00  7.3269585E+00  6.6946704E+00  1.9300241E+02
 7.2110070E+00  7.8381070E+00  8.2073639E+00  8.2610985E+00  8.2695130E+00  8.2881038E+00  8.2777944E+00  8.2073639E+00  7.8381070E+00  7.2110070E+00  2.0461856E+02
 7.7459282E+00  8.3678809E+00  8.7348350E+00  8.7883392E+00  8.7967405E+00  8.8159673E+00  8.8056181E+00  8.7348350E+00  8.3678809E+00  7.7459282E+00  2.1645483E+02
 8.2992040E+00  8.9160770E+00  9.2808638E+00  9.3341103E+00  9.3424851E+00  9.3623208E+00  9.3519318E+00  9.2808638E+00  8.9160770E+00  8.2992040E+00  2.2849428E+02
 8.8708342E+00  9.4826276E+00  9.8451793E+00  9.8981682E+00  9.9065165E+00  9.9269610E+00  9.9165322E+00  9.8451793E+00  9.4826276E+00  8.8708342E+00  2.4071864E+02
 9.4604125E+00  1.0067262E+01  1.0427578E+01  1.0480350E+01  1.0488659E+01  1.0509752E+01  1.0499284E+01  1.0427578E+01  1.0067262E+01  9.4604125E+00  2.5311028E+02
 0.0000000E+00  0.0000000E+00  4.3600481E-01  5.0010530E-01  5.0864313E-01  5.1341697E-01  5.0441705E-01  4.3600481E-01  0.0000000E+00  0.0000000E+00  3.3227127E-01
 0.0000000E+00  0.0000000E+00  4.3684943E-01  5.0093123E-01  5.0947003E-01  5.1425394E-01  5.0525193E-01  4.3684943E-01  0.0000000E+00  0.0000000E+00  3.6260041E-01
 0.0000000E+00  4.2271188E-02  4.7597296E-01  5.3934971E-01  5.4792622E-01  5.5313157E-01  5.4404975E-01  4.7597296E-01  4.2271188E-02  0.0000000E+00  1.6478641E+00
 0.0000000E+00  9.3618864E-02  5.2403153E-01  5.8674900E-01  5.9535853E-01  6.0098232E-01  5.9182557E-01  5.2403153E-01  9.3618864E-02  0.0000000E+00  3.1996772E+00
 0.0000000E+00  1.5418118E-01  5.8142799E-01  6.4352288E-01  6.5216154E-01  6.5820427E-01  6.4897631E-01  5.8142799E-01  1.5418118E-01  0.0000000E+00  5.0369298E+00
 0.0000000E+00  2.2411448E-01  6.4830629E-01  7.0981015E-01  7.1847438E-01  7.2493738E-01  7.1564160E-01  6.4830629E-01  2.2411448E-01  0.0000000E+00  7.1665542E+00
 0.0000000E+00  3.0359248E-01  7.2482774E-01  7.8577047E-01  7.9445672E-01  8.0134230E-01  7.9198178E-01  7.2482774E-01  3.0359248E-01  0.0000000E+00  9.5940102E+00
 0.0000000E+00  3.9279967E-01  8.1116688E-01  8.7157527E-01  8.8028127E-01  8.8759273E-01  8.7816973E-01  8.1116688E-01  3.9279967E-01  0.0000000E+00  1.2323244E+01
 0.0000000E+00  4.9192961E-01  9.0750819E-01  9.6740800E-01  9.7612855E-01  9.8386802E-01  9.7438514E-01  9.0750819E-01  4.9192961E-01  0.0000000E+00  1.5357233E+01
 0.0000000E+00  6.0118499E-01  1.0140486E+00  1.0734571E+00  1.0821923E+00  1.0903581E+00  1.0808186E+00  1.0140486E+00  6.0118499E-01  0.0000000E+00  1.8697797E+01
 0.0000000E+00  7.2076929E-01  1.1309873E+00  1.1899311E+00  1.1986776E+00  1.2072748E+00  1.1976802E+00  1.1309873E+00  7.2076929E-01  0.0000000E+00  2.2345765E+01
 1.4758393E-01  8.6170386E-01  1.2691531E+00  1.3276206E+00  1.3363767E+00  1.3454400E+00  1.3357888E+00  1.2691531E+00  8.6170386E-01  1.4758393E-01  2.6337864E+01
 3.0758806E-01  1.0151984E+00  1.4199178E+00  1.4779221E+00  1.4866863E+00  1.4962321E+00  1.4865259E+00  1.4199178E+00  1.0151984E+00  3.0758806E-01  3.0680218E+01
 4.8039539E-01  1.1816145E+00  1.5836536E+00  1.6412145E+00  1.6499804E+00  1.6600120E+00  1.6502508E+00  1.5836536E+00  1.1816145E+00  4.8039539E-01  3.5374066E+01
 6.6637406E-01  1.3613161E+00  1.7607163E+00  1.8178454E+00  1.8266145E+00  1.8371370E+00  1.8273256E+00  1.7607163E+00  1.3613161E+00  6.6637406E-01  4.0419243E+01
 8.6587315E-01  1.5546588E+00  1.9514450E+00  2.0081687E+00  2.0169378E+00  2.0279544E+00  2.0180896E+00  1.9514450E+00  1.5546588E+00  8.6587315E-01  4.5814592E+01
 1.0792434E+00  1.7619571E+00  2.1561706E+00  2.2124939E+00  2.2212614E+00  2.2327870E+00  2.2228736E+00  2.1561706E+00  1.7619571E+00  1.0792434E+00  5.1557547E+01
 1.3067761E+00  1.9835254E+00  2.3752074E+00  2.4311403E+00  2.4399029E+00  2.4519474E+00  2.4419855E+00  2.3752074E+00  1.9835254E+00  1.3067761E+00  5.7644386E+01
 1.5487854E+00  2.2196613E+00  2.6088286E+00  2.6643924E+00  2.6731485E+00  2.6857120E+00  2.6757031E+00  2.6088286E+00  2.2196613E+00  1.5487854E+00  6.4070395E+01
 1.8055445E+00  2.4706214E+00  2.8573070E+00  2.9125116E+00  2.9212581E+00  2.9343619E+00  2.9243077E+00  2.8573070E+00  2.4706214E+00  1.8055445E+00  7.0829615E+01
 2.0772932E+00  2.7366621E+00  3.1208908E+00  3.1757528E+00  3.1844896E+00  3.1981305E+00  3.1880294E+00  3.1208908E+00  2.7366621E+00  2.0772932E+00  7.7915100E+01
 2.3642630E+00  3.0179985E+00  3.3998033E+00  3.4543244E+00  3.4630482E+00  3.4772428E+00  3.4670979E+00  3.3998033E+00  3.0179985E+00  2.3642630E+00  8.5319155E+01
 2.6666610E+00  3.3148291E+00  3.6942267E+00  3.7484283E+00  3.7571375E+00  3.7718907E+00  3.7617021E+00  3.6942267E+00  3.3148291E+00  2.6666610E+00  9.3032350E+01
 2.9846442E+00  3.6273194E+00  4.0043262E+00  4.0582216E+00  4.0669147E+00  4.0822396E+00  4.0720073E+00  4.0043262E+00  3.6273194E+00  2.9846442E+00  1.0104583E+02
 3.3183615E+00  3.9556183E+00  4.3302592E+00  4.3838533E+00  4.3925285E+00  4.4084285E+00  4.3981558E+00  4.3302592E+00  3.9556183E+00  3.3183615E+00  1.0934802E+02
 3.6679287E+00  4.2998167E+00  4.6721165E+00  4.7254192E+00  4.7340734E+00  4.7505634E+00  4.7402486E+00  4.6721165E+00  4.2998167E+00  3.6679287E+00  1.1792900E+02
 4.0334203E+00  4.6600057E+00  5.0299810E+00  5.0830088E+00  5.0916419E+00  5.1087285E+00  5.0983749E+00  5.0299810E+00  4.6600057E+00  4.0334203E+00  1.2677468E+02
 4.4148942E+00  5.0362349E+00  5.4039022E+00  5.4566600E+00  5.4652705E+00  5.4829636E+00  5.4725695E+00  5.4039022E+00  5.0362349E+00  4.4148942E+00  1.3587433E+02
 4.8123752E+00  5.4285209E+00  5.7938967E+00  5.8463945E+00  5.8549791E+00  5.8732919E+00  5.8628589E+00  5.7938967E+00  5.4285209E+00  4.8123752E+00  1.4521306E+02
 5.2258303E+00  5.8368388E+00  6.1999397E+00  6.2521906E+00  6.2607477E+00  6.2796934E+00  6.2692216E+00  6.1999397E+00  5.8368388E+00  5.2258303E+00  1.5477762E+02
 5.6552180E+00  6.2611472E+00  6.6219898E+00  6.6739988E+00  6.6825268E+00  6.7021054E+00  6.6915964E+00  6.6219898E+00  6.2611472E+00  5.6552180E+00  1.6455395E+02
 6.1004722E+00  6.7013635E+00  7.0599560E+00  7.1117364E+00  7.1202336E+00  7.1404633E+00  7.1299155E+00  7.0599560E+00  6.7013635E+00  6.1004722E+00  1.7452552E+02
 6.5614523E+00  7.1573553E+00  7.5137225E+00  7.5652825E+00  7.5737490E+00  7.5946364E+00  7.5840530E+00  7.5137225E+00  7.1573553E+00  6.5614523E+00  1.8467907E+02
 7.0380341E+00  7.6289902E+00  7.9831321E+00  8.0344866E+00  8.0429174E+00  8.0644742E+00  8.0538535E+00  7.9831321E+00  7.6289902E+00  7.0380341E+00  1.9499725E+02
 7.5300108E+00  8.1160697E+00  8.4679698E+00  8.5191535E+00  8.5275536E+00  8.5498145E+00  8.5391647E+00  8.4679698E+00  8.1160697E+00  7.5300108E+00  2.0546433E+02
 8.0371840E+00  8.6183622E+00  8.9681197E+00  9.0190714E+00  9.0274392E+00  9.0503609E+00  9.0396625E+00  8.9681197E+00  8.6183622E+00  8.0371840E+00  2.1606542E+02
 8.5592972E+00  9.1357187E+00  9.4832426E+00  9.5340119E+00  9.5423310E+00  9.5659964E+00  9.5552657E+00  9.4832426E+00  9.1357187E+00  8.5592972E+00  2.2678233E+02
 0.0000000E+00  0.0000000E+00  4.2222682E-01  4.8283459E-01  4.9172092E-01  4.9723112E-01  4.8781123E-01  4.2222682E-01  0.0000000E+00  0.0000000E+00  3.6317054E-01
 0.0000000E+00  0.0000000E+00  4.2305332E-01  4.8364351E-01  4.9253064E-01  4.9805355E-01  4.8863169E-01  4.2305332E-01  0.0000000E+00  0.0000000E+00  3.9294370E-01
 0.0000000E+00  4.1227246E-02  4.6117231E-01  5.2110906E-01  5.3002189E-01  5.3602017E-01  5.2652516E-01  4.6117231E-01  4.1227246E-02  0.0000000E+00  1.6486938E+00
 0.0000000E+00  9.0947023E-02  5.0764419E-01  5.6697413E-01  5.7590831E-01  5.8237731E-01  5.7281370E-01  5.0764419E-01  9.0947023E-02  0.0000000E+00  3.1530533E+00
 0.0000000E+00  1.4924774E-01  5.6281956E-01  6.2157701E-01  6.3052859E-01  6.3746951E-01  6.2784087E-01  5.6281956E-01  1.4924774E-01  0.0000000E+00  4.9221351E+00
 0.0000000E+00  2.1623457E-01  6.2679140E-01  6.8500844E-01  6.9397385E-01  7.0138792E-01  6.9169740E-01  6.2679140E-01  2.1623457E-01  0.0000000E+00  6.9604858E+00
 0.0000000E+00  2.9203302E-01  6.9967083E-01  7.5737573E-01  7.6635201E-01  7.7424063E-01  7.6449140E-01  6.9967083E-01  2.9203302E-01  0.0000000E+00  9.2712780E+00
 0.0000000E+00  3.7677443E-01  7.8158112E-01  8.3880052E-01  8.4778491E-01  8.5614969E-01  8.4634432E-01  7.8158112E-01  3.7677443E-01  0.0000000E+00  1.1856523E+01
 0.0000000E+00  4.7060329E-01  8.7265869E-01  9.2941619E-01  9.3840592E-01  9.4724849E-01  9.3738954E-01  8.7265869E-01  4.7060329E-01  0.0000000E+00  1.4717038E+01
 0.0000000E+00  5.7366812E-01  9.7304397E-01  1.0293600E+00  1.0383527E+00  1.0476784E+00  1.0377665E+00  9.7304397E-01  5.7366812E-01  0.0000000E+00  1.7853086E+01
 0.0000000E+00  6.8612251E-01  1.0828855E+00  1.1387852E+00  1.1477779E+00  1.1575821E+00  1.1476227E+00  1.0828855E+00  6.8612251E-01  0.0000000E+00  2.1263658E+01
 1.3852750E-01  8.1825121E-01  1.2122760E+00  1.2677473E+00  1.2767380E+00  1.2870690E+00  1.2770583E+00  1.2122760E+00  8.1825121E-01  1.3852750E-01  2.4979165E+01
 2.8825922E-01  9.6171042E-01  1.3530537E+00  1.4081086E+00  1.4170934E+00  1.4279573E+00  1.4178971E+00  1.3530537E+00  9.6171042E-01  2.8825922E-01  2.9004659E+01
 4.4949725E-01  1.1167942E+00  1.5054912E+00  1.5601500E+00  1.5691289E+00  1.5805357E+00  1.5704261E+00  1.5054912E+00  1.1167942E+00  4.4949725E-01  3.3339536E+01
 6.2252957E-01  1.2837813E+00  1.6698716E+00  1.7241564E+00  1.7331254E+00  1.7450853E+00  1.7349302E+00  1.6698716E+00  1.2837813E+00  6.2252957E-01  3.7981773E+01
 8.0762999E-01  1.4629538E+00  1.8464574E+00  1.9003845E+00  1.9093416E+00  1.9218505E+00  1.9116500E+00  1.8464574E+00  1.4629538E+00  8.0762999E-01  4.2928642E+01
 1.0050541E+00  1.6545338E+00  2.0355115E+00  2.0890868E+00  2.0980300E+00  2.1111041E+00  2.1008581E+00  2.0355115E+00  1.6545338E+00  1.0050541E+00  4.8176102E+01
 1.2150344E+00  1.8587741E+00  2.2372358E+00  2.2904815E+00  2.2994070E+00  2.3130564E+00  2.3027689E+00  2.2372358E+00  1.8587741E+00  1.2150344E+00  5.3719203E+01
 1.4378052E+00  2.0758766E+00  2.4518629E+00  2.5047831E+00  2.5136927E+00  2.5279275E+00  2.5175965E+00  2.4518629E+00  2.0758766E+00  1.4378052E+00  5.9552084E+01
 1.6735393E+00  2.3060333E+00  2.6795745E+00  2.7321873E+00  2.7410752E+00  2.7559013E+00  2.7455308E+00  2.6795745E+00  2.3060333E+00  1.6735393E+00  6.5667873E+01
 1.9224185E+00  2.5494161E+00  2.9205323E+00  2.9728478E+00  2.9817139E+00  2.9971416E+00  2.9867315E+00  2.9205323E+00  2.5494161E+00  1.9224185E+00  7.2058893E+01
 2.1845945E+00  2.8061663E+00  3.1748879E+00  3.2269222E+00  3.2357646E+00  3.2517999E+00  3.2413502E+00  3.1748879E+00  2.8061663E+00  2.1845945E+00  7.8716555E+01
 2.4601986E+00  3.0764153E+00  3.4427625E+00  3.4945217E+00  3.5033384E+00  3.5199973E+00  3.5095082E+00  3.4427625E+00  3.0764153E+00  2.4601986E+00  8.5631664E+01
 2.7493318E+00  3.3602540E+00  3.7242470E+00  3.7757473E+00  3.7845363E+00  3.8018230E+00  3.7912983E+00  3.7242470E+00  3.3602540E+00  2.7493318E+00  9.2794319E+01
 3.0520548E+00  3.6577532E+00  4.0194123E+00  4.0706656E+00  4.0794230E+00  4.0973556E+00  4.0867933E+00  4.0194123E+00  3.6577532E+00  3.0520548E+00  1.0019371E+02
 3.3684281E+00  3.9689534E+00  4.3283087E+00  4.3793192E+00  4.3880470E+00  4.4066235E+00  4.3960256E+00  4.3283087E+00  3.9689534E+00  3.3684281E+00  1.0781872E+02
 3.6984619E+00  4.2938847E+00  4.6509363E+00  4.7017262E+00  4.7104204E+00  4.7296589E+00  4.7190234E+00  4.6509363E+00  4.2938847E+00  3.6984619E+00  1.1565732E+02
 4.0421561E+00  4.6325270E+00  4.9873053E+00  5.0378704E+00  5.0465290E+00  5.0664336E+00  5.0557646E+00  4.9873053E+00  4.6325270E+00  4.0421561E+00  1.2369801E+02
 4.3994603E+00  4.9848399E+00  5.3373549E+00  5.3877156E+00  5.3963386E+00  5.4169254E+00  5.4062207E+00  5.3373549E+00  4.9848399E+00  4.3994603E+00  1.3192662E+02
 4.7703240E+00  5.3507526E+00  5.7010245E+00  5.7511868E+00  5.7597722E+00  5.7810514E+00  5.7703131E+00  5.7010245E+00  5.3507526E+00  4.7703240E+00  1.4033105E+02
 5.1546460E+00  5.7301743E+00  6.0782132E+00  6.1281891E+00  6.1367330E+00  6.1587166E+00  6.1479447E+00  6.0782132E+00  5.7301743E+00  5.1546460E+00  1.4889713E+02
 5.5522951E+00  6.1229735E+00  6.4687997E+00  6.5185993E+00  6.5271017E+00  6.5497998E+00  6.5389943E+00  6.4687997E+00  6.1229735E+00  5.5522951E+00  1.5761074E+02
 5.9631197E+00  6.5289886E+00  6.8726223E+00  6.9222516E+00  6.9307106E+00  6.9541333E+00  6.9432962E+00  6.8726223E+00  6.5289886E+00  5.9631197E+00  1.6645872E+02
 6.3869480E+00  6.9480580E+00  7.2894991E+00  7.3389643E+00  7.3473777E+00  7.3715371E+00  7.3606664E+00  7.2894991E+00  6.9480580E+00  6.3869480E+00  1.7542593E+02
 6.8235476E+00  7.3799391E+00  7.7192078E+00  7.7685189E+00  7.7768869E+00  7.8017972E+00  7.7908949E+00  7.7192078E+00  7.3799391E+00  6.8235476E+00  1.8449822E+02
 7.2726963E+00  7.8244096E+00  8.1615162E+00  8.2106853E+00  8.2190038E+00  8.2446670E+00  8.2337330E+00  8.1615162E+00  7.8244096E+00  7.2726963E+00  1.9366145E+02
 7.7341111E+00  8.2811867E+00  8.6161512E+00  8.6651783E+00  8.6734475E+00  8.6998796E+00  8.6889121E+00  8.6161512E+00  8.2811867E+00  7.7341111E+00  2.0290046E+02
 0.0000000E+00  0.0000000E+00  4.0862285E-01  4.6585812E-01  4.7507032E-01  4.8143020E-01  4.7160229E-01  4.0862285E-01  0.0000000E+00  0.0000000E+00  3.9677549E-01
 0.0000000E+00  0.0000000E+00  4.0943119E-01  4.6665214E-01  4.7586459E-01  4.8223704E-01  4.7240719E-01  4.0943119E-01  0.0000000E+00  0.0000000E+00  4.2599774E-01
 0.0000000E+00  4.0193156E-02  4.4655168E-01  5.0317990E-01  5.1240418E-01  5.1931312E-01  5.0941783E-01  4.4655168E-01  4.0193156E-02  0.0000000E+00  1.6525463E+00
 0.0000000E+00  8.8315158E-02  4.9146798E-01  5.4754564E-01  5.5677764E-01  5.6421739E-01  5.5426102E-01  4.9146798E-01  8.8315158E-02  0.0000000E+00  3.1102282E+00
 0.0000000E+00  1.4440945E-01  5.4447751E-01  6.0003985E-01  6.0927572E-01  6.1724578E-01  6.0723194E-01  5.4447751E-01  1.4440945E-01  0.0000000E+00  4.8126198E+00
 0.0000000E+00  2.0853822E-01  6.0562840E-01  6.6070649E-01  6.6994333E-01  6.7844493E-01  6.6837653E-01  6.0562840E-01  2.0853822E-01  0.0000000E+00  6.7621522E+00
 0.0000000E+00  2.8077996E-01  6.7498976E-01  7.2960973E-01  7.3884463E-01  7.4787852E-01  7.3775821E-01  6.7498976E-01  2.8077996E-01  0.0000000E+00  8.9599979E+00
 0.0000000E+00  3.6122354E-01  7.5263810E-01  8.0682731E-01  8.1605738E-01  8.2562554E-01  8.1545596E-01  7.5263810E-01  3.6122354E-01  0.0000000E+00  1.1406367E+01
 0.0000000E+00  4.4996643E-01  8.3866474E-01  8.9244612E-01  9.0166871E-01  9.1177186E-01  9.0155544E-01  8.3866474E-01  4.4996643E-01  0.0000000E+00  1.4100580E+01
 0.0000000E+00  5.4711232E-01  9.3316472E-01  9.8655971E-01  9.9577265E-01  1.0064142E+00  9.9615243E-01  9.3316472E-01  5.4711232E-01  0.0000000E+00  1.7041070E+01
 0.0000000E+00  6.5276732E-01  1.0362404E+00  1.0892681E+00  1.0984691E+00  1.1096521E+00  1.0993474E+00  1.0362404E+00  6.5276732E-01  0.0000000E+00  2.0225788E+01
 1.2991494E-01  7.7652040E-01  1.1572958E+00  1.2099485E+00  1.2191330E+00  1.2309057E+00  1.2205562E+00  1.1572958E+00  7.7652040E-01  1.2991494E-01  2.3679047E+01
 2.6990508E-01  9.1047085E-01  1.2885855E+00  1.3408873E+00  1.3500554E+00  1.3624223E+00  1.3520301E+00  1.2885855E+00  9.1047085E-01  2.6990508E-01  2.7405289E+01
 4.2020241E-01  1.0548420E+00  1.4303466E+00  1.4823125E+00  1.4914612E+00  1.5044272E+00  1.4939915E+00  1.4303466E+00  1.0548420E+00  4.2020241E-01  3.1402292E+01
 5.8102539E-01  1.2098487E+00  1.5827826E+00  1.6344274E+00  1.6435520E+00  1.6571294E+00  1.6466551E+00  1.5827826E+00  1.2098487E+00  5.8102539E-01  3.5666724E+01
 7.5257886E-01  1.3756883E+00  1.7460787E+00  1.7974147E+00  1.8065152E+00  1.8207113E+00  1.8101960E+00  1.7460787E+00  1.3756883E+00  7.5257886E-01  4.0194514E+01
 9.3505042E-01  1.5525348E+00  1.9204200E+00  1.9714670E+00  1.9805408E+00  1.9953608E+00  1.9848092E+00  1.9204200E+00  1.5525348E+00  9.3505042E-01  4.4980600E+01
 1.1286079E+00  1.7405500E+00  2.1059793E+00  2.1567322E+00  2.1657771E+00  2.1812405E+00  2.1706527E+00  2.1059793E+00  1.7405500E+00  1.1286079E+00  5.0019060E+01
 1.3333957E+00  1.9398941E+00  2.3028676E+00  2.3533635E+00  2.3623794E+00  2.3784863E+00  2.3678623E+00  2.3028676E+00  1.9398941E+00  1.3333957E+00  5.5303106E+01
 1.5495606E+00  2.1506907E+00  2.5112454E+00  2.5614867E+00  2.5704688E+00  2.5872339E+00  2.5765737E+00  2.5112454E+00  2.1506907E+00  1.5495606E+00  6.0825333E+01
 1.7772027E+00  2.3730262E+00  2.7311991E+00  2.7811931E+00  2.7901390E+00  2.8075747E+00  2.7968807E+00  2.7311991E+00  2.3730262E+00  1.7772027E+00  6.6577474E+01
 2.0163960E+00  2.6069992E+00  2.9628026E+00  3.0125741E+00  3.0214838E+00  3.0395900E+00  3.0288622E+00  2.9628026E+00  2.6069992E+00  2.0163960E+00  7.2551011E+01
 2.2672268E+00  2.8526715E+00  3.2061301E+00  3.2556865E+00  3.2645575E+00  3.2833540E+00  3.2725924E+00  3.2061301E+00  2.8526715E+00  2.2672268E+00  7.8736197E+01
 2.5297322E+00  3.1100801E+00  3.4612309E+00  3.5105721E+00  3.5194045E+00  3.5388963E+00  3.5281033E+00  3.4612309E+00  3.1100801E+00  2.5297322E+00  8.5123282E+01
 2.8039369E+00  3.3792496E+00  3.7280927E+00  3.7772335E+00  3.7860224E+00  3.8062242E+00  3.7953998E+00  3.7280927E+00  3.3792496E+00  2.8039369E+00  9.1701652E+01
 3.0898162E+00  3.6601555E+00  4.0067155E+00  4.0556805E+00  4.0644260E+00  4.0853378E+00  4.0744820E+00  4.0067155E+00  3.6601555E+00  3.0898162E+00  9.8460447E+01
 3.3873453E+00  3.9527729E+00  4.2970745E+00  4.3458589E+00  4.3545585E+00  4.3762000E+00  4.3653128E+00  4.2970745E+00  3.9527729E+00  3.3873453E+00  1.0538831E+02
 3.6964874E+00  4.2570403E+00  4.5990958E+00  4.6477242E+00  4.6563779E+00  4.6787541E+00  4.6678380E+00  4.5990958E+00  4.2570403E+00  3.6964874E+00  1.1247353E+02
 4.0171436E+00  4.5728959E+00  4.9127176E+00  4.9611850E+00  4.9697905E+00  4.9929211E+00  4.9819760E+00  4.9127176E+00  4.5728959E+00  4.0171436E+00  1.1970400E+02
 4.3492276E+00  4.9002038E+00  5.2378166E+00  5.2861304E+00  5.2946851E+00  5.3185849E+00  5.3076084E+00  5.2378166E+00  4.9002038E+00  4.3492276E+00  1.2706787E+02
 4.6925789E+00  5.2388409E+00  5.5742569E+00  5.6224418E+00  5.6309458E+00  5.6556075E+00  5.6446020E+00  5.5742569E+00  5.2388409E+00  4.6925789E+00  1.3455146E+02
 5.0470741E+00  5.5886589E+00  5.9218906E+00  5.9699490E+00  5.9783974E+00  6.0038479E+00  5.9928135E+00  5.9218906E+00  5.5886589E+00  5.0470741E+00  1.4214240E+02
 5.4125034E+00  5.9494603E+00  6.2805324E+00  6.3284692E+00  6.3368646E+00  6.3631089E+00  6.3520455E+00  6.2805324E+00  5.9494603E+00  5.4125034E+00  1.4982961E+02
 5.7886941E+00  6.3210602E+00  6.6499725E+00  6.6978026E+00  6.7061400E+00  6.7331856E+00  6.7220956E+00  6.6499725E+00  6.3210602E+00  5.7886941E+00  1.5759704E+02
 6.1753747E+00  6.7031993E+00  7.0299766E+00  7.0776999E+00  7.0859794E+00  7.1138533E+00  7.1027319E+00  7.0299766E+00  6.7031993E+00  6.1753747E+00  1.6543481E+02
 6.5723353E+00  7.0956431E+00  7.4202854E+00  7.4679266E+00  7.4761482E+00  7.5048430E+00  7.4936926E+00  7.4202854E+00  7.0956431E+00  6.5723353E+00  1.7332688E+02
 6.9792674E+00  7.4981078E+00  7.8206398E+00  7.8681890E+00  7.8763477E+00  7.9058832E+00  7.8947063E+00  7.8206398E+00  7.4981078E+00  6.9792674E+00  1.8126337E+02
 0.0000000E+00  0.0000000E+00  3.9517369E-01  4.4918567E-01  4.5869276E-01  4.6602918E-01  4.5581164E-01  3.9517369E-01  0.0000000E+00  0.0000000E+00  4.3328050E-01
 0.0000000E+00  0.0000000E+00  3.9596504E-01  4.4996345E-01  4.5947054E-01  4.6682141E-01  4.5660211E-01  3.9596504E-01  0.0000000E+00  0.0000000E+00  4.6195293E-01
 0.0000000E+00  3.9167367E-02  4.3209725E-01  4.8556804E-01  4.9507071E-01  5.0302625E-01  4.9275062E-01  4.3209725E-01  3.9167367E-02  0.0000000E+00  1.6595251E+00
 0.0000000E+00  8.5719898E-02  4.7548423E-01  5.2847049E-01  5.3796549E-01  5.4651696E-01  5.3618913E-01  4.7548423E-01  8.5719898E-02  0.0000000E+00  3.0712000E+00
 0.0000000E+00  1.3966136E-01  5.2637923E-01  5.7891437E-01  5.8839816E-01  5.9754587E-01  5.8716879E-01  5.2637923E-01  1.3966136E-01  0.0000000E+00  4.7082809E+00
 0.0000000E+00  2.0101602E-01  5.8479430E-01  6.3690602E-01  6.4637595E-01  6.5611960E-01  6.4569651E-01  5.8479430E-01  2.0101602E-01  0.0000000E+00  6.5712805E+00
 0.0000000E+00  2.6981961E-01  6.5075355E-01  7.0247047E-01  7.1192359E-01  7.2226437E-01  7.1179734E-01  6.5075355E-01  2.6981961E-01  0.0000000E+00  8.6597164E+00
 0.0000000E+00  3.4612367E-01  7.2430070E-01  7.7564510E-01  7.8507905E-01  7.9601696E-01  7.8550835E-01  7.2430070E-01  3.4612367E-01  0.0000000E+00  1.0972217E+01
 0.0000000E+00  4.2998698E-01  8.0548248E-01  8.5647814E-01  8.6589057E-01  8.7742802E-01  8.6687988E-01  8.0548248E-01  4.2998698E-01  0.0000000E+00  1.3506702E+01
 0.0000000E+00  5.2147137E-01  8.9435617E-01  9.4502357E-01  9.5441270E-01  9.6655210E-01  9.5596592E-01  8.9435617E-01  5.2147137E-01  0.0000000E+00  1.6260473E+01
 0.0000000E+00  6.2064614E-01  9.9098356E-01  1.0413420E+00  1.0507054E+00  1.0634492E+00  1.0528270E+00  9.9098356E-01  6.2064614E-01  0.0000000E+00  1.9230064E+01
 1.2172609E-01  7.3643772E-01  1.1041132E+00  1.1541596E+00  1.1634930E+00  1.1768904E+00  1.1662314E+00  1.1041132E+00  7.3643772E-01  1.2172609E-01  2.2434798E+01
 2.5247928E-01  8.6137579E-01  1.2264315E+00  1.2761842E+00  1.2854855E+00  1.2995454E+00  1.2888507E+00  1.2264315E+00  8.6137579E-01  2.5247928E-01  2.5878444E+01
 3.9243337E-01  9.9562312E-01  1.3581013E+00  1.4075757E+00  1.4168427E+00  1.4315739E+00  1.4208447E+00  1.3581013E+00  9.9562312E-01  3.9243337E-01  2.9557686E+01
 5.4174646E-01  1.1393335E+00  1.4992718E+00  1.5484772E+00  1.5577079E+00  1.5731259E+00  1.5623616E+00  1.4992718E+00  1.1393335E+00  5.4174646E-01  3.3468303E+01
 7.0056327E-01  1.2926440E+00  1.6500742E+00  1.6990409E+00  1.7082333E+00  1.7243349E+00  1.7135382E+00  1.6500742E+00  1.2926440E+00  7.0056327E-01  3.7604718E+01
 8.6901192E-01  1.4556768E+00  1.8106349E+00  1.8593661E+00  1.8685172E+00  1.8853174E+00  1.8744912E+00  1.8106349E+00  1.4556768E+00  8.6901192E-01  4.1961505E+01
 1.0472040E+00  1.6285344E+00  1.9810688E+00  2.0295733E+00  2.0386802E+00  2.0561820E+00  2.0453233E+00  1.9810688E+00  1.6285344E+00  1.0472040E+00  4.6531880E+01
 1.2352328E+00  1.8113132E+00  2.1614359E+00  2.2097350E+00  2.2188006E+00  2.2370160E+00  2.2261278E+00  2.1614359E+00  1.8113132E+00  1.2352328E+00  5.1308609E+01
 1.4331754E+00  2.0040857E+00  2.3518267E+00  2.3999233E+00  2.4089417E+00  2.4278889E+00  2.4169712E+00  2.3518267E+00  2.0040857E+00  1.4331754E+00  5.6283853E+01
 1.6410905E+00  2.2068969E+00  2.5522715E+00  2.6001957E+00  2.6091669E+00  2.6288518E+00  2.6179076E+00  2.5522715E+00  2.2068969E+00  1.6410905E+00  6.1449322E+01
 1.8590052E+00  2.4197922E+00  2.7628304E+00  2.8105762E+00  2.8194973E+00  2.8399290E+00  2.8289583E+00  2.7628304E+00  2.4197922E+00  1.8590052E+00  6.6796123E+01
 2.0869436E+00  2.6427565E+00  2.9834884E+00  3.0310799E+00  3.0399479E+00  3.0611444E+00  3.0501442E+00  2.9834884E+00  2.6427565E+00  2.0869436E+00  7.2314910E+01
 2.3249058E+00  2.8758198E+00  3.2142606E+00  3.2616978E+00  3.2705127E+00  3.2924650E+00  3.2814382E+00  3.2142606E+00  2.8758198E+00  2.3249058E+00  7.7995886E+01
 2.5728616E+00  3.1189220E+00  3.4551018E+00  3.5023997E+00  3.5111616E+00  3.5338998E+00  3.5228465E+00  3.4551018E+00  3.1189220E+00  2.5728616E+00  8.3828952E+01
 2.8307657E+00  3.3720329E+00  3.7059517E+00  3.7531283E+00  3.7618312E+00  3.7853583E+00  3.7742785E+00  3.7059517E+00  3.3720329E+00  2.8307657E+00  8.9803707E+01
 3.0985580E+00  3.6350770E+00  3.9667801E+00  4.0138265E+00  4.0224733E+00  4.0468014E+00  4.0356980E+00  3.9667801E+00  3.6350770E+00  3.0985580E+00  9.5909298E+01
 3.3761177E+00  3.9079641E+00  4.2374513E+00  4.2843855E+00  4.2929704E+00  4.3181115E+00  4.3069815E+00  4.2374513E+00  3.9079641E+00  3.3761177E+00  1.0213472E+02
 3.6633696E+00  4.1905734E+00  4.5178599E+00  4.5647030E+00  4.5732289E+00  4.5991951E+00  4.5880415E+00  4.5178599E+00  4.1905734E+00  3.6633696E+00  1.0846897E+02
 3.9601629E+00  4.4827693E+00  4.8078853E+00  4.8546402E+00  4.8631012E+00  4.8898985E+00  4.8787154E+00  4.8078853E+00  4.4827693E+00  3.9601629E+00  1.1490060E+02
 4.2663468E+00  4.7844011E+00  5.1073616E+00  5.1540284E+00  5.1624245E+00  5.1900709E+00  5.1788672E+00  5.1073616E+00  4.7844011E+00  4.2663468E+00  1.2141799E+02
 4.5817406E+00  5.0953030E+00  5.4160929E+00  5.4627017E+00  5.4710330E+00  5.4995315E+00  5.4883013E+00  5.4160929E+00  5.0953030E+00  4.5817406E+00  1.2800985E+02
 4.9061481E+00  5.4152488E+00  5.7339135E+00  5.7804431E+00  5.7887065E+00  5.8180874E+00  5.8068335E+00  5.7339135E+00  5.4152488E+00  4.9061481E+00  1.3466441E+02
 5.2393585E+00  5.7440276E+00  6.0605820E+00  6.1070537E+00  6.1152522E+00  6.1455153E+00  6.1342349E+00  6.0605820E+00  5.7440276E+00  5.2393585E+00  1.4137022E+02
 5.5811154E+00  6.0814133E+00  6.3958574E+00  6.4422830E+00  6.4504079E+00  6.4815652E+00  6.4702583E+00  6.3958574E+00  6.0814133E+00  5.5811154E+00  1.4811552E+02
 5.9311777E+00  6.4271345E+00  6.7394835E+00  6.7858691E+00  6.7939231E+00  6.8259868E+00  6.8146563E+00  6.7394835E+00  6.4271345E+00  5.9311777E+00  1.5488871E+02
 6.2892741E+00  6.7809200E+00  7.0911737E+00  7.1375344E+00  7.1455177E+00  7.1784968E+00  7.1671397E+00  7.0911737E+00  6.7809200E+00  6.2892741E+00  1.6167923E+02
 0.0000000E+00  0.0000000E+00  3.8188003E-01  4.3284409E-01  4.4260571E-01  4.5106474E-01  4.4048329E-01  3.8188003E-01  0.0000000E+00  0.0000000E+00  4.7289651E-01
 0.0000000E+00  0.0000000E+00  3.8265328E-01  4.3360555E-01  4.4336681E-01  4.5184313E-01  4.4126060E-01  3.8265328E-01  0.0000000E+00  0.0000000E+00  5.0101686E-01
 0.0000000E+00  3.8149341E-02  4.1780279E-01  4.6830229E-01  4.7804122E-01  4.8719613E-01  4.7656749E-01  4.1780279E-01  3.8149341E-02  0.0000000E+00  1.6697825E+00
 0.0000000E+00  8.3160128E-02  4.5968875E-01  5.0977483E-01  5.1948818E-01  5.2931396E-01  5.1864317E-01  4.5968875E-01  8.3160128E-02  0.0000000E+00  3.0360552E+00
 0.0000000E+00  1.3500125E-01  5.0852286E-01  5.5822716E-01  5.6791242E-01  5.7840722E-01  5.6769681E-01  5.0852286E-01  1.3500125E-01  0.0000000E+00  4.6091121E+00
 0.0000000E+00  1.9366110E-01  5.6428121E-01  6.1363242E-01  6.2328742E-01  6.3444941E-01  6.2370154E-01  5.6428121E-01  1.9366110E-01  0.0000000E+00  6.3878338E+00
 0.0000000E+00  2.5914392E-01  6.2695641E-01  6.7597992E-01  6.8560178E-01  6.9743205E-01  6.8664924E-01  6.2695641E-01  2.5914392E-01  0.0000000E+00  8.3702504E+00
 0.0000000E+00  3.3146628E-01  6.9655585E-01  7.4527261E-01  7.5485989E-01  7.6735809E-01  7.5654250E-01  6.9655585E-01  3.3146628E-01  0.0000000E+00  1.0553711E+01
 0.0000000E+00  4.1064843E-01  7.7309239E-01  8.2152486E-01  8.3107504E-01  8.4424372E-01  8.3339643E-01  7.7309239E-01  4.1064843E-01  0.0000000E+00  1.2934956E+01
 0.0000000E+00  4.9672167E-01  8.5658999E-01  9.0475838E-01  9.1426966E-01  9.2810956E-01  9.1723274E-01  8.5658999E-01  4.9672167E-01  0.0000000E+00  1.5510249E+01
 0.0000000E+00  5.8972097E-01  9.4707624E-01  9.9499602E-01  1.0044669E+00  1.0189810E+00  1.0080757E+00  9.4707624E-01  5.8972097E-01  0.0000000E+00  1.8275411E+01
 1.1394376E-01  6.9794953E-01  1.0526776E+00  1.1003524E+00  1.1097776E+00  1.1250202E+00  1.1140861E+00  1.0526776E+00  6.9794953E-01  1.1394376E-01  2.1244544E+01
 2.3594657E-01  8.1435055E-01  1.1664956E+00  1.2139419E+00  1.2233196E+00  1.2392989E+00  1.2283364E+00  1.1664956E+00  8.1435055E-01  2.3594657E-01  2.4421845E+01
 3.6612792E-01  9.3903818E-01  1.2886389E+00  1.3358726E+00  1.3452005E+00  1.3619250E+00  1.3509358E+00  1.2886389E+00  9.3903818E-01  3.6612792E-01  2.7802584E+01
 5.0459772E-01  1.0721100E+00  1.4192069E+00  1.4662426E+00  1.4755190E+00  1.4929968E+00  1.4819813E+00  1.4192069E+00  1.0721100E+00  5.0459772E-01  3.1381604E+01
 6.5144619E-01  1.2136581E+00  1.5582842E+00  1.6051360E+00  1.6143588E+00  1.6326004E+00  1.6215597E+00  1.5582842E+00  1.2136581E+00  6.5144619E-01  3.5153200E+01
 8.0675617E-01  1.3637505E+00  1.7059409E+00  1.7526216E+00  1.7617889E+00  1.7808062E+00  1.7697406E+00  1.7059409E+00  1.3637505E+00  8.0675617E-01  3.9110926E+01
 9.7059026E-01  1.5224498E+00  1.8622322E+00  1.9087576E+00  1.9178672E+00  1.9376734E+00  1.9265826E+00  1.8622322E+00  1.5224498E+00  9.7059026E-01  4.3247788E+01
 1.1429926E+00  1.6897985E+00  2.0272096E+00  2.0735797E+00  2.0826317E+00  2.1032323E+00  2.0921200E+00  2.0272096E+00  1.6897985E+00  1.1429926E+00  4.7556053E+01
 1.3239983E+00  1.8658223E+00  2.2008768E+00  2.2471210E+00  2.2561118E+00  2.2775105E+00  2.2663729E+00  2.2008768E+00  1.8658223E+00  1.3239983E+00  5.2027987E+01
 1.5136164E+00  2.0505174E+00  2.3832522E+00  2.4293815E+00  2.4383075E+00  2.4605227E+00  2.4493634E+00  2.3832522E+00  2.0505174E+00  1.5136164E+00  5.6655308E+01
 1.7118452E+00  2.2439023E+00  2.5743358E+00  2.6203577E+00  2.6292224E+00  2.6522430E+00  2.6410622E+00  2.5743358E+00  2.2439023E+00  1.7118452E+00  6.1429176E+01
 1.9186607E+00  2.4459403E+00  2.7740908E+00  2.8199978E+00  2.8287977E+00  2.8526716E+00  2.8414692E+00  2.7740908E+00  2.4459403E+00  1.9186607E+00  6.6340388E+01
 2.1340279E+00  2.6565759E+00  2.9824804E+00  3.0282910E+00  3.0370260E+00  3.0617348E+00  3.0505107E+00  2.9824804E+00  2.6565759E+00  2.1340279E+00  7.1379553E+01
 2.3578824E+00  2.8757541E+00  3.1994125E+00  3.2451670E+00  3.2538300E+00  3.2793957E+00  3.2681501E+00  3.1994125E+00  2.8757541E+00  2.3578824E+00  7.6537283E+01
 2.5901321E+00  3.1033828E+00  3.4248503E+00  3.4705194E+00  3.4791139E+00  3.5055623E+00  3.4942951E+00  3.4248503E+00  3.1033828E+00  2.5901321E+00  8.1803451E+01
 2.8307034E+00  3.3394067E+00  3.6586649E+00  3.7042595E+00  3.7127821E+00  3.7401132E+00  3.7288279E+00  3.6586649E+00  3.3394067E+00  2.8307034E+00  8.7168300E+01
 3.0794674E+00  3.5836601E+00  3.9007275E+00  3.9462845E+00  3.9547350E+00  3.9829598E+00  3.9716529E+00  3.9007275E+00  3.5836601E+00  3.0794674E+00  9.2621335E+01
 3.3363137E+00  3.8360142E+00  4.1509275E+00  4.1964579E+00  4.2048328E+00  4.2339439E+00  4.2226154E+00  4.1509275E+00  3.8360142E+00  3.3363137E+00  9.8152616E+01
 3.6010581E+00  4.0963401E+00  4.4090994E+00  4.4545848E+00  4.4628839E+00  4.4929292E+00  4.4815755E+00  4.4090994E+00  4.0963401E+00  3.6010581E+00  1.0375165E+02
 3.8735350E+00  4.3644352E+00  4.6750773E+00  4.7205361E+00  4.7287596E+00  4.7597280E+00  4.7483527E+00  4.6750773E+00  4.3644352E+00  3.8735350E+00  1.0940812E+02
 4.1535602E+00  4.6401340E+00  4.9486588E+00  4.9941020E+00  5.0022463E+00  5.0341562E+00  5.0227629E+00  4.9486588E+00  4.6401340E+00  4.1535602E+00  1.1511172E+02
 4.4409497E+00  4.9232154E+00  5.2296414E+00  5.2750689E+00  5.2831340E+00  5.3159965E+00  5.3045815E+00  5.2296414E+00  4.9232154E+00  4.4409497E+00  1.2085215E+02
 4.7354457E+00  5.2134769E+00  5.5178041E+00  5.5632345E+00  5.5712203E+00  5.6050353E+00  5.5935987E+00  5.5178041E+00  5.2134769E+00  4.7354457E+00  1.2661890E+02
 5.0368456E+00  5.5106424E+00  5.8128892E+00  5.8583334E+00  5.8662363E+00  5.9010333E+00  5.8895752E+00  5.8128892E+00  5.5106424E+00  5.0368456E+00  1.3240204E+02
 5.3448549E+00  5.8144725E+00  6.1146573E+00  6.1601153E+00  6.1679354E+00  6.2037254E+00  6.1922420E+00  6.1146573E+00  5.8144725E+00  5.3448549E+00  1.3819162E+02
 5.6592343E+00  6.1246911E+00  6.4228324E+00  6.4683152E+00  6.4760488E+00  6.5128318E+00  6.5013268E+00  6.4228324E+00  6.1246911E+00  5.6592343E+00  1.4397752E+02
 0.0000000E+00  0.0000000E+00  3.6872791E-01  4.1685539E-01  4.2682086E-01  4.3657139E-01  4.2566089E-01  3.6872791E-01  0.0000000E+00  0.0000000E+00  5.1582466E-01
 0.0000000E+00  0.0000000E+00  3.6948347E-01  4.1760239E-01  4.2756698E-01  4.3733637E-01  4.2642500E-01  3.6948347E-01  0.0000000E+00  0.0000000E+00  5.4339335E-01
 0.0000000E+00  3.7138134E-02  4.0365875E-01  4.5140662E-01  4.6132853E-01  4.7185937E-01  4.6091368E-01  4.0365875E-01  3.7138134E-02  0.0000000E+00  1.6834196E+00
 0.0000000E+00  8.0633259E-02  4.4406960E-01  4.9148237E-01  5.0135941E-01  5.1264360E-01  5.0166623E-01  4.4406960E-01  8.0633259E-02  0.0000000E+00  3.0048078E+00
 0.0000000E+00  1.3042398E-01  4.9089366E-01  5.3800143E-01  5.4783184E-01  5.5986445E-01  5.4885804E-01  4.9089366E-01  1.3042398E-01  0.0000000E+00  4.5150370E+00
 0.0000000E+00  1.8646916E-01  5.4407470E-01  5.9090311E-01  6.0068512E-01  6.1346614E-01  6.0243245E-01  5.4407470E-01  1.8646916E-01  0.0000000E+00  6.2115911E+00
 0.0000000E+00  2.4874338E-01  6.0357901E-01  6.5015185E-01  6.5988282E-01  6.7341045E-01  6.6235125E-01  6.0357901E-01  2.4874338E-01  0.0000000E+00  8.0912543E+00
 0.0000000E+00  3.1722887E-01  6.6937959E-01  7.1571754E-01  7.2539660E-01  7.3967174E-01  7.2858834E-01  6.6937959E-01  3.1722887E-01  0.0000000E+00  1.0150294E+01
 0.0000000E+00  3.9192519E-01  7.4146295E-01  7.8758938E-01  7.9721477E-01  8.1223517E-01  8.0112934E-01  7.4146295E-01  3.9192519E-01  0.0000000E+00  1.2384528E+01
 0.0000000E+00  4.7282784E-01  8.1982461E-01  8.6575389E-01  8.7532383E-01  8.9109310E-01  8.7996614E-01  8.1982461E-01  4.7282784E-01  0.0000000E+00  1.4789390E+01
 0.0000000E+00  5.5994132E-01  9.0446005E-01  9.5020970E-01  9.5972290E-01  9.7624370E-01  9.6509607E-01  9.0446005E-01  5.5994132E-01  0.0000000E+00  1.7360047E+01
 1.0655053E-01  6.6098755E-01  1.0029158E+00  1.0484907E+00  1.0579419E+00  1.0752731E+00  1.0641048E+00  1.0029158E+00  6.6098755E-01  1.0655053E-01  2.0106370E+01
 2.2026465E-01  7.6930823E-01  1.1086865E+00  1.1541047E+00  1.1634916E+00  1.1816395E+00  1.1704514E+00  1.1086865E+00  7.6930823E-01  2.2026465E-01  2.3032227E+01
 3.4121768E-01  8.8496858E-01  1.2218418E+00  1.2671131E+00  1.2764340E+00  1.2954107E+00  1.2842028E+00  1.2218418E+00  8.8496858E-01  3.4121768E-01  2.6132693E+01
 4.6947732E-01  1.0080293E+00  1.3424312E+00  1.3875745E+00  1.3968277E+00  1.4166403E+00  1.4054135E+00  1.3424312E+00  1.0080293E+00  4.6947732E-01  2.9401810E+01
 6.0509011E-01  1.1385353E+00  1.4705020E+00  1.5155293E+00  1.5247130E+00  1.5453711E+00  1.5341262E+00  1.4705020E+00  1.1385353E+00  6.0509011E-01  3.2833505E+01
 7.4809653E-01  1.2765160E+00  1.6060833E+00  1.6510055E+00  1.6601183E+00  1.6816336E+00  1.6703711E+00  1.6060833E+00  1.2765160E+00  7.4809653E-01  3.6420584E+01
 8.9851906E-01  1.4219937E+00  1.7491909E+00  1.7940201E+00  1.8030604E+00  1.8254412E+00  1.8141616E+00  1.7491909E+00  1.4219937E+00  8.9851906E-01  4.0156299E+01
 1.0563689E+00  1.5749707E+00  1.8998248E+00  1.9445763E+00  1.9535426E+00  1.9767990E+00  1.9655018E+00  1.8998248E+00  1.5749707E+00  1.0563689E+00  4.4032781E+01
 1.2216350E+00  1.7354381E+00  2.0579783E+00  2.1026597E+00  2.1115503E+00  2.1356939E+00  2.1243800E+00  2.0579783E+00  1.7354381E+00  1.2216350E+00  4.8042160E+01
 1.3943013E+00  1.9033710E+00  2.2236198E+00  2.2682459E+00  2.2770582E+00  2.3020984E+00  2.2907651E+00  2.2236198E+00  1.9033710E+00  1.3943013E+00  5.2176565E+01
 1.5743276E+00  2.0787268E+00  2.3966999E+00  2.4412847E+00  2.4500223E+00  2.4759744E+00  2.4646235E+00  2.3966999E+00  2.0787268E+00  1.5743276E+00  5.6427001E+01
 1.7616620E+00  2.2614425E+00  2.5772007E+00  2.6217261E+00  2.6303800E+00  2.6572575E+00  2.6458934E+00  2.5772007E+00  2.2614425E+00  1.7616620E+00  6.0785373E+01
 1.9562372E+00  2.4514775E+00  2.7649871E+00  2.8095071E+00  2.8180819E+00  2.8458847E+00  2.8345030E+00  2.7649871E+00  2.4514775E+00  1.9562372E+00  6.5242237E+01
 2.1579654E+00  2.6487084E+00  2.9600143E+00  3.0045198E+00  3.0130110E+00  3.0417527E+00  3.0303534E+00  2.9600143E+00  2.6487084E+00  2.1579654E+00  6.9788823E+01
 2.3667477E+00  2.8530225E+00  3.1621697E+00  3.2066609E+00  3.2150684E+00  3.2447580E+00  3.2333455E+00  3.1621697E+00  2.8530225E+00  2.3667477E+00  7.4416136E+01
 2.5824626E+00  3.0643526E+00  3.3713185E+00  3.4158177E+00  3.4241417E+00  3.4547925E+00  3.4433625E+00  3.3713185E+00  3.0643526E+00  2.5824626E+00  7.9114732E+01
 2.8049910E+00  3.2825185E+00  3.5873482E+00  3.6318465E+00  3.6400825E+00  3.6717305E+00  3.6602829E+00  3.5873482E+00  3.2825185E+00  2.8049910E+00  8.3875391E+01
 3.0341529E+00  3.5073855E+00  3.8101015E+00  3.8546078E+00  3.8627602E+00  3.8953921E+00  3.8839268E+00  3.8101015E+00  3.5073855E+00  3.0341529E+00  8.8688669E+01
 3.2698360E+00  3.7387962E+00  4.0393983E+00  4.0839171E+00  4.0919771E+00  4.1256197E+00  4.1141368E+00  4.0393983E+00  3.7387962E+00  3.2698360E+00  9.3545571E+01
 3.5118154E+00  3.9765705E+00  4.2750590E+00  4.3196217E+00  4.3275938E+00  4.3622336E+00  4.3507331E+00  4.2750590E+00  3.9765705E+00  3.5118154E+00  9.8436429E+01
 3.7599112E+00  4.2204837E+00  4.5169034E+00  4.5615012E+00  4.5693808E+00  4.6050537E+00  4.5935357E+00  4.5169034E+00  4.2204837E+00  3.7599112E+00  1.0335247E+02
 4.0139209E+00  4.4703560E+00  4.7647069E+00  4.8093486E+00  4.8171402E+00  4.8538463E+00  4.8423063E+00  4.7647069E+00  4.4703560E+00  4.0139209E+00  1.0828470E+02
 4.2736198E+00  4.7259398E+00  5.0182444E+00  5.0629436E+00  5.0706428E+00  5.1084046E+00  5.0968469E+00  5.0182444E+00  4.7259398E+00  4.2736198E+00  1.1322368E+02
 4.5387830E+00  4.9870329E+00  5.2772912E+00  5.3220612E+00  5.3296637E+00  5.3684855E+00  5.3569058E+00  5.2772912E+00  4.9870329E+00  4.5387830E+00  1.1816086E+02
 4.8091406E+00  5.2533878E+00  5.5415999E+00  5.5864273E+00  5.5939374E+00  5.6338374E+00  5.6222401E+00  5.5415999E+00  5.2533878E+00  4.8091406E+00  1.2308770E+02
 5.0844677E+00  5.5246899E+00  5.8109006E+00  5.8557989E+00  5.8632122E+00  5.9042082E+00  5.8925845E+00  5.8109006E+00  5.5246899E+00  5.0844677E+00  1.2799565E+02
 0.0000000E+00  0.0000000E+00  3.5572087E-01  4.0125985E-01  4.1136718E-01  4.2259996E-01  4.1140339E-01  3.5572087E-01  0.0000000E+00  0.0000000E+00  5.6228265E-01
 0.0000000E+00  0.0000000E+00  3.5645969E-01  4.0198986E-01  4.1209558E-01  4.2334976E-01  4.1215320E-01  3.5645969E-01  0.0000000E+00  0.0000000E+00  5.8929488E-01
 0.0000000E+00  3.6133206E-02  3.8966536E-01  4.3491631E-01  4.4495700E-01  4.5706659E-01  4.4584745E-01  3.8966536E-01  3.6133206E-02  0.0000000E+00  1.7005724E+00
 0.0000000E+00  7.8138239E-02  4.2862778E-01  4.7362861E-01  4.8360375E-01  4.9655503E-01  4.8531654E-01  4.2862778E-01  7.8138239E-02  0.0000000E+00  2.9775240E+00
 0.0000000E+00  1.2592749E-01  4.7348976E-01  5.1826849E-01  5.2817699E-01  5.4196721E-01  5.3071046E-01  4.7348976E-01  1.2592749E-01  0.0000000E+00  4.4260492E+00
 0.0000000E+00  1.7943421E-01  5.2417167E-01  5.6875407E-01  5.7859379E-01  5.9321911E-01  5.8194570E-01  5.2417167E-01  1.7943421E-01  0.0000000E+00  6.0424704E+00
 0.0000000E+00  2.3860621E-01  5.8061032E-01  6.2501727E-01  6.3478767E-01  6.5024645E-01  6.3895745E-01  5.8061032E-01  2.3860621E-01  0.0000000E+00  7.8225030E+00
 0.0000000E+00  3.0340478E-01  6.4275902E-01  6.8700919E-01  6.9670865E-01  7.1299978E-01  7.0169628E-01  6.4275902E-01  3.0340478E-01  0.0000000E+00  9.7615877E+00
 0.0000000E+00  3.7379585E-01  7.1057934E-01  7.5468808E-01  7.6431608E-01  7.8144067E-01  7.7012373E-01  7.1057934E-01  3.7379585E-01  0.0000000E+00  1.1854781E+01
 0.0000000E+00  4.4975966E-01  7.8403555E-01  8.2802264E-01  8.3757809E-01  8.5553503E-01  8.4420519E-01  7.8403555E-01  4.4975966E-01  0.0000000E+00  1.4096974E+01
 0.0000000E+00  5.3127147E-01  8.6310294E-01  9.0698265E-01  9.1646448E-01  9.3525541E-01  9.2391322E-01  8.6310294E-01  5.3127147E-01  0.0000000E+00  1.6482810E+01
 9.9531039E-02  6.2549977E-01  9.5477970E-01  9.9855800E-01  1.0079598E+00  1.0276511E+00  1.0162965E+00  9.5477970E-01  6.2549977E-01  9.9531039E-02  1.9018224E+01
 2.0539972E-01  7.2617144E-01  1.0529383E+00  1.0966355E+00  1.1059550E+00  1.1265533E+00  1.1151864E+00  1.0529383E+00  7.2617144E-01  2.0539972E-01  2.1707553E+01
 3.1764559E-01  8.3331946E-01  1.1576144E+00  1.2012404E+00  1.2104772E+00  1.2319917E+00  1.2206135E+00  1.1576144E+00  8.3331946E-01  3.1764559E-01  2.4545032E+01
 4.3629612E-01  9.4696305E-01  1.2688246E+00  1.3123925E+00  1.3215449E+00  1.3439851E+00  1.3325951E+00  1.2688246E+00  9.4696305E-01  4.3629612E-01  2.7524451E+01
 5.6136806E-01  1.0671132E+00  1.3865770E+00  1.4300972E+00  1.4391637E+00  1.4625410E+00  1.4511397E+00  1.3865770E+00  1.0671132E+00  5.6136806E-01  3.0639576E+01
 6.9286141E-01  1.1937671E+00  1.5108662E+00  1.5543530E+00  1.5633324E+00  1.5876540E+00  1.5762420E+00  1.5108662E+00  1.1937671E+00  6.9286141E-01  3.3882965E+01
 8.3077342E-01  1.3269139E+00  1.6416756E+00  1.6851406E+00  1.6940319E+00  1.7193098E+00  1.7078860E+00  1.6416756E+00  1.3269139E+00  8.3077342E-01  3.7248026E+01
 9.7507663E-01  1.4665233E+00  1.7789807E+00  1.8224315E+00  1.8312330E+00  1.8574788E+00  1.8460436E+00  1.7789807E+00  1.4665233E+00  9.7507663E-01  4.0726794E+01
 1.1257381E+00  1.6125596E+00  1.9227373E+00  1.9661882E+00  1.9748989E+00  2.0021197E+00  1.9906738E+00  1.9227373E+00  1.6125596E+00  1.1257381E+00  4.4312127E+01
 1.2827111E+00  1.7649705E+00  2.0728934E+00  2.1163521E+00  2.1249704E+00  2.1531809E+00  2.1417237E+00  2.0728934E+00  1.7649705E+00  1.2827111E+00  4.7995512E+01
 1.4459297E+00  1.9236876E+00  2.2293802E+00  2.2728593E+00  2.2813846E+00  2.3105938E+00  2.2991248E+00  2.2293802E+00  1.9236876E+00  1.4459297E+00  5.1769258E+01
 1.6153198E+00  2.0886366E+00  2.3921210E+00  2.4356265E+00  2.4440578E+00  2.4742770E+00  2.4627962E+00  2.3921210E+00  2.0886366E+00  1.6153198E+00  5.5624851E+01
 1.7907935E+00  2.2597213E+00  2.5610195E+00  2.6045618E+00  2.6128974E+00  2.6441388E+00  2.6326456E+00  2.5610195E+00  2.2597213E+00  1.7907935E+00  5.9554325E+01
 1.9722464E+00  2.4368374E+00  2.7359713E+00  2.7795516E+00  2.7877948E+00  2.8200634E+00  2.8085584E+00  2.7359713E+00  2.4368374E+00  1.9722464E+00  6.3549442E+01
 2.1595605E+00  2.6198668E+00  2.9168529E+00  2.9604871E+00  2.9686336E+00  3.0019611E+00  2.9904399E+00  2.9168529E+00  2.6198668E+00  2.1595605E+00  6.7601413E+01
 2.3526065E+00  2.8086667E+00  3.1035353E+00  3.1472342E+00  3.1552786E+00  3.1896539E+00  3.1781167E+00  3.1035353E+00  2.8086667E+00  2.3526065E+00  7.1702272E+01
 2.5512418E+00  3.0031218E+00  3.2958755E+00  3.3396392E+00  3.3475815E+00  3.3830157E+00  3.3714677E+00  3.2958755E+00  3.0031218E+00  2.5512418E+00  7.5843230E+01
 2.7553015E+00  3.2030424E+00  3.4936813E+00  3.5375373E+00  3.5453774E+00  3.5818981E+00  3.5703393E+00  3.4936813E+00  3.2030424E+00  2.7553015E+00  8.0016323E+01
 2.9646427E+00  3.4082639E+00  3.6968428E+00  3.7407636E+00  3.7485017E+00  3.7861251E+00  3.7745502E+00  3.6968428E+00  3.4082639E+00  2.9646427E+00  8.4212762E+01
 3.1790651E+00  3.6185939E+00  3.9051130E+00  3.9491370E+00  3.9567784E+00  3.9955046E+00  3.9839082E+00  3.9051130E+00  3.6185939E+00  3.1790651E+00  8.8425130E+01
 3.3983489E+00  3.8338677E+00  4.1183543E+00  4.1624596E+00  4.1699935E+00  4.2098389E+00  4.1982264E+00  4.1183543E+00  3.8338677E+00  3.3983489E+00  9.2644914E+01
 3.6223292E+00  4.0538656E+00  4.3363198E+00  4.3805283E+00  4.3879654E+00  4.4289358E+00  4.4173125E+00  4.3363198E+00  4.0538656E+00  3.6223292E+00  9.6864149E+01
 3.8507864E+00  4.2783678E+00  4.5587895E+00  4.6031067E+00  4.6104364E+00  4.6525698E+00  4.6409251E+00  4.5587895E+00  4.2783678E+00  3.8507864E+00  1.0107542E+02
 4.0835007E+00  4.5071545E+00  4.7855713E+00  4.8300082E+00  4.8372358E+00  4.8805159E+00  4.8688497E+00  4.7855713E+00  4.5071545E+00  4.0835007E+00  1.0527103E+02
 4.3202250E+00  4.7400062E+00  5.0164180E+00  5.0609636E+00  5.0680837E+00  5.1125269E+00  5.1008392E+00  5.0164180E+00  4.7400062E+00  4.3202250E+00  1.0944385E+02
 4.5607121E+00  4.9766206E+00  5.2510549E+00  5.2957366E+00  5.3027493E+00  5.3483830E+00  5.3366738E+00  5.2510549E+00  4.9766206E+00  4.5607121E+00  1.1358618E+02
 0.0000000E+00  0.0000000E+00  3.4284990E-01  3.8609140E-01  3.9626534E-01  4.0919893E-01  3.9777073E-01  3.4284990E-01  0.0000000E+00  0.0000000E+00  6.1247157E-01
 0.0000000E+00  0.0000000E+00  3.4357114E-01  3.8680525E-01  3.9697721E-01  4.0993560E-01  3.9850674E-01  3.4357114E-01  0.0000000E+00  0.0000000E+00  6.3891948E-01
 0.0000000E+00  3.5133376E-02  3.7581584E-01  4.1886581E-01  4.2894983E-01  4.4286589E-01  4.3142784E-01  3.7581584E-01  3.5133376E-02  0.0000000E+00  1.7213378E+00
 0.0000000E+00  7.5672066E-02  4.1335080E-01  4.5624882E-01  4.6624423E-01  4.8110054E-01  4.6965527E-01  4.1335080E-01  7.5672066E-02  0.0000000E+00  2.9541912E+00
 0.0000000E+00  1.2150671E-01  4.5630013E-01  4.9906298E-01  5.0896979E-01  5.2476433E-01  5.1331250E-01  4.5630013E-01  1.2150671E-01  0.0000000E+00  4.3420653E+00
 0.0000000E+00  1.7254808E-01  5.0455648E-01  5.4720965E-01  5.5702720E-01  5.7375327E-01  5.6229553E-01  5.0455648E-01  1.7254808E-01  0.0000000E+00  5.8801967E+00
 0.0000000E+00  2.2872337E-01  5.5803935E-01  6.0059961E-01  6.1032789E-01  6.2798214E-01  6.1651850E-01  5.5803935E-01  2.2872337E-01  0.0000000E+00  7.5636172E+00
 0.0000000E+00  2.8997153E-01  6.1667492E-01  6.5916106E-01  6.6879942E-01  6.8737984E-01  6.7591160E-01  6.1667492E-01  2.8997153E-01  0.0000000E+00  9.3869928E+00
 0.0000000E+00  3.5624158E-01  6.8040954E-01  7.2283361E-01  7.3238140E-01  7.5188865E-01  7.4041516E-01  6.8040954E-01  3.5624158E-01  0.0000000E+00  1.1344923E+01
 0.0000000E+00  4.2748386E-01  7.4918281E-01  7.9156159E-01  8.0101881E-01  8.2145222E-01  8.0997479E-01  7.4918281E-01  4.2748386E-01  0.0000000E+00  1.3431838E+01
 0.0000000E+00  5.0366079E-01  8.2295448E-01  8.6530004E-01  8.7466603E-01  8.9602426E-01  8.8454289E-01  8.2295448E-01  5.0366079E-01  0.0000000E+00  1.5642069E+01
 9.2867900E-02  5.9142127E-01  9.0819898E-01  9.5052533E-01  9.5979220E-01  9.8214830E-01  9.7066234E-01  9.0819898E-01  5.9142127E-01  9.2867900E-02  1.7978099E+01
 1.9131388E-01  6.8486113E-01  9.9916313E-01  1.0414837E+00  1.0506514E+00  1.0740121E+00  1.0625215E+00  9.9916313E-01  6.8486113E-01  1.9131388E-01  2.0444625E+01
 2.9534532E-01  7.8398039E-01  1.0958503E+00  1.1381744E+00  1.1472411E+00  1.1716157E+00  1.1601205E+00  1.0958503E+00  7.8398039E-01  2.9534532E-01  2.3035640E+01
 4.0496087E-01  8.8876896E-01  1.1982436E+00  1.2405848E+00  1.2495504E+00  1.2749490E+00  1.2634492E+00  1.1982436E+00  8.8876896E-01  4.0496087E-01  2.5744739E+01
 5.2014545E-01  9.9921345E-01  1.3063231E+00  1.3486940E+00  1.3575565E+00  1.3839871E+00  1.3724821E+00  1.3063231E+00  9.9921345E-01  5.2014545E-01  2.8565379E+01
 6.4087522E-01  1.1152803E+00  1.4200618E+00  1.4624711E+00  1.4712300E+00  1.4987047E+00  1.4871944E+00  1.4200618E+00  1.1152803E+00  6.4087522E-01  3.1490683E+01
 7.6712002E-01  1.2369326E+00  1.5394162E+00  1.5818726E+00  1.5905271E+00  1.6190547E+00  1.6075392E+00  1.5394162E+00  1.2369326E+00  7.6712002E-01  3.4513440E+01
 8.9882950E-01  1.3641167E+00  1.6643326E+00  1.7068469E+00  1.7153957E+00  1.7449874E+00  1.7334653E+00  1.6643326E+00  1.3641167E+00  8.9882950E-01  3.7626872E+01
 1.0359466E+00  1.4967789E+00  1.7947472E+00  1.8373294E+00  1.8457726E+00  1.8764385E+00  1.8649099E+00  1.7947472E+00  1.4967789E+00  1.0359466E+00  4.0823163E+01
 1.1784010E+00  1.6348387E+00  1.9305896E+00  1.9732484E+00  1.9815853E+00  2.0133362E+00  2.0018003E+00  1.9305896E+00  1.6348387E+00  1.1784010E+00  4.4094934E+01
 1.3261154E+00  1.7782156E+00  2.0717759E+00  2.1145174E+00  2.1227459E+00  2.1555932E+00  2.1440495E+00  2.0717759E+00  1.7782156E+00  1.3261154E+00  4.7434468E+01
 1.4789960E+00  1.9268123E+00  2.2182021E+00  2.2610350E+00  2.2691546E+00  2.3031103E+00  2.2915587E+00  2.2182021E+00  1.9268123E+00  1.4789960E+00  5.0834721E+01
 1.6369387E+00  2.0805247E+00  2.3697643E+00  2.4126987E+00  2.4207093E+00  2.4557841E+00  2.4442233E+00  2.3697643E+00  2.0805247E+00  1.6369387E+00  5.4287306E+01
 1.7998294E+00  2.2392357E+00  2.5263450E+00  2.5693882E+00  2.5772885E+00  2.6134932E+00  2.6019232E+00  2.5263450E+00  2.2392357E+00  1.7998294E+00  5.7785179E+01
 1.9675375E+00  2.4028141E+00  2.6878134E+00  2.7309687E+00  2.7387588E+00  2.7761094E+00  2.7645283E+00  2.6878134E+00  2.4028141E+00  1.9675375E+00  6.1320624E+01
 2.1399285E+00  2.5711193E+00  2.8540286E+00  2.8973055E+00  2.9049833E+00  2.9434859E+00  2.9318936E+00  2.8540286E+00  2.5711193E+00  2.1399285E+00  6.4885924E+01
 2.3168551E+00  2.7440035E+00  3.0248363E+00  3.0682428E+00  3.0758091E+00  3.1154790E+00  3.1038742E+00  3.0248363E+00  2.7440035E+00  2.3168551E+00  6.8473701E+01
 2.4981527E+00  2.9213024E+00  3.2000822E+00  3.2436202E+00  3.2510743E+00  3.2919236E+00  3.2803064E+00  3.2000822E+00  2.9213024E+00  2.4981527E+00  7.2076909E+01
 2.6836604E+00  3.1028516E+00  3.3795884E+00  3.4232668E+00  3.4306113E+00  3.4726576E+00  3.4610272E+00  3.3795884E+00  3.1028516E+00  2.6836604E+00  7.5687833E+01
 2.8731936E+00  3.2884666E+00  3.5631874E+00  3.6069919E+00  3.6142182E+00  3.6574707E+00  3.6458272E+00  3.5631874E+00  3.2884666E+00  2.8731936E+00  7.9299763E+01
 3.0665679E+00  3.4779462E+00  3.7506441E+00  3.7946419E+00  3.8017500E+00  3.8461952E+00  3.8345321E+00  3.7506441E+00  3.4779462E+00  3.0665679E+00  8.2905319E+01
 3.2635853E+00  3.6711393E+00  3.9418244E+00  3.9859619E+00  3.9929585E+00  4.0386434E+00  4.0269606E+00  3.9418244E+00  3.6711393E+00  3.2635853E+00  8.6497793E+01
 3.4640580E+00  3.8677878E+00  4.1364936E+00  4.1807908E+00  4.1876692E+00  4.2345939E+00  4.2228979E+00  4.1364936E+00  3.8677878E+00  3.4640580E+00  9.0071145E+01
 3.6677176E+00  4.0676901E+00  4.3344168E+00  4.3788871E+00  4.3856540E+00  4.4338385E+00  4.4221163E+00  4.3344168E+00  4.0676901E+00  3.6677176E+00  9.3618330E+01
 3.8744299E+00  4.2706117E+00  4.5354262E+00  4.5800563E+00  4.5867050E+00  4.6361493E+00  4.6244074E+00  4.5354262E+00  4.2706117E+00  3.8744299E+00  9.7133647E+01
 4.0838930E+00  4.4763847E+00  4.7392200E+00  4.7840433E+00  4.7905739E+00  4.8412780E+00  4.8295164E+00  4.7392200E+00  4.4763847E+00  4.0838930E+00  1.0061106E+02
 0.0000000E+00  0.0000000E+00  3.3011693E-01  3.7139476E-01  3.8154821E-01  3.9643266E-01  3.8483447E-01  3.3011693E-01  0.0000000E+00  0.0000000E+00  6.6658968E-01
 0.0000000E+00  0.0000000E+00  3.3081881E-01  3.7209456E-01  3.8224520E-01  3.9715495E-01  3.8555732E-01  3.3081881E-01  0.0000000E+00  0.0000000E+00  6.9246444E-01
 0.0000000E+00  3.4137932E-02  3.6210617E-01  4.0330085E-01  4.1333829E-01  4.2931952E-01  4.1772606E-01  3.6210617E-01  3.4137932E-02  0.0000000E+00  1.7458112E+00
 0.0000000E+00  7.3233166E-02  3.9824398E-01  4.3938227E-01  4.4930836E-01  4.6634060E-01  4.5475187E-01  3.9824398E-01  7.3233166E-02  0.0000000E+00  2.9348253E+00
 0.0000000E+00  1.1715799E-01  4.3932606E-01  4.8042582E-01  4.9024049E-01  5.0831800E-01  4.9673328E-01  4.3932606E-01  1.1715799E-01  0.0000000E+00  4.2629239E+00
 0.0000000E+00  1.6580541E-01  4.8522867E-01  5.2631000E-01  5.3601404E-01  5.5513027E-01  5.4354955E-01  4.8522867E-01  1.6580541E-01  0.0000000E+00  5.7246126E+00
 0.0000000E+00  2.1908448E-01  5.3585553E-01  5.7693071E-01  5.8652412E-01  6.0667662E-01  5.9510072E-01  5.3585553E-01  2.1908448E-01  0.0000000E+00  7.3142614E+00
 0.0000000E+00  2.7691694E-01  5.9111649E-01  6.3220356E-01  6.4168714E-01  6.6286527E-01  6.5129418E-01  5.9111649E-01  2.7691694E-01  0.0000000E+00  9.0260933E+00
 0.0000000E+00  3.3923313E-01  6.5093370E-01  6.9204495E-01  7.0141871E-01  7.2362737E-01  7.1205948E-01  6.5093370E-01  3.3923313E-01  0.0000000E+00  1.0854290E+01
 0.0000000E+00  4.0597117E-01  7.1524161E-01  7.5638689E-01  7.6565162E-01  7.8888591E-01  7.7732203E-01  7.1524161E-01  4.0597117E-01  0.0000000E+00  1.2793033E+01
 0.0000000E+00  4.7707495E-01  7.8397466E-01  8.2516460E-01  8.3431951E-01  8.5858023E-01  8.4701956E-01  7.8397466E-01  4.7707495E-01  0.0000000E+00  1.4836504E+01
 8.6546275E-02  5.5869826E-01  8.6312317E-01  9.0437328E-01  9.1341195E-01  9.3877441E-01  9.2721614E-01  8.6312317E-01  5.5869826E-01  8.6546275E-02  1.6984130E+01
 1.7797250E-01  6.4529985E-01  9.4728683E-01  9.8861266E-01  9.9753268E-01  1.0240083E+00  1.0124525E+00  9.4728683E-01  6.4529985E-01  1.7797250E-01  1.9241074E+01
 2.7426022E-01  7.3685104E-01  1.0364493E+00  1.0778566E+00  1.0866587E+00  1.1142517E+00  1.1026974E+00  1.0364493E+00  7.3685104E-01  2.7426022E-01  2.1601270E+01
 3.7538282E-01  8.3332314E-01  1.1305613E+00  1.1720648E+00  1.1807483E+00  1.2094716E+00  1.1979182E+00  1.1305613E+00  8.3332314E-01  3.7538282E-01  2.4058246E+01
 4.8130341E-01  9.3467519E-01  1.2295901E+00  1.2711964E+00  1.2797605E+00  1.3096207E+00  1.2980680E+00  1.2295901E+00  9.3467519E-01  4.8130341E-01  2.6605528E+01
 5.9198103E-01  1.0408539E+00  1.3334785E+00  1.3751956E+00  1.3836403E+00  1.4146505E+00  1.4030971E+00  1.3334785E+00  1.0408539E+00  5.9198103E-01  2.9236436E+01
 7.0735421E-01  1.1518020E+00  1.4421689E+00  1.4840035E+00  1.4923279E+00  1.5244947E+00  1.5129405E+00  1.4421689E+00  1.1518020E+00  7.0735421E-01  3.1944088E+01
 8.2736150E-01  1.2674538E+00  1.5555876E+00  1.5975504E+00  1.6057537E+00  1.6390886E+00  1.6275319E+00  1.5555876E+00  1.2674538E+00  8.2736150E-01  3.4721681E+01
 9.5193323E-01  1.3877233E+00  1.6736527E+00  1.7157519E+00  1.7238342E+00  1.7583517E+00  1.7467919E+00  1.6736527E+00  1.3877233E+00  9.5193323E-01  3.7562210E+01
 1.0809752E+00  1.5125327E+00  1.7962782E+00  1.8385243E+00  1.8464848E+00  1.8821900E+00  1.8706261E+00  1.7962782E+00  1.5125327E+00  1.0809752E+00  4.0458709E+01
 1.2144013E+00  1.6417795E+00  1.9233698E+00  1.9657645E+00  1.9736039E+00  2.0105091E+00  1.9989404E+00  1.9233698E+00  1.6417795E+00  1.2144013E+00  4.3404048E+01
 1.3521091E+00  1.7753572E+00  2.0548128E+00  2.0973651E+00  2.1050819E+00  2.1432009E+00  2.1316258E+00  2.0548128E+00  1.7753572E+00  1.3521091E+00  4.6391836E+01
 1.4939798E+00  1.9131510E+00  2.1904966E+00  2.2332130E+00  2.2408063E+00  2.2801457E+00  2.2685642E+00  2.1904966E+00  1.9131510E+00  1.4939798E+00  4.9414451E+01
 1.6398988E+00  2.0550382E+00  2.3302941E+00  2.3731763E+00  2.3806470E+00  2.4212240E+00  2.4096336E+00  2.3302941E+00  2.0550382E+00  1.6398988E+00  5.2465337E+01
 1.7897266E+00  2.2008834E+00  2.4740660E+00  2.5171247E+00  2.5244719E+00  2.5662930E+00  2.5546939E+00  2.4740660E+00  2.2008834E+00  1.7897266E+00  5.5537531E+01
 1.9433239E+00  2.3505432E+00  2.6216730E+00  2.6649123E+00  2.6721360E+00  2.7152168E+00  2.7036064E+00  2.6216730E+00  2.3505432E+00  1.9433239E+00  5.8624474E+01
 2.1005475E+00  2.5038701E+00  2.7729636E+00  2.8163899E+00  2.8234894E+00  2.8678405E+00  2.8562189E+00  2.7729636E+00  2.5038701E+00  2.1005475E+00  6.1720022E+01
 2.2612373E+00  2.6607044E+00  2.9277778E+00  2.9713954E+00  2.9783706E+00  3.0240010E+00  3.0123666E+00  2.9277778E+00  2.6607044E+00  2.2612373E+00  6.4817209E+01
 2.4252256E+00  2.8208780E+00  3.0859478E+00  3.1297607E+00  3.1366117E+00  3.1835369E+00  3.1718873E+00  3.0859478E+00  2.8208780E+00  2.4252256E+00  6.7909889E+01
 2.5923442E+00  2.9842188E+00  3.2473015E+00  3.2913096E+00  3.2980363E+00  3.3462687E+00  3.3346038E+00  3.2473015E+00  2.9842188E+00  2.5923442E+00  7.0991915E+01
 2.7624129E+00  3.1505426E+00  3.4116544E+00  3.4558668E+00  3.4624677E+00  3.5120195E+00  3.5003369E+00  3.4116544E+00  3.1505426E+00  2.7624129E+00  7.4057143E+01
 2.9352473E+00  3.3196689E+00  3.5788181E+00  3.6232381E+00  3.6297147E+00  3.6805957E+00  3.6688947E+00  3.5788181E+00  3.3196689E+00  2.9352473E+00  7.7100654E+01
 3.1106508E+00  3.4913970E+00  3.7486041E+00  3.7932341E+00  3.7995856E+00  3.8518098E+00  3.8400880E+00  3.7486041E+00  3.4913970E+00  3.1106508E+00  8.0115894E+01
 3.2884307E+00  3.6655344E+00  3.9208075E+00  3.9656558E+00  3.9718822E+00  4.0254577E+00  4.0137151E+00  3.9208075E+00  3.6655344E+00  3.2884307E+00  8.3098355E+01
 3.4683822E+00  3.8418802E+00  4.0952317E+00  4.1402925E+00  4.1463931E+00  4.2013412E+00  4.1895809E+00  4.0952317E+00  3.8418802E+00  3.4683822E+00  8.6042711E+01
 3.6502963E+00  4.0202174E+00  4.2716513E+00  4.3169524E+00  4.3229247E+00  4.3792397E+00  4.3674553E+00  4.2716513E+00  4.0202174E+00  3.6502963E+00  8.8944045E+01
 0.0000000E+00  0.0000000E+00  3.1752165E-01  3.5722120E-01  3.6725369E-01  3.8437077E-01  3.7267598E-01  3.1752165E-01  0.0000000E+00  0.0000000E+00  7.2482320E-01
 0.0000000E+00  0.0000000E+00  3.1820576E-01  3.5790577E-01  3.6793484E-01  3.8508171E-01  3.7338731E-01  3.1820576E-01  0.0000000E+00  0.0000000E+00  7.5011099E-01
 0.0000000E+00  3.3146021E-02  3.4854210E-01  3.8826990E-01  3.9816032E-01  4.1650222E-01  4.0482495E-01  3.4854210E-01  3.3146021E-02  0.0000000E+00  1.7740638E+00
 0.0000000E+00  7.0819822E-02  3.8330393E-01  4.2307686E-01  4.3283148E-01  4.5234650E-01  4.4068529E-01  3.8330393E-01  7.0819822E-02  0.0000000E+00  2.9193959E+00
 0.0000000E+00  1.1287822E-01  4.2256231E-01  4.6239660E-01  4.7201698E-01  4.9269572E-01  4.8104930E-01  4.2256231E-01  1.1287822E-01  0.0000000E+00  4.1885647E+00
 0.0000000E+00  1.5919997E-01  4.6618412E-01  5.0609261E-01  5.1558011E-01  5.3741518E-01  5.2578296E-01  4.6618412E-01  1.5919997E-01  0.0000000E+00  5.5755246E+00
 0.0000000E+00  2.0967996E-01  5.1405326E-01  5.5405017E-01  5.6340687E-01  5.8638747E-01  5.7476895E-01  5.1405326E-01  2.0967996E-01  0.0000000E+00  7.0741251E+00
 0.0000000E+00  2.6422562E-01  5.6607014E-01  6.0616469E-01  6.1539116E-01  6.3951447E-01  6.2790771E-01  5.6607014E-01  2.6422562E-01  0.0000000E+00  8.6783208E+00
 0.0000000E+00  3.2275436E-01  6.2214066E-01  6.6234489E-01  6.7144211E-01  6.9670514E-01  6.8511013E-01  6.2214066E-01  3.2275436E-01  0.0000000E+00  1.0382106E+01
 0.0000000E+00  3.8519063E-01  6.8218478E-01  7.2250568E-01  7.3147463E-01  7.5787440E-01  7.4629114E-01  6.8218478E-01  3.8519063E-01  0.0000000E+00  1.2179526E+01
 0.0000000E+00  4.5146385E-01  7.4612740E-01  7.8657701E-01  7.9541867E-01  8.2295114E-01  8.1137669E-01  7.4612740E-01  4.5146385E-01  0.0000000E+00  1.4064725E+01
 8.0551592E-02  5.2727017E-01  8.1949852E-01  8.6009075E-01  8.6879730E-01  8.9754946E-01  8.8598284E-01  8.1949852E-01  5.2727017E-01  8.0551592E-02  1.6034400E+01
 1.6534251E-01  6.0741239E-01  8.9724358E-01  9.3799145E-01  9.4656189E-01  9.7653874E-01  9.6498093E-01  8.9724358E-01  6.0741239E-01  1.6534251E-01  1.8094456E+01
 2.5433420E-01  6.9183848E-01  9.7932255E-01  1.0202281E+00  1.0286634E+00  1.0598729E+00  1.0483220E+00  9.7932255E-01  6.9183848E-01  2.5433420E-01  2.0238639E+01
 3.4748115E-01  7.8050338E-01  1.0656654E+00  1.1067435E+00  1.1150437E+00  1.1474969E+00  1.1359509E+00  1.0656654E+00  7.8050338E-01  3.4748115E-01  2.2460791E+01
 4.4472928E-01  8.7334204E-01  1.1562270E+00  1.1974828E+00  1.2056479E+00  1.2393528E+00  1.2278106E+00  1.1562270E+00  8.7334204E-01  4.4472928E-01  2.4754559E+01
 5.4601706E-01  9.7029942E-01  1.2509273E+00  1.2923688E+00  1.3003978E+00  1.3353653E+00  1.3238261E+00  1.2509273E+00  9.7029942E-01  5.4601706E-01  2.7113434E+01
 6.5127192E-01  1.0712854E+00  1.3496963E+00  1.3913305E+00  1.3992243E+00  1.4354625E+00  1.4239243E+00  1.3496963E+00  1.0712854E+00  6.5127192E-01  2.9531063E+01
 7.6042028E-01  1.1762350E+00  1.4524539E+00  1.4942808E+00  1.5020395E+00  1.5395584E+00  1.5280211E+00  1.4524539E+00  1.1762350E+00  7.6042028E-01  3.2000989E+01
 8.7337708E-01  1.2850431E+00  1.5591000E+00  1.6011325E+00  1.6087552E+00  1.6475637E+00  1.6360255E+00  1.5591000E+00  1.2850431E+00  8.7337708E-01  3.4516656E+01
 9.9004221E-01  1.3976245E+00  1.6695396E+00  1.7117818E+00  1.7192703E+00  1.7593784E+00  1.7478372E+00  1.6695396E+00  1.3976245E+00  9.9004221E-01  3.7071759E+01
 1.1103206E+00  1.5138693E+00  1.7836674E+00  1.8261253E+00  1.8334777E+00  1.8748995E+00  1.8633544E+00  1.7836674E+00  1.5138693E+00  1.1103206E+00  3.9659891E+01
 1.2340971E+00  1.6336672E+00  1.9013685E+00  1.9440461E+00  1.9512643E+00  1.9940097E+00  1.9824588E+00  1.9013685E+00  1.6336672E+00  1.2340971E+00  4.2274747E+01
 1.3612567E+00  1.7568933E+00  2.0225227E+00  2.0654280E+00  2.0725111E+00  2.1165891E+00  2.1050303E+00  2.0225227E+00  1.7568933E+00  1.3612567E+00  4.4910173E+01
 1.4916743E+00  1.8834273E+00  2.1470049E+00  2.1901358E+00  2.1970829E+00  2.2425065E+00  2.2309399E+00  2.1470049E+00  1.8834273E+00  1.4916743E+00  4.7559960E+01
 1.6252146E+00  2.0131292E+00  2.2746749E+00  2.3180356E+00  2.3248485E+00  2.3716308E+00  2.3600534E+00  2.2746749E+00  2.0131292E+00  1.6252146E+00  5.0218256E+01
 1.7617427E+00  2.1458588E+00  2.4053877E+00  2.4489911E+00  2.4556689E+00  2.5038157E+00  2.4922266E+00  2.4053877E+00  2.1458588E+00  1.7617427E+00  5.2879154E+01
 1.9011133E+00  2.2814710E+00  2.5390031E+00  2.5828463E+00  2.5893899E+00  2.6389164E+00  2.6273145E+00  2.5390031E+00  2.2814710E+00  1.9011133E+00  5.5537049E+01
 2.0431713E+00  2.4198157E+00  2.6753660E+00  2.7194519E+00  2.7258604E+00  2.7767784E+00  2.7651609E+00  2.6753660E+00  2.4198157E+00  2.0431713E+00  5.8186437E+01
 2.1877616E+00  2.5607227E+00  2.8143112E+00  2.8586418E+00  2.8649162E+00  2.9172388E+00  2.9056037E+00  2.8143112E+00  2.5607227E+00  2.1877616E+00  6.0821311E+01
 2.3347190E+00  2.7040368E+00  2.9556786E+00  3.0002590E+00  3.0063992E+00  3.0601314E+00  3.0484786E+00  2.9556786E+00  2.7040368E+00  2.3347190E+00  6.3437669E+01
 2.4838784E+00  2.8495880E+00  3.0992930E+00  3.1441231E+00  3.1501292E+00  3.2052900E+00  3.1936166E+00  3.0992930E+00  2.8495880E+00  2.4838784E+00  6.6029505E+01
 2.6350647E+00  2.9971960E+00  3.2449793E+00  3.2900692E+00  3.2959411E+00  3.3525364E+00  3.3408406E+00  3.2449793E+00  2.9971960E+00  2.6350647E+00  6.8592815E+01
 2.7880976E+00  3.1466908E+00  3.3925673E+00  3.4379089E+00  3.4436477E+00  3.5016956E+00  3.4899752E+00  3.3925673E+00  3.1466908E+00  2.7880976E+00  7.1122595E+01
 2.9428020E+00  3.2978820E+00  3.5418619E+00  3.5874702E+00  3.5930758E+00  3.6525793E+00  3.6408335E+00  3.5418619E+00  3.2978820E+00  2.9428020E+00  7.3614340E+01
 3.0989878E+00  3.4505896E+00  3.6926928E+00  3.7385579E+00  3.7440303E+00  3.8050053E+00  3.7932321E+00  3.6926928E+00  3.4505896E+00  3.0989878E+00  7.6064548E+01
 3.2564747E+00  3.6046284E+00  3.8448599E+00  3.8909888E+00  3.8963290E+00  3.9587866E+00  3.9469830E+00  3.8448599E+00  3.6046284E+00  3.2564747E+00  7.8468715E+01
 0.0000000E+00  0.0000000E+00  3.0507026E-01  3.4362401E-01  3.5342262E-01  3.7309327E-01  3.6138344E-01  3.0507026E-01  0.0000000E+00  0.0000000E+00  7.8733665E-01
 0.0000000E+00  0.0000000E+00  3.0573591E-01  3.4429353E-01  3.5408808E-01  3.7379194E-01  3.6208271E-01  3.0573591E-01  0.0000000E+00  0.0000000E+00  8.1202516E-01
 0.0000000E+00  3.2156676E-02  3.3512618E-01  3.7382354E-01  3.8345352E-01  4.0448938E-01  3.9280886E-01  3.3512618E-01  3.2156676E-02  0.0000000E+00  1.8061487E+00
 0.0000000E+00  6.8429162E-02  3.6853421E-01  4.0738310E-01  4.1685307E-01  4.3919418E-01  4.2753996E-01  3.6853421E-01  6.8429162E-02  0.0000000E+00  2.9078467E+00
 0.0000000E+00  1.0866245E-01  4.0601380E-01  4.4502524E-01  4.5433819E-01  4.7797209E-01  4.6634227E-01  4.0601380E-01  1.0866245E-01  0.0000000E+00  4.1188244E+00
 0.0000000E+00  1.5272401E-01  4.4742069E-01  4.8660438E-01  4.9576293E-01  5.2067851E-01  5.0907130E-01  4.4742069E-01  1.5272401E-01  0.0000000E+00  5.4325966E+00
 0.0000000E+00  2.0049832E-01  4.9262896E-01  5.3199263E-01  5.4099905E-01  5.6718752E-01  5.5560111E-01  4.9262896E-01  2.0049832E-01  0.0000000E+00  6.8427940E+00
 0.0000000E+00  2.5188208E-01  5.4152554E-01  5.8107727E-01  5.8993372E-01  6.1738957E-01  6.0582182E-01  5.4152554E-01  2.5188208E-01  0.0000000E+00  8.3431756E+00
 0.0000000E+00  3.0678177E-01  5.9401016E-01  6.3375708E-01  6.4246584E-01  6.7117905E-01  6.5962876E-01  5.9401016E-01  3.0678177E-01  0.0000000E+00  9.9276656E+00
 0.0000000E+00  3.6511242E-01  6.4998810E-01  6.8993694E-01  6.9849980E-01  7.2846953E-01  7.1693599E-01  6.4998810E-01  3.6511242E-01  0.0000000E+00  1.1590335E+01
 0.0000000E+00  4.2679274E-01  7.0938356E-01  7.4953617E-01  7.5795432E-01  7.8917566E-01  7.7765527E-01  7.0938356E-01  4.2679274E-01  0.0000000E+00  1.3325377E+01
 7.4868713E-02  4.9708622E-01  7.7728154E-01  8.1766350E-01  8.2592857E-01  8.5849434E-01  8.4698710E-01  7.7728154E-01  4.9708622E-01  7.4868713E-02  1.5127167E+01
 1.5339088E-01  5.7112363E-01  8.4896929E-01  8.8958307E-01  8.9769625E-01  9.3161010E-01  9.2011363E-01  8.4896929E-01  5.7112363E-01  1.5339088E-01  1.7002308E+01
 2.3551334E-01  6.4884506E-01  9.2437957E-01  9.6523127E-01  9.7319258E-01  1.0084643E+00  9.9697736E-01  9.2437957E-01  6.4884506E-01  2.3551334E-01  1.8944686E+01
 3.2117433E-01  7.3018450E-01  1.0034451E+00  1.0445433E+00  1.0523540E+00  1.0889871E+00  1.0775074E+00  1.0034451E+00  7.3018450E-01  3.2117433E-01  2.0948313E+01
 4.1030724E-01  8.1506920E-01  1.0860866E+00  1.1274374E+00  1.1350973E+00  1.1731042E+00  1.1616316E+00  1.0860866E+00  8.1506920E-01  4.1030724E-01  2.3007196E+01
 5.0283750E-01  9.0341971E-01  1.1722304E+00  1.2138338E+00  1.2213431E+00  1.2607347E+00  1.2492657E+00  1.1722304E+00  9.0341971E-01  5.0283750E-01  2.5115224E+01
 5.9868625E-01  9.9515045E-01  1.2617851E+00  1.3036497E+00  1.3110095E+00  1.3517919E+00  1.3403253E+00  1.2617851E+00  9.9515045E-01  5.9868625E-01  2.7266407E+01
 6.9776364E-01  1.0901758E+00  1.3546589E+00  1.3967896E+00  1.4040022E+00  1.4461815E+00  1.4347150E+00  1.3546589E+00  1.0901758E+00  6.9776364E-01  2.9454754E+01
 7.9998348E-01  1.1883981E+00  1.4507540E+00  1.4931544E+00  1.5002188E+00  1.5438121E+00  1.5323431E+00  1.4507540E+00  1.1883981E+00  7.9998348E-01  3.1674397E+01
 9.0524124E-01  1.2897133E+00  1.5499726E+00  1.5926427E+00  1.5995588E+00  1.6445722E+00  1.6331009E+00  1.5499726E+00  1.2897133E+00  9.0524124E-01  3.3919468E+01
 1.0134269E+00  1.3940114E+00  1.6521924E+00  1.6951409E+00  1.7019099E+00  1.7483507E+00  1.7368733E+00  1.6521924E+00  1.3940114E+00  1.0134269E+00  3.6184344E+01
 1.1244305E+00  1.5011762E+00  1.7573096E+00  1.8005327E+00  1.8071558E+00  1.8550424E+00  1.8435578E+00  1.7573096E+00  1.5011762E+00  1.1244305E+00  3.8463278E+01
 1.2381418E+00  1.6110918E+00  1.8651896E+00  1.9086997E+00  1.9151768E+00  1.9645103E+00  1.9530163E+00  1.8651896E+00  1.6110918E+00  1.2381418E+00  4.0750893E+01
 1.3544266E+00  1.7236296E+00  1.9757164E+00  2.0195097E+00  2.0258421E+00  2.0766385E+00  2.0651324E+00  1.9757164E+00  1.7236296E+00  1.3544266E+00  4.3041869E+01
 1.4731564E+00  1.8386612E+00  2.0887554E+00  2.1328356E+00  2.1390221E+00  2.1912886E+00  2.1797694E+00  2.0887554E+00  1.8386612E+00  1.4731564E+00  4.5330889E+01
 1.5942028E+00  1.9560402E+00  2.2041600E+00  2.2485295E+00  2.2545713E+00  2.3083238E+00  2.2967891E+00  2.2041600E+00  1.9560402E+00  1.5942028E+00  4.7613002E+01
 1.7174192E+00  2.0756379E+00  2.3218017E+00  2.3664570E+00  2.3723553E+00  2.4275999E+00  2.4160484E+00  2.3218017E+00  2.0756379E+00  1.7174192E+00  4.9883379E+01
 1.8426650E+00  2.1973017E+00  2.4415218E+00  2.4864712E+00  2.4922272E+00  2.5489774E+00  2.5374056E+00  2.4415218E+00  2.1973017E+00  1.8426650E+00  5.2137253E+01
 1.9697934E+00  2.3208787E+00  2.5631733E+00  2.6084207E+00  2.6140332E+00  2.6722962E+00  2.6607029E+00  2.5631733E+00  2.3208787E+00  1.9697934E+00  5.4370221E+01
 2.0986516E+00  2.4462223E+00  2.6866098E+00  2.7321514E+00  2.7376216E+00  2.7974133E+00  2.7857960E+00  2.6866098E+00  2.4462223E+00  2.0986516E+00  5.6577883E+01
 2.2290808E+00  2.5731734E+00  2.8116660E+00  2.8575007E+00  2.8628310E+00  2.9241575E+00  2.9125140E+00  2.8116660E+00  2.5731734E+00  2.2290808E+00  5.8756144E+01
 2.3609280E+00  2.7015732E+00  2.9381831E+00  2.9843146E+00  2.9895037E+00  3.0523786E+00  3.0407075E+00  2.9381831E+00  2.7015732E+00  2.3609280E+00  6.0901154E+01
 2.4940284E+00  2.8312567E+00  3.0660023E+00  3.1124268E+00  3.1174760E+00  3.1819125E+00  3.1702103E+00  3.0660023E+00  2.8312567E+00  2.4940284E+00  6.3009182E+01
 2.6282167E+00  2.9620587E+00  3.1949522E+00  3.2416759E+00  3.2465852E+00  3.3125907E+00  3.3008550E+00  3.1949522E+00  2.9620587E+00  2.6282167E+00  6.5077051E+01
 2.7633342E+00  3.0938204E+00  3.3248740E+00  3.3718933E+00  3.3766638E+00  3.4442469E+00  3.4324777E+00  3.3248740E+00  3.0938204E+00  2.7633342E+00  6.7100298E+01
 2.8992096E+00  3.2263706E+00  3.4555905E+00  3.5029077E+00  3.5075407E+00  3.5767148E+00  3.5649086E+00  3.4555905E+00  3.2263706E+00  2.8992096E+00  6.9077701E+01
 0.0000000E+00  0.0000000E+00  2.9276698E-01  3.3065749E-01  3.4009777E-01  3.6268582E-01  3.5104965E-01  2.9276698E-01  0.0000000E+00  0.0000000E+00  8.5425863E-01
 0.0000000E+00  0.0000000E+00  2.9341502E-01  3.3131174E-01  3.4074706E-01  3.6337224E-01  3.5173694E-01  2.9341502E-01  0.0000000E+00  0.0000000E+00  8.7832110E-01
 0.0000000E+00  3.1168771E-02  3.2186218E-01  3.6001348E-01  3.6925920E-01  3.9336587E-01  3.8176884E-01  3.2186218E-01  3.1168771E-02  0.0000000E+00  1.8420516E+00
 0.0000000E+00  6.6058303E-02  3.5393776E-01  3.9234802E-01  4.0141027E-01  4.2696665E-01  4.1540409E-01  3.5393776E-01  6.6058303E-02  0.0000000E+00  2.9000685E+00
 0.0000000E+00  1.0450636E-01  3.8968056E-01  4.2835506E-01  4.3723824E-01  4.6422866E-01  4.5269766E-01  3.8968056E-01  1.0450636E-01  0.0000000E+00  4.0534842E+00
 0.0000000E+00  1.4637117E-01  4.2893829E-01  4.6788186E-01  4.7658975E-01  5.0499989E-01  4.9349766E-01  4.2893829E-01  1.4637117E-01  0.0000000E+00  5.2955718E+00
 0.0000000E+00  1.9152917E-01  4.7157657E-01  5.1079312E-01  5.1932908E-01  5.4914790E-01  5.3767153E-01  4.7157657E-01  1.9152917E-01  0.0000000E+00  6.6198437E+00
 0.0000000E+00  2.3986987E-01  5.1747593E-01  5.5696893E-01  5.6533647E-01  5.9655368E-01  5.8510083E-01  5.1747593E-01  2.3986987E-01  0.0000000E+00  8.0200508E+00
 0.0000000E+00  2.9129247E-01  5.6652812E-01  6.0630060E-01  6.1450264E-01  6.4711063E-01  6.3567866E-01  5.6652812E-01  2.9129247E-01  0.0000000E+00  9.4901533E+00
 0.0000000E+00  3.4570441E-01  6.1863385E-01  6.5868822E-01  6.6672740E-01  7.0071959E-01  6.8930632E-01  6.1863385E-01  3.4570441E-01  0.0000000E+00  1.1024387E+01
 0.0000000E+00  4.0301832E-01  6.7370054E-01  7.1403997E-01  7.2191890E-01  7.5729143E-01  7.4589379E-01  6.7370054E-01  4.0301832E-01  0.0000000E+00  1.2617079E+01
 6.9483266E-02  4.6808852E-01  7.3642422E-01  7.7706967E-01  7.8478077E-01  8.2162731E-01  8.1024544E-01  7.3642422E-01  4.6808852E-01  6.9483266E-02  1.4260539E+01
 1.4208651E-01  5.3636530E-01  8.0239330E-01  8.4335418E-01  8.5089583E-01  8.8922483E-01  8.7785465E-01  8.0239330E-01  5.3636530E-01  1.4208651E-01  1.5962158E+01
 2.1774330E-01  6.0777625E-01  8.7154210E-01  9.1281021E-01  9.2018534E-01  9.6000426E-01  9.4864285E-01  8.7154210E-01  6.0777625E-01  2.1774330E-01  1.7716187E+01
 2.9638270E-01  6.8224597E-01  9.4378176E-01  9.8536757E-01  9.9257765E-01  1.0338895E+00  1.0225368E+00  9.4378176E-01  6.8224597E-01  2.9638270E-01  1.9516803E+01
 3.7792855E-01  7.5968858E-01  1.0190302E+00  1.0609367E+00  1.0679832E+00  1.1107969E+00  1.0994486E+00  1.0190302E+00  7.5968858E-01  3.7792855E-01  2.1358407E+01
 4.6229800E-01  8.4002870E-01  1.0971977E+00  1.1394310E+00  1.1463167E+00  1.1906428E+00  1.1792974E+00  1.0971977E+00  8.4002870E-01  4.6229800E-01  2.3235399E+01
 5.4940442E-01  9.2316852E-01  1.1782023E+00  1.2207592E+00  1.2274829E+00  1.2733272E+00  1.2619818E+00  1.1782023E+00  9.2316852E-01  5.4940442E-01  2.5142180E+01
 6.3915675E-01  1.0090110E+00  1.2619394E+00  1.3048230E+00  1.3113860E+00  1.3587530E+00  1.3474047E+00  1.2619394E+00  1.0090110E+00  6.3915675E-01  2.7073373E+01
 7.3145793E-01  1.0974516E+00  1.3482970E+00  1.3915104E+00  1.3979141E+00  1.4468262E+00  1.4354736E+00  1.3482970E+00  1.0974516E+00  7.3145793E-01  2.9023680E+01
 8.2620193E-01  1.1884007E+00  1.4371855E+00  1.4807316E+00  1.4869776E+00  1.5374318E+00  1.5260719E+00  1.4371855E+00  1.1884007E+00  8.2620193E-01  3.0987873E+01
 9.2328797E-01  1.2817314E+00  1.5284930E+00  1.5723643E+00  1.5784526E+00  1.6304653E+00  1.6190951E+00  1.5284930E+00  1.2817314E+00  9.2328797E-01  3.2960876E+01
 1.0226063E+00  1.3773467E+00  1.6220925E+00  1.6662951E+00  1.6722285E+00  1.7258071E+00  1.7144238E+00  1.6220925E+00  1.3773467E+00  1.0226063E+00  3.4937836E+01
 1.1240300E+00  1.4751121E+00  1.7178645E+00  1.7624058E+00  1.7681844E+00  1.8233365E+00  1.8119400E+00  1.7178645E+00  1.4751121E+00  1.1240300E+00  3.6913899E+01
 1.2274471E+00  1.5749157E+00  1.8156971E+00  1.8605727E+00  1.8661979E+00  1.9229324E+00  1.9115184E+00  1.8156971E+00  1.5749157E+00  1.2274471E+00  3.8884439E+01
 1.3327307E+00  1.6766231E+00  1.9154560E+00  1.9606658E+00  1.9661376E+00  2.0244664E+00  2.0130334E+00  1.9154560E+00  1.6766231E+00  1.3327307E+00  4.0845123E+01
 1.4397538E+00  1.7801149E+00  2.0170141E+00  2.0625612E+00  2.0678811E+00  2.1278086E+00  2.1163537E+00  2.0170141E+00  1.7801149E+00  1.4397538E+00  4.2791622E+01
 1.5483820E+00  1.8852491E+00  2.1202371E+00  2.1661170E+00  2.1712864E+00  2.2328246E+00  2.2213448E+00  2.1202371E+00  1.8852491E+00  1.5483820E+00  4.4719830E+01
 1.6584885E+00  1.9918915E+00  2.2249831E+00  2.2711958E+00  2.2762148E+00  2.3393800E+00  2.3278725E+00  2.2249831E+00  1.9918915E+00  1.6584885E+00  4.6625864E+01
 1.7699314E+00  2.0999150E+00  2.3311177E+00  2.3776618E+00  2.3825332E+00  2.4473360E+00  2.4357993E+00  2.3311177E+00  2.0999150E+00  1.7699314E+00  4.8505991E+01
 1.8825689E+00  2.2091554E+00  2.4384992E+00  2.4853746E+00  2.4900985E+00  2.5565403E+00  2.5449714E+00  2.4384992E+00  2.2091554E+00  1.8825689E+00  5.0356778E+01
 1.9962590E+00  2.3194934E+00  2.5469781E+00  2.5941923E+00  2.5987687E+00  2.6668614E+00  2.6552590E+00  2.5469781E+00  2.3194934E+00  1.9962590E+00  5.2174864E+01
 2.1108599E+00  2.4307720E+00  2.6564202E+00  2.7039612E+00  2.7083916E+00  2.7781516E+00  2.7665112E+00  2.6564202E+00  2.4307720E+00  2.1108599E+00  5.3957039E+01
 2.2262373E+00  2.5428495E+00  2.7666760E+00  2.8145425E+00  2.8188297E+00  2.8902600E+00  2.8785802E+00  2.7666760E+00  2.5428495E+00  2.2262373E+00  5.5700542E+01
 2.3422269E+00  2.6555840E+00  2.8775888E+00  2.9257882E+00  2.9299322E+00  3.0030418E+00  2.9913196E+00  2.8775888E+00  2.6555840E+00  2.3422269E+00  5.7402459E+01
 2.4587018E+00  2.7688187E+00  2.9890242E+00  3.0375490E+00  3.0415499E+00  3.1163507E+00  3.1045846E+00  2.9890242E+00  2.7688187E+00  2.4587018E+00  5.9060403E+01
 2.5754977E+00  2.8824043E+00  3.1008330E+00  3.1496742E+00  3.1535349E+00  3.2300343E+00  3.2182215E+00  3.1008330E+00  2.8824043E+00  2.5754977E+00  6.0672058E+01
 0.0000000E+00  0.0000000E+00  2.8062166E-01  3.1837797E-01  3.2732567E-01  3.5324125E-01  3.4177241E-01  2.8062166E-01  0.0000000E+00  0.0000000E+00  9.2566054E-01
 0.0000000E+00  0.0000000E+00  2.8125176E-01  3.1901677E-01  3.2795895E-01  3.5391588E-01  3.4244829E-01  2.8125176E-01  0.0000000E+00  0.0000000E+00  9.4907767E-01
 0.0000000E+00  3.0181014E-02  3.0875960E-01  3.4689301E-01  3.5562180E-01  3.8322298E-01  3.7179981E-01  3.0875960E-01  3.0181014E-02  0.0000000E+00  1.8817323E+00
 0.0000000E+00  6.3705353E-02  3.3952285E-01  3.7802019E-01  3.8654363E-01  4.1575280E-01  4.0436925E-01  3.3952285E-01  6.3705353E-02  0.0000000E+00  2.8959093E+00
 0.0000000E+00  1.0040459E-01  3.7356887E-01  4.1243039E-01  4.2075437E-01  4.5155041E-01  4.4020271E-01  3.7356887E-01  1.0040459E-01  0.0000000E+00  3.9923015E+00
 0.0000000E+00  1.4013347E-01  4.1073992E-01  4.4996531E-01  4.5809499E-01  4.9046058E-01  4.7914446E-01  4.1073992E-01  1.4013347E-01  0.0000000E+00  5.1640972E+00
 0.0000000E+00  1.8276121E-01  4.5089738E-01  4.9048469E-01  4.9842490E-01  5.3234564E-01  5.2105771E-01  4.5089738E-01  1.8276121E-01  0.0000000E+00  6.4048221E+00
 0.0000000E+00  2.2817294E-01  4.9391541E-01  5.3386487E-01  5.4161971E-01  5.7708303E-01  5.6581972E-01  4.9391541E-01  2.2817294E-01  0.0000000E+00  7.7083392E+00
 0.0000000E+00  2.7626377E-01  5.3968277E-01  5.7999277E-01  5.8756635E-01  6.2456077E-01  6.1331905E-01  5.3968277E-01  2.7626377E-01  0.0000000E+00  9.0687850E+00
 0.0000000E+00  3.2693614E-01  5.8809459E-01  6.2876463E-01  6.3616069E-01  6.7467782E-01  6.6345430E-01  5.8809459E-01  3.2693614E-01  0.0000000E+00  1.0480533E+01
 0.0000000E+00  3.8009886E-01  6.3905602E-01  6.8008414E-01  6.8730571E-01  7.2733772E-01  7.1612954E-01  6.3905602E-01  3.8009886E-01  0.0000000E+00  1.1938450E+01
 6.4382061E-02  4.4022289E-01  6.9687937E-01  7.3829027E-01  7.4532897E-01  7.8698023E-01  7.7578490E-01  6.9687937E-01  4.4022289E-01  6.4382061E-02  1.3432751E+01
 1.3139855E-01  5.0306433E-01  7.5746299E-01  7.9925615E-01  8.0611394E-01  8.4938864E-01  8.3820311E-01  7.5746299E-01  5.0306433E-01  1.3139855E-01  1.4971735E+01
 2.0097514E-01  5.6854293E-01  8.2072207E-01  8.6289915E-01  8.6957817E-01  9.1448140E-01  9.0330248E-01  8.2072207E-01  5.6854293E-01  2.0097514E-01  1.6550111E+01
 2.7303297E-01  6.3657662E-01  8.8657089E-01  9.2913411E-01  9.3563722E-01  9.8217155E-01  9.7099762E-01  8.8657089E-01  6.3657662E-01  2.7303297E-01  1.8162318E+01
 3.4748996E-01  7.0707786E-01  9.5492283E-01  9.9786801E-01  1.0041963E+00  1.0523737E+00  1.0411980E+00  9.5492283E-01  7.0707786E-01  3.4748996E-01  1.9803250E+01
 4.2425948E-01  7.7995547E-01  1.0256757E+00  1.0690093E+00  1.0751627E+00  1.1249923E+00  1.1138148E+00  1.0256757E+00  7.7995547E-01  4.2425948E-01  2.1467800E+01
 5.0325217E-01  8.5511735E-01  1.0987540E+00  1.1424595E+00  1.1484434E+00  1.1999289E+00  1.1887460E+00  1.0987540E+00  8.5511735E-01  5.0325217E-01  2.3150951E+01
 5.8437320E-01  9.3246318E-01  1.1740390E+00  1.2181310E+00  1.2239437E+00  1.2770922E+00  1.2659005E+00  1.1740390E+00  9.3246318E-01  5.8437320E-01  2.4847781E+01
 6.6752589E-01  1.0118972E+00  1.2514304E+00  1.2959109E+00  1.3015576E+00  1.3563675E+00  1.3451650E+00  1.2514304E+00  1.0118972E+00  6.6752589E-01  2.6553548E+01
 7.5260813E-01  1.0933100E+00  1.3308279E+00  1.3756878E+00  1.3811686E+00  1.4376598E+00  1.4264430E+00  1.3308279E+00  1.0933100E+00  7.5260813E-01  2.8263783E+01
 8.3951504E-01  1.1766013E+00  1.4121313E+00  1.4573705E+00  1.4626854E+00  1.5208597E+00  1.5096251E+00  1.4121313E+00  1.1766013E+00  8.3951504E-01  2.9974108E+01
 9.2814086E-01  1.2616435E+00  1.4952129E+00  1.5408296E+00  1.5459821E+00  1.6058523E+00  1.5945981E+00  1.4952129E+00  1.2616435E+00  9.2814086E-01  3.1680057E+01
 1.0183625E+00  1.3483452E+00  1.5799632E+00  1.6259611E+00  1.6309531E+00  1.6925247E+00  1.6812472E+00  1.5799632E+00  1.3483452E+00  1.0183625E+00  3.3377799E+01
 1.1100887E+00  1.4365789E+00  1.6662729E+00  1.7126374E+00  1.7174706E+00  1.7807581E+00  1.7694539E+00  1.6662729E+00  1.4365789E+00  1.1100887E+00  3.5063231E+01
 1.2031736E+00  1.5262169E+00  1.7540050E+00  1.8007544E+00  1.8054288E+00  1.8704286E+00  1.8590959E+00  1.7540050E+00  1.5262169E+00  1.2031736E+00  3.6732704E+01
 1.2975260E+00  1.6171589E+00  1.8430503E+00  1.8901700E+00  1.8946874E+00  1.9614231E+00  1.9500583E+00  1.8430503E+00  1.6171589E+00  1.2975260E+00  3.8382664E+01
 1.3930001E+00  1.7092681E+00  1.9332901E+00  1.9807747E+00  1.9851369E+00  2.0536085E+00  2.0422098E+00  1.9332901E+00  1.7092681E+00  1.3930001E+00  4.0009826E+01
 1.4894954E+00  1.8024168E+00  2.0245878E+00  2.0724409E+00  2.0766496E+00  2.1468626E+00  2.1354264E+00  2.0245878E+00  1.8024168E+00  1.4894954E+00  4.1610817E+01
 1.5868662E+00  1.8964866E+00  2.1168155E+00  2.1650317E+00  2.1690888E+00  2.2410578E+00  2.2295805E+00  2.1168155E+00  1.8964866E+00  1.5868662E+00  4.3182810E+01
 1.6849938E+00  1.9913497E+00  2.2098548E+00  2.2584341E+00  2.2623395E+00  2.3360699E+00  2.3245499E+00  2.2098548E+00  1.9913497E+00  1.6849938E+00  4.4722888E+01
 1.7837597E+00  2.0868784E+00  2.3035689E+00  2.3525095E+00  2.3562668E+00  2.4317678E+00  2.4202013E+00  2.3035689E+00  2.0868784E+00  1.7837597E+00  4.6228588E+01
 1.8830272E+00  2.1829361E+00  2.3978302E+00  2.4471229E+00  2.4507321E+00  2.5280182E+00  2.5164036E+00  2.3978302E+00  2.1829361E+00  1.8830272E+00  4.7697265E+01
 1.9826686E+00  2.2794041E+00  2.4925200E+00  2.5421594E+00  2.5456224E+00  2.6246899E+00  2.6130235E+00  2.4925200E+00  2.2794041E+00  1.9826686E+00  4.9126913E+01
 2.0825652E+00  2.3761456E+00  2.5874925E+00  2.6374823E+00  2.6408008E+00  2.7216643E+00  2.7099426E+00  2.5874925E+00  2.3761456E+00  2.0825652E+00  5.0515254E+01
 2.1825713E+00  2.4730331E+00  2.6826292E+00  2.7329639E+00  2.7361396E+00  2.8188028E+00  2.8070258E+00  2.6826292E+00  2.4730331E+00  2.1825713E+00  5.1860553E+01
 2.2825774E+00  2.5699479E+00  2.7777932E+00  2.8284728E+00  2.8315058E+00  2.9159814E+00  2.9041420E+00  2.7777932E+00  2.5699479E+00  2.2825774E+00  5.3161079E+01
 0.0000000E+00  0.0000000E+00  2.6864819E-01  3.0684009E-01  3.1515480E-01  3.4486126E-01  3.3365463E-01  2.6864819E-01  0.0000000E+00  0.0000000E+00  1.0015867E+00
 0.0000000E+00  0.0000000E+00  2.6925966E-01  3.0746286E-01  3.1577168E-01  3.4552442E-01  3.3431909E-01  2.6925966E-01  0.0000000E+00  0.0000000E+00  1.0243312E+00
 0.0000000E+00  2.9192285E-02  2.9583111E-01  3.3451084E-01  3.4258498E-01  3.7415911E-01  3.6300064E-01  2.9583111E-01  2.9192285E-02  0.0000000E+00  1.9250908E+00
 0.0000000E+00  6.1367050E-02  3.2530061E-01  3.6444564E-01  3.7229532E-01  4.0564702E-01  3.9452929E-01  3.2530061E-01  6.1367050E-02  0.0000000E+00  2.8951597E+00
 0.0000000E+00  9.6353331E-02  3.5768711E-01  3.9729105E-01  4.0492347E-01  4.4002891E-01  4.2894670E-01  3.5768711E-01  9.6353331E-02  0.0000000E+00  3.9349736E+00
 0.0000000E+00  1.3400221E-01  3.9283132E-01  4.3288868E-01  4.4031038E-01  4.7714708E-01  4.6609538E-01  3.9283132E-01  1.3400221E-01  0.0000000E+00  5.0377717E+00
 0.0000000E+00  1.7418294E-01  4.3059180E-01  4.7109574E-01  4.7831260E-01  5.1686187E-01  5.0583654E-01  4.3059180E-01  1.7418294E-01  0.0000000E+00  6.1972390E+00
 0.0000000E+00  2.1677500E-01  4.7084158E-01  5.1178660E-01  5.1880406E-01  5.5904987E-01  5.4804633E-01  4.7084158E-01  2.1677500E-01  0.0000000E+00  7.4074278E+00
 0.0000000E+00  2.6167370E-01  5.1346483E-01  5.5484607E-01  5.6166938E-01  6.0359816E-01  5.9261270E-01  5.1346483E-01  2.6167370E-01  0.0000000E+00  8.6627581E+00
 0.0000000E+00  3.0877880E-01  5.5835796E-01  6.0016946E-01  6.0680274E-01  6.5040202E-01  6.3943095E-01  5.5835796E-01  3.0877880E-01  0.0000000E+00  9.9579617E+00
 0.0000000E+00  3.5799674E-01  6.0542074E-01  6.4765853E-01  6.5410637E-01  6.9936525E-01  6.8840463E-01  6.0542074E-01  3.5799674E-01  0.0000000E+00  1.1288049E+01
 5.9551923E-02  4.1343736E-01  6.5861264E-01  7.0129936E-01  7.0755326E-01  7.5458409E-01  7.4363045E-01  6.5861264E-01  4.1343736E-01  5.9551923E-02  1.2641960E+01
 1.2129844E-01  4.7115233E-01  7.1411898E-01  7.5725332E-01  7.6331589E-01  8.1212155E-01  8.0117096E-01  7.1411898E-01  4.7115233E-01  1.2129844E-01  1.4028839E+01
 1.8515924E-01  5.3105810E-01  7.7185288E-01  8.1543220E-01  8.2130649E-01  8.7189054E-01  8.6093952E-01  7.7185288E-01  5.3105810E-01  1.8515924E-01  1.5443562E+01
 2.5105269E-01  5.9306669E-01  8.3172413E-01  8.7574578E-01  8.8143485E-01  9.3380107E-01  9.2284569E-01  8.3172413E-01  5.9306669E-01  2.5105269E-01  1.6881229E+01
 3.1889303E-01  6.5708788E-01  8.9364250E-01  9.3810318E-01  9.4360920E-01  9.9776203E-01  9.8679902E-01  8.9364250E-01  6.5708788E-01  3.1889303E-01  1.8337274E+01
 3.8859339E-01  7.2303033E-01  9.5751332E-01  1.0024095E+00  1.0077351E+00  1.0636807E+00  1.0527062E+00  9.5751332E-01  7.2303033E-01  3.8859339E-01  1.9806795E+01
 4.6006131E-01  7.9080051E-01  1.0232397E+00  1.0685689E+00  1.0737167E+00  1.1314628E+00  1.1204723E+00  1.0232397E+00  7.9080051E-01  4.6006131E-01  2.1285561E+01
 5.3320547E-01  8.6030149E-01  1.0907247E+00  1.1364828E+00  1.1414534E+00  1.2010025E+00  1.1899935E+00  1.0907247E+00  8.6030149E-01  5.3320547E-01  2.2769227E+01
 6.0793008E-01  9.3143417E-01  1.1598682E+00  1.2060521E+00  1.2108505E+00  1.2722062E+00  1.2611755E+00  1.1598682E+00  9.3143417E-01  6.0793008E-01  2.4253673E+01
 6.8413491E-01  1.0040983E+00  1.2305598E+00  1.2771739E+00  1.2818024E+00  1.3449759E+00  1.3339212E+00  1.2305598E+00  1.0040983E+00  6.8413491E-01  2.5734889E+01
 7.6172083E-01  1.0781892E+00  1.3027105E+00  1.3497437E+00  1.3542022E+00  1.4191957E+00  1.4081126E+00  1.3027105E+00  1.0781892E+00  7.6172083E-01  2.7209200E+01
 8.4058424E-01  1.1535976E+00  1.3762088E+00  1.4236479E+00  1.4279408E+00  1.4947653E+00  1.4836495E+00  1.3762088E+00  1.1535976E+00  8.4058424E-01  2.8672930E+01
 9.2061936E-01  1.2302368E+00  1.4509323E+00  1.4987883E+00  1.5029156E+00  1.5715712E+00  1.5604227E+00  1.4509323E+00  1.2302368E+00  9.2061936E-01  3.0122626E+01
 1.0017215E+00  1.3079675E+00  1.5267919E+00  1.5750470E+00  1.5790109E+00  1.6495175E+00  1.6383276E+00  1.5267919E+00  1.3079675E+00  1.0017215E+00  3.1555058E+01
 1.0837815E+00  1.3867007E+00  1.6036539E+00  1.6523237E+00  1.6561263E+00  1.7284774E+00  1.7172461E+00  1.6036539E+00  1.3867007E+00  1.0837815E+00  3.2967220E+01
 1.1666846E+00  1.4663136E+00  1.6814291E+00  1.7304938E+00  1.7341417E+00  1.8083460E+00  1.7970712E+00  1.6814291E+00  1.4663136E+00  1.1666846E+00  3.4356215E+01
 1.2503406E+00  1.5467063E+00  1.7599952E+00  1.8094568E+00  1.8129456E+00  1.8890143E+00  1.8776894E+00  1.7599952E+00  1.5467063E+00  1.2503406E+00  3.5719259E+01
 1.3346092E+00  1.6277672E+00  1.8392406E+00  1.8890859E+00  1.8924200E+00  1.9703620E+00  1.9589870E+00  1.8392406E+00  1.6277672E+00  1.3346092E+00  3.7053901E+01
 1.4193901E+00  1.7093627E+00  1.9190429E+00  1.9692764E+00  1.9724579E+00  2.0522688E+00  2.0408393E+00  1.9190429E+00  1.7093627E+00  1.4193901E+00  3.8357692E+01
 1.5045831E+00  1.7913926E+00  1.9992908E+00  2.0499057E+00  2.0529368E+00  2.1346344E+00  2.1231460E+00  1.9992908E+00  1.7913926E+00  1.5045831E+00  3.9628515E+01
 1.5900657E+00  1.8737567E+00  2.0798839E+00  2.1308691E+00  2.1337499E+00  2.2173408E+00  2.2057914E+00  2.0798839E+00  1.8737567E+00  1.5900657E+00  4.0864365E+01
 1.6757154E+00  1.9563212E+00  2.1606886E+00  2.2120532E+00  2.2147880E+00  2.3002766E+00  2.2886640E+00  2.1606886E+00  1.9563212E+00  1.6757154E+00  4.2063461E+01
 1.7614431E+00  2.0389748E+00  2.2416159E+00  2.2933374E+00  2.2959262E+00  2.3833149E+00  2.3716347E+00  2.2416159E+00  2.0389748E+00  1.7614431E+00  4.3224131E+01
 1.8471150E+00  2.1216172E+00  2.3225209E+00  2.3746084E+00  2.3770555E+00  2.4663553E+00  2.4546032E+00  2.3225209E+00  2.1216172E+00  1.8471150E+00  4.4344928E+01
 1.9326422E+00  2.2041372E+00  2.4033256E+00  2.4557635E+00  2.4580668E+00  2.5492843E+00  2.5374603E+00  2.4033256E+00  2.2041372E+00  1.9326422E+00  4.5424403E+01
 2.0179021E+00  2.2864121E+00  2.4839076E+00  2.5366870E+00  2.5388530E+00  2.6319861E+00  2.6200880E+00  2.4839076E+00  2.2864121E+00  2.0179021E+00  4.6461556E+01
 0.0000000E+00  0.0000000E+00  2.5685690E-01  2.9608531E-01  3.0362428E-01  3.3764241E-01  3.2678950E-01  2.5685690E-01  0.0000000E+00  0.0000000E+00  1.0819580E+00
 0.0000000E+00  0.0000000E+00  2.5745002E-01  2.9669251E-01  3.0422509E-01  3.3829405E-01  3.2744246E-01  2.5745002E-01  0.0000000E+00  0.0000000E+00  1.1039987E+00
 0.0000000E+00  2.8200606E-02  2.8308483E-01  3.2290431E-01  3.3018484E-01  3.6626673E-01  3.5545853E-01  2.8308483E-01  2.8200606E-02  0.0000000E+00  1.9718971E+00
 0.0000000E+00  5.9039242E-02  3.1127714E-01  3.5165470E-01  3.5869515E-01  3.9673915E-01  3.8596741E-01  3.1127714E-01  5.9039242E-02  0.0000000E+00  2.8974929E+00
 0.0000000E+00  9.2344908E-02  3.4204055E-01  3.8296295E-01  3.8977210E-01  4.2974832E-01  4.1900693E-01  3.4204055E-01  9.2344908E-02  0.0000000E+00  3.8810676E+00
 0.0000000E+00  1.2796865E-01  3.7521453E-01  4.1667098E-01  4.2325683E-01  4.6513699E-01  4.5442008E-01  3.7521453E-01  1.2796865E-01  0.0000000E+00  4.9160643E+00
 0.0000000E+00  1.6577877E-01  4.1065897E-01  4.5263730E-01  4.5900649E-01  5.0276939E-01  4.9207191E-01  4.1065897E-01  1.6577877E-01  0.0000000E+00  5.9964293E+00
 0.0000000E+00  2.0565665E-01  4.4824600E-01  4.9073594E-01  4.9689540E-01  5.4251902E-01  5.3183591E-01  4.4824600E-01  2.0565665E-01  0.0000000E+00  7.1165172E+00
 0.0000000E+00  2.4749620E-01  4.8786133E-01  5.3085316E-01  5.3680874E-01  5.8427677E-01  5.7360351E-01  4.8786133E-01  2.4749620E-01  0.0000000E+00  8.2711040E+00
 0.0000000E+00  2.9119536E-01  5.2939887E-01  5.7288449E-01  5.7864151E-01  6.2793791E-01  6.1726997E-01  5.2939887E-01  2.9119536E-01  0.0000000E+00  9.4553061E+00
 0.0000000E+00  3.3666573E-01  5.7276338E-01  6.1673141E-01  6.2229494E-01  6.7340638E-01  6.6273951E-01  5.7276338E-01  3.3666573E-01  0.0000000E+00  1.0664566E+01
 5.4979490E-02  3.8767416E-01  6.2157346E-01  6.6604966E-01  6.7141171E-01  7.2445667E-01  7.1378635E-01  6.2157346E-01  3.8767416E-01  5.4979490E-02  1.1886451E+01
 1.1175589E-01  4.4055719E-01  6.7229894E-01  7.1727601E-01  7.2244030E-01  7.7741932E-01  7.6674074E-01  6.7229894E-01  4.4055719E-01  1.1175589E-01  1.3130985E+01
 1.7024759E-01  4.9522910E-01  7.2485003E-01  7.7032202E-01  7.7529228E-01  8.3220700E-01  8.2151591E-01  7.2485003E-01  4.9522910E-01  1.7024759E-01  1.4393531E+01
 2.3037050E-01  5.5159875E-01  7.7913423E-01  8.2509547E-01  8.2987489E-01  8.8872774E-01  8.7802015E-01  7.7913423E-01  5.5159875E-01  2.3037050E-01  1.5669830E+01
 2.9203879E-01  6.0958044E-01  8.3506040E-01  8.8150576E-01  8.8609780E-01  9.4688986E-01  9.3616151E-01  8.3506040E-01  6.0958044E-01  2.9203879E-01  1.6955516E+01
 3.5516676E-01  6.6908030E-01  8.9253740E-01  9.3945928E-01  9.4386688E-01  1.0066027E+00  9.9584965E-01  8.9253740E-01  6.6908030E-01  3.5516676E-01  1.8246507E+01
 4.1966598E-01  7.3000719E-01  9.5146862E-01  9.9886272E-01  1.0030891E+00  1.0677712E+00  1.0569894E+00  9.5146862E-01  7.3000719E-01  4.1966598E-01  1.9538994E+01
 4.8544531E-01  7.9226860E-01  1.0117616E+00  1.0596217E+00  1.0636697E+00  1.1303013E+00  1.1194867E+00  1.0117616E+00  7.9226860E-01  4.8544531E-01  2.0829169E+01
 5.5241225E-01  8.5576796E-01  1.0733183E+00  1.1216368E+00  1.1255094E+00  1.1940957E+00  1.1832447E+00  1.0733183E+00  8.5576796E-01  5.5241225E-01  2.2113631E+01
 6.2047428E-01  9.2041002E-01  1.1360423E+00  1.1848137E+00  1.1885136E+00  1.2590581E+00  1.2481664E+00  1.1360423E+00  9.2041002E-01  6.2047428E-01  2.3388841E+01
 6.8953618E-01  9.8609956E-01  1.1998341E+00  1.2490523E+00  1.2525824E+00  1.3250900E+00  1.3141543E+00  1.1998341E+00  9.8609956E-01  6.8953618E-01  2.4651809E+01
 7.5950273E-01  1.0527346E+00  1.2645959E+00  1.3142535E+00  1.3176162E+00  1.3920958E+00  1.3811109E+00  1.2645959E+00  1.0527346E+00  7.5950273E-01  2.5899540E+01
 8.3027598E-01  1.1202198E+00  1.3302256E+00  1.3803186E+00  1.3835179E+00  1.4599652E+00  1.4489276E+00  1.3302256E+00  1.1202198E+00  8.3027598E-01  2.7129043E+01
 9.0175934E-01  1.1884532E+00  1.3966239E+00  1.4471464E+00  1.4501833E+00  1.5286089E+00  1.5175180E+00  1.3966239E+00  1.1884532E+00  9.0175934E-01  2.8337868E+01
 9.7385351E-01  1.2573356E+00  1.4636901E+00  1.5146326E+00  1.5175097E+00  1.5979137E+00  1.5867669E+00  1.4636901E+00  1.2573356E+00  9.7385351E-01  2.9523430E+01
 1.0464592E+00  1.3267675E+00  1.5313277E+00  1.5826765E+00  1.5853940E+00  1.6677870E+00  1.6565764E+00  1.5313277E+00  1.3267675E+00  1.0464592E+00  3.0683417E+01
 1.1194784E+00  1.3966511E+00  1.5994142E+00  1.6511803E+00  1.6537434E+00  1.7381310E+00  1.7268538E+00  1.5994142E+00  1.3966511E+00  1.1194784E+00  3.1815789E+01
 1.1928119E+00  1.4668734E+00  1.6678816E+00  1.7200433E+00  1.7224547E+00  1.8088368E+00  1.7974904E+00  1.6678816E+00  1.4668734E+00  1.1928119E+00  3.2918641E+01
 1.2663603E+00  1.5373541E+00  1.7366075E+00  1.7891566E+00  1.7914189E+00  1.8798092E+00  1.8683910E+00  1.7366075E+00  1.5373541E+00  1.2663603E+00  3.3990069E+01
 1.3400243E+00  1.6079709E+00  1.8054831E+00  1.8584331E+00  1.8605464E+00  1.9509340E+00  1.9394385E+00  1.8054831E+00  1.6079709E+00  1.3400243E+00  3.5028575E+01
 1.4137101E+00  1.6786422E+00  1.8744402E+00  1.9277559E+00  1.9297228E+00  2.0221267E+00  2.0105541E+00  1.8744402E+00  1.6786422E+00  1.4137101E+00  3.6032664E+01
 1.4873197E+00  1.7492726E+00  1.9433566E+00  1.9970434E+00  1.9988666E+00  2.0932813E+00  2.0816262E+00  1.9433566E+00  1.7492726E+00  1.4873197E+00  3.7000976E+01
 1.5607525E+00  1.8197397E+00  2.0121369E+00  2.0662003E+00  2.0678825E+00  2.1643080E+00  2.1525677E+00  2.0121369E+00  1.8197397E+00  1.5607525E+00  3.7932421E+01
 1.6339132E+00  1.8899892E+00  2.0806859E+00  2.1351043E+00  2.1366480E+00  2.2351061E+00  2.2232753E+00  2.0806859E+00  1.8899892E+00  1.6339132E+00  3.8825912E+01
 1.7067202E+00  1.9598851E+00  2.1489221E+00  2.2036953E+00  2.2051006E+00  2.3055777E+00  2.2936564E+00  2.1489221E+00  1.9598851E+00  1.7067202E+00  3.9680769E+01
 1.7790647E+00  2.0293728E+00  2.2167501E+00  2.2718565E+00  2.2731261E+00  2.3756302E+00  2.3636132E+00  2.2167501E+00  2.0293728E+00  1.7790647E+00  4.0496174E+01
 0.0000000E+00  0.0000000E+00  2.4526952E-01  2.8615435E-01  2.9277802E-01  3.3169114E-01  3.2127370E-01  2.4526952E-01  0.0000000E+00  0.0000000E+00  1.1666311E+00
 0.0000000E+00  0.0000000E+00  2.4584276E-01  2.8674579E-01  2.9336296E-01  3.3233118E-01  3.2191472E-01  2.4584276E-01  0.0000000E+00  0.0000000E+00  1.1879340E+00
 0.0000000E+00  2.7204556E-02  2.7053852E-01  3.1210723E-01  3.1845977E-01  3.5964793E-01  3.4926495E-01  2.7053852E-01  2.7204556E-02  0.0000000E+00  2.0218859E+00
 0.0000000E+00  5.6718680E-02  2.9746743E-01  3.3967571E-01  3.4577761E-01  3.8912529E-01  3.7876799E-01  2.9746743E-01  5.6718680E-02  0.0000000E+00  2.9025293E+00
 0.0000000E+00  8.8374056E-02  3.2664110E-01  3.6946746E-01  3.7532847E-01  4.2079849E-01  4.1046004E-01  3.2664110E-01  8.8374056E-02  0.0000000E+00  3.8301450E+00
 0.0000000E+00  1.2202380E-01  3.5789836E-01  4.0132663E-01  4.0695585E-01  4.5451766E-01  4.4419190E-01  3.5789836E-01  1.2202380E-01  0.0000000E+00  4.7984690E+00
 0.0000000E+00  1.5753849E-01  3.9110464E-01  4.3511662E-01  4.4052218E-01  4.9014656E-01  4.7982730E-01  3.9110464E-01  1.5753849E-01  0.0000000E+00  5.8018020E+00
 0.0000000E+00  1.9480129E-01  4.2613032E-01  4.7071314E-01  4.7590252E-01  5.2756358E-01  5.1724529E-01  4.2613032E-01  1.9480129E-01  0.0000000E+00  6.8349101E+00
 0.0000000E+00  2.3370838E-01  4.6286742E-01  5.0800420E-01  5.1298454E-01  5.6666203E-01  5.5633985E-01  4.6286742E-01  2.3370838E-01  0.0000000E+00  7.8929749E+00
 0.0000000E+00  2.7416072E-01  5.0120957E-01  5.4688976E-01  5.5166725E-01  6.0733825E-01  5.9700696E-01  5.0120957E-01  2.7416072E-01  0.0000000E+00  8.9715766E+00
 0.0000000E+00  3.1606859E-01  5.4106375E-01  5.8727278E-01  5.9185327E-01  6.4950285E-01  6.3915823E-01  5.4106375E-01  3.1606859E-01  0.0000000E+00  1.0066561E+01
 5.0652823E-02  3.6288470E-01  5.8573479E-01  6.3249584E-01  6.3687120E-01  6.9662547E-01  6.8626101E-01  5.8573479E-01  3.6288470E-01  5.0652823E-02  1.1164437E+01
 1.0274539E-01  4.1121616E-01  6.3196105E-01  6.7926321E-01  6.8343864E-01  7.4529494E-01  7.3490578E-01  6.3196105E-01  4.1121616E-01  1.0274539E-01  1.2276104E+01
 1.5619578E-01  4.6097490E-01  6.7965115E-01  7.2748582E-01  7.3146522E-01  7.9542255E-01  7.8500348E-01  6.7965115E-01  4.6097490E-01  1.5619578E-01  1.3397457E+01
 2.1092175E-01  5.1207618E-01  7.2871701E-01  7.7707627E-01  7.8086387E-01  8.4691956E-01  8.3646669E-01  7.2871701E-01  5.1207618E-01  2.1092175E-01  1.4524626E+01
 2.6683989E-01  5.6443193E-01  7.7906893E-01  8.2794184E-01  8.3154121E-01  8.9969692E-01  8.8920504E-01  7.7906893E-01  5.6443193E-01  2.6683989E-01  1.5653873E+01
 3.2386629E-01  6.1795244E-01  8.3061717E-01  8.7999580E-01  8.8341118E-01  9.5366690E-01  9.4313178E-01  8.3061717E-01  6.1795244E-01  3.2386629E-01  1.6781756E+01
 3.8191621E-01  6.7255296E-01  8.8327200E-01  9.3314644E-01  9.3638106E-01  1.0087381E+00  9.9815553E-01  8.8327200E-01  6.7255296E-01  3.8191621E-01  1.7904804E+01
 4.4090492E-01  7.2814378E-01  9.3694372E-01  9.8730368E-01  9.9036146E-01  1.0648202E+00  1.0541856E+00  9.3694372E-01  7.2814378E-01  4.4090492E-01  1.9019877E+01
 5.0074434E-01  7.8463349E-01  9.9153925E-01  1.0423791E+00  1.0452630E+00  1.1218247E+00  1.1111342E+00  9.9153925E-01  7.8463349E-01  5.0074434E-01  2.0124150E+01
 5.6134808E-01  8.4193571E-01  1.0469706E+00  1.0982788E+00  1.1009920E+00  1.1796603E+00  1.1689099E+00  1.0469706E+00  8.4193571E-01  5.6134808E-01  2.1214798E+01
 6.2262973E-01  8.9995905E-01  1.1031462E+00  1.1549135E+00  1.1574596E+00  1.2382359E+00  1.2274212E+00  1.1031462E+00  8.9995905E-01  6.2262973E-01  2.2289163E+01
 6.8449958E-01  9.5861378E-01  1.1599732E+00  1.2121933E+00  1.2145749E+00  1.2974604E+00  1.2865778E+00  1.1599732E+00  9.5861378E-01  6.8449958E-01  2.3344752E+01
 7.4687122E-01  1.0178118E+00  1.2173619E+00  1.2700248E+00  1.2722451E+00  1.3572429E+00  1.3462881E+00  1.2173619E+00  1.0178118E+00  7.4687122E-01  2.4379405E+01
 8.0965659E-01  1.0774602E+00  1.2752224E+00  1.3283182E+00  1.3303805E+00  1.4174915E+00  1.4064610E+00  1.2752224E+00  1.0774602E+00  8.0965659E-01  2.5391129E+01
 8.7276596E-01  1.1374707E+00  1.3334634E+00  1.3869835E+00  1.3888901E+00  1.4781183E+00  1.4670084E+00  1.3334634E+00  1.1374707E+00  8.7276596E-01  2.6377930E+01
 9.3611294E-01  1.1977555E+00  1.3919935E+00  1.4459296E+00  1.4476838E+00  1.5390305E+00  1.5278371E+00  1.3919935E+00  1.1977555E+00  9.3611294E-01  2.7338145E+01
 9.9961111E-01  1.2582230E+00  1.4507246E+00  1.5050682E+00  1.5066722E+00  1.6001404E+00  1.5888602E+00  1.4507246E+00  1.2582230E+00  9.9961111E-01  2.8269948E+01
 1.0631724E+00  1.3187885E+00  1.5095688E+00  1.5643098E+00  1.5657668E+00  1.6613526E+00  1.6499836E+00  1.5095688E+00  1.3187885E+00  1.0631724E+00  2.9172009E+01
 1.1267121E+00  1.3793640E+00  1.5684362E+00  1.6235671E+00  1.6248791E+00  1.7225979E+00  1.7111321E+00  1.5684362E+00  1.3793640E+00  1.1267121E+00  3.0043165E+01
 1.1901439E+00  1.4398614E+00  1.6272438E+00  1.6827579E+00  1.6839282E+00  1.7837656E+00  1.7722054E+00  1.6272438E+00  1.4398614E+00  1.1901439E+00  3.0882087E+01
 1.2533862E+00  1.5001993E+00  1.6859019E+00  1.7417882E+00  1.7428188E+00  1.8447802E+00  1.8331161E+00  1.6859019E+00  1.5001993E+00  1.2533862E+00  3.1688109E+01
 1.3163543E+00  1.5602929E+00  1.7443389E+00  1.8005760E+00  1.8014700E+00  1.9055623E+00  1.8937941E+00  1.7443389E+00  1.5602929E+00  1.3163543E+00  3.2459904E+01
 1.3789685E+00  1.6200592E+00  1.8024437E+00  1.8590382E+00  1.8597989E+00  1.9660286E+00  1.9541564E+00  1.8024437E+00  1.6200592E+00  1.3789685E+00  3.3197138E+01
 1.4411507E+00  1.6794218E+00  1.8601663E+00  1.9171016E+00  1.9177290E+00  2.0260927E+00  2.0141067E+00  1.8601663E+00  1.6794218E+00  1.4411507E+00  3.3898981E+01
 1.5028212E+00  1.7383075E+00  1.9174236E+00  1.9746898E+00  1.9751872E+00  2.0856750E+00  2.0735752E+00  1.9174236E+00  1.7383075E+00  1.5028212E+00  3.4565100E+01
 1.5639085E+00  1.7966116E+00  1.9741160E+00  2.0317198E+00  2.0320904E+00  2.1447090E+00  2.1324954E+00  1.9741160E+00  1.7966116E+00  1.5639085E+00  3.5195164E+01
 0.0000000E+00  0.0000000E+00  2.3389993E-01  2.7706539E-01  2.8264531E-01  3.2710576E-01  3.1718753E-01  2.3389993E-01  0.0000000E+00  0.0000000E+00  1.2553141E+00
 0.0000000E+00  0.0000000E+00  2.3445599E-01  2.7763924E-01  2.8321201E-01  3.2773367E-01  3.1781584E-01  2.3445599E-01  0.0000000E+00  0.0000000E+00  1.2758397E+00
 0.0000000E+00  2.6201565E-02  2.5820844E-01  3.0213064E-01  3.0743301E-01  3.5439528E-01  3.4449374E-01  2.5820844E-01  2.6201565E-02  0.0000000E+00  2.0746457E+00
 0.0000000E+00  5.4400495E-02  2.8388682E-01  3.2851242E-01  3.3355868E-01  3.8289181E-01  3.7299781E-01  2.8388682E-01  5.4400495E-02  0.0000000E+00  2.9097562E+00
 0.0000000E+00  8.4433015E-02  3.1149924E-01  3.5680117E-01  3.6160284E-01  4.1326223E-01  4.0336823E-01  3.1149924E-01  8.4433015E-02  0.0000000E+00  3.7815790E+00
 0.0000000E+00  1.1615686E-01  3.4089147E-01  3.8684752E-01  3.9141453E-01  4.4536205E-01  4.3546130E-01  3.4089147E-01  1.1615686E-01  0.0000000E+00  4.6842694E+00
 0.0000000E+00  1.4944641E-01  3.7192958E-01  4.1851792E-01  4.2285940E-01  4.7906100E-01  4.6914755E-01  3.7192958E-01  1.4944641E-01  0.0000000E+00  5.6125916E+00
 0.0000000E+00  1.8418944E-01  4.0449178E-01  4.5169304E-01  4.5581732E-01  5.1424137E-01  5.0430925E-01  4.0449178E-01  1.8418944E-01  0.0000000E+00  6.5617357E+00
 0.0000000E+00  2.2028448E-01  4.3847256E-01  4.8626570E-01  4.9018034E-01  5.5080129E-01  5.4084534E-01  4.3847256E-01  2.2028448E-01  0.0000000E+00  7.5273588E+00
 0.0000000E+00  2.5763817E-01  4.7376840E-01  5.2213890E-01  5.2585064E-01  5.8864252E-01  5.7865720E-01  4.7376840E-01  2.5763817E-01  0.0000000E+00  8.5055441E+00
 0.0000000E+00  2.9616487E-01  5.1029206E-01  5.5922212E-01  5.6273811E-01  6.2767824E-01  6.1765916E-01  5.1029206E-01  2.9616487E-01  0.0000000E+00  9.4925979E+00
 4.6559792E-02  3.3901628E-01  5.5105519E-01  6.0056382E-01  6.0387651E-01  6.7110067E-01  6.6103951E-01  5.5105519E-01  3.3901628E-01  4.6559792E-02  1.0474111E+01
 9.4239829E-02  3.8305897E-01  5.9304815E-01  6.4312363E-01  6.4623819E-01  7.1573827E-01  7.0562986E-01  5.9304815E-01  3.8305897E-01  9.4239829E-02  1.1461896E+01
 1.4296056E-01  4.2821379E-01  6.3618572E-01  6.8681552E-01  6.8973670E-01  7.6150904E-01  7.5134782E-01  6.3618572E-01  4.2821379E-01  1.4296056E-01  1.2452379E+01
 1.9264283E-01  4.7439144E-01  6.8038264E-01  7.3155302E-01  7.3428600E-01  8.0832614E-01  7.9810774E-01  6.8038264E-01  4.7439144E-01  1.9264283E-01  1.3442153E+01
 2.4320689E-01  5.2151277E-01  7.2555167E-01  7.7725252E-01  7.7980126E-01  8.5610554E-01  8.4582520E-01  7.2555167E-01  5.2151277E-01  2.4320689E-01  1.4428050E+01
 2.9457379E-01  5.6949459E-01  7.7160958E-01  8.2382756E-01  8.2619644E-01  9.0476322E-01  8.9441577E-01  7.7160958E-01  5.6949459E-01  2.9457379E-01  1.5407108E+01
 3.4666520E-01  6.1825164E-01  8.1847318E-01  8.7119495E-01  8.7338832E-01  9.5421354E-01  9.4379463E-01  8.1847318E-01  6.1825164E-01  3.4666520E-01  1.6376485E+01
 3.9939791E-01  6.6770479E-01  8.6605519E-01  9.1926983E-01  9.2129127E-01  1.0043753E+00  9.9388059E-01  8.6605519E-01  6.6770479E-01  3.9939791E-01  1.7333626E+01
 4.5269683E-01  7.1776880E-01  9.1427648E-01  9.6797184E-01  9.6982533E-01  1.0551642E+00  1.0445896E+00  9.1427648E-01  7.1776880E-01  4.5269683E-01  1.8276093E+01
 5.0648079E-01  7.6836452E-01  9.6304977E-01  1.0172129E+00  1.0189020E+00  1.1064973E+00  1.0958381E+00  9.6304977E-01  7.6836452E-01  5.0648079E-01  1.9201655E+01
 5.6067063E-01  8.1940875E-01  1.0122919E+00  1.0669159E+00  1.0684442E+00  1.1582930E+00  1.1475453E+00  1.0122919E+00  8.1940875E-01  5.6067063E-01  2.0108201E+01
 6.1518720E-01  8.7082029E-01  1.0619256E+00  1.1169956E+00  1.1183667E+00  1.2104674E+00  1.1996268E+00  1.0619256E+00  8.7082029E-01  6.1518720E-01  2.0993845E+01
 6.6995137E-01  9.2252002E-01  1.1118658E+00  1.1673721E+00  1.1685891E+00  1.2629421E+00  1.2520046E+00  1.1118658E+00  9.2252002E-01  6.6995137E-01  2.1856961E+01
 7.2488804E-01  9.7442878E-01  1.1620333E+00  1.2179641E+00  1.2190302E+00  1.3156348E+00  1.3045968E+00  1.1620333E+00  9.7442878E-01  7.2488804E-01  2.2695725E+01
 7.7991604E-01  1.0264674E+00  1.2123470E+00  1.2686917E+00  1.2696097E+00  1.3684641E+00  1.3573222E+00  1.2123470E+00  1.0264674E+00  7.7991604E-01  2.3508917E+01
 8.3496230E-01  1.0785588E+00  1.2627296E+00  1.3194774E+00  1.3202509E+00  1.4213543E+00  1.4101044E+00  1.2627296E+00  1.0785588E+00  8.3496230E-01  2.4295321E+01
 8.8994767E-01  1.1306239E+00  1.3131041E+00  1.3702433E+00  1.3708754E+00  1.4742262E+00  1.4628643E+00  1.3131041E+00  1.1306239E+00  8.8994767E-01  2.5053516E+01
 9.4480317E-01  1.1825874E+00  1.3633934E+00  1.4209113E+00  1.4214049E+00  1.5270043E+00  1.5155273E+00  1.3633934E+00  1.1825874E+00  9.4480317E-01  2.5782691E+01
 9.9944963E-01  1.2343785E+00  1.4135224E+00  1.4714085E+00  1.4717663E+00  1.5796107E+00  1.5680149E+00  1.4135224E+00  1.2343785E+00  9.9944963E-01  2.6482032E+01
 1.0538201E+00  1.2859199E+00  1.4634159E+00  1.5216618E+00  1.5218865E+00  1.6319764E+00  1.6202583E+00  1.4634159E+00  1.2859199E+00  1.0538201E+00  2.7150729E+01
 1.1078415E+00  1.3371427E+00  1.5130050E+00  1.5715981E+00  1.5716926E+00  1.6840230E+00  1.6721794E+00  1.5130050E+00  1.3371427E+00  1.1078415E+00  2.7788173E+01
 1.1614448E+00  1.3879759E+00  1.5622207E+00  1.6211473E+00  1.6211147E+00  1.7356855E+00  1.7237133E+00  1.5622207E+00  1.3879759E+00  1.1614448E+00  2.8393958E+01
 1.2145652E+00  1.4383545E+00  1.6109900E+00  1.6702419E+00  1.6700842E+00  1.7868943E+00  1.7747899E+00  1.6109900E+00  1.4383545E+00  1.2145652E+00  2.8967678E+01
 1.2671375E+00  1.4882115E+00  1.6592498E+00  1.7188165E+00  1.7185366E+00  1.8375807E+00  1.8253416E+00  1.6592498E+00  1.4882115E+00  1.2671375E+00  2.9508927E+01
 1.3190970E+00  1.5374820E+00  1.7069373E+00  1.7668051E+00  1.7664061E+00  1.8876813E+00  1.8753041E+00  1.7069373E+00  1.5374820E+00  1.3190970E+00  3.0017705E+01
 1.3703848E+00  1.5861051E+00  1.7539876E+00  1.8141476E+00  1.8136310E+00  1.9371349E+00  1.9246167E+00  1.7539876E+00  1.5861051E+00  1.3703848E+00  3.0494012E+01
 0.0000000E+00  0.0000000E+00  2.2277319E-01  2.6882103E-01  2.7324689E-01  3.2397944E-01  3.1459861E-01  2.2277319E-01  0.0000000E+00  0.0000000E+00  1.3475650E+00
 0.0000000E+00  0.0000000E+00  2.2330861E-01  2.6937471E-01  2.7379378E-01  3.2459665E-01  3.1521582E-01  2.2330861E-01  0.0000000E+00  0.0000000E+00  1.3672711E+00
 0.0000000E+00  2.5189305E-02  2.4611211E-01  2.9296890E-01  2.9711736E-01  3.5059416E-01  3.4120266E-01  2.4611211E-01  2.5189305E-02  0.0000000E+00  2.1295710E+00
 0.0000000E+00  5.2079777E-02  2.7054813E-01  3.1815117E-01  3.2204550E-01  3.7811898E-01  3.6870857E-01  2.7054813E-01  5.2079777E-02  0.0000000E+00  2.9185050E+00
 0.0000000E+00  8.0514262E-02  2.9662458E-01  3.4494377E-01  3.4859561E-01  4.0721277E-01  3.9777617E-01  2.9662458E-01  8.0514262E-02  0.0000000E+00  3.7346830E+00
 0.0000000E+00  1.1035717E-01  3.2419819E-01  3.7320440E-01  3.7662491E-01  4.3773672E-01  4.2826665E-01  3.2419819E-01  1.1035717E-01  0.0000000E+00  4.5727484E+00
 0.0000000E+00  1.4148829E-01  3.5313760E-01  4.0280267E-01  4.0600106E-01  4.6956987E-01  4.6006053E-01  3.5313760E-01  1.4148829E-01  0.0000000E+00  5.4279668E+00
 0.0000000E+00  1.7380177E-01  3.8332877E-01  4.3362951E-01  4.3661500E-01  5.0260070E-01  4.9304625E-01  3.8332877E-01  1.7380177E-01  0.0000000E+00  6.2960746E+00
 0.0000000E+00  2.0720094E-01  4.1466761E-01  4.6558377E-01  4.6836461E-01  5.3673500E-01  5.2712963E-01  4.1466761E-01  2.0720094E-01  0.0000000E+00  7.1732298E+00
 0.0000000E+00  2.4159831E-01  4.4706487E-01  4.9857028E-01  5.0115421E-01  5.7188058E-01  5.6221943E-01  4.4706487E-01  2.4159831E-01  0.0000000E+00  8.0560119E+00
 0.0000000E+00  2.7691356E-01  4.8042885E-01  5.3250919E-01  5.3490253E-01  6.0795563E-01  5.9823386E-01  4.8042885E-01  2.7691356E-01  0.0000000E+00  8.9412478E+00
 4.2689280E-02  3.1601584E-01  5.1749855E-01  5.7016666E-01  5.7236358E-01  6.4788503E-01  6.3809295E-01  5.1749855E-01  3.1601584E-01  4.2689280E-02  9.8137678E+00
 8.6214643E-02  3.5602782E-01  5.5551266E-01  6.0875322E-01  6.1075955E-01  6.8873944E-01  6.7887121E-01  5.5551266E-01  3.5602782E-01  8.6214643E-02  1.0686263E+01
 1.3050098E-01  3.9686523E-01  5.9438938E-01  6.4818609E-01  6.5000717E-01  7.3043409E-01  7.2048487E-01  5.9438938E-01  3.9686523E-01  1.3050098E-01  1.1555685E+01
 1.7547344E-01  4.3845122E-01  6.3404690E-01  6.8838395E-01  6.9002413E-01  7.7289362E-01  7.6285808E-01  6.3404690E-01  4.3845122E-01  1.7547344E-01  1.2419157E+01
 2.2105839E-01  4.8070894E-01  6.7440591E-01  7.2926800E-01  7.3073310E-01  8.1603476E-01  8.0590804E-01  6.7440591E-01  4.8070894E-01  2.2105839E-01  1.3274004E+01
 2.6718198E-01  5.2356158E-01  7.1538708E-01  7.7075988E-01  7.7205378E-01  8.5978165E-01  8.4955939E-01  7.1538708E-01  5.2356158E-01  2.6718198E-01  1.4117795E+01
 3.1377257E-01  5.6693226E-01  7.5691358E-01  8.1278226E-01  8.1390982E-01  9.0405894E-01  8.9373629E-01  7.5691358E-01  5.6693226E-01  3.1377257E-01  1.4948226E+01
 3.6075727E-01  6.1074665E-01  7.9890856E-01  8.5525780E-01  8.5622241E-01  9.4878831E-01  9.3836091E-01  7.9890856E-01  6.1074665E-01  3.6075727E-01  1.5763239E+01
 4.0806174E-01  6.5492789E-01  8.4129519E-01  8.9811264E-01  8.9891915E-01  9.9389291E-01  9.8335639E-01  8.4129519E-01  6.5492789E-01  4.0806174E-01  1.6560901E+01
 4.5561904E-01  6.9940658E-01  8.8400157E-01  9.4127190E-01  9.4192371E-01  1.0393033E+00  1.0286533E+00  8.8400157E-01  6.9940658E-01  4.5561904E-01  1.7339476E+01
 5.0335728E-01  7.4410836E-01  9.2695087E-01  9.8466175E-01  9.8516370E-01  1.0849423E+00  1.0741754E+00  9.2695087E-01  7.4410836E-01  5.0335728E-01  1.8097379E+01
 5.5120707E-01  7.8896382E-01  9.7007368E-01  1.0282088E+00  1.0285638E+00  1.1307383E+00  1.1198502E+00  9.7007368E-01  7.8896382E-01  5.5120707E-01  1.8833146E+01
 5.9910148E-01  8.3389860E-01  1.0132981E+00  1.0718446E+00  1.0720560E+00  1.1766221E+00  1.1656083E+00  1.0132981E+00  8.3389860E-01  5.9910148E-01  1.9545539E+01
 6.4696862E-01  8.7884825E-01  1.0565498E+00  1.1154973E+00  1.1155686E+00  1.2225186E+00  1.2113759E+00  1.0565498E+00  8.7884825E-01  6.4696862E-01  2.0233417E+01
 6.9474405E-01  9.2374089E-01  1.0997668E+00  1.1590985E+00  1.1590335E+00  1.2683651E+00  1.2570895E+00  1.0997668E+00  9.2374089E-01  6.9474405E-01  2.0895763E+01
 7.4236579E-01  9.6851207E-01  1.1428748E+00  1.2025802E+00  1.2023824E+00  1.3140906E+00  1.3026787E+00  1.1428748E+00  9.6851207E-01  7.4236579E-01  2.1531736E+01
 7.8976445E-01  1.0130949E+00  1.1858117E+00  1.2458771E+00  1.2455492E+00  1.3596296E+00  1.3480776E+00  1.1858117E+00  1.0130949E+00  7.8976445E-01  2.2140592E+01
 8.3688053E-01  1.0574248E+00  1.2285131E+00  1.2889246E+00  1.2884697E+00  1.4049173E+00  1.3932221E+00  1.2285131E+00  1.0574248E+00  8.3688053E-01  2.2721710E+01
 8.8365207E-01  1.1014425E+00  1.2709146E+00  1.3316609E+00  1.3310818E+00  1.4498906E+00  1.4380490E+00  1.2709146E+00  1.1014425E+00  8.8365207E-01  2.3274595E+01
 9.3001956E-01  1.1450883E+00  1.3129567E+00  1.3740238E+00  1.3733235E+00  1.4944876E+00  1.4824961E+00  1.3129567E+00  1.1450883E+00  9.3001956E-01  2.3798875E+01
 9.7592601E-01  1.1882979E+00  1.3545774E+00  1.4159526E+00  1.4151344E+00  1.5386498E+00  1.5265056E+00  1.3545774E+00  1.1882979E+00  9.7592601E-01  2.4294229E+01
 1.0213144E+00  1.2310216E+00  1.3957222E+00  1.4573930E+00  1.4564594E+00  1.5823187E+00  1.5700193E+00  1.3957222E+00  1.2310216E+00  1.0213144E+00  2.4760482E+01
 1.0661302E+00  1.2731975E+00  1.4363365E+00  1.4982891E+00  1.4972431E+00  1.6254392E+00  1.6129807E+00  1.4363365E+00  1.2731975E+00  1.0661302E+00  2.5197485E+01
 1.1103238E+00  1.3147786E+00  1.4763633E+00  1.5385879E+00  1.5374318E+00  1.6679574E+00  1.6553374E+00  1.4763633E+00  1.3147786E+00  1.1103238E+00  2.5605488E+01
 1.1538408E+00  1.3557102E+00  1.5157532E+00  1.5782358E+00  1.5769725E+00  1.7098212E+00  1.6970373E+00  1.5157532E+00  1.3557102E+00  1.1538408E+00  2.5984241E+01
 1.1966364E+00  1.3959452E+00  1.5544588E+00  1.6171858E+00  1.6158181E+00  1.7509824E+00  1.7380317E+00  1.5544588E+00  1.3959452E+00  1.1966364E+00  2.6333992E+01
 0.0000000E+00  0.0000000E+00  2.1190700E-01  2.6139177E-01  2.6458055E-01  3.2239676E-01  3.1355616E-01  2.1190700E-01  0.0000000E+00  0.0000000E+00  1.4427456E+00
 0.0000000E+00  0.0000000E+00  2.1242229E-01  2.6192818E-01  2.6511015E-01  3.2300032E-01  3.1415878E-01  2.1242229E-01  0.0000000E+00  0.0000000E+00  1.4615891E+00
 0.0000000E+00  2.4165329E-02  2.3426576E-01  2.8458666E-01  2.8750645E-01  3.4832200E-01  3.3943443E-01  2.3426576E-01  2.4165329E-02  0.0000000E+00  2.1859365E+00
 0.0000000E+00  4.9751124E-02  2.5746467E-01  3.0855401E-01  3.1122786E-01  3.7487361E-01  3.6593154E-01  2.5746467E-01  4.9751124E-02  0.0000000E+00  2.9279799E+00
 0.0000000E+00  7.6609428E-02  2.8203081E-01  3.3385083E-01  3.3629130E-01  4.0270762E-01  3.9370454E-01  2.8203081E-01  7.6609428E-02  0.0000000E+00  3.6885853E+00
 0.0000000E+00  1.0461275E-01  3.0782615E-01  3.6034246E-01  3.6256079E-01  4.3169263E-01  4.2262143E-01  3.0782615E-01  1.0461275E-01  0.0000000E+00  4.4629720E+00
 0.0000000E+00  1.3364877E-01  3.3473198E-01  3.8791261E-01  3.8991948E-01  4.6171724E-01  4.5257259E-01  3.3473198E-01  1.3364877E-01  0.0000000E+00  5.2469864E+00
 0.0000000E+00  1.6361819E-01  3.6263691E-01  4.1645652E-01  4.1826021E-01  4.9268032E-01  4.8345630E-01  3.6263691E-01  1.6361819E-01  0.0000000E+00  6.0369044E+00
 0.0000000E+00  1.9443229E-01  3.9144708E-01  4.4587851E-01  4.4748792E-01  5.2449046E-01  5.1518232E-01  3.9144708E-01  1.9443229E-01  0.0000000E+00  6.8294565E+00
 0.0000000E+00  2.2600903E-01  4.2107771E-01  4.7609744E-01  4.7752026E-01  5.5706591E-01  5.4766892E-01  4.2107771E-01  2.2600903E-01  0.0000000E+00  7.6217057E+00
 0.0000000E+00  2.5827454E-01  4.5145009E-01  5.0703035E-01  5.0827368E-01  5.9033220E-01  5.8084221E-01  4.5145009E-01  2.5827454E-01  0.0000000E+00  8.4110183E+00
 3.9030266E-02  2.9383735E-01  4.8503470E-01  5.4119299E-01  5.4225211E-01  6.2696983E-01  6.1737441E-01  4.8503470E-01  2.9383735E-01  3.9030266E-02  9.1815903E+00
 7.8645758E-02  3.3005442E-01  5.1930960E-01  5.7602660E-01  5.7690683E-01  6.6426681E-01  6.5456121E-01  5.1930960E-01  3.3005442E-01  7.8645758E-02  9.9470155E+00
 1.1877745E-01  3.6685429E-01  5.5419908E-01  6.1145489E-01  6.1216275E-01  7.0215107E-01  6.9232937E-01  5.5419908E-01  3.6685429E-01  1.1877745E-01  1.0704721E+01
 1.5935631E-01  4.0415976E-01  5.8963050E-01  6.4740639E-01  6.4794602E-01  7.4055058E-01  7.3060863E-01  5.8963050E-01  4.0415976E-01  1.5935631E-01  1.1452344E+01
 2.0031512E-01  4.4190423E-01  6.2552816E-01  6.8380481E-01  6.8418155E-01  7.7939144E-01  7.6932451E-01  6.2552816E-01  4.4190423E-01  2.0031512E-01  1.2187736E+01
 2.4158729E-01  4.8001502E-01  6.6181940E-01  7.2058234E-01  7.2080091E-01  8.1860404E-01  8.0840738E-01  6.6181940E-01  4.8001502E-01  2.4158729E-01  1.2908928E+01
 2.8310802E-01  5.1842555E-01  6.9843762E-01  7.5766752E-01  7.5773327E-01  8.5811692E-01  8.4778640E-01  6.9843762E-01  5.1842555E-01  2.8310802E-01  1.3614135E+01
 3.2481373E-01  5.5706920E-01  7.3531015E-01  7.9499313E-01  7.9490961E-01  8.9786652E-01  8.8739797E-01  7.3531015E-01  5.5706920E-01  3.2481373E-01  1.4301753E+01
 3.6663933E-01  5.9588239E-01  7.7237645E-01  8.3249197E-01  8.3226392E-01  9.3778319E-01  9.2717248E-01  7.7237645E-01  5.9588239E-01  3.6663933E-01  1.4970327E+01
 4.0852246E-01  6.3479549E-01  8.0956384E-01  8.7009803E-01  8.6972899E-01  9.7780335E-01  9.6704633E-01  8.0956384E-01  6.3479549E-01  4.0852246E-01  1.5618555E+01
 4.5040256E-01  6.7374492E-01  8.4681179E-01  9.0774893E-01  9.0724307E-01  1.0178586E+00  1.0069517E+00  8.4681179E-01  6.7374492E-01  4.5040256E-01  1.6245319E+01
 4.9222211E-01  7.1267619E-01  8.8405671E-01  9.4538112E-01  9.4474257E-01  1.0578932E+00  1.0468323E+00  8.8405671E-01  7.1267619E-01  4.9222211E-01  1.6849557E+01
 5.3392055E-01  7.5152268E-01  9.2123805E-01  9.8293462E-01  9.8216634E-01  1.0978418E+00  1.0866233E+00  9.2123805E-01  7.5152268E-01  5.3392055E-01  1.7430423E+01
 5.7544037E-01  7.9022991E-01  9.5829526E-01  1.0203471E+00  1.0194526E+00  1.1376450E+00  1.1262660E+00  9.5829526E-01  7.9022991E-01  5.7544037E-01  1.7987159E+01
 6.1672707E-01  8.2873429E-01  9.9516780E-01  1.0575622E+00  1.0565457E+00  1.1772454E+00  1.1657029E+00  9.9516780E-01  8.2873429E-01  6.1672707E-01  1.8519160E+01
 6.5772313E-01  8.6698436E-01  1.0318042E+00  1.0945230E+00  1.0933875E+00  1.2165859E+00  1.2048758E+00  1.0318042E+00  8.6698436E-01  6.5772313E-01  1.9025881E+01
 6.9837707E-01  9.0492561E-01  1.0681439E+00  1.1311750E+00  1.1299234E+00  1.2556116E+00  1.2437309E+00  1.0681439E+00  9.0492561E-01  6.9837707E-01  1.9506959E+01
 7.3863743E-01  9.4250659E-01  1.1041384E+00  1.1674668E+00  1.1661021E+00  1.2942678E+00  1.2822136E+00  1.1041384E+00  9.4250659E-01  7.3863743E-01  1.9962060E+01
 7.7845274E-01  9.7967279E-01  1.1397303E+00  1.2033433E+00  1.2018696E+00  1.3325032E+00  1.3202724E+00  1.1397303E+00  9.7967279E-01  7.7845274E-01  2.0390973E+01
 8.1777759E-01  1.0163788E+00  1.1748771E+00  1.2387584E+00  1.2371780E+00  1.3702705E+00  1.3578608E+00  1.1748771E+00  1.0163788E+00  8.1777759E-01  2.0793637E+01
 8.5656656E-01  1.0525732E+00  1.2095244E+00  1.2736637E+00  1.2719791E+00  1.4075201E+00  1.3949286E+00  1.2095244E+00  1.0525732E+00  8.5656656E-01  2.1169962E+01
 8.9477121E-01  1.0882135E+00  1.2436328E+00  1.3080101E+00  1.3062248E+00  1.4442034E+00  1.4314271E+00  1.2436328E+00  1.0882135E+00  8.9477121E-01  2.1520007E+01
 9.3234916E-01  1.1232574E+00  1.2771538E+00  1.3417590E+00  1.3398753E+00  1.4802795E+00  1.4673160E+00  1.2771538E+00  1.1232574E+00  9.3234916E-01  2.1843955E+01
 9.6926408E-01  1.1576625E+00  1.3100481E+00  1.3748648E+00  1.3728851E+00  1.5157058E+00  1.5025527E+00  1.3100481E+00  1.1576625E+00  9.6926408E-01  2.2141926E+01
 1.0054736E+00  1.1913863E+00  1.3422734E+00  1.4072906E+00  1.4052186E+00  1.5504411E+00  1.5370967E+00  1.3422734E+00  1.1913863E+00  1.0054736E+00  2.2414224E+01
 1.0409443E+00  1.2243987E+00  1.3737962E+00  1.4389977E+00  1.4368357E+00  1.5844481E+00  1.5709100E+00  1.3737962E+00  1.2243987E+00  1.0409443E+00  2.2661151E+01
 0.0000000E+00  0.0000000E+00  2.0132185E-01  2.5472673E-01  2.5663184E-01  3.2242452E-01  3.1408147E-01  2.0132185E-01  0.0000000E+00  0.0000000E+00  1.5399886E+00
 0.0000000E+00  0.0000000E+00  2.0181663E-01  2.5524303E-01  2.5714170E-01  3.2301482E-01  3.1466967E-01  2.0181663E-01  0.0000000E+00  0.0000000E+00  1.5579158E+00
 0.0000000E+00  2.3126195E-02  2.2268513E-01  2.7692410E-01  2.7857620E-01  3.4763740E-01  3.3920016E-01  2.2268513E-01  2.3126195E-02  0.0000000E+00  2.2427743E+00
 0.0000000E+00  4.7408414E-02  2.4464857E-01  2.9964740E-01  3.0106921E-01  3.7321093E-01  3.6467522E-01  2.4464857E-01  4.7408414E-02  0.0000000E+00  2.9371436E+00
 0.0000000E+00  7.2709542E-02  2.6772248E-01  3.2344049E-01  3.2464460E-01  3.9979281E-01  3.9115356E-01  2.6772248E-01  7.2709542E-02  0.0000000E+00  3.6422257E+00
 0.0000000E+00  9.8911469E-02  2.9177964E-01  3.4817940E-01  3.4917709E-01  4.2726964E-01  4.1851970E-01  2.9177964E-01  9.8911469E-02  0.0000000E+00  4.3538973E+00
 0.0000000E+00  1.2591176E-01  3.1670840E-01  3.7375605E-01  3.7455769E-01  4.5553258E-01  4.4666760E-01  3.1670840E-01  1.2591176E-01  0.0000000E+00  5.0685458E+00
 0.0000000E+00  1.5361946E-01  3.4241074E-01  4.0007312E-01  4.0068737E-01  4.8449659E-01  4.7551224E-01  3.4241074E-01  1.5361946E-01  0.0000000E+00  5.7831202E+00
 0.0000000E+00  1.8195357E-01  3.6879904E-01  4.2704776E-01  4.2748331E-01  5.1407513E-01  5.0496634E-01  3.6879904E-01  1.8195357E-01  0.0000000E+00  6.4948104E+00
 0.0000000E+00  2.1084014E-01  3.9579305E-01  4.5460454E-01  4.5486934E-01  5.4420091E-01  5.3496406E-01  3.9579305E-01  2.1084014E-01  0.0000000E+00  7.2012495E+00
 0.0000000E+00  2.4021262E-01  4.2332362E-01  4.8266800E-01  4.8276929E-01  5.7479998E-01  5.6543145E-01  4.2332362E-01  2.4021262E-01  0.0000000E+00  7.9003669E+00
 3.5572230E-02  2.7243207E-01  4.5362018E-01  5.1350703E-01  5.1344047E-01  6.0832538E-01  5.9881143E-01  4.5362018E-01  2.7243207E-01  3.5572230E-02  8.5758181E+00
 7.1511066E-02  3.0508602E-01  4.8438638E-01  5.4479430E-01  5.4456567E-01  6.4228042E-01  6.3261598E-01  4.8438638E-01  3.0508602E-01  7.1511066E-02  9.2420245E+00
 1.0775305E-01  3.3810680E-01  5.1555194E-01  5.7646177E-01  5.7607614E-01  6.7660223E-01  6.6678224E-01  5.1555194E-01  3.3810680E-01  1.0775305E-01  9.8969155E+00
 1.4423688E-01  3.7143155E-01  5.4705401E-01  6.0843845E-01  6.0790234E-01  7.1121982E-01  7.0124067E-01  5.4705401E-01  3.7143155E-01  1.4423688E-01  1.0538605E+01
 1.8090301E-01  4.0498963E-01  5.7881863E-01  6.4066220E-01  6.3998067E-01  7.4607256E-01  7.3592989E-01  5.7881863E-01  4.0498963E-01  1.8090301E-01  1.1165429E+01
 2.1769265E-01  4.3872890E-01  6.1078663E-01  6.7307089E-01  6.7224756E-01  7.8109756E-01  7.7078704E-01  6.1078663E-01  4.3872890E-01  2.1769265E-01  1.1775909E+01
 2.5454848E-01  4.7258281E-01  6.4289515E-01  7.0560093E-01  7.0464085E-01  8.1623346E-01  8.0575147E-01  6.4289515E-01  4.7258281E-01  2.5454848E-01  1.2368713E+01
 2.9141503E-01  5.0649588E-01  6.7508872E-01  7.3819314E-01  7.3710139E-01  8.5142109E-01  8.4076402E-01  6.7508872E-01  5.0649588E-01  2.9141503E-01  1.2942621E+01
 3.2823758E-01  5.4040896E-01  7.0730447E-01  7.7079130E-01  7.6957077E-01  8.8660128E-01  8.7576551E-01  7.0730447E-01  5.4040896E-01  3.2823758E-01  1.3496597E+01
 3.6496288E-01  5.7427026E-01  7.3948695E-01  8.0334071E-01  8.0199646E-01  9.2172227E-01  9.1070418E-01  7.3948695E-01  5.7427026E-01  3.6496288E-01  1.4029792E+01
 4.0153952E-01  6.0802433E-01  7.7158437E-01  8.3578292E-01  8.3431857E-01  9.5672638E-01  9.4552307E-01  7.7158437E-01  6.0802433E-01  4.0153952E-01  1.4541428E+01
 4.3791537E-01  6.4161569E-01  8.0353758E-01  8.6806837E-01  8.6648682E-01  9.9156255E-01  9.8016968E-01  8.0353758E-01  6.4161569E-01  4.3791537E-01  1.5030840E+01
 4.7404716E-01  6.7499627E-01  8.3529850E-01  9.0014237E-01  8.9844867E-01  1.0261776E+00  1.0145937E+00  8.3529850E-01  6.7499627E-01  4.7404716E-01  1.5497509E+01
 5.0987943E-01  7.0812170E-01  8.6681906E-01  9.3195827E-01  9.3015460E-01  1.0605248E+00  1.0487456E+00  8.6681906E-01  7.0812170E-01  5.0987943E-01  1.5941031E+01
 5.4537149E-01  7.4093651E-01  8.9804749E-01  9.6346729E-01  9.6155727E-01  1.0945496E+00  1.0825729E+00  8.9804749E-01  7.4093651E-01  5.4537149E-01  1.6361071E+01
 5.8047527E-01  7.7340002E-01  9.2893941E-01  9.9462506E-01  9.9261230E-01  1.1282134E+00  1.1160363E+00  9.2893941E-01  7.7340002E-01  5.8047527E-01  1.6757444E+01
 6.1515011E-01  8.0546786E-01  9.5944676E-01  1.0253820E+00  1.0232694E+00  1.1614697E+00  1.1490900E+00  9.5944676E-01  8.0546786E-01  6.1515011E-01  1.7129967E+01
 6.4935901E-01  8.3709566E-01  9.8953254E-01  1.0557012E+00  1.0534916E+00  1.1942689E+00  1.1816838E+00  9.8953254E-01  8.3709566E-01  6.4935901E-01  1.7478638E+01
 6.8305391E-01  8.6824643E-01  1.0191524E+00  1.0855374E+00  1.0832353E+00  1.2265793E+00  1.2137864E+00  1.0191524E+00  8.6824643E-01  6.8305391E-01  1.7803495E+01
 7.1620522E-01  8.9887951E-01  1.0482657E+00  1.1148553E+00  1.1124620E+00  1.2583541E+00  1.2453522E+00  1.0482657E+00  8.9887951E-01  7.1620522E-01  1.8104575E+01
 7.4876858E-01  9.2895420E-01  1.0768390E+00  1.1436133E+00  1.1411317E+00  1.2895595E+00  1.2763449E+00  1.0768390E+00  9.2895420E-01  7.4876858E-01  1.8382136E+01
 7.8071809E-01  9.5844464E-01  1.1048355E+00  1.1717819E+00  1.1692149E+00  1.3201606E+00  1.3067326E+00  1.1048355E+00  9.5844464E-01  7.8071809E-01  1.8636327E+01
 8.1201678E-01  9.8731013E-01  1.1322182E+00  1.1993241E+00  1.1966747E+00  1.3501175E+00  1.3364739E+00  1.1322182E+00  9.8731013E-01  8.1201678E-01  1.8867480E+01
 8.4263506E-01  1.0155211E+00  1.1589611E+00  1.2262067E+00  1.2234777E+00  1.3794059E+00  1.3655452E+00  1.1589611E+00  1.0155211E+00  8.4263506E-01  1.9075929E+01
 8.7254705E-01  1.0430517E+00  1.1850310E+00  1.2524059E+00  1.2495995E+00  1.4079931E+00  1.3939124E+00  1.1850310E+00  1.0430517E+00  8.7254705E-01  1.9262079E+01
 9.0171946E-01  1.0698686E+00  1.2104020E+00  1.2778900E+00  1.2750090E+00  1.4358481E+00  1.4215475E+00  1.2104020E+00  1.0698686E+00  9.0171946E-01  1.9426338E+01
 0.0000000E+00  0.0000000E+00  1.9103507E-01  2.4873882E-01  2.4935775E-01  3.2411350E-01  3.1617179E-01  1.9103507E-01  0.0000000E+00  0.0000000E+00  1.6381410E+00
 0.0000000E+00  0.0000000E+00  1.9150886E-01  2.4923314E-01  2.4984624E-01  3.2468977E-01  3.1674453E-01  1.9150886E-01  0.0000000E+00  0.0000000E+00  1.6551053E+00
 0.0000000E+00  2.2068597E-02  2.1138317E-01  2.6988669E-01  2.7027595E-01  3.4858130E-01  3.4048937E-01  2.1138317E-01  2.2068597E-02  0.0000000E+00  2.2988669E+00
 0.0000000E+00  4.5045027E-02  2.3210795E-01  2.9133524E-01  2.9151631E-01  3.7315949E-01  3.6491698E-01  2.3210795E-01  4.5045027E-02  0.0000000E+00  2.9447695E+00
 0.0000000E+00  6.8804676E-02  2.5370533E-01  3.1361191E-01  3.1359697E-01  3.9849379E-01  3.9009611E-01  2.5370533E-01  6.8804676E-02  0.0000000E+00  3.5943937E+00
 0.0000000E+00  9.3241181E-02  2.7605834E-01  3.3660448E-01  3.3640433E-01  4.2447898E-01  4.1592196E-01  2.7605834E-01  9.3241181E-02  0.0000000E+00  4.2442799E+00
 0.0000000E+00  1.1826168E-01  2.9906715E-01  3.6021585E-01  3.5984037E-01  4.5102346E-01  4.4230367E-01  2.9906715E-01  1.1826168E-01  0.0000000E+00  4.8914561E+00
 0.0000000E+00  1.4378578E-01  3.2264280E-01  3.8436099E-01  3.8381894E-01  4.7805063E-01  4.6916382E-01  3.2264280E-01  1.4378578E-01  0.0000000E+00  5.5334428E+00
 0.0000000E+00  1.6974075E-01  3.4670713E-01  4.0896366E-01  4.0826317E-01  5.0548444E-01  4.9642850E-01  3.4670713E-01  1.6974075E-01  0.0000000E+00  6.1680223E+00
 0.0000000E+00  1.9606158E-01  3.7119016E-01  4.3395628E-01  4.3310468E-01  5.3326401E-01  5.2403575E-01  3.7119016E-01  1.9606158E-01  0.0000000E+00  6.7932977E+00
 0.0000000E+00  2.2268998E-01  3.9602774E-01  4.5927634E-01  4.5828044E-01  5.6132989E-01  5.5192578E-01  3.9602774E-01  2.2268998E-01  0.0000000E+00  7.4077332E+00
 3.2305697E-02  2.5175552E-01  4.2322477E-01  4.8695954E-01  4.8581694E-01  5.9190954E-01  5.8231544E-01  4.2322477E-01  2.5175552E-01  3.2305697E-02  7.9946176E+00
 6.4788533E-02  2.8106497E-01  4.5069958E-01  5.1489572E-01  5.1361085E-01  6.2272219E-01  6.1293280E-01  4.5069958E-01  2.8106497E-01  6.4788533E-02  8.5691266E+00
 9.7392821E-02  3.1055823E-01  4.7839164E-01  5.4302527E-01  5.4160432E-01  6.5370554E-01  6.4371820E-01  4.7839164E-01  3.1055823E-01  9.7392821E-02  9.1297245E+00
 1.3006486E-01  3.4017842E-01  5.0623635E-01  5.7128767E-01  5.6973593E-01  6.8480445E-01  6.7461387E-01  5.0623635E-01  3.4017842E-01  1.3006486E-01  9.6748757E+00
 1.6275315E-01  3.6986996E-01  5.3418043E-01  5.9962690E-01  5.9794880E-01  7.1595844E-01  7.0556285E-01  5.3418043E-01  3.6986996E-01  1.6275315E-01  1.0203451E+01
 1.9540712E-01  3.9958003E-01  5.6216968E-01  6.2798877E-01  6.2618872E-01  7.4711872E-01  7.3651458E-01  5.6216968E-01  3.9958003E-01  1.9540712E-01  1.0714321E+01
 2.2797799E-01  4.2925667E-01  5.9014989E-01  6.5632358E-01  6.5440600E-01  7.7823108E-01  7.6741486E-01  5.9014989E-01  4.2925667E-01  2.2797799E-01  1.1206629E+01
 2.6041923E-01  4.5884840E-01  6.1807139E-01  6.8457263E-01  6.8254194E-01  8.0924315E-01  7.9821219E-01  6.1807139E-01  4.5884840E-01  2.6041923E-01  1.1679469E+01
 2.9268432E-01  4.8831456E-01  6.4588449E-01  7.1269796E-01  7.1055769E-01  8.4011245E-01  8.2886322E-01  6.4588449E-01  4.8831456E-01  2.9268432E-01  1.2132302E+01
 3.2472991E-01  5.1760007E-01  6.7353951E-01  7.4064720E-01  7.3840177E-01  8.7078843E-01  8.5931916E-01  6.7353951E-01  5.1760007E-01  3.2472991E-01  1.2564493E+01
 3.5651308E-01  5.4666426E-01  7.0098677E-01  7.6837335E-01  7.6602630E-01  9.0122409E-01  8.8953213E-01  7.0098677E-01  5.4666426E-01  3.5651308E-01  1.2975637E+01
 3.8799229E-01  5.7546197E-01  7.2819464E-01  7.9583578E-01  7.9339064E-01  9.3137879E-01  9.1946150E-01  7.2819464E-01  5.7546197E-01  3.8799229E-01  1.3365418E+01
 4.1912824E-01  6.0395708E-01  7.5510894E-01  8.2299201E-01  8.2045144E-01  9.6121188E-01  9.4906660E-01  7.5510894E-01  6.0395708E-01  4.1912824E-01  1.3733610E+01
 4.4988253E-01  6.3210440E-01  7.8169805E-01  8.4980052E-01  8.4716892E-01  9.9067820E-01  9.7830228E-01  7.8169805E-01  6.3210440E-01  4.4988253E-01  1.4080032E+01
 4.8022085E-01  6.5987234E-01  8.0792131E-01  8.7622604E-01  8.7350608E-01  1.0197425E+00  1.0071360E+00  8.0792131E-01  6.5987234E-01  4.8022085E-01  1.4404683E+01
 5.1010254E-01  6.8722023E-01  8.3373357E-01  9.0222795E-01  8.9942227E-01  1.0483705E+00  1.0355298E+00  8.3373357E-01  6.8722023E-01  5.1010254E-01  1.4707475E+01
 5.3950096E-01  7.1411195E-01  8.5911223E-01  9.2777642E-01  9.2488856E-01  1.0765225E+00  1.0634467E+00  8.5911223E-01  7.1411195E-01  5.3950096E-01  1.4988632E+01
 5.6837998E-01  7.4051587E-01  8.8401665E-01  9.5283352E-01  9.4986613E-01  1.1041676E+00  1.0908541E+00  8.8401665E-01  7.4051587E-01  5.6837998E-01  1.5248200E+01
 5.9671248E-01  7.6640491E-01  9.0841522E-01  9.7736945E-01  9.7432606E-01  1.1312735E+00  1.1177214E+00  9.0841522E-01  7.6640491E-01  5.9671248E-01  1.5486449E+01
 6.2446687E-01  7.9174744E-01  9.3228083E-01  1.0013562E+00  9.9823767E-01  1.1578111E+00  1.1440187E+00  9.3228083E-01  7.9174744E-01  6.2446687E-01  1.5703607E+01
 6.5161603E-01  8.1651637E-01  9.5558186E-01  1.0247648E+00  1.0215756E+00  1.1837490E+00  1.1697144E+00  9.5558186E-01  8.1651637E-01  6.5161603E-01  1.5899988E+01
 6.7814190E-01  8.4068007E-01  9.7829575E-01  1.0475701E+00  1.0443111E+00  1.2090635E+00  1.1947868E+00  9.7829575E-01  8.4068007E-01  6.7814190E-01  1.6075999E+01
 7.0401287E-01  8.6422500E-01  1.0003999E+00  1.0697457E+00  1.0664205E+00  1.2337286E+00  1.2192080E+00  1.0003999E+00  8.6422500E-01  7.0401287E-01  1.6232001E+01
 7.2921087E-01  8.8712406E-01  1.0218672E+00  1.0912720E+00  1.0878830E+00  1.2577233E+00  1.2429580E+00  1.0218672E+00  8.8712406E-01  7.2921087E-01  1.6368492E+01
 7.5371784E-01  9.0935467E-01  1.0426751E+00  1.1121288E+00  1.1086781E+00  1.2810271E+00  1.2660169E+00  1.0426751E+00  9.0935467E-01  7.5371784E-01  1.6485878E+01
 7.7751570E-01  9.3089875E-01  1.0628100E+00  1.1322911E+00  1.1287811E+00  1.3036154E+00  1.2883596E+00  1.0628100E+00  9.3089875E-01  7.7751570E-01  1.6584701E+01
 0.0000000E+00  0.0000000E+00  1.8106067E-01  2.4330971E-01  2.4268985E-01  3.2749499E-01  3.1979831E-01  1.8106067E-01  0.0000000E+00  0.0000000E+00  1.7357249E+00
 0.0000000E+00  0.0000000E+00  1.8151248E-01  2.4378032E-01  2.4315539E-01  3.2805585E-01  3.2035399E-01  1.8151248E-01  0.0000000E+00  0.0000000E+00  1.7516733E+00
 0.0000000E+00  2.0988966E-02  2.0036863E-01  2.6335058E-01  2.6253040E-01  3.5117597E-01  3.4326515E-01  2.0036863E-01  2.0988966E-02  0.0000000E+00  2.3527025E+00
 0.0000000E+00  4.2654373E-02  2.1984760E-01  2.8348655E-01  2.8248547E-01  3.7473542E-01  3.6661467E-01  2.1984760E-01  4.2654373E-02  0.0000000E+00  2.9493626E+00
 0.0000000E+00  6.4885779E-02  2.3997919E-01  3.0422925E-01  3.0305850E-01  3.9881406E-01  3.9048100E-01  2.3997919E-01  6.4885779E-02  0.0000000E+00  3.5436285E+00
 0.0000000E+00  8.7589181E-02  2.6065856E-01  3.2547936E-01  3.2414909E-01  4.2332208E-01  4.1477468E-01  2.6065856E-01  8.7589181E-02  0.0000000E+00  4.1327254E+00
 0.0000000E+00  1.1068316E-01  2.8179857E-01  3.4715148E-01  3.4567053E-01  4.4818050E-01  4.3941690E-01  2.8179857E-01  1.1068316E-01  0.0000000E+00  4.7143308E+00
 0.0000000E+00  1.3409820E-01  3.0332033E-01  3.6917112E-01  3.6754781E-01  4.7332157E-01  4.6434027E-01  3.0332033E-01  1.3409820E-01  0.0000000E+00  5.2865084E+00
 0.0000000E+00  1.5777141E-01  3.2515598E-01  3.9147318E-01  3.8971474E-01  4.9868549E-01  4.8948487E-01  3.2515598E-01  1.5777141E-01  0.0000000E+00  5.8476088E+00
 0.0000000E+00  1.8164653E-01  3.4724428E-01  4.1399830E-01  4.1211153E-01  5.2421809E-01  5.1479675E-01  3.4724428E-01  1.8164653E-01  0.0000000E+00  6.3963410E+00
 0.0000000E+00  2.0567446E-01  3.6953174E-01  4.3669406E-01  4.3468521E-01  5.4987181E-01  5.4022803E-01  3.6953174E-01  2.0567446E-01  0.0000000E+00  6.9314473E+00
 2.9221605E-02  2.3176723E-01  3.9380736E-01  4.6137652E-01  4.5924356E-01  5.7766468E-01  5.6778225E-01  3.9380736E-01  2.3176723E-01  2.9221605E-02  7.4361574E+00
 5.8458986E-02  2.5794166E-01  4.1819773E-01  4.8614743E-01  4.8389552E-01  6.0551753E-01  5.9539345E-01  4.1819773E-01  2.5794166E-01  5.8458986E-02  7.9263037E+00
 8.7664207E-02  2.8414642E-01  4.4264822E-01  5.1095446E-01  5.0858858E-01  6.3337784E-01  6.2300767E-01  4.4264822E-01  2.8414642E-01  8.7664207E-02  8.4006176E+00
 1.1679275E-01  3.1033132E-01  4.6710810E-01  5.3574698E-01  5.3327187E-01  6.6119401E-01  6.5057776E-01  4.6710810E-01  3.1033132E-01  1.1679275E-01  8.8582162E+00
 1.4580047E-01  3.3645113E-01  4.9152936E-01  5.6047590E-01  5.5789631E-01  6.8892408E-01  6.7805742E-01  4.9152936E-01  3.3645113E-01  1.4580047E-01  9.2982170E+00
 1.7464601E-01  3.6246061E-01  5.1586456E-01  5.8510290E-01  5.8242186E-01  7.1651624E-01  7.0539917E-01  5.1586456E-01  3.6246061E-01  1.7464601E-01  9.7199581E+00
 2.0328910E-01  3.8831673E-01  5.4006957E-01  6.0957328E-01  6.0679510E-01  7.4393402E-01  7.3256223E-01  5.4006957E-01  3.8831673E-01  2.0328910E-01  1.0122832E+01
 2.3169111E-01  4.1397866E-01  5.6410136E-01  6.3385065E-01  6.3098072E-01  7.7113444E-01  7.5950685E-01  5.6410136E-01  4.1397866E-01  2.3169111E-01  1.0506454E+01
 2.5981508E-01  4.3940724E-01  5.8792186E-01  6.5789523E-01  6.5493572E-01  7.9807336E-01  7.8618889E-01  5.8792186E-01  4.3940724E-01  2.5981508E-01  1.0870382E+01
 2.8762627E-01  4.6456496E-01  6.1149413E-01  6.8167286E-01  6.7862808E-01  8.2471876E-01  8.1257418E-01  6.1149413E-01  4.6456496E-01  2.8762627E-01  1.1214505E+01
 3.1508991E-01  4.8941596E-01  6.3477401E-01  7.0514049E-01  7.0201260E-01  8.5103318E-01  8.3862847E-01  6.3477401E-01  4.8941596E-01  3.1508991E-01  1.1538547E+01
 3.4217401E-01  5.1392714E-01  6.5773393E-01  7.2826723E-01  7.2505947E-01  8.7697906E-01  8.6431207E-01  6.5773393E-01  5.1392714E-01  3.4217401E-01  1.1842510E+01
 3.6884768E-01  5.3806485E-01  6.8033528E-01  7.5101668E-01  7.4773337E-01  9.0252553E-01  8.8959519E-01  6.8033528E-01  5.3806485E-01  3.6884768E-01  1.2126392E+01
 3.9508168E-01  5.6180095E-01  7.0254495E-01  7.7336235E-01  7.7000564E-01  9.2764500E-01  9.1445023E-01  7.0254495E-01  5.6180095E-01  3.9508168E-01  1.2390249E+01
 4.2084788E-01  5.8509739E-01  7.2434639E-01  7.9527335E-01  7.9184648E-01  9.5229887E-01  9.3883858E-01  7.2434639E-01  5.8509739E-01  4.2084788E-01  1.2634191E+01
 4.4612035E-01  6.0794146E-01  7.4569548E-01  8.1671987E-01  8.1322501E-01  9.7647058E-01  9.6274369E-01  7.4569548E-01  6.0794146E-01  4.4612035E-01  1.2858495E+01
 4.7087425E-01  6.3029456E-01  7.6657014E-01  8.3767656E-01  8.3411694E-01  1.0001237E+00  9.8613025E-01  7.6657014E-01  6.3029456E-01  4.7087425E-01  1.3063380E+01
 4.9508588E-01  6.5214014E-01  7.8695383E-01  8.5811914E-01  8.5449692E-01  1.0232373E+00  1.0089751E+00  7.8695383E-01  6.5214014E-01  4.9508588E-01  1.3249122E+01
 5.1873427E-01  6.7345061E-01  8.0681345E-01  8.7802774E-01  8.7434616E-01  1.0457905E+00  1.0312606E+00  8.0681345E-01  6.7345061E-01  5.1873427E-01  1.3416108E+01
 5.4179901E-01  6.9420943E-01  8.2613244E-01  8.9737588E-01  8.9363601E-01  1.0677599E+00  1.0529602E+00  8.2613244E-01  6.9420943E-01  5.4179901E-01  1.3564669E+01
 5.6426134E-01  7.1439452E-01  8.4488875E-01  9.1614591E-01  9.1235100E-01  1.0891226E+00  1.0740530E+00  8.4488875E-01  7.1439452E-01  5.6426134E-01  1.3695301E+01
 5.8610140E-01  7.3398383E-01  8.6306581E-01  9.3432130E-01  9.3047458E-01  1.1098641E+00  1.0945257E+00  8.6306581E-01  7.3398383E-01  5.8610140E-01  1.3808391E+01
 6.0731257E-01  7.5297182E-01  8.8064709E-01  9.5188435E-01  9.4798582E-01  1.1299634E+00  1.1143553E+00  8.8064709E-01  7.5297182E-01  6.0731257E-01  1.3904434E+01
 6.2786728E-01  7.7133645E-01  8.9761603E-01  9.6882187E-01  9.6487585E-01  1.1494063E+00  1.1335283E+00  8.9761603E-01  7.7133645E-01  6.2786728E-01  1.3983928E+01
 6.4776551E-01  7.8906116E-01  9.1396159E-01  9.8511946E-01  9.8112595E-01  1.1681839E+00  1.1520371E+00  9.1396159E-01  7.8906116E-01  6.4776551E-01  1.4047368E+01
 6.6699072E-01  8.0614043E-01  9.2966724E-01  1.0007639E+00  9.9672726E-01  1.1862774E+00  1.1698619E+00  9.2966724E-01  8.0614043E-01  6.6699072E-01  1.4095362E+01
 0.0000000E+00  0.0000000E+00  1.7140738E-01  2.3829433E-01  2.3653440E-01  3.3258192E-01  3.2491129E-01  1.7140738E-01  0.0000000E+00  0.0000000E+00  1.8309031E+00
 0.0000000E+00  0.0000000E+00  1.7183659E-01  2.3873952E-01  2.3697525E-01  3.3312573E-01  3.2544824E-01  1.7183659E-01  0.0000000E+00  0.0000000E+00  1.8457805E+00
 0.0000000E+00  1.9883690E-02  1.8964499E-01  2.5716573E-01  2.5523852E-01  3.5542499E-01  3.4747054E-01  1.8964499E-01  1.9883690E-02  0.0000000E+00  2.4024767E+00
 0.0000000E+00  4.0230076E-02  2.0786778E-01  2.7594947E-01  2.7387197E-01  3.7793304E-01  3.6970451E-01  2.0786778E-01  4.0230076E-02  0.0000000E+00  2.9491738E+00
 0.0000000E+00  6.0943747E-02  2.2653999E-01  2.9513799E-01  2.9291996E-01  4.0074267E-01  3.9224060E-01  2.2653999E-01  6.0943747E-02  0.0000000E+00  3.4882569E+00
 0.0000000E+00  8.1944253E-02  2.4557402E-01  3.1464680E-01  3.1229721E-01  4.2377817E-01  4.1500295E-01  2.4557402E-01  8.1944253E-02  0.0000000E+00  4.0176442E+00
 0.0000000E+00  1.0316340E-01  2.6489240E-01  3.3440272E-01  3.3192933E-01  4.4697539E-01  4.3792767E-01  2.6489240E-01  1.0316340E-01  0.0000000E+00  4.5356376E+00
 0.0000000E+00  1.2454157E-01  2.8442908E-01  3.5434265E-01  3.5175273E-01  4.7027907E-01  4.6095952E-01  2.8442908E-01  1.2454157E-01  0.0000000E+00  5.0408693E+00
 0.0000000E+00  1.4602687E-01  3.0412681E-01  3.7441216E-01  3.7171203E-01  4.9364017E-01  4.8404918E-01  3.0412681E-01  1.4602687E-01  0.0000000E+00  5.5322343E+00
 0.0000000E+00  1.6757282E-01  3.2393503E-01  3.9456192E-01  3.9175752E-01  5.1701515E-01  5.0715325E-01  3.2393503E-01  1.6757282E-01  0.0000000E+00  6.0088499E+00
 0.0000000E+00  1.8913830E-01  3.4380659E-01  4.1474880E-01  4.1184539E-01  5.4036521E-01  5.3023306E-01  3.4380659E-01  1.8913830E-01  0.0000000E+00  6.4699952E+00
 2.6311964E-02  2.1243409E-01  3.6533367E-01  4.3658161E-01  4.3357814E-01  5.6551975E-01  5.5509836E-01  3.6533367E-01  2.1243409E-01  2.6311964E-02  6.8987175E+00
 5.2504397E-02  2.3567530E-01  3.8683784E-01  4.5836569E-01  4.5526664E-01  5.9058453E-01  5.7987285E-01  3.8683784E-01  2.3567530E-01  5.2504397E-02  7.3114169E+00
 7.8538893E-02  2.5881948E-01  4.0827395E-01  4.8005697E-01  4.7686669E-01  6.1551790E-01  6.0451462E-01  4.0827395E-01  2.5881948E-01  7.8538893E-02  7.7072715E+00
 1.0437758E-01  2.8182554E-01  4.2960024E-01  5.0161447E-01  4.9833706E-01  6.4027958E-01  6.2898377E-01  4.2960024E-01  2.8182554E-01  1.0437758E-01  8.0857421E+00
 1.2998651E-01  3.0465641E-01  4.5077627E-01  5.2299859E-01  5.1963786E-01  6.6483036E-01  6.5324136E-01  4.5077627E-01  3.0465641E-01  1.2998651E-01  8.4463572E+00
 1.5533198E-01  3.2727571E-01  4.7176431E-01  5.4417225E-01  5.4073203E-01  6.8913572E-01  6.7725248E-01  4.7176431E-01  3.2727571E-01  1.5533198E-01  8.7887798E+00
 1.8038301E-01  3.4964840E-01  4.9252865E-01  5.6510136E-01  5.6158495E-01  7.1316294E-01  7.0098453E-01  4.9252865E-01  3.4964840E-01  1.8038301E-01  9.1126057E+00
 2.0510791E-01  3.7174281E-01  5.1303560E-01  5.8575183E-01  5.8216264E-01  7.3687723E-01  7.2440220E-01  5.1303560E-01  3.7174281E-01  2.0510791E-01  9.4179022E+00
 2.2947975E-01  3.9352727E-01  5.3325349E-01  6.0609280E-01  6.0243400E-01  7.6024385E-01  7.4747353E-01  5.3325349E-01  3.9352727E-01  2.2947975E-01  9.7043999E+00
 2.5347090E-01  4.1497350E-01  5.5315133E-01  6.2609406E-01  6.2236856E-01  7.8324392E-01  7.7017698E-01  5.5315133E-01  4.1497350E-01  2.5347090E-01  9.9721660E+00
 2.7705507E-01  4.3605452E-01  5.7270149E-01  6.4572828E-01  6.4193911E-01  8.0583970E-01  7.9247615E-01  5.7270149E-01  4.3605452E-01  2.7705507E-01  1.0221335E+01
 3.0020869E-01  4.5674339E-01  5.9187702E-01  6.6496903E-01  6.6111882E-01  8.2800829E-01  8.1434681E-01  5.9187702E-01  4.5674339E-01  3.0020869E-01  1.0451975E+01
 3.2290884E-01  4.7701654E-01  6.1065232E-01  6.8379166E-01  6.7988318E-01  8.4972815E-01  8.3577005E-01  6.1065232E-01  4.7701654E-01  3.2290884E-01  1.0664288E+01
 3.4513464E-01  4.9685037E-01  6.2900448E-01  7.0217297E-01  6.9820886E-01  8.7097364E-01  8.5671760E-01  6.2900448E-01  4.9685037E-01  3.4513464E-01  1.0858543E+01
 3.6686521E-01  5.1622534E-01  6.4691193E-01  7.2009263E-01  7.1607446E-01  8.9172052E-01  8.7716654E-01  6.4691193E-01  5.1622534E-01  3.6686521E-01  1.1035078E+01
 3.8808301E-01  5.3511990E-01  6.6435311E-01  7.3752854E-01  7.3346028E-01  9.1195399E-01  8.9710472E-01  6.6435311E-01  5.3511990E-01  3.8808301E-01  1.1194161E+01
 4.0876987E-01  5.5351720E-01  6.8130781E-01  7.5446181E-01  7.5034478E-01  9.3164975E-01  9.1650255E-01  6.8130781E-01  5.5351720E-01  4.0876987E-01  1.1336129E+01
 4.2891094E-01  5.7139972E-01  6.9776863E-01  7.7087494E-01  7.6671177E-01  9.5079842E-01  9.3535592E-01  6.9776863E-01  5.7139972E-01  4.2891094E-01  1.1461522E+01
 4.4849143E-01  5.8875264E-01  7.1370388E-01  7.8675849E-01  7.8255049E-01  9.6937437E-01  9.5363657E-01  7.1370388E-01  5.8875264E-01  4.4849143E-01  1.1570610E+01
 4.6749784E-01  6.0556180E-01  7.2910683E-01  8.0209494E-01  7.9784476E-01  9.8737084E-01  9.7133775E-01  7.2910683E-01  6.0556180E-01  4.6749784E-01  1.1663998E+01
 4.8591939E-01  6.2181441E-01  7.4397075E-01  8.1686680E-01  8.1257839E-01  1.0047704E+00  9.8844328E-01  7.4397075E-01  6.2181441E-01  4.8591939E-01  1.1742091E+01
 5.0374464E-01  6.3749968E-01  7.5827542E-01  8.3106996E-01  8.2674200E-01  1.0215594E+00  1.0049397E+00  7.5827542E-01  6.3749968E-01  5.0374464E-01  1.1805427E+01
 5.2096549E-01  6.5260819E-01  7.7201410E-01  8.4469102E-01  8.4032878E-01  1.0377353E+00  1.0208229E+00  7.7201410E-01  6.5260819E-01  5.2096549E-01  1.1854480E+01
 5.3757319E-01  6.6713049E-01  7.8518005E-01  8.5772316E-01  8.5332533E-01  1.0532833E+00  1.0360809E+00  7.8518005E-01  6.6713049E-01  5.3757319E-01  1.1889719E+01
 5.5356167E-01  6.8105851E-01  7.9775980E-01  8.7015703E-01  8.6572756E-01  1.0681979E+00  1.0507055E+00  7.9775980E-01  6.8105851E-01  5.5356167E-01  1.1911820E+01
 5.6892555E-01  6.9439291E-01  8.0975336E-01  8.8198718E-01  8.7752739E-01  1.0824751E+00  1.0646939E+00  8.0975336E-01  6.9439291E-01  5.6892555E-01  1.1921253E+01
 0.0000000E+00  0.0000000E+00  1.6207670E-01  2.3352443E-01  2.3077008E-01  3.3936711E-01  3.3144475E-01  1.6207670E-01  0.0000000E+00  0.0000000E+00  1.9214162E+00
 0.0000000E+00  0.0000000E+00  1.6248160E-01  2.3394296E-01  2.3118523E-01  3.3989289E-01  3.3196168E-01  1.6248160E-01  0.0000000E+00  0.0000000E+00  1.9351763E+00
 0.0000000E+00  1.8749428E-02  1.7920939E-01  2.5116194E-01  2.4827443E-01  3.6131255E-01  3.5303387E-01  1.7920939E-01  1.8749428E-02  0.0000000E+00  2.4459969E+00
 0.0000000E+00  3.7766076E-02  1.9615938E-01  2.6855139E-01  2.6554457E-01  3.8272998E-01  3.7411075E-01  1.9615938E-01  3.7766076E-02  0.0000000E+00  2.9421356E+00
 0.0000000E+00  5.6970856E-02  2.1337849E-01  2.8616594E-01  2.8304801E-01  4.0424951E-01  3.9529375E-01  2.1337849E-01  5.6970856E-02  0.0000000E+00  3.4263577E+00
 0.0000000E+00  7.6297601E-02  2.3079017E-01  3.0393430E-01  3.0071284E-01  4.2581121E-01  4.1652263E-01  2.3079017E-01  7.6297601E-02  0.0000000E+00  3.8972393E+00
 0.0000000E+00  9.5690595E-02  2.4833271E-01  3.2179705E-01  3.1847833E-01  4.4736670E-01  4.3774868E-01  2.4833271E-01  9.5690595E-02  0.0000000E+00  4.3537023E+00
 0.0000000E+00  1.1510293E-01  2.6595095E-01  3.3970331E-01  3.3629329E-01  4.6887218E-01  4.5892762E-01  2.6595095E-01  1.1510293E-01  0.0000000E+00  4.7949075E+00
 0.0000000E+00  1.3449140E-01  2.8359883E-01  3.5760848E-01  3.5411264E-01  4.9029095E-01  4.8002291E-01  2.8359883E-01  1.3449140E-01  0.0000000E+00  5.2202539E+00
 0.0000000E+00  1.5382143E-01  3.0123436E-01  3.7547338E-01  3.7189655E-01  5.1159026E-01  5.0100147E-01  3.0123436E-01  1.5382143E-01  0.0000000E+00  5.6292642E+00
 0.0000000E+00  1.7306012E-01  3.1882216E-01  3.9326410E-01  3.8961062E-01  5.3274097E-01  5.2183401E-01  3.1882216E-01  1.7306012E-01  0.0000000E+00  6.0216505E+00
 2.3569428E-02  1.9372749E-01  3.3776622E-01  4.1239494E-01  4.0866418E-01  5.5538944E-01  5.4414466E-01  3.3776622E-01  1.9372749E-01  2.3569428E-02  6.3804593E+00
 4.6909246E-02  2.1423027E-01  3.5657449E-01  4.3136534E-01  4.2756132E-01  5.7782591E-01  5.6624349E-01  3.5657449E-01  2.1423027E-01  4.6909246E-02  6.7224960E+00
 6.9989168E-02  2.3453388E-01  3.7521241E-01  4.5014140E-01  4.4626766E-01  6.0001665E-01  5.8809754E-01  3.7521241E-01  2.3453388E-01  6.9989168E-02  7.0473736E+00
 9.2780556E-02  2.5460625E-01  3.9364623E-01  4.6868871E-01  4.6474846E-01  6.2193071E-01  6.0967524E-01  3.9364623E-01  2.5460625E-01  9.2780556E-02  7.3548370E+00
 1.1525765E-01  2.7441855E-01  4.1184385E-01  4.8697797E-01  4.8297461E-01  6.4353946E-01  6.3094843E-01  4.1184385E-01  2.7441855E-01  1.1525765E-01  7.6447135E+00
 1.3739485E-01  2.9394198E-01  4.2977565E-01  5.0497971E-01  5.0091629E-01  6.6481458E-01  6.5188863E-01  4.2977565E-01  2.9394198E-01  1.3739485E-01  7.9169290E+00
 1.5916913E-01  3.1315022E-01  4.4741447E-01  5.2266728E-01  5.1854670E-01  6.8573007E-01  6.7247001E-01  4.4741447E-01  3.1315022E-01  1.5916913E-01  8.1714834E+00
 1.8055742E-01  3.3202021E-01  4.6473481E-01  5.4001598E-01  5.3584113E-01  7.0626239E-01  6.9266919E-01  4.6473481E-01  3.3202021E-01  1.8055742E-01  8.4085002E+00
 2.0153917E-01  3.5052810E-01  4.8171278E-01  5.5700259E-01  5.5277590E-01  7.2638851E-01  7.1246313E-01  4.8171278E-01  3.5052810E-01  2.0153917E-01  8.6279876E+00
 2.2209544E-01  3.6865247E-01  4.9832618E-01  5.7360441E-01  5.6932845E-01  7.4608701E-01  7.3183042E-01  4.9832618E-01  3.6865247E-01  2.2209544E-01  8.8303571E+00
 2.4220813E-01  3.8637360E-01  5.1455360E-01  5.8980218E-01  5.8547936E-01  7.6533767E-01  7.5075099E-01  5.1455360E-01  3.8637360E-01  2.4220813E-01  9.0156911E+00
 2.6186077E-01  4.0367418E-01  5.3037611E-01  6.0557697E-01  6.0120971E-01  7.8412286E-01  7.6920706E-01  5.3037611E-01  4.0367418E-01  2.6186077E-01  9.1843187E+00
 2.8103773E-01  4.2053611E-01  5.4577562E-01  6.2091116E-01  6.1650171E-01  8.0242318E-01  7.8718019E-01  5.4577562E-01  4.2053611E-01  2.8103773E-01  9.3365691E+00
 2.9972420E-01  4.3694376E-01  5.6073648E-01  6.3578927E-01  6.3133957E-01  8.2022741E-01  8.0465772E-01  5.6073648E-01  4.3694376E-01  2.9972420E-01  9.4729360E+00
 3.1790784E-01  4.5288396E-01  5.7524389E-01  6.5019635E-01  6.4570864E-01  8.3751714E-01  8.2162268E-01  5.7524389E-01  4.5288396E-01  3.1790784E-01  9.5936665E+00
 3.3557711E-01  4.6834355E-01  5.8928384E-01  6.6411970E-01  6.5959609E-01  8.5428182E-01  8.3806340E-01  5.8928384E-01  4.6834355E-01  3.3557711E-01  9.6992542E+00
 3.5272050E-01  4.8331017E-01  6.0284482E-01  6.7754747E-01  6.7298989E-01  8.7050764E-01  8.5396734E-01  6.0284482E-01  4.8331017E-01  3.5272050E-01  9.7901929E+00
 3.6932978E-01  4.9777396E-01  6.1591531E-01  6.9046898E-01  6.8587935E-01  8.8617814E-01  8.6931806E-01  6.1591531E-01  4.9777396E-01  3.6932978E-01  9.8668119E+00
 3.8539590E-01  5.1172586E-01  6.2848626E-01  7.0287532E-01  6.9825526E-01  9.0129923E-01  8.8412034E-01  6.2848626E-01  5.1172586E-01  3.8539590E-01  9.9297695E+00
 4.0091227E-01  5.2515845E-01  6.4054860E-01  7.1475843E-01  7.1011003E-01  9.1585086E-01  8.9835638E-01  6.4054860E-01  5.2515845E-01  4.0091227E-01  9.9794771E+00
 4.1587231E-01  5.3806352E-01  6.5209576E-01  7.2611108E-01  7.2143611E-01  9.2982149E-01  9.1201302E-01  6.5209576E-01  5.3806352E-01  4.1587231E-01  1.0016511E+01
 4.3027190E-01  5.5043778E-01  6.6312280E-01  7.3692798E-01  7.3222806E-01  9.4321934E-01  9.2509850E-01  6.6312280E-01  5.5043778E-01  4.3027190E-01  1.0041200E+01
 4.4410776E-01  5.6227462E-01  6.7362314E-01  7.4720503E-01  7.4248177E-01  9.5603127E-01  9.3760128E-01  6.7362314E-01  5.6227462E-01  4.4410776E-01  1.0054286E+01
 4.5737494E-01  5.7357160E-01  6.8359431E-01  7.5693845E-01  7.5219360E-01  9.6824574E-01  9.4950821E-01  6.8359431E-01  5.7357160E-01  4.5737494E-01  1.0056178E+01
 4.7007427E-01  5.8432706E-01  6.9303301E-01  7.6612625E-01  7.6136144E-01  9.7987921E-01  9.6083574E-01  6.9303301E-01  5.8432706E-01  4.7007427E-01  1.0047455E+01
 4.8220410E-01  5.9453936E-01  7.0193924E-01  7.7476728E-01  7.6998395E-01  9.9091360E-01  9.7156904E-01  7.0193924E-01  5.9453936E-01  4.8220410E-01  1.0028526E+01
 0.0000000E+00  0.0000000E+00  1.5306177E-01  2.2882276E-01  2.2525524E-01  3.4783272E-01  3.3933145E-01  1.5306177E-01  0.0000000E+00  0.0000000E+00  2.0045601E+00
 0.0000000E+00  0.0000000E+00  1.5344173E-01  2.2921214E-01  2.2564187E-01  3.4833861E-01  3.3982672E-01  1.5344173E-01  0.0000000E+00  0.0000000E+00  2.0171450E+00
 0.0000000E+00  1.7583212E-02  1.6905017E-01  2.4516304E-01  2.4149385E-01  3.6881230E-01  3.5988289E-01  1.6905017E-01  1.7583212E-02  0.0000000E+00  2.4807139E+00
 0.0000000E+00  3.5257694E-02  1.8470987E-01  2.6111746E-01  2.5735740E-01  3.8909253E-01  3.7975759E-01  1.8470987E-01  3.5257694E-02  0.0000000E+00  2.9258880E+00
 0.0000000E+00  5.2961125E-02  2.0047612E-01  2.7713788E-01  2.7329366E-01  4.0929463E-01  3.9956165E-01  2.0047612E-01  5.2961125E-02  0.0000000E+00  3.3557532E+00
 0.0000000E+00  7.0642141E-02  2.1628961E-01  2.9316903E-01  2.8924634E-01  4.2937660E-01  4.1925265E-01  2.1628961E-01  7.0642141E-02  0.0000000E+00  3.7695356E+00
 0.0000000E+00  8.8258322E-02  2.3209908E-01  3.0916445E-01  3.0516840E-01  4.4930304E-01  4.3879460E-01  2.3209908E-01  8.8258322E-02  0.0000000E+00  4.1667123E+00
 0.0000000E+00  1.0577308E-01  2.4786432E-01  3.2508413E-01  3.2101944E-01  4.6904418E-01  4.5815697E-01  2.4786432E-01  1.0577308E-01  0.0000000E+00  4.5469418E+00
 0.0000000E+00  1.2315666E-01  2.6354714E-01  3.4089409E-01  3.3676509E-01  4.8857491E-01  4.7731462E-01  2.6354714E-01  1.2315666E-01  0.0000000E+00  4.9100631E+00
 0.0000000E+00  1.4038243E-01  2.7911838E-01  3.5656598E-01  3.5237641E-01  5.0787389E-01  4.9624564E-01  2.7911838E-01  1.4038243E-01  0.0000000E+00  5.2560159E+00
 0.0000000E+00  1.5742526E-01  2.9454890E-01  3.7207387E-01  3.6782707E-01  5.2692023E-01  5.1492874E-01  2.9454890E-01  1.5742526E-01  0.0000000E+00  5.5848203E+00
 2.0987957E-02  1.7563108E-01  3.1107004E-01  3.8864925E-01  3.8434522E-01  5.4718844E-01  5.3481345E-01  3.1107004E-01  1.7563108E-01  2.0987957E-02  5.8796496E+00
 4.1659484E-02  1.9358460E-01  3.2736903E-01  4.0497740E-01  4.0061909E-01  5.6714487E-01  5.5438874E-01  3.2736903E-01  1.9358460E-01  4.1659484E-02  6.1576322E+00
 6.1992868E-02  2.1126069E-01  3.4341673E-01  4.2103216E-01  4.1662253E-01  5.8676419E-01  5.7362968E-01  3.4341673E-01  2.1126069E-01  6.1992868E-02  6.4187076E+00
 8.1968207E-02  2.2863422E-01  3.5918801E-01  4.3678862E-01  4.3233021E-01  6.0602509E-01  5.9251435E-01  3.5918801E-01  2.2863422E-01  8.1968207E-02  6.6628758E+00
 1.0156640E-01  2.4568610E-01  3.7466175E-01  4.5222506E-01  4.4772063E-01  6.2490525E-01  6.1102085E-01  3.7466175E-01  2.4568610E-01  1.0156640E-01  6.8902275E+00
 1.2077137E-01  2.6239420E-01  3.8981383E-01  4.6732057E-01  4.6277248E-01  6.4338719E-01  6.2913149E-01  3.8981383E-01  2.6239420E-01  1.2077137E-01  7.1009232E+00
 1.3956522E-01  2.7874144E-01  4.0462616E-01  4.8205545E-01  4.7746626E-01  6.6145161E-01  6.4682735E-01  4.0462616E-01  2.7874144E-01  1.3956522E-01  7.2951843E+00
 1.5793589E-01  2.9471073E-01  4.1908065E-01  4.9641281E-01  4.9178468E-01  6.7908221E-01  6.6409157E-01  4.1908065E-01  2.9471073E-01  1.5793589E-01  7.4732721E+00
 1.7586730E-01  3.1028499E-01  4.3315920E-01  5.1037616E-01  5.0571105E-01  6.9626354E-01  6.8090946E-01  4.3315920E-01  3.1028499E-01  1.7586730E-01  7.6354981E+00
 1.9334838E-01  3.2545215E-01  4.4684774E-01  5.2393123E-01  5.1923151E-01  7.1298190E-01  6.9726654E-01  4.4684774E-01  3.2545215E-01  1.9334838E-01  7.7822041E+00
 2.1036809E-01  3.4019815E-01  4.6013220E-01  5.3706475E-01  5.3233218E-01  7.2922504E-01  7.1315097E-01  4.6013220E-01  3.4019815E-01  2.1036809E-01  7.9137821E+00
 2.2691536E-01  3.5451090E-01  4.7300052E-01  5.4976405E-01  5.4500061E-01  7.4498070E-01  7.2855086E-01  4.7300052E-01  3.5451090E-01  2.2691536E-01  8.0306444E+00
 2.4298216E-01  3.6838038E-01  4.8544062E-01  5.6201808E-01  5.5722573E-01  7.6023802E-01  7.4345497E-01  4.8544062E-01  3.6838038E-01  2.4298216E-01  8.1332129E+00
 2.5856044E-01  3.8179853E-01  4.9744247E-01  5.7381839E-01  5.6899890E-01  7.7498776E-01  7.5785444E-01  4.9744247E-01  3.8179853E-01  2.5856044E-01  8.2219502E+00
 2.7364216E-01  3.9475529E-01  5.0899802E-01  5.8515653E-01  5.8031148E-01  7.8922207E-01  7.7174105E-01  5.0899802E-01  3.9475529E-01  2.7364216E-01  8.2973287E+00
 2.8822330E-01  4.0724365E-01  5.2009923E-01  5.9602428E-01  5.9115562E-01  8.0293352E-01  7.8510814E-01  5.2009923E-01  4.0724365E-01  2.8822330E-01  8.3598308E+00
 3.0229683E-01  4.1925857E-01  5.3073906E-01  6.0641619E-01  6.0152571E-01  8.1611588E-01  7.9794889E-01  5.3073906E-01  4.1925857E-01  3.0229683E-01  8.4099390E+00
 3.1586073E-01  4.3079502E-01  5.4091349E-01  6.1632744E-01  6.1141650E-01  8.2876351E-01  8.1025787E-01  5.4091349E-01  4.3079502E-01  3.1586073E-01  8.4481660E+00
 3.2890997E-01  4.4184898E-01  5.5061750E-01  6.2575341E-01  6.2082359E-01  8.4087261E-01  8.2203184E-01  5.5061750E-01  4.4184898E-01  3.2890997E-01  8.4750043E+00
 3.4144356E-01  4.5241744E-01  5.5984706E-01  6.3469148E-01  6.2974455E-01  8.5244035E-01  8.3326762E-01  5.5984706E-01  4.5241744E-01  3.4144356E-01  8.4909766E+00
 3.5345949E-01  4.6249840E-01  5.6860017E-01  6.4313924E-01  6.3817677E-01  8.6346312E-01  8.4396176E-01  5.6860017E-01  4.6249840E-01  3.5345949E-01  8.4965855E+00
 3.6495874E-01  4.7208982E-01  5.7687582E-01  6.5109528E-01  6.4611866E-01  8.7394133E-01  8.5411487E-01  5.7687582E-01  4.7208982E-01  3.6495874E-01  8.4923235E+00
 3.7594034E-01  4.8119374E-01  5.8467400E-01  6.5856061E-01  6.5357120E-01  8.8387295E-01  8.6372495E-01  5.8467400E-01  4.8119374E-01  3.7594034E-01  8.4787134E+00
 3.8640727E-01  4.8980813E-01  5.9199373E-01  6.6553563E-01  6.6053502E-01  8.9325841E-01  8.7279259E-01  5.9199373E-01  4.8980813E-01  3.8640727E-01  8.4562376E+00
 3.9635956E-01  4.9793602E-01  5.9883699E-01  6.7202094E-01  6.6701049E-01  9.0209970E-01  8.8131981E-01  5.9883699E-01  4.9793602E-01  3.9635956E-01  8.4253886E+00
 4.0580122E-01  5.0558041E-01  6.0520581E-01  6.7801997E-01  6.7300126E-01  9.1039783E-01  8.8930760E-01  6.0520581E-01  5.0558041E-01  4.0580122E-01  8.3866590E+00
 0.0000000E+00  0.0000000E+00  1.4434913E-01  2.2401964E-01  2.1983545E-01  3.5796111E-01  3.4852261E-01  1.4434913E-01  0.0000000E+00  0.0000000E+00  2.0771841E+00
 0.0000000E+00  0.0000000E+00  1.4470271E-01  2.2437787E-01  2.2019176E-01  3.5844421E-01  3.4899346E-01  1.4470271E-01  0.0000000E+00  0.0000000E+00  2.0885529E+00
 0.0000000E+00  1.6383320E-02  1.5914941E-01  2.3899906E-01  2.3473897E-01  3.7789910E-01  3.6796529E-01  1.5914941E-01  1.6383320E-02  0.0000000E+00  2.5037589E+00
 0.0000000E+00  3.2702676E-02  1.7349912E-01  2.5348086E-01  2.4915303E-01  3.9698904E-01  3.8658876E-01  1.7349912E-01  3.2702676E-02  0.0000000E+00  2.8978234E+00
 0.0000000E+00  4.8912640E-02  1.8781445E-01  2.6789273E-01  2.6350197E-01  4.1584192E-01  4.0498644E-01  1.8781445E-01  4.8912640E-02  0.0000000E+00  3.2741104E+00
 0.0000000E+00  6.4976996E-02  2.0205244E-01  2.8219415E-01  2.7774526E-01  4.3443169E-01  4.2313158E-01  2.0205244E-01  6.4976996E-02  0.0000000E+00  3.6324479E+00
 0.0000000E+00  8.0865910E-02  2.1617379E-01  2.9635148E-01  2.9184782E-01  4.5273795E-01  4.4100283E-01  2.1617379E-01  8.0865910E-02  0.0000000E+00  3.9727992E+00
 0.0000000E+00  9.6555071E-02  2.3014904E-01  3.1033623E-01  3.0578165E-01  4.7074451E-01  4.5858326E-01  2.3014904E-01  9.6555071E-02  0.0000000E+00  4.2952993E+00
 0.0000000E+00  1.1202410E-01  2.4395363E-01  3.2412483E-01  3.1952244E-01  4.8843637E-01  4.7585715E-01  2.4395363E-01  1.1202410E-01  0.0000000E+00  4.6001324E+00
 0.0000000E+00  1.2725544E-01  2.5756548E-01  3.3769763E-01  3.3305056E-01  5.0580271E-01  4.9281322E-01  2.5756548E-01  1.2725544E-01  0.0000000E+00  4.8875931E+00
 0.0000000E+00  1.4223498E-01  2.7096492E-01  3.5103718E-01  3.4634784E-01  5.2283397E-01  5.0944141E-01  2.7096492E-01  1.4223498E-01  0.0000000E+00  5.1580007E+00
 1.8562787E-02  1.5814145E-01  2.8522132E-01  3.6520398E-01  3.6047284E-01  5.4083883E-01  5.2702231E-01  2.8522132E-01  1.5814145E-01  1.8562787E-02  5.3947438E+00
 3.6744363E-02  1.7372993E-01  2.9918921E-01  3.7905970E-01  3.7428893E-01  5.5845210E-01  5.4421641E-01  2.9918921E-01  1.7372993E-01  3.6744363E-02  5.6151336E+00
 5.4531224E-02  1.8898448E-01  3.1284893E-01  3.9258592E-01  3.8777768E-01  5.7565978E-01  5.6100949E-01  3.1284893E-01  1.8898448E-01  5.4531224E-02  5.8193297E+00
 7.1911093E-02  2.0388789E-01  3.2618208E-01  4.0576669E-01  4.0092313E-01  5.9244614E-01  5.7738534E-01  3.2618208E-01  2.0388789E-01  7.1911093E-02  6.0076021E+00
 8.8872797E-02  2.1842790E-01  3.3917515E-01  4.1858603E-01  4.1370933E-01  6.0879868E-01  5.9333192E-01  3.3917515E-01  2.1842790E-01  8.8872797E-02  6.1802209E+00
 1.0540639E-01  2.3258977E-01  3.5181217E-01  4.3103168E-01  4.2612398E-01  6.2470535E-01  6.0883673E-01  3.5181217E-01  2.3258977E-01  1.0540639E-01  6.3375423E+00
 1.2150267E-01  2.4636244E-01  3.6408210E-01  4.4308963E-01  4.3815287E-01  6.4015560E-01  6.2388943E-01  3.6408210E-01  2.4636244E-01  1.2150267E-01  6.4799344E+00
 1.3715340E-01  2.5973733E-01  3.7597144E-01  4.5475079E-01  4.4978665E-01  6.5514034E-01  6.3848071E-01  3.7597144E-01  2.5973733E-01  1.3715340E-01  6.6078025E+00
 1.5235270E-01  2.7270339E-01  3.8747159E-01  4.6600585E-01  4.6101624E-01  6.6965024E-01  6.5260147E-01  3.8747159E-01  2.7270339E-01  1.5235270E-01  6.7215762E+00
 1.6709283E-01  2.8525447E-01  3.9857395E-01  4.7684570E-01  4.7183232E-01  6.8367817E-01  6.6624411E-01  3.9857395E-01  2.8525447E-01  1.6709283E-01  6.8217099E+00
 1.8137010E-01  2.9738076E-01  4.0926871E-01  4.8726299E-01  4.8222751E-01  6.9721776E-01  6.7940274E-01  4.0926871E-01  2.9738076E-01  1.8137010E-01  6.9086700E+00
 1.9517838E-01  3.0907980E-01  4.1955095E-01  4.9725084E-01  4.9219518E-01  7.1026337E-01  6.9207193E-01  4.1955095E-01  3.0907980E-01  1.9517838E-01  6.9829354E+00
 2.0851644E-01  3.2034422E-01  4.2941576E-01  5.0680532E-01  5.0173068E-01  7.2280982E-01  7.0424583E-01  4.2941576E-01  3.2034422E-01  2.0851644E-01  7.0450094E+00
 2.2137936E-01  3.3117157E-01  4.3885577E-01  5.1592126E-01  5.1082933E-01  7.3485247E-01  7.1592047E-01  4.3885577E-01  3.3117157E-01  2.2137936E-01  7.0953709E+00
 2.3376593E-01  3.4155694E-01  4.4786976E-01  5.2459623E-01  5.1948869E-01  7.4639031E-01  7.2709440E-01  4.4786976E-01  3.4155694E-01  2.3376593E-01  7.1345355E+00
 2.4567614E-01  3.5149910E-01  4.5645283E-01  5.3282727E-01  5.2770555E-01  7.5741895E-01  7.3776344E-01  4.5645283E-01  3.5149910E-01  2.4567614E-01  7.1630188E+00
 2.5710876E-01  3.6099682E-01  4.6460495E-01  5.4061241E-01  5.3547820E-01  7.6793812E-01  7.4792783E-01  4.6460495E-01  3.6099682E-01  2.5710876E-01  7.1812997E+00
 2.6806257E-01  3.7005010E-01  4.7232369E-01  5.4795190E-01  5.4280640E-01  7.7794686E-01  7.5758610E-01  4.7232369E-01  3.7005010E-01  2.6806257E-01  7.1898938E+00
 2.7854124E-01  3.7865771E-01  4.7961027E-01  5.5484550E-01  5.4969039E-01  7.8744564E-01  7.6673899E-01  4.7961027E-01  3.7865771E-01  2.7854124E-01  7.1892922E+00
 2.8854602E-01  3.8682089E-01  4.8646469E-01  5.6129344E-01  5.5612993E-01  7.9643448E-01  7.7538649E-01  4.8646469E-01  3.8682089E-01  2.8854602E-01  7.1799860E+00
 2.9807811E-01  3.9454208E-01  4.9288694E-01  5.6729918E-01  5.6212894E-01  8.0491559E-01  7.8353131E-01  4.9288694E-01  3.9454208E-01  2.9807811E-01  7.1624786E+00
 3.0714121E-01  4.0182252E-01  4.9888195E-01  5.7286368E-01  5.6768767E-01  8.1289043E-01  7.9117442E-01  4.9888195E-01  4.0182252E-01  3.0714121E-01  7.1372242E+00
 3.1573901E-01  4.0866712E-01  5.0444970E-01  5.7798965E-01  5.7280956E-01  8.2036294E-01  7.9832049E-01  5.0444970E-01  4.0866712E-01  3.1573901E-01  7.1046894E+00
 3.2387640E-01  4.1507710E-01  5.0959512E-01  5.8268274E-01  5.7750001E-01  8.2733582E-01  8.0497173E-01  5.0959512E-01  4.1507710E-01  3.2387640E-01  7.0653529E+00
 3.3155708E-01  4.2105860E-01  5.1432065E-01  5.8694565E-01  5.8176123E-01  8.3381398E-01  8.1113305E-01  5.1432065E-01  4.2105860E-01  3.3155708E-01  7.0196445E+00
 3.3878718E-01  4.2661653E-01  5.1863367E-01  5.9078353E-01  5.8559912E-01  8.3980012E-01  8.1680789E-01  5.1863367E-01  4.2661653E-01  3.3878718E-01  6.9680062E+00
 0.0000000E+00  0.0000000E+00  1.3591247E-01  2.1895825E-01  2.1434261E-01  3.6973724E-01  3.5899644E-01  1.3591247E-01  0.0000000E+00  0.0000000E+00  2.1356884E+00
 0.0000000E+00  0.0000000E+00  1.3623863E-01  2.1928424E-01  2.1466743E-01  3.7019535E-01  3.5944106E-01  1.3623863E-01  0.0000000E+00  0.0000000E+00  2.1458104E+00
 0.0000000E+00  1.5149305E-02  1.4948199E-01  2.3251812E-01  2.2784380E-01  3.8855114E-01  3.7725466E-01  1.4948199E-01  1.5149305E-02  0.0000000E+00  2.5118980E+00
 0.0000000E+00  3.0101418E-02  1.6250132E-01  2.4549443E-01  2.4076789E-01  4.0639222E-01  3.9457526E-01  1.6250132E-01  3.0101418E-02  0.0000000E+00  2.8550723E+00
 0.0000000E+00  4.4827847E-02  1.7536904E-01  2.5828904E-01  2.5351379E-01  4.2385828E-01  4.1153610E-01  1.7536904E-01  4.4827847E-02  0.0000000E+00  3.1789172E+00
 0.0000000E+00  5.9306398E-02  1.8805382E-01  2.7087434E-01  2.6605361E-01  4.4093970E-01  4.2812580E-01  1.8805382E-01  5.9306398E-02  0.0000000E+00  3.4837778E+00
 0.0000000E+00  7.3520128E-02  2.0053316E-01  2.8322874E-01  2.7836547E-01  4.5763078E-01  4.4433806E-01  2.0053316E-01  7.3520128E-02  0.0000000E+00  3.7700738E+00
 0.0000000E+00  8.7455839E-02  2.1278606E-01  2.9533485E-01  2.9043227E-01  4.7392521E-01  4.6016571E-01  2.1278606E-01  8.7455839E-02  0.0000000E+00  4.0383001E+00
 0.0000000E+00  1.0110303E-01  2.2479904E-01  3.0717976E-01  3.0223992E-01  4.8982237E-01  4.7560635E-01  2.2479904E-01  1.0110303E-01  0.0000000E+00  4.2889515E+00
 0.0000000E+00  1.1445302E-01  2.3655709E-01  3.1875179E-01  3.1377762E-01  5.0531987E-01  4.9065789E-01  2.3655709E-01  1.1445302E-01  0.0000000E+00  4.5226130E+00
 0.0000000E+00  1.2749934E-01  2.4805272E-01  3.3004101E-01  3.2503428E-01  5.2041558E-01  5.0531645E-01  2.4805272E-01  1.2749934E-01  0.0000000E+00  4.7398242E+00
 1.6290320E-02  1.4126770E-01  2.6019915E-01  3.4194866E-01  3.3690965E-01  5.3626505E-01  5.2070881E-01  2.6019915E-01  1.4126770E-01  1.6290320E-02  4.9243451E+00
 3.2155365E-02  1.5467362E-01  2.7201269E-01  3.5350213E-01  3.4843290E-01  5.5166353E-01  5.3565693E-01  2.7201269E-01  1.5467362E-01  3.2155365E-02  5.0934355E+00
 4.7588986E-02  1.6770779E-01  2.8348132E-01  3.6468944E-01  3.5959204E-01  5.6660470E-01  5.5015362E-01  2.8348132E-01  1.6770779E-01  4.7588986E-02  5.2475003E+00
 6.2585936E-02  1.8036258E-01  2.9459306E-01  3.7550397E-01  3.7038017E-01  5.8108139E-01  5.6419256E-01  2.9459306E-01  1.8036258E-01  6.2585936E-02  5.3869594E+00
 7.7141865E-02  1.9262898E-01  3.0534041E-01  3.8593674E-01  3.8078829E-01  5.9508878E-01  5.7776808E-01  3.0534041E-01  1.9262898E-01  7.7141865E-02  5.5122476E+00
 9.1253324E-02  2.0450250E-01  3.1571436E-01  3.9597934E-01  3.9080830E-01  6.0862058E-01  5.9087446E-01  3.1571436E-01  2.0450250E-01  9.1253324E-02  5.6238449E+00
 1.0491717E-01  2.1597563E-01  3.2571043E-01  4.0562757E-01  4.0043541E-01  6.2167349E-01  6.0350752E-01  3.2571043E-01  2.1597563E-01  1.0491717E-01  5.7222310E+00
 1.1813159E-01  2.2704538E-01  3.3532261E-01  4.1487454E-01  4.0966302E-01  6.3424270E-01  6.1566305E-01  3.3532261E-01  2.2704538E-01  1.1813159E-01  5.8079009E+00
 1.3089494E-01  2.3770875E-01  3.4454640E-01  4.2371875E-01  4.1848963E-01  6.4632762E-01  6.2734016E-01  3.4454640E-01  2.3770875E-01  1.3089494E-01  5.8813793E+00
 1.4320633E-01  2.4796124E-01  3.5337731E-01  4.3215660E-01  4.2691133E-01  6.5792554E-01  6.3853555E-01  3.5337731E-01  2.4796124E-01  1.4320633E-01  5.9431462E+00
 1.5506500E-01  2.5780286E-01  3.6181384E-01  4.4018418E-01  4.3492454E-01  6.6903438E-01  6.4924831E-01  3.6181384E-01  2.5780286E-01  1.5506500E-01  5.9937263E+00
 1.6647365E-01  2.6723209E-01  3.6985298E-01  4.4780180E-01  4.4252896E-01  6.7965472E-01  6.5947785E-01  3.6985298E-01  2.6723209E-01  1.6647365E-01  6.0336596E+00
 1.7743094E-01  2.7624744E-01  3.7749474E-01  4.5500766E-01  4.4972337E-01  6.8978538E-01  6.6922386E-01  3.7749474E-01  2.7624744E-01  1.7743094E-01  6.0634259E+00
 1.8793836E-01  2.8485192E-01  3.8473761E-01  4.6180266E-01  4.5650839E-01  6.9942813E-01  6.7848756E-01  3.8473761E-01  2.8485192E-01  1.8793836E-01  6.0835650E+00
 1.9800040E-01  2.9304252E-01  3.9158460E-01  4.6818739E-01  4.6288491E-01  7.0858360E-01  6.8726983E-01  3.9158460E-01  2.9304252E-01  1.9800040E-01  6.0945567E+00
 2.0761708E-01  3.0082373E-01  3.9803271E-01  4.7416366E-01  4.6885414E-01  7.1725327E-01  6.9557218E-01  3.9803271E-01  3.0082373E-01  2.0761708E-01  6.0969260E+00
 2.1679289E-01  3.0819707E-01  4.0408793E-01  4.7973267E-01  4.7441787E-01  7.2544105E-01  7.0339820E-01  4.0408793E-01  3.0819707E-01  2.1679289E-01  6.0911228E+00
 2.2553232E-01  3.1516552E-01  4.0974877E-01  4.8489860E-01  4.7957940E-01  7.3314784E-01  7.1074999E-01  4.0974877E-01  3.1516552E-01  2.2553232E-01  6.0776717E+00
 2.3383839E-01  3.2173060E-01  4.1502122E-01  4.8966327E-01  4.8434143E-01  7.4037813E-01  7.1763056E-01  4.1502122E-01  3.2173060E-01  2.3383839E-01  6.0570078E+00
 2.4171558E-01  3.2789979E-01  4.1990829E-01  4.9403118E-01  4.8870846E-01  7.4713673E-01  7.2404559E-01  4.1990829E-01  3.2789979E-01  2.4171558E-01  6.0295958E+00
 2.4917139E-01  3.3367459E-01  4.2441297E-01  4.9800712E-01  4.9268469E-01  7.5342634E-01  7.2999839E-01  4.2441297E-01  3.3367459E-01  2.4917139E-01  5.9958857E+00
 2.5620882E-01  3.3905951E-01  4.2853976E-01  5.0159558E-01  4.9627462E-01  7.5925355E-01  7.3549436E-01  4.2853976E-01  3.3905951E-01  2.5620882E-01  5.9563123E+00
 2.6283538E-01  3.4406205E-01  4.3229466E-01  5.0480228E-01  4.9948454E-01  7.6462167E-01  7.4053769E-01  4.3229466E-01  3.4406205E-01  2.6283538E-01  5.9112805E+00
 2.6905555E-01  3.4868819E-01  4.3568366E-01  5.0763289E-01  5.0231927E-01  7.6953908E-01  7.4513648E-01  4.3568366E-01  3.4868819E-01  2.6905555E-01  5.8612252E+00
 2.7487835E-01  3.5294094E-01  4.3871127E-01  5.1009374E-01  5.0478598E-01  7.7401000E-01  7.4929553E-01  4.3871127E-01  3.5294094E-01  2.7487835E-01  5.8065063E+00
 2.8030975E-01  3.5682930E-01  4.4138499E-01  5.1219200E-01  5.0689099E-01  7.7804193E-01  7.5302233E-01  4.4138499E-01  3.5682930E-01  2.8030975E-01  5.7475136E+00
 0.0000000E+00  0.0000000E+00  1.2771669E-01  2.1350798E-01  2.0860433E-01  3.8315732E-01  3.7076956E-01  1.2771669E-01  0.0000000E+00  0.0000000E+00  2.1760581E+00
 0.0000000E+00  0.0000000E+00  1.2801396E-01  2.1380101E-01  2.0889557E-01  3.8358793E-01  3.7118512E-01  1.2801396E-01  0.0000000E+00  0.0000000E+00  2.1849229E+00
 0.0000000E+00  1.3882822E-02  1.4001196E-01  2.2559460E-01  2.2063935E-01  4.0075626E-01  3.8776146E-01  1.4001196E-01  1.3882822E-02  0.0000000E+00  2.5015996E+00
 0.0000000E+00  2.7458564E-02  1.5168467E-01  2.3703914E-01  2.3203803E-01  4.1728455E-01  4.0372321E-01  1.5168467E-01  2.7458564E-02  0.0000000E+00  2.7945942E+00
 0.0000000E+00  4.0714480E-02  1.6310958E-01  2.4821375E-01  2.4316999E-01  4.3332074E-01  4.1921183E-01  1.6310958E-01  4.0714480E-02  0.0000000E+00  3.0675883E+00
 0.0000000E+00  5.3642546E-02  1.7427037E-01  2.5910120E-01  2.5401766E-01  4.4887321E-01  4.3423359E-01  1.7427037E-01  5.3642546E-02  0.0000000E+00  3.3213509E+00
 0.0000000E+00  6.6237269E-02  1.8515606E-01  2.6969490E-01  2.6457481E-01  4.6394526E-01  4.4879069E-01  1.8515606E-01  6.6237269E-02  0.0000000E+00  3.5566697E+00
 0.0000000E+00  7.8495716E-02  1.9575713E-01  2.7998642E-01  2.7483157E-01  4.7854858E-01  4.6289340E-01  1.9575713E-01  7.8495716E-02  0.0000000E+00  3.7743506E+00
 0.0000000E+00  9.0416425E-02  2.0606698E-01  2.8997063E-01  2.8478389E-01  4.9268757E-01  4.7654468E-01  2.0606698E-01  9.0416425E-02  0.0000000E+00  3.9751446E+00
 0.0000000E+00  1.0199903E-01  2.1608012E-01  2.9964423E-01  2.9442775E-01  5.0637064E-01  4.8975257E-01  2.1608012E-01  1.0199903E-01  0.0000000E+00  4.1598208E+00
 0.0000000E+00  1.1324389E-01  2.2579655E-01  3.0900649E-01  3.0376206E-01  5.1960473E-01  5.0252297E-01  2.2579655E-01  1.1324389E-01  0.0000000E+00  4.3291119E+00
 1.4168362E-02  1.2503547E-01  2.3599101E-01  3.1880356E-01  3.1353154E-01  5.3339540E-01  5.1583023E-01  2.3599101E-01  1.2503547E-01  1.4168362E-02  4.4672298E+00
 2.7886234E-02  1.3643895E-01  2.4582649E-01  3.2822373E-01  3.2292698E-01  5.4669458E-01  5.2865459E-01  2.4582649E-01  1.3643895E-01  2.7886234E-02  4.5912447E+00
 4.1154054E-02  1.4745139E-01  2.5529565E-01  3.3726332E-01  3.3194292E-01  5.5950226E-01  5.4099606E-01  2.5529565E-01  1.4745139E-01  4.1154054E-02  4.7017244E+00
 5.3973143E-02  1.5807095E-01  2.6439484E-01  3.4591794E-01  3.4057639E-01  5.7181881E-01  5.5285428E-01  2.6439484E-01  1.5807095E-01  5.3973143E-02  4.7991817E+00
 6.6344781E-02  1.6829600E-01  2.7312406E-01  3.5418721E-01  3.4882596E-01  5.8364421E-01  5.6422924E-01  2.7312406E-01  1.6829600E-01  6.6344781E-02  4.8841661E+00
 7.8271167E-02  1.7812580E-01  2.8147964E-01  3.6206712E-01  3.5668831E-01  5.9498032E-01  5.7512278E-01  2.8147964E-01  1.7812580E-01  7.8271167E-02  4.9572453E+00
 8.9754499E-02  1.8756090E-01  2.8946157E-01  3.6955985E-01  3.6416491E-01  6.0582894E-01  5.8553673E-01  2.8946157E-01  1.8756090E-01  8.9754499E-02  5.0189506E+00
 1.0079771E-01  1.9660148E-01  2.9706621E-01  3.7666248E-01  3.7125321E-01  6.1619046E-01  5.9547073E-01  2.9706621E-01  1.9660148E-01  1.0079771E-01  5.0698313E+00
 1.1140372E-01  2.0524644E-01  3.0429721E-01  3.8337868E-01  3.7795686E-01  6.2606925E-01  6.0492955E-01  3.0429721E-01  2.0524644E-01  1.1140372E-01  5.1104370E+00
 1.2157621E-01  2.1350312E-01  3.1115457E-01  3.8970843E-01  3.8427586E-01  6.3546607E-01  6.1391427E-01  3.1115457E-01  2.1350312E-01  1.2157621E-01  5.1412988E+00
 1.3131919E-01  2.2136784E-01  3.1763829E-01  3.9565357E-01  3.9021205E-01  6.4438493E-01  6.2242819E-01  3.1763829E-01  2.2136784E-01  1.3131919E-01  5.1629479E+00
 1.4063670E-01  2.2884610E-01  3.2375204E-01  4.0121703E-01  3.9576798E-01  6.5283024E-01  6.3047609E-01  3.2375204E-01  2.2884610E-01  1.4063670E-01  5.1758787E+00
 1.4953350E-01  2.3594156E-01  3.2949581E-01  4.0640029E-01  4.0094586E-01  6.6080308E-01  6.3805869E-01  3.2949581E-01  2.3594156E-01  1.4953350E-01  5.1806407E+00
 1.5801454E-01  2.4265789E-01  3.3487694E-01  4.1120845E-01  4.0574973E-01  6.6831152E-01  6.4518441E-01  3.3487694E-01  2.4265789E-01  1.5801454E-01  5.1776919E+00
 1.6608513E-01  2.4899692E-01  3.3989724E-01  4.1564557E-01  4.1018469E-01  6.7535775E-01  6.5185473E-01  3.3989724E-01  2.4899692E-01  1.6608513E-01  5.1675084E+00
 1.7375094E-01  2.5496597E-01  3.4455856E-01  4.1971491E-01  4.1425296E-01  6.8194764E-01  6.5807660E-01  3.4455856E-01  2.5496597E-01  1.7375094E-01  5.1505848E+00
 1.8101765E-01  2.6056872E-01  3.4886822E-01  4.2342273E-01  4.1796114E-01  6.8808596E-01  6.6385442E-01  3.4886822E-01  2.6056872E-01  1.8101765E-01  5.1273790E+00
 1.8789241E-01  2.6580881E-01  3.5282989E-01  4.2677231E-01  4.2131323E-01  6.9377928E-01  6.6919441E-01  3.5282989E-01  2.6580881E-01  1.8789241E-01  5.0982938E+00
 1.9437980E-01  2.7069541E-01  3.5644722E-01  4.2977135E-01  4.2431621E-01  6.9903311E-01  6.7410207E-01  3.5644722E-01  2.7069541E-01  1.9437980E-01  5.0637872E+00
 2.0048805E-01  2.7523218E-01  3.5972937E-01  4.3242534E-01  4.2697558E-01  7.0385441E-01  6.7858510E-01  3.5972937E-01  2.7523218E-01  2.0048805E-01  5.0242621E+00
 2.0622450E-01  2.7942462E-01  3.6268002E-01  4.3473868E-01  4.2929608E-01  7.0824795E-01  6.8264787E-01  3.6268002E-01  2.7942462E-01  2.0622450E-01  4.9800849E+00
 2.1159646E-01  2.8328006E-01  3.6530647E-01  4.3672089E-01  4.3128653E-01  7.1222287E-01  6.8629957E-01  3.6530647E-01  2.8328006E-01  2.1159646E-01  4.9316768E+00
 2.1660944E-01  2.8680764E-01  3.6761424E-01  4.3837636E-01  4.3295168E-01  7.1578432E-01  6.8954603E-01  3.6761424E-01  2.8680764E-01  2.1660944E-01  4.8793857E+00
 2.2127259E-01  2.9001104E-01  3.6961064E-01  4.3971316E-01  4.3429995E-01  7.1894107E-01  6.9239496E-01  3.6961064E-01  2.9001104E-01  2.2127259E-01  4.8235415E+00
 2.2559508E-01  2.9289941E-01  3.7130300E-01  4.4073971E-01  4.3533940E-01  7.2170119E-01  6.9485478E-01  3.7130300E-01  2.9289941E-01  2.2559508E-01  4.7644920E+00
 2.2958238E-01  2.9547825E-01  3.7269865E-01  4.4146334E-01  4.3607736E-01  7.2407056E-01  6.9693245E-01  3.7269865E-01  2.9547825E-01  2.2958238E-01  4.7025486E+00
 0.0000000E+00  0.0000000E+00  1.1972024E-01  2.0757266E-01  2.0245077E-01  3.9824946E-01  3.8391425E-01  1.1972024E-01  0.0000000E+00  0.0000000E+00  2.1941258E+00
 0.0000000E+00  0.0000000E+00  1.1998690E-01  2.0782969E-01  2.0270649E-01  3.9865106E-01  3.8430009E-01  1.1998690E-01  0.0000000E+00  0.0000000E+00  2.2017185E+00
 0.0000000E+00  1.2588698E-02  1.3070274E-01  2.1813906E-01  2.1296482E-01  4.1453399E-01  3.9954837E-01  1.3070274E-01  1.2588698E-02  0.0000000E+00  2.4693336E+00
 0.0000000E+00  2.4784609E-02  1.4101680E-01  2.2803180E-01  2.2281096E-01  4.2967812E-01  4.1408806E-01  1.4101680E-01  2.4784609E-02  0.0000000E+00  2.7134214E+00
 0.0000000E+00  3.6590128E-02  1.5101140E-01  2.3758778E-01  2.3232408E-01  4.4423638E-01  4.2806375E-01  1.5101140E-01  3.6590128E-02  0.0000000E+00  2.9376887E+00
 0.0000000E+00  4.8009303E-02  1.6068297E-01  2.4680777E-01  2.4150429E-01  4.5823021E-01  4.4149428E-01  1.6068297E-01  4.8009303E-02  0.0000000E+00  3.1432092E+00
 0.0000000E+00  5.9047279E-02  1.7003038E-01  2.5568947E-01  2.5034922E-01  4.7167886E-01  4.5439844E-01  1.7003038E-01  5.9047279E-02  0.0000000E+00  3.3310792E+00
 0.0000000E+00  6.9710545E-02  1.7905454E-01  2.6423518E-01  2.5886123E-01  4.8460018E-01  4.6679191E-01  1.7905454E-01  6.9710545E-02  0.0000000E+00  3.5022830E+00
 0.0000000E+00  8.0005363E-02  1.8775678E-01  2.7244850E-01  2.6704347E-01  4.9701029E-01  4.7868992E-01  1.8775678E-01  8.0005363E-02  0.0000000E+00  3.6577600E+00
 0.0000000E+00  8.9938446E-02  1.9614002E-01  2.8033166E-01  2.7489818E-01  5.0892661E-01  4.9010858E-01  1.9614002E-01  8.9938446E-02  0.0000000E+00  3.7984500E+00
 0.0000000E+00  9.9516056E-02  2.0420670E-01  2.8788956E-01  2.8242938E-01  5.2036076E-01  5.0105865E-01  2.0420670E-01  9.9516056E-02  0.0000000E+00  3.9252029E+00
 1.2196448E-02  1.0949276E-01  2.1260582E-01  2.9573069E-01  2.9024557E-01  5.3217813E-01  5.1237268E-01  2.1260582E-01  1.0949276E-01  1.2196448E-02  4.0227396E+00
 2.3934519E-02  1.1907239E-01  2.2063582E-01  3.0318931E-01  2.9768143E-01  5.4348020E-01  5.2318191E-01  2.2063582E-01  1.1907239E-01  2.3934519E-02  4.1078158E+00
 3.5220364E-02  1.2825806E-01  2.2829849E-01  3.1026675E-01  3.0473786E-01  5.5427144E-01  5.3349081E-01  2.2829849E-01  1.2825806E-01  3.5220364E-02  4.1810578E+00
 4.6060582E-02  1.3705292E-01  2.3559361E-01  3.1696571E-01  3.1141887E-01  5.6455899E-01  5.4330566E-01  2.3559361E-01  1.3705292E-01  4.6060582E-02  4.2430473E+00
 5.6461438E-02  1.4546031E-01  2.4252408E-01  3.2329021E-01  3.1772717E-01  5.7434914E-01  5.5263360E-01  2.4252408E-01  1.4546031E-01  5.6461438E-02  4.2944330E+00
 6.6429420E-02  1.5348449E-01  2.4909438E-01  3.2923889E-01  3.2366185E-01  5.8364722E-01  5.6147824E-01  2.4909438E-01  1.5348449E-01  6.6429420E-02  4.3357519E+00
 7.5971013E-02  1.6112949E-01  2.5530675E-01  3.3482072E-01  3.2923187E-01  5.9246041E-01  5.6984806E-01  2.5530675E-01  1.6112949E-01  7.5971013E-02  4.3675855E+00
 8.5093378E-02  1.6839978E-01  2.6116343E-01  3.4003794E-01  3.3443945E-01  6.0079363E-01  5.7774709E-01  2.6116343E-01  1.6839978E-01  8.5093378E-02  4.3904932E+00
 9.3803001E-02  1.7530050E-01  2.6666888E-01  3.4489276E-01  3.3928684E-01  6.0865449E-01  5.8518339E-01  2.6666888E-01  1.7530050E-01  9.3803001E-02  4.4050342E+00
 1.0210682E-01  1.8183657E-01  2.7182983E-01  3.4939236E-01  3.4378030E-01  6.1605013E-01  5.9216322E-01  2.7182983E-01  1.8183657E-01  1.0210682E-01  4.4117231E+00
 1.1001199E-01  1.8801338E-01  2.7664626E-01  3.5354032E-01  3.4792520E-01  6.2298503E-01  5.9869107E-01  2.7664626E-01  1.8801338E-01  1.1001199E-01  4.4110520E+00
 1.1752545E-01  1.9383649E-01  2.8112713E-01  3.5734333E-01  3.5172602E-01  6.2946904E-01  6.0477722E-01  2.8112713E-01  1.9383649E-01  1.1752545E-01  4.4035354E+00
 1.2465479E-01  1.9931219E-01  2.8527692E-01  3.6080589E-01  3.5518946E-01  6.3550662E-01  6.1042614E-01  2.8527692E-01  1.9931219E-01  1.2465479E-01  4.3896431E+00
 1.3140720E-01  2.0444607E-01  2.8910009E-01  3.6393469E-01  3.5832001E-01  6.4110584E-01  6.1564544E-01  2.8910009E-01  2.0444607E-01  1.3140720E-01  4.3698450E+00
 1.3779048E-01  2.0924505E-01  2.9260335E-01  3.6673690E-01  3.6112616E-01  6.4627340E-01  6.2044183E-01  2.9260335E-01  2.0924505E-01  1.3779048E-01  4.3445436E+00
 1.4381181E-01  2.1371519E-01  2.9579119E-01  3.6921610E-01  3.6361104E-01  6.5101691E-01  6.2482337E-01  2.9579119E-01  2.1371519E-01  1.4381181E-01  4.3141864E+00
 1.4947945E-01  2.1786341E-01  2.9867255E-01  3.7138212E-01  3.6578495E-01  6.5534532E-01  6.2879901E-01  2.9867255E-01  2.1786341E-01  1.4947945E-01  4.2791761E+00
 1.5480124E-01  2.2169664E-01  3.0125414E-01  3.7323856E-01  3.6765102E-01  6.5926444E-01  6.3237410E-01  3.0125414E-01  2.2169664E-01  1.5480124E-01  4.2398930E+00
 1.5978478E-01  2.2522250E-01  3.0353820E-01  3.7479659E-01  3.6922042E-01  6.6278322E-01  6.3555761E-01  3.0353820E-01  2.2522250E-01  1.5978478E-01  4.1967173E+00
 1.6443836E-01  2.2844613E-01  3.0553591E-01  3.7605979E-01  3.7049631E-01  6.6590793E-01  6.3835669E-01  3.0553591E-01  2.2844613E-01  1.6443836E-01  4.1499847E+00
 1.6877024E-01  2.3137671E-01  3.0725399E-01  3.7703890E-01  3.7149031E-01  6.6864930E-01  6.4078073E-01  3.0725399E-01  2.3137671E-01  1.6877024E-01  4.1000531E+00
 1.7278870E-01  2.3402318E-01  3.0869914E-01  3.7773884E-01  3.7220644E-01  6.7101450E-01  6.4283824E-01  3.0869914E-01  2.3402318E-01  1.7278870E-01  4.0472133E+00
 1.7650158E-01  2.3639001E-01  3.0987809E-01  3.7816721E-01  3.7265276E-01  6.7301069E-01  6.4453548E-01  3.0987809E-01  2.3639001E-01  1.7650158E-01  3.9918008E+00
 1.7991783E-01  2.3848615E-01  3.1079976E-01  3.7833431E-01  3.7283912E-01  6.7464725E-01  6.4588317E-01  3.1079976E-01  2.3848615E-01  1.7991783E-01  3.9340841E+00
 1.8304549E-01  2.4032056E-01  3.1146865E-01  3.7824641E-01  3.7277266E-01  6.7593180E-01  6.4688716E-01  3.1146865E-01  2.4032056E-01  1.8304549E-01  3.8743317E+00
 1.8589307E-01  2.4189993E-01  3.1189593E-01  3.7791155E-01  3.7246101E-01  6.7687463E-01  6.4755950E-01  3.1189593E-01  2.4189993E-01  1.8589307E-01  3.8128120E+00
 0.0000000E+00  0.0000000E+00  1.1186869E-01  2.0106030E-01  1.9569950E-01  4.1505300E-01  3.9852656E-01  1.1186869E-01  0.0000000E+00  0.0000000E+00  2.1856036E+00
 0.0000000E+00  0.0000000E+00  1.1210422E-01  2.0128046E-01  1.9591816E-01  4.1541950E-01  3.9887595E-01  1.1210422E-01  0.0000000E+00  0.0000000E+00  2.1919373E+00
 0.0000000E+00  1.1274879E-02  1.2150904E-01  2.1006511E-01  2.0464663E-01  4.2991273E-01  4.1269826E-01  1.2150904E-01  1.1274879E-02  0.0000000E+00  2.4116253E+00
 0.0000000E+00  2.2096622E-02  1.3046220E-01  2.1839325E-01  2.1292419E-01  4.4359044E-01  4.2573767E-01  1.3046220E-01  2.2096622E-02  0.0000000E+00  2.6088204E+00
 0.0000000E+00  3.2480229E-02  1.3904785E-01  2.2634574E-01  2.2083065E-01  4.5661101E-01  4.3814453E-01  1.3904785E-01  3.2480229E-02  0.0000000E+00  2.7870994E+00
 0.0000000E+00  4.2440810E-02  1.4727392E-01  2.3393116E-01  2.2837437E-01  4.6901051E-01  4.4995383E-01  1.4727392E-01  4.2440810E-02  0.0000000E+00  2.9477901E+00
 0.0000000E+00  5.1992903E-02  1.5514834E-01  2.4115802E-01  2.3556349E-01  4.8081622E-01  4.6119020E-01  1.5514834E-01  5.1992903E-02  0.0000000E+00  3.0921412E+00
 0.0000000E+00  6.1149894E-02  1.6267957E-01  2.4803562E-01  2.4240704E-01  4.9205927E-01  4.7188262E-01  1.6267957E-01  6.1149894E-02  0.0000000E+00  3.2213003E+00
 0.0000000E+00  6.9925174E-02  1.6987581E-01  2.5457269E-01  2.4891348E-01  5.0275932E-01  4.8204968E-01  1.6987581E-01  6.9925174E-02  0.0000000E+00  3.3363331E+00
 0.0000000E+00  7.8331037E-02  1.7674527E-01  2.6077809E-01  2.5509145E-01  5.1294259E-01  4.9171707E-01  1.7674527E-01  7.8331037E-02  0.0000000E+00  3.4382231E+00
 0.0000000E+00  8.6378959E-02  1.8329640E-01  2.6665947E-01  2.6094861E-01  5.2262766E-01  5.0090175E-01  1.8329640E-01  8.6378959E-02  0.0000000E+00  3.5278176E+00
 1.0375273E-02  9.4704491E-02  1.9005956E-01  2.7270037E-01  2.6696675E-01  5.3254150E-01  5.1029757E-01  1.9005956E-01  9.4704491E-02  1.0375273E-02  3.5906347E+00
 2.0299651E-02  1.0263902E-01  1.9646041E-01  2.7836841E-01  2.7261537E-01  5.4192867E-01  5.1917902E-01  1.9646041E-01  1.0263902E-01  2.0299651E-02  3.6428230E+00
 2.9783926E-02  1.1018992E-01  2.0250441E-01  2.8367066E-01  2.7790105E-01  5.5080121E-01  5.2755866E-01  2.0250441E-01  1.1018992E-01  2.9783926E-02  3.6849835E+00
 3.8838727E-02  1.1736513E-01  2.0819758E-01  2.8861315E-01  2.8283007E-01  5.5916948E-01  5.3544526E-01  2.0819758E-01  1.1736513E-01  3.8838727E-02  3.7177992E+00
 4.7474382E-02  1.2417174E-01  2.1354592E-01  2.9320471E-01  2.8741025E-01  5.6704661E-01  5.4285302E-01  2.1354592E-01  1.2417174E-01  4.7474382E-02  3.7418714E+00
 5.5701002E-02  1.3061712E-01  2.1855599E-01  2.9744800E-01  2.9164551E-01  5.7443859E-01  5.4978685E-01  2.1855599E-01  1.3061712E-01  5.5701002E-02  3.7577465E+00
 6.3527876E-02  1.3670921E-01  2.2323408E-01  3.0135413E-01  2.9554576E-01  5.8135746E-01  5.5625933E-01  2.2323408E-01  1.3670921E-01  6.3527876E-02  3.7659983E+00
 7.0965114E-02  1.4245539E-01  2.2758675E-01  3.0492694E-01  2.9911537E-01  5.8781467E-01  5.6228085E-01  2.2758675E-01  1.4245539E-01  7.0965114E-02  3.7672005E+00
 7.8022279E-02  1.4786275E-01  2.3162055E-01  3.0817463E-01  3.0236252E-01  5.9381789E-01  5.6786014E-01  2.3162055E-01  1.4786275E-01  7.8022279E-02  3.7618177E+00
 8.4708115E-02  1.5293949E-01  2.3534231E-01  3.1110266E-01  3.0529269E-01  5.9937586E-01  5.7300487E-01  2.3534231E-01  1.5293949E-01  8.4708115E-02  3.7503418E+00
 9.1032732E-02  1.5769300E-01  2.3875914E-01  3.1372360E-01  3.0791790E-01  6.0449950E-01  5.7772596E-01  2.3875914E-01  1.5769300E-01  9.1032732E-02  3.7332644E+00
 9.7004600E-02  1.6213064E-01  2.4187759E-01  3.1603744E-01  3.1023816E-01  6.0919864E-01  5.8203271E-01  2.4187759E-01  1.6213064E-01  9.7004600E-02  3.7110230E+00
 1.0263301E-01  1.6626062E-01  2.4470532E-01  3.1805785E-01  3.1226712E-01  6.1348041E-01  5.8593438E-01  2.4470532E-01  1.6626062E-01  1.0263301E-01  3.6840271E+00
 1.0792698E-01  1.7009058E-01  2.4724916E-01  3.1978865E-01  3.1400916E-01  6.1735572E-01  5.8943921E-01  2.4724916E-01  1.7009058E-01  1.0792698E-01  3.6527142E+00
 1.1289552E-01  1.7362790E-01  2.4951675E-01  3.2123969E-01  3.1547356E-01  6.2083331E-01  5.9255756E-01  2.4951675E-01  1.7362790E-01  1.1289552E-01  3.6174393E+00
 1.1754765E-01  1.7688052E-01  2.5151493E-01  3.2241642E-01  3.1666579E-01  6.2392193E-01  5.9529709E-01  2.5151493E-01  1.7688052E-01  1.1754765E-01  3.5785850E+00
 1.2189184E-01  1.7985634E-01  2.5325163E-01  3.2332868E-01  3.1759516E-01  6.2663087E-01  5.9766762E-01  2.5325163E-01  1.7985634E-01  1.2189184E-01  3.5364792E+00
 1.2593712E-01  1.8256358E-01  2.5473394E-01  3.2398302E-01  3.1826874E-01  6.2896942E-01  5.9967901E-01  2.5473394E-01  1.8256358E-01  1.2593712E-01  3.4914770E+00
 1.2969221E-01  1.8500932E-01  2.5596951E-01  3.2438765E-01  3.1869476E-01  6.3094468E-01  6.0133779E-01  2.5596951E-01  1.8500932E-01  1.2969221E-01  3.4438518E+00
 1.3316588E-01  1.8720177E-01  2.5696601E-01  3.2455076E-01  3.1888139E-01  6.3256923E-01  6.0265601E-01  2.5696601E-01  1.8720177E-01  1.3316588E-01  3.3939041E+00
 1.3636657E-01  1.8914913E-01  2.5773107E-01  3.2448108E-01  3.1883631E-01  6.3384798E-01  6.0363967E-01  2.5773107E-01  1.8914913E-01  1.3636657E-01  3.3419344E+00
 1.3930305E-01  1.9085878E-01  2.5827236E-01  3.2418465E-01  3.1856714E-01  6.3479349E-01  6.0430078E-01  2.5827236E-01  1.9085878E-01  1.3930305E-01  3.2881614E+00
 1.4198378E-01  1.9233863E-01  2.5859723E-01  3.2367019E-01  3.1808155E-01  6.3541288E-01  6.0464592E-01  2.5859723E-01  1.9233863E-01  1.4198378E-01  3.2328582E+00
 1.4441723E-01  1.9359661E-01  2.5871336E-01  3.2294591E-01  3.1738773E-01  6.3571653E-01  6.0468655E-01  2.5871336E-01  1.9359661E-01  1.4441723E-01  3.1762435E+00
 1.4661187E-01  1.9464038E-01  2.5862838E-01  3.2201889E-01  3.1649226E-01  6.3571154E-01  6.0442923E-01  2.5862838E-01  1.9464038E-01  1.4661187E-01  3.1185359E+00
 1.4857562E-01  1.9547757E-01  2.5834995E-01  3.2089954E-01  3.1540659E-01  6.3540721E-01  6.0388380E-01  2.5834995E-01  1.9547757E-01  1.4857562E-01  3.0599265E+00
 0.0000000E+00  0.0000000E+00  1.0410234E-01  1.9386566E-01  1.8815484E-01  4.3361533E-01  4.1469724E-01  1.0410234E-01  0.0000000E+00  0.0000000E+00  2.1465907E+00
 0.0000000E+00  0.0000000E+00  1.0430558E-01  1.9404766E-01  1.8833527E-01  4.3394820E-01  4.1501182E-01  1.0430558E-01  0.0000000E+00  0.0000000E+00  2.1517068E+00
 0.0000000E+00  9.9538871E-03  1.1238425E-01  2.0127733E-01  1.9550618E-01  4.4692722E-01  4.2728304E-01  1.1238425E-01  9.9538871E-03  0.0000000E+00  2.3255083E+00
 0.0000000E+00  1.9419356E-02  1.1998703E-01  2.0803845E-01  2.0221585E-01  4.5904361E-01  4.3872820E-01  1.1998703E-01  1.9419356E-02  0.0000000E+00  2.4786083E+00
 0.0000000E+00  2.8422171E-02  1.2719866E-01  2.1440938E-01  2.0854146E-01  4.7045615E-01  4.4949888E-01  1.2719866E-01  2.8422171E-02  0.0000000E+00  2.6143542E+00
 0.0000000E+00  3.6985960E-02  1.3403552E-01  2.2040632E-01  2.1449851E-01  4.8120885E-01  4.5963454E-01  1.3403552E-01  3.6985960E-02  0.0000000E+00  2.7342177E+00
 0.0000000E+00  4.5132382E-02  1.4051261E-01  2.2604475E-01  2.2010220E-01  4.9134439E-01  4.6917589E-01  1.4051261E-01  4.5132382E-02  0.0000000E+00  2.8395305E+00
 0.0000000E+00  5.2881329E-02  1.4664462E-01  2.3133903E-01  2.2536657E-01  5.0089282E-01  4.7815298E-01  1.4664462E-01  5.2881329E-02  0.0000000E+00  2.9314840E+00
 0.0000000E+00  6.0251155E-02  1.5244490E-01  2.3630282E-01  2.3030464E-01  5.0988881E-01  4.8659788E-01  1.5244490E-01  6.0251155E-02  0.0000000E+00  3.0111694E+00
 0.0000000E+00  6.7257879E-02  1.5792613E-01  2.4094848E-01  2.3492875E-01  5.1835638E-01  4.9453329E-01  1.5792613E-01  6.7257879E-02  0.0000000E+00  3.0795680E+00
 0.0000000E+00  7.3917187E-02  1.6309999E-01  2.4528808E-01  2.3925052E-01  5.2632422E-01  5.0198725E-01  1.6309999E-01  7.3917187E-02  0.0000000E+00  3.1375808E+00
 8.7069271E-03  8.0757045E-02  1.6839066E-01  2.4968571E-01  2.4363340E-01  5.3438398E-01  5.0951616E-01  1.6839066E-01  8.0757045E-02  8.7069271E-03  3.1714947E+00
 1.6983773E-02  8.7224123E-02  1.7333858E-01  2.5373604E-01  2.4767276E-01  5.4191996E-01  5.1653761E-01  1.7333858E-01  8.7224123E-02  1.6983773E-02  3.1966682E+00
 2.4844720E-02  9.3330102E-02  1.7795278E-01  2.5744834E-01  2.5137768E-01  5.4895016E-01  5.2306699E-01  1.7795278E-01  9.3330102E-02  2.4844720E-02  3.2137453E+00
 3.2303352E-02  9.9085328E-02  1.8224258E-01  2.6083268E-01  2.5475810E-01  5.5548392E-01  5.2911495E-01  1.8224258E-01  9.9085328E-02  3.2303352E-02  3.2233335E+00
 3.9372484E-02  1.0450015E-01  1.8621667E-01  2.6389795E-01  2.5782285E-01  5.6154194E-01  5.3470088E-01  1.8621667E-01  1.0450015E-01  3.9372484E-02  3.2260100E+00
 4.6065166E-02  1.0958423E-01  1.8988373E-01  2.6665328E-01  2.6058079E-01  5.6713088E-01  5.3983145E-01  1.8988373E-01  1.0958423E-01  4.6065166E-02  3.2223189E+00
 5.2392410E-02  1.1434761E-01  1.9325310E-01  2.6910768E-01  2.6304094E-01  5.7226877E-01  5.4452533E-01  1.9325310E-01  1.1434761E-01  5.2392410E-02  3.2127808E+00
 5.8366564E-02  1.1879960E-01  1.9633245E-01  2.7127023E-01  2.6521224E-01  5.7696494E-01  5.4878989E-01  1.9633245E-01  1.1879960E-01  5.8366564E-02  3.1978730E+00
 6.3998642E-02  1.2294991E-01  1.9913081E-01  2.7314935E-01  2.6710297E-01  5.8123342E-01  5.5264113E-01  1.9913081E-01  1.2294991E-01  6.3998642E-02  3.1780659E+00
 6.9299324E-02  1.2680719E-01  2.0165616E-01  2.7475389E-01  2.6872195E-01  5.8508553E-01  5.5608776E-01  2.0165616E-01  1.2680719E-01  6.9299324E-02  3.1537902E+00
 7.4279621E-02  1.3038047E-01  2.0391720E-01  2.7609229E-01  2.7007745E-01  5.8853198E-01  5.5914244E-01  2.0391720E-01  1.3038047E-01  7.4279621E-02  3.1254529E+00
 7.8949213E-02  1.3367876E-01  2.0592194E-01  2.7717327E-01  2.7117809E-01  5.9158277E-01  5.6181516E-01  2.0592194E-01  1.3367876E-01  7.8949213E-02  3.0934413E+00
 8.3318446E-02  1.3671072E-01  2.0767804E-01  2.7800518E-01  2.7203220E-01  5.9425057E-01  5.6411665E-01  2.0767804E-01  1.3671072E-01  8.3318446E-02  3.0581190E+00
 8.7397331E-02  1.3948504E-01  2.0919419E-01  2.7859622E-01  2.7264793E-01  5.9654607E-01  5.6605956E-01  2.0919419E-01  1.3948504E-01  8.7397331E-02  3.0198298E+00
 9.1195546E-02  1.4201007E-01  2.1047840E-01  2.7895489E-01  2.7303349E-01  5.9847860E-01  5.6765125E-01  2.1047840E-01  1.4201007E-01  9.1195546E-02  2.9788908E+00
 9.4722103E-02  1.4429413E-01  2.1153800E-01  2.7908930E-01  2.7319709E-01  6.0005752E-01  5.6890238E-01  2.1153800E-01  1.4429413E-01  9.4722103E-02  2.9356056E+00
 9.7986679E-02  1.4634559E-01  2.1238134E-01  2.7900769E-01  2.7314689E-01  6.0129284E-01  5.6982298E-01  2.1238134E-01  1.4634559E-01  9.7986679E-02  2.8902546E+00
 1.0099795E-01  1.4817245E-01  2.1301610E-01  2.7871798E-01  2.7289061E-01  6.0219657E-01  5.7042439E-01  2.1301610E-01  1.4817245E-01  1.0099795E-01  2.8431048E+00
 1.0376527E-01  1.4978271E-01  2.1344962E-01  2.7822852E-01  2.7243660E-01  6.0277871E-01  5.7071662E-01  2.1344962E-01  1.4978271E-01  1.0376527E-01  2.7943998E+00
 1.0629696E-01  1.5118472E-01  2.1369024E-01  2.7754672E-01  2.7179215E-01  6.0304730E-01  5.7070835E-01  2.1369024E-01  1.5118472E-01  1.0629696E-01  2.7443732E+00
 1.0860206E-01  1.5238583E-01  2.1374497E-01  2.7668072E-01  2.7096546E-01  6.0301098E-01  5.7040759E-01  2.1374497E-01  1.5238583E-01  1.0860206E-01  2.6932353E+00
 1.1068856E-01  1.5339370E-01  2.1362149E-01  2.7563846E-01  2.6996427E-01  6.0267979E-01  5.6982436E-01  2.1362149E-01  1.5339370E-01  1.1068856E-01  2.6411930E+00
 1.1256514E-01  1.5421602E-01  2.1332681E-01  2.7442735E-01  2.6879586E-01  6.0206373E-01  5.6896866E-01  2.1332681E-01  1.5421602E-01  1.1256514E-01  2.5884265E+00
 1.1424014E-01  1.5486046E-01  2.1286892E-01  2.7305500E-01  2.6746798E-01  6.0117081E-01  5.6784917E-01  2.1286892E-01  1.5486046E-01  1.1424014E-01  2.5351060E+00
 1.1572092E-01  1.5533436E-01  2.1225452E-01  2.7152888E-01  2.6598783E-01  6.0001105E-01  5.6647589E-01  2.1225452E-01  1.5533436E-01  1.1572092E-01  2.4813983E+00
 1.1701547E-01  1.5564506E-01  2.1149061E-01  2.6985647E-01  2.6436296E-01  5.9859377E-01  5.6485620E-01  2.1149061E-01  1.5564506E-01  1.1701547E-01  2.4274404E+00
 0.0000000E+00  0.0000000E+00  9.6347574E-02  1.8581553E-01  1.7958458E-01  4.5396052E-01  4.3245265E-01  9.6347574E-02  0.0000000E+00  0.0000000E+00  2.0739359E+00
 0.0000000E+00  0.0000000E+00  9.6518775E-02  1.8595884E-01  1.7972661E-01  4.5425152E-01  4.3272458E-01  9.6518775E-02  0.0000000E+00  0.0000000E+00  2.0778980E+00
 0.0000000E+00  8.6424832E-03  1.0327389E-01  1.9161787E-01  1.8533547E-01  4.6557883E-01  4.4330206E-01  1.0327389E-01  8.6424832E-03  0.0000000E+00  2.2088873E+00
 0.0000000E+00  1.6785711E-02  1.0955493E-01  1.9682437E-01  1.9050050E-01  4.7601913E-01  4.5303497E-01  1.0955493E-01  1.6785711E-02  0.0000000E+00  2.3215907E+00
 0.0000000E+00  2.4463475E-02  1.1544344E-01  2.0165097E-01  1.9529297E-01  4.8573341E-01  4.6207334E-01  1.1544344E-01  2.4463475E-02  0.0000000E+00  2.4190205E+00
 0.0000000E+00  3.1705654E-02  1.2096224E-01  2.0611901E-01  1.9973350E-01  4.9477300E-01  4.7046774E-01  1.2096224E-01  3.1705654E-02  0.0000000E+00  2.5026768E+00
 0.0000000E+00  3.8539070E-02  1.2613170E-01  2.1024798E-01  2.0384094E-01  5.0318353E-01  4.7826019E-01  1.2613170E-01  3.8539070E-02  0.0000000E+00  2.5738802E+00
 0.0000000E+00  4.4987610E-02  1.3097017E-01  2.1405606E-01  2.0763298E-01  5.1100898E-01  4.8549229E-01  1.3097017E-01  4.4987610E-02  0.0000000E+00  2.6338088E+00
 0.0000000E+00  5.1072999E-02  1.3549437E-01  2.1755936E-01  2.1112528E-01  5.1828034E-01  4.9219422E-01  1.3549437E-01  5.1072999E-02  0.0000000E+00  2.6835061E+00
 0.0000000E+00  5.6814762E-02  1.3971978E-01  2.2077298E-01  2.1433252E-01  5.2503100E-01  4.9839778E-01  1.3971978E-01  5.6814762E-02  0.0000000E+00  2.7239096E+00
 0.0000000E+00  6.2230020E-02  1.4366026E-01  2.2371012E-01  2.1726759E-01  5.3129031E-01  5.0413072E-01  1.4366026E-01  6.2230020E-02  0.0000000E+00  2.7558590E+00
 7.1942430E-03  6.7750853E-02  1.4764558E-01  2.2662913E-01  2.2018899E-01  5.3752174E-01  5.0982223E-01  1.4764558E-01  6.7750853E-02  7.1942430E-03  2.7666202E+00
 1.3989995E-02  7.2928060E-02  1.5131825E-01  2.2923741E-01  2.2280397E-01  5.4324223E-01  5.1502193E-01  1.5131825E-01  7.2928060E-02  1.3989995E-02  2.7705374E+00
 2.0403682E-02  7.7774685E-02  1.5468970E-01  2.3154671E-01  2.2512403E-01  5.4847374E-01  5.1974862E-01  1.5468970E-01  7.7774685E-02  2.0403682E-02  2.7682099E+00
 2.6450673E-02  8.2303773E-02  1.5777091E-01  2.3356860E-01  2.2716043E-01  5.5323100E-01  5.2402019E-01  1.5777091E-01  8.2303773E-02  2.6450673E-02  2.7601838E+00
 3.2145519E-02  8.6526737E-02  1.6057290E-01  2.3531310E-01  2.2892312E-01  5.5752947E-01  5.2784971E-01  1.6057290E-01  8.6526737E-02  3.2145519E-02  2.7469850E+00
 3.7502121E-02  9.0455398E-02  1.6310587E-01  2.3679129E-01  2.3042301E-01  5.6138787E-01  5.3125513E-01  1.6310587E-01  9.0455398E-02  3.7502121E-02  2.7290945E+00
 4.2533725E-02  9.4100762E-02  1.6537958E-01  2.3801330E-01  2.3166997E-01  5.6482010E-01  5.3425110E-01  1.6537958E-01  9.4100762E-02  4.2533725E-02  2.7069566E+00
 4.7252765E-02  9.7473018E-02  1.6740343E-01  2.3898856E-01  2.3267330E-01  5.6784243E-01  5.3685395E-01  1.6740343E-01  9.7473018E-02  4.7252765E-02  2.6810033E+00
 5.1670980E-02  1.0058277E-01  1.6918718E-01  2.3972670E-01  2.3344255E-01  5.7046384E-01  5.3907101E-01  1.6918718E-01  1.0058277E-01  5.1670980E-02  2.6516178E+00
 5.5800598E-02  1.0343979E-01  1.7073940E-01  2.4023725E-01  2.3398692E-01  5.7269983E-01  5.4091940E-01  1.7073940E-01  1.0343979E-01  5.5800598E-02  2.6191711E+00
 5.9652219E-02  1.0605387E-01  1.7206988E-01  2.4052895E-01  2.3431522E-01  5.7456341E-01  5.4241054E-01  1.7206988E-01  1.0605387E-01  5.9652219E-02  2.5840015E+00
 6.3236847E-02  1.0843397E-01  1.7318595E-01  2.4061107E-01  2.3443650E-01  5.7606683E-01  5.4355667E-01  1.7318595E-01  1.0843397E-01  6.3236847E-02  2.5464269E+00
 6.6564265E-02  1.1058907E-01  1.7409699E-01  2.4049185E-01  2.3435884E-01  5.7721987E-01  5.4436837E-01  1.7409699E-01  1.1058907E-01  6.6564265E-02  2.5067449E+00
 6.9645480E-02  1.1252813E-01  1.7481114E-01  2.4017986E-01  2.3409078E-01  5.7803719E-01  5.4485951E-01  1.7481114E-01  1.1252813E-01  6.9645480E-02  2.4652286E+00
 7.2489458E-02  1.1426011E-01  1.7533616E-01  2.3968356E-01  2.3364058E-01  5.7852696E-01  5.4503824E-01  1.7533616E-01  1.1426011E-01  7.2489458E-02  2.4221348E+00
 7.5105576E-02  1.1579237E-01  1.7568019E-01  2.3901087E-01  2.3301622E-01  5.7870140E-01  5.4491680E-01  1.7568019E-01  1.1579237E-01  7.5105576E-02  2.3776999E+00
 7.7503209E-02  1.1713385E-01  1.7585098E-01  2.3816993E-01  2.3222545E-01  5.7857109E-01  5.4450497E-01  1.7585098E-01  1.1713385E-01  7.7503209E-02  2.3321441E+00
 7.9690916E-02  1.1829231E-01  1.7585588E-01  2.3716825E-01  2.3127584E-01  5.7814583E-01  5.4381334E-01  1.7585588E-01  1.1829231E-01  7.9690916E-02  2.2856711E+00
 8.1677666E-02  1.1927550E-01  1.7570261E-01  2.3601381E-01  2.3017532E-01  5.7743542E-01  5.4285250E-01  1.7570261E-01  1.1927550E-01  8.1677666E-02  2.2384644E+00
 8.3472018E-02  1.2009115E-01  1.7539771E-01  2.3471363E-01  2.2893072E-01  5.7644880E-01  5.4162982E-01  1.7539771E-01  1.2009115E-01  8.3472018E-02  2.1906992E+00
 8.5081310E-02  1.2074579E-01  1.7494932E-01  2.3327552E-01  2.2754971E-01  5.7519820E-01  5.4015750E-01  1.7494932E-01  1.2074579E-01  8.5081310E-02  2.1425387E+00
 8.6514509E-02  1.2124798E-01  1.7436357E-01  2.3170634E-01  2.2603931E-01  5.7369177E-01  5.3844372E-01  1.7436357E-01  1.2124798E-01  8.6514509E-02  2.0941254E+00
 8.7778544E-02  1.2160343E-01  1.7364779E-01  2.3001342E-01  2.2440644E-01  5.7193766E-01  5.3649661E-01  1.7364779E-01  1.2160343E-01  8.7778544E-02  2.0455899E+00
 8.8881162E-02  1.2182028E-01  1.7280849E-01  2.2820344E-01  2.2265788E-01  5.6994811E-01  5.3432842E-01  1.7280849E-01  1.2182028E-01  8.8881162E-02  1.9970625E+00
 8.9829698E-02  1.2190425E-01  1.7185180E-01  2.2628277E-01  2.2079989E-01  5.6772883E-01  5.3194565E-01  1.7185180E-01  1.2190425E-01  8.9829698E-02  1.9486451E+00
 9.0631083E-02  1.2186227E-01  1.7078424E-01  2.2425866E-01  2.1883950E-01  5.6528877E-01  5.2935565E-01  1.7078424E-01  1.2186227E-01  9.0631083E-02  1.9004479E+00
 0.0000000E+00  0.0000000E+00  8.8518974E-02  1.7663201E-01  1.6971544E-01  4.7603143E-01  4.5165907E-01  8.8518974E-02  0.0000000E+00  0.0000000E+00  1.9659183E+00
 0.0000000E+00  0.0000000E+00  8.8657880E-02  1.7673615E-01  1.6981891E-01  4.7627815E-01  4.5188533E-01  8.8657880E-02  0.0000000E+00  0.0000000E+00  1.9688259E+00
 0.0000000E+00  7.3619687E-03  9.4117036E-02  1.8083427E-01  1.7389433E-01  4.8578419E-01  4.6059291E-01  9.4117036E-02  7.3619687E-03  0.0000000E+00  2.0611660E+00
 0.0000000E+00  1.4236472E-02  9.9127112E-02  1.8452335E-01  1.7756977E-01  4.9441371E-01  4.6847229E-01  9.9127112E-02  1.4236472E-02  0.0000000E+00  2.1380672E+00
 0.0000000E+00  2.0662194E-02  1.0376428E-01  1.8786618E-01  1.8090637E-01  5.0231240E-01  4.7566008E-01  1.0376428E-01  2.0662194E-02  0.0000000E+00  2.2021282E+00
 0.0000000E+00  2.6672841E-02  1.0805444E-01  1.9088598E-01  1.8392675E-01  5.0954473E-01  4.8221580E-01  1.0805444E-01  2.6672841E-02  0.0000000E+00  2.2547781E+00
 0.0000000E+00  3.2298087E-02  1.1202097E-01  1.9360502E-01  1.8665242E-01  5.1615747E-01  4.8818476E-01  1.1202097E-01  3.2298087E-02  0.0000000E+00  2.2972515E+00
 0.0000000E+00  3.7564118E-02  1.1568431E-01  1.9604154E-01  1.8910101E-01  5.2219838E-01  4.9361131E-01  1.1568431E-01  3.7564118E-02  0.0000000E+00  2.3306287E+00
 0.0000000E+00  4.2494335E-02  1.1906286E-01  1.9821324E-01  1.9128966E-01  5.2770151E-01  4.9852911E-01  1.1906286E-01  4.2494335E-02  0.0000000E+00  2.3558609E+00
 0.0000000E+00  4.7109600E-02  1.2217306E-01  2.0013556E-01  1.9323331E-01  5.3270527E-01  5.0297345E-01  1.2217306E-01  4.7109600E-02  0.0000000E+00  2.3737942E+00
 0.0000000E+00  5.1428581E-02  1.2503084E-01  2.0182253E-01  1.9494581E-01  5.3723773E-01  5.0697151E-01  1.2503084E-01  5.1428581E-02  0.0000000E+00  2.3851755E+00
 5.8402260E-03  5.5797399E-02  1.2788066E-01  2.0343728E-01  1.9659211E-01  5.4163545E-01  5.1082501E-01  1.2788066E-01  5.5797399E-02  5.8402260E-03  2.3783646E+00
 1.1321836E-02  5.9858532E-02  1.3045614E-01  2.0478730E-01  1.9797789E-01  5.4554691E-01  5.1421483E-01  1.3045614E-01  5.9858532E-02  1.1321836E-02  2.3665003E+00
 1.6462055E-02  6.3626420E-02  1.3276975E-01  2.0588575E-01  1.9911588E-01  5.4899140E-01  5.1716001E-01  1.3276975E-01  6.3626420E-02  1.6462055E-02  2.3501055E+00
 2.1277115E-02  6.7115002E-02  1.3483342E-01  2.0674416E-01  2.0001744E-01  5.5199124E-01  5.1968156E-01  1.3483342E-01  6.7115002E-02  2.1277115E-02  2.3296529E+00
 2.5782150E-02  7.0335730E-02  1.3665862E-01  2.0737339E-01  2.0069314E-01  5.5456215E-01  5.2179562E-01  1.3665862E-01  7.0335730E-02  2.5782150E-02  2.3055809E+00
 2.9991351E-02  7.3302045E-02  1.3825579E-01  2.0778468E-01  2.0115411E-01  5.5672502E-01  5.2352112E-01  1.3825579E-01  7.3302045E-02  2.9991351E-02  2.2782975E+00
 3.3918259E-02  7.6024404E-02  1.3963539E-01  2.0798820E-01  2.0141013E-01  5.5849519E-01  5.2487360E-01  1.3963539E-01  7.6024404E-02  3.3918259E-02  2.2481713E+00
 3.7575619E-02  7.8513759E-02  1.4080738E-01  2.0799369E-01  2.0147085E-01  5.5988422E-01  5.2586539E-01  1.4080738E-01  7.8513759E-02  3.7575619E-02  2.2155459E+00
 4.0975430E-02  8.0780565E-02  1.4178072E-01  2.0781042E-01  2.0134545E-01  5.6090961E-01  5.2651284E-01  1.4178072E-01  8.0780565E-02  4.0975430E-02  2.1807447E+00
 4.4129244E-02  8.2835279E-02  1.4256536E-01  2.0744774E-01  2.0104297E-01  5.6158234E-01  5.2682739E-01  1.4256536E-01  8.2835279E-02  4.4129244E-02  2.1440516E+00
 4.7048063E-02  8.4686364E-02  1.4316928E-01  2.0691472E-01  2.0057228E-01  5.6191951E-01  5.2682480E-01  1.4316928E-01  8.4686364E-02  4.7048063E-02  2.1057454E+00
 4.9742391E-02  8.6343776E-02  1.4360093E-01  2.0621931E-01  1.9994136E-01  5.6193465E-01  5.2651790E-01  1.4360093E-01  8.6343776E-02  4.9742391E-02  2.0660700E+00
 5.2222187E-02  8.7816479E-02  1.4386929E-01  2.0537008E-01  1.9915857E-01  5.6163575E-01  5.2591615E-01  1.4386929E-01  8.7816479E-02  5.2222187E-02  2.0252496E+00
 5.4497458E-02  8.9112437E-02  1.4398131E-01  2.0437460E-01  1.9823127E-01  5.6103574E-01  5.2503151E-01  1.4398131E-01  8.9112437E-02  5.4497458E-02  1.9834982E+00
 5.6576567E-02  9.0239617E-02  1.4394546E-01  2.0324113E-01  1.9716764E-01  5.6014835E-01  5.2387713E-01  1.4394546E-01  9.0239617E-02  5.6576567E-02  1.9410049E+00
 5.8469472E-02  9.1206482E-02  1.4376822E-01  2.0197693E-01  1.9597485E-01  5.5898355E-01  5.2246296E-01  1.4376822E-01  9.1206482E-02  5.8469472E-02  1.8979490E+00
 6.0184140E-02  9.2020003E-02  1.4345755E-01  2.0058928E-01  1.9466006E-01  5.5754831E-01  5.2079696E-01  1.4345755E-01  9.2020003E-02  6.0184140E-02  1.8544898E+00
 6.1729034E-02  9.2688644E-02  1.4302042E-01  1.9908553E-01  1.9323034E-01  5.5585875E-01  5.1889339E-01  1.4302042E-01  9.2688644E-02  6.1729034E-02  1.8107718E+00
 6.3111622E-02  9.3218379E-02  1.4246280E-01  1.9747187E-01  1.9169198E-01  5.5392124E-01  5.1675931E-01  1.4246280E-01  9.3218379E-02  6.3111622E-02  1.7669392E+00
 6.4340367E-02  9.3617173E-02  1.4179217E-01  1.9575537E-01  1.9005184E-01  5.5174892E-01  5.1440697E-01  1.4179217E-01  9.3617173E-02  6.4340367E-02  1.7231017E+00
 6.5422241E-02  9.3890505E-02  1.4101449E-01  1.9394278E-01  1.8831660E-01  5.4934797E-01  5.1184315E-01  1.4101449E-01  9.3890505E-02  6.5422241E-02  1.6793736E+00
 6.6364711E-02  9.4045840E-02  1.4013625E-01  1.9203989E-01  1.8649193E-01  5.4672815E-01  5.0907751E-01  1.4013625E-01  9.4045840E-02  6.6364711E-02  1.6358597E+00
 6.7174249E-02  9.4089155E-02  1.3916291E-01  1.9005267E-01  1.8458381E-01  5.4390178E-01  5.0612110E-01  1.3916291E-01  9.4089155E-02  6.7174249E-02  1.5926445E+00
 6.7857826E-02  9.4026423E-02  1.3810045E-01  1.8798769E-01  1.8259861E-01  5.4087228E-01  5.0297899E-01  1.3810045E-01  9.4026423E-02  6.7857826E-02  1.5498077E+00
 6.8421914E-02  9.3863620E-02  1.3695435E-01  1.8585033E-01  1.8054141E-01  5.3765475E-01  4.9966396E-01  1.3695435E-01  9.3863620E-02  6.8421914E-02  1.5074239E+00
 6.8872487E-02  9.3606220E-02  1.3573059E-01  1.8364586E-01  1.7841788E-01  5.3425220E-01  4.9618046E-01  1.3573059E-01  9.3606220E-02  6.8872487E-02  1.4655580E+00
 0.0000000E+00  0.0000000E+00  8.0515005E-02  1.6591157E-01  1.5823606E-01  4.9962375E-01  4.7193678E-01  8.0515005E-02  0.0000000E+00  0.0000000E+00  1.8229044E+00
 0.0000000E+00  0.0000000E+00  8.0623247E-02  1.6597786E-01  1.5830294E-01  4.9982029E-01  4.7211119E-01  8.0623247E-02  0.0000000E+00  0.0000000E+00  1.8248868E+00
 0.0000000E+00  6.1371985E-03  8.4842860E-02  1.6856673E-01  1.6091941E-01  5.0730666E-01  4.7874735E-01  8.4842860E-02  6.1371985E-03  0.0000000E+00  1.8838057E+00
 0.0000000E+00  1.1818139E-02  8.8659301E-02  1.7081393E-01  1.6320135E-01  5.1395049E-01  4.8459940E-01  8.8659301E-02  1.1818139E-02  0.0000000E+00  1.9303376E+00
 0.0000000E+00  1.7083381E-02  9.2140072E-02  1.7276870E-01  1.6519681E-01  5.1989004E-01  4.8979356E-01  9.2140072E-02  1.7083381E-02  0.0000000E+00  1.9666230E+00
 0.0000000E+00  2.1967831E-02  9.5310710E-02  1.7445474E-01  1.6692890E-01  5.2518743E-01  4.9438816E-01  9.5310710E-02  2.1967831E-02  0.0000000E+00  1.9939267E+00
 0.0000000E+00  2.6501954E-02  9.8196150E-02  1.7589213E-01  1.6841709E-01  5.2989515E-01  4.9843223E-01  9.8196150E-02  2.6501954E-02  0.0000000E+00  2.0133373E+00
 0.0000000E+00  3.0712445E-02  1.0081706E-01  1.7709946E-01  1.6967926E-01  5.3405951E-01  5.0196946E-01  1.0081706E-01  3.0712445E-02  0.0000000E+00  2.0257973E+00
 0.0000000E+00  3.4622778E-02  1.0319109E-01  1.7809252E-01  1.7073063E-01  5.3772038E-01  5.0503723E-01  1.0319109E-01  3.4622778E-02  0.0000000E+00  2.0321215E+00
 0.0000000E+00  3.8253749E-02  1.0533586E-01  1.7888605E-01  1.7158566E-01  5.4091396E-01  5.0766925E-01  1.0533586E-01  3.8253749E-02  0.0000000E+00  2.0330215E+00
 0.0000000E+00  4.1624088E-02  1.0726537E-01  1.7949231E-01  1.7225641E-01  5.4366690E-01  5.0989180E-01  1.0726537E-01  4.1624088E-02  0.0000000E+00  2.0291297E+00
 4.6472599E-03  4.5005616E-02  1.0915352E-01  1.7999333E-01  1.7282930E-01  5.4618653E-01  5.1187698E-01  1.0915352E-01  4.5005616E-02  4.6472599E-03  2.0100110E+00
 8.9809829E-03  4.8120127E-02  1.1080999E-01  1.8028277E-01  1.7319357E-01  5.4825282E-01  5.1343679E-01  1.1080999E-01  4.8120127E-02  8.9809829E-03  1.9874443E+00
 1.3018348E-02  5.0982093E-02  1.1224754E-01  1.8037315E-01  1.7336164E-01  5.4988840E-01  5.1459301E-01  1.1224754E-01  5.0982093E-02  1.3018348E-02  1.9618494E+00
 1.6775196E-02  5.3604772E-02  1.1347894E-01  1.8027504E-01  1.7334360E-01  5.5111513E-01  5.1536632E-01  1.1347894E-01  5.3604772E-02  1.6775196E-02  1.9336092E+00
 2.0266425E-02  5.6000690E-02  1.1451393E-01  1.7999939E-01  1.7315040E-01  5.5195053E-01  5.1577388E-01  1.1451393E-01  5.6000690E-02  2.0266425E-02  1.9030825E+00
 2.3505901E-02  5.8181705E-02  1.1536345E-01  1.7955678E-01  1.7279214E-01  5.5241549E-01  5.1583493E-01  1.1536345E-01  5.8181705E-02  2.3505901E-02  1.8705795E+00
 2.6506575E-02  6.0158824E-02  1.1603783E-01  1.7895572E-01  1.7227734E-01  5.5252002E-01  5.1556135E-01  1.1603783E-01  6.0158824E-02  2.6506575E-02  1.8363920E+00
 2.9280671E-02  6.1942384E-02  1.1654620E-01  1.7820642E-01  1.7161585E-01  5.5228791E-01  5.1497374E-01  1.1654620E-01  6.1942384E-02  2.9280671E-02  1.8007877E+00
 3.1839682E-02  6.3542906E-02  1.1689708E-01  1.7731667E-01  1.7081568E-01  5.5172818E-01  5.1408254E-01  1.1689708E-01  6.3542906E-02  3.1839682E-02  1.7640098E+00
 3.4194614E-02  6.4968903E-02  1.1709958E-01  1.7629533E-01  1.6988501E-01  5.5085663E-01  5.1290236E-01  1.1709958E-01  6.4968903E-02  3.4194614E-02  1.7262771E+00
 3.6355622E-02  6.6230104E-02  1.1716099E-01  1.7514996E-01  1.6883149E-01  5.4968590E-01  5.1144609E-01  1.1716099E-01  6.6230104E-02  3.6355622E-02  1.6877904E+00
 3.8332619E-02  6.7335024E-02  1.1709046E-01  1.7388821E-01  1.6766266E-01  5.4823131E-01  5.0972761E-01  1.1709046E-01  6.7335024E-02  3.8332619E-02  1.6487321E+00
 4.0134848E-02  6.8290958E-02  1.1689404E-01  1.7251750E-01  1.6638570E-01  5.4650453E-01  5.0775835E-01  1.1689404E-01  6.8290958E-02  4.0134848E-02  1.6092663E+00
 4.1771248E-02  6.9106422E-02  1.1658026E-01  1.7104451E-01  1.6500730E-01  5.4451747E-01  5.0555012E-01  1.1658026E-01  6.9106422E-02  4.1771248E-02  1.5695391E+00
 4.3250211E-02  6.9788711E-02  1.1615459E-01  1.6947667E-01  1.6353464E-01  5.4228132E-01  5.0311362E-01  1.1615459E-01  6.9788711E-02  4.3250211E-02  1.5296902E+00
 4.4579763E-02  7.0345124E-02  1.1562432E-01  1.6781981E-01  1.6197343E-01  5.3980752E-01  5.0045992E-01  1.1562432E-01  7.0345124E-02  4.4579763E-02  1.4898414E+00
 4.5767810E-02  7.0782348E-02  1.1499616E-01  1.6608025E-01  1.6033013E-01  5.3710335E-01  4.9759692E-01  1.1499616E-01  7.0782348E-02  4.5767810E-02  1.4501081E+00
 4.6821527E-02  7.1107074E-02  1.1427495E-01  1.6426431E-01  1.5861056E-01  5.3418365E-01  4.9453777E-01  1.1427495E-01  7.1107074E-02  4.6821527E-02  1.4105815E+00
 4.7748151E-02  7.1325382E-02  1.1346800E-01  1.6237736E-01  1.5682033E-01  5.3105571E-01  4.9129038E-01  1.1346800E-01  7.1325382E-02  4.7748151E-02  1.3713468E+00
 4.8554372E-02  7.1443354E-02  1.1258078E-01  1.6042558E-01  1.5496540E-01  5.2773362E-01  4.8786681E-01  1.1258078E-01  7.1443354E-02  4.8554372E-02  1.3324952E+00
 4.9246755E-02  7.1467070E-02  1.1161755E-01  1.5841396E-01  1.5305051E-01  5.2421790E-01  4.8427018E-01  1.1161755E-01  7.1467070E-02  4.9246755E-02  1.2940876E+00
 4.9831566E-02  7.1401395E-02  1.1058438E-01  1.5634761E-01  1.5108089E-01  5.2052469E-01  4.8051415E-01  1.1058438E-01  7.1401395E-02  4.9831566E-02  1.2561907E+00
 5.0314642E-02  7.1253019E-02  1.0948676E-01  1.5423140E-01  1.4906141E-01  5.1666056E-01  4.7660553E-01  1.0948676E-01  7.1253019E-02  5.0314642E-02  1.2188472E+00
 5.0701820E-02  7.1026197E-02  1.0832894E-01  1.5207067E-01  1.4699705E-01  5.1263476E-01  4.7255332E-01  1.0832894E-01  7.1026197E-02  5.0701820E-02  1.1821179E+00
 5.0998634E-02  7.0725795E-02  1.0711517E-01  1.4986956E-01  1.4489219E-01  5.0845482E-01  4.6836457E-01  1.0711517E-01  7.0725795E-02  5.0998634E-02  1.1460393E+00
 5.1210314E-02  7.0356678E-02  1.0585093E-01  1.4763221E-01  1.4275061E-01  5.0412962E-01  4.6404805E-01  1.0585093E-01  7.0356678E-02  5.1210314E-02  1.1106418E+00
 0.0000000E+00  0.0000000E+00  7.2222089E-02  1.5317253E-01  1.4484509E-01  5.2427514E-01  4.9255718E-01  7.2222089E-02  0.0000000E+00  0.0000000E+00  1.6481089E+00
 0.0000000E+00  0.0000000E+00  7.2301116E-02  1.5320361E-01  1.4487863E-01  5.2441526E-01  4.9267405E-01  7.2301116E-02  0.0000000E+00  0.0000000E+00  1.6493121E+00
 0.0000000E+00  4.9949739E-03  7.5374335E-02  1.5439589E-01  1.4616857E-01  5.2963752E-01  4.9700783E-01  7.5374335E-02  4.9949739E-03  0.0000000E+00  1.6809230E+00
 0.0000000E+00  9.5798089E-03  7.8104632E-02  1.5533255E-01  1.4720536E-01  5.3408484E-01  5.0063702E-01  7.8104632E-02  9.5798089E-03  0.0000000E+00  1.7031605E+00
 0.0000000E+00  1.3794019E-02  8.0548234E-02  1.5604657E-01  1.4802212E-01  5.3787548E-01  5.0366619E-01  8.0548234E-02  1.3794019E-02  0.0000000E+00  1.7176884E+00
 0.0000000E+00  1.7671769E-02  8.2731135E-02  1.5655800E-01  1.4863817E-01  5.4107191E-01  5.0615317E-01  8.2731135E-02  1.7671769E-02  0.0000000E+00  1.7255540E+00
 0.0000000E+00  2.1242175E-02  8.4675618E-02  1.5688390E-01  1.4907059E-01  5.4372667E-01  5.0814645E-01  8.4675618E-02  2.1242175E-02  0.0000000E+00  1.7276559E+00
 0.0000000E+00  2.4530788E-02  8.6400251E-02  1.5704003E-01  1.4933411E-01  5.4588518E-01  5.0968751E-01  8.6400251E-02  2.4530788E-02  0.0000000E+00  1.7247667E+00
 0.0000000E+00  2.7559962E-02  8.7922117E-02  1.5703916E-01  1.4944194E-01  5.4758663E-01  5.1081291E-01  8.7922117E-02  2.7559962E-02  0.0000000E+00  1.7175473E+00
 0.0000000E+00  3.0349381E-02  8.9257556E-02  1.5689391E-01  1.4940596E-01  5.4886559E-01  5.1155420E-01  8.9257556E-02  3.0349381E-02  0.0000000E+00  1.7065697E+00
 0.0000000E+00  3.2916574E-02  9.0418452E-02  1.5661437E-01  1.4923614E-01  5.4975219E-01  5.1193916E-01  9.0418452E-02  3.2916574E-02  0.0000000E+00  1.6923314E+00
 3.6158691E-03  3.5470398E-02  9.1519187E-02  1.5621490E-01  1.4895453E-01  5.5031249E-01  5.1200350E-01  9.1519187E-02  3.5470398E-02  3.6158691E-03  1.6656895E+00
 6.9656382E-03  3.7799320E-02  9.2433495E-02  1.5565932E-01  1.4851781E-01  5.5046482E-01  5.1169371E-01  9.2433495E-02  3.7799320E-02  6.9656382E-03  1.6369382E+00
 1.0065410E-02  3.9916935E-02  9.3172517E-02  1.5495935E-01  1.4793730E-01  5.5023099E-01  5.1103032E-01  9.3172517E-02  3.9916935E-02  1.0065410E-02  1.6063969E+00
 1.2930143E-02  4.1835942E-02  9.3748881E-02  1.5412348E-01  1.4722160E-01  5.4963104E-01  5.1003264E-01  9.3748881E-02  4.1835942E-02  1.2930143E-02  1.5743626E+00
 1.5573540E-02  4.3567928E-02  9.4171497E-02  1.5316238E-01  1.4638082E-01  5.4868458E-01  5.0871896E-01  9.4171497E-02  4.3567928E-02  1.5573540E-02  1.5411029E+00
 1.8008526E-02  4.5123886E-02  9.4450766E-02  1.5208333E-01  1.4542254E-01  5.4740971E-01  5.0710681E-01  9.4450766E-02  4.5123886E-02  1.8008526E-02  1.5068405E+00
 2.0246983E-02  4.6514065E-02  9.4594114E-02  1.5089555E-01  1.4435538E-01  5.4582248E-01  5.0521135E-01  9.4594114E-02  4.6514065E-02  2.0246983E-02  1.4717908E+00
 2.2300128E-02  4.7748121E-02  9.4611197E-02  1.4960632E-01  1.4318690E-01  5.4393935E-01  5.0304805E-01  9.4611197E-02  4.7748121E-02  2.2300128E-02  1.4361543E+00
 2.4178434E-02  4.8834966E-02  9.4510185E-02  1.4822290E-01  1.4192395E-01  5.4177548E-01  5.0063147E-01  9.4510185E-02  4.8834966E-02  2.4178434E-02  1.4001019E+00
 2.5891703E-02  4.9783143E-02  9.4297020E-02  1.4675228E-01  1.4057365E-01  5.3934392E-01  4.9797380E-01  9.4297020E-02  4.9783143E-02  2.5891703E-02  1.3637821E+00
 2.7449369E-02  5.0600821E-02  9.3980614E-02  1.4520100E-01  1.3914211E-01  5.3665864E-01  4.9508856E-01  9.3980614E-02  5.0600821E-02  2.7449369E-02  1.3273435E+00
 2.8859973E-02  5.1295576E-02  9.3566910E-02  1.4357529E-01  1.3763571E-01  5.3373225E-01  4.9198765E-01  9.3566910E-02  5.1295576E-02  2.8859973E-02  1.2908974E+00
 3.0131982E-02  5.1874539E-02  9.3061850E-02  1.4188183E-01  1.3606112E-01  5.3057708E-01  4.8868251E-01  9.3061850E-02  5.1874539E-02  3.0131982E-02  1.2545628E+00
 3.1273122E-02  5.2344691E-02  9.2472860E-02  1.4012568E-01  1.3442297E-01  5.2720470E-01  4.8518457E-01  9.2472860E-02  5.2344691E-02  3.1273122E-02  1.2184435E+00
 3.2290893E-02  5.2712494E-02  9.1805140E-02  1.3831189E-01  1.3272659E-01  5.2362596E-01  4.8150382E-01  9.1805140E-02  5.2712494E-02  3.2290893E-02  1.1826214E+00
 3.3192278E-02  5.2984187E-02  9.1063890E-02  1.3644654E-01  1.3097779E-01  5.1985183E-01  4.7765078E-01  9.1063890E-02  5.2984187E-02  3.3192278E-02  1.1471780E+00
 3.3984108E-02  5.3165711E-02  9.0254308E-02  1.3453409E-01  1.2918101E-01  5.1589302E-01  4.7363559E-01  9.0254308E-02  5.3165711E-02  3.3984108E-02  1.1121729E+00
 3.4672625E-02  5.3262638E-02  8.9383078E-02  1.3257944E-01  1.2734102E-01  5.1175901E-01  4.6946729E-01  8.9383078E-02  5.3262638E-02  3.4672625E-02  1.0776802E+00
 3.5263917E-02  5.3280316E-02  8.8453173E-02  1.3058735E-01  1.2546271E-01  5.0745947E-01  4.6515481E-01  8.8453173E-02  5.3280316E-02  3.5263917E-02  1.0437372E+00
 3.5763853E-02  5.3224016E-02  8.7469790E-02  1.2856212E-01  1.2354996E-01  5.0300388E-01  4.6070722E-01  8.7469790E-02  5.3224016E-02  3.5763853E-02  1.0103958E+00
 3.6177854E-02  5.3098494E-02  8.6438130E-02  1.2650732E-01  1.2160661E-01  4.9840102E-01  4.5613283E-01  8.6438130E-02  5.3098494E-02  3.6177854E-02  9.7770053E-01
 3.6511119E-02  5.2908428E-02  8.5361163E-02  1.2442740E-01  1.1963714E-01  4.9365964E-01  4.5143999E-01  8.5361163E-02  5.2908428E-02  3.6511119E-02  9.4566633E-01
 3.6768774E-02  5.2658348E-02  8.4244088E-02  1.2232622E-01  1.1764510E-01  4.8878864E-01  4.4663685E-01  8.4244088E-02  5.2658348E-02  3.6768774E-02  9.1433773E-01
 3.6955572E-02  5.2352341E-02  8.3089876E-02  1.2020706E-01  1.1563390E-01  4.8379529E-01  4.4173026E-01  8.3089876E-02  5.2352341E-02  3.6955572E-02  8.8372215E-01
 3.7076044E-02  5.1994639E-02  8.1902984E-02  1.1807362E-01  1.1360728E-01  4.7868793E-01  4.3672825E-01  8.1902984E-02  5.1994639E-02  3.7076044E-02  8.5384931E-01
 3.7134423E-02  5.1589031E-02  8.0686383E-02  1.1592947E-01  1.1156834E-01  4.7347425E-01  4.3163795E-01  8.0686383E-02  5.1589031E-02  3.7134423E-02  8.2471920E-01
 0.0000000E+00  0.0000000E+00  6.3529271E-02  1.3798298E-01  1.2934392E-01  5.4911977E-01  5.1235431E-01  6.3529271E-02  0.0000000E+00  0.0000000E+00  1.4481677E+00
 0.0000000E+00  0.0000000E+00  6.3582432E-02  1.3798302E-01  1.2934841E-01  5.4919499E-01  5.1240610E-01  6.3582432E-02  0.0000000E+00  0.0000000E+00  1.4487665E+00
 0.0000000E+00  3.9611017E-03  6.5639644E-02  1.3797191E-01  1.2951283E-01  5.5185736E-01  5.1418528E-01  6.5639644E-02  3.9611017E-03  0.0000000E+00  1.4597161E+00
 0.0000000E+00  7.5674778E-03  6.7423795E-02  1.3779873E-01  1.2951093E-01  5.5384409E-01  5.1537187E-01  6.7423795E-02  7.5674778E-03  0.0000000E+00  1.4640162E+00
 0.0000000E+00  1.0855679E-02  6.8978429E-02  1.3748037E-01  1.2936119E-01  5.5524971E-01  5.1604551E-01  6.8978429E-02  1.0855679E-02  0.0000000E+00  1.4628731E+00
 0.0000000E+00  1.3856812E-02  7.0325864E-02  1.3703134E-01  1.2907812E-01  5.5613311E-01  5.1625888E-01  7.0325864E-02  1.3856812E-02  0.0000000E+00  1.4571216E+00
 0.0000000E+00  1.6597584E-02  7.1485240E-02  1.3646399E-01  1.2867388E-01  5.5654396E-01  5.1605668E-01  7.1485240E-02  1.6597584E-02  0.0000000E+00  1.4474420E+00
 0.0000000E+00  1.9101129E-02  7.2473249E-02  1.3578920E-01  1.2815936E-01  5.5652449E-01  5.1547651E-01  7.2473249E-02  1.9101129E-02  0.0000000E+00  1.4344330E+00
 0.0000000E+00  2.1387585E-02  7.3304498E-02  1.3501622E-01  1.2754435E-01  5.5611202E-01  5.1455180E-01  7.3304498E-02  2.1387585E-02  0.0000000E+00  1.4185936E+00
 0.0000000E+00  2.3474734E-02  7.3991778E-02  1.3415412E-01  1.2683703E-01  5.5533826E-01  5.1331070E-01  7.3991778E-02  2.3474734E-02  0.0000000E+00  1.4003593E+00
 0.0000000E+00  2.5378360E-02  7.4546609E-02  1.3321017E-01  1.2604554E-01  5.5423168E-01  5.1177921E-01  7.4546609E-02  2.5378360E-02  0.0000000E+00  1.3801111E+00
 2.7436752E-03  2.7254590E-02  7.5033584E-02  1.3214711E-01  1.2514275E-01  5.5271669E-01  5.0985599E-01  7.5033584E-02  2.7254590E-02  2.7436752E-03  1.3500381E+00
 5.2681757E-03  2.8947025E-02  7.5378493E-02  1.3098296E-01  1.2413692E-01  5.5084925E-01  5.0762025E-01  7.5378493E-02  2.8947025E-02  5.2681757E-03  1.3188946E+00
 7.5879983E-03  3.0468094E-02  7.5591590E-02  1.2972535E-01  1.2303586E-01  5.4865039E-01  5.0509179E-01  7.5591590E-02  3.0468094E-02  7.5879983E-03  1.2869074E+00
 9.7164421E-03  3.1828864E-02  7.5682217E-02  1.2838353E-01  1.2184846E-01  5.4614060E-01  5.0228914E-01  7.5682217E-02  3.1828864E-02  9.7164421E-03  1.2542852E+00
 1.1665791E-02  3.3039949E-02  7.5659084E-02  1.2696331E-01  1.2058071E-01  5.4333909E-01  4.9923027E-01  7.5659084E-02  3.3039949E-02  1.1665791E-02  1.2212094E+00
 1.3447401E-02  3.4111057E-02  7.5530355E-02  1.2547213E-01  1.1923968E-01  5.4026200E-01  4.9592989E-01  7.5530355E-02  3.4111057E-02  1.3447401E-02  1.1878615E+00
 1.5071889E-02  3.5051167E-02  7.5303560E-02  1.2391651E-01  1.1783245E-01  5.3692618E-01  4.9240380E-01  7.5303560E-02  3.5051167E-02  1.5071889E-02  1.1543684E+00
 1.6548959E-02  3.5868718E-02  7.4985866E-02  1.2230172E-01  1.1636373E-01  5.3334722E-01  4.8866634E-01  7.4985866E-02  3.5868718E-02  1.6548959E-02  1.1208663E+00
 1.7887866E-02  3.6571692E-02  7.4583894E-02  1.2063393E-01  1.1484006E-01  5.2953873E-01  4.8473024E-01  7.4583894E-02  3.6571692E-02  1.7887866E-02  1.0874729E+00
 1.9097137E-02  3.7167437E-02  7.4103996E-02  1.1891876E-01  1.1326671E-01  5.2551485E-01  4.8060855E-01  7.4103996E-02  3.7167437E-02  1.9097137E-02  1.0542883E+00
 2.0184846E-02  3.7662848E-02  7.3552068E-02  1.1716020E-01  1.1164784E-01  5.2128807E-01  4.7631237E-01  7.3552068E-02  3.7662848E-02  2.0184846E-02  1.0214030E+00
 2.1158613E-02  3.8064638E-02  7.2933643E-02  1.1536369E-01  1.0998889E-01  5.1687128E-01  4.7185423E-01  7.2933643E-02  3.8064638E-02  2.1158613E-02  9.8888970E-01
 2.2025333E-02  3.8378794E-02  7.2253984E-02  1.1353433E-01  1.0829477E-01  5.1227552E-01  4.6724392E-01  7.2253984E-02  3.8378794E-02  2.2025333E-02  9.5682089E-01
 2.2791809E-02  3.8611304E-02  7.1518261E-02  1.1167518E-01  1.0656874E-01  5.0751168E-01  4.6249144E-01  7.1518261E-02  3.8611304E-02  2.2791809E-02  9.2525103E-01
 2.3464301E-02  3.8767612E-02  7.0731010E-02  1.0979079E-01  1.0481534E-01  5.0259137E-01  4.5760786E-01  7.0731010E-02  3.8767612E-02  2.3464301E-02  8.9423817E-01
 2.4048797E-02  3.8852887E-02  6.9896767E-02  1.0788442E-01  1.0303765E-01  4.9752418E-01  4.5260173E-01  6.9896767E-02  3.8852887E-02  2.4048797E-02  8.6382133E-01
 2.4550922E-02  3.8872119E-02  6.9019797E-02  1.0596097E-01  1.0124076E-01  4.9231954E-01  4.4748175E-01  6.9019797E-02  3.8872119E-02  2.4550922E-02  8.3403861E-01
 2.4975936E-02  3.8829935E-02  6.8104180E-02  1.0402323E-01  9.9427032E-02  4.8698778E-01  4.4225756E-01  6.8104180E-02  3.8829935E-02  2.4975936E-02  8.0491904E-01
 2.5328919E-02  3.8730689E-02  6.7153546E-02  1.0207408E-01  9.7599867E-02  4.8153761E-01  4.3693678E-01  6.7153546E-02  3.8730689E-02  2.5328919E-02  7.7648711E-01
 2.5614499E-02  3.8578737E-02  6.6171705E-02  1.0011681E-01  9.5762404E-02  4.7597773E-01  4.3152794E-01  6.6171705E-02  3.8578737E-02  2.5614499E-02  7.4876279E-01
 2.5837394E-02  3.8377978E-02  6.5161923E-02  9.8154216E-02  9.3917471E-02  4.7031648E-01  4.2603814E-01  6.5161923E-02  3.8377978E-02  2.5837394E-02  7.2176057E-01
 2.6001775E-02  3.8132041E-02  6.4127556E-02  9.6189603E-02  9.2068209E-02  4.6456218E-01  4.2047537E-01  6.4127556E-02  3.8132041E-02  2.6001775E-02  6.9549136E-01
 2.6111634E-02  3.7844647E-02  6.3071508E-02  9.4225617E-02  9.0217232E-02  4.5872265E-01  4.1484633E-01  6.3071508E-02  3.7844647E-02  2.6111634E-02  6.6996150E-01
 2.6170782E-02  3.7519150E-02  6.1996863E-02  9.2263857E-02  8.8366476E-02  4.5280530E-01  4.0915813E-01  6.1996863E-02  3.7519150E-02  2.6170782E-02  6.4517553E-01
 2.6183029E-02  3.7158728E-02  6.0906342E-02  9.0307334E-02  8.6518649E-02  4.4681721E-01  4.0341729E-01  6.0906342E-02  3.7158728E-02  2.6183029E-02  6.2113254E-01
 2.6151641E-02  3.6766372E-02  5.9802394E-02  8.8358117E-02  8.4675945E-02  4.4076581E-01  3.9762999E-01  5.9802394E-02  3.6766372E-02  2.6151641E-02  5.9783071E-01
 0.0000000E+00  0.0000000E+00  5.4365824E-02  1.2017233E-01  1.1177236E-01  5.7265553E-01  5.2960828E-01  5.4365824E-02  0.0000000E+00  0.0000000E+00  1.2332596E+00
 0.0000000E+00  0.0000000E+00  5.4397403E-02  1.2014847E-01  1.1175468E-01  5.7265685E-01  5.2958813E-01  5.4397403E-02  0.0000000E+00  0.0000000E+00  1.2334368E+00
 0.0000000E+00  3.0567778E-03  5.5608258E-02  1.1920943E-01  1.1105849E-01  5.7240361E-01  5.2854275E-01  5.5608258E-02  3.0567778E-03  0.0000000E+00  1.2303565E+00
 0.0000000E+00  5.8175453E-03  5.6616566E-02  1.1819983E-01  1.1028005E-01  5.7161425E-01  5.2705511E-01  5.6616566E-02  5.8175453E-03  0.0000000E+00  1.2228662E+00
 0.0000000E+00  8.3143358E-03  5.7453793E-02  1.1712029E-01  1.0942298E-01  5.7034952E-01  5.2516972E-01  5.7453793E-02  8.3143358E-03  0.0000000E+00  1.2117749E+00
 0.0000000E+00  1.0574318E-02  5.8137448E-02  1.1597861E-01  1.0849564E-01  5.6866208E-01  5.2293251E-01  5.8137448E-02  1.0574318E-02  0.0000000E+00  1.1976918E+00
 0.0000000E+00  1.2620794E-02  5.8683042E-02  1.1478162E-01  1.0750548E-01  5.6659663E-01  5.2038080E-01  5.8683042E-02  1.2620794E-02  0.0000000E+00  1.1811378E+00
 0.0000000E+00  1.4473753E-02  5.9103650E-02  1.1353500E-01  1.0645881E-01  5.6419034E-01  5.1754722E-01  5.9103650E-02  1.4473753E-02  0.0000000E+00  1.1625340E+00
 0.0000000E+00  1.6150756E-02  5.9410907E-02  1.1224399E-01  1.0536124E-01  5.6147528E-01  5.1445841E-01  5.9410907E-02  1.6150756E-02  0.0000000E+00  1.1422570E+00
 0.0000000E+00  1.7666984E-02  5.9614895E-02  1.1091435E-01  1.0421865E-01  5.5847934E-01  5.1113859E-01  5.9614895E-02  1.7666984E-02  0.0000000E+00  1.1206172E+00
 0.0000000E+00  1.9036177E-02  5.9724812E-02  1.0954888E-01  1.0303465E-01  5.5522817E-01  5.0760972E-01  5.9724812E-02  1.9036177E-02  0.0000000E+00  1.0978727E+00
 2.0242711E-03  2.0371796E-02  5.9768911E-02  1.0807685E-01  1.0175046E-01  5.5149603E-01  5.0363108E-01  5.9768911E-02  2.0371796E-02  2.0242711E-03  1.0675647E+00
 3.8733737E-03  2.1561710E-02  5.9711404E-02  1.0655188E-01  1.0040862E-01  5.4748249E-01  4.9941528E-01  5.9711404E-02  2.1561710E-02  3.8733737E-03  1.0369166E+00
 5.5597732E-03  2.2616443E-02  5.9560380E-02  1.0497980E-01  9.9015060E-02  5.4320837E-01  4.9498139E-01  5.9560380E-02  2.2616443E-02  5.5597732E-03  1.0060857E+00
 7.0949599E-03  2.3545970E-02  5.9323705E-02  1.0336561E-01  9.7575079E-02  5.3869204E-01  4.9034539E-01  5.9323705E-02  2.3545970E-02  7.0949599E-03  9.7521266E-01
 8.4894378E-03  2.4359153E-02  5.9008359E-02  1.0171546E-01  9.6094594E-02  5.3395099E-01  4.8552304E-01  5.9008359E-02  2.4359153E-02  8.4894378E-03  9.4442051E-01
 9.7529244E-03  2.5064193E-02  5.8620881E-02  1.0003341E-01  9.4577990E-02  5.2900114E-01  4.8052832E-01  5.8620881E-02  2.5064193E-02  9.7529244E-03  9.1381783E-01
 1.0894395E-02  2.5668845E-02  5.8167254E-02  9.8323693E-02  9.3029653E-02  5.2385800E-01  4.7537564E-01  5.8167254E-02  2.5668845E-02  1.0894395E-02  8.8349769E-01
 1.1922181E-02  2.6180422E-02  5.7653349E-02  9.6590576E-02  9.1453860E-02  5.1853484E-01  4.7007611E-01  5.7653349E-02  2.6180422E-02  1.1922181E-02  8.5354210E-01
 1.2843951E-02  2.6605351E-02  5.7084265E-02  9.4837915E-02  8.9854620E-02  5.1304651E-01  4.6464371E-01  5.7084265E-02  2.6605351E-02  1.2843951E-02  8.2402197E-01
 1.3666996E-02  2.6950060E-02  5.6465098E-02  9.3069277E-02  8.8235566E-02  5.0740449E-01  4.5908797E-01  5.6465098E-02  2.6950060E-02  1.3666996E-02  7.9499823E-01
 1.4398074E-02  2.7220087E-02  5.5800391E-02  9.1288100E-02  8.6600244E-02  5.0162097E-01  4.5342000E-01  5.5800391E-02  2.7220087E-02  1.4398074E-02  7.6652186E-01
 1.5043280E-02  2.7421194E-02  5.5094686E-02  8.9497618E-02  8.4951954E-02  4.9570813E-01  4.4765089E-01  5.5094686E-02  2.7421194E-02  1.5043280E-02  7.3863607E-01
 1.5608597E-02  2.7558257E-02  5.4351752E-02  8.7700715E-02  8.3293687E-02  4.8967436E-01  4.4178774E-01  5.4351752E-02  2.7558257E-02  1.5608597E-02  7.1137742E-01
 1.6099565E-02  2.7636041E-02  5.3575688E-02  8.5900250E-02  8.1628346E-02  4.8353251E-01  4.3584208E-01  5.3575688E-02  2.7636041E-02  1.6099565E-02  6.8477473E-01
 1.6521281E-02  2.7659199E-02  5.2769929E-02  8.4098948E-02  7.9958744E-02  4.7729122E-01  4.2982192E-01  5.2769929E-02  2.7659199E-02  1.6521281E-02  6.5885348E-01
 1.6878621E-02  2.7631720E-02  5.1938020E-02  8.2299316E-02  7.8287472E-02  4.7096021E-01  4.2373523E-01  5.1938020E-02  2.7631720E-02  1.6878621E-02  6.3363139E-01
 1.7176016E-02  2.7557814E-02  5.1083064E-02  8.0503548E-02  7.6616769E-02  4.6454747E-01  4.1758957E-01  5.1083064E-02  2.7557814E-02  1.7176016E-02  6.0912066E-01
 1.7418010E-02  2.7441028E-02  5.0207942E-02  7.8713860E-02  7.4948959E-02  4.5806205E-01  4.1139247E-01  5.0207942E-02  2.7441028E-02  1.7418010E-02  5.8533014E-01
 1.7608369E-02  2.7285017E-02  4.9315645E-02  7.6932425E-02  7.3286194E-02  4.5151304E-01  4.0515260E-01  4.9315645E-02  2.7285017E-02  1.7608369E-02  5.6226761E-01
 1.7750973E-02  2.7092995E-02  4.8408723E-02  7.5161039E-02  7.1630443E-02  4.4490707E-01  3.9887550E-01  4.8408723E-02  2.7092995E-02  1.7750973E-02  5.3993194E-01
 1.7849366E-02  2.6868066E-02  4.7489612E-02  7.3401586E-02  6.9983590E-02  4.3825255E-01  3.9256828E-01  4.7489612E-02  2.6868066E-02  1.7849366E-02  5.1832314E-01
 1.7906984E-02  2.6613219E-02  4.6560750E-02  7.1655706E-02  6.8347319E-02  4.3155591E-01  3.8623671E-01  4.6560750E-02  2.6613219E-02  1.7906984E-02  4.9743677E-01
 1.7926817E-02  2.6331114E-02  4.5624243E-02  6.9924886E-02  6.6723246E-02  4.2482466E-01  3.7988766E-01  4.5624243E-02  2.6331114E-02  1.7926817E-02  4.7726619E-01
 1.7912081E-02  2.6024301E-02  4.4682196E-02  6.8210633E-02  6.5112855E-02  4.1806656E-01  3.7352780E-01  4.4682196E-02  2.6024301E-02  1.7912081E-02  4.5780254E-01
 1.7865322E-02  2.5695437E-02  4.3736493E-02  6.6514342E-02  6.3517632E-02  4.1128536E-01  3.6716001E-01  4.3736493E-02  2.5695437E-02  1.7865322E-02  4.3903694E-01
 1.7789311E-02  2.5346629E-02  4.2788795E-02  6.4837080E-02  6.1938726E-02  4.0449035E-01  3.6079273E-01  4.2788795E-02  2.5346629E-02  1.7789311E-02  4.2095500E-01
 0.0000000E+00  0.0000000E+00  4.4762187E-02  1.0006547E-01  9.2551694E-02  5.9241475E-01  5.4187931E-01  4.4762187E-02  0.0000000E+00  0.0000000E+00  1.0165269E+00
 0.0000000E+00  0.0000000E+00  4.4777073E-02  1.0002619E-01  9.2519647E-02  5.9233121E-01  5.4178015E-01  4.4777073E-02  0.0000000E+00  0.0000000E+00  1.0164335E+00
 0.0000000E+00  2.2944019E-03  4.5342909E-02  9.8504158E-02  9.1277331E-02  5.8875830E-01  5.3764032E-01  4.5342909E-02  2.2944019E-03  0.0000000E+00  1.0052373E+00
 0.0000000E+00  4.3491391E-03  4.5770297E-02  9.6985796E-02  9.0021054E-02  5.8483270E-01  5.3324553E-01  4.5770297E-02  4.3491391E-03  0.0000000E+00  9.9124767E-01
 0.0000000E+00  6.1912920E-03  4.6079402E-02  9.5459704E-02  8.8743411E-02  5.8057806E-01  5.2860324E-01  4.6079402E-02  6.1912920E-03  0.0000000E+00  9.7497905E-01
 0.0000000E+00  7.8437324E-03  4.6283352E-02  9.3927628E-02  8.7447391E-02  5.7603570E-01  5.2374658E-01  4.6283352E-02  7.8437324E-03  0.0000000E+00  9.5688476E-01
 0.0000000E+00  9.3260566E-03  4.6393379E-02  9.2391123E-02  8.6135636E-02  5.7124236E-01  5.1870513E-01  4.6393379E-02  9.3260566E-03  0.0000000E+00  9.3733698E-01
 0.0000000E+00  1.0655114E-02  4.6419228E-02  9.0851742E-02  8.4810652E-02  5.6622502E-01  5.1349927E-01  4.6419228E-02  1.0655114E-02  0.0000000E+00  9.1664967E-01
 0.0000000E+00  1.1845548E-02  4.6369560E-02  8.9310875E-02  8.3474703E-02  5.6101259E-01  5.0815286E-01  4.6369560E-02  1.1845548E-02  0.0000000E+00  8.9508674E-01
 0.0000000E+00  1.2910161E-02  4.6251819E-02  8.7769802E-02  8.2129757E-02  5.5562370E-01  5.0267976E-01  4.6251819E-02  1.2910161E-02  0.0000000E+00  8.7286744E-01
 0.0000000E+00  1.3860199E-02  4.6072635E-02  8.6229829E-02  8.0777756E-02  5.5007914E-01  4.9709708E-01  4.6072635E-02  1.3860199E-02  0.0000000E+00  8.5018124E-01
 1.4467717E-03  1.4775740E-02  4.5835664E-02  8.4602616E-02  7.9343015E-02  5.4399755E-01  4.9102423E-01  4.5835664E-02  1.4775740E-02  1.4467717E-03  8.2182449E-01
 2.7576401E-03  1.5579088E-02  4.5531295E-02  8.2960520E-02  7.7886481E-02  5.3772781E-01  4.8480797E-01  4.5531295E-02  1.5579088E-02  2.7576401E-03  7.9359497E-01
 3.9430800E-03  1.6279312E-02  4.5165891E-02  8.1307091E-02  7.6412047E-02  5.3128692E-01  4.7846240E-01  4.5165891E-02  1.6279312E-02  3.9430800E-03  7.6559821E-01
 5.0126189E-03  1.6884395E-02  4.4745270E-02  7.9645473E-02  7.4923202E-02  5.2469138E-01  4.7200217E-01  4.4745270E-02  1.6884395E-02  5.0126189E-03  7.3792762E-01
 5.9749997E-03  1.7401916E-02  4.4274981E-02  7.7978591E-02  7.3423109E-02  5.1795686E-01  4.6544003E-01  4.4274981E-02  1.7401916E-02  5.9749997E-03  7.1066168E-01
 6.8382745E-03  1.7838777E-02  4.3759896E-02  7.6309318E-02  7.1914852E-02  5.1109769E-01  4.5878871E-01  4.3759896E-02  1.7838777E-02  6.8382745E-03  6.8386670E-01
 7.6098194E-03  1.8201340E-02  4.3204751E-02  7.4640174E-02  7.0401323E-02  5.0412655E-01  4.5205853E-01  4.3204751E-02  1.8201340E-02  7.6098194E-03  6.5759953E-01
 8.2964686E-03  1.8495287E-02  4.2613608E-02  7.2973623E-02  6.8885065E-02  4.9705508E-01  4.4525952E-01  4.2613608E-02  1.8495287E-02  8.2964686E-03  6.3190889E-01
 8.9045558E-03  1.8726304E-02  4.1990526E-02  7.1311889E-02  6.7368592E-02  4.8989569E-01  4.3840226E-01  4.1990526E-02  1.8726304E-02  8.9045558E-03  6.0683267E-01
 9.4399140E-03  1.8899262E-02  4.1339294E-02  6.9657030E-02  6.5854176E-02  4.8265894E-01  4.3149516E-01  4.1339294E-02  1.8899262E-02  9.4399140E-03  5.8240335E-01
 9.9079836E-03  1.9019034E-02  4.0663160E-02  6.8011024E-02  6.4343899E-02  4.7535616E-01  4.2454851E-01  4.0663160E-02  1.9019034E-02  9.9079836E-03  5.5864529E-01
 1.0313826E-02  1.9089814E-02  3.9965373E-02  6.6375579E-02  6.2839708E-02  4.6799546E-01  4.1756911E-01  3.9965373E-02  1.9089814E-02  1.0313826E-02  5.3557879E-01
 1.0662138E-02  1.9115663E-02  3.9248909E-02  6.4752536E-02  6.1343550E-02  4.6058658E-01  4.1056482E-01  3.9248909E-02  1.9115663E-02  1.0662138E-02  5.1321468E-01
 1.0957290E-02  1.9100370E-02  3.8516612E-02  6.3143358E-02  5.9857074E-02  4.5313896E-01  4.0354377E-01  3.8516612E-02  1.9100370E-02  1.0957290E-02  4.9156243E-01
 1.1203370E-02  1.9047725E-02  3.7770780E-02  6.1549537E-02  5.8381904E-02  4.4566045E-01  3.9651302E-01  3.7770780E-02  1.9047725E-02  1.1203370E-02  4.7062746E-01
 1.1404193E-02  1.8960704E-02  3.7014123E-02  5.9972346E-02  5.6919471E-02  4.3815807E-01  3.8947771E-01  3.7014123E-02  1.8960704E-02  1.1404193E-02  4.5041112E-01
 1.1563307E-02  1.8842421E-02  3.6248668E-02  5.8413085E-02  5.5471182E-02  4.3063910E-01  3.8244410E-01  3.6248668E-02  1.8842421E-02  1.1563307E-02  4.3090935E-01
 1.1684052E-02  1.8695989E-02  3.5476582E-02  5.6872866E-02  5.4038227E-02  4.2311357E-01  3.7542113E-01  3.5476582E-02  1.8695989E-02  1.1684052E-02  4.1211673E-01
 1.1769517E-02  1.8523843E-02  3.4699759E-02  5.5352664E-02  5.2621795E-02  4.1558469E-01  3.6841097E-01  3.4699759E-02  1.8523843E-02  1.1769517E-02  3.9402650E-01
 1.1822608E-02  1.8328690E-02  3.3920094E-02  5.3853455E-02  5.1222940E-02  4.0806058E-01  3.6142040E-01  3.3920094E-02  1.8328690E-02  1.1822608E-02  3.7662648E-01
 1.1846035E-02  1.8112695E-02  3.3138940E-02  5.2376160E-02  4.9842636E-02  4.0054772E-01  3.5445512E-01  3.3138940E-02  1.8112695E-02  1.1846035E-02  3.5990719E-01
 1.1842340E-02  1.7878160E-02  3.2358057E-02  5.0921431E-02  4.8481720E-02  3.9305206E-01  3.4752001E-01  3.2358057E-02  1.7878160E-02  1.1842340E-02  3.4385240E-01
 1.1813879E-02  1.7627113E-02  3.1578798E-02  4.9490053E-02  4.7141032E-02  3.8557818E-01  3.4061860E-01  3.1578798E-02  1.7627113E-02  1.1813879E-02  3.2844857E-01
 1.1762872E-02  1.7361315E-02  3.0802517E-02  4.8082596E-02  4.5821218E-02  3.7813258E-01  3.3375659E-01  3.0802517E-02  1.7361315E-02  1.1762872E-02  3.1367946E-01
 1.1691388E-02  1.7082660E-02  3.0030295E-02  4.6699466E-02  4.4522820E-02  3.7071849E-01  3.2693614E-01  3.0030295E-02  1.7082660E-02  1.1691388E-02  2.9952748E-01
 1.1601349E-02  1.6792773E-02  2.9263352E-02  4.5341450E-02  4.3246676E-02  3.6334375E-01  3.2016432E-01  2.9263352E-02  1.6792773E-02  1.1601349E-02  2.8597639E-01
 0.0000000E+00  0.0000000E+00  4.1492381E-02  9.3001988E-02  8.5917803E-02  5.9754213E-01  5.4430595E-01  4.1492381E-02  0.0000000E+00  0.0000000E+00  9.4636516E-01
 0.0000000E+00  0.0000000E+00  4.1502942E-02  9.2959711E-02  8.5882829E-02  5.9742712E-01  5.4417792E-01  4.1502942E-02  0.0000000E+00  0.0000000E+00  9.4621326E-01
 0.0000000E+00  2.0723117E-03  4.1901928E-02  9.1325046E-02  8.4531175E-02  5.9265305E-01  5.3894985E-01  4.1901928E-02  2.0723117E-03  0.0000000E+00  9.3338292E-01
 0.0000000E+00  3.9224468E-03  4.2180987E-02  8.9713344E-02  8.3183465E-02  5.8760258E-01  5.3354105E-01  4.2180987E-02  3.9224468E-03  0.0000000E+00  9.1816127E-01
 0.0000000E+00  5.5758665E-03  4.2357333E-02  8.8110418E-02  8.1829727E-02  5.8228074E-01  5.2794212E-01  4.2357333E-02  5.5758665E-03  0.0000000E+00  9.0099532E-01
 0.0000000E+00  7.0540969E-03  4.2442686E-02  8.6516284E-02  8.0471394E-02  5.7672767E-01  5.2218384E-01  4.2442686E-02  7.0540969E-03  0.0000000E+00  8.8229448E-01
 0.0000000E+00  8.3754959E-03  4.2446881E-02  8.4930955E-02  7.9109752E-02  5.7097192E-01  5.1628827E-01  4.2446881E-02  8.3754959E-03  0.0000000E+00  8.6239580E-01
 0.0000000E+00  9.5559334E-03  4.2378744E-02  8.3354791E-02  7.7746179E-02  5.6504177E-01  5.1027632E-01  4.2378744E-02  9.5559334E-03  0.0000000E+00  8.4158285E-01
 0.0000000E+00  1.0609109E-02  4.2245941E-02  8.1788119E-02  7.6381938E-02  5.5895916E-01  5.0416512E-01  4.2245941E-02  1.0609109E-02  0.0000000E+00  8.2009142E-01
 0.0000000E+00  1.1547059E-02  4.2054983E-02  8.0231297E-02  7.5018262E-02  5.5274312E-01  4.9796890E-01  4.2054983E-02  1.1547059E-02  0.0000000E+00  7.9812259E-01
 0.0000000E+00  1.2380315E-02  4.1811946E-02  7.8684823E-02  7.3656246E-02  5.4641098E-01  4.9170072E-01  4.1811946E-02  1.2380315E-02  0.0000000E+00  7.7584274E-01
 1.2832943E-03  1.3179415E-02  4.1514660E-02  7.7058393E-02  7.2218094E-02  5.3952824E-01  4.8493431E-01  4.1514660E-02  1.3179415E-02  1.2832943E-03  7.4844463E-01
 2.4425673E-03  1.3876498E-02  4.1159652E-02  7.5427020E-02  7.0767668E-02  5.3249293E-01  4.7805864E-01  4.1159652E-02  1.3876498E-02  2.4425673E-03  7.2128378E-01
 3.4876128E-03  1.4479954E-02  4.0752998E-02  7.3793400E-02  6.9308061E-02  5.2532209E-01  4.7108847E-01  4.0752998E-02  1.4479954E-02  3.4876128E-03  6.9445131E-01
 4.4273566E-03  1.4997276E-02  4.0299763E-02  7.2160198E-02  6.7842249E-02  5.1803102E-01  4.6403601E-01  4.0299763E-02  1.4997276E-02  4.4273566E-03  6.6802970E-01
 5.2699723E-03  1.5435611E-02  3.9804864E-02  7.0529848E-02  6.6373006E-02  5.1063532E-01  4.5691457E-01  3.9804864E-02  1.5435611E-02  5.2699723E-03  6.4208548E-01
 6.0229392E-03  1.5801469E-02  3.9272786E-02  6.8904351E-02  6.4902672E-02  5.0314597E-01  4.4973345E-01  3.9272786E-02  1.5801469E-02  6.0229392E-03  6.1667362E-01
 6.6931722E-03  1.6100347E-02  3.8707725E-02  6.7285995E-02  6.3433733E-02  4.9557653E-01  4.4250366E-01  3.8707725E-02  1.6100347E-02  6.6931722E-03  5.9184477E-01
 7.2869930E-03  1.6338176E-02  3.8113586E-02  6.5676577E-02  6.1968297E-02  4.8793740E-01  4.3523362E-01  3.8113586E-02  1.6338176E-02  7.2869930E-03  5.6763508E-01
 7.8103042E-03  1.6519730E-02  3.7493841E-02  6.4077863E-02  6.0508358E-02  4.8023956E-01  4.2793259E-01  3.7493841E-02  1.6519730E-02  7.8103042E-03  5.4407638E-01
 8.2685017E-03  1.6649784E-02  3.6851673E-02  6.2491478E-02  5.9055766E-02  4.7249397E-01  4.2060987E-01  3.6851673E-02  1.6649784E-02  8.2685017E-03  5.2119328E-01
 8.6666342E-03  1.6732677E-02  3.6190264E-02  6.0919013E-02  5.7612254E-02  4.6471018E-01  4.1327328E-01  3.6190264E-02  1.6732677E-02  8.6666342E-03  4.9900022E-01
 9.0093601E-03  1.6772460E-02  3.5512509E-02  5.9362006E-02  5.6179615E-02  4.5689539E-01  4.0592862E-01  3.5512509E-02  1.6772460E-02  9.0093601E-03  4.7751312E-01
 9.3010047E-03  1.6772749E-02  3.4820721E-02  5.7821528E-02  5.4759090E-02  4.4905972E-01  3.9858459E-01  3.4820721E-02  1.6772749E-02  9.3010047E-03  4.5673923E-01
 9.5455898E-03  1.6737162E-02  3.4117794E-02  5.6298883E-02  5.3352123E-02  4.4121067E-01  3.9124671E-01  3.4117794E-02  1.6737162E-02  9.5455898E-03  4.3667854E-01
 9.7468767E-03  1.6668735E-02  3.3405463E-02  5.4795116E-02  5.1959987E-02  4.3335575E-01  3.8392193E-01  3.3405463E-02  1.6668735E-02  9.7468767E-03  4.1733538E-01
 9.9083518E-03  1.6570797E-02  3.2686333E-02  5.3311355E-02  5.0583866E-02  4.2550161E-01  3.7661518E-01  3.2686333E-02  1.6570797E-02  9.9083518E-03  3.9870108E-01
 1.0033270E-02  1.6445807E-02  3.1961996E-02  5.1848499E-02  4.9224886E-02  4.1765603E-01  3.6933314E-01  3.1961996E-02  1.6445807E-02  1.0033270E-02  3.8077275E-01
 1.0124626E-02  1.6296657E-02  3.1234331E-02  5.0407302E-02  4.7883885E-02  4.0982451E-01  3.6208044E-01  3.1234331E-02  1.6296657E-02  1.0124626E-02  3.6353881E-01
 1.0185270E-02  1.6125663E-02  3.0504930E-02  4.8988489E-02  4.6561731E-02  4.0201513E-01  3.5486347E-01  3.0504930E-02  1.6125663E-02  1.0185270E-02  3.4698913E-01
 1.0217834E-02  1.5934994E-02  2.9775529E-02  4.7592785E-02  4.5259288E-02  3.9423136E-01  3.4768454E-01  2.9775529E-02  1.5934994E-02  1.0217834E-02  3.3110925E-01
 1.0224763E-02  1.5726821E-02  2.9047285E-02  4.6220856E-02  4.3977338E-02  3.8648069E-01  3.4055062E-01  2.9047285E-02  1.5726821E-02  1.0224763E-02  3.1588615E-01
 1.0208329E-02  1.5503314E-02  2.8321790E-02  4.4873080E-02  4.2716370E-02  3.7876660E-01  3.3346404E-01  2.8321790E-02  1.5503314E-02  1.0208329E-02  3.0130248E-01
 1.0170673E-02  1.5265919E-02  2.7599912E-02  4.3550007E-02  4.1476992E-02  3.7109544E-01  3.2643000E-01  2.7599912E-02  1.5265919E-02  1.0170673E-02  2.8734230E-01
 1.0113776E-02  1.5016661E-02  2.6882952E-02  4.2251986E-02  4.0259722E-02  3.6347212E-01  3.1945229E-01  2.6882952E-02  1.5016661E-02  1.0113776E-02  2.7398683E-01
 1.0039505E-02  1.4756843E-02  2.6171924E-02  4.0979336E-02  3.9064965E-02  3.5589980E-01  3.1253351E-01  2.6171924E-02  1.4756843E-02  1.0039505E-02  2.6121725E-01
 9.9495524E-03  1.4488200E-02  2.5467550E-02  3.9732319E-02  3.7893039E-02  3.4838398E-01  3.0567831E-01  2.5467550E-02  1.4488200E-02  9.9495524E-03  2.4901620E-01
 0.0000000E+00  0.0000000E+00  3.8207802E-02  8.5838165E-02  7.9238827E-02  6.0164521E-01  5.4564968E-01  3.8207802E-02  0.0000000E+00  0.0000000E+00  8.7811498E-01
 0.0000000E+00  0.0000000E+00  3.8214761E-02  8.5793835E-02  7.9201818E-02  6.0149850E-01  5.4549329E-01  3.8214761E-02  0.0000000E+00  0.0000000E+00  8.7791549E-01
 0.0000000E+00  1.8658466E-03  3.8471151E-02  8.4086974E-02  7.7776332E-02  5.9548015E-01  5.3915453E-01  3.8471151E-02  1.8658466E-03  0.0000000E+00  8.6387591E-01
 0.0000000E+00  3.5261948E-03  3.8624552E-02  8.2419386E-02  7.6370180E-02  5.8926704E-01  5.3271361E-01  3.8624552E-02  3.5261948E-03  0.0000000E+00  8.4778737E-01
 0.0000000E+00  5.0049207E-03  3.8689500E-02  8.0774480E-02  7.4971037E-02  5.8284852E-01  5.2614563E-01  3.8689500E-02  5.0049207E-03  0.0000000E+00  8.3003802E-01
 0.0000000E+00  6.3222509E-03  3.8676201E-02  7.9150603E-02  7.3578855E-02  5.7625728E-01  5.1947511E-01  3.8676201E-02  6.3222509E-03  0.0000000E+00  8.1100208E-01
 0.0000000E+00  7.4954121E-03  3.8593624E-02  7.7546935E-02  7.2194144E-02  5.6952106E-01  5.1272226E-01  3.8593624E-02  7.4954121E-03  0.0000000E+00  7.9098883E-01
 0.0000000E+00  8.5392650E-03  3.8449502E-02  7.5962406E-02  7.0817045E-02  5.6266021E-01  5.0590074E-01  3.8449502E-02  8.5392650E-03  0.0000000E+00  7.7025652E-01
 0.0000000E+00  9.4666600E-03  3.8250483E-02  7.4396533E-02  6.9448043E-02  5.5569601E-01  4.9902639E-01  3.8250483E-02  9.4666600E-03  0.0000000E+00  7.4901699E-01
 0.0000000E+00  1.0288855E-02  3.8002443E-02  7.2848955E-02  6.8087654E-02  5.4864478E-01  4.9211071E-01  3.8002443E-02  1.0288855E-02  0.0000000E+00  7.2745117E-01
 0.0000000E+00  1.1015684E-02  3.7710641E-02  7.1319215E-02  6.6736179E-02  5.4151918E-01  4.8516271E-01  3.7710641E-02  1.1015684E-02  0.0000000E+00  7.0570907E-01
 1.1332862E-03  1.1709081E-02  3.7368273E-02  6.9717171E-02  6.5315514E-02  5.3383226E-01  4.7771057E-01  3.7368273E-02  1.1709081E-02  1.1332862E-03  6.7936494E-01
 2.1537826E-03  1.2309989E-02  3.6977348E-02  6.8118629E-02  6.3890729E-02  5.2603353E-01  4.7018776E-01  3.6977348E-02  1.2309989E-02  2.1537826E-03  6.5334864E-01
 3.0706468E-03  1.2826232E-02  3.6542970E-02  6.6525605E-02  6.2464290E-02  5.1813781E-01  4.6260731E-01  3.6542970E-02  1.2826232E-02  3.0706468E-03  6.2774368E-01
 3.8922075E-03  1.3264940E-02  3.6069777E-02  6.4940238E-02  6.1038701E-02  5.1015960E-01  4.5497945E-01  3.6069777E-02  1.3264940E-02  3.8922075E-03  6.0261655E-01
 4.6260576E-03  1.3632592E-02  3.5562410E-02  6.3364263E-02  5.9616091E-02  5.0211095E-01  4.4731534E-01  3.5562410E-02  1.3632592E-02  4.6260576E-03  5.7802757E-01
 5.2791867E-03  1.3935203E-02  3.5024734E-02  6.1799448E-02  5.8198558E-02  4.9400356E-01  4.3962336E-01  3.5024734E-02  1.3935203E-02  5.2791867E-03  5.5402465E-01
 5.8579812E-03  1.4178248E-02  3.4460305E-02  6.0247372E-02  5.6787924E-02  4.8584980E-01  4.3191436E-01  3.4460305E-02  1.4178248E-02  5.8579812E-03  5.3064339E-01
 6.3683485E-03  1.4366814E-02  3.3872990E-02  5.8709584E-02  5.5386044E-02  4.7766016E-01  4.2419639E-01  3.3872990E-02  1.4366814E-02  6.3683485E-03  5.0791779E-01
 6.8157008E-03  1.4505555E-02  3.3265417E-02  5.7187264E-02  5.3994366E-02  4.6944234E-01  4.1647567E-01  3.3265417E-02  1.4505555E-02  6.8157008E-03  4.8586796E-01
 7.2050638E-03  1.4598786E-02  3.2640989E-02  5.5681836E-02  5.2614558E-02  4.6120747E-01  4.0876118E-01  3.2640989E-02  1.4598786E-02  7.2050638E-03  4.6451400E-01
 7.5410612E-03  1.4650512E-02  3.2002025E-02  5.4194354E-02  5.1247885E-02  4.5296386E-01  4.0106006E-01  3.2002025E-02  1.4650512E-02  7.5410612E-03  4.4386364E-01
 7.8279766E-03  1.4664414E-02  3.1351308E-02  5.2725966E-02  4.9895677E-02  4.4471863E-01  3.9337757E-01  3.1351308E-02  1.4664414E-02  7.8279766E-03  4.2392771E-01
 8.0697995E-03  1.4643940E-02  3.0690849E-02  5.1277477E-02  4.8558981E-02  4.3648041E-01  3.8572056E-01  3.0690849E-02  1.4643940E-02  8.0697995E-03  4.0470466E-01
 8.2702258E-03  1.4592260E-02  3.0023122E-02  4.9849879E-02  4.7238971E-02  4.2825569E-01  3.7809489E-01  3.0023122E-02  1.4592260E-02  8.2702258E-03  3.8619603E-01
 8.4326421E-03  1.4512312E-02  2.9349674E-02  4.8443977E-02  4.5936542E-02  4.2005186E-01  3.7050554E-01  2.9349674E-02  1.4512312E-02  8.4326421E-03  3.6839256E-01
 8.5602648E-03  1.4406849E-02  2.8672669E-02  4.7060487E-02  4.4652682E-02  4.1187448E-01  3.6295778E-01  2.8672669E-02  1.4406849E-02  8.5602648E-03  3.5129115E-01
 8.6560167E-03  1.4278391E-02  2.7993653E-02  4.5699995E-02  4.3388039E-02  4.0373066E-01  3.5545687E-01  2.7993653E-02  1.4278391E-02  8.6560167E-03  3.3487787E-01
 8.7226502E-03  1.4129320E-02  2.7314019E-02  4.4363092E-02  4.2143415E-02  3.9562470E-01  3.4800625E-01  2.7314019E-02  1.4129320E-02  8.7226502E-03  3.1914190E-01
 8.7627324E-03  1.3961801E-02  2.6635313E-02  4.3050244E-02  4.0919427E-02  3.8756340E-01  3.4061147E-01  2.6635313E-02  1.3961801E-02  8.7627324E-03  3.0406779E-01
 8.7786137E-03  1.3777875E-02  2.5958926E-02  4.1761977E-02  3.9716631E-02  3.7955201E-01  3.3327659E-01  2.5958926E-02  1.3777875E-02  8.7786137E-03  2.8964007E-01
 8.7725055E-03  1.3579428E-02  2.5285942E-02  4.0498571E-02  3.8535519E-02  3.7159422E-01  3.2600408E-01  2.5285942E-02  1.3579428E-02  8.7725055E-03  2.7584326E-01
 8.7464490E-03  1.3368192E-02  2.4617287E-02  3.9260275E-02  3.7376462E-02  3.6369560E-01  3.1879921E-01  2.4617287E-02  1.3368192E-02  8.7464490E-03  2.6265728E-01
 8.7023617E-03  1.3145792E-02  2.3954199E-02  3.8047524E-02  3.6239953E-02  3.5585922E-01  3.1166354E-01  2.3954199E-02  1.3145792E-02  8.7023617E-03  2.5006511E-01
 8.6420065E-03  1.2913727E-02  2.3297452E-02  3.6860317E-02  3.5126146E-02  3.4809032E-01  3.0460111E-01  2.3297452E-02  1.2913727E-02  8.6420065E-03  2.3804510E-01
 8.5670225E-03  1.2673388E-02  2.2647972E-02  3.5698843E-02  3.4035318E-02  3.4039293E-01  2.9761562E-01  2.2647972E-02  1.2673388E-02  8.5670225E-03  2.2658024E-01
 8.4789253E-03  1.2426029E-02  2.2006379E-02  3.4563225E-02  3.2967653E-02  3.3276982E-01  2.9070895E-01  2.2006379E-02  1.2426029E-02  8.4789253E-03  2.1565042E-01
 0.0000000E+00  0.0000000E+00  3.4924869E-02  7.8633099E-02  7.2563417E-02  6.0451749E-01  5.4574205E-01  3.4924869E-02  0.0000000E+00  0.0000000E+00  8.1225449E-01
 0.0000000E+00  0.0000000E+00  3.4928670E-02  7.8587953E-02  7.2525418E-02  6.0433758E-01  5.4555665E-01  3.4928670E-02  0.0000000E+00  0.0000000E+00  8.1201811E-01
 0.0000000E+00  1.6745615E-03  3.5066530E-02  7.6847798E-02  7.1060260E-02  5.9703580E-01  5.3808896E-01  3.5066530E-02  1.6745615E-03  0.0000000E+00  7.9711806E-01
 0.0000000E+00  3.1593763E-03  3.5116615E-02  7.5159914E-02  6.9626803E-02  5.8962723E-01  5.3060244E-01  3.5116615E-02  3.1593763E-03  0.0000000E+00  7.8045592E-01
 0.0000000E+00  4.4768920E-03  3.5090994E-02  7.3505869E-02  6.8211080E-02  5.8208559E-01  5.2305724E-01  3.5090994E-02  4.4768920E-03  0.0000000E+00  7.6237717E-01
 0.0000000E+00  5.6460518E-03  3.4998592E-02  7.1883005E-02  6.6812113E-02  5.7443724E-01  5.1547164E-01  3.4998592E-02  5.6460518E-03  0.0000000E+00  7.4322232E-01
 0.0000000E+00  6.6830386E-03  3.4847343E-02  7.0289221E-02  6.5429193E-02  5.6670326E-01  5.0785926E-01  3.4847343E-02  6.6830386E-03  0.0000000E+00  7.2328065E-01
 0.0000000E+00  7.6017539E-03  3.4644191E-02  6.8722745E-02  6.4061777E-02  5.5890274E-01  5.0023242E-01  3.4644191E-02  7.6017539E-03  0.0000000E+00  7.0278688E-01
 0.0000000E+00  8.4142150E-03  3.4395085E-02  6.7182268E-02  6.2709686E-02  5.5105119E-01  4.9260207E-01  3.4395085E-02  8.4142150E-03  0.0000000E+00  6.8193441E-01
 0.0000000E+00  9.1309349E-03  3.4104986E-02  6.5666873E-02  6.1372847E-02  5.4316141E-01  4.8497523E-01  3.4104986E-02  9.1309349E-03  0.0000000E+00  6.6088854E-01
 0.0000000E+00  9.7611043E-03  3.3778851E-02  6.4175479E-02  6.0051017E-02  5.3524397E-01  4.7735953E-01  3.3778851E-02  9.7611043E-03  0.0000000E+00  6.3978317E-01
 9.9607194E-04  1.0358809E-02  3.3405936E-02  6.2619083E-02  5.8666579E-02  5.2675990E-01  4.6923930E-01  3.3405936E-02  1.0358809E-02  9.9607194E-04  6.1455689E-01
 1.8899627E-03  1.0873021E-02  3.2992523E-02  6.1073147E-02  5.7284904E-02  5.1820552E-01  4.6108692E-01  3.2992523E-02  1.0873021E-02  1.8899627E-03  5.8973724E-01
 2.6901751E-03  1.1311014E-02  3.2543075E-02  5.9539165E-02  5.5907970E-02  5.0959599E-01  4.5291529E-01  3.2543075E-02  1.1311014E-02  2.6901751E-03  5.6539366E-01
 3.4044817E-03  1.1679416E-02  3.2061890E-02  5.8018761E-02  5.4537791E-02  5.0094352E-01  4.4473371E-01  3.2061890E-02  1.1679416E-02  3.4044817E-03  5.4158895E-01
 4.0399406E-03  1.1984293E-02  3.1552934E-02  5.6513162E-02  5.3175948E-02  4.9225866E-01  4.3654981E-01  3.1552934E-02  1.1984293E-02  4.0399406E-03  5.1837105E-01
 4.6030317E-03  1.2231184E-02  3.1019680E-02  5.5023694E-02  5.1824092E-02  4.8355296E-01  4.2837353E-01  3.1019680E-02  1.2231184E-02  4.6030317E-03  4.9577964E-01
 5.0996560E-03  1.2425212E-02  3.0465763E-02  5.3551453E-02  5.0483770E-02  4.7483762E-01  4.2021349E-01  3.0465763E-02  1.2425212E-02  5.0996560E-03  4.7384446E-01
 5.5352850E-03  1.2571022E-02  2.9893828E-02  5.2097598E-02  4.9156304E-02  4.6611858E-01  4.1207368E-01  2.9893828E-02  1.2571022E-02  5.5352850E-03  4.5259032E-01
 5.9149106E-03  1.2672929E-02  2.9306852E-02  5.0663224E-02  4.7843079E-02  4.5740740E-01  4.0396404E-01  2.9306852E-02  1.2672929E-02  5.9149106E-03  4.3203208E-01
 6.2431449E-03  1.2734899E-02  2.8707312E-02  4.9248927E-02  4.6544984E-02  4.4870999E-01  3.9588855E-01  2.8707312E-02  1.2734899E-02  6.2431449E-03  4.1218132E-01
 6.5242358E-03  1.2760603E-02  2.8097689E-02  4.7855737E-02  4.5263306E-02  4.4003494E-01  3.8785353E-01  2.8097689E-02  1.2760603E-02  6.5242358E-03  3.9304300E-01
 6.7621176E-03  1.2753413E-02  2.7480132E-02  4.6484415E-02  4.3998936E-02  4.3138984E-01  3.7986625E-01  2.7480132E-02  1.2753413E-02  6.7621176E-03  3.7461878E-01
 6.9604268E-03  1.2716452E-02  2.6856624E-02  4.5135559E-02  4.2752763E-02  4.2277929E-01  3.7192871E-01  2.6856624E-02  1.2716452E-02  6.9604268E-03  3.5690534E-01
 7.1225025E-03  1.2652614E-02  2.6228984E-02  4.3809765E-02  4.1525513E-02  4.1421188E-01  3.6404888E-01  2.6228984E-02  1.2652614E-02  7.1225025E-03  3.3989772E-01
 7.2514688E-03  1.2564559E-02  2.5598864E-02  4.2507599E-02  4.0317944E-02  4.0569089E-01  3.5622840E-01  2.5598864E-02  1.2564559E-02  7.2514688E-03  3.2358436E-01
 7.3502184E-03  1.2454784E-02  2.4967918E-02  4.1229392E-02  3.9130551E-02  3.9722525E-01  3.4847491E-01  2.4967918E-02  1.2454784E-02  7.3502184E-03  3.0795700E-01
 7.4213961E-03  1.2325553E-02  2.4337468E-02  3.9975709E-02  3.7964092E-02  3.8881724E-01  3.4078940E-01  2.4337468E-02  1.2325553E-02  7.4213961E-03  2.9299909E-01
 7.4674980E-03  1.2178999E-02  2.3708836E-02  3.8746716E-02  3.6818895E-02  3.8047248E-01  3.3317620E-01  2.3708836E-02  1.2178999E-02  7.4674980E-03  2.7869577E-01
 7.4908052E-03  1.2017072E-02  2.3083179E-02  3.7542878E-02  3.5695489E-02  3.7219724E-01  3.2564059E-01  2.3083179E-02  1.2017072E-02  7.4908052E-03  2.6503215E-01
 7.4934334E-03  1.1841574E-02  2.2461655E-02  3.6364262E-02  3.4594136E-02  3.6399282E-01  3.1818293E-01  2.2461655E-02  1.1841574E-02  7.4934334E-03  2.5198676E-01
 7.4773664E-03  1.1654175E-02  2.1845255E-02  3.5211134E-02  3.3515231E-02  3.5586550E-01  3.1080851E-01  2.1845255E-02  1.1654175E-02  7.4773664E-03  2.3954305E-01
 7.4444223E-03  1.1456427E-02  2.1234640E-02  3.4083430E-02  3.2458839E-02  3.4781824E-01  3.0351933E-01  2.1234640E-02  1.1456427E-02  7.4444223E-03  2.2768119E-01
 7.3962872E-03  1.1249754E-02  2.0630968E-02  3.2981382E-02  3.1425225E-02  3.3985566E-01  2.9631903E-01  2.0630968E-02  1.1249754E-02  7.3962872E-03  2.1638135E-01
 7.3345315E-03  1.1035460E-02  2.0034735E-02  3.1905057E-02  3.0414649E-02  3.3198006E-01  2.8920862E-01  2.0034735E-02  1.1035460E-02  7.3345315E-03  2.0562204E-01
 7.2606098E-03  1.0814786E-02  1.9446601E-02  3.0854325E-02  2.9427080E-02  3.2419408E-01  2.8219042E-01  1.9446601E-02  1.0814786E-02  7.2606098E-03  1.9538342E-01
 7.1758445E-03  1.0588806E-02  1.8867063E-02  2.9829087E-02  2.8462448E-02  3.1650168E-01  2.7526709E-01  1.8867063E-02  1.0588806E-02  7.1758445E-03  1.8564400E-01
 0.0000000E+00  0.0000000E+00  3.1662858E-02  7.1450402E-02  6.5942965E-02  6.0591743E-01  5.4438701E-01  3.1662858E-02  0.0000000E+00  0.0000000E+00  7.4919846E-01
 0.0000000E+00  0.0000000E+00  3.1664095E-02  7.1405245E-02  6.5904722E-02  6.0570327E-01  5.4417181E-01  3.1664095E-02  0.0000000E+00  0.0000000E+00  7.4893342E-01
 0.0000000E+00  1.4978068E-03  3.1706678E-02  6.9668414E-02  6.4431907E-02  5.9708319E-01  5.3556245E-01  3.1706678E-02  1.4978068E-03  0.0000000E+00  7.3344266E-01
 0.0000000E+00  2.8207253E-03  3.1674697E-02  6.7993409E-02  6.3000278E-02  5.8845482E-01  5.2702500E-01  3.1674697E-02  2.8207253E-03  0.0000000E+00  7.1643409E-01
 0.0000000E+00  3.9898389E-03  3.1578222E-02  6.6360806E-02  6.1594804E-02  5.7977244E-01  5.1850269E-01  3.1578222E-02  3.9898389E-03  0.0000000E+00  6.9821341E-01
 0.0000000E+00  5.0229333E-03  3.1425205E-02  6.4766951E-02  6.0213662E-02  5.7105258E-01  5.1000372E-01  3.1425205E-02  5.0229333E-03  0.0000000E+00  6.7910395E-01
 0.0000000E+00  5.9351515E-03  3.1222713E-02  6.3209033E-02  5.8855423E-02  5.6231563E-01  5.0154127E-01  3.1222713E-02  5.9351515E-03  0.0000000E+00  6.5936900E-01
 0.0000000E+00  6.7394979E-03  3.0976755E-02  6.1684661E-02  5.7518942E-02  5.5357285E-01  4.9312000E-01  3.0976755E-02  6.7394979E-03  0.0000000E+00  6.3922942E-01
 0.0000000E+00  7.4472280E-03  3.0692455E-02  6.0191835E-02  5.6203394E-02  5.4483620E-01  4.8474737E-01  3.0692455E-02  7.4472280E-03  0.0000000E+00  6.1886543E-01
 0.0000000E+00  8.0681484E-03  3.0374582E-02  5.8728974E-02  5.4908062E-02  5.3611339E-01  4.7642627E-01  3.0374582E-02  8.0681484E-03  0.0000000E+00  5.9842194E-01
 0.0000000E+00  8.6108110E-03  3.0027202E-02  5.7294921E-02  5.3632688E-02  5.2741323E-01  4.6816205E-01  3.0027202E-02  8.6108110E-03  0.0000000E+00  5.7802438E-01
 8.7094946E-04  9.1222165E-03  2.9637238E-02  5.5803109E-02  5.2301284E-02  5.1814379E-01  4.5939457E-01  2.9637238E-02  9.1222165E-03  8.7094946E-04  5.5395159E-01
 1.6496806E-03  9.5585446E-03  2.9213702E-02  5.4327292E-02  5.0978268E-02  5.0885176E-01  4.5063907E-01  2.9213702E-02  9.5585446E-03  1.6496806E-03  5.3035411E-01
 2.3441110E-03  9.9265806E-03  2.8760659E-02  5.2868464E-02  4.9665121E-02  4.9954912E-01  4.4190478E-01  2.8760659E-02  9.9265806E-03  2.3441110E-03  5.0729024E-01
 2.9614445E-03  1.0232491E-02  2.8282172E-02  5.1427761E-02  4.8363356E-02  4.9024434E-01  4.3319738E-01  2.8282172E-02  1.0232491E-02  2.9614445E-03  4.8481476E-01
 3.5082417E-03  1.0481912E-02  2.7781598E-02  5.0006000E-02  4.7074278E-02  4.8094939E-01  4.2452608E-01  2.7781598E-02  1.0481912E-02  3.5082417E-03  4.6296832E-01
 3.9904573E-03  1.0679951E-02  2.7262117E-02  4.8604210E-02  4.5799154E-02  4.7167415E-01  4.1589869E-01  2.7262117E-02  1.0679951E-02  3.9904573E-03  4.4178094E-01
 4.4135688E-03  1.0831307E-02  2.6726734E-02  4.7223171E-02  4.4539147E-02  4.6242389E-01  4.0731875E-01  2.6726734E-02  1.0831307E-02  4.4135688E-03  4.2127737E-01
 4.7825765E-03  1.0940292E-02  2.6178276E-02  4.5863524E-02  4.3295208E-02  4.5320955E-01  3.9879479E-01  2.6178276E-02  1.0940292E-02  4.7825765E-03  4.0147351E-01
 5.1020923E-03  1.1010863E-02  2.5618686E-02  4.4526014E-02  4.2068358E-02  4.4403640E-01  3.9033034E-01  2.5618686E-02  1.1010863E-02  5.1020923E-03  3.8237818E-01
 5.3763390E-03  1.1046644E-02  2.5050792E-02  4.3211315E-02  4.0859514E-02  4.3491256E-01  3.8193144E-01  2.5050792E-02  1.1046644E-02  5.3763390E-03  3.6399847E-01
 5.6092040E-03  1.1050973E-02  2.4476183E-02  4.1919747E-02  3.9669238E-02  4.2584295E-01  3.7360199E-01  2.4476183E-02  1.1050973E-02  5.6092040E-03  3.4633261E-01
 5.8042565E-03  1.1026925E-02  2.3897157E-02  4.0651985E-02  3.8498446E-02  4.1683357E-01  3.6534659E-01  2.3897157E-02  1.1026925E-02  5.8042565E-03  3.2937705E-01
 5.9648184E-03  1.0977344E-02  2.3314950E-02  3.9408278E-02  3.7347596E-02  4.0789076E-01  3.5716952E-01  2.3314950E-02  1.0977344E-02  5.9648184E-03  3.1312650E-01
 6.0939110E-03  1.0904812E-02  2.2731506E-02  3.8189087E-02  3.6217286E-02  3.9901980E-01  3.4907432E-01  2.2731506E-02  1.0904812E-02  6.0939110E-03  2.9756683E-01
 6.1943439E-03  1.0811782E-02  2.2148239E-02  3.6994628E-02  3.5108009E-02  3.9022422E-01  3.4106453E-01  2.2148239E-02  1.0811782E-02  6.1943439E-03  2.8268920E-01
 6.2687497E-03  1.0700430E-02  2.1566209E-02  3.5825185E-02  3.4020186E-02  3.8150966E-01  3.3314336E-01  2.1566209E-02  1.0700430E-02  6.2687497E-03  2.6847593E-01
 6.3194786E-03  1.0572821E-02  2.0987006E-02  3.4680899E-02  3.2954030E-02  3.7287892E-01  3.2531328E-01  2.0987006E-02  1.0572821E-02  6.3194786E-03  2.5491113E-01
 6.3487921E-03  1.0430830E-02  2.0411161E-02  3.3561986E-02  3.1910032E-02  3.6433802E-01  3.1757891E-01  2.0411161E-02  1.0430830E-02  6.3487921E-03  2.4197536E-01
 6.3587047E-03  1.0276205E-02  1.9840263E-02  3.2468412E-02  3.0888226E-02  3.5588939E-01  3.0994131E-01  1.9840263E-02  1.0276205E-02  6.3587047E-03  2.2965273E-01
 6.3511068E-03  1.0110554E-02  1.9274665E-02  3.1400177E-02  2.9888787E-02  3.4753622E-01  3.0240262E-01  1.9274665E-02  1.0110554E-02  6.3511068E-03  2.1792024E-01
 6.3277655E-03  9.9353269E-03  1.8715428E-02  3.0357497E-02  2.8912032E-02  3.3928309E-01  2.9496709E-01  1.8715428E-02  9.9353269E-03  6.3277655E-03  2.0675848E-01
 6.2902887E-03  9.7518832E-03  1.8163260E-02  2.9340123E-02  2.7957854E-02  3.3113070E-01  2.8763402E-01  1.8163260E-02  9.7518832E-03  6.2902887E-03  1.9614624E-01
 6.2401606E-03  9.5614778E-03  1.7618777E-02  2.8348023E-02  2.7026286E-02  3.2308292E-01  2.8040660E-01  1.7618777E-02  9.5614778E-03  6.2401606E-03  1.8606232E-01
 6.1787595E-03  9.3652414E-03  1.7082493E-02  2.7381197E-02  2.6117505E-02  3.1514293E-01  2.7328696E-01  1.7082493E-02  9.3652414E-03  6.1787595E-03  1.7648497E-01
 6.1073398E-03  9.1642343E-03  1.6554920E-02  2.6439259E-02  2.5231191E-02  3.0731212E-01  2.6627548E-01  1.6554920E-02  9.1642343E-03  6.1073398E-03  1.6739442E-01
 6.0270854E-03  8.9593930E-03  1.6036482E-02  2.5522244E-02  2.4367484E-02  2.9959226E-01  2.5937390E-01  1.6036482E-02  8.9593930E-03  6.0270854E-03  1.5876875E-01
 0.0000000E+00  0.0000000E+00  2.8444537E-02  6.4358592E-02  5.9432439E-02  6.0559213E-01  5.4138382E-01  2.8444537E-02  0.0000000E+00  0.0000000E+00  6.8930863E-01
 0.0000000E+00  0.0000000E+00  2.8443781E-02  6.4314430E-02  5.9394817E-02  6.0534362E-01  5.4113937E-01  2.8443781E-02  0.0000000E+00  0.0000000E+00  6.8902154E-01
 0.0000000E+00  1.3348774E-03  2.8413183E-02  6.2614139E-02  5.7943523E-02  5.9538197E-01  5.3138614E-01  2.8413183E-02  1.3348774E-03  0.0000000E+00  6.7313140E-01
 0.0000000E+00  2.5088210E-03  2.8319312E-02  6.0982072E-02  5.6540164E-02  5.8551819E-01  5.2180136E-01  2.8319312E-02  2.5088210E-03  0.0000000E+00  6.5593046E-01
 0.0000000E+00  3.5416517E-03  2.8170855E-02  5.9398293E-02  5.5169167E-02  5.7568417E-01  5.1230769E-01  2.8170855E-02  3.5416517E-03  0.0000000E+00  6.3770015E-01
 0.0000000E+00  4.4500697E-03  2.7974424E-02  5.7858477E-02  5.3827868E-02  5.6589307E-01  5.0291089E-01  2.7974424E-02  4.4500697E-03  0.0000000E+00  6.1874456E-01
 0.0000000E+00  5.2482785E-03  2.7736629E-02  5.6359280E-02  5.2514512E-02  5.5615536E-01  4.9361367E-01  2.7736629E-02  5.2482785E-03  0.0000000E+00  5.9931110E-01
 0.0000000E+00  5.9484230E-03  2.7462759E-02  5.4898033E-02  5.1227614E-02  5.4647705E-01  4.8441761E-01  2.7462759E-02  5.9484230E-03  0.0000000E+00  5.7960567E-01
 0.0000000E+00  6.5610234E-03  2.7157347E-02  5.3472179E-02  4.9965762E-02  5.3686599E-01  4.7532427E-01  2.7157347E-02  6.5610234E-03  0.0000000E+00  5.5979258E-01
 0.0000000E+00  7.0952025E-03  2.6824547E-02  5.2079841E-02  4.8728002E-02  5.2732744E-01  4.6633597E-01  2.6824547E-02  7.0952025E-03  0.0000000E+00  5.4000782E-01
 0.0000000E+00  7.5589497E-03  2.6467949E-02  5.0719289E-02  4.7513419E-02  5.1786362E-01  4.5745049E-01  2.6467949E-02  7.5589497E-03  0.0000000E+00  5.2036282E-01
 7.5723222E-04  7.9928168E-03  2.6072632E-02  4.9308283E-02  4.6249563E-02  5.0783433E-01  4.4806899E-01  2.6072632E-02  7.9928168E-03  7.5723222E-04  4.9745972E-01
 1.4316026E-03  8.3595007E-03  2.5650116E-02  4.7917178E-02  4.4998293E-02  4.9783144E-01  4.3874421E-01  2.5650116E-02  8.3595007E-03  1.4316026E-03  4.7508925E-01
 2.0304548E-03  8.6653476E-03  2.5203991E-02  4.6546924E-02  4.3760925E-02  4.8786359E-01  4.2948070E-01  2.5203991E-02  8.6653476E-03  2.0304548E-03  4.5330618E-01
 2.5604597E-03  8.9160427E-03  2.4737656E-02  4.5198017E-02  4.2538474E-02  4.7794097E-01  4.2028718E-01  2.4737656E-02  8.9160427E-03  2.5604597E-03  4.3215584E-01
 3.0276634E-03  9.1167801E-03  2.4254323E-02  4.3871216E-02  4.1332070E-02  4.6807185E-01  4.1116860E-01  2.4254323E-02  9.1167801E-03  3.0276634E-03  4.1166657E-01
 3.4375810E-03  9.2722817E-03  2.3756634E-02  4.2567017E-02  4.0142539E-02  4.5826187E-01  4.0212875E-01  2.3756634E-02  9.2722817E-03  3.4375810E-03  3.9186670E-01
 3.7952177E-03  9.3868728E-03  2.3247236E-02  4.1285914E-02  3.8970709E-02  4.4851858E-01  3.9317331E-01  2.3247236E-02  9.3868728E-03  3.7952177E-03  3.7276945E-01
 4.1051821E-03  9.4645008E-03  2.2728582E-02  4.0028478E-02  3.7817521E-02  4.3884799E-01  3.8430573E-01  2.2728582E-02  9.4645008E-03  4.1051821E-03  3.5438615E-01
 4.3716672E-03  9.5087545E-03  2.2202563E-02  3.8794900E-02  3.6683349E-02  4.2925725E-01  3.7553205E-01  2.2202563E-02  9.5087545E-03  4.3716672E-03  3.3672058E-01
 4.5985451E-03  9.5229579E-03  2.1671443E-02  3.7585675E-02  3.5569022E-02  4.1974825E-01  3.6685229E-01  2.1671443E-02  9.5229579E-03  4.5985451E-03  3.1977273E-01
 4.7893098E-03  9.5101144E-03  2.1136735E-02  3.6400994E-02  3.4474914E-02  4.1032927E-01  3.5827328E-01  2.1136735E-02  9.5101144E-03  4.7893098E-03  3.0353695E-01
 4.9472480E-03  9.4730380E-03  2.0600139E-02  3.5241086E-02  3.3401552E-02  4.0100294E-01  3.4979616E-01  2.0600139E-02  9.4730380E-03  4.9472480E-03  2.8800379E-01
 5.0753437E-03  9.4142787E-03  2.0062975E-02  3.4106368E-02  3.2349464E-02  3.9177378E-01  3.4142396E-01  2.0062975E-02  9.4142787E-03  5.0753437E-03  2.7316380E-01
 5.1762979E-03  9.3361596E-03  1.9526945E-02  3.2996617E-02  3.1318683E-02  3.8264518E-01  3.3315897E-01  1.9526945E-02  9.3361596E-03  5.1762979E-03  2.5899810E-01
 5.2526793E-03  9.2408338E-03  1.8992993E-02  3.1912136E-02  3.0309663E-02  3.7362278E-01  3.2500499E-01  1.8992993E-02  9.2408338E-03  5.2526793E-03  2.4549536E-01
 5.3068112E-03  9.1303036E-03  1.8462062E-02  3.0852927E-02  2.9322588E-02  3.6470771E-01  3.1696277E-01  1.8462062E-02  9.1303036E-03  5.3068112E-03  2.3263479E-01
 5.3408089E-03  9.0063632E-03  1.7935419E-02  2.9819031E-02  2.8357611E-02  3.5590449E-01  3.0903536E-01  1.7935419E-02  9.0063632E-03  5.3408089E-03  2.2039752E-01
 5.3566556E-03  8.8706747E-03  1.7413820E-02  2.8810334E-02  2.7414840E-02  3.4721461E-01  3.0122314E-01  1.7413820E-02  8.8706747E-03  5.3566556E-03  2.0876464E-01
 5.3561645E-03  8.7247868E-03  1.6898075E-02  2.7826877E-02  2.6494427E-02  3.3864110E-01  2.9352876E-01  1.6898075E-02  8.7247868E-03  5.3561645E-03  1.9771351E-01
 5.3410166E-03  8.5700974E-03  1.6388884E-02  2.6868397E-02  2.5596256E-02  3.3018771E-01  2.8595414E-01  1.6388884E-02  8.5700974E-03  5.3410166E-03  1.8722145E-01
 5.3127419E-03  8.4078718E-03  1.5886851E-02  2.5934857E-02  2.4720364E-02  3.2185556E-01  2.7850002E-01  1.5886851E-02  8.4078718E-03  5.3127419E-03  1.7726825E-01
 5.2727569E-03  8.2393000E-03  1.5392582E-02  2.5025994E-02  2.3866636E-02  3.1364632E-01  2.7116704E-01  1.5392582E-02  8.2393000E-03  5.2727569E-03  1.6783144E-01
 5.2223458E-03  8.0654585E-03  1.4906509E-02  2.4141658E-02  2.3035034E-02  3.0556224E-01  2.6395669E-01  1.4906509E-02  8.0654585E-03  5.2223458E-03  1.5888910E-01
 5.1627366E-03  7.8873296E-03  1.4429069E-02  2.3281700E-02  2.2225517E-02  2.9760527E-01  2.5687007E-01  1.4429069E-02  7.8873296E-03  5.1627366E-03  1.5041915E-01
 5.0950056E-03  7.7058008E-03  1.3960637E-02  2.2445704E-02  2.1437746E-02  2.8977512E-01  2.4990670E-01  1.3960637E-02  7.7058008E-03  5.0950056E-03  1.4240004E-01
 5.0201541E-03  7.5216845E-03  1.3501518E-02  2.1633574E-02  2.0671761E-02  2.8207470E-01  2.4306820E-01  1.3501518E-02  7.5216845E-03  5.0201541E-03  1.3481100E-01
 0.0000000E+00  0.0000000E+00  2.5294464E-02  5.7425840E-02  5.3086117E-02  6.0325222E-01  5.3650480E-01  2.5294464E-02  0.0000000E+00  0.0000000E+00  6.3283807E-01
 0.0000000E+00  0.0000000E+00  2.5292445E-02  5.7383348E-02  5.3049668E-02  6.0296765E-01  5.3623011E-01  2.5292445E-02  0.0000000E+00  0.0000000E+00  6.3253321E-01
 0.0000000E+00  1.1849113E-03  2.5209061E-02  5.5748888E-02  5.1645779E-02  5.9165525E-01  5.2534394E-01  2.5209061E-02  1.1849113E-03  0.0000000E+00  6.1635722E-01
 0.0000000E+00  2.2219976E-03  2.5071973E-02  5.4186047E-02  5.0294035E-02  5.8055307E-01  5.1472604E-01  2.5071973E-02  2.2219976E-03  0.0000000E+00  5.9905868E-01
 0.0000000E+00  3.1299284E-03  2.4888449E-02  5.2674923E-02  4.8978601E-02  5.6957220E-01  5.0428160E-01  2.4888449E-02  3.1299284E-03  0.0000000E+00  5.8089603E-01
 0.0000000E+00  3.9243729E-03  2.4664545E-02  5.1210810E-02  4.7696512E-02  5.5871942E-01  4.9400990E-01  2.4664545E-02  3.9243729E-03  0.0000000E+00  5.6215999E-01
 0.0000000E+00  4.6186362E-03  2.4406117E-02  4.9790212E-02  4.6445810E-02  5.4799588E-01  4.8390574E-01  2.4406117E-02  4.6186362E-03  0.0000000E+00  5.4308476E-01
 0.0000000E+00  5.2240849E-03  2.4117808E-02  4.8409711E-02  4.5224263E-02  5.3740314E-01  4.7396556E-01  2.4117808E-02  5.2240849E-03  0.0000000E+00  5.2385811E-01
 0.0000000E+00  5.7505313E-03  2.3803656E-02  4.7067177E-02  4.4030769E-02  5.2694355E-01  4.6418699E-01  2.3803656E-02  5.7505313E-03  0.0000000E+00  5.0463550E-01
 0.0000000E+00  6.2064753E-03  2.3467498E-02  4.5760078E-02  4.2863822E-02  5.1661589E-01  4.5456521E-01  2.3467498E-02  6.2064753E-03  0.0000000E+00  4.8554210E-01
 0.0000000E+00  6.5993265E-03  2.3112361E-02  4.4486646E-02  4.1722364E-02  5.0641969E-01  4.4509664E-01  2.3112361E-02  6.5993265E-03  0.0000000E+00  4.6667482E-01
 6.5421492E-04  6.9638313E-03  2.2722700E-02  4.3169369E-02  4.0537733E-02  4.9566708E-01  4.3514472E-01  2.2722700E-02  6.9638313E-03  6.5421492E-04  4.4493859E-01
 1.2343397E-03  7.2685949E-03  2.2311032E-02  4.1874829E-02  3.9368927E-02  4.8499144E-01  4.2529348E-01  2.2311032E-02  7.2685949E-03  1.2343397E-03  4.2379190E-01
 1.7471702E-03  7.5194519E-03  2.1880789E-02  4.0603637E-02  3.8216951E-02  4.7440366E-01  4.1555024E-01  2.1880789E-02  7.5194519E-03  1.7471702E-03  4.0328118E-01
 2.1988602E-03  7.7216719E-03  2.1434799E-02  3.9356201E-02  3.7082609E-02  4.6390734E-01  4.0591743E-01  2.1434799E-02  7.7216719E-03  2.1988602E-03  3.8343672E-01
 2.5949619E-03  7.8800197E-03  2.0976089E-02  3.8132607E-02  3.5966419E-02  4.5350892E-01  3.9639871E-01  2.0976089E-02  7.8800197E-03  2.5949619E-03  3.6428679E-01
 2.9405289E-03  7.9988361E-03  2.0506880E-02  3.6933503E-02  3.4869348E-02  4.4321443E-01  3.8699814E-01  2.0506880E-02  7.9988361E-03  2.9405289E-03  3.4584956E-01
 3.2401844E-03  8.0820984E-03  2.0029596E-02  3.5758895E-02  3.3791795E-02  4.3302829E-01  3.7771738E-01  2.0029596E-02  8.0820984E-03  3.2401844E-03  3.2813108E-01
 3.4980876E-03  8.1333601E-03  1.9546234E-02  3.4609067E-02  3.2734283E-02  4.2295372E-01  3.6855924E-01  1.9546234E-02  8.1333601E-03  3.4980876E-03  3.1113539E-01
 3.7180746E-03  8.1558918E-03  1.9058633E-02  3.3484104E-02  3.1697131E-02  4.1299513E-01  3.5952538E-01  1.9058633E-02  8.1558918E-03  3.7180746E-03  2.9486249E-01
 3.9036381E-03  8.1527220E-03  1.8568467E-02  3.2384331E-02  3.0681023E-02  4.0315695E-01  3.5061944E-01  1.8568467E-02  8.1527220E-03  3.9036381E-03  2.7930431E-01
 4.0579884E-03  8.1265562E-03  1.8077232E-02  3.1309590E-02  2.9685917E-02  3.9344118E-01  3.4184145E-01  1.8077232E-02  8.1265562E-03  4.0579884E-03  2.6445277E-01
 4.1840327E-03  8.0798977E-03  1.7586319E-02  3.0260125E-02  2.8712374E-02  3.8385226E-01  3.3319503E-01  1.7586319E-02  8.0798977E-03  4.1840327E-03  2.5029171E-01
 4.2844562E-03  8.0150282E-03  1.7096921E-02  2.9235776E-02  2.7760353E-02  3.7439218E-01  3.2468022E-01  1.7096921E-02  8.0150282E-03  4.2844562E-03  2.3680701E-01
 4.3617222E-03  7.9340474E-03  1.6610187E-02  2.8236628E-02  2.6830174E-02  3.6506335E-01  3.1629864E-01  1.6610187E-02  7.9340474E-03  4.3617222E-03  2.2398251E-01
 4.4180717E-03  7.8388529E-03  1.6127108E-02  2.7262600E-02  2.5921916E-02  3.5586940E-01  3.0805273E-01  1.6127108E-02  7.8388529E-03  4.4180717E-03  2.1179399E-01
 4.4555639E-03  7.7311812E-03  1.5648552E-02  2.6313532E-02  2.5035537E-02  3.4680870E-01  2.9994007E-01  1.5648552E-02  7.7311812E-03  4.4555639E-03  2.0022428E-01
 4.4761372E-03  7.6126677E-03  1.5175325E-02  2.5389226E-02  2.4171036E-02  3.3788794E-01  2.9196569E-01  1.5175325E-02  7.6126677E-03  4.4761372E-03  1.8925037E-01
 4.4814875E-03  7.4847256E-03  1.4708136E-02  2.4489601E-02  2.3328492E-02  3.2910502E-01  2.8412744E-01  1.4708136E-02  7.4847256E-03  4.4814875E-03  1.7885005E-01
 4.4732299E-03  7.3487076E-03  1.4247609E-02  2.3614499E-02  2.2507862E-02  3.2046298E-01  2.7642693E-01  1.4247609E-02  7.3487076E-03  4.4732299E-03  1.6900071E-01
 4.4528182E-03  7.2058251E-03  1.3794269E-02  2.2763539E-02  2.1708878E-02  3.1196384E-01  2.6886516E-01  1.3794269E-02  7.2058251E-03  4.4528182E-03  1.5967892E-01
 4.4216049E-03  7.0571885E-03  1.3348642E-02  2.1936563E-02  2.0931500E-02  3.0360695E-01  2.6144118E-01  1.3348642E-02  7.0571885E-03  4.4216049E-03  1.5086208E-01
 4.3808217E-03  6.9038275E-03  1.2911091E-02  2.1133345E-02  2.0175589E-02  2.9539431E-01  2.5415600E-01  1.2911091E-02  6.9038275E-03  4.3808217E-03  1.4252697E-01
 4.3315790E-03  6.7466305E-03  1.2482020E-02  2.0353426E-02  1.9440856E-02  2.8732649E-01  2.4700947E-01  1.2482020E-02  6.7466305E-03  4.3315790E-03  1.3465137E-01
 4.2749267E-03  6.5864454E-03  1.2061690E-02  1.9596541E-02  1.8727103E-02  2.7940412E-01  2.4000156E-01  1.2061690E-02  6.5864454E-03  4.2749267E-03  1.2721288E-01
 4.2117935E-03  6.4240395E-03  1.1650365E-02  1.8862441E-02  1.8034155E-02  2.7162663E-01  2.3313142E-01  1.1650365E-02  6.4240395E-03  4.2117935E-03  1.2018989E-01
 4.1430476E-03  6.2600790E-03  1.1248247E-02  1.8150697E-02  1.7361693E-02  2.6399586E-01  2.2639983E-01  1.1248247E-02  6.2600790E-03  4.1430476E-03  1.1356121E-01
 0.0000000E+00  0.0000000E+00  2.2239520E-02  5.0720391E-02  4.6958341E-02  5.9859689E-01  5.2951775E-01  2.2239520E-02  0.0000000E+00  0.0000000E+00  5.7994886E-01
 0.0000000E+00  0.0000000E+00  2.2236714E-02  5.0680095E-02  4.6923534E-02  5.9827507E-01  5.2921155E-01  2.2236714E-02  0.0000000E+00  0.0000000E+00  5.7962514E-01
 0.0000000E+00  1.0470070E-03  2.2119095E-02  4.9136496E-02  4.5589455E-02  5.8561754E-01  5.1721653E-01  2.2119095E-02  1.0470070E-03  0.0000000E+00  5.6321456E-01
 0.0000000E+00  1.9585384E-03  2.1955723E-02  4.7664777E-02  4.4308886E-02  5.7329155E-01  5.0559569E-01  2.1955723E-02  1.9585384E-03  0.0000000E+00  5.4585656E-01
 0.0000000E+00  2.7521592E-03  2.1752426E-02  4.6245943E-02  4.3066721E-02  5.6118572E-01  4.9423596E-01  2.1752426E-02  2.7521592E-03  0.0000000E+00  5.2779716E-01
 0.0000000E+00  3.4426377E-03  2.1515202E-02  4.4875354E-02  4.1860047E-02  5.4929736E-01  4.8312707E-01  2.1515202E-02  3.4426377E-03  0.0000000E+00  5.0930829E-01
 0.0000000E+00  4.0423876E-03  2.1249037E-02  4.3549138E-02  4.0686262E-02  5.3762038E-01  4.7225785E-01  2.1249037E-02  4.0423876E-03  0.0000000E+00  4.9061440E-01
 0.0000000E+00  4.5620701E-03  2.0958226E-02  4.2264159E-02  3.9543538E-02  5.2614956E-01  4.6161843E-01  2.0958226E-02  4.5620701E-03  0.0000000E+00  4.7189029E-01
 0.0000000E+00  5.0107927E-03  2.0646460E-02  4.1017665E-02  3.8430095E-02  5.1487923E-01  4.5119935E-01  2.0646460E-02  5.0107927E-03  0.0000000E+00  4.5327840E-01
 0.0000000E+00  5.3964541E-03  2.0316997E-02  3.9807508E-02  3.7344628E-02  5.0380461E-01  4.4099245E-01  2.0316997E-02  5.3964541E-03  0.0000000E+00  4.3489097E-01
 0.0000000E+00  5.7258957E-03  1.9972664E-02  3.8631540E-02  3.6285832E-02  4.9292266E-01  4.3099215E-01  1.9972664E-02  5.7258957E-03  0.0000000E+00  4.1681214E-01
 5.6121828E-04  6.0287057E-03  1.9597621E-02  3.7418066E-02  3.5189870E-02  4.8149596E-01  4.2052226E-01  1.9597621E-02  6.0287057E-03  5.6121828E-04  3.9623418E-01
 1.0565612E-03  6.2787274E-03  1.9205161E-02  3.6229080E-02  3.4111935E-02  4.7020367E-01  4.1020283E-01  1.9205161E-02  6.2787274E-03  1.0565612E-03  3.7629719E-01
 1.4922938E-03  6.4813345E-03  1.8798242E-02  3.5064932E-02  3.3052757E-02  4.5905096E-01  4.0003733E-01  1.8798242E-02  6.4813345E-03  1.4922938E-03  3.5703786E-01
 1.8740598E-03  6.6413613E-03  1.8379604E-02  3.3925496E-02  3.2012676E-02  4.4803823E-01  3.9002321E-01  1.8379604E-02  6.6413613E-03  1.8740598E-03  3.3848209E-01
 2.2069673E-03  6.7631673E-03  1.7951600E-02  3.2810995E-02  3.0992336E-02  4.3717150E-01  3.8016523E-01  1.7951600E-02  6.7631673E-03  2.2069673E-03  3.2064714E-01
 2.4956199E-03  6.8507450E-03  1.7516473E-02  3.1721732E-02  2.9992294E-02  4.2645333E-01  3.7046299E-01  1.7516473E-02  6.8507450E-03  2.4956199E-03  3.0354380E-01
 2.7441956E-03  6.9076555E-03  1.7076146E-02  3.0657626E-02  2.9012848E-02  4.1588414E-01  3.6091606E-01  1.7076146E-02  6.9076555E-03  2.7441956E-03  2.8717207E-01
 2.9565144E-03  6.9371574E-03  1.6632366E-02  2.9618678E-02  2.8054212E-02  4.0546909E-01  3.5152792E-01  1.6632366E-02  6.9371574E-03  2.9565144E-03  2.7152980E-01
 3.1360509E-03  6.9422074E-03  1.6186751E-02  2.8604979E-02  2.7116728E-02  3.9520688E-01  3.4229556E-01  1.6186751E-02  6.9422074E-03  3.1360509E-03  2.5660835E-01
 3.2859129E-03  6.9254818E-03  1.5740726E-02  2.7616272E-02  2.6200436E-02  3.8510352E-01  3.3322376E-01  1.5740726E-02  6.9254818E-03  3.2859129E-03  2.4239909E-01
 3.4089706E-03  6.8894191E-03  1.5295543E-02  2.6652646E-02  2.5305679E-02  3.7515555E-01  3.2430734E-01  1.5295543E-02  6.8894191E-03  3.4089706E-03  2.2888260E-01
 3.5079002E-03  6.8362854E-03  1.4852367E-02  2.5713843E-02  2.4432282E-02  3.6536849E-01  3.1555136E-01  1.4852367E-02  6.8362854E-03  3.5079002E-03  2.1604376E-01
 3.5850325E-03  6.7680663E-03  1.4412212E-02  2.4799989E-02  2.3580641E-02  3.5574257E-01  3.0695407E-01  1.4412212E-02  6.7680663E-03  3.5850325E-03  2.0386144E-01
 3.6425687E-03  6.6866177E-03  1.3975985E-02  2.3910591E-02  2.2750447E-02  3.4627710E-01  2.9851445E-01  1.3975985E-02  6.6866177E-03  3.6425687E-03  1.9231555E-01
 3.6824945E-03  6.5936015E-03  1.3544506E-02  2.3045669E-02  2.1941831E-02  3.3697397E-01  2.9023320E-01  1.3544506E-02  6.5936015E-03  3.6824945E-03  1.8138301E-01
 3.7066442E-03  6.4905714E-03  1.3118466E-02  2.2204914E-02  2.1154651E-02  3.2783350E-01  2.8210976E-01  1.3118466E-02  6.4905714E-03  3.7066442E-03  1.7104051E-01
 3.7167012E-03  6.3789087E-03  1.2698533E-02  2.1388025E-02  2.0388774E-02  3.1885613E-01  2.7414371E-01  1.2698533E-02  6.3789087E-03  3.7167012E-03  1.6126409E-01
 3.7141546E-03  6.2598867E-03  1.2285226E-02  2.0594659E-02  1.9644004E-02  3.1004365E-01  2.6633563E-01  1.2285226E-02  6.2598867E-03  3.7141546E-03  1.5202958E-01
 3.7004072E-03  6.1346277E-03  1.1879040E-02  1.9824851E-02  1.8920394E-02  3.0139391E-01  2.5868335E-01  1.1879040E-02  6.1346277E-03  3.7004072E-03  1.4331303E-01
 3.6767323E-03  6.0041891E-03  1.1480387E-02  1.9077861E-02  1.8217453E-02  2.9290861E-01  2.5118734E-01  1.1480387E-02  6.0041891E-03  3.6767323E-03  1.3509005E-01
 3.6442737E-03  5.8695206E-03  1.1089589E-02  1.8353586E-02  1.7535111E-02  2.8458697E-01  2.4384641E-01  1.1089589E-02  5.8695206E-03  3.6442737E-03  1.2733689E-01
 3.6041105E-03  5.7314637E-03  1.0706992E-02  1.7651612E-02  1.6873069E-02  2.7642943E-01  2.3666016E-01  1.0706992E-02  5.7314637E-03  3.6041105E-03  1.2003048E-01
 3.5571923E-03  5.5907955E-03  1.0332791E-02  1.6971570E-02  1.6231072E-02  2.6843510E-01  2.2962729E-01  1.0332791E-02  5.5907955E-03  3.5571923E-03  1.1314749E-01
 3.5044040E-03  5.4482497E-03  9.9672000E-03  1.6313055E-02  1.5608789E-02  2.6060450E-01  2.2274751E-01  9.9672000E-03  5.4482497E-03  3.5044040E-03  1.0666613E-01
 3.4465440E-03  5.3043874E-03  9.6103714E-03  1.5675683E-02  1.5005937E-02  2.5293547E-01  2.1601865E-01  9.6103714E-03  5.3043874E-03  3.4465440E-03  1.0056461E-01
 3.3843461E-03  5.1598345E-03  9.2624345E-03  1.5059042E-02  1.4422172E-02  2.4542715E-01  2.0943944E-01  9.2624345E-03  5.1598345E-03  3.3843461E-03  9.4822205E-02
 0.0000000E+00  0.0000000E+00  1.9308404E-02  4.4307261E-02  4.1101055E-02  5.9131463E-01  5.2018501E-01  1.9308404E-02  0.0000000E+00  0.0000000E+00  5.3068848E-01
 0.0000000E+00  0.0000000E+00  1.9305059E-02  4.4269851E-02  4.1068565E-02  5.9095869E-01  5.1985118E-01  1.9305059E-02  0.0000000E+00  0.0000000E+00  5.3034936E-01
 0.0000000E+00  9.2025053E-04  1.9169435E-02  4.2836877E-02  3.9822271E-02  5.7698423E-01  5.0679072E-01  1.9169435E-02  9.2025053E-04  0.0000000E+00  5.1369102E-01
 0.0000000E+00  1.7166996E-03  1.8994154E-02  4.1473707E-02  3.8628901E-02  5.6346775E-01  4.9421351E-01  1.8994154E-02  1.7166996E-03  0.0000000E+00  4.9627140E-01
 0.0000000E+00  2.4059204E-03  1.8784547E-02  4.0162663E-02  3.7474297E-02  5.5027916E-01  4.8199127E-01  1.8784547E-02  2.4059204E-03  0.0000000E+00  4.7831194E-01
 0.0000000E+00  3.0017312E-03  1.8546033E-02  3.8899243E-02  3.6355582E-02  5.3739992E-01  4.7009870E-01  1.8546033E-02  3.0017312E-03  0.0000000E+00  4.6007566E-01
 0.0000000E+00  3.5158075E-03  1.8283251E-02  3.7679584E-02  3.5270156E-02  5.2481938E-01  4.5852107E-01  1.8283251E-02  3.5158075E-03  0.0000000E+00  4.4176787E-01
 0.0000000E+00  3.9580459E-03  1.8000098E-02  3.6500931E-02  3.4216393E-02  5.1252274E-01  4.4724088E-01  1.8000098E-02  3.9580459E-03  0.0000000E+00  4.2355466E-01
 0.0000000E+00  4.3369361E-03  1.7699943E-02  3.5360157E-02  3.3192114E-02  5.0049980E-01  4.3624297E-01  1.7699943E-02  4.3369361E-03  0.0000000E+00  4.0556060E-01
 0.0000000E+00  4.6597679E-03  1.7385694E-02  3.4255333E-02  3.2196247E-02  4.8873947E-01  4.2551535E-01  1.7385694E-02  4.6597679E-03  0.0000000E+00  3.8788490E-01
 0.0000000E+00  4.9328392E-03  1.7059886E-02  3.3184160E-02  3.1227171E-02  4.7723065E-01  4.1504374E-01  1.7059886E-02  4.9328392E-03  0.0000000E+00  3.7060369E-01
 4.7759680E-04  5.1811572E-03  1.6707087E-02  3.2081382E-02  3.0226490E-02  4.6520038E-01  4.0412697E-01  1.6707087E-02  5.1811572E-03  4.7759680E-04  3.5116550E-01
 8.9700359E-04  5.3831750E-03  1.6340677E-02  3.1003823E-02  2.9245115E-02  4.5335984E-01  3.9340804E-01  1.6340677E-02  5.3831750E-03  8.9700359E-04  3.3242169E-01
 1.2639646E-03  5.5438065E-03  1.5963287E-02  2.9951441E-02  2.8283546E-02  4.4171223E-01  3.8288837E-01  1.5963287E-02  5.5438065E-03  1.2639646E-03  3.1439534E-01
 1.5836452E-03  5.6674811E-03  1.5577337E-02  2.8924103E-02  2.7341920E-02  4.3025614E-01  3.7256473E-01  1.5577337E-02  5.6674811E-03  1.5836452E-03  2.9710490E-01
 1.8606913E-03  5.7581896E-03  1.5184928E-02  2.7922088E-02  2.6420878E-02  4.1899523E-01  3.6243809E-01  1.5184928E-02  5.7581896E-03  1.8606913E-03  2.8055960E-01
 2.0992925E-03  5.8195308E-03  1.4787975E-02  2.6945132E-02  2.5520477E-02  4.0792628E-01  3.5250475E-01  1.4787975E-02  5.8195308E-03  2.0992925E-03  2.6476174E-01
 2.3032366E-03  5.8547115E-03  1.4388161E-02  2.5993194E-02  2.4640990E-02  3.9704926E-01  3.4276243E-01  1.4388161E-02  5.8547115E-03  2.3032366E-03  2.4970441E-01
 2.4759588E-03  5.8666845E-03  1.3986986E-02  2.5066099E-02  2.3782497E-02  3.8636820E-01  3.3321378E-01  1.3986986E-02  5.8666845E-03  2.4759588E-03  2.3537838E-01
 2.6205341E-03  5.8580566E-03  1.3585834E-02  2.4163668E-02  2.2945066E-02  3.7587924E-01  3.2385416E-01  1.3585834E-02  5.8580566E-03  2.6205341E-03  2.2177072E-01
 2.7398024E-03  5.8312731E-03  1.3185904E-02  2.3285836E-02  2.2128826E-02  3.6558225E-01  3.1468227E-01  1.3185904E-02  5.8312731E-03  2.7398024E-03  2.0886275E-01
 2.8363474E-03  5.7884565E-03  1.2788236E-02  2.2432340E-02  2.1333721E-02  3.5547871E-01  3.0569804E-01  1.2788236E-02  5.7884565E-03  2.8363474E-03  1.9663510E-01
 2.9124299E-03  5.7315676E-03  1.2393797E-02  2.1603041E-02  2.0559773E-02  3.4556712E-01  2.9689927E-01  1.2393797E-02  5.7315676E-03  2.9124299E-03  1.8506585E-01
 2.9702185E-03  5.6624058E-03  1.2003418E-02  2.0797441E-02  1.9806742E-02  3.3584739E-01  2.8828468E-01  1.2003418E-02  5.6624058E-03  2.9702185E-03  1.7413169E-01
 3.0116279E-03  5.5825860E-03  1.1617861E-02  2.0015452E-02  1.9074623E-02  3.2631839E-01  2.7985261E-01  1.1617861E-02  5.5825860E-03  3.0116279E-03  1.6380795E-01
 3.0383652E-03  5.4935616E-03  1.1237725E-02  1.9256731E-02  1.8363254E-02  3.1697865E-01  2.7160086E-01  1.1237725E-02  5.4935616E-03  3.0383652E-03  1.5406947E-01
 3.0520684E-03  5.3966475E-03  1.0863587E-02  1.8520923E-02  1.7672410E-02  3.0782695E-01  2.6352763E-01  1.0863587E-02  5.3966475E-03  3.0520684E-03  1.4489043E-01
 3.0541677E-03  5.2930202E-03  1.0495955E-02  1.7807721E-02  1.7001915E-02  2.9886476E-01  2.5563286E-01  1.0495955E-02  5.2930202E-03  3.0541677E-03  1.3624567E-01
 3.0459781E-03  5.1838101E-03  1.0135220E-02  1.7116729E-02  1.6351496E-02  2.9008968E-01  2.4791408E-01  1.0135220E-02  5.1838101E-03  3.0459781E-03  1.2810913E-01
 3.0286992E-03  5.0699401E-03  9.7817292E-03  1.6447603E-02  1.5720920E-02  2.8149912E-01  2.4036859E-01  9.7817292E-03  5.0699401E-03  3.0286992E-03  1.2045566E-01
 3.0034152E-03  4.9523328E-03  9.4358051E-03  1.5799948E-02  1.5109892E-02  2.7309454E-01  2.3299631E-01  9.4358051E-03  4.9523328E-03  3.0034152E-03  1.1326057E-01
 2.9711182E-03  4.8317495E-03  9.0976553E-03  1.5173348E-02  1.4518110E-02  2.6487207E-01  2.2579372E-01  9.0976553E-03  4.8317495E-03  2.9711182E-03  1.0649942E-01
 2.9327078E-03  4.7089286E-03  8.7675105E-03  1.4567390E-02  1.3945250E-02  2.5683344E-01  2.1876117E-01  8.7675105E-03  4.7089286E-03  2.9327078E-03  1.0014868E-01
 2.8890146E-03  4.5845158E-03  8.4454862E-03  1.3981668E-02  1.3390979E-02  2.4897342E-01  2.1189422E-01  8.4454862E-03  4.5845158E-03  2.8890146E-03  9.4185262E-02
 2.8407767E-03  4.4590650E-03  8.1317206E-03  1.3415742E-02  1.2854954E-02  2.4129354E-01  2.0519292E-01  8.1317206E-03  4.4590650E-03  2.8407767E-03  8.8587496E-02
 2.7886400E-03  4.3331066E-03  7.8262831E-03  1.2869167E-02  1.2336811E-02  2.3379003E-01  1.9865392E-01  7.8262831E-03  4.3331066E-03  2.7886400E-03  8.3334155E-02
 2.7332276E-03  4.2070790E-03  7.5292197E-03  1.2341522E-02  1.1836189E-02  2.2646316E-01  1.9227647E-01  7.5292197E-03  4.2070790E-03  2.7332276E-03  7.8404938E-02
 0.0000000E+00  0.0000000E+00  1.6529002E-02  3.8245833E-02  3.5562129E-02  5.8109176E-01  5.0827268E-01  1.6529002E-02  0.0000000E+00  0.0000000E+00  4.8497985E-01
 0.0000000E+00  0.0000000E+00  1.6525525E-02  3.8211604E-02  3.5532242E-02  5.8070345E-01  5.0791380E-01  1.6525525E-02  0.0000000E+00  0.0000000E+00  4.8462475E-01
 0.0000000E+00  8.0372867E-04  1.6385483E-02  3.6903788E-02  3.4387405E-02  5.6546450E-01  4.9385209E-01  1.6385483E-02  8.0372867E-04  0.0000000E+00  4.6767368E-01
 0.0000000E+00  1.4947896E-03  1.6210522E-02  3.5661990E-02  3.3293436E-02  5.5081943E-01  4.8039004E-01  1.6210522E-02  1.4947896E-03  0.0000000E+00  4.5015789E-01
 0.0000000E+00  2.0887777E-03  1.6005625E-02  3.4469723E-02  3.2236985E-02  5.3660947E-01  4.6737323E-01  1.6005625E-02  2.0887777E-03  0.0000000E+00  4.3227961E-01
 0.0000000E+00  2.5986638E-03  1.5775895E-02  3.3323057E-02  3.1215570E-02  5.2280942E-01  4.5477261E-01  1.5775895E-02  2.5986638E-03  0.0000000E+00  4.1428296E-01
 0.0000000E+00  3.0353131E-03  1.5525624E-02  3.2218456E-02  3.0226810E-02  5.0939754E-01  4.4256305E-01  1.5525624E-02  3.0353131E-03  0.0000000E+00  3.9636029E-01
 0.0000000E+00  3.4079459E-03  1.5258436E-02  3.1152921E-02  2.9268769E-02  4.9634915E-01  4.3071747E-01  1.5258436E-02  3.4079459E-03  0.0000000E+00  3.7865462E-01
 0.0000000E+00  3.7243792E-03  1.4977389E-02  3.0124292E-02  2.8340158E-02  4.8365091E-01  4.1921962E-01  1.4977389E-02  3.7243792E-03  0.0000000E+00  3.6128187E-01
 0.0000000E+00  3.9913697E-03  1.4685172E-02  2.9129925E-02  2.7439081E-02  4.7128110E-01  4.0804682E-01  1.4685172E-02  3.9913697E-03  0.0000000E+00  3.4432586E-01
 0.0000000E+00  4.2147126E-03  1.4384003E-02  2.8168179E-02  2.6564543E-02  4.5922735E-01  3.9718430E-01  1.4384003E-02  4.2147126E-03  0.0000000E+00  3.2784578E-01
 4.0272989E-04  4.4152453E-03  1.4059407E-02  2.7179898E-02  2.5663275E-02  4.4667683E-01  3.8590123E-01  1.4059407E-02  4.4152453E-03  4.0272989E-04  3.0953595E-01
 7.5445366E-04  4.5755334E-03  1.3724282E-02  2.6216769E-02  2.4781882E-02  4.3437536E-01  3.7486722E-01  1.3724282E-02  4.5755334E-03  7.5445366E-04  2.9196838E-01
 1.0604090E-03  4.7000648E-03  1.3381044E-02  2.5278366E-02  2.3920448E-02  4.2232155E-01  3.6407777E-01  1.3381044E-02  4.7000648E-03  1.0604090E-03  2.7515787E-01
 1.3252887E-03  4.7928593E-03  1.3031764E-02  2.4364760E-02  2.3079319E-02  4.1051093E-01  3.5352746E-01  1.3031764E-02  4.7928593E-03  1.3252887E-03  2.5911426E-01
 1.5532948E-03  4.8574924E-03  1.2678316E-02  2.3475699E-02  2.2258600E-02  3.9894093E-01  3.4321247E-01  1.2678316E-02  4.8574924E-03  1.5532948E-03  2.4383561E-01
 1.7482124E-03  4.8972438E-03  1.2322353E-02  2.2611165E-02  2.1458505E-02  3.8761035E-01  3.3312980E-01  1.2322353E-02  4.8972438E-03  1.7482124E-03  2.2931573E-01
 1.9134349E-03  4.9149495E-03  1.1965330E-02  2.1770753E-02  2.0678947E-02  3.7651660E-01  3.2327563E-01  1.1965330E-02  4.9149495E-03  1.9134349E-03  2.1554181E-01
 2.0520273E-03  4.9132479E-03  1.1608554E-02  2.0954387E-02  1.9920053E-02  3.6565456E-01  3.1364471E-01  1.1608554E-02  4.9132479E-03  2.0520273E-03  2.0249732E-01
 2.1667566E-03  4.8944573E-03  1.1253133E-02  2.0161742E-02  1.9181725E-02  3.5502490E-01  3.0423566E-01  1.1253133E-02  4.8944573E-03  2.1667566E-03  1.9016180E-01
 2.2601207E-03  4.8606981E-03  1.0900105E-02  1.9392550E-02  1.8463887E-02  3.4462248E-01  2.9504323E-01  1.0900105E-02  4.8606981E-03  2.2601207E-03  1.7851280E-01
 2.3343760E-03  4.8138940E-03  1.0550357E-02  1.8646503E-02  1.7766430E-02  3.3444690E-01  2.8606563E-01  1.0550357E-02  4.8138940E-03  2.3343760E-03  1.6752567E-01
 2.3915692E-03  4.7557218E-03  1.0204628E-02  1.7923301E-02  1.7089207E-02  3.2449331E-01  2.7729806E-01  1.0204628E-02  4.7557218E-03  2.3915692E-03  1.5717476E-01
 2.4335474E-03  4.6877350E-03  9.8636087E-03  1.7222566E-02  1.6432006E-02  3.1476270E-01  2.6873956E-01  9.8636087E-03  4.6877350E-03  2.4335474E-03  1.4743295E-01
 2.4619850E-03  4.6113146E-03  9.5278916E-03  1.6543955E-02  1.5794627E-02  3.0524904E-01  2.6038480E-01  9.5278916E-03  4.6113146E-03  2.4619850E-03  1.3827261E-01
 2.4783985E-03  4.5277429E-03  9.1979448E-03  1.5887100E-02  1.5176823E-02  2.9595193E-01  2.5223197E-01  9.1979448E-03  4.5277429E-03  2.4783985E-03  1.2966687E-01
 2.4841689E-03  4.4381295E-03  8.8742369E-03  1.5251606E-02  1.4578345E-02  2.8686830E-01  2.4427771E-01  8.8742369E-03  4.4381295E-03  2.4841689E-03  1.2158761E-01
 2.4805192E-03  4.3434856E-03  8.5571132E-03  1.4637067E-02  1.3998886E-02  2.7799668E-01  2.3651983E-01  8.5571132E-03  4.3434856E-03  2.4805192E-03  1.1400796E-01
 2.4686086E-03  4.2447235E-03  8.2468695E-03  1.4043083E-02  1.3438155E-02  2.6933241E-01  2.2895382E-01  8.2468695E-03  4.2447235E-03  2.4686086E-03  1.0690128E-01
 2.4494455E-03  4.1426816E-03  7.9437278E-03  1.3469208E-02  1.2895809E-02  2.6087412E-01  2.2157762E-01  7.9437278E-03  4.1426816E-03  2.4494455E-03  1.0024168E-01
 2.4239425E-03  4.0380505E-03  7.6479347E-03  1.2915023E-02  1.2371527E-02  2.5262032E-01  2.1438902E-01  7.6479347E-03  4.0380505E-03  2.4239425E-03  9.4003516E-02
 2.3929403E-03  3.9315206E-03  7.3596135E-03  1.2380089E-02  1.1864958E-02  2.4456658E-01  2.0738383E-01  7.3596135E-03  3.9315206E-03  2.3929403E-03  8.8162373E-02
 2.3571936E-03  3.8236591E-03  7.0788628E-03  1.1863965E-02  1.1375731E-02  2.3671002E-01  2.0055899E-01  7.0788628E-03  3.8236591E-03  2.3571936E-03  8.2695071E-02
 2.3173805E-03  3.7149838E-03  6.8058059E-03  1.1366196E-02  1.0903486E-02  2.2905083E-01  1.9391357E-01  6.8058059E-03  3.7149838E-03  2.3173805E-03  7.7578923E-02
 2.2741200E-03  3.6059879E-03  6.5404429E-03  1.0886321E-02  1.0447821E-02  2.2158311E-01  1.8744240E-01  6.5404429E-03  3.6059879E-03  2.2741200E-03  7.2792475E-02
 2.2279644E-03  3.4970660E-03  6.2827984E-03  1.0423881E-02  1.0008357E-02  2.1430724E-01  1.8114484E-01  6.2827984E-03  3.4970660E-03  2.2279644E-03  6.8314767E-02
 2.1794095E-03  3.3885634E-03  6.0328723E-03  9.9784439E-03  9.5847126E-03  2.0721730E-01  1.7501569E-01  6.0328723E-03  3.3885634E-03  2.1794095E-03  6.4126810E-02
 0.0000000E+00  0.0000000E+00  1.3928571E-02  3.2587565E-02  3.0383755E-02  5.6761981E-01  4.9355845E-01  1.3928571E-02  0.0000000E+00  0.0000000E+00  4.4262681E-01
 0.0000000E+00  0.0000000E+00  1.3925276E-02  3.2556924E-02  3.0356800E-02  5.6719952E-01  4.9317477E-01  1.3925276E-02  0.0000000E+00  0.0000000E+00  4.4225250E-01
 0.0000000E+00  6.9660516E-04  1.3791527E-02  3.1383663E-02  2.9322937E-02  5.5078244E-01  4.7820536E-01  1.3791527E-02  6.9660516E-04  0.0000000E+00  4.2494209E-01
 0.0000000E+00  1.2912405E-03  1.3626515E-02  3.0271102E-02  2.8336344E-02  5.3509744E-01  4.6395101E-01  1.3626515E-02  1.2912405E-03  0.0000000E+00  4.0728636E-01
 0.0000000E+00  1.7985540E-03  1.3435012E-02  2.9204395E-02  2.7385084E-02  5.1995906E-01  4.5023605E-01  1.3435012E-02  1.7985540E-03  0.0000000E+00  3.8946193E-01
 0.0000000E+00  2.2306474E-03  1.3221920E-02  2.8180181E-02  2.6466983E-02  5.0533459E-01  4.3702469E-01  1.3221920E-02  2.2306474E-03  0.0000000E+00  3.7169549E-01
 0.0000000E+00  2.5976245E-03  1.2991220E-02  2.7195101E-02  2.5579865E-02  4.9118550E-01  4.2427633E-01  1.2991220E-02  2.5976245E-03  0.0000000E+00  3.5415311E-01
 0.0000000E+00  2.9080021E-03  1.2746365E-02  2.6246842E-02  2.4722221E-02  4.7748597E-01  4.1196412E-01  1.2746365E-02  2.9080021E-03  0.0000000E+00  3.3696395E-01
 0.0000000E+00  3.1689631E-03  1.2490148E-02  2.5332916E-02  2.3892401E-02  4.6420907E-01  4.0005959E-01  1.2490148E-02  3.1689631E-03  0.0000000E+00  3.2022291E-01
 0.0000000E+00  3.3866943E-03  1.2224996E-02  2.4451294E-02  2.3089057E-02  4.5132961E-01  3.8853682E-01  1.2224996E-02  3.3866943E-03  0.0000000E+00  3.0399588E-01
 0.0000000E+00  3.5664938E-03  1.1952991E-02  2.3600381E-02  2.2311099E-02  4.3882819E-01  3.7737594E-01  1.1952991E-02  3.5664938E-03  0.0000000E+00  2.8833031E-01
 3.3604400E-04  3.7255746E-03  1.1660846E-02  2.2727759E-02  2.1511093E-02  4.2586451E-01  3.6582800E-01  1.1660846E-02  3.7255746E-03  3.3604400E-04  2.7113851E-01
 6.2778262E-04  3.8500187E-03  1.1360714E-02  2.1879159E-02  2.0730585E-02  4.1320806E-01  3.5457646E-01  1.1360714E-02  3.8500187E-03  6.2778262E-04  2.5473803E-01
 8.7996059E-04  3.9439120E-03  1.1054678E-02  2.1054483E-02  1.9969829E-02  4.0085167E-01  3.4361322E-01  1.1054678E-02  3.9439120E-03  8.7996059E-04  2.3913309E-01
 1.0968060E-03  4.0108919E-03  1.0744609E-02  2.0253500E-02  1.9228903E-02  3.8878983E-01  3.3293138E-01  1.0744609E-02  4.0108919E-03  1.0968060E-03  2.2432026E-01
 1.2820936E-03  4.0541482E-03  1.0432141E-02  1.9475999E-02  1.8507880E-02  3.7701726E-01  3.2252437E-01  1.0432141E-02  4.0541482E-03  1.2820936E-03  2.1028899E-01
 1.4392001E-03  4.0765540E-03  1.0118672E-02  1.8721696E-02  1.7806733E-02  3.6552763E-01  3.1238534E-01  1.0118672E-02  4.0765540E-03  1.4392001E-03  1.9702373E-01
 1.5711488E-03  4.0806661E-03  9.8054657E-03  1.7990317E-02  1.7125417E-02  3.5431439E-01  3.0250713E-01  9.8054657E-03  4.0806661E-03  1.5711488E-03  1.8450419E-01
 1.6806523E-03  4.0688042E-03  9.4936305E-03  1.7281575E-02  1.6463849E-02  3.4337321E-01  2.9288458E-01  9.4936305E-03  4.0688042E-03  1.6806523E-03  1.7270665E-01
 1.7701514E-03  4.0429717E-03  9.1841149E-03  1.6595120E-02  1.5821881E-02  3.3269966E-01  2.8351237E-01  9.1841149E-03  4.0429717E-03  1.7701514E-03  1.6160499E-01
 1.8418366E-03  4.0050665E-03  8.8777361E-03  1.5930600E-02  1.5199336E-02  3.2228781E-01  2.7438429E-01  8.8777361E-03  4.0050665E-03  1.8418366E-03  1.5117183E-01
 1.8976796E-03  3.9566964E-03  8.5752058E-03  1.5287673E-02  1.4596029E-02  3.1213367E-01  2.6549566E-01  8.5752058E-03  3.9566964E-03  1.8976796E-03  1.4137735E-01
 1.9394597E-03  3.8993377E-03  8.2771567E-03  1.4665937E-02  1.4011703E-02  3.0223322E-01  2.5684178E-01  8.2771567E-03  3.8993377E-03  1.9394597E-03  1.3219258E-01
 1.9687744E-03  3.8343083E-03  7.9841422E-03  1.4064991E-02  1.3446101E-02  2.9257950E-01  2.4841618E-01  7.9841422E-03  3.8343083E-03  1.9687744E-03  1.2358745E-01
 1.9870654E-03  3.7628208E-03  7.6965579E-03  1.3484431E-02  1.2898940E-02  2.8317197E-01  2.4021675E-01  7.6965579E-03  3.7628208E-03  1.9870654E-03  1.1553193E-01
 1.9956349E-03  3.6859032E-03  7.4148518E-03  1.2923827E-02  1.2369914E-02  2.7400209E-01  2.3223595E-01  7.4148518E-03  3.6859032E-03  1.9956349E-03  1.0799674E-01
 1.9956533E-03  3.6045045E-03  7.1392612E-03  1.2382762E-02  1.1858699E-02  2.6506944E-01  2.2447184E-01  7.1392612E-03  3.6045045E-03  1.9956533E-03  1.0095264E-01
 1.9881777E-03  3.5194681E-03  6.8701023E-03  1.1860795E-02  1.1364974E-02  2.5636894E-01  2.1691947E-01  6.8701023E-03  3.5194681E-03  1.9881777E-03  9.4371680E-02
 1.9741570E-03  3.4315848E-03  6.6075596E-03  1.1357490E-02  1.0888384E-02  2.4789565E-01  2.0957404E-01  6.6075596E-03  3.4315848E-03  1.9741570E-03  8.8226179E-02
 1.9544479E-03  3.3414874E-03  6.3518178E-03  1.0872367E-02  1.0428537E-02  2.3964462E-01  2.0243075E-01  6.3518178E-03  3.3414874E-03  1.9544479E-03  8.2490309E-02
 1.9298253E-03  3.2498083E-03  6.1029295E-03  1.0405001E-02  9.9850965E-03  2.3161393E-01  1.9548676E-01  6.1029295E-03  3.2498083E-03  1.9298253E-03  7.7138235E-02
 1.9009772E-03  3.1570485E-03  5.8610266E-03  9.9549238E-03  9.5576596E-03  2.2380041E-01  1.8873865E-01  5.8610266E-03  3.1570485E-03  1.9009772E-03  7.2145972E-02
 1.8685284E-03  3.0636825E-03  5.6261617E-03  9.5216872E-03  9.1458569E-03  2.1619776E-01  1.8218087E-01  5.6261617E-03  3.0636825E-03  1.8685284E-03  6.7490322E-02
 1.8330377E-03  2.9701319E-03  5.3983084E-03  9.1048074E-03  8.7492764E-03  2.0880269E-01  1.7580984E-01  5.3983084E-03  2.9701319E-03  1.8330377E-03  6.3149406E-02
 1.7950086E-03  2.8767659E-03  5.1775195E-03  8.7038526E-03  8.3675326E-03  2.0161363E-01  1.6962321E-01  5.1775195E-03  2.8767659E-03  1.7950086E-03  5.9102665E-02
 1.7548891E-03  2.7838743E-03  4.9636897E-03  8.3183543E-03  8.0002242E-03  1.9462403E-01  1.6361536E-01  4.9636897E-03  2.7838743E-03  1.7548891E-03  5.5329801E-02
 1.7130800E-03  2.6917998E-03  4.7568187E-03  7.9478492E-03  7.6469447E-03  1.8783158E-01  1.5778362E-01  4.7568187E-03  2.6917998E-03  1.7130800E-03  5.1812890E-02
 0.0000000E+00  0.0000000E+00  1.1532016E-02  2.7375138E-02  2.5601576E-02  5.5062440E-01  4.7585443E-01  1.1532016E-02  0.0000000E+00  0.0000000E+00  4.0332133E-01
 0.0000000E+00  0.0000000E+00  1.1529086E-02  2.7348033E-02  2.5577596E-02  5.5017462E-01  4.7544764E-01  1.1529086E-02  0.0000000E+00  0.0000000E+00  4.0292685E-01
 0.0000000E+00  5.9814487E-04  1.1409503E-02  2.6313985E-02  2.4660084E-02  5.3270037E-01  4.5969286E-01  1.1409503E-02  5.9814487E-04  0.0000000E+00  3.8518668E-01
 0.0000000E+00  1.1047092E-03  1.1261433E-02  2.5333909E-02  2.3785106E-02  5.1609465E-01  4.4476581E-01  1.1261433E-02  1.1047092E-03  0.0000000E+00  3.6735633E-01
 0.0000000E+00  1.5333559E-03  1.1089639E-02  2.4395371E-02  2.2942553E-02  5.0015416E-01  4.3047532E-01  1.1089639E-02  1.5333559E-03  0.0000000E+00  3.4957389E-01
 0.0000000E+00  1.8953220E-03  1.0898769E-02  2.3495320E-02  2.2130520E-02  4.8482502E-01  4.1676872E-01  1.0898769E-02  1.8953220E-03  0.0000000E+00  3.3203659E-01
 0.0000000E+00  2.1999284E-03  1.0692683E-02  2.2631082E-02  2.1347283E-02  4.7006484E-01  4.0360221E-01  1.0692683E-02  2.1999284E-03  0.0000000E+00  3.1488813E-01
 0.0000000E+00  2.4549744E-03  1.0474565E-02  2.1800390E-02  2.0591362E-02  4.5583655E-01  3.9093847E-01  1.0474565E-02  2.4549744E-03  0.0000000E+00  2.9823558E-01
 0.0000000E+00  2.6670450E-03  1.0247037E-02  2.1001217E-02  1.9861403E-02  4.4210284E-01  3.7874126E-01  1.0247037E-02  2.6670450E-03  0.0000000E+00  2.8214657E-01
 0.0000000E+00  2.8417249E-03  1.0012352E-02  2.0231805E-02  1.9156233E-02  4.2883341E-01  3.6698059E-01  1.0012352E-02  2.8417249E-03  0.0000000E+00  2.6667351E-01
 0.0000000E+00  2.9838210E-03  9.7723688E-03  1.9490560E-02  1.8474742E-02  4.1600412E-01  3.5563156E-01  9.7723688E-03  2.9838210E-03  0.0000000E+00  2.5184175E-01
 2.7700851E-04  3.1073485E-03  9.5153109E-03  1.8731868E-02  1.7775363E-02  4.0275220E-01  3.4393255E-01  9.5153109E-03  3.1073485E-03  2.7700851E-04  2.3577444E-01
 5.1595003E-04  3.2014876E-03  9.2522514E-03  1.7995783E-02  1.7094770E-02  3.8986464E-01  3.3257642E-01  9.2522514E-03  3.2014876E-03  5.1595003E-04  2.2054229E-01
 7.2107787E-04  3.2698447E-03  8.9850499E-03  1.7282104E-02  1.6433050E-02  3.7732939E-01  3.2155071E-01  8.9850499E-03  3.2698447E-03  7.2107787E-04  2.0613797E-01
 8.9616912E-04  3.3156885E-03  8.7153124E-03  1.6590576E-02  1.5790233E-02  3.6513687E-01  3.1084528E-01  8.7153124E-03  3.3156885E-03  8.9616912E-04  1.9254656E-01
 1.0445769E-03  3.3418367E-03  8.4444479E-03  1.5920941E-02  1.5166295E-02  3.5327927E-01  3.0045130E-01  8.4444479E-03  3.3418367E-03  1.0445769E-03  1.7974777E-01
 1.1692822E-03  3.3507970E-03  8.1737242E-03  1.5272859E-02  1.4561125E-02  3.4174568E-01  2.9035799E-01  8.1737242E-03  3.3507970E-03  1.1692822E-03  1.6771623E-01
 1.2729506E-03  3.3448516E-03  7.9041558E-03  1.4646038E-02  1.3974620E-02  3.3052897E-01  2.8055755E-01  7.9041558E-03  3.3448516E-03  1.2729506E-03  1.5642406E-01
 1.3579519E-03  3.3259449E-03  7.6366725E-03  1.4040087E-02  1.3406581E-02  3.1961880E-01  2.7104003E-01  7.6366725E-03  3.3259449E-03  1.3579519E-03  1.4584110E-01
 1.4264161E-03  3.2958802E-03  7.3720632E-03  1.3454674E-02  1.2856831E-02  3.0901018E-01  2.6179943E-01  7.3720632E-03  3.2958802E-03  1.4264161E-03  1.3593523E-01
 1.4802368E-03  3.2562353E-03  7.1110042E-03  1.2889362E-02  1.2325103E-02  2.9869466E-01  2.5282730E-01  7.1110042E-03  3.2562353E-03  1.4802368E-03  1.2667376E-01
 1.5211187E-03  3.2084191E-03  6.8540873E-03  1.2343769E-02  1.1811132E-02  2.8866448E-01  2.4411618E-01  6.8540873E-03  3.2084191E-03  1.5211187E-03  1.1802402E-01
 1.5505833E-03  3.1536432E-03  6.6017913E-03  1.1817474E-02  1.1314634E-02  2.7891477E-01  2.3566023E-01  6.6017913E-03  3.1536432E-03  1.5505833E-03  1.0995274E-01
 1.5700000E-03  3.0930628E-03  6.3545108E-03  1.1310050E-02  1.0835303E-02  2.6943810E-01  2.2745251E-01  6.3545108E-03  3.0930628E-03  1.5700000E-03  1.0242754E-01
 1.5805917E-03  3.0276643E-03  6.1125840E-03  1.0821052E-02  1.0372795E-02  2.6022670E-01  2.1948559E-01  6.1125840E-03  3.0276643E-03  1.5805917E-03  9.5416563E-02
 1.5834544E-03  2.9583209E-03  5.8762925E-03  1.0350037E-02  9.9267644E-03  2.5127807E-01  2.1175574E-01  5.8762925E-03  2.9583209E-03  1.5834544E-03  8.8888821E-02
 1.5795745E-03  2.8857936E-03  5.6458900E-03  9.8965441E-03  9.4968554E-03  2.4258310E-01  2.0425491E-01  5.6458900E-03  2.8857936E-03  1.5795745E-03  8.2814163E-02
 1.5698337E-03  2.8107810E-03  5.4215173E-03  9.4601452E-03  9.0827064E-03  2.3413795E-01  1.9697877E-01  5.4215173E-03  2.8107810E-03  1.5698337E-03  7.7164131E-02
 1.5550211E-03  2.7339144E-03  5.2032872E-03  9.0403568E-03  8.6839276E-03  2.2593541E-01  1.8992070E-01  5.2032872E-03  2.7339144E-03  1.5550211E-03  7.1910830E-02
 1.5358439E-03  2.6557264E-03  4.9913124E-03  8.6367347E-03  8.3001463E-03  2.1797164E-01  1.8307638E-01  4.9913124E-03  2.6557264E-03  1.5358439E-03  6.7028337E-02
 1.5129389E-03  2.5766930E-03  4.7856492E-03  8.2488230E-03  7.9309729E-03  2.1024175E-01  1.7644084E-01  4.7856492E-03  2.5766930E-03  1.5129389E-03  6.2491292E-02
 1.4868668E-03  2.4972369E-03  4.5863258E-03  7.8761547E-03  7.5760009E-03  2.0273891E-01  1.7000795E-01  4.5863258E-03  2.4972369E-03  1.4868668E-03  5.8276592E-02
 1.4581377E-03  2.4177217E-03  4.3933141E-03  7.5183023E-03  7.2348690E-03  1.9545891E-01  1.6377346E-01  4.3933141E-03  2.4177217E-03  1.4581377E-03  5.4361130E-02
 1.4272022E-03  2.3384714E-03  4.2066139E-03  7.1747591E-03  6.9071257E-03  1.8839650E-01  1.5773220E-01  4.2066139E-03  2.3384714E-03  1.4272022E-03  5.0724337E-02
 1.3944579E-03  2.2597677E-03  4.0261691E-03  6.8451368E-03  6.5924268E-03  1.8154695E-01  1.5187960E-01  4.0261691E-03  2.2597677E-03  1.3944579E-03  4.7346490E-02
 1.3602680E-03  2.1818501E-03  3.8519231E-03  6.5289684E-03  6.2903658E-03  1.7490565E-01  1.4621126E-01  3.8519231E-03  2.1818501E-03  1.3602680E-03  4.4208993E-02
 1.3249455E-03  2.1049300E-03  3.6837634E-03  6.2258092E-03  6.0005422E-03  1.6846757E-01  1.4072234E-01  3.6837634E-03  2.1049300E-03  1.3249455E-03  4.1294092E-02
 0.0000000E+00  0.0000000E+00  9.3604770E-03  2.2640169E-02  2.1243104E-02  5.2987303E-01  4.5501419E-01  9.3604770E-03  0.0000000E+00  0.0000000E+00  3.6665249E-01
 0.0000000E+00  0.0000000E+00  9.3580675E-03  2.2616801E-02  2.1222257E-02  5.2940071E-01  4.5459196E-01  9.3580675E-03  0.0000000E+00  0.0000000E+00  3.6623684E-01
 0.0000000E+00  5.0776790E-04  9.2576193E-03  2.1721500E-02  2.0422257E-02  5.1102645E-01  4.3820391E-01  9.2576193E-03  5.0776790E-04  0.0000000E+00  3.4802967E-01
 0.0000000E+00  9.3410500E-04  9.1309069E-03  2.0873392E-02  1.9659791E-02  4.9366188E-01  4.2275701E-01  9.1309069E-03  9.3410500E-04  0.0000000E+00  3.3001827E-01
 0.0000000E+00  1.2916584E-03  8.9827195E-03  2.0061854E-02  1.8926264E-02  4.7707083E-01  4.0803503E-01  8.9827195E-03  1.2916584E-03  0.0000000E+00  3.1228999E-01
 0.0000000E+00  1.5907561E-03  8.8175748E-03  1.9284428E-02  1.8220189E-02  4.6119404E-01  3.9397915E-01  8.8175748E-03  1.5907561E-03  0.0000000E+00  2.9501139E-01
 0.0000000E+00  1.8399098E-03  8.6390873E-03  1.8538929E-02  1.7540166E-02  4.4597527E-01  3.8053510E-01  8.6390873E-03  1.8399098E-03  0.0000000E+00  2.7829663E-01
 0.0000000E+00  2.0462096E-03  8.4502687E-03  1.7823456E-02  1.6884996E-02  4.3136455E-01  3.6765494E-01  8.4502687E-03  2.0462096E-03  0.0000000E+00  2.6221950E-01
 0.0000000E+00  2.2155981E-03  8.2535589E-03  1.7136274E-02  1.6253490E-02  4.1731983E-01  3.5529820E-01  8.2535589E-03  2.2155981E-03  0.0000000E+00  2.4682698E-01
 0.0000000E+00  2.3530932E-03  8.0510361E-03  1.6475853E-02  1.5644620E-02  4.0380632E-01  3.4343070E-01  8.0510361E-03  2.3530932E-03  0.0000000E+00  2.3214528E-01
 0.0000000E+00  2.4629718E-03  7.8444170E-03  1.5840841E-02  1.5057447E-02  3.9078693E-01  3.3201783E-01  7.8444170E-03  2.4629718E-03  0.0000000E+00  2.1818373E-01
 2.2513740E-04  2.5564835E-03  7.6235515E-03  1.5192101E-02  1.4456081E-02  3.7739432E-01  3.2029929E-01  7.6235515E-03  2.5564835E-03  2.2513740E-04  2.0325655E-01
 4.1798800E-04  2.6254147E-03  7.3981680E-03  1.4564133E-02  1.3872315E-02  3.6441581E-01  3.0896332E-01  7.3981680E-03  2.6254147E-03  4.1798800E-04  1.8920375E-01
 5.8232547E-04  2.6729733E-03  7.1699834E-03  1.3956680E-02  1.3306166E-02  3.5184210E-01  2.9799902E-01  7.1699834E-03  2.6729733E-03  5.8232547E-04  1.7600422E-01
 7.2148011E-04  2.7019782E-03  6.9403531E-03  1.3369528E-02  1.2757636E-02  3.3965488E-01  2.8738946E-01  6.9403531E-03  2.7019782E-03  7.2148011E-04  1.6363087E-01
 8.3838856E-04  2.7149145E-03  6.7105421E-03  1.2802299E-02  1.2226561E-02  3.2784356E-01  2.7712326E-01  6.7105421E-03  2.7149145E-03  8.3838856E-04  1.5205327E-01
 9.3565615E-04  2.7139658E-03  6.4815443E-03  1.2254738E-02  1.1712865E-02  3.1639440E-01  2.6718735E-01  6.4815443E-03  2.7139658E-03  9.3565615E-04  1.4123740E-01
 1.0155900E-03  2.7010656E-03  6.2542633E-03  1.1726429E-02  1.1216302E-02  3.0529752E-01  2.5757142E-01  6.2542633E-03  2.7010656E-03  1.0155900E-03  1.3114740E-01
 1.0802443E-03  2.6779159E-03  6.0295123E-03  1.1217001E-02  1.0736668E-02  2.9453980E-01  2.4826330E-01  6.0295123E-03  2.6779159E-03  1.0802443E-03  1.2174653E-01
 1.1314413E-03  2.6460284E-03  5.8078335E-03  1.0726094E-02  1.0273724E-02  2.8411375E-01  2.3925480E-01  5.8078335E-03  2.6460284E-03  1.1314413E-03  1.1299775E-01
 1.1708043E-03  2.6067317E-03  5.5898594E-03  1.0253234E-02  9.8271287E-03  2.7400675E-01  2.3053446E-01  5.5898594E-03  2.6067317E-03  1.1708043E-03  1.0486400E-01
 1.1997762E-03  2.5612032E-03  5.3760117E-03  9.7980490E-03  9.3966229E-03  2.6421156E-01  2.2209446E-01  5.3760117E-03  2.5612032E-03  1.1997762E-03  9.7308854E-02
 1.2196429E-03  2.5104851E-03  5.1666518E-03  9.3600877E-03  8.9818739E-03  2.5471795E-01  2.1392546E-01  5.1666518E-03  2.5104851E-03  1.2196429E-03  9.0296756E-02
 1.2315582E-03  2.4554961E-03  4.9621109E-03  8.9388876E-03  8.5825011E-03  2.4551904E-01  2.0602017E-01  4.9621109E-03  2.4554961E-03  1.2315582E-03  8.3792773E-02
 1.2365399E-03  2.3970494E-03  4.7626301E-03  8.5340341E-03  8.1981962E-03  2.3660484E-01  1.9836959E-01  4.7626301E-03  2.3970494E-03  1.2365399E-03  7.7764375E-02
 1.2354978E-03  2.3358589E-03  4.5683901E-03  8.1450581E-03  7.8285549E-03  2.2796718E-01  1.9096597E-01  4.5683901E-03  2.3358589E-03  1.2354978E-03  7.2179335E-02
 1.2292510E-03  2.2725569E-03  4.3795415E-03  7.7715087E-03  7.4732147E-03  2.1960164E-01  1.8380405E-01  4.3795415E-03  2.2725569E-03  1.2292510E-03  6.7006930E-02
 1.2185165E-03  2.2076978E-03  4.1961746E-03  7.4129471E-03  7.1318015E-03  2.1149829E-01  1.7687511E-01  4.1961746E-03  2.2076978E-03  1.2185165E-03  6.2218849E-02
 1.2039447E-03  2.1417634E-03  4.0183798E-03  7.0689161E-03  6.8039289E-03  2.0365082E-01  1.7017310E-01  4.0183798E-03  2.1417634E-03  1.2039447E-03  5.7787683E-02
 1.1861080E-03  2.0751845E-03  3.8461871E-03  6.7389525E-03  6.4891868E-03  1.9605253E-01  1.6369147E-01  3.8461871E-03  2.0751845E-03  1.1861080E-03  5.3687529E-02
 1.1655123E-03  2.0083285E-03  3.6795967E-03  6.4226294E-03  6.1872188E-03  1.8869676E-01  1.5742394E-01  3.6795967E-03  2.0083285E-03  1.1655123E-03  4.9894292E-02
 1.1426186E-03  1.9415206E-03  3.5186085E-03  6.1195075E-03  5.8976211E-03  1.8157729E-01  1.5136467E-01  3.5186085E-03  1.9415206E-03  1.1426186E-03  4.6385382E-02
 1.1178213E-03  1.8750411E-03  3.3631623E-03  5.8291355E-03  5.6200014E-03  1.7468744E-01  1.4550738E-01  3.3631623E-03  1.8750411E-03  1.1178213E-03  4.3139113E-02
 1.0914789E-03  1.8091278E-03  3.2131978E-03  5.5510984E-03  5.3539918E-03  1.6802180E-01  1.3984696E-01  3.2131978E-03  1.8091278E-03  1.0914789E-03  4.0136209E-02
 1.0639106E-03  1.7439886E-03  3.0686850E-03  5.2849689E-03  5.0992062E-03  1.6157399E-01  1.3437743E-01  3.0686850E-03  1.7439886E-03  1.0639106E-03  3.7357694E-02
 1.0353905E-03  1.6798011E-03  2.9295122E-03  5.0303078E-03  4.8552407E-03  1.5533852E-01  1.2909373E-01  2.9295122E-03  1.6798011E-03  1.0353905E-03  3.4786702E-02
 1.0061626E-03  1.6167160E-03  2.7955803E-03  4.7867479E-03  4.6217696E-03  1.4930951E-01  1.2399031E-01  2.7955803E-03  1.6167160E-03  1.0061626E-03  3.2406968E-02
 0.0000000E+00  0.0000000E+00  7.4299536E-03  1.8403155E-02  1.7327325E-02  5.0520882E-01  4.3096488E-01  7.4299536E-03  0.0000000E+00  0.0000000E+00  3.3215441E-01
 0.0000000E+00  0.0000000E+00  7.4280862E-03  1.8383300E-02  1.7309479E-02  5.0471519E-01  4.3052869E-01  7.4280862E-03  0.0000000E+00  0.0000000E+00  3.3171655E-01
 0.0000000E+00  4.2505539E-04  7.3490777E-03  1.7622656E-02  1.6624885E-02  4.8564807E-01  4.1369942E-01  7.3490777E-03  4.2505539E-04  0.0000000E+00  3.1305200E-01
 0.0000000E+00  7.7864898E-04  7.2457936E-03  1.6902196E-02  1.5972582E-02  4.6771782E-01  3.9791165E-01  7.2457936E-03  7.7864898E-04  0.0000000E+00  2.9489292E-01
 0.0000000E+00  1.0723391E-03  7.1229988E-03  1.6213211E-02  1.5345499E-02  4.5067062E-01  3.8293531E-01  7.1229988E-03  1.0723391E-03  0.0000000E+00  2.7727731E-01
 0.0000000E+00  1.3154978E-03  6.9849754E-03  1.5553811E-02  1.4742565E-02  4.3443052E-01  3.6869822E-01  6.9849754E-03  1.3154978E-03  0.0000000E+00  2.6032526E-01
 0.0000000E+00  1.5158008E-03  6.8352327E-03  1.4922279E-02  1.4162730E-02  4.1893098E-01  3.5513750E-01  6.8352327E-03  1.5158008E-03  0.0000000E+00  2.4411242E-01
 0.0000000E+00  1.6796002E-03  6.6765396E-03  1.4317068E-02  1.3604997E-02  4.0411448E-01  3.4219897E-01  6.6765396E-03  1.6796002E-03  0.0000000E+00  2.2868033E-01
 0.0000000E+00  1.8121825E-03  6.5111820E-03  1.3736768E-02  1.3068425E-02  3.8993172E-01  3.2983598E-01  6.5111820E-03  1.8121825E-03  0.0000000E+00  2.1404862E-01
 0.0000000E+00  1.9179972E-03  6.3410272E-03  1.3180056E-02  1.2552116E-02  3.7633560E-01  3.1800514E-01  6.3410272E-03  1.9179972E-03  0.0000000E+00  2.0021795E-01
 0.0000000E+00  2.0007951E-03  6.1676528E-03  1.2645776E-02  1.2055228E-02  3.6328636E-01  3.0666928E-01  6.1676528E-03  2.0007951E-03  0.0000000E+00  1.8717737E-01
 1.7998257E-04  2.0694559E-03  5.9825592E-03  1.2101028E-02  1.1547431E-02  3.4991431E-01  2.9507284E-01  5.9825592E-03  2.0694559E-03  1.7998257E-04  1.7342074E-01
 3.3300438E-04  2.1179138E-03  5.7941493E-03  1.1574931E-02  1.1055722E-02  3.3700694E-01  2.8389775E-01  5.7941493E-03  2.1179138E-03  3.3300438E-04  1.6056786E-01
 4.6236388E-04  2.1489666E-03  5.6039044E-03  1.1067257E-02  1.0580104E-02  3.2454598E-01  2.7312623E-01  5.6039044E-03  2.1489666E-03  4.6236388E-04  1.4858426E-01
 5.7094744E-04  2.1650452E-03  5.4129833E-03  1.0577705E-02  1.0120460E-02  3.1251352E-01  2.6274107E-01  5.4129833E-03  2.1650452E-03  5.7094744E-04  1.3743067E-01
 6.6129529E-04  2.1682744E-03  5.2224163E-03  1.0105980E-02  9.6766653E-03  3.0089220E-01  2.5272585E-01  5.2224163E-03  2.1682744E-03  6.6129529E-04  1.2706652E-01
 7.3564505E-04  2.1605217E-03  5.0331372E-03  9.6517486E-03  9.2485382E-03  2.8966900E-01  2.4306749E-01  5.0331372E-03  2.1605217E-03  7.3564505E-04  1.1744867E-01
 7.9596710E-04  2.1434193E-03  4.8458543E-03  9.2146336E-03  8.8358451E-03  2.7882528E-01  2.3374924E-01  4.8458543E-03  2.1434193E-03  7.9596710E-04  1.0853494E-01
 8.4400324E-04  2.1183967E-03  4.6611791E-03  8.7942558E-03  8.4383208E-03  2.6834880E-01  2.2475918E-01  4.6611791E-03  2.1183967E-03  8.4400324E-04  1.0028283E-01
 8.8129241E-04  2.0867096E-03  4.4796270E-03  8.3901982E-03  8.0556740E-03  2.5822759E-01  2.1608577E-01  4.4796270E-03  2.0867096E-03  8.8129241E-04  9.2650176E-02
 9.0919651E-04  2.0494623E-03  4.3016486E-03  8.0020239E-03  7.6875689E-03  2.4844775E-01  2.0771619E-01  4.3016486E-03  2.0494623E-03  9.0919651E-04  8.5597042E-02
 9.2891966E-04  2.0076238E-03  4.1275981E-03  7.6293540E-03  7.3337084E-03  2.3900033E-01  1.9964137E-01  4.1275981E-03  2.0076238E-03  9.2891966E-04  7.9083831E-02
 9.4153397E-04  1.9620410E-03  3.9577009E-03  7.2717325E-03  6.9937435E-03  2.2987228E-01  1.9184956E-01  3.9577009E-03  1.9620410E-03  9.4153397E-04  7.3073519E-02
 9.4797957E-04  1.9134576E-03  3.7922467E-03  6.9287223E-03  6.6673064E-03  2.2105368E-01  1.8433136E-01  3.7922467E-03  1.9134576E-03  9.4797957E-04  6.7529725E-02
 9.4909999E-04  1.8625238E-03  3.6313643E-03  6.5998863E-03  6.3540294E-03  2.1253476E-01  1.7707757E-01  3.6313643E-03  1.8625238E-03  9.4909999E-04  6.2419285E-02
 9.4563572E-04  1.8098064E-03  3.4751825E-03  6.2847874E-03  6.0535446E-03  2.0430585E-01  1.7007914E-01  3.4751825E-03  1.8098064E-03  9.4563572E-04  5.7709362E-02
 9.3824356E-04  1.7558044E-03  3.3237978E-03  5.9829949E-03  5.7654779E-03  1.9635777E-01  1.6332759E-01  3.3237978E-03  1.7558044E-03  9.3824356E-04  5.3370334E-02
 9.2750626E-04  1.7009492E-03  3.1772747E-03  5.6940715E-03  5.4894616E-03  1.8868202E-01  1.5681498E-01  3.1772747E-03  1.7009492E-03  9.2750626E-04  4.9373869E-02
 9.1394218E-04  1.6456143E-03  3.0356164E-03  5.4175929E-03  5.2251152E-03  1.8127003E-01  1.5053344E-01  3.0356164E-03  1.6456143E-03  9.1394218E-04  4.5692923E-02
 8.9799881E-04  1.5901248E-03  2.8988293E-03  5.1531089E-03  4.9720516E-03  1.7411371E-01  1.4447532E-01  2.8988293E-03  1.5901248E-03  8.9799881E-04  4.2303671E-02
 8.8008507E-04  1.5347609E-03  2.7668877E-03  4.9002400E-03  4.7299102E-03  1.6720546E-01  1.3863371E-01  2.7668877E-03  1.5347609E-03  8.8008507E-04  3.9182289E-02
 8.6055510E-04  1.4797608E-03  2.6397465E-03  4.6585359E-03  4.4983037E-03  1.6053789E-01  1.3300185E-01  2.6397465E-03  1.4797608E-03  8.6055510E-04  3.6307526E-02
 8.3971798E-04  1.4253338E-03  2.5173510E-03  4.4276109E-03  4.2768778E-03  1.5410314E-01  1.2757245E-01  2.5173510E-03  1.4253338E-03  8.3971798E-04  3.3660065E-02
 8.1785059E-04  1.3716506E-03  2.3996206E-03  4.2070595E-03  4.0652650E-03  1.4789465E-01  1.2233951E-01  2.3996206E-03  1.3716506E-03  8.1785059E-04  3.1220976E-02
 7.9519440E-04  1.3188559E-03  2.2864749E-03  3.9964766E-03  3.8630978E-03  1.4190567E-01  1.1729692E-01  2.2864749E-03  1.3188559E-03  7.9519440E-04  2.8973580E-02
 7.7195870E-04  1.2670754E-03  2.1778205E-03  3.7955146E-03  3.6700475E-03  1.3612938E-01  1.1243830E-01  2.1778205E-03  1.2670754E-03  7.7195870E-04  2.6902134E-02
 7.4833342E-04  1.2164056E-03  2.0735576E-03  3.6037812E-03  3.4857661E-03  1.3055922E-01  1.0775796E-01  2.0735576E-03  1.2164056E-03  7.4833342E-04  2.4992215E-02
 0.0000000E+00  0.0000000E+00  5.7501939E-03  1.4672802E-02  1.3864034E-02  4.7657277E-01  4.0372326E-01  5.7501939E-03  0.0000000E+00  0.0000000E+00  2.9931590E-01
 0.0000000E+00  0.0000000E+00  5.7488861E-03  1.4656252E-02  1.3849060E-02  4.7606660E-01  4.0328059E-01  5.7488861E-03  0.0000000E+00  0.0000000E+00  2.9886058E-01
 0.0000000E+00  3.4977748E-04  5.6912747E-03  1.4022689E-02  1.3274677E-02  4.5654883E-01  3.8623029E-01  5.6912747E-03  3.4977748E-04  0.0000000E+00  2.7982060E-01
 0.0000000E+00  6.3787567E-04  5.6113277E-03  1.3422611E-02  1.2727483E-02  4.3828749E-01  3.7031266E-01  5.6113277E-03  6.3787567E-04  0.0000000E+00  2.6161796E-01
 0.0000000E+00  8.7469148E-04  5.5137601E-03  1.2849025E-02  1.2201807E-02  4.2100814E-01  3.5528214E-01  5.5137601E-03  8.7469148E-04  0.0000000E+00  2.4422476E-01
 0.0000000E+00  1.0685810E-03  5.4025983E-03  1.2300612E-02  1.1696971E-02  4.0462329E-01  3.4105725E-01  5.4025983E-03  1.0685810E-03  0.0000000E+00  2.2771018E-01
 0.0000000E+00  1.2263515E-03  5.2810775E-03  1.1776012E-02  1.1212167E-02  3.8905125E-01  3.2756342E-01  5.2810775E-03  1.2263515E-03  0.0000000E+00  2.1210624E-01
 0.0000000E+00  1.3535921E-03  5.1517789E-03  1.1274056E-02  1.0746672E-02  3.7423052E-01  3.1474273E-01  5.1517789E-03  1.3535921E-03  0.0000000E+00  1.9741912E-01
 0.0000000E+00  1.4549282E-03  5.0168361E-03  1.0793556E-02  1.0299677E-02  3.6009813E-01  3.0253839E-01  5.0168361E-03  1.4549282E-03  0.0000000E+00  1.8363679E-01
 0.0000000E+00  1.5342213E-03  4.8779356E-03  1.0333476E-02  9.8704635E-03  3.4660359E-01  2.9090384E-01  4.8779356E-03  1.5342213E-03  0.0000000E+00  1.7073446E-01
 0.0000000E+00  1.5947202E-03  4.7364538E-03  9.8928073E-03  9.4583182E-03  3.3370029E-01  2.7979655E-01  4.7364538E-03  1.5947202E-03  0.0000000E+00  1.5867977E-01
 1.4112654E-04  1.6432734E-03  4.5855079E-03  9.4444390E-03  9.0380418E-03  3.2052903E-01  2.6847678E-01  4.5855079E-03  1.6432734E-03  1.4112654E-04  1.4613502E-01
 2.6015461E-04  1.6755791E-03  4.4321529E-03  9.0124510E-03  8.6321525E-03  3.0786485E-01  2.5760943E-01  4.4321529E-03  1.6755791E-03  2.6015461E-04  1.3451053E-01
 3.5990937E-04  1.6940120E-03  4.2775933E-03  8.5966246E-03  8.2405936E-03  2.9568397E-01  2.4717251E-01  4.2775933E-03  1.6940120E-03  3.5990937E-04  1.2375847E-01
 4.4285737E-04  1.7006335E-03  4.1228961E-03  8.1966590E-03  7.8632186E-03  2.8396492E-01  2.3714584E-01  4.1228961E-03  1.7006335E-03  4.4285737E-04  1.1382756E-01
 5.1115129E-04  1.6972299E-03  3.9689216E-03  7.8123007E-03  7.4999024E-03  2.7268693E-01  2.2751028E-01  3.9689216E-03  1.6972299E-03  5.1115129E-04  1.0466790E-01
 5.6667021E-04  1.6853566E-03  3.8163925E-03  7.4431588E-03  7.1503818E-03  2.6183171E-01  2.1824866E-01  3.8163925E-03  1.6853566E-03  5.6667021E-04  9.6229244E-02
 6.1107296E-04  1.6663627E-03  3.6658940E-03  7.0888837E-03  6.8144216E-03  2.5138111E-01  2.0934439E-01  3.6658940E-03  1.6663627E-03  6.1107296E-04  8.8463065E-02
 6.4580154E-04  1.6414287E-03  3.5179422E-03  6.7490979E-03  6.4917455E-03  2.4131868E-01  2.0078224E-01  3.5179422E-03  1.6414287E-03  6.4580154E-04  8.1322214E-02
 6.7213276E-04  1.6115734E-03  3.3729157E-03  6.4234167E-03  6.1820495E-03  2.3162929E-01  1.9254809E-01  3.3729157E-03  1.6115734E-03  6.7213276E-04  7.4760918E-02
 6.9118857E-04  1.5776914E-03  3.2311862E-03  6.1114351E-03  5.8850162E-03  2.2229830E-01  1.8462870E-01  3.2311862E-03  1.5776914E-03  6.9118857E-04  6.8736846E-02
 7.0394980E-04  1.5405538E-03  3.0929912E-03  5.8126997E-03  5.6002729E-03  2.1331216E-01  1.7701147E-01  3.0929912E-03  1.5405538E-03  7.0394980E-04  6.3208700E-02
 7.1128372E-04  1.5008418E-03  2.9585439E-03  5.5268394E-03  5.3275024E-03  2.0465795E-01  1.6968455E-01  2.9585439E-03  1.5008418E-03  7.1128372E-04  5.8138624E-02
 7.1395780E-04  1.4591338E-03  2.8279926E-03  5.2534214E-03  5.0663460E-03  1.9632321E-01  1.6263664E-01  2.8279926E-03  1.4591338E-03  7.1395780E-04  5.3489791E-02
 7.1263625E-04  1.4159425E-03  2.7014506E-03  4.9920335E-03  4.8164588E-03  1.8829673E-01  1.5585727E-01  2.7014506E-03  1.4159425E-03  7.1263625E-04  4.9228821E-02
 7.0791789E-04  1.3717049E-03  2.5789971E-03  4.7422835E-03  4.5774756E-03  1.8056704E-01  1.4933623E-01  2.5789971E-03  1.3717049E-03  7.0791789E-04  4.5324394E-02
 7.0031898E-04  1.3268031E-03  2.4606667E-03  4.5037249E-03  4.3490172E-03  1.7312409E-01  1.4306430E-01  2.4606667E-03  1.3268031E-03  7.0031898E-04  4.1746568E-02
 6.9030065E-04  1.2815572E-03  2.3464798E-03  4.2759795E-03  4.1307391E-03  1.6595750E-01  1.3703189E-01  2.3464798E-03  1.2815572E-03  6.9030065E-04  3.8468846E-02
 6.7825870E-04  1.2362493E-03  2.2364263E-03  4.0586212E-03  3.9222756E-03  1.5905765E-01  1.3123040E-01  2.2364263E-03  1.2362493E-03  6.7825870E-04  3.5465758E-02
 6.6454761E-04  1.1911239E-03  2.1304819E-03  3.8512991E-03  3.7232895E-03  1.5241546E-01  1.2565168E-01  2.1304819E-03  1.1911239E-03  6.6454761E-04  3.2714178E-02
 6.4947710E-04  1.1463735E-03  2.0285951E-03  3.6535980E-03  3.5334147E-03  1.4602191E-01  1.2028755E-01  2.0285951E-03  1.1463735E-03  6.4947710E-04  3.0192562E-02
 6.3331907E-04  1.1021807E-03  1.9307108E-03  3.4651645E-03  3.3523267E-03  1.3986891E-01  1.1513062E-01  1.9307108E-03  1.1021807E-03  6.3331907E-04  2.7881258E-02
 6.1630754E-04  1.0586796E-03  1.8367602E-03  3.2856175E-03  3.1796768E-03  1.3394771E-01  1.1017311E-01  1.8367602E-03  1.0586796E-03  6.1630754E-04  2.5762130E-02
 5.9864900E-04  1.0159977E-03  1.7466573E-03  3.1145899E-03  3.0151301E-03  1.2825089E-01  1.0540834E-01  1.7466573E-03  1.0159977E-03  5.9864900E-04  2.3818589E-02
 5.8052241E-04  9.7422426E-04  1.6603194E-03  2.9517536E-03  2.8583782E-03  1.2277096E-01  1.0082968E-01  1.6603194E-03  9.7422426E-04  5.8052241E-04  2.2035424E-02
 5.6208608E-04  9.3344545E-04  1.5776501E-03  2.7967578E-03  2.7090971E-03  1.1750021E-01  9.6430043E-02  1.5776501E-03  9.3344545E-04  5.6208608E-04  2.0398627E-02
 5.4347079E-04  8.9371976E-04  1.4985498E-03  2.6492779E-03  2.5669851E-03  1.1243199E-01  9.2203701E-02  1.4985498E-03  8.9371976E-04  5.4347079E-04  1.8895466E-02
 0.0000000E+00  0.0000000E+00  4.3237187E-03  1.1446217E-02  1.0853614E-02  4.4403058E-01  3.7341900E-01  4.3237187E-03  0.0000000E+00  0.0000000E+00  2.6765552E-01
 0.0000000E+00  0.0000000E+00  4.3229093E-03  1.1432744E-02  1.0841336E-02  4.4351779E-01  3.7297530E-01  4.3229093E-03  0.0000000E+00  0.0000000E+00  2.6718610E-01
 0.0000000E+00  2.8186963E-04  4.2848339E-03  1.0916130E-02  1.0369570E-02  4.2383981E-01  3.5596030E-01  4.2848339E-03  2.8186963E-04  0.0000000E+00  2.4794235E-01
 0.0000000E+00  5.1160933E-04  4.2264515E-03  1.0426787E-02  9.9201959E-03  4.0551791E-01  3.4015038E-01  4.2264515E-03  5.1160933E-04  0.0000000E+00  2.2987067E-01
 0.0000000E+00  6.9836678E-04  4.1523606E-03  9.9593710E-03  9.4888834E-03  3.8826567E-01  3.2529157E-01  4.1523606E-03  6.9836678E-04  0.0000000E+00  2.1286950E-01
 0.0000000E+00  8.4943629E-04  4.0662402E-03  9.5129387E-03  9.0752146E-03  3.7197666E-01  3.1128831E-01  4.0662402E-03  8.4943629E-04  0.0000000E+00  1.9695175E-01
 0.0000000E+00  9.7072600E-04  3.9711067E-03  9.0865085E-03  8.6786259E-03  3.5656826E-01  2.9806432E-01  3.9711067E-03  9.7072600E-04  0.0000000E+00  1.8210194E-01
 0.0000000E+00  1.0670441E-03  3.8692777E-03  8.6791353E-03  8.2985173E-03  3.4195979E-01  2.8554798E-01  3.8692777E-03  1.0670441E-03  0.0000000E+00  1.6828772E-01
 0.0000000E+00  1.1423526E-03  3.7626296E-03  8.2899101E-03  7.9342895E-03  3.2808860E-01  2.7368198E-01  3.7626296E-03  1.1423526E-03  0.0000000E+00  1.5546493E-01
 0.0000000E+00  1.1999293E-03  3.6526963E-03  7.9179749E-03  7.5853291E-03  3.1489430E-01  2.6241233E-01  3.6526963E-03  1.1999293E-03  0.0000000E+00  1.4358354E-01
 0.0000000E+00  1.2425224E-03  3.5406809E-03  7.5625006E-03  7.2510302E-03  3.0232779E-01  2.5169467E-01  3.5406809E-03  1.2425224E-03  0.0000000E+00  1.3258911E-01
 1.0816709E-04  1.2752820E-03  3.4212232E-03  7.2016145E-03  6.9109597E-03  2.8954991E-01  2.4081315E-01  3.4212232E-03  1.2752820E-03  1.0816709E-04  1.2130405E-01
 1.9861677E-04  1.2952946E-03  3.3000071E-03  6.8548306E-03  6.5834582E-03  2.7731164E-01  2.3040626E-01  3.3000071E-03  1.2952946E-03  1.9861677E-04  1.1093943E-01
 2.7372147E-04  1.3045394E-03  3.1780736E-03  6.5218781E-03  6.2683918E-03  2.6558375E-01  2.2044768E-01  3.1780736E-03  1.3045394E-03  2.7372147E-04  1.0143344E-01
 3.3553581E-04  1.3047197E-03  3.0562872E-03  6.2025303E-03  5.9656562E-03  2.5434233E-01  2.1091534E-01  3.0562872E-03  1.3047197E-03  3.3553581E-04  9.2725741E-02
 3.8584253E-04  1.2972959E-03  2.9353580E-03  5.8964574E-03  5.6750294E-03  2.4356343E-01  2.0178758E-01  2.9353580E-03  1.2972959E-03  3.8584253E-04  8.4757850E-02
 4.2619518E-04  1.2835298E-03  2.8158746E-03  5.6033806E-03  5.3963119E-03  2.3322514E-01  1.9304435E-01  2.8158746E-03  1.2835298E-03  4.2619518E-04  7.7473846E-02
 4.5794682E-04  1.2645178E-03  2.6983226E-03  5.3228964E-03  5.1292081E-03  2.2330747E-01  1.8466777E-01  2.6983226E-03  1.2645178E-03  4.5794682E-04  7.0820386E-02
 4.8226730E-04  1.2412017E-03  2.5830882E-03  5.0546599E-03  4.8734379E-03  2.1379116E-01  1.7664029E-01  2.5830882E-03  1.2412017E-03  4.8226730E-04  6.4746704E-02
 5.0019404E-04  1.2143870E-03  2.4704877E-03  4.7983038E-03  4.6287060E-03  2.0465880E-01  1.6894624E-01  2.4704877E-03  1.2143870E-03  5.0019404E-04  5.9205343E-02
 5.1261731E-04  1.1847801E-03  2.3607642E-03  4.5534463E-03  4.3946953E-03  1.9589356E-01  1.6157042E-01  2.3607642E-03  1.1847801E-03  5.1261731E-04  5.4152525E-02
 5.2033174E-04  1.1529806E-03  2.2541124E-03  4.3196908E-03  4.1710669E-03  1.8748029E-01  1.5449930E-01  2.2541124E-03  1.1529806E-03  5.2033174E-04  4.9547047E-02
 5.2401420E-04  1.1195110E-03  2.1506758E-03  4.0966581E-03  3.9574897E-03  1.7940430E-01  1.4771960E-01  2.1506758E-03  1.1195110E-03  5.2401420E-04  4.5349916E-02
 5.2427172E-04  1.0848237E-03  2.0505502E-03  3.8839766E-03  3.7536440E-03  1.7165147E-01  1.4121858E-01  2.0505502E-03  1.0848237E-03  5.2427172E-04  4.1525814E-02
 5.2162667E-04  1.0492939E-03  1.9538091E-03  3.6812581E-03  3.5591855E-03  1.6420910E-01  1.3498505E-01  1.9538091E-03  1.0492939E-03  5.2162667E-04  3.8042367E-02
 5.1653522E-04  1.0132528E-03  1.8604818E-03  3.4881118E-03  3.3737659E-03  1.5706461E-01  1.2900766E-01  1.8604818E-03  1.0132528E-03  5.1653522E-04  3.4869374E-02
 5.0940205E-04  9.7697994E-04  1.7705869E-03  3.3041666E-03  3.1970536E-03  1.5020618E-01  1.2327581E-01  1.7705869E-03  9.7697994E-04  5.0940205E-04  3.1978765E-02
 5.0057295E-04  9.4071443E-04  1.6841133E-03  3.1290755E-03  3.0287297E-03  1.4362322E-01  1.1778019E-01  1.6841133E-03  9.4071443E-04  5.0057295E-04  2.9345303E-02
 4.9034960E-04  9.0465493E-04  1.6010278E-03  2.9624724E-03  2.8684613E-03  1.3730434E-01  1.1251051E-01  1.6010278E-03  9.0465493E-04  4.9034960E-04  2.6945628E-02
 4.7900421E-04  8.6896699E-04  1.5212937E-03  2.8040097E-03  2.7159301E-03  1.3124029E-01  1.0745874E-01  1.5212937E-03  8.6896699E-04  4.7900421E-04  2.4758477E-02
 4.6676488E-04  8.3380143E-04  1.4448558E-03  2.6533448E-03  2.5708203E-03  1.2542040E-01  1.0261528E-01  1.4448558E-03  8.3380143E-04  4.6676488E-04  2.2764426E-02
 4.5383025E-04  7.9926127E-04  1.3716442E-03  2.5101483E-03  2.4328285E-03  1.1983624E-01  9.7972780E-02  1.3716442E-03  7.9926127E-04  4.5383025E-04  2.0945706E-02
 4.4037324E-04  7.6545319E-04  1.3015927E-03  2.3740990E-03  2.3016541E-03  1.1447853E-01  9.3522835E-02  1.3015927E-03  7.6545319E-04  4.4037324E-04  1.9286204E-02
 4.2654466E-04  7.3244341E-04  1.2346166E-03  2.2448830E-03  2.1770079E-03  1.0933890E-01  8.9258370E-02  1.2346166E-03  7.3244341E-04  4.2654466E-04  1.7771204E-02
 4.1247329E-04  7.0029814E-04  1.1706314E-03  2.1222010E-03  2.0586077E-03  1.0440905E-01  8.5171870E-02  1.1706314E-03  7.0029814E-04  4.1247329E-04  1.6387428E-02
 3.9826948E-04  6.6906522E-04  1.1095488E-03  2.0057545E-03  1.9461746E-03  9.9681274E-02  8.1256702E-02  1.1095488E-03  6.6906522E-04  3.9826948E-04  1.5122660E-02
 3.8402889E-04  6.3877774E-04  1.0512805E-03  1.8952663E-03  1.8394487E-03  9.5148209E-02  7.7506235E-02  1.0512805E-03  6.3877774E-04  3.8402889E-04  1.3966011E-02
 0.0000000E+00  0.0000000E+00  3.1454089E-03  8.7099278E-03  8.2874818E-03  4.0781401E-01  3.4032660E-01  3.1454089E-03  0.0000000E+00  0.0000000E+00  2.3676529E-01
 0.0000000E+00  0.0000000E+00  3.1450039E-03  8.6991629E-03  8.2776017E-03  4.0730393E-01  3.3988976E-01  3.1450039E-03  0.0000000E+00  0.0000000E+00  2.3628869E-01
 0.0000000E+00  2.2141120E-04  3.1231947E-03  8.2874686E-03  7.8989602E-03  3.8778876E-01  3.2318939E-01  3.1231947E-03  2.2141120E-04  0.0000000E+00  2.1710836E-01
 0.0000000E+00  3.9989857E-04  3.0834302E-03  7.8976684E-03  7.5385351E-03  3.6970963E-01  3.0774748E-01  3.0834302E-03  3.9989857E-04  0.0000000E+00  1.9941802E-01
 0.0000000E+00  5.4328604E-04  3.0299258E-03  7.5256655E-03  7.1929913E-03  3.5276620E-01  2.9330124E-01  3.0299258E-03  5.4328604E-04  0.0000000E+00  1.8303756E-01
 0.0000000E+00  6.5778602E-04  2.9660399E-03  7.1708663E-03  6.8621354E-03  3.3684315E-01  2.7974812E-01  2.9660399E-03  6.5778602E-04  0.0000000E+00  1.6791941E-01
 0.0000000E+00  7.4837695E-04  2.8944071E-03  6.8324961E-03  6.5455234E-03  3.2184418E-01  2.6700237E-01  2.8944071E-03  7.4837695E-04  0.0000000E+00  1.5400065E-01
 0.0000000E+00  8.1908954E-04  2.8170959E-03  6.5098970E-03  6.2427513E-03  3.0768805E-01  2.5499106E-01  2.8170959E-03  8.1908954E-04  0.0000000E+00  1.4120930E-01
 0.0000000E+00  8.7322310E-04  2.7357540E-03  6.2023009E-03  5.9532896E-03  2.9429703E-01  2.4364644E-01  2.7357540E-03  8.7322310E-04  0.0000000E+00  1.2947067E-01
 0.0000000E+00  9.1349098E-04  2.6516870E-03  5.9090650E-03  5.6766800E-03  2.8161421E-01  2.3291686E-01  2.6516870E-03  9.1349098E-04  0.0000000E+00  1.1870923E-01
 0.0000000E+00  9.4213859E-04  2.5659565E-03  5.6294360E-03  5.4123387E-03  2.6958024E-01  2.2275042E-01  2.5659565E-03  9.4213859E-04  0.0000000E+00  1.0885225E-01
 8.0702491E-05  9.6294890E-04  2.4745123E-03  5.3462960E-03  5.1441941E-03  2.5739176E-01  2.1246832E-01  2.4745123E-03  9.6294890E-04  8.0702491E-05  9.8874158E-02
 1.4757194E-04  9.7405009E-04  2.3818096E-03  5.0749563E-03  4.8867033E-03  2.4576353E-01  2.0267238E-01  2.3818096E-03  9.7405009E-04  1.4757194E-04  8.9795796E-02
 2.0254703E-04  9.7704659E-04  2.2886941E-03  4.8151980E-03  4.6397706E-03  2.3466414E-01  1.9333465E-01  2.2886941E-03  9.7704659E-04  2.0254703E-04  8.1544420E-02
 2.4729550E-04  9.7330293E-04  2.1958774E-03  4.5667860E-03  4.4032379E-03  2.2406482E-01  1.8442921E-01  2.1958774E-03  9.7330293E-04  2.4729550E-04  7.4051999E-02
 2.8325621E-04  9.6398312E-04  2.1039219E-03  4.3294379E-03  4.1768958E-03  2.1393951E-01  1.7593299E-01  2.1039219E-03  9.6398312E-04  2.8325621E-04  6.7254042E-02
 3.1167181E-04  9.5008599E-04  2.0133035E-03  4.1028276E-03  3.9605084E-03  2.0426361E-01  1.6782417E-01  2.0133035E-03  9.5008599E-04  3.1167181E-04  6.1090383E-02
 3.3361780E-04  9.3246879E-04  1.9243878E-03  3.8866411E-03  3.7538192E-03  1.9501450E-01  1.6008252E-01  1.9243878E-03  9.3246879E-04  3.3361780E-04  5.5504394E-02
 3.5002539E-04  9.1185510E-04  1.8374815E-03  3.6805535E-03  3.5565556E-03  1.8617152E-01  1.5268975E-01  1.8374815E-03  9.1185510E-04  3.5002539E-04  5.0444955E-02
 3.6170228E-04  8.8887409E-04  1.7528128E-03  3.4841839E-03  3.3684023E-03  1.7771465E-01  1.4562816E-01  1.7528128E-03  8.8887409E-04  3.6170228E-04  4.5863305E-02
 3.6934886E-04  8.6405665E-04  1.6705664E-03  3.2972175E-03  3.1890805E-03  1.6962597E-01  1.3888182E-01  1.6705664E-03  8.6405665E-04  3.6934886E-04  4.1716185E-02
 3.7357266E-04  8.3785500E-04  1.5908683E-03  3.1192937E-03  3.0182781E-03  1.6188851E-01  1.3243586E-01  1.5908683E-03  8.3785500E-04  3.7357266E-04  3.7962267E-02
 3.7490142E-04  8.1066239E-04  1.5138205E-03  2.9500670E-03  2.8556881E-03  1.5448603E-01  1.2627585E-01  1.5138205E-03  8.1066239E-04  3.7490142E-04  3.4565097E-02
 3.7379287E-04  7.8280913E-04  1.4394783E-03  2.7891948E-03  2.7010041E-03  1.4740367E-01  1.2038873E-01  1.4394783E-03  7.8280913E-04  3.7379287E-04  3.1490621E-02
 3.7064459E-04  7.5456656E-04  1.3678810E-03  2.6363346E-03  2.5539158E-03  1.4062698E-01  1.1476181E-01  1.3678810E-03  7.5456656E-04  3.7064459E-04  2.8707969E-02
 3.6580104E-04  7.2617456E-04  1.2990323E-03  2.4911563E-03  2.4141240E-03  1.3414301E-01  1.0938367E-01  1.2990323E-03  7.2617456E-04  3.6580104E-04  2.6189143E-02
 3.5956070E-04  6.9783368E-04  1.2329324E-03  2.3533301E-03  2.2813257E-03  1.2793894E-01  1.0424313E-01  1.2329324E-03  6.9783368E-04  3.5956070E-04  2.3908581E-02
 3.5218192E-04  6.6970515E-04  1.1695538E-03  2.2225423E-03  2.1552327E-03  1.2200261E-01  9.9329544E-02  1.1695538E-03  6.6970515E-04  3.5218192E-04  2.1843122E-02
 3.4388808E-04  6.4192661E-04  1.1088570E-03  2.0984819E-03  2.0355585E-03  1.1632295E-01  9.4633152E-02  1.1088570E-03  6.4192661E-04  3.4388808E-04  1.9971845E-02
 3.3487224E-04  6.1461209E-04  1.0507989E-03  1.9808461E-03  1.9220197E-03  1.1088903E-01  9.0144421E-02  1.0507989E-03  6.1461209E-04  3.3487224E-04  1.8275718E-02
 3.2530036E-04  5.8785204E-04  9.9531656E-04  1.8693450E-03  1.8143479E-03  1.0569073E-01  8.5854606E-02  9.9531656E-04  5.8785204E-04  3.2530036E-04  1.6737595E-02
 3.1531518E-04  5.6172117E-04  9.4235093E-04  1.7636926E-03  1.7122747E-03  1.0071798E-01  8.1754885E-02  9.4235093E-04  5.6172117E-04  3.1531518E-04  1.5341983E-02
 3.0503901E-04  5.3627455E-04  8.9182733E-04  1.6636193E-03  1.6155466E-03  9.5961695E-02  7.7837457E-02  8.9182733E-04  5.3627455E-04  3.0503901E-04  1.4074882E-02
 2.9457723E-04  5.1156328E-04  8.4367890E-04  1.5688610E-03  1.5239166E-03  9.1412829E-02  7.4094444E-02  8.4367890E-04  5.1156328E-04  2.9457723E-04  1.2923708E-02
 2.8401870E-04  4.8761491E-04  7.9782307E-04  1.4791622E-03  1.4371445E-03  8.7063184E-02  7.0518630E-02  7.9782307E-04  4.8761491E-04  2.8401870E-04  1.1877058E-02
 2.7343934E-04  4.6445301E-04  7.5418905E-04  1.3942816E-03  1.3549999E-03  8.2904328E-02  6.7102839E-02  7.5418905E-04  4.6445301E-04  2.7343934E-04  1.0924707E-02
 2.6290245E-04  4.4209726E-04  7.1269033E-04  1.3139827E-03  1.2772592E-03  7.8928518E-02  6.3840340E-02  7.1269033E-04  4.4209726E-04  2.6290245E-04  1.0057453E-02
 0.0000000E+00  0.0000000E+00  2.2024490E-03  6.4402047E-03  6.1478906E-03  3.6833092E-01  3.0487179E-01  2.2024490E-03  0.0000000E+00  0.0000000E+00  2.0636873E-01
 0.0000000E+00  0.0000000E+00  2.2023440E-03  6.4318384E-03  6.1401575E-03  3.6783206E-01  3.0444925E-01  2.2023440E-03  0.0000000E+00  0.0000000E+00  2.0589458E-01
 0.0000000E+00  1.6855657E-04  2.1928398E-03  6.1120466E-03  5.8440105E-03  3.4883449E-01  2.8836273E-01  2.1928398E-03  1.6855657E-04  0.0000000E+00  1.8713856E-01
 0.0000000E+00  3.0289076E-04  2.1679677E-03  5.8095518E-03  5.5624710E-03  3.3132339E-01  2.7356152E-01  2.1679677E-03  3.0289076E-04  0.0000000E+00  1.7014633E-01
 0.0000000E+00  4.0948059E-04  2.1314856E-03  5.5213000E-03  5.2930445E-03  3.1499020E-01  2.5977916E-01  2.1314856E-03  4.0948059E-04  0.0000000E+00  1.5466274E-01
 0.0000000E+00  4.9342785E-04  2.0862895E-03  5.2468489E-03  5.0355847E-03  2.9971434E-01  2.4690922E-01  2.0862895E-03  4.9342785E-04  0.0000000E+00  1.4058059E-01
 0.0000000E+00  5.5879648E-04  2.0346453E-03  4.9857051E-03  4.7898284E-03  2.8538862E-01  2.3485840E-01  2.0346453E-03  5.5879648E-04  0.0000000E+00  1.2778934E-01
 0.0000000E+00  6.0885175E-04  1.9783100E-03  4.7372891E-03  4.5554051E-03  2.7192437E-01  2.2354890E-01  1.9783100E-03  6.0885175E-04  0.0000000E+00  1.1618180E-01
 0.0000000E+00  6.4625029E-04  1.9186750E-03  4.5010262E-03  4.3319103E-03  2.5924402E-01  2.1291285E-01  1.9186750E-03  6.4625029E-04  0.0000000E+00  1.0565413E-01
 0.0000000E+00  6.7316530E-04  1.8568415E-03  4.2763795E-03  4.1189347E-03  2.4728067E-01  2.0289190E-01  1.8568415E-03  6.7316530E-04  0.0000000E+00  9.6110085E-02
 0.0000000E+00  6.9137907E-04  1.7936797E-03  4.0627489E-03  3.9160153E-03  2.3597479E-01  1.9343417E-01  1.7936797E-03  6.9137907E-04  0.0000000E+00  8.7460123E-02
 5.8314315E-05  7.0356081E-04  1.7262766E-03  3.8470290E-03  3.7107673E-03  2.2457053E-01  1.8390710E-01  1.7262766E-03  7.0356081E-04  5.8314315E-05  7.8826134E-02
 1.0616612E-04  7.0860922E-04  1.6579823E-03  3.6409445E-03  3.5143373E-03  2.1373436E-01  1.7486661E-01  1.6579823E-03  7.0860922E-04  1.0616612E-04  7.1047977E-02
 1.4508927E-04  7.0777692E-04  1.5894779E-03  3.4442979E-03  3.3266032E-03  2.0343167E-01  1.6628213E-01  1.5894779E-03  7.0777692E-04  1.4508927E-04  6.4046207E-02
 1.7639441E-04  7.0211901E-04  1.5213097E-03  3.2568468E-03  3.1473872E-03  1.9363175E-01  1.5812680E-01  1.5213097E-03  7.0211901E-04  1.7639441E-04  5.7746842E-02
 2.0120515E-04  6.9253503E-04  1.4539318E-03  3.0783256E-03  2.9764840E-03  1.8430562E-01  1.5037537E-01  1.4539318E-03  6.9253503E-04  2.0120515E-04  5.2082206E-02
 2.2048492E-04  6.7978161E-04  1.3876973E-03  2.9084582E-03  2.8136697E-03  1.7542735E-01  1.4300501E-01  1.3876973E-03  6.7978161E-04  2.2048492E-04  4.6990506E-02
 2.3506224E-04  6.6450609E-04  1.3228877E-03  2.7469432E-03  2.6586905E-03  1.6697200E-01  1.3599400E-01  1.3228877E-03  6.6450609E-04  2.3506224E-04  4.2414996E-02
 2.4564876E-04  6.4725493E-04  1.2597301E-03  2.5934819E-03  2.5112905E-03  1.5891732E-01  1.2932298E-01  1.2597301E-03  6.4725493E-04  2.4564876E-04  3.8304436E-02
 2.5285734E-04  6.2849051E-04  1.1983842E-03  2.4477670E-03  2.3712010E-03  1.5124251E-01  1.2297366E-01  1.1983842E-03  6.2849051E-04  2.5285734E-04  3.4611745E-02
 2.5721553E-04  6.0859954E-04  1.1389762E-03  2.3094888E-03  2.2381476E-03  1.4392807E-01  1.1692937E-01  1.1389762E-03  6.0859954E-04  2.5721553E-04  3.1294595E-02
 2.5917856E-04  5.8791412E-04  1.0815984E-03  2.1783464E-03  2.1118592E-03  1.3695571E-01  1.1117395E-01  1.0815984E-03  5.8791412E-04  2.5917856E-04  2.8314692E-02
 2.5913779E-04  5.6671167E-04  1.0263097E-03  2.0540368E-03  1.9920631E-03  1.3030872E-01  1.0569300E-01  1.0263097E-03  5.6671167E-04  2.5913779E-04  2.5637357E-02
 2.5743033E-04  5.4521917E-04  9.7313967E-04  1.9362577E-03  1.8784816E-03  1.2397108E-01  1.0047270E-01  9.7313967E-04  5.4521917E-04  2.5743033E-04  2.3231399E-02
 2.5434664E-04  5.2363840E-04  9.2210498E-04  1.8247251E-03  1.7708563E-03  1.1792792E-01  9.5500171E-02  9.2210498E-04  5.2363840E-04  2.5434664E-04  2.1068741E-02
 2.5013599E-04  5.0212489E-04  8.7319726E-04  1.7191492E-03  1.6689180E-03  1.1216530E-01  9.0763283E-02  8.7319726E-04  5.0212489E-04  2.5013599E-04  1.9123991E-02
 2.4501319E-04  4.8081735E-04  8.2639549E-04  1.6192579E-03  1.5724134E-03  1.0666989E-01  8.6250584E-02  8.2639549E-04  4.8081735E-04  2.4501319E-04  1.7374537E-02
 2.3916276E-04  4.5981666E-04  7.8167445E-04  1.5247806E-03  1.4810918E-03  1.0142924E-01  8.1951351E-02  7.8167445E-04  4.5981666E-04  2.3916276E-04  1.5799906E-02
 2.3274149E-04  4.3921951E-04  7.3899211E-04  1.4354595E-03  1.3947108E-03  9.6431878E-02  7.7855699E-02  7.3899211E-04  4.3921951E-04  2.3274149E-04  1.4381855E-02
 2.2588474E-04  4.1908895E-04  6.9829803E-04  1.3510450E-03  1.3130366E-03  9.1666449E-02  7.3953889E-02  6.9829803E-04  4.1908895E-04  2.2588474E-04  1.3103991E-02
 2.1870726E-04  3.9948509E-04  6.5954176E-04  1.2712918E-03  1.2358396E-03  8.7122257E-02  7.0236775E-02  6.5954176E-04  3.9948509E-04  2.1870726E-04  1.1951643E-02
 2.1130700E-04  3.8044912E-04  6.2266866E-04  1.1959714E-03  1.1629025E-03  8.2789496E-02  6.6695918E-02  6.2266866E-04  3.8044912E-04  2.1130700E-04  1.0911697E-02
 2.0376719E-04  3.6201257E-04  5.8761147E-04  1.1248594E-03  1.0940127E-03  7.8658749E-02  6.3323249E-02  5.8761147E-04  3.6201257E-04  2.0376719E-04  9.9723834E-03
 1.9615801E-04  3.4419813E-04  5.5431134E-04  1.0577416E-03  1.0289683E-03  7.4720701E-02  6.0110850E-02  5.5431134E-04  3.4419813E-04  1.9615801E-04  9.1232764E-03
 1.8853748E-04  3.2702011E-04  5.2270523E-04  9.9441130E-04  9.6757232E-04  7.0966923E-02  5.7051510E-02  5.2270523E-04  3.2702011E-04  1.8853748E-04  8.3549186E-03
 1.8095605E-04  3.1048648E-04  4.9272586E-04  9.3467271E-04  9.0963813E-04  6.7389325E-02  5.4138316E-02  4.9272586E-04  3.1048648E-04  1.8095605E-04  7.6590712E-03
 1.7345364E-04  2.9459977E-04  4.6430600E-04  8.7833764E-04  8.5498820E-04  6.3979934E-02  5.1364527E-02  4.6430600E-04  2.9459977E-04  1.7345364E-04  7.0281259E-03
 0.0000000E+00  0.0000000E+00  1.4749584E-03  4.6048313E-03  4.4090904E-03  3.2620210E-01  2.6765671E-01  1.4749584E-03  0.0000000E+00  0.0000000E+00  1.7638185E-01
 0.0000000E+00  0.0000000E+00  1.4750438E-03  4.5985097E-03  4.4032127E-03  3.2572721E-01  2.6725856E-01  1.4750438E-03  0.0000000E+00  0.0000000E+00  1.7592264E-01
 0.0000000E+00  1.2346707E-04  1.4737407E-03  4.3571863E-03  4.1782674E-03  3.0761554E-01  2.5208888E-01  1.4737407E-03  1.2346707E-04  0.0000000E+00  1.5802496E-01
 0.0000000E+00  2.2072119E-04  1.4598564E-03  4.1293486E-03  3.9649044E-03  2.9100946E-01  2.3820350E-01  1.4598564E-03  2.2072119E-04  0.0000000E+00  1.4209715E-01
 0.0000000E+00  2.9690178E-04  1.4365677E-03  3.9127471E-03  3.7612665E-03  2.7559718E-01  2.2533681E-01  1.4365677E-03  2.9690178E-04  0.0000000E+00  1.2781568E-01
 0.0000000E+00  3.5602808E-04  1.4062740E-03  3.7070544E-03  3.5672406E-03  2.6124922E-01  2.1337655E-01  1.4062740E-03  3.5602808E-04  0.0000000E+00  1.1501789E-01
 0.0000000E+00  4.0128090E-04  1.3708129E-03  3.5118689E-03  3.3825949E-03  2.4785622E-01  2.0222856E-01  1.3708129E-03  4.0128090E-04  0.0000000E+00  1.0355281E-01
 0.0000000E+00  4.3520255E-04  1.3316269E-03  3.3267383E-03  3.2070221E-03  2.3532412E-01  1.9181162E-01  1.3316269E-03  4.3520255E-04  0.0000000E+00  9.3282498E-02
 0.0000000E+00  4.5984330E-04  1.2898348E-03  3.1512084E-03  3.0401858E-03  2.2357271E-01  1.8205679E-01  1.2898348E-03  4.5984330E-04  0.0000000E+00  8.4081138E-02
 0.0000000E+00  4.7686837E-04  1.2463218E-03  2.9848057E-03  2.8817146E-03  2.1253202E-01  1.7290375E-01  1.2463218E-03  4.7686837E-04  0.0000000E+00  7.5835053E-02
 0.0000000E+00  4.8764328E-04  1.2017798E-03  2.8270811E-03  2.7312445E-03  2.0214065E-01  1.6429973E-01  1.2017798E-03  4.8764328E-04  0.0000000E+00  6.8443591E-02
 4.0553605E-05  4.9397433E-04  1.1542184E-03  2.6683102E-03  2.5795514E-03  1.9170331E-01  1.5566889E-01  1.1542184E-03  4.9397433E-04  4.0553605E-05  6.1169403E-02
 7.3490454E-05  4.9528188E-04  1.1060368E-03  2.5171645E-03  2.4349129E-03  1.8182658E-01  1.4751181E-01  1.1060368E-03  4.9528188E-04  7.3490454E-05  5.4684238E-02
 9.9977500E-05  4.9250502E-04  1.0577609E-03  2.3734574E-03  2.2971962E-03  1.7247519E-01  1.3979813E-01  1.0577609E-03  4.9250502E-04  9.9977500E-05  4.8905418E-02
 1.2100700E-04  4.8642560E-04  1.0098085E-03  2.2369650E-03  2.1662256E-03  1.6361567E-01  1.3249888E-01  1.0098085E-03  4.8642560E-04  1.2100700E-04  4.3756422E-02
 1.3742188E-04  4.7770862E-04  9.6251664E-04  2.1074495E-03  2.0418028E-03  1.5521787E-01  1.2558804E-01  9.6251664E-04  4.7770862E-04  1.3742188E-04  3.9170121E-02
 1.4994019E-04  4.6691574E-04  9.1614589E-04  1.9846570E-03  1.9237145E-03  1.4725462E-01  1.1904246E-01  9.1614589E-04  4.6691574E-04  1.4994019E-04  3.5085271E-02
 1.5917525E-04  4.5450078E-04  8.7090295E-04  1.8683336E-03  1.8117383E-03  1.3970043E-01  1.1284000E-01  8.7090295E-04  4.5450078E-04  1.5917525E-04  3.1447189E-02
 1.6564963E-04  4.4086274E-04  8.2694060E-04  1.7582163E-03  1.7056430E-03  1.3253106E-01  1.0695995E-01  8.2694060E-04  4.4086274E-04  1.6564963E-04  2.8206763E-02
 1.6981042E-04  4.2632560E-04  7.8437566E-04  1.6540385E-03  1.6051874E-03  1.2572589E-01  1.0138476E-01  7.8437566E-04  4.2632560E-04  1.6981042E-04  2.5320138E-02
 1.7203999E-04  4.1116210E-04  7.4328902E-04  1.5555443E-03  1.5101421E-03  1.1926419E-01  9.6096509E-02  7.4328902E-04  4.1116210E-04  1.7203999E-04  2.2748134E-02
 1.7266410E-04  3.9559959E-04  7.0374357E-04  1.4624699E-03  1.4202632E-03  1.1312774E-01  9.1079711E-02  7.0374357E-04  3.9559959E-04  1.7266410E-04  2.0455837E-02
 1.7196135E-04  3.7982769E-04  6.6576629E-04  1.3745682E-03  1.3353260E-03  1.0729893E-01  8.6319322E-02  6.6576629E-04  3.7982769E-04  1.7196135E-04  1.8412020E-02
 1.7017078E-04  3.6400052E-04  6.2936614E-04  1.2915880E-03  1.2550965E-03  1.0176120E-01  8.1801241E-02  6.2936614E-04  3.6400052E-04  1.7017078E-04  1.6589002E-02
 1.6749502E-04  3.4824705E-04  5.9455213E-04  1.2132902E-03  1.1793508E-03  9.6500019E-02  7.7513016E-02  5.9455213E-04  3.4824705E-04  1.6749502E-04  1.4962072E-02
 1.6410798E-04  3.3267106E-04  5.6130628E-04  1.1394486E-03  1.1078794E-03  9.1500696E-02  7.3442229E-02  5.6130628E-04  3.3267106E-04  1.6410798E-04  1.3509301E-02
 1.6015613E-04  3.1735658E-04  5.2960612E-04  1.0698271E-03  1.0404600E-03  8.6750402E-02  6.9577897E-02  5.2960612E-04  3.1735658E-04  1.6015613E-04  1.2211145E-02
 1.5576574E-04  3.0237011E-04  4.9942469E-04  1.0042172E-03  9.7689678E-04  8.2235934E-02  6.5908916E-02  4.9942469E-04  3.0237011E-04  1.5576574E-04  1.1050303E-02
 1.5104284E-04  2.8776467E-04  4.7071706E-04  9.4240892E-04  9.1699087E-04  7.7945933E-02  6.2425615E-02  4.7071706E-04  2.8776467E-04  1.5104284E-04  1.0011499E-02
 1.4607731E-04  2.7358025E-04  4.4344279E-04  8.8420182E-04  8.6055168E-04  7.3869131E-02  5.9118458E-02  4.4344279E-04  2.7358025E-04  1.4607731E-04  9.0809840E-03
 1.4094507E-04  2.5984696E-04  4.1756054E-04  8.2940375E-04  8.0739845E-04  6.9995015E-02  5.5978594E-02  4.1756054E-04  2.5984696E-04  1.4094507E-04  8.2468047E-03
 1.3571039E-04  2.4658636E-04  3.9302044E-04  7.7782879E-04  7.5735316E-04  6.6313662E-02  5.2997611E-02  3.9302044E-04  2.4658636E-04  1.3571039E-04  7.4981777E-03
 1.3042628E-04  2.3381284E-04  3.6977305E-04  7.2930629E-04  7.1025396E-04  6.2815886E-02  5.0167756E-02  3.6977305E-04  2.3381284E-04  1.3042628E-04  6.8256220E-03
 1.2513723E-04  2.2153403E-04  3.4776717E-04  6.8366379E-04  6.6593630E-04  5.9492591E-02  4.7481411E-02  3.4776717E-04  2.2153403E-04  1.2513723E-04  6.2207353E-03
 1.1988008E-04  2.0975352E-04  3.2695155E-04  6.4074770E-04  6.2425273E-04  5.6335308E-02  4.4931452E-02  3.2695155E-04  2.0975352E-04  1.1988008E-04  5.6761486E-03
 1.1468539E-04  1.9846952E-04  3.0727543E-04  6.0040621E-04  5.8505849E-04  5.3336214E-02  4.2511278E-02  3.0727543E-04  1.9846952E-04  1.1468539E-04  5.1852117E-03
 1.0957741E-04  1.8767798E-04  2.8868849E-04  5.6249021E-04  5.4821063E-04  5.0487614E-02  4.0214477E-02  2.8868849E-04  1.8767798E-04  1.0957741E-04  4.7420835E-03
 0.0000000E+00  0.0000000E+00  9.3716151E-04  3.1641159E-03  3.0378081E-03  2.8226541E-01  2.2945538E-01  9.3716151E-04  0.0000000E+00  0.0000000E+00  1.4695076E-01
 0.0000000E+00  0.0000000E+00  9.3733922E-04  3.1595072E-03  3.0334926E-03  2.8182207E-01  2.2908796E-01  9.3733922E-04  0.0000000E+00  0.0000000E+00  1.4651944E-01
 0.0000000E+00  8.6210905E-05  9.4051404E-04  2.9833685E-03  2.8683074E-03  2.6496828E-01  2.1513163E-01  9.4051404E-04  8.6210905E-05  0.0000000E+00  1.2995612E-01
 0.0000000E+00  1.5332680E-04  9.3396268E-04  2.8176657E-03  2.7122490E-03  2.4959746E-01  2.0242334E-01  9.3396268E-04  1.5332680E-04  0.0000000E+00  1.1547445E-01
 0.0000000E+00  2.0521079E-04  9.2020674E-04  2.6606921E-03  2.5638880E-03  2.3540410E-01  1.9070617E-01  9.2020674E-04  2.0521079E-04  0.0000000E+00  1.0269834E-01
 0.0000000E+00  2.4486813E-04  9.0110021E-04  2.5121629E-03  2.4230862E-03  2.2225576E-01  1.7986711E-01  9.0110021E-04  2.4486813E-04  0.0000000E+00  9.1421254E-02
 0.0000000E+00  2.7466241E-04  8.7807919E-04  2.3717318E-03  2.2896138E-03  2.1004072E-01  1.6981137E-01  8.7807919E-04  2.7466241E-04  0.0000000E+00  8.1460208E-02
 0.0000000E+00  2.9647258E-04  8.5223878E-04  2.2390282E-03  2.1632025E-03  1.9866383E-01  1.6045781E-01  8.5223878E-04  2.9647258E-04  0.0000000E+00  7.2655257E-02
 0.0000000E+00  3.1180440E-04  8.2444353E-04  2.1136657E-03  2.0435470E-03  1.8804283E-01  1.5173694E-01  8.2444353E-04  3.1180440E-04  0.0000000E+00  6.4865190E-02
 0.0000000E+00  3.2187351E-04  7.9536587E-04  1.9952629E-03  1.9303371E-03  1.7810769E-01  1.4358907E-01  7.9536587E-04  3.2187351E-04  0.0000000E+00  5.7967050E-02
 0.0000000E+00  3.2766839E-04  7.6552932E-04  1.8834477E-03  1.8232581E-03  1.6879686E-01  1.3596242E-01  7.6552932E-04  3.2766839E-04  0.0000000E+00  5.1854208E-02
 2.6927387E-05  3.3035714E-04  7.3363227E-04  1.7713131E-03  1.7157301E-03  1.5948547E-01  1.2834451E-01  7.3363227E-04  3.3035714E-04  2.6927387E-05  4.5924315E-02
 4.8560757E-05  3.2968183E-04  7.0133176E-04  1.6649897E-03  1.6136299E-03  1.5071275E-01  1.2117590E-01  7.0133176E-04  3.2968183E-04  4.8560757E-05  4.0695474E-02
 6.5747511E-05  3.2631441E-04  6.6899762E-04  1.5643051E-03  1.5168226E-03  1.4244188E-01  1.1442523E-01  6.6899762E-04  3.2631441E-04  6.5747511E-05  3.6084930E-02
 7.9203735E-05  3.2081156E-04  6.3693726E-04  1.4690609E-03  1.4251418E-03  1.3463911E-01  1.0806381E-01  6.3693726E-04  3.2081156E-04  7.9203735E-05  3.2019389E-02
 8.9532214E-05  3.1363676E-04  6.0539083E-04  1.3790507E-03  1.3384094E-03  1.2727393E-01  1.0206594E-01  6.0539083E-04  3.1363676E-04  8.9532214E-05  2.8433960E-02
 9.7243991E-05  3.0517619E-04  5.7454084E-04  1.2940597E-03  1.2564367E-03  1.2031801E-01  9.6407470E-02  5.7454084E-04  3.0517619E-04  9.7243991E-05  2.5271344E-02
 1.0277134E-04  2.9574876E-04  5.4452658E-04  1.2138700E-03  1.1790287E-03  1.1374619E-01  9.1067146E-02  5.4452658E-04  2.9574876E-04  1.0277134E-04  2.2480916E-02
 1.0648074E-04  2.8561961E-04  5.1545372E-04  1.1382649E-03  1.1059890E-03  1.0753455E-01  8.6024813E-02  5.1545372E-04  2.8561961E-04  1.0648074E-04  2.0018152E-02
 1.0868294E-04  2.7500775E-04  4.8739911E-04  1.0670236E-03  1.0371158E-03  1.0166156E-01  8.1262268E-02  4.8739911E-04  2.7500775E-04  1.0868294E-04  1.7843619E-02
 1.0964018E-04  2.6409378E-04  4.6041269E-04  9.9993774E-04  9.7221861E-04  9.6106944E-02  7.6762463E-02  4.6041269E-04  2.6409378E-04  1.0964018E-04  1.5922687E-02
 1.0957630E-04  2.5302611E-04  4.3452665E-04  9.3679914E-04  9.1110230E-04  9.0851919E-02  7.2509610E-02  4.3452665E-04  2.5302611E-04  1.0957630E-04  1.4224857E-02
 1.0868005E-04  2.4192531E-04  4.0975636E-04  8.7740332E-04  8.5357748E-04  8.5880025E-02  6.8489763E-02  4.0975636E-04  2.4192531E-04  1.0868005E-04  1.2723279E-02
 1.0711090E-04  2.3088982E-04  3.8610470E-04  8.2155539E-04  7.9945958E-04  8.1174462E-02  6.4688931E-02  3.8610470E-04  2.3088982E-04  1.0711090E-04  1.1394372E-02
 1.0500476E-04  2.1999794E-04  3.6356447E-04  7.6906912E-04  7.4857461E-04  7.6720406E-02  6.1094660E-02  3.6356447E-04  2.1999794E-04  1.0500476E-04  1.0217336E-02
 1.0247595E-04  2.0931212E-04  3.4211981E-04  7.1975829E-04  7.0074855E-04  7.2504413E-02  5.7695610E-02  3.4211981E-04  2.0931212E-04  1.0247595E-04  9.1739216E-03
 9.9620060E-05  1.9888229E-04  3.2174815E-04  6.7344718E-04  6.5581132E-04  6.8512677E-02  5.4480370E-02  3.2174815E-04  1.9888229E-04  9.9620060E-05  8.2481817E-03
 9.6518250E-05  1.8874498E-04  3.0242164E-04  6.2997451E-04  6.1361198E-04  6.4733516E-02  5.1439055E-02  3.0242164E-04  1.8874498E-04  9.6518250E-05  7.4259956E-03
 9.3239208E-05  1.7892898E-04  2.8411001E-04  5.8917803E-04  5.7399580E-04  6.1155522E-02  4.8562182E-02  2.8411001E-04  1.7892898E-04  9.3239208E-05  6.6950194E-03
 8.9839129E-05  1.6945497E-04  2.6677917E-04  5.5090221E-04  5.3681570E-04  5.7767630E-02  4.5840547E-02  2.6677917E-04  1.6945497E-04  8.9839129E-05  6.0443983E-03
 8.6365083E-05  1.6033590E-04  2.5039260E-04  5.1500589E-04  5.0193428E-04  5.4560116E-02  4.3266005E-02  2.5039260E-04  1.6033590E-04  8.6365083E-05  5.4645741E-03
 8.2856935E-05  1.5158042E-04  2.3491333E-04  4.8134755E-04  4.6921831E-04  5.1523086E-02  4.0830391E-02  2.3491333E-04  1.5158042E-04  8.2856935E-05  4.9472856E-03
 7.9346866E-05  1.4319189E-04  2.2030342E-04  4.4980122E-04  4.3854545E-04  4.8647624E-02  3.8526293E-02  2.2030342E-04  1.4319189E-04  7.9346866E-05  4.4850929E-03
 7.5861293E-05  1.3517128E-04  2.0652491E-04  4.2023843E-04  4.0979345E-04  4.5925789E-02  3.6347047E-02  2.0652491E-04  1.3517128E-04  7.5861293E-05  4.0716367E-03
 7.2421829E-05  1.2751473E-04  1.9353890E-04  3.9254232E-04  3.8285007E-04  4.3348859E-02  3.4285528E-02  1.9353890E-04  1.2751473E-04  7.2421829E-05  3.7012399E-03
 6.9045285E-05  1.2021794E-04  1.8130889E-04  3.6660170E-04  3.5760794E-04  4.0909679E-02  3.2335777E-02  1.8130889E-04  1.2021794E-04  6.9045285E-05  3.3689409E-03
 6.5746070E-05  1.1327273E-04  1.6979742E-04  3.4231143E-04  3.3396618E-04  3.8601136E-02  3.0491891E-02  1.6979742E-04  1.1327273E-04  6.5746070E-05  3.0703881E-03
 0.0000000E+00  0.0000000E+00  5.5916246E-04  2.0724963E-03  1.9944287E-03  2.3757237E-01  1.9120271E-01  5.5916246E-04  0.0000000E+00  0.0000000E+00  1.1847149E-01
 0.0000000E+00  0.0000000E+00  5.5935242E-04  2.0692577E-03  1.9913779E-03  2.3717014E-01  1.9087331E-01  5.5935242E-04  0.0000000E+00  0.0000000E+00  1.1808180E-01
 0.0000000E+00  5.6673022E-05  5.6406045E-04  1.9457081E-03  1.8748589E-03  2.2192103E-01  1.7839585E-01  5.6406045E-04  5.6673022E-05  0.0000000E+00  1.0332055E-01
 0.0000000E+00  1.0029498E-04  5.6178088E-04  1.8301263E-03  1.7654459E-03  2.0809110E-01  1.6709659E-01  5.6178088E-04  1.0029498E-04  0.0000000E+00  9.0641204E-02
 0.0000000E+00  1.3357724E-04  5.5435687E-04  1.7212074E-03  1.6620155E-03  1.9538846E-01  1.5673294E-01  5.5435687E-04  1.3357724E-04  0.0000000E+00  7.9637651E-02
 0.0000000E+00  1.5862018E-04  5.4312844E-04  1.6186627E-03  1.5643789E-03  1.8368108E-01  1.4719410E-01  5.4312844E-04  1.5862018E-04  0.0000000E+00  7.0072692E-02
 0.0000000E+00  1.7706828E-04  5.2911729E-04  1.5221708E-03  1.4722928E-03  1.7285857E-01  1.3838765E-01  5.2911729E-04  1.7706828E-04  0.0000000E+00  6.1745582E-02
 0.0000000E+00  1.9022357E-04  5.1312127E-04  1.4314130E-03  1.3855058E-03  1.6282726E-01  1.3023528E-01  5.1312127E-04  1.9022357E-04  0.0000000E+00  5.4484839E-02
 0.0000000E+00  1.9912314E-04  4.9574724E-04  1.3460696E-03  1.3037525E-03  1.5350646E-01  1.2266927E-01  4.9574724E-04  1.9912314E-04  0.0000000E+00  4.8144550E-02
 0.0000000E+00  2.0460027E-04  4.7747473E-04  1.2658197E-03  1.2267582E-03  1.4482722E-01  1.1563230E-01  4.7747473E-04  2.0460027E-04  0.0000000E+00  4.2599954E-02
 0.0000000E+00  2.0732857E-04  4.5867494E-04  1.1903659E-03  1.1542658E-03  1.3672998E-01  1.0907457E-01  4.5867494E-04  2.0732857E-04  0.0000000E+00  3.7744467E-02
 1.6897632E-05  2.0801809E-04  4.3855926E-04  1.1150220E-03  1.0817918E-03  1.2866921E-01  1.0255383E-01  4.3855926E-04  2.0801809E-04  1.6897632E-05  3.3102869E-02
 3.0318763E-05  2.0659181E-04  4.1818482E-04  1.0439162E-03  1.0133098E-03  1.2110968E-01  9.6445481E-02  4.1818482E-04  2.0659181E-04  3.0318763E-05  2.9057040E-02
 4.0844427E-05  2.0350053E-04  3.9781449E-04  9.7688857E-04  9.4868189E-04  1.1401447E-01  9.0718616E-02  3.9781449E-04  2.0350053E-04  4.0844427E-05  2.5529301E-02
 4.8961396E-05  1.9911595E-04  3.7765414E-04  9.1377093E-04  8.8776312E-04  1.0735058E-01  8.5345657E-02  3.7765414E-04  1.9911595E-04  4.8961396E-05  2.2452136E-02
 5.5077836E-05  1.9374355E-04  3.5786243E-04  8.5439202E-04  8.3040127E-04  1.0108809E-01  8.0301628E-02  3.5786243E-04  1.9374355E-04  5.5077836E-05  1.9766863E-02
 5.9535835E-05  1.8763389E-04  3.3856103E-04  7.9857645E-04  7.7643802E-04  9.5199163E-02  7.5563383E-02  3.3856103E-04  1.8763389E-04  5.9535835E-05  1.7422344E-02
 6.2624039E-05  1.8099387E-04  3.1984133E-04  7.4615082E-04  7.2571303E-04  8.9659292E-02  7.1110465E-02  3.1984133E-04  1.8099387E-04  6.2624039E-05  1.5374272E-02
 6.4583238E-05  1.7399240E-04  3.0176854E-04  6.9694075E-04  6.7806699E-04  8.4445270E-02  6.6923616E-02  3.0176854E-04  1.7399240E-04  6.4583238E-05  1.3583987E-02
 6.5617773E-05  1.6676606E-04  2.8438886E-04  6.5077898E-04  6.3334368E-04  7.9535820E-02  6.2985197E-02  2.8438886E-04  1.6676606E-04  6.5617773E-05  1.2017962E-02
 6.5898612E-05  1.5942727E-04  2.6773208E-04  6.0749726E-04  5.9138791E-04  7.4912185E-02  5.9279565E-02  2.6773208E-04  1.5942727E-04  6.5898612E-05  1.0647088E-02
 6.5568485E-05  1.5206641E-04  2.5181358E-04  5.6694268E-04  5.5205481E-04  7.0556205E-02  5.5791714E-02  2.5181358E-04  1.5206641E-04  6.5568485E-05  9.4460513E-03
 6.4748558E-05  1.4475433E-04  2.3663903E-04  5.2895842E-04  5.1519621E-04  6.6451216E-02  5.2507863E-02  2.3663903E-04  1.4475433E-04  6.4748558E-05  8.3928277E-03
 6.3540488E-05  1.3754955E-04  2.2220585E-04  4.9339448E-04  4.8067154E-04  6.2582070E-02  4.9415485E-02  2.2220585E-04  1.3754955E-04  6.3540488E-05  7.4683691E-03
 6.2027961E-05  1.3049623E-04  2.0850429E-04  4.6011610E-04  4.4835116E-04  5.8934419E-02  4.6502745E-02  2.0850429E-04  1.3049623E-04  6.2027961E-05  6.6560407E-03
 6.0281830E-05  1.2362825E-04  1.9551997E-04  4.2898359E-04  4.1810363E-04  5.5495370E-02  4.3758969E-02  1.9551997E-04  1.2362825E-04  6.0281830E-05  5.9414669E-03
 5.8361651E-05  1.1697231E-04  1.8323442E-04  3.9986981E-04  3.8980712E-04  5.2252503E-02  4.1173937E-02  1.8323442E-04  1.1697231E-04  5.8361651E-05  5.3121717E-03
 5.6316197E-05  1.1054689E-04  1.7162504E-04  3.7265314E-04  3.6334553E-04  4.9194504E-02  3.8738323E-02  1.7162504E-04  1.1054689E-04  5.6316197E-05  4.7571628E-03
 5.4186544E-05  1.0436535E-04  1.6066872E-04  3.4721790E-04  3.3860813E-04  4.6310182E-02  3.6442986E-02  1.6066872E-04  1.0436535E-04  5.4186544E-05  4.2670908E-03
 5.2005548E-05  9.8434874E-05  1.5034031E-04  3.2345427E-04  3.1548960E-04  4.3590068E-02  3.4280094E-02  1.5034031E-04  9.8434874E-05  5.2005548E-05  3.8337361E-03
 4.9801090E-05  9.2761103E-05  1.4061362E-04  3.0125828E-04  2.9389009E-04  4.1024753E-02  3.2241907E-02  1.4061362E-04  9.2761103E-05  4.9801090E-05  3.4499620E-03
 4.7595707E-05  8.7344040E-05  1.3146145E-04  2.8053232E-04  2.7371571E-04  3.8605016E-02  3.0320960E-02  1.3146145E-04  8.7344040E-05  4.7595707E-05  3.1095768E-03
 4.5407575E-05  8.2183173E-05  1.2285709E-04  2.6118402E-04  2.5487759E-04  3.6322924E-02  2.8510707E-02  1.2285709E-04  8.2183173E-05  4.5407575E-05  2.8072050E-03
 4.3251275E-05  7.7274906E-05  1.1477437E-04  2.4312571E-04  2.3729141E-04  3.4170710E-02  2.6804798E-02  1.1477437E-04  7.7274906E-05  4.3251275E-05  2.5381540E-03
 4.1138410E-05  7.2614107E-05  1.0718607E-04  2.2627570E-04  2.2087816E-04  3.2141139E-02  2.5197323E-02  1.0718607E-04  7.2614107E-05  4.1138410E-05  2.2983625E-03
 3.9078068E-05  6.8194613E-05  1.0006703E-04  2.1055608E-04  2.0556275E-04  3.0227253E-02  2.3682610E-02  1.0006703E-04  6.8194613E-05  3.9078068E-05  2.0842779E-03
 3.7077076E-05  6.4009238E-05  9.3391579E-05  1.9589479E-04  1.9127554E-04  2.8422679E-02  2.2255481E-02  9.3391579E-05  6.4009238E-05  3.7077076E-05  1.8928247E-03
 0.0000000E+00  0.0000000E+00  3.0906293E-04  1.2801361E-03  1.2343284E-03  1.9336407E-01  1.5396203E-01  3.0906293E-04  0.0000000E+00  0.0000000E+00  9.1572026E-02
 0.0000000E+00  0.0000000E+00  3.0921989E-04  1.2779620E-03  1.2322712E-03  1.9301084E-01  1.5367645E-01  3.0921989E-04  0.0000000E+00  0.0000000E+00  9.1236153E-02
 0.0000000E+00  3.4468302E-05  3.1350776E-04  1.1953904E-03  1.1539969E-03  1.7966630E-01  1.4289466E-01  3.1350776E-04  3.4468302E-05  0.0000000E+00  7.8677688E-02
 0.0000000E+00  6.0730438E-05  3.1324158E-04  1.1187950E-03  1.0811564E-03  1.6763418E-01  1.3318669E-01  3.1324158E-04  6.0730438E-05  0.0000000E+00  6.8082324E-02
 0.0000000E+00  8.0521148E-05  3.0962601E-04  1.0471461E-03  1.0128362E-03  1.5664467E-01  1.2433171E-01  3.0962601E-04  8.0521148E-05  0.0000000E+00  5.9039549E-02
 0.0000000E+00  9.5184856E-05  3.0353694E-04  9.8015485E-04  9.4880957E-04  1.4657128E-01  1.1622526E-01  3.0353694E-04  9.5184856E-05  0.0000000E+00  5.1302397E-02
 0.0000000E+00  1.0577034E-04  2.9564338E-04  9.1750999E-04  8.8881690E-04  1.3730773E-01  1.0877957E-01  2.9564338E-04  1.0577034E-04  0.0000000E+00  4.4666107E-02
 0.0000000E+00  1.1310741E-04  2.8646230E-04  8.5893868E-04  8.3262613E-04  1.2876526E-01  1.0192144E-01  2.8646230E-04  1.1310741E-04  0.0000000E+00  3.8961426E-02
 0.0000000E+00  1.1785518E-04  2.7639215E-04  8.0416802E-04  7.7999977E-04  1.2086743E-01  9.5587970E-02  2.7639215E-04  1.1785518E-04  0.0000000E+00  3.4047144E-02
 0.0000000E+00  1.2054052E-04  2.6574410E-04  7.5294370E-04  7.3071466E-04  1.1354909E-01  8.9725551E-02  2.6574410E-04  1.2054052E-04  0.0000000E+00  2.9805266E-02
 0.0000000E+00  1.2158765E-04  2.5475963E-04  7.0503766E-04  6.8456530E-04  1.0675329E-01  8.4287457E-02  2.5475963E-04  1.2158765E-04  0.0000000E+00  2.6136787E-02
 9.8865738E-06  1.2139667E-04  2.4299474E-04  6.5744158E-04  6.3866577E-04  1.0002160E-01  7.8906483E-02  2.4299474E-04  1.2139667E-04  9.8865738E-06  2.2682235E-02
 1.7645842E-05  1.1997250E-04  2.3107894E-04  6.1276130E-04  5.9553064E-04  9.3739009E-02  7.3889799E-02  2.3107894E-04  1.1997250E-04  1.7645842E-05  1.9707565E-02
 2.3648309E-05  1.1759724E-04  2.1917905E-04  5.7086375E-04  5.5504218E-04  8.7870845E-02  6.9208808E-02  2.1917905E-04  1.1759724E-04  2.3648309E-05  1.7144448E-02
 2.8202296E-05  1.1449865E-04  2.0742404E-04  5.3161647E-04  5.1708094E-04  8.2385468E-02  6.4837577E-02  2.0742404E-04  1.1449865E-04  2.8202296E-05  1.4934217E-02
 3.1564373E-05  1.1086441E-04  1.9591381E-04  4.9488392E-04  4.8152288E-04  7.7254700E-02  6.0752913E-02  1.9591381E-04  1.1086441E-04  3.1564373E-05  1.3026931E-02
 3.3948468E-05  1.0684546E-04  1.8472134E-04  4.6052925E-04  4.4824305E-04  7.2452233E-02  5.6933324E-02  1.8472134E-04  1.0684546E-04  3.3948468E-05  1.1379672E-02
 3.5532888E-05  1.0256583E-04  1.7390206E-04  4.2842217E-04  4.1711985E-04  6.7954841E-02  5.3359777E-02  1.7390206E-04  1.0256583E-04  3.5532888E-05  9.9557241E-03
 3.6466252E-05  9.8124293E-05  1.6349329E-04  3.9843424E-04  3.8803366E-04  6.3741253E-02  5.0014798E-02  1.6349329E-04  9.8124293E-05  3.6466252E-05  8.7236960E-03
 3.6872538E-05  9.3600435E-05  1.5352028E-04  3.7044106E-04  3.6086739E-04  5.9791969E-02  4.6882486E-02  1.5352028E-04  9.3600435E-05  3.6872538E-05  7.6566409E-03
 3.6855031E-05  8.9058467E-05  1.4399949E-04  3.4432406E-04  3.3550912E-04  5.6089025E-02  4.3948152E-02  1.4399949E-04  8.9058467E-05  3.6855031E-05  6.7314536E-03
 3.6499620E-05  8.4547781E-05  1.3493641E-04  3.1996905E-04  3.1185076E-04  5.2615750E-02  4.1198228E-02  1.3493641E-04  8.4547781E-05  3.6499620E-05  5.9284319E-03
 3.5877816E-05  8.0108441E-05  1.2633213E-04  2.9726654E-04  2.8978832E-04  4.9357028E-02  3.8620390E-02  1.2633213E-04  8.0108441E-05  3.5877816E-05  5.2305296E-03
 3.5048945E-05  7.5770631E-05  1.1818172E-04  2.7611287E-04  2.6922296E-04  4.6298947E-02  3.6203302E-02  1.1818172E-04  7.5770631E-05  3.5048945E-05  4.6232307E-03
 3.4062181E-05  7.1557401E-05  1.1047695E-04  2.5640972E-04  2.5006088E-04  4.3428474E-02  3.3936401E-02  1.1047695E-04  7.1557401E-05  3.4062181E-05  4.0940442E-03
 3.2958081E-05  6.7485216E-05  1.0320574E-04  2.3806342E-04  2.3221249E-04  4.0733668E-02  3.1809949E-02  1.0320574E-04  6.7485216E-05  3.2958081E-05  3.6322518E-03
 3.1770288E-05  6.3566150E-05  9.6354923E-05  2.2098663E-04  2.1559387E-04  3.8203489E-02  2.9815008E-02  9.6354923E-05  6.3566150E-05  3.1770288E-05  3.2286610E-03
 3.0526131E-05  5.9808434E-05  8.9908577E-05  2.0509563E-04  2.0012465E-04  3.5827411E-02  2.7943062E-02  8.9908577E-05  5.9808434E-05  3.0526131E-05  2.8753742E-03
 2.9248112E-05  5.6216460E-05  8.3850790E-05  1.9031232E-04  1.8572982E-04  3.3596112E-02  2.6186528E-02  8.3850790E-05  5.6216460E-05  2.9248112E-05  2.5656028E-03
 2.7954508E-05  5.2791489E-05  7.8164000E-05  1.7656263E-04  1.7233802E-04  3.1500536E-02  2.4538109E-02  7.8164000E-05  5.2791489E-05  2.7954508E-05  2.2935183E-03
 2.6660080E-05  4.9534289E-05  7.2831194E-05  1.6377809E-04  1.5988323E-04  2.9532313E-02  2.2991026E-02  7.2831194E-05  4.9534289E-05  2.6660080E-05  2.0541045E-03
 2.5376628E-05  4.6442777E-05  6.7834810E-05  1.5189300E-04  1.4830223E-04  2.7683755E-02  2.1539084E-02  6.7834810E-05  4.6442777E-05  2.5376628E-05  1.8430479E-03
 2.4113427E-05  4.3513931E-05  6.3157285E-05  1.4084699E-04  1.3753625E-04  2.5947567E-02  2.0176404E-02  6.3157285E-05  4.3513931E-05  2.4113427E-05  1.6566439E-03
 2.2877887E-05  4.0743638E-05  5.8781058E-05  1.3058290E-04  1.2753052E-04  2.4316915E-02  1.8897474E-02  5.8781058E-05  4.0743638E-05  2.2877887E-05  1.4916820E-03
 2.1675604E-05  3.8127122E-05  5.4690049E-05  1.2104676E-04  1.1823253E-04  2.2785447E-02  1.7697176E-02  5.4690049E-05  3.8127122E-05  2.1675604E-05  1.3454181E-03
 2.0510751E-05  3.5659060E-05  5.0867738E-05  1.1218940E-04  1.0959486E-04  2.1347216E-02  1.6570754E-02  5.0867738E-05  3.5659060E-05  2.0510751E-05  1.2154759E-03
 1.9386400E-05  3.3333688E-05  4.7298539E-05  1.0396353E-04  1.0157151E-04  1.9996689E-02  1.5513752E-02  4.7298539E-05  3.3333688E-05  1.9386400E-05  1.0998028E-03
 0.0000000E+00  0.0000000E+00  2.4861878E-04  1.0735195E-03  1.0356917E-03  1.7897145E-01  1.4196925E-01  2.4861878E-04  0.0000000E+00  0.0000000E+00  8.3090837E-02
 0.0000000E+00  0.0000000E+00  2.4875850E-04  1.0716385E-03  1.0339084E-03  1.7863605E-01  1.4169917E-01  2.4875850E-04  0.0000000E+00  0.0000000E+00  8.2775474E-02
 0.0000000E+00  2.8584844E-05  2.5264948E-04  1.0003571E-03  9.6622812E-04  1.6598091E-01  1.3151912E-01  2.5264948E-04  2.8584844E-05  0.0000000E+00  7.1019507E-02
 0.0000000E+00  5.0301509E-05  2.5269773E-04  9.3447109E-04  9.0348313E-04  1.5459302E-01  1.2237082E-01  2.5269773E-04  5.0301509E-05  0.0000000E+00  6.1161329E-02
 0.0000000E+00  6.6606670E-05  2.4992007E-04  8.7303540E-04  8.4482840E-04  1.4421242E-01  1.1404255E-01  2.4992007E-04  6.6606670E-05  0.0000000E+00  5.2795065E-02
 0.0000000E+00  7.8628058E-05  2.4505215E-04  8.1574314E-04  7.9000969E-04  1.3471533E-01  1.0643249E-01  2.4505215E-04  7.8628058E-05  0.0000000E+00  4.5675045E-02
 0.0000000E+00  8.7249475E-05  2.3866015E-04  7.6231199E-04  7.3878749E-04  1.2599777E-01  9.9455412E-02  2.3866015E-04  8.7249475E-05  0.0000000E+00  3.9599483E-02
 0.0000000E+00  9.3166738E-05  2.3118067E-04  7.1246514E-04  6.9092233E-04  1.1797316E-01  9.3040219E-02  2.3118067E-04  9.3166738E-05  0.0000000E+00  3.4402224E-02
 0.0000000E+00  9.6934820E-05  2.2295037E-04  6.6595600E-04  6.4619507E-04  1.1056674E-01  8.7125748E-02  2.2295037E-04  9.6934820E-05  0.0000000E+00  2.9945955E-02
 0.0000000E+00  9.8995902E-05  2.1423299E-04  6.2254694E-04  6.0439442E-04  1.0371522E-01  8.1660215E-02  2.1423299E-04  9.8995902E-05  0.0000000E+00  2.6116652E-02
 0.0000000E+00  9.9705749E-05  2.0523168E-04  5.8202809E-04  5.6533126E-04  9.7363846E-02  7.6598818E-02  2.0523168E-04  9.9705749E-05  0.0000000E+00  2.2819314E-02
 8.1168918E-06  9.9388703E-05  1.9558842E-04  5.4184806E-04  5.2655609E-04  9.1083052E-02  7.1598934E-02  1.9558842E-04  9.9388703E-05  8.1168918E-06  1.9730104E-02
 1.4461354E-05  9.8062159E-05  1.8582171E-04  5.0420679E-04  4.9019145E-04  8.5231110E-02  6.6945251E-02  1.8582171E-04  9.8062159E-05  1.4461354E-05  1.7081280E-02
 1.9346169E-05  9.5961797E-05  1.7607240E-04  4.6897751E-04  4.5612505E-04  7.9774752E-02  6.2610432E-02  1.7607240E-04  9.5961797E-05  1.9346169E-05  1.4808197E-02
 2.3031089E-05  9.3278967E-05  1.6644822E-04  4.3603779E-04  4.2424535E-04  7.4682396E-02  5.8568823E-02  1.6644822E-04  9.3278967E-05  2.3031089E-05  1.2856034E-02
 2.5731875E-05  9.0167985E-05  1.5703222E-04  4.0526496E-04  3.9443987E-04  6.9926981E-02  5.4798215E-02  1.5703222E-04  9.0167985E-05  2.5731875E-05  1.1177876E-02
 2.7627869E-05  8.6755668E-05  1.4788557E-04  3.7653781E-04  3.6659641E-04  6.5483353E-02  5.1278144E-02  1.4788557E-04  8.6755668E-05  2.7627869E-05  9.7339966E-03
 2.8868165E-05  8.3143023E-05  1.3905373E-04  3.4973847E-04  3.4060501E-04  6.1328731E-02  4.7990032E-02  1.3905373E-04  8.3143023E-05  2.8868165E-05  8.4903893E-03
 2.9576834E-05  7.9411415E-05  1.3056755E-04  3.2475243E-04  3.1635851E-04  5.7442777E-02  4.4917296E-02  1.3056755E-04  7.9411415E-05  2.9576834E-05  7.4182676E-03
 2.9856901E-05  7.5625938E-05  1.2244723E-04  3.0146979E-04  2.9375305E-04  5.3805779E-02  4.2044013E-02  1.2244723E-04  7.5625938E-05  2.9856901E-05  6.4928289E-03
 2.9793997E-05  7.1838777E-05  1.1470513E-04  2.7978578E-04  2.7268967E-04  5.0401006E-02  3.9356502E-02  1.1470513E-04  7.1838777E-05  2.9793997E-05  5.6931987E-03
 2.9459218E-05  6.8090335E-05  1.0734572E-04  2.5959911E-04  2.5307215E-04  4.7212687E-02  3.6841970E-02  1.0734572E-04  6.8090335E-05  2.9459218E-05  5.0012745E-03
 2.8911429E-05  6.4411475E-05  1.0036902E-04  2.4081433E-04  2.3480964E-04  4.4225907E-02  3.4488343E-02  1.0036902E-04  6.4411475E-05  2.8911429E-05  4.4018324E-03
 2.8199338E-05  6.0826326E-05  9.3769407E-05  2.2334047E-04  2.1781523E-04  4.1427047E-02  3.2284661E-02  9.3769407E-05  6.0826326E-05  2.8199338E-05  3.8817641E-03
 2.7363177E-05  5.7353406E-05  8.7539586E-05  2.0709239E-04  2.0200740E-04  3.8804257E-02  3.0221224E-02  8.7539586E-05  5.7353406E-05  2.7363177E-05  3.4298861E-03
 2.6436055E-05  5.4004835E-05  8.1669459E-05  1.9198831E-04  1.8730800E-04  3.6345411E-02  2.8288333E-02  8.1669459E-05  5.4004835E-05  2.6436055E-05  3.0366476E-03
 2.5445131E-05  5.0789761E-05  7.6146680E-05  1.7795250E-04  1.7364405E-04  3.4040316E-02  2.6477718E-02  7.6146680E-05  5.0789761E-05  2.5445131E-05  2.6938784E-03
 2.4412626E-05  4.7713625E-05  7.0957781E-05  1.6491274E-04  1.6094639E-04  3.1879029E-02  2.4781365E-02  7.0957781E-05  4.7713625E-05  2.4412626E-05  2.3945866E-03
 2.3356553E-05  4.4779403E-05  6.6088735E-05  1.5280113E-04  1.4914933E-04  2.9852354E-02  2.3191859E-02  6.6088735E-05  4.4779403E-05  2.3356553E-05  2.1327849E-03
 2.2291445E-05  4.1987880E-05  6.1524389E-05  1.4155532E-04  1.3819292E-04  2.7951737E-02  2.1702325E-02  6.1524389E-05  4.1987880E-05  2.2291445E-05  1.9033612E-03
 2.1229144E-05  3.9338158E-05  5.7250717E-05  1.3111449E-04  1.2801844E-04  2.6169360E-02  2.0306494E-02  5.7250717E-05  3.9338158E-05  2.1229144E-05  1.7019217E-03
 2.0178850E-05  3.6828217E-05  5.3252510E-05  1.2142435E-04  1.1857357E-04  2.4497733E-02  1.8998334E-02  5.3252510E-05  3.6828217E-05  2.0178850E-05  1.5247068E-03
 1.9147917E-05  3.4454859E-05  4.9514785E-05  1.1243228E-04  1.0980712E-04  2.2930002E-02  1.7772354E-02  4.9514785E-05  3.4454859E-05  1.9147917E-05  1.3684899E-03
 1.8141954E-05  3.2214155E-05  4.6023235E-05  1.0408937E-04  1.0167203E-04  2.1459760E-02  1.6623399E-02  4.6023235E-05  3.2214155E-05  1.8141954E-05  1.2304990E-03
 1.7165339E-05  3.0101728E-05  4.2763830E-05  9.6350627E-05  9.4124654E-05  2.0080974E-02  1.5546676E-02  4.2763830E-05  3.0101728E-05  1.7165339E-05  1.1083604E-03
 1.6221158E-05  2.8112697E-05  3.9722991E-05  8.9173534E-05  8.7123882E-05  1.8787987E-02  1.4537625E-02  3.9722991E-05  2.8112697E-05  1.6221158E-05  1.0000259E-03
 1.5311712E-05  2.6241955E-05  3.6887530E-05  8.2518262E-05  8.0630989E-05  1.7575569E-02  1.3592103E-02  3.6887530E-05  2.6241955E-05  1.5311712E-05  9.0373364E-04
 0.0000000E+00  0.0000000E+00  1.9774569E-04  8.9238660E-04  8.6139272E-04  1.6483931E-01  1.3025850E-01  1.9774569E-04  0.0000000E+00  0.0000000E+00  7.4905749E-02
 0.0000000E+00  0.0000000E+00  1.9786618E-04  8.9077411E-04  8.5986104E-04  1.6452214E-01  1.3000420E-01  1.9786618E-04  0.0000000E+00  0.0000000E+00  7.4611414E-02
 0.0000000E+00  2.3407114E-05  2.0128977E-04  8.2968432E-04  8.0176512E-04  1.5257754E-01  1.2043846E-01  2.0128977E-04  2.3407114E-05  0.0000000E+00  6.3681419E-02
 0.0000000E+00  4.1146237E-05  2.0152615E-04  7.7344536E-04  7.4813612E-04  1.4185175E-01  1.1186022E-01  2.0152615E-04  4.1146237E-05  0.0000000E+00  5.4572402E-02
 0.0000000E+00  5.4419956E-05  1.9941474E-04  7.2118488E-04  6.9818250E-04  1.3209422E-01  1.0406618E-01  1.9941474E-04  5.4419956E-05  0.0000000E+00  4.6886349E-02
 0.0000000E+00  6.4161651E-05  1.9556486E-04  6.7260041E-04  6.5164446E-04  1.2318375E-01  9.6957412E-02  1.9556486E-04  6.4161651E-05  0.0000000E+00  4.0380679E-02
 0.0000000E+00  7.1102914E-05  1.9044583E-04  6.2741013E-04  6.0828170E-04  1.1502094E-01  9.0452575E-02  1.9044583E-04  7.1102914E-05  0.0000000E+00  3.4858077E-02
 0.0000000E+00  7.5820885E-05  1.8442085E-04  5.8536325E-04  5.6786938E-04  1.0751992E-01  8.4481818E-02  1.8442085E-04  7.5820885E-05  0.0000000E+00  3.0157261E-02
 0.0000000E+00  7.8775713E-05  1.7777106E-04  5.4621887E-04  5.3019455E-04  1.0060983E-01  7.8987253E-02  1.7777106E-04  7.8775713E-05  0.0000000E+00  2.6145867E-02
 0.0000000E+00  8.0334600E-05  1.7071562E-04  5.0976527E-04  4.9506557E-04  9.4228214E-02  7.3918192E-02  1.7071562E-04  8.0334600E-05  0.0000000E+00  2.2714594E-02
 0.0000000E+00  8.0791307E-05  1.6342436E-04  4.7580769E-04  4.6230486E-04  8.8322376E-02  6.9231747E-02  1.6342436E-04  8.0791307E-05  0.0000000E+00  1.9772963E-02
 6.5936268E-06  8.0406893E-05  1.5561157E-04  4.4220466E-04  4.2985515E-04  8.2492611E-02  6.4610372E-02  1.5561157E-04  8.0406893E-05  6.5936268E-06  1.7031284E-02
 1.1726249E-05  7.9205454E-05  1.4769837E-04  4.1078794E-04  3.9948555E-04  7.7070580E-02  6.0316526E-02  1.4769837E-04  7.9205454E-05  1.1726249E-05  1.4690601E-02
 1.5659096E-05  7.7381493E-05  1.3980295E-04  3.8144497E-04  3.7109463E-04  7.2023466E-02  5.6323474E-02  1.3980295E-04  7.7381493E-05  1.5659096E-05  1.2690441E-02
 1.8608646E-05  7.5093366E-05  1.3201368E-04  3.5406329E-04  3.4457967E-04  6.7321449E-02  5.2606985E-02  1.3201368E-04  7.5093366E-05  1.8608646E-05  1.0979624E-02
 2.0754252E-05  7.2467873E-05  1.2439998E-04  3.2853248E-04  3.1983882E-04  6.2938030E-02  4.9145537E-02  1.2439998E-04  7.2467873E-05  2.0754252E-05  9.5147755E-03
 2.2244691E-05  6.9608862E-05  1.1701176E-04  3.0474443E-04  2.9677133E-04  5.8848499E-02  4.5919143E-02  1.1701176E-04  6.9608862E-05  2.2244691E-05  8.2592892E-03
 2.3203317E-05  6.6598953E-05  1.0988575E-04  2.8259454E-04  2.7527927E-04  5.5031352E-02  4.2910351E-02  1.0988575E-04  6.6598953E-05  2.3203317E-05  7.1820106E-03
 2.3732432E-05  6.3504130E-05  1.0304776E-04  2.6198181E-04  2.5526800E-04  5.1466731E-02  4.0103043E-02  1.0304776E-04  6.3504130E-05  2.3732432E-05  6.2565470E-03
 2.3916951E-05  6.0376602E-05  9.6512713E-05  2.4280942E-04  2.3664555E-04  4.8136522E-02  3.7482573E-02  9.6512713E-05  6.0376602E-05  2.3916951E-05  5.4605852E-03
 2.3826987E-05  5.7258254E-05  9.0290936E-05  2.2498541E-04  2.1932490E-04  4.5023550E-02  3.5035132E-02  9.0290936E-05  5.7258254E-05  2.3826987E-05  4.7750938E-03
 2.3520775E-05  5.4181274E-05  8.4384722E-05  2.0842192E-04  2.0322233E-04  4.2112997E-02  3.2748745E-02  8.4384722E-05  5.4181274E-05  2.3520775E-05  4.1839331E-03
 2.3046166E-05  5.1170333E-05  7.8793499E-05  1.9303638E-04  1.8825921E-04  3.9390871E-02  3.0612102E-02  7.8793499E-05  5.1170333E-05  2.3046166E-05  3.6733847E-03
 2.2442865E-05  4.8244078E-05  7.3512677E-05  1.7874964E-04  1.7435976E-04  3.6844370E-02  2.8614881E-02  7.3512677E-05  4.8244078E-05  2.2442865E-05  3.2317900E-03
 2.1743288E-05  4.5416222E-05  6.8535370E-05  1.6548796E-04  1.6145314E-04  3.4461414E-02  2.6747416E-02  6.8535370E-05  4.5416222E-05  2.1743288E-05  2.8492115E-03
 2.0974115E-05  4.2696403E-05  6.3851824E-05  1.5318148E-04  1.4947265E-04  3.2231173E-02  2.5000976E-02  6.3851824E-05  4.2696403E-05  2.0974115E-05  2.5172093E-03
 2.0157148E-05  4.0090991E-05  5.9452286E-05  1.4176448E-04  1.3835493E-04  3.0143558E-02  2.3367459E-02  5.9452286E-05  4.0090991E-05  2.0157148E-05  2.2285829E-03
 1.9310174E-05  3.7603714E-05  5.5325108E-05  1.3117560E-04  1.2804085E-04  2.8189168E-02  2.1839339E-02  5.5325108E-05  3.7603714E-05  1.9310174E-05  1.9772160E-03
 1.8447421E-05  3.5236295E-05  5.1458128E-05  1.2135724E-04  1.1847496E-04  2.6359326E-02  2.0409633E-02  5.1458128E-05  3.5236295E-05  1.8447421E-05  1.7578644E-03
 1.7580480E-05  3.2988675E-05  4.7838951E-05  1.1225550E-04  1.0960503E-04  2.4645947E-02  1.9071908E-02  4.7838951E-05  3.2988675E-05  1.7580480E-05  1.5660875E-03
 1.6718474E-05  3.0859592E-05  4.4455071E-05  1.0381946E-04  1.0138216E-04  2.3041590E-02  1.7820181E-02  4.4455071E-05  3.0859592E-05  1.6718474E-05  1.3980639E-03
 1.5868688E-05  2.8846752E-05  4.1293979E-05  9.6002760E-05  9.3761456E-05  2.1539201E-02  1.6648823E-02  4.1293979E-05  2.8846752E-05  1.5868688E-05  1.2505520E-03
 1.5036746E-05  2.6947113E-05  3.8343397E-05  8.8760899E-05  8.6699654E-05  2.0132323E-02  1.5552704E-02  3.8343397E-05  2.6947113E-05  1.5036746E-05  1.1207691E-03
 1.4226952E-05  2.5157061E-05  3.5591276E-05  8.2052585E-05  8.0157142E-05  1.8814922E-02  1.4526983E-02  3.5591276E-05  2.5157061E-05  1.4226952E-05  1.0063398E-03
 1.3442574E-05  2.3472522E-05  3.3025969E-05  7.5840187E-05  7.4096963E-05  1.7581315E-02  1.3567150E-02  3.3025969E-05  2.3472522E-05  1.3442574E-05  9.0522732E-04
 1.2685851E-05  2.1889308E-05  3.0636173E-05  7.0087346E-05  6.8484331E-05  1.6426208E-02  1.2668990E-02  3.0636173E-05  2.1889308E-05  1.2685851E-05  8.1568743E-04
 1.1958447E-05  2.0402886E-05  2.8411158E-05  6.4761827E-05  6.3287793E-05  1.5344705E-02  1.1828604E-02  2.8411158E-05  2.0402886E-05  1.1958447E-05  7.3622264E-04
 0.0000000E+00  0.0000000E+00  1.5536615E-04  7.3479235E-04  7.0961223E-04  1.5102057E-01  1.1887150E-01  1.5536615E-04  0.0000000E+00  0.0000000E+00  6.7048358E-02
 0.0000000E+00  0.0000000E+00  1.5546764E-04  7.3341565E-04  7.0830210E-04  1.5072299E-01  1.1863406E-01  1.5546764E-04  0.0000000E+00  0.0000000E+00  6.6775568E-02
 0.0000000E+00  1.8897334E-05  1.5838562E-04  6.8146980E-04  6.5882858E-04  1.3950643E-01  1.0969216E-01  1.5838562E-04  1.8897334E-05  0.0000000E+00  5.6689128E-02
 0.0000000E+00  3.3191257E-05  1.5871062E-04  6.3386436E-04  6.1337260E-04  1.2945641E-01  1.0169062E-01  1.5871062E-04  3.3191257E-05  0.0000000E+00  4.8335113E-02
 0.0000000E+00  4.3855895E-05  1.5712023E-04  5.8979852E-04  5.7120325E-04  1.2033219E-01  9.4435101E-02  1.5712023E-04  4.3855895E-05  0.0000000E+00  4.1327157E-02
 0.0000000E+00  5.1649839E-05  1.5410838E-04  5.4896963E-04  5.3205586E-04  1.1201721E-01  8.7830850E-02  1.5410838E-04  5.1649839E-05  0.0000000E+00  3.5428197E-02
 0.0000000E+00  5.7169063E-05  1.5005759E-04  5.1110689E-04  4.9569087E-04  1.0441378E-01  8.1798571E-02  1.5005759E-04  5.7169063E-05  0.0000000E+00  3.0447103E-02
 0.0000000E+00  6.0885055E-05  1.4526411E-04  4.7597076E-04  4.6189374E-04  9.7440347E-02  7.6272104E-02  1.4526411E-04  6.0885055E-05  0.0000000E+00  2.6228591E-02
 0.0000000E+00  6.3173561E-05  1.3995790E-04  4.4334465E-04  4.3046867E-04  9.1027990E-02  7.1195527E-02  1.3995790E-04  6.3173561E-05  0.0000000E+00  2.2646237E-02
 0.0000000E+00  6.4334534E-05  1.3431964E-04  4.1303328E-04  4.0123841E-04  8.5116600E-02  6.6520303E-02  1.3431964E-04  6.4334534E-05  0.0000000E+00  1.9596206E-02
 0.0000000E+00  6.4608497E-05  1.2848838E-04  3.8485930E-04  3.7404004E-04  7.9655577E-02  6.2205458E-02  1.2848838E-04  6.4608497E-05  0.0000000E+00  1.6993199E-02
 5.2945681E-06  6.4201365E-05  1.2223825E-04  3.5703877E-04  3.4715818E-04  7.4274759E-02  5.7958183E-02  1.2223825E-04  6.4201365E-05  5.2945681E-06  1.4579913E-02
 9.3989489E-06  6.3141296E-05  1.1590834E-04  3.3108563E-04  3.2205611E-04  6.9279330E-02  5.4018934E-02  1.1590834E-04  6.3141296E-05  9.3989489E-06  1.2528705E-02
 1.2528705E-05  6.1586684E-05  1.0959486E-04  3.0689706E-04  2.9864012E-04  6.4637326E-02  5.0361892E-02  1.0959486E-04  6.1586684E-05  1.2528705E-05  1.0783375E-02
 1.4861972E-05  5.9667178E-05  1.0337113E-04  2.8437238E-04  2.7681788E-04  6.0320438E-02  4.6964092E-02  1.0337113E-04  5.9667178E-05  1.4861972E-05  9.2967552E-03
 1.6546116E-05  5.7485207E-05  9.7292306E-05  2.6341287E-04  2.5649746E-04  5.6302720E-02  4.3804665E-02  9.7292306E-05  5.7485207E-05  1.6546116E-05  8.0290718E-03
 1.7703099E-05  5.5124778E-05  9.1400033E-05  2.4392310E-04  2.3759007E-04  5.2561412E-02  4.0865190E-02  9.1400033E-05  5.5124778E-05  1.7703099E-05  6.9468273E-03
 1.8433825E-05  5.2652476E-05  8.5723647E-05  2.2581102E-04  2.2000885E-04  4.9075161E-02  3.8128477E-02  8.5723647E-05  5.2652476E-05  1.8433825E-05  6.0217452E-03
 1.8821657E-05  5.0121216E-05  8.0283678E-05  2.0898811E-04  2.0367042E-04  4.5824742E-02  3.5579079E-02  8.0283678E-05  5.0121216E-05  1.8821657E-05  5.2300019E-03
 1.8935701E-05  4.7573001E-05  7.5091275E-05  1.9337088E-04  1.8849577E-04  4.2792991E-02  3.3203185E-02  7.5091275E-05  4.7573001E-05  1.8935701E-05  4.5514637E-03
 1.8832745E-05  4.5040509E-05  7.0154649E-05  1.7887947E-04  1.7440873E-04  3.9964327E-02  3.0988219E-02  7.0154649E-05  4.5040509E-05  1.8832745E-05  3.9691236E-03
 1.8559837E-05  4.2549082E-05  6.5475560E-05  1.6543753E-04  1.6133661E-04  3.7323741E-02  2.8922203E-02  6.5475560E-05  4.2549082E-05  1.8559837E-05  3.4685973E-03
 1.8155579E-05  4.0117963E-05  6.1052836E-05  1.5297460E-04  1.4921204E-04  3.4858121E-02  2.6994607E-02  6.1052836E-05  4.0117963E-05  1.8155579E-05  3.0377175E-03
 1.7651709E-05  3.7761523E-05  5.6881255E-05  1.4142287E-04  1.3797022E-04  3.2555232E-02  2.5195608E-02  5.6881255E-05  3.7761523E-05  1.7651709E-05  2.6661770E-03
 1.7074273E-05  3.5489971E-05  5.2955479E-05  1.3071962E-04  1.2755070E-04  3.0403849E-02  2.3516251E-02  5.2955479E-05  3.5489971E-05  1.7074273E-05  2.3452464E-03
 1.6444391E-05  3.3310405E-05  4.9267352E-05  1.2080432E-04  1.1789549E-04  2.8393575E-02  2.1948219E-02  4.9267352E-05  3.3310405E-05  1.6444391E-05  2.0675282E-03
 1.5779369E-05  3.1227284E-05  4.5808077E-05  1.1162232E-04  1.0895188E-04  2.6514858E-02  2.0483876E-02  4.5808077E-05  3.1227284E-05  1.5779369E-05  1.8267511E-03
 1.5093228E-05  2.9243071E-05  4.2567914E-05  1.0312108E-04  1.0066918E-04  2.4758847E-02  1.9116172E-02  4.2567914E-05  2.9243071E-05  1.5093228E-05  1.6175942E-03
 1.4397114E-05  2.7358471E-05  3.9536772E-05  9.5252162E-05  9.3000780E-05  2.3117360E-02  1.7838568E-02  3.9536772E-05  2.7358471E-05  1.4397114E-05  1.4355228E-03
 1.3700120E-05  2.5573014E-05  3.6704328E-05  8.7969940E-05  8.5902548E-05  2.1582752E-02  1.6644978E-02  3.6704328E-05  2.5573014E-05  1.3700120E-05  1.2767001E-03
 1.3009227E-05  2.3885175E-05  3.4060080E-05  8.1232310E-05  7.9333873E-05  2.0148058E-02  1.5529874E-02  3.4060080E-05  2.3885175E-05  1.3009227E-05  1.1378645E-03
 1.2330008E-05  2.2292607E-05  3.1593820E-05  7.4999394E-05  7.3256023E-05  1.8806672E-02  1.4488000E-02  3.1593820E-05  2.2292607E-05  1.2330008E-05  1.0162175E-03
 1.1666805E-05  2.0792553E-05  2.9295283E-05  6.9234596E-05  6.7633435E-05  1.7552531E-02  1.3514540E-02  2.9295283E-05  2.0792553E-05  1.1666805E-05  9.0940690E-04
 1.1022844E-05  1.9381728E-05  2.7154670E-05  6.3903789E-05  6.2433361E-05  1.6379986E-02  1.2605008E-02  2.7154670E-05  1.9381728E-05  1.1022844E-05  8.1539687E-04
 1.0400471E-05  1.8056495E-05  2.5162420E-05  5.8974716E-05  5.7624403E-05  1.5283706E-02  1.1755189E-02  2.5162420E-05  1.8056495E-05  1.0400471E-05  7.3247446E-04
 9.8013880E-06  1.6813274E-05  2.3309323E-05  5.4418382E-05  5.3178303E-05  1.4258794E-02  1.0961199E-02  2.3309323E-05  1.6813274E-05  9.8013880E-06  6.5916131E-04
 9.2265923E-06  1.5648137E-05  2.1586578E-05  5.0206884E-05  4.9068109E-05  1.3300655E-02  1.0219403E-02  2.1586578E-05  1.5648137E-05  9.2265923E-06  5.9419027E-04
 0.0000000E+00  0.0000000E+00  1.2045526E-04  5.9878759E-04  5.7852258E-04  1.3756987E-01  1.0785076E-01  1.2045526E-04  0.0000000E+00  0.0000000E+00  5.9550423E-02
 0.0000000E+00  0.0000000E+00  1.2053804E-04  5.9762333E-04  5.7741349E-04  1.3729130E-01  1.0762955E-01  1.2053804E-04  0.0000000E+00  0.0000000E+00  5.9299455E-02
 0.0000000E+00  1.5014200E-05  1.2293855E-04  5.5383200E-04  5.3564341E-04  1.2681698E-01  9.9318069E-02  1.2293855E-04  1.5014200E-05  0.0000000E+00  5.0066227E-02
 0.0000000E+00  2.6357626E-05  1.2327806E-04  5.1390205E-04  4.9746843E-04  1.1745266E-01  9.1896714E-02  1.2327806E-04  2.6357626E-05  0.0000000E+00  4.2466693E-02
 0.0000000E+00  3.4801599E-05  1.2208800E-04  4.7709836E-04  4.6221046E-04  1.0896871E-01  8.5181126E-02  1.2208800E-04  3.4801599E-05  0.0000000E+00  3.6129320E-02
 0.0000000E+00  4.0950146E-05  1.1975886E-04  4.4312354E-04  4.2960426E-04  1.0125275E-01  7.9080445E-02  1.1975886E-04  4.0950146E-05  0.0000000E+00  3.0824912E-02
 0.0000000E+00  4.5279652E-05  1.1659416E-04  4.1172113E-04  3.9941863E-04  9.4211842E-02  7.3519541E-02  1.1659416E-04  4.5279652E-05  0.0000000E+00  2.6369862E-02
 0.0000000E+00  4.8168308E-05  1.1283203E-04  3.8266585E-04  3.7144937E-04  8.7766342E-02  6.8434289E-02  1.1283203E-04  4.8168308E-05  0.0000000E+00  2.2616432E-02
 0.0000000E+00  4.9917649E-05  1.0865662E-04  3.5575969E-04  3.4551599E-04  8.1850500E-02  6.3771606E-02  1.0865662E-04  4.9917649E-05  0.0000000E+00  1.9444657E-02
 0.0000000E+00  5.0768987E-05  1.0421309E-04  3.3082491E-04  3.2145553E-04  7.6407385E-02  5.9485675E-02  1.0421309E-04  5.0768987E-05  0.0000000E+00  1.6757183E-02
 0.0000000E+00  5.0916305E-05  9.9614802E-05  3.0770354E-04  2.9912187E-04  7.1387846E-02  5.5536990E-02  9.9614802E-05  5.0916305E-05  0.0000000E+00  1.4474114E-02
 4.1979932E-06  5.0520178E-05  9.4684807E-05  2.8492456E-04  2.7709961E-04  6.6451216E-02  5.1657273E-02  9.4684807E-05  5.0520178E-05  4.1979932E-06  1.2368774E-02
 7.4388393E-06  4.9608857E-05  8.9691830E-05  2.6372330E-04  2.5658337E-04  6.1876420E-02  4.8065338E-02  8.9691830E-05  4.9608857E-05  7.4388393E-06  1.0587402E-02
 9.8979583E-06  4.8310408E-05  8.4713850E-05  2.4400771E-04  2.3748883E-04  5.7633387E-02  4.4736909E-02  8.4713850E-05  4.8310408E-05  9.8979583E-06  9.0783519E-03
 1.1720179E-05  4.6728059E-05  7.9810248E-05  2.2568871E-04  2.1973351E-04  5.3694466E-02  4.1649854E-02  7.9810248E-05  4.6728059E-05  1.1720179E-05  7.7984968E-03
 1.3024927E-05  4.4944827E-05  7.5024812E-05  2.0867917E-04  2.0323600E-04  5.0035595E-02  3.8784744E-02  7.5024812E-05  4.4944827E-05  1.3024927E-05  6.7116666E-03
 1.3910874E-05  4.3027294E-05  7.0391733E-05  1.9289505E-04  1.8791779E-04  4.6633912E-02  3.6123355E-02  7.0391733E-05  4.3027294E-05  1.3910874E-05  5.7875041E-03
 1.4459538E-05  4.1028364E-05  6.5933204E-05  1.7825686E-04  1.7370361E-04  4.3469763E-02  3.3649892E-02  6.5933204E-05  4.1028364E-05  1.4459538E-05  5.0006724E-03
 1.4738039E-05  3.8989965E-05  6.1665420E-05  1.6468774E-04  1.6052095E-04  4.0525310E-02  3.1350039E-02  6.1665420E-05  3.8989965E-05  1.4738039E-05  4.3297997E-03
 1.4801740E-05  3.6945088E-05  5.7598160E-05  1.5211636E-04  1.4830200E-04  3.7783535E-02  2.9210227E-02  5.7598160E-05  3.6945088E-05  1.4801740E-05  3.7569570E-03
 1.4696170E-05  3.4919285E-05  5.3736401E-05  1.4047365E-04  1.3698085E-04  3.5229532E-02  2.7218545E-02  5.3736401E-05  3.4919285E-05  1.4696170E-05  3.2670646E-03
 1.4458818E-05  3.2932172E-05  5.0081403E-05  1.2969547E-04  1.2649629E-04  3.2849599E-02  2.5364046E-02  5.0081403E-05  3.2932172E-05  1.4458818E-05  2.8474303E-03
 1.4120394E-05  3.0998383E-05  4.6631606E-05  1.1972138E-04  1.1679060E-04  3.0631093E-02  2.3636636E-02  4.6631606E-05  3.0998383E-05  1.4120394E-05  2.4873709E-03
 1.3705973E-05  2.9128836E-05  4.3383232E-05  1.1049393E-04  1.0780843E-04  2.8562514E-02  2.2027184E-02  4.3383232E-05  2.9128836E-05  1.3705973E-05  2.1778711E-03
 1.3236127E-05  2.7331088E-05  4.0330762E-05  1.0195990E-04  9.9498670E-05  2.6633279E-02  2.0527256E-02  4.0330762E-05  2.7331088E-05  1.3236127E-05  1.9113371E-03
 1.2727472E-05  2.5610179E-05  3.7467599E-05  9.4068789E-05  9.1812819E-05  2.4833575E-02  1.9129033E-02  3.7467599E-05  2.5610179E-05  1.2727472E-05  1.6813507E-03
 1.2193564E-05  2.3969227E-05  3.4786363E-05  8.6774797E-05  8.4706717E-05  2.3154459E-02  1.7825439E-02  3.4786363E-05  2.3969227E-05  1.2193564E-05  1.4825074E-03
 1.1645140E-05  2.2409611E-05  3.2278898E-05  8.0034271E-05  7.8138237E-05  2.1587589E-02  1.6609821E-02  3.2278898E-05  2.2409611E-05  1.1645140E-05  1.3102185E-03
 1.1091018E-05  2.0931513E-05  2.9936926E-05  7.3805718E-05  7.2067296E-05  2.0125299E-02  1.5476123E-02  2.9936926E-05  2.0931513E-05  1.1091018E-05  1.1606151E-03
 1.0538096E-05  1.9534031E-05  2.7751988E-05  6.8051963E-05  6.6457891E-05  1.8760517E-02  1.4418736E-02  2.7751988E-05  1.9534031E-05  1.0538096E-05  1.0304163E-03
 9.9916516E-06  1.8215667E-05  2.5715449E-05  6.2737893E-05  6.1276213E-05  1.7486611E-02  1.3432414E-02  2.5715449E-05  1.8215667E-05  9.9916516E-06  9.1684462E-04
 9.4560043E-06  1.6974261E-05  2.3818970E-05  5.7830552E-05  5.6490197E-05  1.6297503E-02  1.2512350E-02  2.3818970E-05  1.6974261E-05  9.4560043E-06  8.1754893E-04
 8.9343330E-06  1.5807234E-05  2.2054333E-05  5.3299863E-05  5.2070657E-05  1.5187530E-02  1.1654068E-02  2.2054333E-05  1.5807234E-05  8.9343330E-06  7.3052574E-04
 8.4289171E-06  1.4711646E-05  2.0413441E-05  4.9117285E-05  4.7990051E-05  1.4151425E-02  1.0853413E-02  2.0413441E-05  1.4711646E-05  8.4289171E-06  6.5407754E-04
 7.9416160E-06  1.3684559E-05  1.8888735E-05  4.5256781E-05  4.4223070E-05  1.3184325E-02  1.0106543E-02  1.8888735E-05  1.3684559E-05  7.9416160E-06  5.8675333E-04
 7.4735694E-06  1.2722733E-05  1.7472659E-05  4.1694006E-05  4.0746072E-05  1.2281573E-02  9.4098031E-03  1.7472659E-05  1.2722733E-05  7.4735694E-06  5.2732467E-04
 7.0253772E-06  1.1822989E-05  1.6158314E-05  3.8406558E-05  3.7537312E-05  1.1439020E-02  8.7599154E-03  1.6158314E-05  1.1822989E-05  7.0253772E-06  4.7474126E-04
 0.0000000E+00  0.0000000E+00  9.2042661E-05  4.8245818E-04  4.6631671E-04  1.2453902E-01  9.7235732E-02  9.2042661E-05  0.0000000E+00  0.0000000E+00  5.2442164E-02
 0.0000000E+00  0.0000000E+00  9.2107672E-05  4.8148449E-04  4.6538730E-04  1.2428017E-01  9.7031167E-02  9.2107672E-05  0.0000000E+00  0.0000000E+00  5.2213462E-02
 0.0000000E+00  1.1713305E-05  9.4004017E-05  4.4491279E-04  4.3045293E-04  1.1455734E-01  8.9352397E-02  9.4004017E-05  1.1713305E-05  0.0000000E+00  4.3834585E-02
 0.0000000E+00  2.0561424E-05  9.4306991E-05  4.1175392E-04  3.9871288E-04  1.0588419E-01  8.2511027E-02  9.4306991E-05  2.0561424E-05  0.0000000E+00  3.6982351E-02
 0.0000000E+00  2.7138773E-05  9.3418309E-05  3.8133537E-04  3.6954191E-04  9.8043702E-02  7.6333646E-02  9.3418309E-05  2.7138773E-05  0.0000000E+00  3.1302576E-02
 0.0000000E+00  3.1914472E-05  9.1637879E-05  3.5336990E-04  3.4267896E-04  9.0928295E-02  7.0733726E-02  9.1637879E-05  3.1914472E-05  0.0000000E+00  2.6575819E-02
 0.0000000E+00  3.5260921E-05  8.9199983E-05  3.2761452E-04  3.1790214E-04  8.4448107E-02  6.5639155E-02  8.9199983E-05  3.5260921E-05  0.0000000E+00  2.2627839E-02
 0.0000000E+00  3.7475082E-05  8.6291068E-05  3.0386053E-04  2.9502027E-04  7.8528503E-02  6.0990008E-02  8.6291068E-05  3.7475082E-05  0.0000000E+00  1.9319048E-02
 0.0000000E+00  3.8794550E-05  8.3055874E-05  2.8192789E-04  2.7386747E-04  7.3105545E-02  5.6735104E-02  8.3055874E-05  3.8794550E-05  0.0000000E+00  1.6537210E-02
 0.0000000E+00  3.9410126E-05  7.9608475E-05  2.6165765E-04  2.5429668E-04  6.8125260E-02  5.2831208E-02  7.9608475E-05  3.9410126E-05  0.0000000E+00  1.4191679E-02
 0.0000000E+00  3.9475014E-05  7.6038415E-05  2.4290873E-04  2.3617726E-04  6.3541163E-02  4.9241149E-02  7.6038415E-05  3.9475014E-05  0.0000000E+00  1.2208489E-02
 3.2825969E-06  3.9113041E-05  7.2210153E-05  2.2448213E-04  2.1835435E-04  5.9041487E-02  4.5720487E-02  7.2210153E-05  3.9113041E-05  3.2825969E-06  1.0389543E-02
 5.8062816E-06  3.8350455E-05  6.8333439E-05  2.0737374E-04  2.0179158E-04  5.4879915E-02  4.2467300E-02  6.8333439E-05  3.8350455E-05  5.8062816E-06  8.8577477E-03
 7.7117836E-06  3.7288820E-05  6.4469605E-05  1.9150254E-04  1.8641416E-04  5.1027392E-02  3.9458389E-02  6.4469605E-05  3.7288820E-05  7.7117836E-06  7.5659391E-03
 9.1149686E-06  3.6009830E-05  6.0665507E-05  1.7678888E-04  1.7214784E-04  4.7457484E-02  3.6672659E-02  6.0665507E-05  3.6009830E-05  9.1149686E-06  6.4751726E-03
 1.0111470E-05  3.4579107E-05  5.6957085E-05  1.6315761E-04  1.5892240E-04  4.4147522E-02  3.4091930E-02  5.6957085E-05  3.4579107E-05  1.0111470E-05  5.5528018E-03
 1.0779975E-05  3.3048845E-05  5.3369914E-05  1.5053605E-04  1.4666946E-04  4.1076163E-02  3.1699214E-02  5.3369914E-05  3.3048845E-05  1.0779975E-05  4.7717860E-03
 1.1185186E-05  3.1460625E-05  4.9922331E-05  1.3885578E-04  1.3532434E-04  3.8224450E-02  2.9479430E-02  4.9922331E-05  3.1460625E-05  1.1185186E-05  4.1094636E-03
 1.1380525E-05  2.9847015E-05  4.6626542E-05  1.2805184E-04  1.2482506E-04  3.5575286E-02  2.7418948E-02  4.6626542E-05  2.9847015E-05  1.1380525E-05  3.5469445E-03
 1.1409779E-05  2.8233710E-05  4.3489845E-05  1.1806268E-04  1.1511357E-04  3.3113018E-02  2.5505332E-02  4.3489845E-05  2.8233710E-05  1.1409779E-05  3.0684240E-03
 1.1308829E-05  2.6640155E-05  4.0515858E-05  1.0883056E-04  1.0613416E-04  3.0823510E-02  2.3727327E-02  4.0515858E-05  2.6640155E-05  1.1308829E-05  2.6606730E-03
 1.1107174E-05  2.5081435E-05  3.7705317E-05  1.0030104E-04  9.7835146E-05  2.8693766E-02  2.2074622E-02  3.7705317E-05  2.5081435E-05  1.1107174E-05  2.3126151E-03
 1.0828916E-05  2.3568652E-05  3.5056628E-05  9.2423118E-05  9.0167575E-05  2.6712001E-02  2.0537906E-02  3.5056628E-05  2.3568652E-05  1.0828916E-05  2.0149588E-03
 1.0493621E-05  2.2109717E-05  3.2566418E-05  8.5149591E-05  8.3086039E-05  2.4867396E-02  1.9108556E-02  3.2566418E-05  2.2109717E-05  1.0493621E-05  1.7599274E-03
 1.0117235E-05  2.0710212E-05  3.0230147E-05  7.8435459E-05  7.6547220E-05  2.3150003E-02  1.7778733E-02  3.0230147E-05  2.0710212E-05  1.0117235E-05  1.5409645E-03
 9.7126363E-06  1.9373632E-05  2.8042297E-05  7.2239772E-05  7.0511726E-05  2.1550715E-02  1.6541230E-02  2.8042297E-05  1.9373632E-05  9.7126363E-06  1.3525811E-03
 9.2903131E-06  1.8102063E-05  2.5996734E-05  6.6523290E-05  6.4941518E-05  2.0061146E-02  1.5389397E-02  2.5996734E-05  1.8102063E-05  9.2903131E-06  1.1901529E-03
 8.8584837E-06  1.6896179E-05  2.4086897E-05  6.1250411E-05  5.9802469E-05  1.8673508E-02  1.4317116E-02  2.4086897E-05  1.6896179E-05  8.8584837E-06  1.0497915E-03
 8.4237717E-06  1.5755734E-05  2.2305976E-05  5.6387559E-05  5.5061976E-05  1.7380722E-02  1.3318789E-02  2.2305976E-05  1.5755734E-05  8.4237717E-06  9.2820335E-04
 7.9914515E-06  1.4679748E-05  2.0647103E-05  5.1903603E-05  5.0689963E-05  1.6176171E-02  1.2389203E-02  2.0647103E-05  1.4679748E-05  7.9914515E-06  8.2264095E-04
 7.5655098E-06  1.3666810E-05  1.9103532E-05  4.7769776E-05  4.6658588E-05  1.5053719E-02  1.1523535E-02  1.9103532E-05  1.3666810E-05  7.5655098E-06  7.3076142E-04
 7.1491357E-06  1.2714835E-05  1.7668393E-05  4.3959373E-05  4.2941936E-05  1.4007766E-02  1.0717369E-02  1.7668393E-05  1.2714835E-05  7.1491357E-06  6.5058993E-04
 6.7446597E-06  1.1821676E-05  1.6335187E-05  4.0447659E-05  3.9516043E-05  1.3033079E-02  9.9665961E-03  1.6335187E-05  1.1821676E-05  6.7446597E-06  5.8046809E-04
 6.3537379E-06  1.0984819E-05  1.5097472E-05  3.7211633E-05  3.6358590E-05  1.2124766E-02  9.2673757E-03  1.5097472E-05  1.0984819E-05  6.3537379E-06  5.1897425E-04
 5.9776641E-06  1.0201749E-05  1.3949238E-05  3.4230092E-05  3.3449010E-05  1.1278325E-02  8.6161767E-03  1.3949238E-05  1.0201749E-05  5.9776641E-06  4.6491308E-04
 5.6171930E-06  9.4698281E-06  1.2884537E-05  3.1483442E-05  3.0768261E-05  1.0489552E-02  8.0097064E-03  1.2884537E-05  9.4698281E-06  5.6171930E-06  4.1726648E-04
 5.2727904E-06  8.7864201E-06  1.1897849E-05  2.8953424E-05  2.8298600E-05  9.7545796E-03  7.4449283E-03  1.1897849E-05  8.7864201E-06  5.2727904E-06  3.7517032E-04
 0.0000000E+00  0.0000000E+00  6.9224355E-05  3.8393221E-04  3.7122090E-04  1.1198033E-01  8.7065435E-02  6.9224355E-05  0.0000000E+00  0.0000000E+00  4.5752163E-02
 0.0000000E+00  0.0000000E+00  6.9272641E-05  3.8312492E-04  3.7044919E-04  1.1174110E-01  8.6877306E-02  6.9272641E-05  0.0000000E+00  0.0000000E+00  4.5545725E-02
 0.0000000E+00  8.9476194E-06  7.0696760E-05  3.5289700E-04  3.4153321E-04  1.0277428E-01  7.9829650E-02  7.0696760E-05  8.9476194E-06  0.0000000E+00  3.8014386E-02
 0.0000000E+00  1.5715227E-05  7.0930664E-05  3.2566146E-04  3.1543232E-04  9.4794065E-02  7.3564908E-02  7.0930664E-05  1.5715227E-05  0.0000000E+00  3.1895252E-02
 0.0000000E+00  2.0745170E-05  7.0265323E-05  3.0080832E-04  2.9157506E-04  8.7596542E-02  6.7920902E-02  7.0265323E-05  2.0745170E-05  0.0000000E+00  2.6854334E-02
 0.0000000E+00  2.4391003E-05  6.8920216E-05  2.7806203E-04  2.6970711E-04  8.1078420E-02  6.2815178E-02  6.8920216E-05  2.4391003E-05  0.0000000E+00  2.2683941E-02
 0.0000000E+00  2.6936106E-05  6.7071558E-05  2.5719551E-04  2.4961907E-04  7.5154879E-02  5.8179920E-02  6.7071558E-05  2.6936106E-05  0.0000000E+00  1.9220215E-02
 0.0000000E+00  2.8608176E-05  6.4859815E-05  2.3801791E-04  2.3113370E-04  6.9755066E-02  5.3958619E-02  6.4859815E-05  2.8608176E-05  0.0000000E+00  1.6332909E-02
 0.0000000E+00  2.9590323E-05  6.2395920E-05  2.2036708E-04  2.1410087E-04  6.4818043E-02  5.0102789E-02  6.2395920E-05  2.9590323E-05  0.0000000E+00  1.3918178E-02
 0.0000000E+00  3.0029975E-05  5.9767727E-05  2.0410140E-04  1.9838877E-04  6.0293303E-02  4.6572131E-02  5.9767727E-05  3.0029975E-05  0.0000000E+00  1.1892241E-02
 0.0000000E+00  3.0046217E-05  5.7044468E-05  1.8909743E-04  1.8388194E-04  5.6136376E-02  4.3331352E-02  5.7044468E-05  3.0046217E-05  0.0000000E+00  1.0187625E-02
 2.5277832E-06  2.9732735E-05  5.4124052E-05  1.7438907E-04  1.6964951E-04  5.2064156E-02  4.0159441E-02  5.4124052E-05  2.9732735E-05  2.5277832E-06  8.6328834E-03
 4.4631868E-06  2.9112607E-05  5.1166073E-05  1.6076846E-04  1.5645831E-04  4.8305165E-02  3.7234101E-02  5.1166073E-05  2.9112607E-05  4.4631868E-06  7.3297925E-03
 5.9172494E-06  2.8264971E-05  4.8218943E-05  1.4816502E-04  1.4424282E-04  4.4832401E-02  3.4533801E-02  4.8218943E-05  2.8264971E-05  5.9172494E-06  6.2360050E-03
 6.9813191E-06  2.7253413E-05  4.5319471E-05  1.3650845E-04  1.3293727E-04  4.1620861E-02  3.2038706E-02  4.5319471E-05  2.7253413E-05  6.9813191E-06  5.3165609E-03
 7.7306278E-06  2.6128917E-05  4.2495125E-05  1.2573483E-04  1.2248142E-04  3.8648624E-02  2.9731418E-02  4.2495125E-05  2.6128917E-05  7.7306278E-06  4.5425010E-03
 8.2268433E-06  2.4931930E-05  3.9766096E-05  1.1578249E-04  1.1281716E-04  3.5895968E-02  2.7596292E-02  3.9766096E-05  2.4931930E-05  8.2268433E-06  3.8898331E-03
 8.5208853E-06  2.3694370E-05  3.7146244E-05  1.0659315E-04  1.0388928E-04  3.3345012E-02  2.5619164E-02  3.7146244E-05  2.3694370E-05  8.5208853E-06  3.3386344E-03
 8.6542672E-06  2.2441383E-05  3.4644974E-05  9.8111523E-05  9.5645182E-05  3.0979690E-02  2.3787316E-02  3.4644974E-05  2.2441383E-05  8.6542672E-06  2.8723498E-03
 8.6612278E-06  2.1192410E-05  3.2267680E-05  9.0286345E-05  8.8035818E-05  2.8785337E-02  2.2089139E-02  3.2267680E-05  2.1192410E-05  8.6612278E-06  2.4772148E-03
 8.5696102E-06  1.9962250E-05  3.0017057E-05  8.3070105E-05  8.1015884E-05  2.6748665E-02  2.0514155E-02  3.0017057E-05  1.9962250E-05  8.5696102E-06  2.1417535E-03
 8.4023028E-06  1.8762189E-05  2.7893295E-05  7.6416670E-05  7.4541211E-05  2.4857662E-02  1.9052866E-02  2.7893295E-05  1.8762189E-05  8.4023028E-06  1.8564280E-03
 8.1778049E-06  1.7600382E-05  2.5894888E-05  7.0284796E-05  6.8572148E-05  2.3101242E-02  1.7696542E-02  2.5894888E-05  1.7600382E-05  8.1778049E-06  1.6132492E-03
 7.9112294E-06  1.6482721E-05  2.4019076E-05  6.4634641E-05  6.3070216E-05  2.1469352E-02  1.6437257E-02  2.4019076E-05  1.6482721E-05  7.9112294E-06  1.4055636E-03
 7.6147417E-06  1.5413095E-05  2.2262036E-05  5.9429699E-05  5.8000492E-05  1.9952736E-02  1.5267718E-02  2.2262036E-05  1.5413095E-05  7.6147417E-06  1.2278152E-03
 7.2981872E-06  1.4393887E-05  2.0619313E-05  5.4636058E-05  5.3330168E-05  1.8542943E-02  1.4181283E-02  2.0619313E-05  1.4393887E-05  7.2981872E-06  1.0753322E-03
 6.9694672E-06  1.3426415E-05  1.9085893E-05  5.0222088E-05  4.9028731E-05  1.7232218E-02  1.3171854E-02  1.9085893E-05  1.3426415E-05  6.9694672E-06  9.4423299E-04
 6.6348525E-06  1.2510927E-05  1.7656631E-05  4.6158589E-05  4.5067936E-05  1.6013354E-02  1.2233782E-02  1.7656631E-05  1.2510927E-05  6.6348525E-06  8.3123155E-04
 6.2992344E-06  1.1646987E-05  1.6326074E-05  4.2418267E-05  4.1421400E-05  1.4879816E-02  1.1361927E-02  1.6326074E-05  1.1646987E-05  6.2992344E-06  7.3360007E-04
 5.9665700E-06  1.0833527E-05  1.5088827E-05  3.8976149E-05  3.8064933E-05  1.3825532E-02  1.0551537E-02  1.5088827E-05  1.0833527E-05  5.9665700E-06  6.4902457E-04
 5.6398127E-06  1.0069293E-05  1.3939373E-05  3.5808827E-05  3.4975851E-05  1.2844826E-02  9.7981668E-03  1.3939373E-05  1.0069293E-05  5.6398127E-06  5.7557803E-04
 5.3212390E-06  9.3525308E-06  1.2872507E-05  3.2894824E-05  3.2133365E-05  1.1932536E-02  9.0977782E-03  1.2872507E-05  9.3525308E-06  5.3212390E-06  5.1162373E-04
 5.0125419E-06  8.6813574E-06  1.1883023E-05  3.0214305E-05  2.9518179E-05  1.1083893E-02  8.4466370E-03  1.1883023E-05  8.6813574E-06  5.0125419E-06  4.5578835E-04
 4.7149380E-06  8.0537667E-06  1.0966031E-05  2.7748816E-05  2.7112441E-05  1.0294412E-02  7.8412466E-03  1.0966031E-05  8.0537667E-06  4.7149380E-06  4.0691241E-04
 4.4292487E-06  7.4675639E-06  1.0116639E-05  2.5481455E-05  2.4899690E-05  9.5600178E-03  7.2784192E-03  1.0116639E-05  7.4675639E-06  4.4292487E-06  3.6401513E-04
 4.1560073E-06  6.9207423E-06  9.3303318E-06  2.3396538E-05  2.2864696E-05  8.8768327E-03  6.7551353E-03  9.3303318E-06  6.9207423E-06  4.1560073E-06  3.2626751E-04
 3.8954831E-06  6.4110444E-06  8.6028459E-06  2.1479558E-05  2.0993369E-05  8.2413209E-03  6.2686407E-03  8.6028459E-06  6.4110444E-06  3.8954831E-06  2.9296532E-04
 0.0000000E+00  0.0000000E+00  5.1161996E-05  3.0137738E-04  2.9149356E-04  9.9943371E-02  7.7375919E-02  5.1161996E-05  0.0000000E+00  0.0000000E+00  3.9505793E-02
 0.0000000E+00  0.0000000E+00  5.1195530E-05  3.0071573E-04  2.9086002E-04  9.9724411E-02  7.7204529E-02  5.1195530E-05  0.0000000E+00  0.0000000E+00  3.9321389E-02
 0.0000000E+00  6.6680155E-06  5.2195130E-05  2.7601427E-04  2.6719727E-04  9.1512745E-02  7.0782031E-02  5.2195130E-05  6.6680155E-06  0.0000000E+00  3.2622084E-02
 0.0000000E+00  1.1728336E-05  5.2344973E-05  2.5391404E-04  2.4599349E-04  8.4222579E-02  6.5086764E-02  5.2344973E-05  1.1728336E-05  0.0000000E+00  2.7215206E-02
 0.0000000E+00  1.5495269E-05  5.1841198E-05  2.3386409E-04  2.2672884E-04  7.7662517E-02  5.9967412E-02  5.1841198E-05  1.5495269E-05  0.0000000E+00  2.2789076E-02
 0.0000000E+00  1.8225349E-05  5.0837367E-05  2.1560481E-04  2.0916091E-04  7.1735193E-02  5.5346619E-02  5.0837367E-05  1.8225349E-05  0.0000000E+00  1.9149354E-02
 0.0000000E+00  2.0127153E-05  4.9459279E-05  1.9892695E-04  1.9309435E-04  6.6360822E-02  5.1160996E-02  4.9459279E-05  2.0127153E-05  0.0000000E+00  1.6143758E-02
 0.0000000E+00  2.1370145E-05  4.7809138E-05  1.8365776E-04  1.7836786E-04  6.1471570E-02  4.7356809E-02  4.7809138E-05  2.1370145E-05  0.0000000E+00  1.3652325E-02
 0.0000000E+00  2.2091857E-05  4.5969079E-05  1.6965168E-04  1.6484551E-04  5.7010836E-02  4.3889224E-02  4.5969079E-05  2.2091857E-05  0.0000000E+00  1.1579711E-02
 0.0000000E+00  2.2403534E-05  4.4004953E-05  1.5678570E-04  1.5241182E-04  5.2930949E-02  4.0720443E-02  4.4004953E-05  2.2403534E-05  0.0000000E+00  9.8498072E-03
 0.0000000E+00  2.2395520E-05  4.1968693E-05  1.4495190E-04  1.4096565E-04  4.9190662E-02  3.7817849E-02  4.1968693E-05  2.2395520E-05  0.0000000E+00  8.4015098E-03
 1.9137556E-06  2.2137701E-05  3.9784834E-05  1.3338348E-04  1.2976769E-04  4.5533753E-02  3.4982425E-02  3.9784834E-05  2.2137701E-05  1.9137556E-06  7.0881167E-03
 3.3731262E-06  2.1649058E-05  3.7572507E-05  1.2270064E-04  1.1941854E-04  4.2165244E-02  3.2372828E-02  3.7572507E-05  2.1649058E-05  3.3731262E-06  5.9926606E-03
 4.4641196E-06  2.0990117E-05  3.5368835E-05  1.1284123E-04  1.0985982E-04  3.9059368E-02  2.9968660E-02  3.5368835E-05  2.0990117E-05  4.4641196E-06  5.0775750E-03
 5.2574772E-06  2.0209545E-05  3.3202032E-05  1.0374616E-04  1.0103648E-04  3.6193046E-02  2.7751707E-02  3.3202032E-05  2.0209545E-05  5.2574772E-06  4.3119163E-03
 5.8112772E-06  1.9346196E-05  3.1093062E-05  9.5360841E-05  9.2896660E-05  3.3545640E-02  2.5705676E-02  3.1093062E-05  1.9346196E-05  5.8112772E-06  3.6702297E-03
 6.1732105E-06  1.8430847E-05  2.9057188E-05  8.7633116E-05  8.5391230E-05  3.1098678E-02  2.3816017E-02  2.9057188E-05  1.8430847E-05  6.1732105E-06  3.1315295E-03
 6.3823506E-06  1.7487607E-05  2.7105051E-05  8.0514792E-05  7.8474125E-05  2.8835463E-02  2.2069549E-02  2.7105051E-05  1.7487607E-05  6.3823506E-06  2.6785038E-03
 6.4707244E-06  1.6535455E-05  2.5243641E-05  7.3960113E-05  7.2101973E-05  2.6741053E-02  2.0454540E-02  2.5243641E-05  1.6535455E-05  6.4707244E-06  2.2968222E-03
 6.4643768E-06  1.5589009E-05  2.3476934E-05  6.7926371E-05  6.6233748E-05  2.4801785E-02  1.8960224E-02  2.3476934E-05  1.5589009E-05  6.4643768E-06  1.9746549E-03
 6.3847935E-06  1.4659234E-05  2.1806724E-05  6.2374345E-05  6.0832047E-05  2.3005301E-02  1.7576904E-02  2.1806724E-05  1.4659234E-05  6.3847935E-06  1.7021790E-03
 6.2492096E-06  1.3754529E-05  2.0233076E-05  5.7266800E-05  5.5861140E-05  2.1340546E-02  1.6295912E-02  2.0233076E-05  1.3754529E-05  6.2492096E-06  1.4712580E-03
 6.0717438E-06  1.2880729E-05  1.8754643E-05  5.2569549E-05  5.1288082E-05  1.9797151E-02  1.5109105E-02  1.8754643E-05  1.2880729E-05  6.0717438E-06  1.2751403E-03
 5.8637899E-06  1.2042066E-05  1.7369053E-05  4.8250687E-05  4.7082199E-05  1.8365926E-02  1.4009278E-02  1.7369053E-05  1.2042066E-05  5.8637899E-06  1.1081963E-03
 5.6345167E-06  1.1241296E-05  1.6073357E-05  4.4280579E-05  4.3214908E-05  1.7038285E-02  1.2989720E-02  1.6073357E-05  1.1241296E-05  5.6345167E-06  9.6575814E-04
 5.3912851E-06  1.0480023E-05  1.4863963E-05  4.0631817E-05  3.9659756E-05  1.5806468E-02  1.2044352E-02  1.4863963E-05  1.0480023E-05  5.3912851E-06  8.4394035E-04
 5.1399618E-06  9.7589520E-06  1.3736961E-05  3.7279021E-05  3.6392240E-05  1.4663349E-02  1.1167607E-02  1.3736961E-05  9.7589520E-06  5.1399618E-06  7.3949854E-04
 4.8851953E-06  9.0780188E-06  1.2688247E-05  3.4198694E-05  3.3389628E-05  1.3602305E-02  1.0354315E-02  1.2688247E-05  9.0780188E-06  4.8851953E-06  6.4971411E-04
 4.6306276E-06  8.4368388E-06  1.1713589E-05  3.1369184E-05  3.0630934E-05  1.2617366E-02  9.5998160E-03  1.1713589E-05  8.4368388E-06  4.6306276E-06  5.7233266E-04
 4.3790863E-06  7.8343861E-06  1.0808820E-05  2.8770379E-05  2.8096709E-05  1.1702971E-02  8.8997714E-03  1.0808820E-05  7.8343861E-06  4.3790863E-06  5.0545951E-04
 4.1327385E-06  7.2695065E-06  9.9697719E-06  2.6383856E-05  2.5769084E-05  1.0853925E-02  8.2501422E-03  9.9697719E-06  7.2695065E-06  4.1327385E-06  4.4750902E-04
 3.8932065E-06  6.7407895E-06  9.1922771E-06  2.4192566E-05  2.3631511E-05  1.0065593E-02  7.6473120E-03  9.1922771E-06  6.7407895E-06  3.8932065E-06  3.9715138E-04
 3.6616892E-06  6.2466449E-06  8.4723602E-06  2.2180754E-05  2.1668712E-05  9.3335801E-03  7.0878668E-03  8.4723602E-06  6.2466449E-06  3.6616892E-06  3.5327095E-04
 3.4390074E-06  5.7854890E-06  7.8063665E-06  2.0333948E-05  1.9866628E-05  8.6538382E-03  6.5686598E-03  7.8063665E-06  5.7854890E-06  3.4390074E-06  3.1492710E-04
 3.2257253E-06  5.3556098E-06  7.1904490E-06  1.8638839E-05  1.8212340E-05  8.0226375E-03  6.0867977E-03  7.1904490E-06  5.3556098E-06  3.2257253E-06  2.8132927E-04
 3.0221699E-06  4.9553212E-06  6.6213376E-06  1.7083045E-05  1.6693804E-05  7.4365062E-03  5.6395841E-03  6.6213376E-06  4.9553212E-06  3.0221699E-06  2.5180998E-04
 2.8284886E-06  4.5829430E-06  6.0956213E-06  1.5655374E-05  1.5300155E-05  6.8922848E-03  5.2245681E-03  6.0956213E-06  4.5829430E-06  2.8284886E-06  2.2580436E-04
 0.0000000E+00  0.0000000E+00  3.7091268E-05  2.3302362E-04  2.2544611E-04  8.8476119E-02  6.8201087E-02  3.7091268E-05  0.0000000E+00  0.0000000E+00  3.3725086E-02
 0.0000000E+00  0.0000000E+00  3.7112312E-05  2.3248747E-04  2.2493201E-04  8.8276917E-02  6.8045944E-02  3.7112312E-05  0.0000000E+00  0.0000000E+00  3.3562238E-02
 0.0000000E+00  4.8242623E-06  3.7744692E-05  2.1255664E-04  2.0581274E-04  8.0814888E-02  6.2238806E-02  3.7744692E-05  4.8242623E-06  0.0000000E+00  2.7670993E-02
 0.0000000E+00  8.5086800E-06  3.7807826E-05  1.9486301E-04  1.8881790E-04  7.4207355E-02  5.7102267E-02  3.7807826E-05  8.5086800E-06  0.0000000E+00  2.2948727E-02
 0.0000000E+00  1.1262740E-05  3.7420045E-05  1.7891396E-04  1.7347967E-04  6.8275453E-02  5.2495789E-02  3.7420045E-05  1.1262740E-05  0.0000000E+00  1.9108030E-02
 0.0000000E+00  1.3263070E-05  3.6679886E-05  1.6446893E-04  1.5957117E-04  6.2928815E-02  4.8347873E-02  3.6679886E-05  1.3263070E-05  0.0000000E+00  1.5969271E-02
 0.0000000E+00  1.4656981E-05  3.5672051E-05  1.5133778E-04  1.4691346E-04  5.8091626E-02  4.4598761E-02  3.5672051E-05  1.4656981E-05  0.0000000E+00  1.3392745E-02
 0.0000000E+00  1.5566019E-05  3.4467211E-05  1.3936577E-04  1.3536101E-04  5.3700806E-02  4.1198703E-02  3.4467211E-05  1.5566019E-05  0.0000000E+00  1.1269164E-02
 0.0000000E+00  1.6090227E-05  3.3123846E-05  1.2842553E-04  1.2479403E-04  4.9703851E-02  3.8106327E-02  3.3123846E-05  1.6090227E-05  0.0000000E+00  9.5122541E-03
 0.0000000E+00  1.6311226E-05  3.1689157E-05  1.1840922E-04  1.1511057E-04  4.6055631E-02  3.5286123E-02  3.1689157E-05  1.6311226E-05  0.0000000E+00  8.0537019E-03
 0.0000000E+00  1.6295623E-05  3.0201300E-05  1.0922591E-04  1.0622522E-04  4.2718198E-02  3.2708250E-02  3.0201300E-05  1.6295623E-05  0.0000000E+00  6.8388318E-03
 1.4217409E-06  1.6094816E-05  2.8605271E-05  1.0027504E-04  9.7558471E-05  3.9462269E-02  3.0195398E-02  2.8605271E-05  1.6094816E-05  1.4217409E-06  5.7435147E-03
 2.5016583E-06  1.5723360E-05  2.6988001E-05  9.2033467E-05  8.9572276E-05  3.6469593E-02  2.7887580E-02  2.6988001E-05  1.5723360E-05  2.5016583E-06  4.8346271E-03
 3.3050486E-06  1.5226687E-05  2.5377156E-05  8.4448378E-05  8.2217170E-05  3.3716116E-02  2.5765908E-02  2.5377156E-05  1.5226687E-05  3.3050486E-06  4.0791144E-03
 3.8855652E-06  1.4641181E-05  2.3793976E-05  7.7471026E-05  7.5446841E-05  3.1180293E-02  2.3813445E-02  2.3793976E-05  1.4641181E-05  3.8855652E-06  3.4499991E-03
 4.2872177E-06  1.3995952E-05  2.2254131E-05  7.1054215E-05  6.9216967E-05  2.8843027E-02  2.2015196E-02  2.2254131E-05  1.3995952E-05  4.2872177E-06  2.9251812E-03
 4.5460963E-06  1.3313812E-05  2.0769028E-05  6.5156087E-05  6.3487651E-05  2.6687222E-02  2.0357773E-02  2.0769028E-05  1.3313812E-05  4.5460963E-06  2.4865797E-03
 4.6917024E-06  1.2612923E-05  1.9346533E-05  5.9736345E-05  5.8220522E-05  2.4697391E-02  1.8829063E-02  1.9346533E-05  1.2612923E-05  4.6917024E-06  2.1193259E-03
 4.7481617E-06  1.1907117E-05  1.7991826E-05  5.4757850E-05  5.3380145E-05  2.2859630E-02  1.7418156E-02  1.7991826E-05  1.1907117E-05  4.7481617E-06  1.8112126E-03
 4.7351023E-06  1.1207211E-05  1.6707660E-05  5.0186107E-05  4.8933488E-05  2.1161518E-02  1.6115360E-02  1.6707660E-05  1.1207211E-05  4.7351023E-06  1.5521833E-03
 4.6685208E-06  1.0521270E-05  1.5495478E-05  4.5989060E-05  4.4849803E-05  1.9591613E-02  1.4911735E-02  1.5495478E-05  1.0521270E-05  4.6685208E-06  1.3339511E-03
 4.5613650E-06  9.8553233E-06  1.4355017E-05  4.2136984E-05  4.1100533E-05  1.8139654E-02  1.3799269E-02  1.4355017E-05  9.8553233E-06  4.5613650E-06  1.1496916E-03
 4.4241242E-06  9.2135682E-06  1.3285163E-05  3.8602343E-05  3.7659194E-05  1.6796257E-02  1.2770644E-02  1.3285163E-05  9.2135682E-06  4.4241242E-06  9.9374685E-04
 4.2652424E-06  8.5989544E-06  1.2284211E-05  3.5359697E-05  3.4501268E-05  1.5552903E-02  1.1819227E-02  1.2284211E-05  8.5989544E-06  4.2652424E-06  8.6145574E-04
 4.0914788E-06  8.0134488E-06  1.1349736E-05  3.2385467E-05  3.1603986E-05  1.4401833E-02  1.0938971E-02  1.1349736E-05  8.0134488E-06  4.0914788E-06  7.4894373E-04
 3.9082551E-06  7.4579691E-06  1.0478919E-05  2.9657962E-05  2.8946426E-05  1.3335938E-02  1.0124345E-02  1.0478919E-05  7.4579691E-06  3.9082551E-06  6.5300695E-04
 3.7198457E-06  6.9329087E-06  9.6688085E-06  2.7157089E-05  2.6509148E-05  1.2348662E-02  9.3702609E-03  9.6688085E-06  6.9329087E-06  3.7198457E-06  5.7098502E-04
 3.5296268E-06  6.4381364E-06  8.9162590E-06  2.4864393E-05  2.4274287E-05  1.1434106E-02  8.6721291E-03  8.9162590E-06  6.4381364E-06  3.5296268E-06  5.0066665E-04
 3.3402340E-06  5.9731737E-06  8.2180578E-06  2.2762822E-05  2.2225331E-05  1.0586754E-02  8.0256716E-03  8.2180578E-06  5.9731737E-06  3.3402340E-06  4.4021161E-04
 3.1536798E-06  5.5372143E-06  7.5710580E-06  2.0836686E-05  2.0347090E-05  9.8015800E-03  7.4269908E-03  7.5710580E-06  5.5372143E-06  3.1536798E-06  3.8808843E-04
 2.9714985E-06  5.1292615E-06  6.9720473E-06  1.9071541E-05  1.8625556E-05  9.0739679E-03  6.8725087E-03  6.9720473E-06  5.1292615E-06  2.9714985E-06  3.4301806E-04
 2.7948306E-06  4.7481748E-06  6.4179967E-06  1.7454096E-05  1.7047796E-05  8.3996250E-03  6.3589064E-03  6.4179967E-06  4.7481748E-06  2.7948306E-06  3.0393125E-04
 2.6244958E-06  4.3927281E-06  5.9058776E-06  1.5972187E-05  1.5602046E-05  7.7746485E-03  5.8831573E-03  5.9058776E-06  4.3927281E-06  2.6244958E-06  2.6993574E-04
 2.4610511E-06  4.0616365E-06  5.4328709E-06  1.4614620E-05  1.4277405E-05  7.1954234E-03  5.4424710E-03  5.4328709E-06  4.0616365E-06  2.4610511E-06  2.4028218E-04
 2.3048507E-06  3.7535953E-06  4.9962558E-06  1.3371014E-05  1.3063802E-05  6.6585545E-03  5.0342246E-03  4.9962558E-06  3.7535953E-06  2.3048507E-06  2.1434056E-04
 2.1560913E-06  3.4673000E-06  4.5934560E-06  1.2231959E-05  1.1952093E-05  6.1610022E-03  4.6560686E-03  4.5934560E-06  3.4673000E-06  2.1560913E-06  1.9158183E-04
 2.0148317E-06  3.2014657E-06  4.2220326E-06  1.1188762E-05  1.0933793E-05  5.6998711E-03  4.3057719E-03  4.2220326E-06  3.2014657E-06  2.0148317E-06  1.7156082E-04
 0.0000000E+00  0.0000000E+00  2.6321858E-05  1.7717095E-04  1.7145309E-04  7.7622533E-02  5.9570923E-02  2.6321858E-05  0.0000000E+00  0.0000000E+00  2.8427467E-02
 0.0000000E+00  0.0000000E+00  2.6332717E-05  1.7674281E-04  1.7104200E-04  7.7442507E-02  5.9431475E-02  2.6332717E-05  0.0000000E+00  0.0000000E+00  2.8285426E-02
 0.0000000E+00  3.3652276E-06  2.6661509E-05  1.6088622E-04  1.5580981E-04  7.0719808E-02  5.4226098E-02  2.6661509E-05  3.3652276E-06  0.0000000E+00  2.3170080E-02
 0.0000000E+00  5.9638035E-06  2.6645153E-05  1.4693076E-04  1.4239075E-04  6.4781909E-02  4.9633269E-02  2.6645153E-05  5.9638035E-06  0.0000000E+00  1.9098422E-02
 0.0000000E+00  7.9216407E-06  2.6339956E-05  1.3444132E-04  1.3036926E-04  5.9465327E-02  4.5525085E-02  2.6339956E-05  7.9216407E-06  0.0000000E+00  1.5809028E-02
 0.0000000E+00  9.3517014E-06  2.5800952E-05  1.2319845E-04  1.1953649E-04  5.4684517E-02  4.1834391E-02  2.5800952E-05  9.3517014E-06  0.0000000E+00  1.3137870E-02
 0.0000000E+00  1.0351953E-05  2.5079688E-05  1.1303156E-04  1.0973052E-04  5.0369399E-02  3.8506252E-02  2.5079688E-05  1.0351953E-05  0.0000000E+00  1.0958660E-02
 0.0000000E+00  1.1005716E-05  2.4221879E-05  1.0380453E-04  1.0082271E-04  4.6462275E-02  3.5495338E-02  2.4221879E-05  1.1005716E-05  0.0000000E+00  9.1731281E-03
 0.0000000E+00  1.1382771E-05  2.3266539E-05  9.5406828E-05  9.2708426E-05  4.2913193E-02  3.2762650E-02  2.3266539E-05  1.1382771E-05  0.0000000E+00  7.7043229E-03
 0.0000000E+00  1.1541168E-05  2.2246379E-05  8.7746935E-05  8.5300865E-05  3.9681190E-02  3.0276087E-02  2.2246379E-05  1.1541168E-05  0.0000000E+00  6.4915867E-03
 0.0000000E+00  1.1528432E-05  2.1187944E-05  8.0748081E-05  7.8527325E-05  3.6730675E-02  2.8007825E-02  2.1187944E-05  1.1528432E-05  0.0000000E+00  5.4868306E-03
 1.0340490E-06  1.1381564E-05  2.0052355E-05  7.3947385E-05  7.1941059E-05  3.3858914E-02  2.5801845E-02  2.0052355E-05  1.1381564E-05  1.0340490E-06  4.5864233E-03
 1.8165605E-06  1.1111023E-05  1.8900946E-05  6.7705385E-05  6.5891469E-05  3.1225258E-02  2.3780330E-02  1.8900946E-05  1.1111023E-05  1.8165605E-06  3.8431792E-03
 2.3959248E-06  1.0750123E-05  1.7754029E-05  6.1978321E-05  6.0337115E-05  2.8807439E-02  2.1925864E-02  1.7754029E-05  1.0750123E-05  2.3959248E-06  3.2284957E-03
 2.8119321E-06  1.0325408E-05  1.6627086E-05  5.6724725E-05  5.5238892E-05  2.6585651E-02  2.0222996E-02  1.6627086E-05  1.0325408E-05  2.8119321E-06  2.7191732E-03
 3.0972069E-06  9.8581281E-06  1.5531583E-05  5.1907107E-05  5.0561159E-05  2.4542372E-02  1.8658070E-02  1.5531583E-05  9.8581281E-06  3.0972069E-06  2.2963286E-03
 3.2784413E-06  9.3650407E-06  1.4475762E-05  4.7490550E-05  4.6270728E-05  2.2661718E-02  1.7218695E-02  1.4475762E-05  9.3650407E-06  3.2784413E-06  1.9445782E-03
 3.3774542E-06  8.8592843E-06  1.3465522E-05  4.3442880E-05  4.2336831E-05  2.0929598E-02  1.5893902E-02  1.3465522E-05  8.8592843E-06  3.3774542E-06  1.6513601E-03
 3.4120294E-06  8.3509806E-06  1.2504417E-05  3.9734203E-05  3.8730909E-05  1.9333271E-02  1.4673785E-02  1.2504417E-05  8.3509806E-06  3.4120294E-06  1.4064185E-03
 3.3966120E-06  7.8478384E-06  1.1594525E-05  3.6337101E-05  3.5426687E-05  1.7861362E-02  1.3549491E-02  1.1594525E-05  7.8478384E-06  3.3966120E-06  1.2013542E-03
 3.3429261E-06  7.3556895E-06  1.0736784E-05  3.3226074E-05  3.2399661E-05  1.6503414E-02  1.2512909E-02  1.0736784E-05  7.3556895E-06  3.3429261E-06  1.0292697E-03
 3.2604566E-06  6.8788238E-06  9.9309919E-06  3.0377630E-05  2.9627271E-05  1.5250099E-02  1.1556795E-02  9.9309919E-06  6.8788238E-06  3.2604566E-06  8.8452076E-04
 3.1568385E-06  6.4202378E-06  9.1762786E-06  2.7770140E-05  2.7088648E-05  1.4092935E-02  1.0674571E-02  9.1762786E-06  6.4202378E-06  3.1568385E-06  7.6246219E-04
 3.0381919E-06  5.9819290E-06  8.4713031E-06  2.5383703E-05  2.4764612E-05  1.3024175E-02  9.8602349E-03  8.4713031E-06  5.9819290E-06  3.0381919E-06  6.5926441E-04
 2.9094167E-06  5.5651575E-06  7.8141213E-06  2.3199866E-05  2.2637353E-05  1.2036729E-02  9.1083009E-03  7.8141213E-06  5.5651575E-06  2.9094167E-06  5.7178229E-04
 2.7743941E-06  5.1705804E-06  7.2027895E-06  2.1201717E-05  2.0690535E-05  1.1124189E-02  8.4138089E-03  7.2027895E-06  5.1705804E-06  2.7743941E-06  4.9741498E-04
 2.6362010E-06  4.7983718E-06  6.6350754E-06  1.9373829E-05  1.8909219E-05  1.0280749E-02  7.7722693E-03  6.6350754E-06  4.7983718E-06  2.6362010E-06  4.3401544E-04
 2.4972168E-06  4.4483441E-06  6.1085859E-06  1.7701757E-05  1.7279429E-05  9.5009732E-03  7.1794842E-03  6.1085859E-06  4.4483441E-06  2.4972168E-06  3.7980800E-04
 2.3593119E-06  4.1200414E-06  5.6209818E-06  1.6172526E-05  1.5788599E-05  8.7799789E-03  6.6316834E-03  5.6209818E-06  4.1200414E-06  2.3593119E-06  3.3331997E-04
 2.2238938E-06  3.8128338E-06  5.1699033E-06  1.4774036E-05  1.4424969E-05  8.1132139E-03  6.1253616E-03  5.1699033E-06  3.8128338E-06  2.2238938E-06  2.9333136E-04
 2.0920218E-06  3.5259234E-06  4.7530313E-06  1.3495177E-05  1.3177795E-05  7.4965702E-03  5.6573471E-03  4.7530313E-06  3.5259234E-06  2.0920218E-06  2.5882798E-04
 1.9644800E-06  3.2584255E-06  4.3681001E-06  1.2325882E-05  1.2037301E-05  6.9262234E-03  5.2246941E-03  4.3681001E-06  3.2584255E-06  1.9644800E-06  2.2896590E-04
 1.8418047E-06  3.0094151E-06  4.0129444E-06  1.1256905E-05  1.0994501E-05  6.3986752E-03  4.8247138E-03  4.0129444E-06  3.0094151E-06  1.8418047E-06  2.0304060E-04
 1.7243647E-06  2.7779066E-06  3.6854931E-06  1.0279615E-05  1.0041002E-05  5.9106949E-03  4.4549190E-03  3.6854931E-06  2.7779066E-06  1.7243647E-06  1.8046489E-04
 1.6123810E-06  2.5629283E-06  3.3837619E-06  9.3863190E-06  9.1693452E-06  5.4593302E-03  4.1130405E-03  3.3837619E-06  2.5629283E-06  1.6123810E-06  1.6074743E-04
 1.5059543E-06  2.3634947E-06  3.1058808E-06  8.5698197E-06  8.3725183E-06  5.0418155E-03  3.7969570E-03  3.1058808E-06  2.3634947E-06  1.5059543E-06  1.4347462E-04
 1.4050980E-06  2.1786607E-06  2.8500934E-06  7.8235503E-06  7.6441508E-06  4.6556504E-03  3.5047448E-03  2.8500934E-06  2.1786607E-06  1.4050980E-06  1.2830059E-04
 0.0000000E+00  0.0000000E+00  1.8239344E-05  1.3220071E-04  1.2796245E-04  6.7422837E-02  5.1511744E-02  1.8239344E-05  0.0000000E+00  0.0000000E+00  2.3625152E-02
 0.0000000E+00  0.0000000E+00  1.8242291E-05  1.3186392E-04  1.2763853E-04  6.7262099E-02  5.1387842E-02  1.8242291E-05  0.0000000E+00  0.0000000E+00  2.3503017E-02
 0.0000000E+00  2.2401195E-06  1.8333173E-05  1.1944674E-04  1.1569378E-04  6.1262160E-02  4.6765921E-02  1.8333173E-05  2.2401195E-06  0.0000000E+00  1.9123351E-02
 0.0000000E+00  4.0024311E-06  1.8251064E-05  1.0862191E-04  1.0527379E-04  5.5977024E-02  4.2698731E-02  1.8251064E-05  4.0024311E-06  0.0000000E+00  1.5662646E-02
 0.0000000E+00  5.3486604E-06  1.8005354E-05  9.9012231E-05  9.6016243E-05  5.1257509E-02  3.9070213E-02  1.8005354E-05  5.3486604E-06  0.0000000E+00  1.2885954E-02
 0.0000000E+00  6.3425343E-06  1.7617701E-05  9.0419443E-05  8.7731475E-05  4.7024414E-02  3.5818652E-02  1.7617701E-05  6.3425343E-06  0.0000000E+00  1.0646054E-02
 0.0000000E+00  7.0438867E-06  1.7114219E-05  8.2693932E-05  8.0276437E-05  4.3213318E-02  3.2893735E-02  1.7114219E-05  7.0438867E-06  0.0000000E+00  8.8302690E-03
 0.0000000E+00  7.5062461E-06  1.6521294E-05  7.5718015E-05  7.3539212E-05  3.9770662E-02  3.0253754E-02  1.6521294E-05  7.5062461E-06  0.0000000E+00  7.3515551E-03
 0.0000000E+00  7.7758757E-06  1.5862984E-05  6.9397841E-05  6.7430308E-05  3.6651238E-02  2.7863521E-02  1.5862984E-05  7.7758757E-06  0.0000000E+00  6.1423613E-03
 0.0000000E+00  7.8920482E-06  1.5160329E-05  6.3655842E-05  6.1876098E-05  3.3817061E-02  2.5693511E-02  1.5160329E-05  7.8920482E-06  0.0000000E+00  5.1496389E-03
 0.0000000E+00  7.8876617E-06  1.4431082E-05  5.8428202E-05  5.6815797E-05  3.1235614E-02  2.3718463E-02  1.4431082E-05  7.8876617E-06  0.0000000E+00  4.3316754E-03
 7.3427822E-07  7.7886924E-06  1.3648374E-05  5.3366289E-05  5.1912789E-05  2.8728969E-02  2.1802058E-02  1.3648374E-05  7.7886924E-06  7.3427822E-07  3.6032092E-03
 1.2880197E-06  7.6019255E-06  1.2854016E-05  4.8736147E-05  4.7424870E-05  2.6435551E-02  2.0049934E-02  1.2854016E-05  7.6019255E-06  1.2880197E-06  3.0051509E-03
 1.6961447E-06  7.3511439E-06  1.2062330E-05  4.4501321E-05  4.3317488E-05  2.4335019E-02  1.8446327E-02  1.2062330E-05  7.3511439E-06  1.6961447E-06  2.5131555E-03
 1.9873982E-06  7.0553326E-06  1.1284351E-05  4.0628574E-05  3.9559113E-05  2.2409270E-02  1.6977162E-02  1.1284351E-05  7.0553326E-06  1.9873982E-06  2.1075733E-03
 2.1853368E-06  6.7295701E-06  1.0528237E-05  3.7087670E-05  3.6120967E-05  2.0642195E-02  1.5629966E-02  1.0528237E-05  6.7295701E-06  2.1853368E-06  1.7725170E-03
 2.3092541E-06  6.3858231E-06  9.7999488E-06  3.3850824E-05  3.2976554E-05  1.9019537E-02  1.4393679E-02  9.7999488E-06  6.3858231E-06  2.3092541E-06  1.4951219E-03
 2.3748658E-06  6.0334266E-06  9.1035997E-06  3.0892498E-05  3.0101448E-05  1.7528390E-02  1.3258322E-02  9.1035997E-06  6.0334266E-06  2.3748658E-06  1.2649566E-03
 2.3949818E-06  5.6795839E-06  8.4417253E-06  2.8189304E-05  2.7473254E-05  1.6157207E-02  1.2214963E-02  8.4417253E-06  5.6795839E-06  2.3949818E-06  1.0735359E-03
 2.3799719E-06  5.3297850E-06  7.8159021E-06  2.5719702E-05  2.5071291E-05  1.4895654E-02  1.1255614E-02  7.8159021E-06  5.3297850E-06  2.3799719E-06  9.1395823E-04
 2.3382458E-06  4.9881078E-06  7.2266098E-06  2.3463948E-05  2.2876578E-05  1.3734398E-02  1.0373065E-02  7.2266098E-06  4.9881078E-06  2.3382458E-06  7.8058955E-04
 2.2765682E-06  4.6575270E-06  6.6738279E-06  2.1403834E-05  2.0871618E-05  1.2664954E-02  9.5607759E-03  6.6738279E-06  4.6575270E-06  2.2765682E-06  6.6884060E-04
 2.2003741E-06  4.3401330E-06  6.1568229E-06  1.9522724E-05  1.9040351E-05  1.1679675E-02  8.8128450E-03  6.1568229E-06  4.3401330E-06  2.2003741E-06  5.7495203E-04
 2.1140022E-06  4.0373034E-06  5.6745943E-06  1.7805339E-05  1.7368037E-05  1.0771663E-02  8.1239553E-03  5.6745943E-06  4.0373034E-06  2.1140022E-06  4.9584924E-04
 2.0209135E-06  3.7498675E-06  5.2258398E-06  1.6237526E-05  1.5841003E-05  9.9345562E-03  7.4892162E-03  5.2258398E-06  3.7498675E-06  2.0209135E-06  4.2901138E-04
 1.9238358E-06  3.4782296E-06  4.8090584E-06  1.4806569E-05  1.4446948E-05  9.1625837E-03  6.9041852E-03  4.8090584E-06  3.4782296E-06  1.9238358E-06  3.7236790E-04
 1.8249076E-06  3.2224584E-06  4.4226463E-06  1.3500573E-05  1.3174396E-05  8.4505858E-03  6.3648931E-03  4.4226463E-06  3.2224584E-06  1.8249076E-06  3.2421632E-04
 1.7257875E-06  2.9823824E-06  4.0649243E-06  1.2308768E-05  1.2012870E-05  7.7937798E-03  5.8676648E-03  4.0649243E-06  2.9823824E-06  1.7257875E-06  2.8315571E-04
 1.6277641E-06  2.7576316E-06  3.7341996E-06  1.1221260E-05  1.0952799E-05  7.1877196E-03  5.4090922E-03  3.7341996E-06  2.7576316E-06  1.6277641E-06  2.4803051E-04
 1.5317967E-06  2.5477125E-06  3.4287792E-06  1.0229034E-05  9.9854470E-06  6.6284593E-03  4.9861438E-03  3.4287792E-06  2.5477125E-06  1.5317967E-06  2.1788531E-04
 1.4385984E-06  2.3520288E-06  3.1470183E-06  9.3238110E-06  9.1027795E-06  6.1122992E-03  4.5959877E-03  3.1470183E-06  2.3520288E-06  1.4385984E-06  1.9193054E-04
 1.3486898E-06  2.1699363E-06  2.8873130E-06  8.4979737E-06  8.2974053E-06  5.6359416E-03  4.2360890E-03  2.8873130E-06  2.1699363E-06  1.3486898E-06  1.6951098E-04
 1.2624207E-06  2.0007426E-06  2.6481211E-06  7.7446834E-06  7.5626605E-06  5.1962091E-03  3.9040254E-03  2.6481211E-06  2.0007426E-06  1.2624207E-06  1.5008243E-04
 1.1800239E-06  1.8437351E-06  2.4279693E-06  7.0575439E-06  6.8923716E-06  4.7903236E-03  3.5976677E-03  2.4279693E-06  1.8437351E-06  1.1800239E-06  1.3319185E-04
 1.1016229E-06  1.6982009E-06  2.2254797E-06  6.4308513E-06  6.2809540E-06  4.4156777E-03  3.3150176E-03  2.2254797E-06  1.6982009E-06  1.1016229E-06  1.1846297E-04
 1.0272726E-06  1.5634477E-06  2.0393229E-06  5.8592822E-06  5.7232519E-06  4.0698517E-03  3.0542317E-03  2.0393229E-06  1.5634477E-06  1.0272726E-06  1.0557914E-04
 9.5695231E-07  1.4387834E-06  1.8682718E-06  5.3380375E-06  5.2145921E-06  3.7506389E-03  2.8136236E-03  1.8682718E-06  1.4387834E-06  9.5695231E-07  9.4276488E-05
 0.0000000E+00  0.0000000E+00  1.2305066E-05  9.6585547E-05  9.3507018E-05  5.7913272E-02  4.4045824E-02  1.2305066E-05  0.0000000E+00  0.0000000E+00  1.9324539E-02
 0.0000000E+00  0.0000000E+00  1.2302263E-05  9.6324962E-05  9.3256031E-05  5.7771129E-02  4.3936807E-02  1.2302263E-05  0.0000000E+00  0.0000000E+00  1.9221104E-02
 0.0000000E+00  1.3991923E-06  1.2219080E-05  8.6772545E-05  8.4054067E-05  5.2471907E-02  3.9875866E-02  1.2219080E-05  1.3991923E-06  0.0000000E+00  1.5529934E-02
 0.0000000E+00  2.5358219E-06  1.2088594E-05  7.8533953E-05  7.6115060E-05  4.7817872E-02  3.6312719E-02  1.2088594E-05  2.5358219E-06  0.0000000E+00  1.2635065E-02
 0.0000000E+00  3.4247314E-06  1.1886978E-05  7.1284483E-05  6.9125440E-05  4.3673301E-02  3.3142437E-02  1.1886978E-05  3.4247314E-06  0.0000000E+00  1.0328996E-02
 0.0000000E+00  4.0932934E-06  1.1611781E-05  6.4850694E-05  6.2918417E-05  3.9965954E-02  3.0309015E-02  1.1611781E-05  4.0932934E-06  0.0000000E+00  8.4815187E-03
 0.0000000E+00  4.5729380E-06  1.1270569E-05  5.9103529E-05  5.7369925E-05  3.6637003E-02  2.7766869E-02  1.1270569E-05  4.5729380E-06  0.0000000E+00  6.9936491E-03
 0.0000000E+00  4.8946889E-06  1.0875187E-05  5.3942880E-05  5.2384133E-05  3.3637513E-02  2.5478102E-02  1.0875187E-05  4.8946889E-06  0.0000000E+00  5.7897092E-03
 0.0000000E+00  5.0870892E-06  1.0438668E-05  4.9290129E-05  4.7885836E-05  3.0926453E-02  2.3410937E-02  1.0438668E-05  5.0870892E-06  0.0000000E+00  4.8111975E-03
 0.0000000E+00  5.1753179E-06  9.9732776E-06  4.5081831E-05  4.3814442E-05  2.8469332E-02  2.1538755E-02  9.9732776E-06  5.1753179E-06  0.0000000E+00  4.0126261E-03
 0.0000000E+00  5.1809802E-06  9.4900870E-06  4.1265677E-05  4.0120013E-05  2.6236669E-02  1.9838765E-02  9.4900870E-06  5.1809802E-06  0.0000000E+00  3.3583952E-03
 5.0738443E-07  5.1219321E-06  8.9710864E-06  3.7584254E-05  3.6553928E-05  2.4074054E-02  1.8193263E-02  8.9710864E-06  5.1219321E-06  5.0738443E-07  2.7794775E-03
 8.8885340E-07  5.0020490E-06  8.4434661E-06  3.4229161E-05  3.3301819E-05  2.2100368E-02  1.6692539E-02  8.4434661E-06  5.0020490E-06  8.8885340E-07  2.3068898E-03
 1.1688306E-06  4.8376451E-06  7.9170372E-06  3.1171052E-05  3.0335778E-05  2.0297065E-02  1.5322286E-02  7.9170372E-06  4.8376451E-06  1.1688306E-06  1.9202323E-03
 1.3674538E-06  4.6418741E-06  7.3993680E-06  2.8383646E-05  2.7630790E-05  1.8647834E-02  1.4069921E-02  7.3993680E-06  4.6418741E-06  1.3674538E-06  1.6031695E-03
 1.5012685E-06  4.4252477E-06  6.8961350E-06  2.5843046E-05  2.5164078E-05  1.7138157E-02  1.2924257E-02  6.8961350E-06  4.4252477E-06  1.5012685E-06  1.3425900E-03
 1.5837929E-06  4.1960633E-06  6.4114728E-06  2.3527692E-05  2.2915016E-05  1.5755130E-02  1.1875353E-02  6.4114728E-06  4.1960633E-06  1.5837929E-06  1.1279189E-03
 1.6260712E-06  3.9608101E-06  5.9482476E-06  2.1417774E-05  2.0864659E-05  1.4487200E-02  1.0914320E-02  5.9482476E-06  3.9608101E-06  1.6260712E-06  9.5064153E-04
 1.6370525E-06  3.7244918E-06  5.5082954E-06  1.9495334E-05  1.8995788E-05  1.3324059E-02  1.0033233E-02  5.5082954E-06  3.7244918E-06  1.6370525E-06  8.0388334E-04
 1.6240039E-06  3.4908994E-06  5.0926464E-06  1.7743910E-05  1.7292557E-05  1.2256403E-02  9.2249458E-03  5.0926464E-06  3.4908994E-06  1.6240039E-06  6.8206816E-04
 1.5927769E-06  3.2628573E-06  4.7017070E-06  1.6148566E-05  1.5740610E-05  1.1275886E-02  8.4830486E-03  4.7017070E-06  3.2628573E-06  1.5927769E-06  5.8068504E-04
 1.5480879E-06  3.0424187E-06  4.3353932E-06  1.4695491E-05  1.4326638E-05  1.0375010E-02  7.8017856E-03  4.3353932E-06  3.0424187E-06  1.5480879E-06  4.9607098E-04
 1.4936861E-06  2.8309992E-06  3.9932634E-06  1.3372186E-05  1.3038611E-05  9.5469143E-03  7.1759013E-03  3.9932634E-06  2.8309992E-06  1.4936861E-06  4.2524694E-04
 1.4325847E-06  2.6295378E-06  3.6746029E-06  1.2167149E-05  1.1865397E-05  8.7854934E-03  6.6007169E-03  3.6746029E-06  2.6295378E-06  1.4325847E-06  3.6578612E-04
 1.3671525E-06  2.4385812E-06  3.3785077E-06  1.1069957E-05  1.0796957E-05  8.0851218E-03  6.0719273E-03  3.3785077E-06  2.4385812E-06  1.3671525E-06  3.1571020E-04
 1.2992605E-06  2.2583956E-06  3.1039475E-06  1.0071053E-05  9.8239946E-06  7.4407361E-03  5.5856541E-03  3.1039475E-06  2.2583956E-06  1.2992605E-06  2.7340317E-04
 1.2303524E-06  2.0890091E-06  2.8498012E-06  9.1616539E-06  8.9380551E-06  6.8477597E-03  5.1384008E-03  2.8498012E-06  2.0890091E-06  1.2303524E-06  2.3754265E-04
 1.1615705E-06  1.9302675E-06  2.6149264E-06  8.3338429E-06  8.1314276E-06  6.3019428E-03  4.7269187E-03  2.6149264E-06  1.9302675E-06  1.1615705E-06  2.0704383E-04
 1.0937556E-06  1.7819185E-06  2.3981459E-06  7.5803066E-06  7.3970592E-06  5.7994245E-03  4.3482642E-03  2.3981459E-06  1.7819185E-06  1.0937556E-06  1.8101811E-04
 1.0275596E-06  1.6435908E-06  2.1982963E-06  6.8944850E-06  6.7285738E-06  5.3367605E-03  3.9998058E-03  2.1982963E-06  1.6435908E-06  1.0275596E-06  1.5873318E-04
 9.6344485E-07  1.5148778E-06  2.0142494E-06  6.2702734E-06  6.1200503E-06  4.9106991E-03  3.6790627E-03  2.0142494E-06  1.5148778E-06  9.6344485E-07  1.3958566E-04
 9.0174082E-07  1.3953030E-06  1.8449050E-06  5.7021878E-06  5.5661597E-06  4.5183301E-03  3.3838224E-03  1.8449050E-06  1.3953030E-06  9.0174082E-07  1.2307799E-04
 8.4267874E-07  1.2843969E-06  1.6892188E-06  5.1852108E-06  5.0620313E-06  4.1569724E-03  3.1120358E-03  1.6892188E-06  1.2843969E-06  8.4267874E-07  1.0879812E-04
 7.8639878E-07  1.1816620E-06  1.5461818E-06  4.7147608E-06  4.6032137E-06  3.8241517E-03  2.8618252E-03  1.5461818E-06  1.1816620E-06  7.8639878E-07  9.6404052E-05
 7.3295699E-07  1.0866076E-06  1.4148479E-06  4.2866764E-06  4.1856620E-06  3.5176119E-03  2.6314733E-03  1.4148479E-06  1.0866076E-06  7.3295699E-07  8.5612679E-05
 6.8238141E-07  9.9874334E-07  1.2943200E-06  3.8971521E-06  3.8056764E-06  3.2352801E-03  2.4194021E-03  1.2943200E-06  9.9874334E-07  6.8238141E-07  7.6186433E-05
 6.3464751E-07  9.1760657E-07  1.1837713E-06  3.5427453E-06  3.4599089E-06  2.9752425E-03  2.2241613E-03  1.1837713E-06  9.1760657E-07  6.3464751E-07  6.7928465E-05
 0.0000000E+00  0.0000000E+00  8.0543100E-06  6.8900385E-05  6.6715216E-05  4.9123778E-02  3.7189976E-02  8.0543100E-06  0.0000000E+00  0.0000000E+00  1.5525507E-02
 0.0000000E+00  0.0000000E+00  8.0476463E-06  6.8703100E-05  6.6524786E-05  4.8999486E-02  3.7095153E-02  8.0476463E-06  0.0000000E+00  0.0000000E+00  1.5439452E-02
 0.0000000E+00  7.9458272E-07  7.8492388E-06  6.1501423E-05  5.9577556E-05  4.4374684E-02  3.3569558E-02  7.8492388E-06  7.9458272E-07  0.0000000E+00  1.2383089E-02
 0.0000000E+00  1.4792998E-06  7.6891658E-06  5.5363233E-05  5.3656171E-05  4.0325100E-02  3.0485216E-02  7.6891658E-06  1.4792998E-06  0.0000000E+00  1.0004779E-02
 0.0000000E+00  2.0370260E-06  7.5219991E-06  5.0015481E-05  4.8495995E-05  3.6729180E-02  2.7748722E-02  7.5219991E-06  2.0370260E-06  0.0000000E+00  8.1243151E-03
 0.0000000E+00  2.4698824E-06  7.3293240E-06  4.5309485E-05  4.3953153E-05  3.3521884E-02  2.5309897E-02  7.3293240E-06  2.4698824E-06  0.0000000E+00  6.6285280E-03
 0.0000000E+00  2.7891614E-06  7.1060672E-06  4.1135643E-05  3.9921927E-05  3.0649911E-02  2.3127747E-02  7.1060672E-06  2.7891614E-06  0.0000000E+00  5.4322078E-03
 0.0000000E+00  3.0098315E-06  6.8541134E-06  3.7411015E-05  3.6322461E-05  2.8069166E-02  2.1168272E-02  6.8541134E-06  3.0098315E-06  0.0000000E+00  4.4705731E-03
 0.0000000E+00  3.1475559E-06  6.5784568E-06  3.4071214E-05  3.3092962E-05  2.5742735E-02  1.9403131E-02  6.5784568E-06  3.1475559E-06  0.0000000E+00  3.6939824E-03
 0.0000000E+00  3.2172027E-06  6.2852021E-06  3.1065075E-05  3.0184354E-05  2.3639600E-02  1.7808487E-02  6.2852021E-06  3.2172027E-06  0.0000000E+00  3.0641087E-03
 0.0000000E+00  3.2321137E-06  5.9804830E-06  2.8350956E-05  2.7556733E-05  2.1733508E-02  1.6364173E-02  5.9804830E-06  3.2321137E-06  0.0000000E+00  2.5511585E-03
 3.3977255E-07  3.2042836E-06  5.6527489E-06  2.5743291E-05  2.5030813E-05  1.9892086E-02  1.4969770E-02  5.6527489E-06  3.2042836E-06  3.3977255E-07  2.1002813E-03
 5.9460465E-07  3.1352530E-06  5.3185588E-06  2.3376151E-05  2.2736488E-05  1.8215838E-02  1.3701261E-02  5.3185588E-06  3.1352530E-06  5.9460465E-07  1.7343704E-03
 7.8095430E-07  3.0358559E-06  4.9843688E-06  2.1226591E-05  2.0651851E-05  1.6688324E-02  1.2546026E-02  4.9843688E-06  3.0358559E-06  7.8095430E-07  1.4367091E-03
 9.1244491E-07  2.9149198E-06  4.6552088E-06  1.9274216E-05  1.8757458E-05  1.5294878E-02  1.1492827E-02  4.6552088E-06  2.9149198E-06  9.1244491E-07  1.1939699E-03
 1.0002916E-06  2.7795097E-06  4.3348979E-06  1.7500675E-05  1.7035761E-05  1.4022578E-02  1.0531764E-02  4.3348979E-06  2.7795097E-06  1.0002916E-06  9.9552667E-04
 1.0536803E-06  2.6352362E-06  4.0262307E-06  1.5889670E-05  1.5471172E-05  1.2860008E-02  9.6540913E-03  4.0262307E-06  2.6352362E-06  1.0536803E-06  8.3288847E-04
 1.0801060E-06  2.4864844E-06  3.7311704E-06  1.4426173E-05  1.4049270E-05  1.1796796E-02  8.8518865E-03  3.7311704E-06  2.4864844E-06  1.0801060E-06  6.9923752E-04
 1.0856376E-06  2.3366506E-06  3.4509853E-06  1.3096778E-05  1.2757165E-05  1.0823897E-02  8.1182234E-03  3.4509853E-06  2.3366506E-06  1.0856376E-06  5.8911316E-04
 1.0752121E-06  2.1883143E-06  3.1864062E-06  1.1889265E-05  1.1583144E-05  9.9330759E-03  7.4468206E-03  3.1864062E-06  2.1883143E-06  1.0752121E-06  4.9811730E-04
 1.0527775E-06  2.0433959E-06  2.9377341E-06  1.0792504E-05  1.0516483E-05  9.1169943E-03  6.8320686E-03  2.9377341E-06  2.0433959E-06  1.0527775E-06  4.2270743E-04
 1.0215152E-06  1.9032640E-06  2.7049475E-06  9.7964399E-06  9.5474609E-06  8.3690119E-03  6.2689067E-03  2.7049475E-06  1.9032640E-06  1.0215152E-06  3.6002458E-04
 9.8395470E-07  1.7689072E-06  2.4877598E-06  8.8918608E-06  8.6672330E-06  7.6831142E-03  5.7527521E-03  2.4877598E-06  1.7689072E-06  9.8395470E-07  3.0775580E-04
 9.4210212E-07  1.6409420E-06  2.2857196E-06  8.0704436E-06  7.8677137E-06  7.0539584E-03  5.2795320E-03  2.2857196E-06  1.6409420E-06  9.4210212E-07  2.6403021E-04
 8.9755539E-07  1.5197551E-06  2.0982321E-06  7.3245305E-06  7.1415282E-06  6.4766852E-03  4.8455436E-03  2.0982321E-06  1.5197551E-06  8.9755539E-07  2.2732878E-04
 8.5153977E-07  1.4055114E-06  1.9246309E-06  6.6472494E-06  6.4820275E-06  5.9467865E-03  4.4473627E-03  1.9246309E-06  1.4055114E-06  8.5153977E-07  1.9641691E-04
 8.0502258E-07  1.2982324E-06  1.7641853E-06  6.0323129E-06  5.8831176E-06  5.4603205E-03  4.0819879E-03  1.7641853E-06  1.2982324E-06  8.0502258E-07  1.7029076E-04
 7.5874184E-07  1.1978320E-06  1.6161357E-06  5.4740021E-06  5.3392604E-06  5.0136398E-03  3.7466467E-03  1.6161357E-06  1.1978320E-06  7.5874184E-07  1.4812917E-04
 7.1324929E-07  1.1041313E-06  1.4797082E-06  4.9671224E-06  4.8454185E-06  4.6033441E-03  3.4387633E-03  1.4797082E-06  1.1041313E-06  7.1324929E-07  1.2926434E-04
 6.6896481E-07  1.0168793E-06  1.3541504E-06  4.5069479E-06  4.3970102E-06  4.2264765E-03  3.1560857E-03  1.3541504E-06  1.0168793E-06  6.6896481E-07  1.1314669E-04
 6.2618361E-07  9.3581815E-07  1.2387101E-06  4.0891879E-06  3.9898711E-06  3.8802584E-03  2.8965126E-03  1.2387101E-06  9.3581815E-07  6.2618361E-07  9.9326244E-05
 5.8511348E-07  8.6062538E-07  1.1326779E-06  3.7099515E-06  3.6202251E-06  3.5621660E-03  2.6581256E-03  1.1326779E-06  8.6062538E-07  5.8511348E-07  8.7433979E-05
 5.4588914E-07  7.9099290E-07  1.0353586E-06  3.3656886E-06  3.2846219E-06  3.2698895E-03  2.4391788E-03  1.0353586E-06  7.9099290E-07  5.4588914E-07  7.7164657E-05
 5.0858940E-07  7.2659826E-07  9.4610753E-07  3.0531889E-06  2.9799448E-06  3.0013291E-03  2.2380810E-03  9.4610753E-07  7.2659826E-07  5.0858940E-07  6.8265413E-05
 4.7325010E-07  6.6710469E-07  8.6429402E-07  2.7695312E-06  2.7033541E-06  2.7545496E-03  2.0533670E-03  8.6429402E-07  6.6710469E-07  4.7325010E-07  6.0528383E-05
 4.3987265E-07  6.1220552E-07  7.8935205E-07  2.5120565E-06  2.4522637E-06  2.5277849E-03  1.8837016E-03  7.8935205E-07  6.1220552E-07  4.3987265E-07  5.3779736E-05
 4.0843270E-07  5.6158762E-07  7.2072987E-07  2.2783595E-06  2.2243356E-06  2.3194132E-03  1.7278591E-03  7.2072987E-07  5.6158762E-07  4.0843270E-07  4.7875019E-05
 0.0000000E+00  0.0000000E+00  5.0934628E-06  4.7831089E-05  4.6320475E-05  4.1079157E-02  3.0956298E-02  5.0934628E-06  0.0000000E+00  0.0000000E+00  1.2221034E-02
 0.0000000E+00  0.0000000E+00  5.0847152E-06  4.7684588E-05  4.6178905E-05  4.0971850E-02  3.0874879E-02  5.0847152E-06  0.0000000E+00  0.0000000E+00  1.2150922E-02
 0.0000000E+00  3.8120455E-07  4.8224915E-06  4.2378977E-05  4.1053302E-05  3.6989130E-02  2.7854736E-02  4.8224915E-06  3.8120455E-07  0.0000000E+00  9.6704494E-03
 0.0000000E+00  7.5360725E-07  4.6505355E-06  3.7916207E-05  3.6743463E-05  3.3512876E-02  2.5220840E-02  4.6505355E-06  7.5360725E-07  0.0000000E+00  7.7560087E-03
 0.0000000E+00  1.0806615E-06  4.5119874E-06  3.4071150E-05  3.3030322E-05  3.0435599E-02  2.2891073E-02  4.5119874E-06  1.0806615E-06  0.0000000E+00  6.2541497E-03
 0.0000000E+00  1.3484239E-06  4.3792199E-06  3.0719413E-05  2.9792986E-05  2.7699228E-02  2.0820953E-02  4.3792199E-06  1.3484239E-06  0.0000000E+00  5.0684288E-03
 0.0000000E+00  1.5549894E-06  4.2394776E-06  2.7770564E-05  2.6943859E-05  2.5256088E-02  1.8973975E-02  4.2394776E-06  1.5549894E-06  0.0000000E+00  4.1269087E-03
 0.0000000E+00  1.7045123E-06  4.0882038E-06  2.5157400E-05  2.4417976E-05  2.3066974E-02  1.7320156E-02  4.0882038E-06  1.7045123E-06  0.0000000E+00  3.3753455E-03
 0.0000000E+00  1.8038425E-06  3.9251858E-06  2.2828409E-05  2.2165672E-05  2.1099116E-02  1.5834453E-02  3.9251858E-06  1.8038425E-06  0.0000000E+00  2.7724553E-03
 0.0000000E+00  1.8606508E-06  3.7523579E-06  2.0743372E-05  2.0148263E-05  1.9325051E-02  1.4495894E-02  3.7523579E-06  1.8606508E-06  0.0000000E+00  2.2866324E-03
 0.0000000E+00  1.8824760E-06  3.5724821E-06  1.8869935E-05  1.8334657E-05  1.7721525E-02  1.3286736E-02  3.5724821E-06  1.8824760E-06  0.0000000E+00  1.8934581E-03
 2.1937273E-07  1.8771937E-06  3.3784885E-06  1.7078002E-05  1.6599113E-05  1.6176628E-02  1.2122492E-02  3.3784885E-06  1.8771937E-06  2.1937273E-07  1.5502566E-03
 3.8365740E-07  1.8446721E-06  3.1796009E-06  1.5458313E-05  1.5029508E-05  1.4774298E-02  1.1066314E-02  3.1796009E-06  1.8446721E-06  3.8365740E-07  1.2734536E-03
 5.0345226E-07  1.7918201E-06  2.9798488E-06  1.3993529E-05  1.3609261E-05  1.3499829E-02  1.0106995E-02  2.9798488E-06  1.7918201E-06  5.0345226E-07  1.0496052E-03
 5.8759211E-07  1.7243080E-06  2.7824411E-06  1.2668141E-05  1.2323549E-05  1.2340462E-02  9.2348033E-03  2.7824411E-06  1.7243080E-06  5.8759211E-07  8.6811031E-04
 6.4338204E-07  1.6467516E-06  2.5898541E-06  1.1468570E-05  1.1159355E-05  1.1284751E-02  8.4410283E-03  2.5898541E-06  1.6467516E-06  6.4338204E-07  7.2056335E-04
 6.7682083E-07  1.5628140E-06  2.4039341E-06  1.0382692E-05  1.0105069E-05  1.0322582E-02  7.7179759E-03  2.4039341E-06  1.5628140E-06  6.7682083E-07  6.0027470E-04
 6.9280905E-07  1.4753890E-06  2.2259924E-06  9.3995204E-06  9.1501357E-06  9.4451056E-03  7.0589101E-03  2.2259924E-06  1.4753890E-06  6.9280905E-07  5.0193131E-04
 6.9532565E-07  1.3867185E-06  2.0569010E-06  8.5094187E-06  8.2852907E-06  8.6442362E-03  6.4576904E-03  2.0569010E-06  1.3867185E-06  6.9532565E-07  4.2129197E-04
 6.8758832E-07  1.2985316E-06  1.8971872E-06  7.7034788E-06  7.5019614E-06  7.9128185E-03  5.9088849E-03  1.8971872E-06  1.2985316E-06  6.8758832E-07  3.5496680E-04
 6.7218107E-07  1.2120957E-06  1.7470929E-06  6.9736978E-06  6.7924574E-06  7.2445687E-03  5.4077149E-03  1.7470929E-06  1.2120957E-06  6.7218107E-07  3.0024212E-04
 6.5117431E-07  1.1283412E-06  1.6066327E-06  6.3129704E-06  6.1498985E-06  6.6336269E-03  4.9497466E-03  1.6066327E-06  1.1283412E-06  6.5117431E-07  2.5494055E-04
 6.2621281E-07  1.0479348E-06  1.4756747E-06  5.7147026E-06  5.5679400E-06  6.0748520E-03  4.5310805E-03  1.4756747E-06  1.0479348E-06  6.2621281E-07  2.1731184E-04
 5.9859917E-07  9.7130153E-07  1.3539479E-06  5.1730180E-06  5.0408977E-06  5.5636409E-03  4.1482241E-03  1.3539479E-06  9.7130153E-07  5.9859917E-07  1.8594640E-04
 5.6935397E-07  8.9869770E-07  1.2411079E-06  4.6825630E-06  4.5635971E-06  5.0957470E-03  3.7979659E-03  1.2411079E-06  8.9869770E-07  5.6935397E-07  1.5970792E-04
 5.3927356E-07  8.3026987E-07  1.1367445E-06  4.2384967E-06  4.1313550E-06  4.6673957E-03  3.4774500E-03  1.1367445E-06  8.3026987E-07  5.3927356E-07  1.3767621E-04
 5.0897337E-07  7.6604002E-07  1.0404034E-06  3.8364453E-06  3.7399366E-06  4.2751252E-03  3.1840576E-03  1.0404034E-06  7.6604002E-07  5.0897337E-07  1.1910911E-04
 4.7891861E-07  7.0596126E-07  9.5163036E-07  3.4724320E-06  3.3854871E-06  3.9158258E-03  2.9154401E-03  9.5163036E-07  7.0596126E-07  4.7891861E-07  1.0340075E-04
 4.4946167E-07  6.4993396E-07  8.6994189E-07  3.1428549E-06  3.0645162E-06  3.5866612E-03  2.6694520E-03  8.6994189E-07  6.4993396E-07  4.4946167E-07  9.0060254E-05
 4.2085972E-07  5.9781746E-07  7.9486909E-07  2.8444668E-06  2.7738756E-06  3.2850633E-03  2.4441578E-03  7.9486909E-07  5.9781746E-07  4.2085972E-07  7.8687607E-05
 3.9329517E-07  5.4944250E-07  7.2595772E-07  2.5743115E-06  2.5106967E-06  3.0086783E-03  2.2377801E-03  7.2595772E-07  5.4944250E-07  3.9329517E-07  6.8955763E-05
 3.6689331E-07  5.0462520E-07  6.6275869E-07  2.3297247E-06  2.2723911E-06  2.7553837E-03  2.0487180E-03  6.6275869E-07  5.0462520E-07  3.6689331E-07  6.0596579E-05
 3.4173253E-07  4.6316995E-07  6.0484633E-07  2.1082807E-06  2.0566077E-06  2.5232255E-03  1.8754993E-03  6.0484633E-07  4.6316995E-07  3.4173253E-07  5.3390117E-05
 3.1785752E-07  4.2487747E-07  5.5181842E-07  1.9077925E-06  1.8612181E-06  2.3104335E-03  1.7167903E-03  5.5181842E-07  4.2487747E-07  3.1785752E-07  4.7155273E-05
 2.9528293E-07  3.8954996E-07  5.0329254E-07  1.7262857E-06  1.6843068E-06  2.1153851E-03  1.5713693E-03  5.0329254E-07  3.8954996E-07  2.9528293E-07  4.1742294E-05
 2.7400363E-07  3.5699252E-07  4.5891189E-07  1.5619584E-06  1.5241221E-06  1.9365996E-03  1.4381224E-03  4.5891189E-07  3.5699252E-07  2.7400363E-07  3.7027368E-05
 2.5399765E-07  3.2701469E-07  4.1834240E-07  1.4131920E-06  1.3790883E-06  1.7727179E-03  1.3160271E-03  4.1834240E-07  3.2701469E-07  2.5399765E-07  3.2907485E-05
 0.0000000E+00  0.0000000E+00  3.0960321E-06  3.2180820E-05  3.1168047E-05  3.3796786E-02  2.5350707E-02  3.0960321E-06  0.0000000E+00  0.0000000E+00  9.3969473E-03
 0.0000000E+00  0.0000000E+00  3.0865785E-06  3.2074966E-05  3.1065578E-05  3.3705600E-02  2.5281886E-02  3.0865785E-06  0.0000000E+00  0.0000000E+00  9.3410648E-03
 0.0000000E+00  1.1748207E-07  2.8027240E-06  2.8268585E-05  2.7382881E-05  3.0327704E-02  2.2733894E-02  2.8027240E-06  1.1748207E-07  0.0000000E+00  7.3736492E-03
 0.0000000E+00  2.8621272E-07  2.6342375E-06  2.5113856E-05  2.4332856E-05  2.7389496E-02  2.0519272E-02  2.6342375E-06  2.8621272E-07  0.0000000E+00  5.8683054E-03
 0.0000000E+00  4.6024472E-07  2.5208320E-06  2.2429740E-05  2.1738774E-05  2.4797084E-02  1.8566707E-02  2.5208320E-06  4.6024472E-07  0.0000000E+00  4.6969904E-03
 0.0000000E+00  6.1695389E-07  2.4310979E-06  2.0114838E-05  1.9501725E-05  2.2499204E-02  1.6837168E-02  2.4310979E-06  6.1695389E-07  0.0000000E+00  3.7795289E-03
 0.0000000E+00  7.4675857E-07  2.3485177E-06  1.8096823E-05  1.7551334E-05  2.0454029E-02  1.5298837E-02  2.3485177E-06  7.4675857E-07  0.0000000E+00  3.0565323E-03
 0.0000000E+00  8.4719648E-07  2.2650685E-06  1.6322484E-05  1.5836015E-05  1.8627094E-02  1.3925518E-02  2.2650685E-06  8.4719648E-07  0.0000000E+00  2.4836095E-03
 0.0000000E+00  9.1951411E-07  2.1774993E-06  1.4751921E-05  1.4317160E-05  1.6989726E-02  1.2695433E-02  2.1774993E-06  9.1951411E-07  0.0000000E+00  2.0272683E-03
 0.0000000E+00  9.6670710E-07  2.0851659E-06  1.3354226E-05  1.2964928E-05  1.5517925E-02  1.1590362E-02  2.0851659E-06  9.6670710E-07  0.0000000E+00  1.6620246E-03
 0.0000000E+00  9.9243102E-07  1.9887199E-06  1.2105241E-05  1.1756057E-05  1.4191421E-02  1.0594934E-02  1.9887199E-06  9.9243102E-07  0.0000000E+00  1.3683718E-03
 1.3565811E-07  1.0017498E-06  1.8840788E-06  1.0916381E-05  1.0604893E-05  1.2917226E-02  9.6392906E-03  1.8840788E-06  1.0017498E-06  1.3565811E-07  1.1139192E-03
 2.3724138E-07  9.9349473E-07  1.7756698E-06  9.8469995E-06  9.5688687E-06  1.1763967E-02  8.7748247E-03  1.7756698E-06  9.9349473E-07  2.3724138E-07  9.1000061E-04
 3.1120028E-07  9.7183840E-07  1.6658450E-06  8.8840973E-06  8.6355867E-06  1.0719027E-02  7.9919655E-03  1.6658450E-06  9.7183840E-07  3.1120028E-07  7.4613533E-04
 3.6297173E-07  9.4027903E-07  1.5565595E-06  8.0164490E-06  7.7942272E-06  9.7711667E-03  7.2822057E-03  1.5565595E-06  9.4027903E-07  3.6297173E-07  6.1406838E-04
 3.9708927E-07  9.0170063E-07  1.4493565E-06  7.2343238E-06  7.0354640E-06  8.9105460E-03  6.6380968E-03  1.4493565E-06  9.0170063E-07  3.9708927E-07  5.0732009E-04
 4.1729311E-07  8.5842541E-07  1.3454271E-06  6.5289226E-06  6.3508820E-06  8.1284748E-03  6.0530622E-03  1.3454271E-06  8.5842541E-07  4.1729311E-07  4.2077565E-04
 4.2665005E-07  8.1231113E-07  1.2456326E-06  5.8926182E-06  5.7331264E-06  7.4172193E-03  5.5212544E-03  1.2456326E-06  8.1231113E-07  4.2665005E-07  3.5039368E-04
 4.2765309E-07  7.6480352E-07  1.1505800E-06  5.3185264E-06  5.1755829E-06  6.7698620E-03  5.0374559E-03  1.1505800E-06  7.6480352E-07  4.2765309E-07  2.9297180E-04
 4.2231954E-07  7.1703373E-07  1.0606436E-06  4.8004996E-06  4.6723311E-06  6.1804020E-03  4.5971199E-03  1.0606436E-06  7.1703373E-07  4.2231954E-07  2.4596759E-04
 4.1226893E-07  6.6983700E-07  9.7602584E-07  4.3330088E-06  4.2180455E-06  5.6432338E-03  4.1960316E-03  9.7602584E-07  6.6983700E-07  4.1226893E-07  2.0735774E-04
 3.9879795E-07  6.2383808E-07  8.9678657E-07  3.9111028E-06  3.8079466E-06  5.1535671E-03  3.8305689E-03  8.9678657E-07  6.2383808E-07  3.9879795E-07  1.7553019E-04
 3.8293212E-07  5.7948416E-07  8.2289584E-07  3.5303129E-06  3.4377238E-06  4.7069465E-03  3.4973742E-03  8.2289584E-07  5.7948416E-07  3.8293212E-07  1.4919725E-04
 3.6548345E-07  5.3707939E-07  7.5421132E-07  3.1866089E-06  3.1034819E-06  4.2994440E-03  3.1934911E-03  7.5421132E-07  5.3707939E-07  3.6548345E-07  1.2732667E-04
 3.4708568E-07  4.9681778E-07  6.9056821E-07  2.8763800E-06  2.8017301E-06  3.9274993E-03  2.9162401E-03  6.9056821E-07  4.9681778E-07  3.4708568E-07  1.0909295E-04
 3.2823021E-07  4.5880720E-07  6.3173579E-07  2.5963524E-06  2.5293002E-06  3.5879060E-03  2.6632019E-03  6.3173579E-07  4.5880720E-07  3.2823021E-07  9.3829392E-05
 3.0929608E-07  4.2309110E-07  5.7746909E-07  2.3435786E-06  2.2833415E-06  3.2777650E-03  2.4322027E-03  5.7746909E-07  4.2309110E-07  3.0929608E-07  8.1001890E-05
 2.9056721E-07  3.8966274E-07  5.2750746E-07  2.1153927E-06  2.0612688E-06  2.9944578E-03  2.2212705E-03  5.2750746E-07  3.8966274E-07  2.9056721E-07  7.0177692E-05
 2.7225708E-07  3.5847866E-07  4.8158119E-07  1.9094046E-06  1.8607680E-06  2.7356112E-03  2.0286232E-03  4.8158119E-07  3.5847866E-07  2.7225708E-07  6.1006671E-05
 2.5452001E-07  3.2946996E-07  4.3942362E-07  1.7234516E-06  1.6797394E-06  2.4990748E-03  1.8526458E-03  4.3942362E-07  3.2946996E-07  2.5452001E-07  5.3204922E-05
 2.3746461E-07  3.0254898E-07  4.0076957E-07  1.5555776E-06  1.5162887E-06  2.2829014E-03  1.6918761E-03  4.0076957E-07  3.0254898E-07  2.3746461E-07  4.6541572E-05
 2.2116281E-07  2.7761611E-07  3.6536509E-07  1.4040184E-06  1.3687043E-06  2.0853104E-03  1.5449792E-03  3.6536509E-07  2.7761611E-07  2.2116281E-07  4.0828224E-05
 2.0565954E-07  2.5456495E-07  3.3296524E-07  1.2671909E-06  1.2354456E-06  1.9046890E-03  1.4107455E-03  3.3296524E-07  2.5456495E-07  2.0565954E-07  3.5910715E-05
 1.9097728E-07  2.3328616E-07  3.0333853E-07  1.1436648E-06  1.1151263E-06  1.7395777E-03  1.2880808E-03  3.0333853E-07  2.3328616E-07  1.9097728E-07  3.1662598E-05
 1.7712126E-07  2.1366811E-07  2.7626474E-07  1.0321357E-06  1.0064814E-06  1.5886327E-03  1.1759788E-03  2.7626474E-07  2.1366811E-07  1.7712126E-07  2.7979747E-05
 1.6408476E-07  1.9560219E-07  2.5153861E-07  9.3144264E-07  9.0837963E-07  1.4506390E-03  1.0735295E-03  2.5153861E-07  1.9560219E-07  1.6408476E-07  2.4776242E-05
 1.5185130E-07  1.7898202E-07  2.2896763E-07  8.4053589E-07  8.1980322E-07  1.3244848E-03  9.7990070E-04  2.2896763E-07  1.7898202E-07  1.5185130E-07  2.1980695E-05
 0.0000000E+00  0.0000000E+00  1.7973573E-06  2.0877417E-05  2.0222279E-05  2.7286554E-02  2.0372925E-02  1.7973573E-06  0.0000000E+00  0.0000000E+00  7.0317016E-03
 0.0000000E+00  0.0000000E+00  1.7882427E-06  2.0803224E-05  2.0150334E-05  2.7210445E-02  2.0315794E-02  1.7882427E-06  0.0000000E+00  0.0000000E+00  6.9882735E-03
 0.0000000E+00 -3.3910237E-08  1.5148141E-06  1.8155496E-05  1.7584696E-05  2.4395621E-02  1.8203701E-02  1.5148141E-06 -3.3910237E-08  0.0000000E+00  5.4687489E-03
 0.0000000E+00  1.2417301E-08  1.3616208E-06  1.5997221E-05  1.5495670E-05  2.1956118E-02  1.6374527E-02  1.3616208E-06  1.2417301E-08  0.0000000E+00  4.3166400E-03
 0.0000000E+00  9.1222025E-08  1.2709809E-06  1.4186813E-05  1.3744590E-05  1.9811421E-02  1.4767464E-02  1.2709809E-06  9.1222025E-08  0.0000000E+00  3.4279414E-03
 0.0000000E+00  1.7680222E-07  1.2118130E-06  1.2644404E-05  1.2253311E-05  1.7916924E-02  1.3348770E-02  1.2118130E-06  1.7680222E-07  0.0000000E+00  2.7376411E-03
 0.0000000E+00  2.5609415E-07  1.1667994E-06  1.1313759E-05  1.0966933E-05  1.6236415E-02  1.2091072E-02  1.1667994E-06  2.5609415E-07  0.0000000E+00  2.1980219E-03
 0.0000000E+00  3.2321013E-07  1.1266648E-06  1.0154265E-05  9.8459528E-06  1.4740127E-02  1.0971884E-02  1.1266648E-06  3.2321013E-07  0.0000000E+00  1.7737054E-03
 0.0000000E+00  3.7624681E-07  1.0867599E-06  9.1359242E-06  8.8612392E-06  1.3403408E-02  9.9725924E-03  1.0867599E-06  3.7624681E-07  0.0000000E+00  1.4382519E-03
 0.0000000E+00  4.1543016E-07  1.0451011E-06  8.2358665E-06  7.9906475E-06  1.2205638E-02  9.0776400E-03  1.0451011E-06  4.1543016E-07  0.0000000E+00  1.1716937E-03
 0.0000000E+00  4.4203620E-07  1.0011521E-06  7.4363787E-06  7.2170877E-06  1.1129427E-02  8.2739189E-03  1.0011521E-06  4.4203620E-07  0.0000000E+00  9.5886526E-04
 7.9646555E-08  4.5922975E-07  9.5274550E-07  6.6795931E-06  6.4845876E-06  1.0098928E-02  7.5047245E-03  9.5274550E-07  4.5922975E-07  7.9646555E-08  7.7585443E-04
 1.3941498E-07  4.6534492E-07  9.0140534E-07  6.0024491E-06  5.8288790E-06  9.1692392E-03  6.8111209E-03  9.0140534E-07  4.6534492E-07  1.3941498E-07  6.3019407E-04
 1.8294880E-07  4.6274076E-07  8.4838781E-07  5.3957215E-06  5.2411036E-06  8.3294864E-03  6.1849181E-03  8.4838781E-07  4.6274076E-07  1.8294880E-07  5.1390475E-04
 2.1338218E-07  4.5346538E-07  7.9481880E-07  4.8515353E-06  4.7136952E-06  7.5701676E-03  5.6189593E-03  7.9481880E-07  4.5346538E-07  2.1338218E-07  4.2077327E-04
 2.3336141E-07  4.3924592E-07  7.4161591E-07  4.3630615E-06  4.2400946E-06  6.8828563E-03  5.1069040E-03  7.4161591E-07  4.3924592E-07  2.3336141E-07  3.4595053E-04
 2.4509160E-07  4.2150933E-07  6.8953434E-07  3.9243468E-06  3.8145821E-06  6.2601526E-03  4.6431925E-03  6.8953434E-07  4.2150933E-07  2.4509160E-07  2.8563906E-04
 2.5038952E-07  4.0140984E-07  6.3913934E-07  3.5301636E-06  3.4321296E-06  5.6956067E-03  4.2229694E-03  6.3913934E-07  4.0140984E-07  2.5038952E-07  2.3685940E-04
 2.5074032E-07  3.7986505E-07  5.9084299E-07  3.1758723E-06  3.0882698E-06  5.1833465E-03  3.8418283E-03  5.9084299E-07  3.7986505E-07  2.5074032E-07  1.9726859E-04
 2.4734726E-07  3.5759570E-07  5.4492714E-07  2.8573587E-06  2.7790442E-06  4.7182681E-03  3.4959344E-03  5.4492714E-07  3.5759570E-07  2.4734726E-07  1.6501919E-04
 2.4117694E-07  3.3515477E-07  5.0156642E-07  2.5709461E-06  2.5009066E-06  4.2957596E-03  3.1818269E-03  5.0156642E-07  3.3515477E-07  2.4117694E-07  1.3865058E-04
 2.3300296E-07  3.1295971E-07  4.6084816E-07  2.3133745E-06  2.2507139E-06  3.9117317E-03  2.8964414E-03  4.6084816E-07  3.1295971E-07  2.3300296E-07  1.1700699E-04
 2.2343805E-07  2.9131612E-07  4.2279302E-07  2.0816992E-06  2.0256203E-06  3.5625090E-03  2.6370195E-03  4.2279302E-07  2.9131612E-07  2.2343805E-07  9.9170060E-05
 2.1296398E-07  2.7044382E-07  3.8736885E-07  1.8733004E-06  1.8230988E-06  3.2448100E-03  2.4011057E-03  3.8736885E-07  2.7044382E-07  2.1296398E-07  8.4410627E-05
 2.0195760E-07  2.5049216E-07  3.5450595E-07  1.6858182E-06  1.6408675E-06  2.9556876E-03  2.1864911E-03  3.5450595E-07  2.5049216E-07  2.0195760E-07  7.2145669E-05
 1.9070994E-07  2.3155535E-07  3.2410856E-07  1.5171440E-06  1.4768838E-06  2.6924860E-03  1.9911882E-03  3.2410856E-07  2.3155535E-07  1.9070994E-07  6.1910573E-05
 1.7944314E-07  2.1368625E-07  2.9606104E-07  1.3653715E-06  1.3293088E-06  2.4528090E-03  1.8134046E-03  2.9606104E-07  2.1368625E-07  1.7944314E-07  5.3332409E-05
 1.6832417E-07  1.9690630E-07  2.7023625E-07  1.2288038E-06  1.1964919E-06  2.2345068E-03  1.6515323E-03  2.7023625E-07  1.9690630E-07  1.6832417E-07  4.6112006E-05
 1.5747710E-07  1.8121091E-07  2.4650091E-07  1.1059081E-06  1.0769560E-06  2.0356334E-03  1.5041167E-03  2.4650091E-07  1.8121091E-07  1.5747710E-07  4.0008249E-05
 1.4699077E-07  1.6657938E-07  2.2472021E-07  9.9531086E-07  9.6936339E-07  1.8544210E-03  1.3698380E-03  2.2472021E-07  1.6657938E-07  1.4699077E-07  3.4826440E-05
 1.3692648E-07  1.5297880E-07  2.0475936E-07  8.9577627E-07  8.7252170E-07  1.6892865E-03  1.2475128E-03  2.0475936E-07  1.5297880E-07  1.3692648E-07  3.0408950E-05
 1.2732557E-07  1.4036626E-07  1.8648738E-07  8.0618581E-07  7.8534211E-07  1.5387805E-03  1.1360599E-03  1.8648738E-07  1.4036626E-07  1.2732557E-07  2.6627717E-05
 1.1821180E-07  1.2869352E-07  1.6977866E-07  7.2554932E-07  7.0686548E-07  1.4015949E-03  1.0345035E-03  1.6977866E-07  1.2869352E-07  1.1821180E-07  2.3378267E-05
 1.0959587E-07  1.1791002E-07  1.5451065E-07  6.5296774E-07  6.3621929E-07  1.2765470E-03  9.4196119E-04  1.5451065E-07  1.1791002E-07  1.0959587E-07  2.0575354E-05
 1.0147933E-07  1.0796291E-07  1.4057077E-07  5.8763390E-07  5.7261988E-07  1.1625556E-03  8.5762698E-04  1.4057077E-07  1.0796291E-07  1.0147933E-07  1.8148741E-05
 9.3855285E-08  9.8799351E-08  1.2785100E-07  5.2882147E-07  5.1536205E-07  1.0586410E-03  7.8077106E-04  1.2785100E-07  9.8799351E-08  9.3855285E-08  1.6040907E-05
 8.6713773E-08  9.0367249E-08  1.1625102E-07  4.7587870E-07  4.6381309E-07  9.6390933E-04  7.1072790E-04  1.1625102E-07  9.0367249E-08  8.6713773E-08  1.4203905E-05
 0.0000000E+00  0.0000000E+00  9.8855636E-07  1.2976876E-05  1.2570606E-05  2.1550147E-02  1.6016185E-02  9.8855636E-07  0.0000000E+00  0.0000000E+00  5.0967156E-03
 0.0000000E+00  0.0000000E+00  9.8050569E-07  1.2926630E-05  1.2521785E-05  2.1487884E-02  1.5969693E-02  9.8050569E-07  0.0000000E+00  0.0000000E+00  5.0640117E-03
 0.0000000E+00 -1.0549274E-07  7.3926051E-07  1.1150629E-05  1.0798094E-05  1.9190097E-02  1.4254559E-02  7.3926051E-07 -1.0549274E-07  0.0000000E+00  3.9262987E-03
 0.0000000E+00 -1.2378373E-07  6.0915919E-07  9.7297674E-06  9.4211920E-06  1.7206635E-02  1.2774988E-02  6.0915919E-07 -1.2378373E-07  0.0000000E+00  3.0720194E-03
 0.0000000E+00 -9.9145397E-08  5.3922879E-07  8.5571643E-06  8.2861116E-06  1.5469474E-02  1.1479921E-02  5.3922879E-07 -9.9145397E-08  0.0000000E+00  2.4191399E-03
 0.0000000E+00 -5.6424538E-08  5.0147993E-07  7.5721232E-06  7.3332595E-06  1.3940696E-02  1.0340850E-02  5.0147993E-07 -5.6424538E-08  0.0000000E+00  1.9165134E-03
 0.0000000E+00 -9.1893530E-09  4.7987390E-07  6.7324654E-06  6.5213947E-06  1.2589523E-02  9.3346487E-03  4.7987390E-07 -9.1893530E-09  0.0000000E+00  1.5269488E-03
 0.0000000E+00  3.5523420E-08  4.6541011E-07  6.0084030E-06  5.8214129E-06  1.1390779E-02  8.4424116E-03  4.6541011E-07  3.5523420E-08  0.0000000E+00  1.2231456E-03
 0.0000000E+00  7.4427103E-08  4.5322447E-07  5.3781698E-06  5.2121406E-06  1.0323518E-02  7.6484330E-03  4.5322447E-07  7.4427103E-08  0.0000000E+00  9.8486778E-04
 0.0000000E+00  1.0634558E-07  4.4086418E-07  4.8255131E-06  4.6777925E-06  9.3704502E-03  6.9397352E-03  4.4086418E-07  1.0634558E-07  0.0000000E+00  7.9697707E-04
 0.0000000E+00  1.3124861E-07  4.2725479E-07  4.3380042E-06  4.2063321E-06  8.5169516E-03  6.3053637E-03  4.2725479E-07  1.3124861E-07  0.0000000E+00  6.4806162E-04
 4.3862284E-08  1.5108396E-07  4.1141738E-07  3.8794172E-06  3.7627273E-06  7.7025234E-03  5.7003053E-03  4.1141738E-07  1.5108396E-07  4.3862284E-08  5.2104587E-04
 7.6966196E-08  1.6407702E-07  3.9327674E-07  3.4715357E-06  3.3680244E-06  6.9703432E-03  5.1565877E-03  3.9327674E-07  1.6407702E-07  7.6966196E-08  4.2067956E-04
 1.0116746E-07  1.7145340E-07  3.7343592E-07  3.1080752E-06  3.0161736E-06  6.3111832E-03  4.6673135E-03  3.7343592E-07  1.7145340E-07  1.0116746E-07  3.4110481E-04
 1.1811851E-07  1.7434319E-07  3.5249478E-07  2.7837330E-06  2.7020774E-06  5.7171806E-03  4.2265859E-03  3.5249478E-07  1.7434319E-07  1.1811851E-07  2.7779898E-04
 1.2924691E-07  1.7373704E-07  3.3099370E-07  2.4939922E-06  2.4213876E-06  5.1813225E-03  3.8291615E-03  3.3099370E-07  1.7373704E-07  1.2924691E-07  2.2726067E-04
 1.3576263E-07  1.7047840E-07  3.0938924E-07  2.2349436E-06  2.1703464E-06  4.6974691E-03  3.4704514E-03  3.0938924E-07  1.7047840E-07  1.3576263E-07  1.8676925E-04
 1.3867434E-07  1.6526739E-07  2.8805105E-07  2.0031992E-06  1.9456931E-06  4.2602178E-03  3.1464133E-03  2.8805105E-07  1.6526739E-07  1.3867434E-07  1.5420712E-04
 1.3881061E-07  1.5867414E-07  2.6726733E-07  1.7957748E-06  1.7445539E-06  3.8647879E-03  2.8534805E-03  2.6726733E-07  1.5867414E-07  1.3881061E-07  1.2792106E-04
 1.3684806E-07  1.5115601E-07  2.4724873E-07  1.6100480E-06  1.5644060E-06  3.5069346E-03  2.5884822E-03  2.4724873E-07  1.5115601E-07  1.3684806E-07  1.0661576E-04
 1.3333020E-07  1.4307245E-07  2.2814562E-07  1.4436954E-06  1.4030071E-06  3.1828946E-03  2.3486096E-03  2.2814562E-07  1.4307245E-07  1.3333020E-07  8.9277846E-05
 1.2869480E-07  1.3470539E-07  2.1005354E-07  1.2946597E-06  1.2583735E-06  2.8893148E-03  2.1313619E-03  2.1005354E-07  1.3470539E-07  1.2869480E-07  7.5108277E-05
 1.2328644E-07  1.2626785E-07  1.9302888E-07  1.1611153E-06  1.1287439E-06  2.6232021E-03  1.9345079E-03  1.9302888E-07  1.2626785E-07  1.2328644E-07  6.3477488E-05
 1.1737766E-07  1.1791959E-07  1.7709201E-07  1.0414246E-06  1.0125375E-06  2.3818837E-03  1.7560551E-03  1.7709201E-07  1.1791959E-07  1.1737766E-07  5.3888029E-05
 1.1118068E-07  1.0977808E-07  1.6224134E-07  9.3413458E-07  9.0834871E-07  2.1629709E-03  1.5942246E-03  1.6224134E-07  1.0977808E-07  1.1118068E-07  4.5945904E-05
 1.0485918E-07  1.0192554E-07  1.4845339E-07  8.3794728E-07  8.1492631E-07  1.9643121E-03  1.4474142E-03  1.4845339E-07  1.0192554E-07  1.0485918E-07  3.9337933E-05
 9.8536898E-08  9.4419937E-08  1.3569293E-07  7.5170437E-07  7.3114661E-07  1.7839821E-03  1.3141910E-03  1.3569293E-07  9.4419937E-08  9.8536898E-08  3.3814611E-05
 9.2307811E-08  8.7295721E-08  1.2391608E-07  6.7436670E-07  6.5600555E-07  1.6202519E-03  1.1932689E-03  1.2391608E-07  8.7295721E-08  9.2307811E-08  2.9176705E-05
 8.6240833E-08  8.0572473E-08  1.1307039E-07  6.0500785E-07  5.8860641E-07  1.4715577E-03  1.0834850E-03  1.1307039E-07  8.0572473E-08  8.6240833E-08  2.5264534E-05
 8.0384520E-08  7.4258023E-08  1.0310182E-07  5.4279936E-07  5.2814635E-07  1.3364946E-03  9.8379509E-04  1.0310182E-07  7.4258023E-08  8.0384520E-08  2.1949820E-05
 7.4772467E-08  6.8350649E-08  9.3954752E-08  4.8699753E-07  4.7390541E-07  1.2137967E-03  8.9325834E-04  9.3954752E-08  6.8350649E-08  7.4772467E-08  1.9129110E-05
 6.9426839E-08  6.2842284E-08  8.5573599E-08  4.3693958E-07  4.2524086E-07  1.1023117E-03  8.1101909E-04  8.5573599E-08  6.2842284E-08  6.9426839E-08  1.6718530E-05
 6.4359929E-08  5.7720242E-08  7.7903144E-08  3.9203005E-07  3.8157580E-07  1.0010152E-03  7.3631678E-04  7.7903144E-08  5.7720242E-08  6.4359929E-08  1.4650181E-05
 5.9576986E-08  5.2968703E-08  7.0890055E-08  3.5173690E-07  3.4239444E-07  9.0896533E-04  6.6845204E-04  7.0890055E-08  5.2968703E-08  5.9576986E-08  1.2868618E-05
 5.5078088E-08  4.8569654E-08  6.4483900E-08  3.1558367E-07  3.0723425E-07  8.2530830E-04  6.0679214E-04  6.4483900E-08  4.8569654E-08  5.5078088E-08  1.1328497E-05
 5.0858848E-08  4.4503988E-08  5.8636515E-08  2.8314276E-07  2.7568096E-07  7.4928604E-04  5.5077404E-04  5.8636515E-08  4.4503988E-08  5.0858848E-08  9.9924621E-06
 4.6912297E-08  4.0751969E-08  5.3302633E-08  2.5403164E-07  2.4736292E-07  6.8019418E-04  4.9987648E-04  5.3302633E-08  4.0751969E-08  4.6912297E-08  8.8297356E-06
 0.0000000E+00  0.0000000E+00  5.0980843E-07  7.6647477E-06  7.4252211E-06  1.6580155E-02  1.2266739E-02  5.0980843E-07  0.0000000E+00  0.0000000E+00  3.5568257E-03
 0.0000000E+00  0.0000000E+00  5.0322237E-07  7.6321834E-06  7.3935263E-06  1.6530447E-02  1.2229816E-02  5.0322237E-07  0.0000000E+00  0.0000000E+00  3.5330839E-03
 0.0000000E+00 -1.2456985E-07  3.0628751E-07  6.4914346E-06  6.2845244E-06  1.4700094E-02  1.0870609E-02  3.0628751E-07 -1.2456985E-07  0.0000000E+00  2.7120802E-03
 0.0000000E+00 -1.6911726E-07  2.0304368E-07  5.5979855E-06  5.4176333E-06  1.3126916E-02  9.7030411E-03  2.0304368E-07 -1.6911726E-07  0.0000000E+00  2.1020147E-03
 0.0000000E+00 -1.7119677E-07  1.5153948E-07  4.8743765E-06  4.7165951E-06  1.1754808E-02  8.6852448E-03  1.5153948E-07 -1.7119677E-07  0.0000000E+00  1.6403898E-03
 0.0000000E+00 -1.5234342E-07  1.2851989E-07  4.2763539E-06  4.1378706E-06  1.0552203E-02  7.7936263E-03  1.2851989E-07 -1.5234342E-07  0.0000000E+00  1.2883858E-03
 0.0000000E+00 -1.2473641E-07  1.2045487E-07  3.7738082E-06  3.6519064E-06  9.4935072E-03  7.0090738E-03  1.2045487E-07 -1.2473641E-07  0.0000000E+00  1.0180650E-03
 0.0000000E+00 -9.5080312E-08  1.1957326E-07  3.3457139E-06  3.2381299E-06  8.5578319E-03  6.3160019E-03  1.1957326E-07 -9.5080312E-08  0.0000000E+00  8.0911271E-04
 0.0000000E+00 -6.6882359E-08  1.2151424E-07  2.9770180E-06  2.8818465E-06  7.7280195E-03  5.7016051E-03  1.2151424E-07 -6.6882359E-08  0.0000000E+00  6.4662155E-04
 0.0000000E+00 -4.1798632E-08  1.2393006E-07  2.6566702E-06  2.5723025E-06  6.9896782E-03  5.1551640E-03  1.2393006E-07 -4.1798632E-08  0.0000000E+00  5.1953418E-04
 0.0000000E+00 -2.0436810E-08  1.2565325E-07  2.3763634E-06  2.3014301E-06  6.3308756E-03  4.6677836E-03  1.2565325E-07 -2.0436810E-08  0.0000000E+00  4.1960460E-04
 2.2260409E-08 -1.6146541E-09  1.2635630E-07  2.1145911E-06  2.0484326E-06  5.7046061E-03  4.2046504E-03  1.2635630E-07 -1.6146541E-09  2.2260409E-08  3.3510523E-04
 3.9263498E-08  1.3052013E-08  1.2527370E-07  1.8833580E-06  1.8248871E-06  5.1436290E-03  3.7899695E-03  1.2527370E-07  1.3052013E-08  3.9263498E-08  2.6884505E-04
 5.1807764E-08  2.4134694E-08  1.2264248E-07  1.6785932E-06  1.6268731E-06  4.6405312E-03  3.4182141E-03  1.2264248E-07  2.4134694E-08  5.1807764E-08  2.1669625E-04
 6.0658070E-08  3.2214450E-08  1.1876211E-07  1.4969143E-06  1.4511271E-06  4.1888163E-03  3.0845502E-03  1.1876211E-07  3.2214450E-08  6.0658070E-08  1.7550073E-04
 6.6505932E-08  3.7833782E-08  1.1393527E-07  1.3354925E-06  1.2949285E-06  3.7828028E-03  2.7847508E-03  1.1393527E-07  3.7833782E-08  6.6505932E-08  1.4283146E-04
 6.9954546E-08  4.1475134E-08  1.0844061E-07  1.1919042E-06  1.1559447E-06  3.4175277E-03  2.5151279E-03  1.0844061E-07  4.1475134E-08  6.9954546E-08  1.1682272E-04
 7.1516784E-08  4.3553206E-08  1.0251916E-07  1.0640668E-06  1.0321665E-06  3.0886243E-03  2.2724349E-03  1.0251916E-07  4.3553206E-08  7.1516784E-08  9.6030787E-05
 7.1620640E-08  4.4416641E-08  9.6370299E-08  9.5017306E-07  9.2186196E-07  2.7922422E-03  2.0538117E-03  9.6370299E-08  4.4416641E-08  7.1620640E-08  7.9339344E-05
 7.0618197E-08  4.4353223E-08  9.0153377E-08  8.4864859E-07  8.2350887E-07  2.5249775E-03  1.8567306E-03  9.0153377E-08  4.4353223E-08  7.0618197E-08  6.5881277E-05
 6.8795239E-08  4.3596927E-08  8.3992507E-08  7.5810617E-07  7.3577360E-07  2.2838208E-03  1.6789578E-03  8.3992507E-08  4.3596927E-08  6.8795239E-08  5.4981085E-05
 6.6381578E-08  4.2335926E-08  7.7980173E-08  6.7733094E-07  6.5748403E-07  2.0660988E-03  1.5185101E-03  7.7980173E-08  4.2335926E-08  6.6381578E-08  4.6111721E-05
 6.3560021E-08  4.0719478E-08  7.2184198E-08  6.0524584E-07  5.8760166E-07  1.8694416E-03  1.3736297E-03  7.2184198E-08  4.0719478E-08  6.3560021E-08  3.8860567E-05
 6.0474621E-08  3.8865131E-08  6.6650305E-08  5.4089871E-07  5.2520814E-07  1.6917272E-03  1.2427433E-03  6.6650305E-08  3.8865131E-08  6.0474621E-08  3.2903645E-05
 5.7237642E-08  3.6864090E-08  6.1408040E-08  4.8344522E-07  4.6948786E-07  1.5310692E-03  1.1244534E-03  6.1408040E-08  3.6864090E-08  5.7237642E-08  2.7985918E-05
 5.3935723E-08  3.4786738E-08  5.6473578E-08  4.3213684E-07  4.1971841E-07  1.3857800E-03  1.0175096E-03  5.6473578E-08  3.4786738E-08  5.3935723E-08  2.3906163E-05
 5.0634764E-08  3.2686084E-08  5.1853406E-08  3.8630711E-07  3.7525543E-07  1.2543554E-03  9.2079781E-04  5.1853406E-08  3.2686084E-08  5.0634764E-08  2.0504953E-05
 4.7384092E-08  3.0602086E-08  4.7546322E-08  3.4536467E-07  3.3552762E-07  1.1354285E-03  8.3330672E-04  4.7546322E-08  3.0602086E-08  4.7384092E-08  1.7655530E-05
 4.4219900E-08  2.8563730E-08  4.3545600E-08  3.0878203E-07  3.0002472E-07  1.0277988E-03  7.5414773E-04  4.3545600E-08  2.8563730E-08  4.4219900E-08  1.5257003E-05
 4.1168051E-08  2.6591755E-08  3.9840830E-08  2.7608996E-07  2.6829269E-07  9.3037044E-04  6.8251005E-04  3.9840830E-08  2.6591755E-08  4.1168051E-08  1.3228495E-05
 3.8246162E-08  2.4700414E-08  3.6418800E-08  2.4687159E-07  2.3992847E-07  8.4215890E-04  6.1766633E-04  3.6418800E-08  2.4700414E-08  3.8246162E-08  1.1505229E-05
 3.5465522E-08  2.2898916E-08  3.3264697E-08  2.2075390E-07  2.1457077E-07  7.6228746E-04  5.5896782E-04  3.3264697E-08  2.2898916E-08  3.5465522E-08  1.0034916E-05
 3.2832459E-08  2.1192546E-08  3.0362906E-08  1.9740568E-07  1.9189903E-07  6.8995453E-04  5.0582286E-04  3.0362906E-08  2.1192546E-08  3.2832459E-08  8.7751967E-06
 3.0349694E-08  1.9583865E-08  2.7697253E-08  1.7653091E-07  1.7162633E-07  6.2444567E-04  4.5770314E-04  2.7697253E-08  1.9583865E-08  3.0349694E-08  7.6916874E-06
 2.8016907E-08  1.8073115E-08  2.5251802E-08  1.5786593E-07  1.5349745E-07  5.6511577E-04  4.1413273E-04  2.5251802E-08  1.8073115E-08  2.8016907E-08  6.7563706E-06
 2.5831696E-08  1.6658853E-08  2.3010859E-08  1.4117490E-07  1.3728379E-07  5.1137623E-04  3.7467690E-04  2.3010859E-08  1.6658853E-08  2.5831696E-08  5.9461929E-06
 2.3790136E-08  1.5338598E-08  2.0959371E-08  1.2624876E-07  1.2278284E-07  4.6270313E-04  3.3894911E-04  2.0959371E-08  1.5338598E-08  2.3790136E-08  5.2421849E-06
 0.0000000E+00  0.0000000E+00  2.4317866E-07  4.2555375E-06  4.1227333E-06  1.2359712E-02  9.1038286E-03  2.4317866E-07  0.0000000E+00  0.0000000E+00  2.3710614E-03
 0.0000000E+00  0.0000000E+00  2.3818440E-07  4.2354580E-06  4.1031535E-06  1.2321183E-02  9.0753528E-03  2.3818440E-07  0.0000000E+00  0.0000000E+00  2.3545721E-03
 0.0000000E+00 -1.1302418E-07  8.9329283E-08  3.5402525E-06  3.4261004E-06  1.0905542E-02  8.0293888E-03  8.9329283E-08 -1.1302418E-07  0.0000000E+00  1.7879038E-03
 0.0000000E+00 -1.6081514E-07  1.3099860E-08  3.0088511E-06  2.9098126E-06  9.6945912E-03  7.1351041E-03  1.3099860E-08 -1.6081514E-07  0.0000000E+00  1.3715709E-03
 0.0000000E+00 -1.7274487E-07 -2.2657071E-08  2.5877872E-06  2.5015348E-06  8.6432815E-03  6.3590717E-03 -2.2657071E-08 -1.7274487E-07  0.0000000E+00  1.0599210E-03
 0.0000000E+00 -1.6583314E-07 -3.5835610E-08  2.2465038E-06  2.1711312E-06  7.7259586E-03  5.6822352E-03 -3.5835610E-08 -1.6583314E-07  0.0000000E+00  8.2473230E-04
 0.0000000E+00 -1.4988017E-07 -3.6916663E-08  1.9645364E-06  1.8984739E-06  6.9218634E-03  5.0891905E-03 -3.6916663E-08 -1.4988017E-07  0.0000000E+00  6.4590917E-04
 0.0000000E+00 -1.3043940E-07 -3.1991177E-08  1.7278565E-06  1.6697953E-06  6.2142435E-03  4.5675022E-03 -3.1991177E-08 -1.3043940E-07  0.0000000E+00  5.0900179E-04
 0.0000000E+00 -1.1056471E-07 -2.4541052E-08  1.5265959E-06  1.4754451E-06  5.5892529E-03  4.1069047E-03 -2.4541052E-08 -1.1056471E-07  0.0000000E+00  4.0350994E-04
 0.0000000E+00 -9.1842787E-08 -1.6498003E-08  1.3536580E-06  1.3084950E-06  5.0354867E-03  3.6989402E-03 -1.6498003E-08 -9.1842787E-08  0.0000000E+00  3.2173263E-04
 0.0000000E+00 -7.5010906E-08 -8.8775002E-09  1.2037915E-06  1.1638394E-06  4.5433379E-03  3.3364976E-03 -8.8775002E-09 -7.5010906E-08  0.0000000E+00  2.5797477E-04
 1.0122626E-08 -5.9359635E-08 -1.6873391E-09  1.0650407E-06  1.0299118E-06  4.0773907E-03  2.9934666E-03 -1.6873391E-09 -5.9359635E-08  1.0122626E-08  2.0456076E-04
 1.8041474E-08 -4.6193540E-08  4.1570903E-09  9.4345844E-07  9.1253924E-07  3.6617611E-03  2.6875846E-03  4.1570903E-09 -4.6193540E-08  1.8041474E-08  1.6301835E-04
 2.3995204E-08 -3.5286405E-08  8.7171108E-09  8.3657438E-07  8.0933611E-07  3.2905369E-03  2.4144724E-03  8.7171108E-09 -3.5286405E-08  2.3995204E-08  1.3057941E-04
 2.8265542E-08 -2.6361009E-08  1.2131383E-08  7.4237996E-07  7.1836304E-07  2.9585691E-03  2.1703197E-03  1.2131383E-08 -2.6361009E-08  2.8265542E-08  1.0514389E-04
 3.1135276E-08 -1.9132843E-08  1.4567271E-08  6.5920224E-07  6.3800989E-07  2.6613974E-03  1.9518260E-03  1.4567271E-08 -1.9132843E-08  3.1135276E-08  8.5115275E-05
 3.2866810E-08 -1.3333526E-08  1.6193435E-08  5.8564111E-07  5.6692828E-07  2.3951084E-03  1.7560977E-03  1.6193435E-08 -1.3333526E-08  3.2866810E-08  6.9274795E-05
 3.3691845E-08 -8.7220232E-09  1.7166579E-08  5.2050726E-07  5.0397329E-07  2.1562806E-03  1.5806059E-03  1.7166579E-08 -8.7220232E-09  3.3691845E-08  5.6690162E-05
 3.3809251E-08 -5.0884705E-09  1.7624495E-08  4.6278036E-07  4.4816350E-07  1.9419136E-03  1.4231330E-03  1.7624495E-08 -5.0884705E-09  3.3809251E-08  4.6645397E-05
 3.3385476E-08 -2.2536635E-09  1.7684508E-08  4.1157897E-07  3.9865032E-07  1.7493662E-03  1.2817283E-03  1.7684508E-08 -2.2536635E-09  3.3385476E-08  3.8589166E-05
 3.2557493E-08 -6.7157311E-11  1.7444210E-08  3.6613760E-07  3.5469692E-07  1.5763057E-03  1.1546690E-03  1.7444210E-08 -6.7157311E-11  3.2557493E-08  3.2095729E-05
 3.1436569E-08  1.5960670E-09  1.6983183E-08  3.2578727E-07  3.1565900E-07  1.4206674E-03  1.0404314E-03  1.6983183E-08  1.5960670E-09  3.1436569E-08  2.6835219E-05
 3.0111862E-08  2.8390316E-09  1.6365205E-08  2.8994185E-07  2.8097237E-07  1.2806267E-03  9.3766930E-04  1.6365205E-08  2.8390316E-09  3.0111862E-08  2.2551454E-05
 2.8653866E-08  3.7460628E-09  1.5640873E-08  2.5808658E-07  2.5014069E-07  1.1545658E-03  8.4518878E-04  1.5640873E-08  3.7460628E-09  2.8653866E-08  1.9044747E-05
 2.7118008E-08  4.3858683E-09  1.4849488E-08  2.2976837E-07  2.2272706E-07  1.0410342E-03  7.6192113E-04  1.4849488E-08  4.3858683E-09  2.7118008E-08  1.6158802E-05
 2.5546945E-08  4.8141710E-09  1.4021587E-08  2.0458655E-07  1.9834536E-07  9.3876052E-04  6.8692812E-04  1.4021587E-08  4.8141710E-09  2.5546945E-08  1.3771301E-05
 2.3973344E-08  5.0760749E-09  1.3180259E-08  1.8218821E-07  1.7665504E-07  8.4658770E-04  6.1935834E-04  1.3180259E-08  5.0760749E-09  2.3973344E-08  1.1785797E-05
 2.2421685E-08  5.2079233E-09  1.2342697E-08  1.6226136E-07  1.5735485E-07  7.6350513E-04  5.5846625E-04  1.2342697E-08  5.2079233E-09  2.2421685E-08  1.0125983E-05
 2.0910144E-08  5.2390024E-09  1.1521674E-08  1.4452857E-07  1.4017695E-07  6.8858970E-04  5.0357269E-04  1.1521674E-08  5.2390024E-09  2.0910144E-08  8.7315205E-06
 1.9451493E-08  5.1928095E-09  1.0726113E-08  1.2874612E-07  1.2488610E-07  6.2103389E-04  4.5408272E-04  1.0726113E-08  5.1928095E-09  1.9451493E-08  7.5542917E-06
 1.8054656E-08  5.0882003E-09  9.9622369E-09  1.1469580E-07  1.1127150E-07  5.6010039E-04  4.0945396E-04  9.9622369E-09  5.0882003E-09  1.8054656E-08  6.5558411E-06
 1.6725283E-08  4.9402310E-09  9.2340576E-09  1.0218612E-07  9.9148021E-08  5.0512829E-04  3.6920027E-04  9.2340576E-09  4.9402310E-09  1.6725283E-08  5.7052533E-06
 1.5466729E-08  4.7609453E-09  8.5441130E-09  9.1046011E-08  8.8350232E-08  4.5553385E-04  3.3289207E-04  8.5441130E-09  4.7609453E-09  1.5466729E-08  4.9776061E-06
 1.4280388E-08  4.5598977E-09  7.8934101E-09  8.1124369E-08  7.8732368E-08  4.1078573E-04  3.0013862E-04  7.8934101E-09  4.5598977E-09  1.4280388E-08  4.3526933E-06
 1.3166259E-08  4.3446861E-09  7.2821947E-09  7.2287097E-08  7.0164401E-08  3.7040750E-04  2.7058978E-04  7.2821947E-09  4.3446861E-09  1.3166259E-08  3.8140502E-06
 1.2123195E-08  4.1212872E-09  6.7099754E-09  6.4414149E-08  6.2530420E-08  3.3397087E-04  2.4393074E-04  6.7099754E-09  4.1212872E-09  1.2123195E-08  3.3482168E-06
 1.1149397E-08  3.8944086E-09  6.1757780E-09  5.7399751E-08  5.5728077E-08  3.0109116E-04  2.1987884E-04  6.1757780E-09  3.8944086E-09  1.1149397E-08  2.9440994E-06
 0.0000000E+00  0.0000000E+00  1.8617709E-07  3.4416090E-06  3.3342462E-06  1.1115074E-02  8.1752172E-03  1.8617709E-07  0.0000000E+00  0.0000000E+00  2.0467281E-03
 0.0000000E+00  0.0000000E+00  1.8170328E-07  3.4247509E-06  3.3177980E-06  1.1079913E-02  8.1492749E-03  1.8170328E-07  0.0000000E+00  0.0000000E+00  2.0322856E-03
 0.0000000E+00 -1.0537297E-07  4.8520991E-08  2.8433514E-06  2.7512323E-06  9.7904466E-03  7.1980988E-03  4.8520991E-08 -1.0537297E-07  0.0000000E+00  1.5372628E-03
 0.0000000E+00 -1.5121306E-07 -1.9186669E-08  2.4028921E-06  2.3231006E-06  8.6892526E-03  6.3861852E-03 -1.9186669E-08 -1.5121306E-07  0.0000000E+00  1.1750110E-03
 0.0000000E+00 -1.6409424E-07 -5.0357201E-08  2.0567178E-06  1.9873401E-06  7.7348471E-03  5.6828055E-03 -5.0357201E-08 -1.6409424E-07  0.0000000E+00  9.0489133E-04
 0.0000000E+00 -1.5944474E-07 -6.1100620E-08  1.7781827E-06  1.7176517E-06  6.9033263E-03  5.0702432E-03 -6.1100620E-08 -1.5944474E-07  0.0000000E+00  7.0177990E-04
 0.0000000E+00 -1.4617590E-07 -6.0861753E-08  1.5495381E-06  1.4965643E-06  6.1756389E-03  4.5343836E-03 -6.0861753E-08 -1.4617590E-07  0.0000000E+00  5.4789113E-04
 0.0000000E+00 -1.2937105E-07 -5.5140485E-08  1.3586928E-06  1.3122081E-06  5.5362309E-03  4.0637021E-03 -5.5140485E-08 -1.2937105E-07  0.0000000E+00  4.3047251E-04
 0.0000000E+00 -1.1185027E-07 -4.7092159E-08  1.1972028E-06  1.1563081E-06  4.9723280E-03  3.6487522E-03 -4.7092159E-08 -1.1185027E-07  0.0000000E+00  3.4029104E-04
 0.0000000E+00 -9.5107289E-08 -3.8477677E-08  1.0590171E-06  1.0229638E-06  4.4733800E-03  3.2817238E-03 -3.8477677E-08 -9.5107289E-08  0.0000000E+00  2.7059969E-04
 0.0000000E+00 -7.9861436E-08 -3.0232302E-08  9.3971757E-07  9.0786650E-07  4.0306075E-03  2.9561231E-03 -3.0232302E-08 -7.9861436E-08  0.0000000E+00  2.1642729E-04
 7.5384076E-09 -6.5516531E-08 -2.2307120E-08  8.2961985E-07  8.0165653E-07  3.6120153E-03  2.6484053E-03 -2.2307120E-08 -6.5516531E-08  7.5384076E-09  1.7119098E-04
 1.3510189E-08 -5.3257591E-08 -1.5594422E-08  7.3344313E-07  7.0886744E-07  3.2391902E-03  2.3744197E-03 -1.5594422E-08 -5.3257591E-08  1.3510189E-08  1.3611064E-04
 1.8044543E-08 -4.2927240E-08 -1.0064264E-08  6.4912745E-07  6.2750853E-07  2.9066735E-03  2.1301329E-03 -1.0064264E-08 -4.2927240E-08  1.8044543E-08  1.0879184E-04
 2.1325257E-08 -3.4312181E-08 -5.6106347E-09  5.7500454E-07  5.5597023E-07  2.6097580E-03  1.9120667E-03 -5.6106347E-09 -3.4312181E-08  2.1325257E-08  8.7426584E-05
 2.3550121E-08 -2.7185012E-08 -2.0963492E-09  5.0970079E-07  4.9292900E-07  2.3443449E-03  1.7171942E-03 -2.0963492E-09 -2.7185012E-08  2.3550121E-08  7.0643682E-05
 2.4909256E-08 -2.1326082E-08  6.2149046E-10  4.5207086E-07  4.3728255E-07  2.1068529E-03  1.5428719E-03  6.2149046E-10 -2.1326082E-08  2.4909256E-08  5.7400899E-05
 2.5574554E-08 -1.6535126E-08  2.6781593E-09  4.0114531E-07  3.8809746E-07  1.8941567E-03  1.3867936E-03  2.6781593E-09 -1.6535126E-08  2.5574554E-08  4.6902368E-05
 2.5695308E-08 -1.2635469E-08  4.1949254E-09  3.5609755E-07  3.4457875E-07  1.7035123E-03  1.2469351E-03  4.1949254E-09 -1.2635469E-08  2.5695308E-08  3.8538961E-05
 2.5397713E-08 -9.4747668E-09  5.2768062E-09  3.1621472E-07  3.0604035E-07  1.5325148E-03  1.1215227E-03  5.2768062E-09 -9.4747668E-09  2.5397713E-08  3.1843254E-05
 2.4786441E-08 -6.9236460E-09  6.0125850E-09  2.8088079E-07  2.7188997E-07  1.3790379E-03  1.0089892E-03  6.0125850E-09 -6.9236460E-09  2.4786441E-08  2.6455213E-05
 2.3946941E-08 -4.8736269E-09  6.4760173E-09  2.4955836E-07  2.4161004E-07  1.2411983E-03  9.0794746E-04  6.4760173E-09 -4.8736269E-09  2.3946941E-08  2.2096544E-05
 2.2947757E-08 -3.2343011E-09  6.7275620E-09  2.2177880E-07  2.1474952E-07  1.1173467E-03  8.1718144E-04  6.7275620E-09 -3.2343011E-09  2.2947757E-08  1.8551806E-05
 2.1843573E-08 -1.9308165E-09  6.8162712E-09  1.9713169E-07  1.9091301E-07  1.0060119E-03  7.3560784E-04  6.8162712E-09 -1.9308165E-09  2.1843573E-08  1.5653314E-05
 2.0677032E-08 -9.0147658E-10  6.7815876E-09  1.7525441E-07  1.6975128E-07  9.0587930E-04  6.6225973E-04  6.7815876E-09 -9.0147658E-10  2.0677032E-08  1.3270497E-05
 1.9481541E-08 -9.5539494E-11  6.6549698E-09  1.5583153E-07  1.5096035E-07  8.1579828E-04  5.9628931E-04  6.6549698E-09 -9.5539494E-11  1.9481541E-08  1.1300914E-05
 1.8282503E-08  5.2862091E-10  6.4613603E-09  1.3858089E-07  1.3426808E-07  7.3472732E-04  5.3693088E-04  6.4613603E-09  5.2862091E-10  1.8282503E-08  9.6641451E-06
 1.7098889E-08  1.0051315E-09  6.2203979E-09  1.2325598E-07  1.1943682E-07  6.6174731E-04  4.8350836E-04  6.2203979E-09  1.0051315E-09  1.7098889E-08  8.2969267E-06
 1.5944887E-08  1.3619395E-09  5.9474492E-09  1.0963896E-07  1.0625633E-07  5.9603025E-04  4.3541290E-04  5.9474492E-09  1.3619395E-09  1.5944887E-08  7.1489780E-06
 1.4830723E-08  1.6219304E-09  5.6544656E-09  9.7536737E-08  9.4540281E-08  5.3684947E-04  3.9211005E-04  5.6544656E-09  1.6219304E-09  1.4830723E-08  6.1804190E-06
 1.3763161E-08  1.8038522E-09  5.3506439E-09  8.6778341E-08  8.4123618E-08  4.8354064E-04  3.5311185E-04  5.3506439E-09  1.8038522E-09  1.3763161E-08  5.3593704E-06
 1.2746902E-08  1.9230549E-09  5.0430197E-09  7.7212973E-08  7.4860784E-08  4.3551457E-04  3.1798546E-04  5.0430197E-09  1.9230549E-09  1.2746902E-08  4.6602794E-06
 1.1784587E-08  1.9921169E-09  4.7369298E-09  6.8706715E-08  6.6622412E-08  3.9224245E-04  2.8634249E-04  4.7369298E-09  1.9921169E-09  1.1784587E-08  4.0625421E-06
 1.0877287E-08  2.0213320E-09  4.4363166E-09  6.1141183E-08  5.9294122E-08  3.5325105E-04  2.5783540E-04  4.4363166E-09  2.0213320E-09  1.0877287E-08  3.5494558E-06
 1.0025250E-08  2.0191545E-09  4.1441001E-09  5.4411321E-08  5.2774438E-08  3.1811429E-04  2.3215141E-04  4.1441001E-09  2.0191545E-09  1.0025250E-08  3.1074523E-06
 9.2274864E-09  1.9924963E-09  3.8623340E-09  4.8424024E-08  4.6973354E-08  2.8644990E-04  2.0901003E-04  3.8623340E-09  1.9924963E-09  9.2274864E-09  2.7253966E-06
 8.4827582E-09  1.9470076E-09  3.5924288E-09  4.3096791E-08  4.1811129E-08  2.5791357E-04  1.8815864E-04  3.5924288E-09  1.9470076E-09  8.4827582E-09  2.3941662E-06
 0.0000000E+00  0.0000000E+00  1.4090668E-07  2.7580676E-06  2.6720577E-06  9.9494829E-03  7.3074623E-03  1.4090668E-07  0.0000000E+00  0.0000000E+00  1.7549082E-03
 0.0000000E+00  0.0000000E+00  1.3693557E-07  2.7440166E-06  2.6583384E-06  9.9176178E-03  7.2839862E-03  1.3693557E-07  0.0000000E+00  0.0000000E+00  1.7423526E-03
 0.0000000E+00 -9.6673554E-08  1.8909264E-08  2.2615493E-06  2.1878888E-06  8.7481033E-03  6.4226921E-03  1.8909264E-08 -9.6673554E-08  0.0000000E+00  1.3127182E-03
 0.0000000E+00 -1.3963533E-07 -4.0663951E-08  1.8994439E-06  1.8357511E-06  7.7511707E-03  5.6888223E-03 -4.0663951E-08 -1.3963533E-07  0.0000000E+00  9.9962454E-04
 0.0000000E+00 -1.5270036E-07 -6.7596204E-08  1.6173101E-06  1.5620209E-06  6.8885177E-03  5.0540619E-03 -6.7596204E-08 -1.5270036E-07  0.0000000E+00  7.6707653E-04
 0.0000000E+00 -1.4971060E-07 -7.6256365E-08  1.3920640E-06  1.3439054E-06  6.1382208E-03  4.5021937E-03 -7.6256365E-08 -1.4971060E-07  0.0000000E+00  5.9287867E-04
 0.0000000E+00 -1.3868223E-07 -7.5071596E-08  1.2084384E-06  1.1663585E-06  5.4826848E-03  4.0202007E-03 -7.5071596E-08 -1.3868223E-07  0.0000000E+00  4.6137418E-04
 0.0000000E+00 -1.2420625E-07 -6.8955638E-08  1.0561001E-06  1.0192308E-06  4.9075775E-03  3.5974949E-03 -6.8955638E-08 -1.2420625E-07  0.0000000E+00  3.6138431E-04
 0.0000000E+00 -1.0885445E-07 -6.0734634E-08  9.2787215E-07  8.9548808E-07  4.4011558E-03  3.2253964E-03 -6.0734634E-08 -1.0885445E-07  0.0000000E+00  2.8484550E-04
 0.0000000E+00 -9.4002881E-08 -5.1992791E-08  8.1865128E-07  7.9014354E-07  3.9537539E-03  2.8967691E-03 -5.1992791E-08 -9.4002881E-08  0.0000000E+00  2.2588711E-04
 0.0000000E+00 -8.0335083E-08 -4.3578009E-08  7.2473028E-07  6.9958284E-07  3.5573110E-03  2.6056623E-03 -4.3578009E-08 -8.0335083E-08  0.0000000E+00  1.8019899E-04
 5.5010220E-09 -6.7350492E-08 -3.5402625E-08  6.3836025E-07  6.1631608E-07  3.1830956E-03  2.3309615E-03 -3.5402625E-08 -6.7350492E-08  5.5010220E-09  1.4217471E-04
 9.9300187E-09 -5.6113056E-08 -2.8312876E-08  5.6315953E-07  5.4381544E-07  2.8502945E-03  2.0867360E-03 -2.8312876E-08 -5.6113056E-08  9.9300187E-09  1.1277404E-04
 1.3335418E-08 -4.6516913E-08 -2.2300537E-08  4.9742578E-07  4.8043452E-07  2.5539351E-03  1.8693173E-03 -2.2300537E-08 -4.6516913E-08  1.3335418E-08  8.9942028E-05
 1.5826274E-08 -3.8399529E-08 -1.7284674E-08  4.3979164E-07  4.2485421E-07  2.2897002E-03  1.6755217E-03 -1.7284674E-08 -3.8399529E-08  1.5826274E-08  7.2133357E-05
 1.7534790E-08 -3.1579424E-08 -1.3152941E-08  3.8913843E-07  3.7599618E-07  2.0538554E-03  1.5025956E-03 -1.3152941E-08 -3.1579424E-08  1.7534790E-08  5.8179213E-05
 1.8594833E-08 -2.5877362E-08 -9.7842701E-09  3.4453886E-07  3.3296792E-07  1.8431334E-03  1.3481317E-03 -9.7842701E-09 -2.5877362E-08  1.8594833E-08  4.7193805E-05
 1.9130630E-08 -2.1127236E-08 -7.0620446E-09  3.0521167E-07  2.9501759E-07  1.6546876E-03  1.2100333E-03 -7.0620446E-09 -2.1127236E-08  1.9130630E-08  3.8503564E-05
 1.9252364E-08 -1.7180805E-08 -4.8799699E-09  2.7049320E-07  2.6150675E-07  1.4860281E-03  1.0864668E-03 -4.8799699E-09 -1.7180805E-08  1.9252364E-08  3.1594381E-05
 1.9054265E-08 -1.3908690E-08 -3.1446804E-09  2.3981401E-07  2.3188805E-07  1.3349721E-03  9.7582428E-04 -3.1446804E-09 -1.3908690E-08  1.9054265E-08  2.6072884E-05
 1.8615108E-08 -1.1200292E-08 -1.7760476E-09  2.1268405E-07  2.0569014E-07  1.1995866E-03  8.7668409E-04 -1.7760476E-09 -1.1200292E-08  1.8615108E-08  2.1636858E-05
 1.7999540E-08 -8.9617126E-09 -7.0650277E-10  1.8867720E-07  1.8250317E-07  1.0781706E-03  7.8779493E-04 -7.0650277E-10 -8.9617126E-09  1.7999540E-08  1.8053635E-05
 1.7259746E-08 -7.1138959E-09  1.2032073E-10  1.6742254E-07  1.6197019E-07  9.6923247E-04  7.0805923E-04  1.2032073E-10 -7.1138959E-09  1.7259746E-08  1.5143233E-05
 1.6437437E-08 -5.5909640E-09  7.5100347E-10  1.4859579E-07  1.4377895E-07  8.7144322E-04  6.3650002E-04  7.5100347E-10 -5.5909640E-09  1.6437437E-08  1.2766134E-05
 1.5565605E-08 -4.3378831E-09  1.2237982E-09  1.3191272E-07  1.2765612E-07  7.8361944E-04  5.7224749E-04  1.2237982E-09 -4.3378831E-09  1.5565605E-08  1.0813900E-05
 1.4669591E-08 -3.3089177E-09  1.5699720E-09  1.1712397E-07  1.1336161E-07  7.0472316E-04  5.1453892E-04  1.5699720E-09 -3.3089177E-09  1.4669591E-08  9.2016079E-06
 1.3769174E-08 -2.4661017E-09  1.8149942E-09  1.0401044E-07  1.0068412E-07  6.3381883E-04  4.6268700E-04  1.8149942E-09 -2.4661017E-09  1.3769174E-08  7.8628644E-06
 1.2879060E-08 -1.7779089E-09  1.9795390E-09  9.2378762E-08  8.9437253E-08  5.7007894E-04  4.1608421E-04  1.9795390E-09 -1.7779089E-09  1.2879060E-08  6.7452865E-06
 1.2010219E-08 -1.2181478E-09  2.0803914E-09  8.2059445E-08  7.9457625E-08  5.1276513E-04  3.7418841E-04  2.0803914E-09 -1.2181478E-09  1.2010219E-08  5.8075262E-06
 1.1170461E-08 -7.6508973E-10  2.1311208E-09  7.2900993E-08  7.0599502E-08  4.6122116E-04  3.3651768E-04  2.1311208E-09 -7.6508973E-10  1.1170461E-08  5.0167526E-06
 1.0365437E-08 -4.0064171E-10  2.1427126E-09  6.4771849E-08  6.2735684E-08  4.1485654E-04  3.0263896E-04  2.1427126E-09 -4.0064171E-10  1.0365437E-08  4.3467742E-06
 9.5986358E-09 -1.0974855E-10  2.1240411E-09  5.7554563E-08  5.5752948E-08  3.7314447E-04  2.7216573E-04  2.1240411E-09 -1.0974855E-10  9.5986358E-09  3.7766096E-06
 8.8721362E-09  1.2013875E-10  2.0822610E-09  5.1145656E-08  4.9551441E-08  3.3561469E-04  2.4475303E-04  2.0822610E-09  1.2013875E-10  8.8721362E-09  3.2893571E-06
 8.1870678E-09  2.9949183E-10  2.0231472E-09  4.5453593E-08  4.4042797E-08  3.0184335E-04  2.2009023E-04  2.0231472E-09  2.9949183E-10  8.1870678E-09  2.8713394E-06
 7.5434971E-09  4.3706142E-10  1.9513365E-09  4.0397320E-08  3.9148776E-08  2.7145312E-04  1.9790059E-04  1.9513365E-09  4.3706142E-10  7.5434971E-09  2.5114217E-06
 6.9409254E-09  5.4016403E-10  1.8705682E-09  3.5905303E-08  3.4800315E-08  2.4410351E-04  1.7793467E-04  1.8705682E-09  5.4016403E-10  6.9409254E-09  2.2005218E-06
 6.3783805E-09  6.1492377E-10  1.7838336E-09  3.1913884E-08  3.0935933E-08  2.1949035E-04  1.5996953E-04  1.7838336E-09  6.1492377E-10  6.3783805E-09  1.9311444E-06
 0.0000000E+00  0.0000000E+00  1.0532493E-07  2.1885727E-06  2.1203428E-06  8.8616270E-03  6.4993035E-03  1.0532493E-07  0.0000000E+00  0.0000000E+00  1.4937963E-03
 0.0000000E+00  0.0000000E+00  1.0183578E-07  2.1769580E-06  2.1089950E-06  8.8328341E-03  6.4781282E-03  1.0183578E-07  0.0000000E+00  0.0000000E+00  1.4829471E-03
 0.0000000E+00 -8.7346773E-08 -1.7171756E-09  1.7799216E-06  1.7216007E-06  7.7770930E-03  5.7018649E-03 -1.7171756E-09 -8.7346773E-08  0.0000000E+00  1.1127022E-03
 0.0000000E+00 -1.2678890E-07 -5.3612440E-08  1.4848607E-06  1.4345227E-06  6.8787743E-03  5.0416270E-03 -5.3612440E-08 -1.2678890E-07  0.0000000E+00  8.4403431E-04
 0.0000000E+00 -1.3946218E-07 -7.6660080E-08  1.2570674E-06  1.2134480E-06  6.1028441E-03  4.4715642E-03 -7.6660080E-08 -1.3946218E-07  0.0000000E+00  6.4529091E-04
 0.0000000E+00 -1.3765398E-07 -8.3551653E-08  1.0767229E-06  1.0387917E-06  5.4291593E-03  3.9768025E-03 -8.3551653E-08 -1.3765398E-07  0.0000000E+00  4.9699955E-04
 0.0000000E+00 -1.2849496E-07 -8.1729393E-08  9.3079262E-07  8.9770672E-07  4.8415435E-03  3.5453991E-03 -8.1729393E-08 -1.2849496E-07  0.0000000E+00  3.8547233E-04
 0.0000000E+00 -1.1608203E-07 -7.5535315E-08  8.1052495E-07  7.8158201E-07  4.3268453E-03  3.1676562E-03 -7.5535315E-08 -1.1608203E-07  0.0000000E+00  3.0097765E-04
 0.0000000E+00 -1.0272146E-07 -6.7470926E-08  7.0986723E-07  6.8448582E-07  3.8743547E-03  2.8356724E-03 -6.7470926E-08 -1.0272146E-07  0.0000000E+00  2.3652298E-04
 0.0000000E+00 -8.9664780E-08 -5.8942768E-08  6.2455884E-07  6.0224973E-07  3.4752298E-03  2.5429303E-03 -5.8942768E-08 -8.9664780E-08  0.0000000E+00  1.8703700E-04
 0.0000000E+00 -7.7542246E-08 -5.0707940E-08  5.5151550E-07  5.3186626E-07  3.1221093E-03  2.2840055E-03 -5.0707940E-08 -7.7542246E-08  0.0000000E+00  1.4881122E-04
 3.9184957E-09 -6.5935885E-08 -4.2654350E-08  4.8460197E-07  4.6740510E-07  2.7893098E-03  2.0400523E-03 -4.2654350E-08 -6.5935885E-08  3.9184957E-09  1.1710667E-04
 7.1412209E-09 -5.5788972E-08 -3.5565885E-08  4.2654721E-07  4.1148071E-07  2.4938226E-03  1.8235119E-03 -3.5565885E-08 -5.5788972E-08  7.1412209E-09  9.2666721E-05
 9.6590340E-09 -4.7033534E-08 -2.9448489E-08  3.7596124E-07  3.6274814E-07  2.2311037E-03  1.6310383E-03 -2.9448489E-08 -4.7033534E-08  9.6590340E-09  7.3741768E-05
 1.1526248E-08 -3.9546513E-08 -2.4240548E-08  3.3173429E-07  3.2013645E-07  1.9972287E-03  1.4597425E-03 -2.4240548E-08 -3.9546513E-08  1.1526248E-08  5.9020286E-05
 1.2825136E-08 -3.3183503E-08 -1.9849477E-08  2.9296648E-07  2.8277834E-07  1.7888012E-03  1.3071250E-03 -1.9849477E-08 -3.3183503E-08  1.2825136E-08  4.7514381E-05
 1.3646358E-08 -2.7798593E-08 -1.6173229E-08  2.5891358E-07  2.4995728E-07  1.6028701E-03  1.1710146E-03 -1.6173229E-08 -2.7798593E-08  1.3646358E-08  3.8477668E-05
 1.4077312E-08 -2.3254328E-08 -1.3111266E-08  2.2895386E-07  2.2107527E-07  1.4368439E-03  1.0495058E-03 -1.3111266E-08 -2.3254328E-08  1.4077312E-08  3.1344584E-05
 1.4197440E-08 -1.9426560E-08 -1.0571001E-08  2.0256150E-07  1.9562680E-07  1.2884833E-03  9.4095175E-04 -1.0571001E-08 -1.9426560E-08  1.4197440E-08  2.5684761E-05
 1.4075889E-08 -1.6205961E-08 -8.4699774E-09  1.7928698E-07  1.7317990E-07  1.1558003E-03  8.4389177E-04 -8.4699774E-09 -1.6205961E-08  1.4075889E-08  2.1169795E-05
 1.3770839E-08 -1.3498187E-08 -6.7365616E-09  1.5874456E-07  1.5336354E-07  1.0370655E-03  7.5705466E-04 -6.7365616E-09 -1.3498187E-08  1.3770839E-08  1.7548296E-05
 1.3330677E-08 -1.1222454E-08 -5.3095597E-09  1.4060104E-07  1.3585797E-07  9.3074235E-04  6.7931263E-04 -5.3095597E-09 -1.1222454E-08  1.3330677E-08  1.4627221E-05
 1.2794581E-08 -9.3102028E-09 -4.1372707E-09  1.2456639E-07  1.2038396E-07  8.3548728E-04  6.0967859E-04 -4.1372707E-09 -9.3102028E-09  1.2794581E-08  1.2257647E-05
 1.2194109E-08 -7.7036034E-09 -3.1763148E-09  1.1038791E-07  1.0669863E-07  7.5010407E-04  5.4727438E-04 -3.1763148E-09 -7.7036034E-09  1.2194109E-08  1.0324551E-05
 1.1554124E-08 -6.3541531E-09 -2.3905195E-09  9.7846023E-08  9.4590450E-08  6.7353772E-04  4.9132589E-04 -2.3905195E-09 -6.3541531E-09  1.1554124E-08  8.7384443E-06
 1.0894049E-08 -5.2210250E-09 -1.7497817E-09  8.6746905E-08  8.3873510E-08  6.0485240E-04  4.4114657E-04 -1.7497817E-09 -5.2210250E-09  1.0894049E-08  7.4296198E-06
 1.0228867E-08 -4.2700141E-09 -1.2291634E-09  7.6920671E-08  7.4384020E-08  5.4322012E-04  3.9612874E-04 -1.2291634E-09 -4.2700141E-09  1.0228867E-08  6.3436723E-06
 9.5699636E-09 -3.4724404E-09 -8.0796162E-10  6.8219159E-08  6.5979240E-08  4.8789355E-04  3.5572470E-04 -8.0796162E-10 -3.4724404E-09  9.5699636E-09  5.4377324E-06
 8.9257099E-09 -2.8042114E-09 -4.6903277E-10  6.0511097E-08  5.8532858E-08  4.3821925E-04  3.1945551E-04 -4.6903277E-10 -2.8042114E-09  8.9257099E-09  4.6780136E-06
 8.3023006E-09 -2.2451271E-09 -1.9816494E-10  5.3681324E-08  5.1933925E-08  3.9360899E-04  2.8688985E-04 -1.9816494E-10 -2.2451271E-09  8.3023006E-09  4.0377362E-06
 7.7039885E-09 -1.7781771E-09  1.6430228E-11  4.7628222E-08  4.6084491E-08  3.5354031E-04  2.5764492E-04  1.6430228E-11 -1.7781771E-09  7.7039885E-09  3.4955452E-06
 7.1336197E-09 -1.3890297E-09  1.8454068E-10  4.2262237E-08  4.0898310E-08  3.1754441E-04  2.3137733E-04  1.8454068E-10 -1.3890297E-09  7.1336197E-09  3.0343797E-06
 6.5929271E-09 -1.0656137E-09  3.1430389E-10  3.7504325E-08  3.6299139E-08  2.8520383E-04  2.0778135E-04  3.1430389E-10 -1.0656137E-09  6.5929271E-09  2.6404775E-06
 6.0827646E-09 -7.9772104E-10  4.1248813E-10  3.3284833E-08  3.2219847E-08  2.5614442E-04  1.8658302E-04  4.1248813E-10 -7.9772104E-10  6.0827646E-09  2.3027382E-06
 5.6033163E-09 -5.7671590E-10  4.8473562E-10  2.9542103E-08  2.8600957E-08  2.3003153E-04  1.6753739E-04  4.8473562E-10 -5.7671590E-10  5.6033163E-09  2.0121209E-06
 5.1542892E-09 -3.9528347E-10  5.3574601E-10  2.6221763E-08  2.5390025E-08  2.0656503E-04  1.5042477E-04  5.3574601E-10 -3.9528347E-10  5.1542892E-09  1.7612252E-06
 4.7350052E-09 -2.4722148E-10  5.6944460E-10  2.3275711E-08  2.2540640E-08  1.8547632E-04  1.3504869E-04  5.6944460E-10 -2.4722148E-10  4.7350052E-09  1.5439905E-06
 0.0000000E+00  0.0000000E+00  7.7671876E-08  1.7181513E-06  1.6646010E-06  7.8499411E-03  5.7493208E-03  7.7671876E-08  0.0000000E+00  0.0000000E+00  1.2615534E-03
 0.0000000E+00  0.0000000E+00  7.4637748E-08  1.7086373E-06  1.6552999E-06  7.8240321E-03  5.7302959E-03  7.4637748E-08  0.0000000E+00  0.0000000E+00  1.2522512E-03
 0.0000000E+00 -7.7750055E-08 -1.5259527E-08  1.3848583E-06  1.3391771E-06  6.8758326E-03  5.0342037E-03 -1.5259527E-08 -7.7750055E-08  0.0000000E+00  9.3560628E-04
 0.0000000E+00 -1.1327904E-07 -5.9988555E-08  1.1467373E-06  1.1073823E-06  6.0705897E-03  4.4432857E-03 -5.9988555E-08 -1.1327904E-07  0.0000000E+00  7.0685548E-04
 0.0000000E+00 -1.2514922E-07 -7.9507347E-08  9.6468634E-07  9.3064608E-07  5.3763062E-03  3.9339878E-03 -7.9507347E-08 -1.2514922E-07  0.0000000E+00  5.3835206E-04
 0.0000000E+00 -1.2415238E-07 -8.4911209E-08  8.2184678E-07  7.9229859E-07  4.7745882E-03  3.4927408E-03 -8.4911209E-08 -1.2415238E-07  0.0000000E+00  4.1313200E-04
 0.0000000E+00 -1.1655462E-07 -8.2701206E-08  7.0719958E-07  6.8146973E-07  4.2506536E-03  3.1086612E-03 -8.2701206E-08 -1.1655462E-07  0.0000000E+00  3.1932174E-04
 0.0000000E+00 -1.0596718E-07 -7.6671492E-08  6.1338287E-07  5.9091366E-07  3.7925250E-03  2.7729257E-03 -7.6671492E-08 -1.0596718E-07  0.0000000E+00  2.4851391E-04
 0.0000000E+00 -9.4430967E-08 -6.9009133E-08  5.3535649E-07  5.1568443E-07  3.3904434E-03  2.4783512E-03 -6.9009133E-08 -9.4430967E-08  0.0000000E+00  1.9469287E-04
 0.0000000E+00 -8.3061401E-08 -6.0946350E-08  4.6958730E-07  4.5232462E-07  3.0363626E-03  2.2190166E-03 -6.0946350E-08 -8.3061401E-08  0.0000000E+00  1.5351199E-04
 0.0000000E+00 -7.2430528E-08 -5.3148718E-08  4.1353968E-07  3.9835951E-07  2.7235960E-03  1.9900038E-03 -5.3148718E-08 -7.2430528E-08  0.0000000E+00  1.2180449E-04
 2.7100526E-09 -6.2188608E-08 -4.5491250E-08  3.6240898E-07  3.4914566E-07  2.4293193E-03  1.7745881E-03 -4.5491250E-08 -6.2188608E-08  2.7100526E-09  9.5600696E-05
 5.0035146E-09 -5.3161705E-08 -3.8685062E-08  3.1821860E-07  3.0661752E-07  2.1684672E-03  1.5836911E-03 -3.8685062E-08 -5.3161705E-08  5.0035146E-09  7.5463812E-05
 6.8328042E-09 -4.5309002E-08 -3.2744238E-08  2.7984526E-07  2.6968796E-07  1.9369221E-03  1.4142855E-03 -3.2744238E-08 -4.5309002E-08  6.8328042E-09  5.9916786E-05
 8.2130593E-09 -3.8537813E-08 -2.7621633E-08  2.4639855E-07  2.3749743E-07  1.7311412E-03  1.2637679E-03 -2.7621633E-08 -3.8537813E-08  8.2130593E-09  4.7856262E-05
 9.1900911E-09 -3.2733443E-08 -2.3241094E-08  2.1716259E-07  2.0935594E-07  1.5480416E-03  1.1298734E-03 -2.3241094E-08 -3.2733443E-08  9.1900911E-09  3.8454490E-05
 9.8218461E-09 -2.7777232E-08 -1.9516430E-08  1.9154913E-07  1.8469719E-07  1.3849658E-03  1.0106498E-03 -1.9516430E-08 -2.7777232E-08  9.8218461E-09  3.1088063E-05
 1.0167873E-08 -2.3555918E-08 -1.6361450E-08  1.6906822E-07  1.6305054E-07  1.2395906E-03  9.0439148E-04 -1.6361450E-08 -2.3555918E-08  1.0167873E-08  2.5286139E-05
 1.0283834E-08 -1.9965853E-08 -1.3696036E-08  1.4930816E-07  1.4401979E-07  1.1098775E-03  8.0960266E-04 -1.3696036E-08 -1.9965853E-08  1.0283834E-08  2.0691810E-05
 1.0219318E-08 -1.6915195E-08 -1.1447829E-08  1.3192078E-07  1.2727081E-07  9.9405949E-04  7.2498622E-04 -1.1447829E-08 -1.6915195E-08  1.0219318E-08  1.7033433E-05
 1.0016745E-08 -1.4323575E-08 -9.5534071E-09  1.1660582E-07  1.1251521E-07  8.9057877E-04  6.4939969E-04 -9.5534071E-09 -1.4323575E-08  1.0016745E-08  1.4103797E-05
 9.7116200E-09 -1.2122089E-08 -7.9581647E-09  1.0310515E-07  9.9505104E-08  7.9806200E-04  5.8183560E-04 -7.9581647E-09 -1.2122089E-08  9.7116200E-09  1.1744183E-05
 9.3329549E-09 -1.0251703E-08 -6.6153290E-09  9.1196981E-08  8.8027294E-08  7.1530104E-04  5.2140888E-04 -6.6153290E-09 -1.0251703E-08  9.3329549E-09  9.8324723E-06
 8.9042791E-09 -8.6621527E-09 -5.4852626E-09  8.0686674E-08  7.7895043E-08  6.4123305E-04  4.6733966E-04 -5.4852626E-09 -8.6621527E-09  8.9042791E-09  8.2745060E-06
 8.4441462E-09 -7.3109341E-09 -4.5344929E-09  7.1406104E-08  6.8946560E-08  5.7491728E-04  4.1893932E-04 -4.5344929E-09 -7.3109341E-09  8.4441462E-09  6.9974518E-06
 7.9672307E-09 -6.1620863E-09 -3.7348602E-09  6.3207481E-08  6.1039943E-08  5.1551589E-04  3.7559345E-04 -3.7348602E-09 -6.1620863E-09  7.9672307E-09  5.9445605E-06
 7.4848755E-09 -5.1851980E-09 -3.0626581E-09  5.5961859E-08  5.4051216E-08  4.6229432E-04  3.3676441E-04 -3.0626581E-09 -5.1851980E-09  7.4848755E-09  5.0715732E-06
 7.0056998E-09 -4.3545469E-09 -2.4979918E-09  4.9556111E-08  4.7871539E-08  4.1459322E-04  3.0196933E-04 -2.4979918E-09 -4.3545469E-09  7.0056998E-09  4.3437688E-06
 6.5361720E-09 -3.6483829E-09 -2.0241291E-09  4.3891132E-08  4.2405621E-08  3.7183010E-04  2.7078178E-04 -2.0241291E-09 -3.6483829E-09  6.5361720E-09  3.7337976E-06
 6.0809980E-09 -3.0482705E-09 -1.6269862E-09  3.8879774E-08  3.7569579E-08  3.3348421E-04  2.4282071E-04 -1.6269862E-09 -3.0482705E-09  6.0809980E-09  3.2200023E-06
 5.6435176E-09 -2.5385907E-09 -1.2947224E-09  3.4445324E-08  3.3289589E-08  2.9909401E-04  2.1774836E-04 -1.2947224E-09 -2.5385907E-09  5.6435176E-09  2.7851531E-06
 5.2259825E-09 -2.1060776E-09 -1.0173102E-09  3.0520476E-08  2.9500886E-08  2.6824592E-04  1.9526220E-04 -1.0173102E-09 -2.1060776E-09  5.2259825E-09  2.4154782E-06
 4.8297757E-09 -1.7394304E-09 -7.8632454E-10  2.7045816E-08  2.6146250E-08  2.4057213E-04  1.7509322E-04 -7.8632454E-10 -1.7394304E-09  4.8297757E-09  2.0999043E-06
 4.4556563E-09 -1.4290262E-09 -5.9460280E-10  2.3968977E-08  2.3175243E-08  2.1574347E-04  1.5700075E-04 -5.9460280E-10 -1.4290262E-09  4.4556563E-09  1.8294835E-06
 4.1038436E-09 -1.1666679E-09 -4.3609226E-10  2.1243946E-08  2.0543555E-08  1.9346557E-04  1.4076959E-04 -4.3609226E-10 -1.1666679E-09  4.1038436E-09  1.5969292E-06
 3.7741942E-09 -9.4534699E-10 -3.0565354E-10  1.8830091E-08  1.8212037E-08  1.7347562E-04  1.2620765E-04 -3.0565354E-10 -9.4534699E-10  3.7741942E-09  1.3963042E-06
 3.4662611E-09 -7.5905475E-10 -1.9892228E-10  1.6691450E-08  1.6146063E-08  1.5553753E-04  1.1314245E-04 -1.9892228E-10 -7.5905475E-10  3.4662611E-09  1.2227170E-06
 0.0000000E+00  0.0000000E+00  5.6442835E-08  1.3331917E-06  1.2916506E-06  6.9127521E-03  5.0560146E-03  5.6442835E-08  0.0000000E+00  0.0000000E+00  1.0563193E-03
 0.0000000E+00  0.0000000E+00  5.3833473E-08  1.3254704E-06  1.2840956E-06  6.8895446E-03  5.0390009E-03  5.3833473E-08  0.0000000E+00  0.0000000E+00  1.0484093E-03
 0.0000000E+00 -6.8186664E-08 -2.3335405E-08  1.0640352E-06  1.0286713E-06  6.0426415E-03  4.4182312E-03 -2.3335405E-08 -6.8186664E-08  0.0000000E+00  7.7985366E-04
 0.0000000E+00 -9.9614898E-08 -6.1451957E-08  8.7385931E-07  8.4345307E-07  5.3248418E-03  3.8922849E-03 -6.1451957E-08 -9.9614898E-08  0.0000000E+00  5.8673180E-04
 0.0000000E+00 -1.1041021E-07 -7.7795645E-08  7.2998003E-07  7.0372989E-07  4.7071593E-03  3.4398527E-03 -7.7795645E-08 -1.1041021E-07  0.0000000E+00  4.4509710E-04
 0.0000000E+00 -1.0994207E-07 -8.1960327E-08  6.1817904E-07  5.9543520E-07  4.1728249E-03  3.0485976E-03 -8.1960327E-08 -1.0994207E-07  0.0000000E+00  3.4028506E-04
 0.0000000E+00 -1.0365231E-07 -7.9561756E-08  5.2923209E-07  5.0946262E-07  3.7083996E-03  2.7086364E-03 -7.9561756E-08 -1.0365231E-07  0.0000000E+00  2.6207896E-04
 0.0000000E+00 -9.4679438E-08 -7.3874805E-08  4.5701342E-07  4.3977980E-07  3.3030409E-03  2.4119983E-03 -7.3874805E-08 -9.4679438E-08  0.0000000E+00  2.0327740E-04
 0.0000000E+00 -8.4805629E-08 -6.6787590E-08  3.9736139E-07  3.8229940E-07  2.9478855E-03  2.1521711E-03 -6.6787590E-08 -8.4805629E-08  0.0000000E+00  1.5874696E-04
 0.0000000E+00 -7.5008627E-08 -5.9364858E-08  3.4738131E-07  3.3418626E-07  2.6356650E-03  1.9238147E-03 -5.9364858E-08 -7.5008627E-08  0.0000000E+00  1.2479602E-04
 0.0000000E+00 -6.5796334E-08 -5.2182825E-08  3.0501050E-07  2.9342656E-07  2.3603411E-03  1.7224959E-03 -5.2182825E-08 -6.5796334E-08  0.0000000E+00  9.8743185E-05
 1.8053894E-09 -5.6877842E-08 -4.5112602E-08  2.6653376E-07  2.5643043E-07  2.1017390E-03  1.5334520E-03 -4.5112602E-08 -5.6877842E-08  1.8053894E-09  7.7290884E-05
 3.3950255E-09 -4.8966492E-08 -3.8786395E-08  2.3341967E-07  2.2459765E-07  1.8729015E-03  1.3662089E-03 -3.8786395E-08 -4.8966492E-08  3.3950255E-09  6.0858071E-05
 4.6979139E-09 -4.2040536E-08 -3.3222383E-08  2.0477253E-07  1.9706176E-07  1.6701263E-03  1.2180490E-03 -3.3222383E-08 -4.2040536E-08  4.6979139E-09  4.8209223E-05
 5.7027715E-09 -3.6030133E-08 -2.8383950E-08  1.7988760E-07  1.7314180E-07  1.4902180E-03  1.0866282E-03 -2.8383950E-08 -3.6030133E-08  5.7027715E-09  3.8424795E-05
 6.4294371E-09 -3.0844373E-08 -2.4208563E-08  1.5820062E-07  1.5229411E-07  1.3304154E-03  9.6992098E-04 -2.4208563E-08 -3.0844373E-08  6.4294371E-09  3.0817441E-05
 6.9119720E-09 -2.6387251E-08 -2.0623409E-08  1.3925331E-07  1.3407805E-07  1.1883210E-03  8.6616941E-04 -2.0623409E-08 -2.6387251E-08  6.9119720E-09  2.4871524E-05
 7.1889916E-09 -2.2565307E-08 -1.7555250E-08  1.2266726E-07  1.1812949E-07  1.0618608E-03  7.7385334E-04 -1.7555250E-08 -2.2565307E-08  7.1889916E-09  2.0198852E-05
 7.2984400E-09 -1.9292644E-08 -1.4934843E-08  1.0812382E-07  1.0414259E-07  9.4921979E-04  6.9164267E-04 -1.4934843E-08 -1.9292644E-08  7.2984400E-09  1.6506136E-05
 7.2749564E-09 -1.6492372E-08 -1.2699570E-08  9.5355343E-08  9.1860445E-08  8.4880231E-04  6.1836832E-04 -1.2699570E-08 -1.6492372E-08  7.2749564E-09  1.3571113E-05
 7.1487619E-09 -1.4096775E-08 -1.0793950E-08  8.4133085E-08  8.1063703E-08  7.5922725E-04  5.5301887E-04 -1.0793950E-08 -1.4096775E-08  7.1487619E-09  1.1224454E-05
 6.9454556E-09 -1.2047144E-08 -9.1695562E-09  7.4261646E-08  7.1564672E-08  6.7927749E-04  4.9470269E-04 -9.1695562E-09 -1.2047144E-08  6.9454556E-09  9.3370169E-06
 6.6862102E-09 -1.0293268E-08 -7.7850021E-09  6.5571726E-08  6.3201045E-08  6.0787449E-04  4.4263082E-04 -7.7850021E-09 -1.0293268E-08  6.6862102E-09  7.8098196E-06
 6.3882474E-09 -8.7917289E-09 -6.6045614E-09  5.7917133E-08  5.5832518E-08  5.4407172E-04  3.9611004E-04 -6.6045614E-09 -8.7917289E-09  6.3882474E-09  6.5665578E-06
 6.0653736E-09 -7.5058160E-09 -5.5979535E-09  5.1170669E-08  4.9337013E-08  4.8703946E-04  3.5453362E-04 -5.5979535E-09 -7.5058160E-09  6.0653736E-09  5.5483865E-06
 5.7284726E-09 -6.4041778E-09 -4.7394180E-09  4.5221831E-08  4.3608463E-08  4.3603670E-04  3.1735928E-04 -4.7394180E-09 -6.4041778E-09  5.7284726E-09  4.7096132E-06
 5.3860236E-09 -5.4601447E-09 -4.0070940E-09  3.9973871E-08  3.8553979E-08  3.9041154E-04  2.8411027E-04 -4.0070940E-09 -5.4601447E-09  5.3860236E-09  4.0146471E-06
 5.0445346E-09 -4.6510062E-09 -3.3824256E-09  3.5342460E-08  3.4092555E-08  3.4958405E-04  2.5436265E-04 -3.3824256E-09 -4.6510062E-09  5.0445346E-09  3.4356290E-06
 4.7089080E-09 -3.9574335E-09 -2.8496610E-09  3.1253695E-08  3.0153232E-08  3.1304094E-04  2.2774113E-04 -2.8496610E-09 -3.9574335E-09  4.7089080E-09  2.9506217E-06
 4.3827463E-09 -3.3629523E-09 -2.3954271E-09  2.7642779E-08  2.6673704E-08  2.8032445E-04  2.0391121E-04 -2.3954271E-09 -3.3629523E-09  4.3827463E-09  2.5423184E-06
 4.0686406E-09 -2.8535098E-09 -2.0083389E-09  2.4452930E-08  2.3599453E-08  2.5102876E-04  1.8257634E-04 -2.0083389E-09 -2.8535098E-09  4.0686406E-09  2.1969382E-06
 3.7683584E-09 -2.4170925E-09 -1.6786936E-09  2.1634247E-08  2.0882502E-08  2.2479196E-04  1.6347216E-04 -1.6786936E-09 -2.4170925E-09  3.7683584E-09  1.9034869E-06
 3.4830380E-09 -2.0434113E-09 -1.3982331E-09  1.9142872E-08  1.8480643E-08  2.0129198E-04  1.4636338E-04 -1.3982331E-09 -2.0434113E-09  3.4830380E-09  1.6531285E-06
 3.2133167E-09 -1.7236642E-09 -1.1598798E-09  1.6940268E-08  1.6356882E-08  1.8024039E-04  1.3103947E-04 -1.1598798E-09 -1.7236642E-09  3.2133167E-09  1.4387176E-06
 2.9594493E-09 -1.4502895E-09 -9.5759309E-10  1.4992599E-08  1.4478614E-08  1.6138138E-04  1.1731365E-04 -9.5759309E-10 -1.4502895E-09  2.9594493E-09  1.2544514E-06
 2.7213934E-09 -1.2167961E-09 -7.8619270E-10  1.3269920E-08  1.2817075E-08  1.4448544E-04  1.0501833E-04 -7.8619270E-10 -1.2167961E-09  2.7213934E-09  1.0956058E-06
 2.4988942E-09 -1.0175850E-09 -6.4124276E-10  1.1746091E-08  1.1347087E-08  1.2934785E-04  9.4004187E-05 -6.4124276E-10 -1.0175850E-09  2.4988942E-09  9.5826429E-07
 0.0000000E+00  0.0000000E+00  4.0361508E-08  1.0213649E-06  9.8954628E-07  6.0482081E-03  4.4177641E-03  4.0361508E-08  0.0000000E+00  0.0000000E+00  8.7622578E-04
 0.0000000E+00  0.0000000E+00  3.8144110E-08  1.0151625E-06  9.8347450E-07  6.0276207E-03  4.4026930E-03  3.8144110E-08  0.0000000E+00  0.0000000E+00  8.6955800E-04
 0.0000000E+00 -5.8904079E-08 -2.7304657E-08  8.0633242E-07  7.7930499E-07  5.2757398E-03  3.8524067E-03 -2.7304657E-08 -5.8904079E-08  0.0000000E+00  6.4385091E-04
 0.0000000E+00 -8.6215412E-08 -5.9391366E-08  6.5618256E-07  6.3299147E-07  4.6397866E-03  3.3871254E-03 -5.9391366E-08 -8.6215412E-08  0.0000000E+00  4.8231449E-04
 0.0000000E+00 -9.5778830E-08 -7.2907857E-08  5.4384769E-07  5.2386642E-07  4.0936546E-03  2.9876885E-03 -7.2907857E-08 -9.5778830E-08  0.0000000E+00  3.6438307E-04
 0.0000000E+00 -9.5631608E-08 -7.6053350E-08  4.5747040E-07  4.4019154E-07  3.6221353E-03  2.6429269E-03 -7.6053350E-08 -9.5631608E-08  0.0000000E+00  2.7749232E-04
 0.0000000E+00 -9.0438620E-08 -7.3620084E-08  3.8940854E-07  3.7441777E-07  3.2130920E-03  2.3439315E-03 -7.3620084E-08 -9.0438620E-08  0.0000000E+00  2.1292963E-04
 0.0000000E+00 -8.2892482E-08 -6.8399021E-08  3.3462210E-07  3.2157830E-07  2.8567326E-03  2.0835169E-03 -6.8399021E-08 -8.2892482E-08  0.0000000E+00  1.6458014E-04
 0.0000000E+00 -7.4524042E-08 -6.1998644E-08  2.8971213E-07  2.7833245E-07  2.5450821E-03  1.8558327E-03 -6.1998644E-08 -7.4524042E-08  0.0000000E+00  1.2810512E-04
 0.0000000E+00 -6.6178114E-08 -5.5325736E-08  2.5233421E-07  2.4238285E-07  2.2715941E-03  1.6560783E-03 -5.5325736E-08 -6.6178114E-08  0.0000000E+00  1.0039748E-04
 0.0000000E+00 -5.8296105E-08 -4.8871521E-08  2.2083029E-07  2.1210930E-07  2.0308479E-03  1.4802805E-03 -4.8871521E-08 -5.8296105E-08  0.0000000E+00  7.9209544E-05
 1.1438697E-09 -5.0637068E-08 -4.2509490E-08  1.9236724E-07  1.8477448E-07  1.8051295E-03  1.3154951E-03 -4.2509490E-08 -5.0637068E-08  1.1438697E-09  6.1829596E-05
 2.2107475E-09 -4.3808892E-08 -3.6791297E-08  1.6798567E-07  1.6136806E-07  1.6057577E-03  1.1699778E-03 -3.6791297E-08 -4.3808892E-08  2.2107475E-09  4.8559873E-05
 3.1177443E-09 -3.7801820E-08 -3.1735859E-08  1.4697966E-07  1.4120592E-07  1.4294022E-03  1.0412892E-03 -3.1735859E-08 -3.7801820E-08  3.1177443E-09  3.8377439E-05
 3.8371277E-09 -3.2563467E-08 -2.7314757E-08  1.2880009E-07  1.2375784E-07  1.2732177E-03  9.2734410E-04 -2.7314757E-08 -3.2563467E-08  3.8371277E-09  3.0523762E-05
 4.3711058E-09 -2.8021849E-08 -2.3476209E-08  1.1300924E-07  1.0860219E-07  1.1347315E-03  8.2633234E-04 -2.3476209E-08 -2.8021849E-08  4.3711058E-09  2.4433834E-05
 4.7368832E-09 -2.4099248E-08 -2.0159099E-08  9.9255454E-08  9.5400709E-08  1.0118079E-03  7.3669090E-04 -2.0159099E-08 -2.4099248E-08  4.7368832E-09  1.9685764E-05
 4.9578784E-09 -2.0719226E-08 -1.7301458E-08  8.7248670E-08  8.3874621E-08  9.0259789E-04  6.5706602E-04 -1.7301458E-08 -2.0719226E-08  4.9578784E-09  1.5962853E-05
 5.0588622E-09 -1.7810913E-08 -1.4844225E-08  7.6748322E-08  7.3793207E-08  8.0549019E-04  5.8627852E-04 -1.4844225E-08 -1.7810913E-08  5.0588622E-09  1.3026722E-05
 5.0633473E-09 -1.5310199E-08 -1.2733391E-08  6.7552192E-08  6.4962556E-08  7.1907329E-04  5.2329622E-04 -1.2733391E-08 -1.5310199E-08  5.0633473E-09  1.0697196E-05
 4.9923385E-09 -1.3160506E-08 -1.0921195E-08  5.9488794E-08  5.7218283E-08  6.4211765E-04  4.6721997E-04 -1.0921195E-08 -1.3160506E-08  4.9923385E-09  8.8376661E-06
 4.8639475E-09 -1.1312445E-08 -9.3653531E-09  5.2411574E-08  5.0419945E-08  5.7354285E-04  4.1725991E-04 -9.3653531E-09 -1.1312445E-08  4.8639475E-09  7.3441706E-06
 4.6933330E-09 -9.7233072E-09 -8.0296074E-09  4.6194819E-08  4.4447088E-08  5.1240557E-04  3.7272626E-04 -8.0296074E-09 -9.7233072E-09  4.6933330E-09  6.1371326E-06
 4.4929660E-09 -8.3563625E-09 -6.8824852E-09  4.0730062E-08  3.9195818E-08  4.5787013E-04  3.3300850E-04 -6.8824852E-09 -8.3563625E-09  4.4929660E-09  5.1555492E-06
 4.2728867E-09 -7.1801383E-09 -5.8970671E-09  3.5923263E-08  3.4575978E-08  4.0920092E-04  2.9756903E-04 -5.8970671E-09 -7.1801383E-09  4.2728867E-09  4.3523950E-06
 4.0411067E-09 -6.1676297E-09 -5.0503113E-09  3.1692991E-08  3.0509538E-08  3.6575134E-04  2.6593555E-04 -5.0503113E-09 -6.1676297E-09  4.0411067E-09  3.6912755E-06
 3.8039086E-09 -5.2957949E-09 -4.3225312E-09  2.7968269E-08  2.6928470E-08  3.2694659E-04  2.3768836E-04 -4.3225312E-09 -5.2957949E-09  3.8039086E-09  3.1438762E-06
 3.5661371E-09 -4.5449044E-09 -3.6969161E-09  2.4687191E-08  2.3773393E-08  2.9228065E-04  2.1245793E-04 -3.6969161E-09 -4.5449044E-09  3.5661371E-09  2.6880796E-06
 3.3314897E-09 -3.8980791E-09 -3.1590691E-09  2.1795822E-08  2.0992619E-08  2.6130378E-04  1.8991595E-04 -3.1590691E-09 -3.8980791E-09  3.3314897E-09  2.3065186E-06
 3.1026969E-09 -3.3408622E-09 -2.6967160E-09  1.9246918E-08  1.8540779E-08  2.3361599E-04  1.6977055E-04 -2.6967160E-09 -3.3408622E-09  3.1026969E-09  1.9854727E-06
 2.8817788E-09 -2.8608682E-09 -2.2993116E-09  1.6999123E-08  1.6378257E-08  2.0886450E-04  1.5176425E-04 -2.2993116E-09 -2.8608682E-09  2.8817788E-09  1.7140541E-06
 2.6701048E-09 -2.4474577E-09 -1.9578344E-09  1.5016297E-08  1.4470323E-08  1.8673410E-04  1.3566708E-04 -1.9578344E-09 -2.4474577E-09  2.6701048E-09  1.4835751E-06
 2.4685994E-09 -2.0914980E-09 -1.6645380E-09  1.3266682E-08  1.2786505E-08  1.6694380E-04  1.2127414E-04 -1.6645380E-09 -2.0914980E-09  2.4685994E-09  1.2870599E-06
 2.2778190E-09 -1.7851057E-09 -1.4127546E-09  1.1722439E-08  1.1300122E-08  1.4924549E-04  1.0840443E-04 -1.4127546E-09 -1.7851057E-09  2.2778190E-09  1.1188676E-06
 2.0980202E-09 -1.5215104E-09 -1.1967667E-09  1.0359098E-08  9.9876233E-09  1.3341550E-04  9.6894924E-05 -1.1967667E-09 -1.5215104E-09  2.0980202E-09  9.7442777E-07
 1.9292374E-09 -1.2948746E-09 -1.0116355E-09  9.1552903E-09  8.8285313E-09  1.1925694E-04  8.6602023E-05 -1.0116355E-09 -1.2948746E-09  1.9292374E-09  8.5000577E-07
 1.7713507E-09 -1.1001568E-09 -8.5310170E-10  8.0920062E-09  7.8045800E-09  1.0659186E-04  7.7396128E-05 -8.5310170E-10 -1.1001568E-09  1.7713507E-09  7.4252281E-07
 0.0000000E+00  0.0000000E+00  2.8356834E-08  7.7158194E-07  7.4754933E-07  5.2544309E-03  3.8329407E-03  2.8356834E-08  0.0000000E+00  0.0000000E+00  7.1940732E-04
 0.0000000E+00  0.0000000E+00  2.6496502E-08  7.6666067E-07  7.4272743E-07  5.2362475E-03  3.8196500E-03  2.6496502E-08  0.0000000E+00  0.0000000E+00  7.1384547E-04
 0.0000000E+00 -5.0099459E-08 -2.8295438E-08  6.0181744E-07  5.8145026E-07  4.5731446E-03  3.3350561E-03 -2.8295438E-08 -5.0099459E-08  0.0000000E+00  5.2602811E-04
 0.0000000E+00 -7.3412597E-08 -5.4950948E-08  4.8474682E-07  4.6730813E-07  4.0135070E-03  2.9262058E-03 -5.4950948E-08 -7.3412597E-08  0.0000000E+00  3.9227888E-04
 0.0000000E+00 -8.1680617E-08 -6.5978338E-08  3.9820721E-07  3.8321349E-07  3.5339202E-03  2.5759423E-03 -6.5978338E-08 -8.1680617E-08  0.0000000E+00  2.9509647E-04
 0.0000000E+00 -8.1706486E-08 -6.8297416E-08  3.3242114E-07  3.1948165E-07  3.1207036E-03  2.2742364E-03 -6.8297416E-08 -8.1706486E-08  0.0000000E+00  2.2381850E-04
 0.0000000E+00 -7.7436103E-08 -6.5944363E-08  2.8113012E-07  2.6992633E-07  2.7629590E-03  2.0131019E-03 -6.5944363E-08 -7.7436103E-08  0.0000000E+00  1.7108609E-04
 0.0000000E+00 -7.1146206E-08 -6.1266024E-08  2.4023660E-07  2.3050668E-07  2.4518956E-03  1.7860995E-03 -6.1266024E-08 -7.1146206E-08  0.0000000E+00  1.3176076E-04
 0.0000000E+00 -6.4132147E-08 -5.5612938E-08  2.0699948E-07  1.9852696E-07  2.1803768E-03  1.5880029E-03 -5.5612938E-08 -6.4132147E-08  0.0000000E+00  1.0221136E-04
 0.0000000E+00 -5.7110673E-08 -4.9745829E-08  1.7954279E-07  1.7214749E-07  1.9425526E-03  1.4145292E-03 -4.9745829E-08 -5.7110673E-08  0.0000000E+00  7.9849861E-05
 0.0000000E+00 -5.0458436E-08 -4.4076532E-08  1.5655201E-07  1.5008294E-07  1.7335915E-03  1.2621422E-03 -4.4076532E-08 -5.0458436E-08  0.0000000E+00  6.2812134E-05
 6.7379494E-10 -4.3976849E-08 -3.8486049E-08  1.3589858E-07  1.3027711E-07  1.5380397E-03  1.1195652E-03 -3.8486049E-08 -4.3976849E-08  6.7379494E-10  4.8891114E-05
 1.3611453E-09 -3.8176396E-08 -3.3446319E-08  1.1829985E-07  1.1340958E-07  1.3656375E-03  9.9389428E-04 -3.3446319E-08 -3.8176396E-08  1.3611453E-09  3.8298325E-05
 1.9759242E-09 -3.3054661E-08 -2.8975278E-08  1.0320726E-07  9.8948473E-08  1.2134333E-03  8.8296926E-04 -2.8975278E-08 -3.3054661E-08  1.9759242E-09  3.0195868E-05
 2.4814580E-09 -2.8572151E-08 -2.5050333E-08  9.0198694E-08  8.6486587E-08  1.0788841E-03  7.8493122E-04 -2.5050333E-08 -2.8572151E-08  2.4814580E-09  2.3965039E-05
 2.8688648E-09 -2.4671869E-08 -2.1628629E-08  7.8941538E-08  7.5703020E-08  9.5980128E-04  6.9817975E-04 -2.1628629E-08 -2.4671869E-08  2.8688648E-09  1.9146834E-05
 3.1439050E-09 -2.1291296E-08 -1.8659375E-08  6.9168951E-08  6.6341448E-08  8.5429685E-04  6.2133467E-04 -1.8659375E-08 -2.1291296E-08  3.1439050E-09  1.5399611E-05
 3.3193319E-09 -1.8368175E-08 -1.6090315E-08  6.0663989E-08  5.8193615E-08  7.6073358E-04  5.5319976E-04 -1.6090315E-08 -1.8368175E-08  3.3193319E-09  1.2468125E-05
 3.4104084E-09 -1.5844386E-08 -1.3871437E-08  5.3247254E-08  5.1087528E-08  6.7768533E-04  4.9273320E-04 -1.3871437E-08 -1.5844386E-08  3.4104084E-09  1.0160861E-05
 3.4325264E-09 -1.3666899E-08 -1.1957038E-08  4.6769121E-08  4.4879891E-08  6.0391478E-04  4.3903122E-04 -1.1957038E-08 -1.3666899E-08  3.4325264E-09  8.3336584E-06
 3.3998883E-09 -1.1788803E-08 -1.0306159E-08  4.1103134E-08  3.9449677E-08  5.3834263E-04  3.9130537E-04 -1.0306159E-08 -1.1788803E-08  3.3998883E-09  6.8774010E-06
 3.3249973E-09 -1.0169053E-08 -8.8827557E-09  3.6142124E-08  3.4694343E-08  4.8001419E-04  3.4885888E-04 -8.8827557E-09 -1.0169053E-08  3.3249973E-09  5.7093685E-06
 3.2185201E-09 -8.7718635E-09 -7.6554053E-09  3.1794300E-08  3.0526062E-08  4.2810338E-04  3.1108888E-04 -7.6554053E-09 -8.7718635E-09  3.2185201E-09  4.7664919E-06
 3.0892953E-09 -7.5662518E-09 -6.5968249E-09  2.7980835E-08  2.6869482E-08  3.8187949E-04  2.7746205E-04 -6.5968249E-09 -7.5662518E-09  3.0892953E-09  4.0005082E-06
 2.9445578E-09 -6.5256849E-09 -5.6836115E-09  2.4633657E-08  2.3659450E-08  3.4070123E-04  2.4751049E-04 -5.6836115E-09 -6.5256849E-09  2.9445578E-09  3.3743124E-06
 2.7901021E-09 -5.6272600E-09 -4.8955701E-09  2.1694106E-08  2.0839852E-08  3.0400283E-04  2.2082150E-04 -4.8955701E-09 -5.6272600E-09  2.7901021E-09  2.8592502E-06
 2.6305415E-09 -4.8513598E-09 -4.2153941E-09  1.9111002E-08  1.8361755E-08  2.7128515E-04  1.9703109E-04 -4.2153941E-09 -4.8513598E-09  2.6305415E-09  2.4330569E-06
 2.4694375E-09 -4.1811003E-09 -3.6282089E-09  1.6840079E-08  1.6182763E-08  2.4210781E-04  1.7581812E-04 -3.6282089E-09 -4.1811003E-09  2.4694375E-09  2.0784089E-06
 2.3095492E-09 -3.6020207E-09 -3.1212351E-09  1.4842673E-08  1.4265916E-08  2.1608035E-04  1.5689795E-04 -3.1212351E-09 -3.6020207E-09  2.3095492E-09  1.7816818E-06
 2.1529636E-09 -3.1016694E-09 -2.6835042E-09  1.3085153E-08  1.2578968E-08  1.9285775E-04  1.4001906E-04 -2.6835042E-09 -3.1016694E-09  2.1529636E-09  1.5321572E-06
 2.0011983E-09 -2.6693365E-09 -2.3055826E-09  1.1538110E-08  1.1093808E-08  1.7213290E-04  1.2495773E-04 -2.3055826E-09 -2.6693365E-09  2.0011983E-09  1.3213241E-06
 1.8553398E-09 -2.2958127E-09 -1.9793476E-09  1.0175826E-08  9.7857987E-09  1.5363446E-04  1.1151621E-04 -1.9793476E-09 -2.2958127E-09  1.8553398E-09  1.1423963E-06
 1.7161468E-09 -1.9731476E-09 -1.6977884E-09  8.9759222E-09  8.6335037E-09  1.3712114E-04  9.9518684E-05 -1.6977884E-09 -1.9731476E-09  1.7161468E-09  9.8994109E-07
 1.5840765E-09 -1.6944771E-09 -1.4548690E-09  7.9187215E-09  7.6180642E-09  1.2237832E-04  8.8808909E-05 -1.4548690E-09 -1.6944771E-09  1.5840765E-09  8.5954622E-07
 1.4593875E-09 -1.4538946E-09 -1.2453725E-09  6.9869517E-09  6.7229503E-09  1.0921456E-04  7.9247455E-05 -1.2453725E-09 -1.4538946E-09  1.4593875E-09  7.4765378E-07
 1.3421660E-09 -1.2462693E-09 -1.0647976E-09  6.1655500E-09  5.9337252E-09  9.7460556E-05  7.0711035E-05 -1.0647976E-09 -1.2462693E-09  1.3421660E-09  6.5134402E-07
 1.2323690E-09 -1.0671776E-09 -9.0923815E-10  5.4412723E-09  5.2376950E-09  8.6964806E-05  6.3089368E-05 -9.0923815E-10 -1.0671776E-09  1.2323690E-09  5.6822232E-07
 0.0000000E+00  0.0000000E+00  1.9538530E-08  5.7394783E-07  5.5607404E-07  4.5293168E-03  3.2997652E-03  1.9538530E-08  0.0000000E+00  0.0000000E+00  5.8400930E-04
 0.0000000E+00  0.0000000E+00  1.7999254E-08  5.7009157E-07  5.5229256E-07  4.5133757E-03  3.2881306E-03  1.7999254E-08  0.0000000E+00  0.0000000E+00  5.7941901E-04
 0.0000000E+00 -4.1922188E-08 -2.7228655E-08  4.4165915E-07  4.2654765E-07  3.9328312E-03  2.8644832E-03 -2.7228655E-08 -4.1922188E-08  0.0000000E+00  4.2483812E-04
 0.0000000E+00 -6.1462368E-08 -4.9055381E-08  3.5163610E-07  3.3872650E-07  3.4439875E-03  2.5078596E-03 -4.9055381E-08 -6.1462368E-08  0.0000000E+00  3.1532965E-04
 0.0000000E+00 -6.8442667E-08 -5.7918358E-08  2.8594670E-07  2.7487138E-07  3.0260034E-03  2.2030137E-03 -5.7918358E-08 -6.8442667E-08  0.0000000E+00  2.3615496E-04
 0.0000000E+00 -6.8542308E-08 -5.9578473E-08  2.3663137E-07  2.2709390E-07  2.6666377E-03  1.9409875E-03 -5.9578473E-08 -6.8542308E-08  0.0000000E+00  1.7835848E-04
 0.0000000E+00 -6.5049900E-08 -5.7387400E-08  1.9862890E-07  1.9038776E-07  2.3561610E-03  1.7146635E-03 -5.7387400E-08 -6.5049900E-08  0.0000000E+00  1.3579492E-04
 0.0000000E+00 -5.9861240E-08 -5.3289845E-08  1.6865394E-07  1.6151162E-07  2.0867549E-03  1.5183237E-03 -5.3289845E-08 -5.9861240E-08  0.0000000E+00  1.0418933E-04
 0.0000000E+00 -5.4054922E-08 -4.8402628E-08  1.4452378E-07  1.3831679E-07  1.8520748E-03  1.3473296E-03 -4.8402628E-08 -5.4054922E-08  0.0000000E+00  8.0539697E-05
 0.0000000E+00 -4.8228364E-08 -4.3353830E-08  1.2475898E-07  1.1935168E-07  1.6469195E-03  1.1978798E-03 -4.3353830E-08 -4.8228364E-08  0.0000000E+00  6.2713144E-05
 0.0000000E+00 -4.2696300E-08 -3.8482424E-08  1.0833156E-07  1.0361058E-07  1.4670051E-03  1.0668437E-03 -3.8482424E-08 -4.2696300E-08  0.0000000E+00  4.9181692E-05
 3.5157591E-10 -3.7296628E-08 -3.3680081E-08  9.3670616E-08  8.9576561E-08  1.2989743E-03  9.4448744E-04 -3.3680081E-08 -3.7296628E-08  3.5157591E-10  3.8170382E-05
 7.7081951E-10 -3.2450849E-08 -2.9343108E-08  8.1252110E-08  7.7697629E-08  1.1511355E-03  8.3685620E-04 -2.9343108E-08 -3.2450849E-08  7.7081951E-10  2.9820988E-05
 1.1744506E-09 -2.8160700E-08 -2.5487142E-08  7.0658191E-08  6.7568873E-08  1.0208674E-03  7.4203511E-04 -2.5487142E-08 -2.8160700E-08  1.1744506E-09  2.3455392E-05
 1.5224752E-09 -2.4396210E-08 -2.2093768E-08  6.1569207E-08  5.8881603E-08  9.0593999E-04  6.5839593E-04 -2.2093768E-08 -2.4396210E-08  1.5224752E-09  1.8575125E-05
 1.7997256E-09 -2.1112468E-08 -1.9127801E-08  5.3736372E-08  5.1396212E-08  8.0441579E-04  5.8452485E-04 -1.9127801E-08 -2.1112468E-08  1.7997256E-09  1.4811765E-05
 2.0047423E-09 -1.8259173E-08 -1.6546849E-08  4.6961949E-08  4.4922731E-08  7.1464598E-04  5.1921774E-04 -1.6546849E-08 -1.8259173E-08  2.0047423E-09  1.1892448E-05
 2.1430591E-09 -1.5786028E-08 -1.4307649E-08  4.1086307E-08  3.9308054E-08  6.3519040E-04  4.6142416E-04 -1.4307649E-08 -1.5786028E-08  2.1430591E-09  9.6138952E-06
 2.2233457E-09 -1.3645688E-08 -1.2368330E-08  3.5978608E-08  3.4426920E-08  5.6479840E-04  4.1023168E-04 -1.2368330E-08 -1.3645688E-08  2.2233457E-09  7.8241598E-06
 2.2551754E-09 -1.1794891E-08 -1.0690580E-08  3.1530369E-08  3.0175587E-08  5.0238507E-04  3.6484920E-04 -1.0690580E-08 -1.1794891E-08  2.2551754E-09  6.4093272E-06
 2.2478435E-09 -1.0195152E-08 -9.2399134E-09  2.7650558E-08  2.6467085E-08  4.4701146E-04  3.2459180E-04 -9.2399134E-09 -1.0195152E-08  2.2478435E-09  5.2834986E-06
 2.2097590E-09 -8.8125924E-09 -7.9858016E-09  2.4262316E-08  2.3227988E-08  3.9784970E-04  2.8885604E-04 -7.9858016E-09 -8.8125924E-09  2.2097590E-09  4.3817116E-06
 2.1482366E-09 -7.6175360E-09 -6.9016453E-09  2.1300295E-08  2.0395940E-08  3.5417794E-04  2.5711578E-04 -6.9016453E-09 -7.6175360E-09  2.1482366E-09  3.6546058E-06
 2.0694616E-09 -6.5844080E-09 -5.9642758E-09  1.8708457E-08  1.7917436E-08  3.1536262E-04  2.2890931E-04 -5.9642758E-09 -6.5844080E-09  2.0694616E-09  3.0644877E-06
 1.9785505E-09 -5.6910388E-09 -5.1536604E-09  1.6438839E-08  1.5746704E-08  2.8084828E-04  2.0383188E-04 -5.1536604E-09 -5.6910388E-09  1.9785505E-09  2.5824638E-06
 1.8796386E-09 -4.9183255E-09 -4.4525032E-09  1.4450007E-08  1.3844214E-08  2.5014547E-04  1.8152701E-04 -4.4525032E-09 -4.9183255E-09  1.8796386E-09  2.1862690E-06
 1.7760444E-09 -4.2498146E-09 -3.8459142E-09  1.2706083E-08  1.2175739E-08  2.2282329E-04  1.6168083E-04 -3.8459142E-09 -4.2498146E-09  1.7760444E-09  1.8586505E-06
 1.6703999E-09 -3.6713460E-09 -3.3210366E-09  1.1176105E-08  1.0711690E-08  1.9850214E-04  1.4401689E-04 -3.3210366E-09 -3.6713460E-09  1.6703999E-09  1.5861867E-06
 1.5647295E-09 -3.1707142E-09 -2.8668290E-09  9.8331530E-09  9.4263802E-09  1.7684605E-04  1.2829061E-04 -2.8668290E-09 -3.1707142E-09  1.5647295E-09  1.3583575E-06
 1.4605879E-09 -2.7374165E-09 -2.4737441E-09  8.6538177E-09  8.2974789E-09  1.5755864E-04  1.1428626E-04 -2.4737441E-09 -2.7374165E-09  1.4605879E-09  1.1668754E-06
 1.3591480E-09 -2.3623836E-09 -2.1335727E-09  7.6177433E-09  7.3055294E-09  1.4037749E-04  1.0181278E-04 -2.1335727E-09 -2.3623836E-09  1.3591480E-09  1.0051901E-06
 1.2612526E-09 -2.0378056E-09 -1.8392173E-09  6.7071477E-09  6.4335653E-09  1.2506981E-04  9.0700838E-05 -1.8392173E-09 -2.0378056E-09  1.2612526E-09  8.6805391E-07
 1.1675008E-09 -1.7569153E-09 -1.5845362E-09  5.9065509E-09  5.6667918E-09  1.1142904E-04  8.0800131E-05 -1.5845362E-09 -1.7569153E-09  1.1675008E-09  7.5128384E-07
 1.0782925E-09 -1.5138836E-09 -1.3642474E-09  5.2024269E-09  4.9922911E-09  9.9272522E-05  7.1977787E-05 -1.3642474E-09 -1.5138836E-09  1.0782925E-09  6.5149108E-07
 9.9386208E-10 -1.3036545E-09 -1.1737469E-09  4.5829618E-09  4.3987782E-09  8.8438237E-05  6.4115936E-05 -1.1737469E-09 -1.3036545E-09  9.9386208E-10  5.6592786E-07
 9.1432254E-10 -1.1218586E-09 -1.0090820E-09  4.0378282E-09  3.8763826E-09  7.8781441E-05  5.7109300E-05 -1.0090820E-09 -1.1218586E-09  9.1432254E-10  4.9234683E-07
 8.3969731E-10 -9.6470801E-10 -8.6678993E-10  3.5579682E-09  3.4164494E-09  7.0173643E-05  5.0864505E-05 -8.6678993E-10 -9.6470801E-10  8.3969731E-10  4.2890371E-07
 0.0000000E+00  0.0000000E+00  1.3175029E-08  4.1968439E-07  4.0661632E-07  3.8706263E-03  2.8163719E-03  1.3175029E-08  0.0000000E+00  0.0000000E+00  4.6818955E-04
 0.0000000E+00  0.0000000E+00  1.1920731E-08  4.1670504E-07  4.0369263E-07  3.8567633E-03  2.8062683E-03  1.1920731E-08  0.0000000E+00  0.0000000E+00  4.6444556E-04
 0.0000000E+00 -3.4478140E-08 -2.4841698E-08  3.1807908E-07  3.0705875E-07  3.3526021E-03  2.4388780E-03 -2.4841698E-08 -3.4478140E-08  0.0000000E+00  3.3875846E-04
 0.0000000E+00 -5.0546492E-08 -4.2433988E-08  2.4990859E-07  2.4051648E-07  2.9291004E-03  2.1303500E-03 -4.2433988E-08 -5.0546492E-08  0.0000000E+00  2.5020321E-04
 0.0000000E+00 -5.6301629E-08 -4.9440273E-08  2.0085687E-07  1.9281782E-07  2.5678279E-03  1.8672233E-03 -4.9440273E-08 -5.6301629E-08  0.0000000E+00  1.8650899E-04
 0.0000000E+00 -5.6412514E-08 -5.0585262E-08  1.6453454E-07  1.5762714E-07  2.2579319E-03  1.6415694E-03 -5.0585262E-08 -5.6412514E-08  0.0000000E+00  1.4024385E-04
 0.0000000E+00 -5.3577216E-08 -4.8609909E-08  1.3690891E-07  1.3095354E-07  1.9907806E-03  1.4470845E-03 -4.8609909E-08 -5.3577216E-08  0.0000000E+00  1.0633352E-04
 0.0000000E+00 -4.9348380E-08 -4.5100115E-08  1.1538019E-07  1.1022978E-07  1.7594777E-03  1.2787327E-03 -4.5100115E-08 -4.9348380E-08  0.0000000E+00  8.1267690E-05
 0.0000000E+00 -4.4608443E-08 -4.0964223E-08  9.8239477E-08  9.3773041E-08  1.5584073E-03  1.1324154E-03 -4.0964223E-08 -4.4608443E-08  0.0000000E+00  6.2592285E-05
 0.0000000E+00 -3.9846102E-08 -3.6711669E-08  8.4335996E-08  8.0453041E-08  1.3830005E-03  1.0047979E-03 -3.6711669E-08 -3.9846102E-08  0.0000000E+00  4.8572977E-05
 0.0000000E+00 -3.5319094E-08 -3.2616560E-08  7.2879582E-08  6.9496275E-08  1.2294886E-03  8.9313065E-04 -3.2616560E-08 -3.5319094E-08  0.0000000E+00  3.7972881E-05
 1.4097374E-10 -3.0896057E-08 -2.8583063E-08  6.2731708E-08  5.9803889E-08  1.0864175E-03  7.8907733E-04 -2.8583063E-08 -3.0896057E-08  1.4097374E-10  2.9383408E-05
 3.7706391E-10 -2.6919359E-08 -2.4937179E-08  5.4195679E-08  5.1659034E-08  9.6079866E-04  6.9773382E-04 -2.4937179E-08 -2.6919359E-08  3.7706391E-10  2.2893913E-05
 6.3189941E-10 -2.3392324E-08 -2.1691775E-08  4.6957852E-08  4.4757741E-08  8.5034309E-04  6.1743056E-04 -2.1691775E-08 -2.3392324E-08  6.3189941E-10  1.7962926E-05
 8.6602832E-10 -2.0292111E-08 -1.8831535E-08  4.0781268E-08  3.8871203E-08  7.5308862E-04  5.4673670E-04 -1.8831535E-08 -2.0292111E-08  8.6602832E-10  1.4194343E-05
 1.0615761E-09 -1.7583363E-08 -1.6327665E-08  3.5483529E-08  3.3823784E-08  6.6736626E-04  4.8443579E-04 -1.6327665E-08 -1.7583363E-08  1.0615761E-09  1.1296471E-05
 1.2129285E-09 -1.5225822E-08 -1.4145421E-08  3.0921188E-08  2.9477826E-08  5.9171538E-04  4.2946361E-04 -1.4145421E-08 -1.5225822E-08  1.2129285E-09  9.0543648E-06
 1.3210386E-09 -1.3179230E-08 -1.2248921E-08  2.6979389E-08  2.5723266E-08  5.2488686E-04  3.8090984E-04 -1.2248921E-08 -1.3179230E-08  1.3210386E-09  7.3083859E-06
 1.3901598E-09 -1.1405430E-08 -1.0603859E-08  2.3564919E-08  2.2471019E-08  4.6580408E-04  3.3799025E-04 -1.0603859E-08 -1.1405430E-08  1.3901598E-09  5.9397991E-06
 1.4258669E-09 -9.8695010E-09 -9.1782893E-09  2.0601063E-08  1.9647880E-08  4.1352475E-04  3.0001858E-04 -9.1782893E-09 -9.8695010E-09  1.4258669E-09  4.8598094E-06
 1.4339622E-09 -8.5402007E-09 -7.9438928E-09  1.8023811E-08  1.7192800E-08  3.6723247E-04  2.6640031E-04 -7.9438928E-09 -8.5402007E-09  1.4339622E-09  4.0017548E-06
 1.4199507E-09 -7.3899258E-09 -6.8752016E-09  1.5779647E-08  1.5054798E-08  3.2621432E-04  2.3661643E-04 -6.8752016E-09 -7.3899258E-09  1.4199507E-09  3.3153479E-06
 1.3887420E-09 -6.3945653E-09 -5.9500562E-09  1.3823068E-08  1.3190547E-08  2.8984845E-04  2.1021429E-04 -5.9500562E-09 -6.3945653E-09  1.3887420E-09  2.7625186E-06
 1.3445370E-09 -5.5331588E-09 -5.1491329E-09  1.2115571E-08  1.1563373E-08  2.5758945E-04  1.8679697E-04 -5.1491329E-09 -5.5331588E-09  1.3445370E-09  2.3142637E-06
 1.2909064E-09 -4.7875464E-09 -4.4556633E-09  1.0624021E-08  1.0141821E-08  2.2896091E-04  1.6601780E-04 -4.4556633E-09 -4.7875464E-09  1.2909064E-09  1.9484239E-06
 1.2307645E-09 -4.1420538E-09 -3.8551283E-09  9.3201060E-09  8.8988780E-09  2.0354325E-04  1.4757152E-04 -3.8551283E-09 -4.1420538E-09  1.2307645E-09  1.6479245E-06
 1.1664831E-09 -3.5831158E-09 -3.3349955E-09  8.1794641E-09  7.8113994E-09  1.8096850E-04  1.3119048E-04 -3.3349955E-09 -3.5831158E-09  1.1664831E-09  1.3996029E-06
 1.0999349E-09 -3.0990664E-09 -2.8844389E-09  7.1810166E-09  6.8593226E-09  1.6091151E-04  1.1663823E-04 -2.8844389E-09 -3.0990664E-09  1.0999349E-09  1.1932021E-06
 1.0326341E-09 -2.6798147E-09 -2.4941293E-09  6.3064981E-09  6.0252759E-09  1.4308679E-04  1.0370718E-04 -2.4941293E-09 -2.6798147E-09  1.0326341E-09  1.0207143E-06
 9.6571840E-10 -2.3166704E-09 -2.1559887E-09  5.5401499E-09  5.2942643E-09  1.2724207E-04  9.2213859E-05 -2.1559887E-09 -2.3166704E-09  9.6571840E-10  8.7582938E-07
 9.0008042E-10 -2.0021158E-09 -1.8630420E-09  4.8682602E-09  4.6532370E-09  1.1315428E-04  8.1996166E-05 -1.8630420E-09 -2.0021158E-09  9.0008042E-10  7.5356859E-07
 8.3636608E-10 -1.7296569E-09 -1.6092769E-09  4.2789277E-09  4.0908681E-09  1.0062670E-04  7.2911095E-05 -1.6092769E-09 -1.7296569E-09  8.3636608E-10  6.4994373E-07
 7.7505934E-10 -1.4936840E-09 -1.3894772E-09  3.7617943E-09  3.5972992E-09  8.9484487E-05  6.4831617E-05 -1.3894772E-09 -1.4936840E-09  7.7505934E-10  5.6177180E-07
 7.1648926E-10 -1.2893399E-09 -1.1991270E-09  3.3078398E-09  3.1639420E-09  7.9574094E-05  5.7646119E-05 -1.1991270E-09 -1.2893399E-09  7.1648926E-10  4.8648242E-07
 6.6087026E-10 -1.1124149E-09 -1.0343145E-09  2.9092166E-09  2.7833287E-09  7.0757763E-05  5.1254569E-05 -1.0343145E-09 -1.1124149E-09  6.6087026E-10  4.2198567E-07
 6.0832575E-10 -9.5927712E-10 -8.9165251E-10  2.5590528E-09  2.4489146E-09  6.2914493E-05  4.5569064E-05 -8.9165251E-10 -9.5927712E-10  6.0832575E-10  3.6657671E-07
 5.5890823E-10 -8.2676281E-10 -7.6820936E-10  2.2513673E-09  2.1550062E-09  5.5936161E-05  4.0511054E-05 -7.6820936E-10 -8.2676281E-10  5.5890823E-10  3.1885265E-07
 0.0000000E+00  0.0000000E+00  8.6729363E-09  3.0107950E-07  2.9170571E-07  3.2760047E-03  2.3808242E-03  8.6729363E-09  0.0000000E+00  0.0000000E+00  3.7013896E-04
 0.0000000E+00  0.0000000E+00  7.6677682E-09  2.9881403E-07  2.8948078E-07  3.2640585E-03  2.3721294E-03  7.6677682E-09  0.0000000E+00  0.0000000E+00  3.6712626E-04
 0.0000000E+00 -2.7833580E-08 -2.1710841E-08  2.2428868E-07  2.1640496E-07  2.8301665E-03  2.0563765E-03 -2.1710841E-08 -2.7833580E-08  0.0000000E+00  2.6630615E-04
 0.0000000E+00 -4.0782461E-08 -3.5645176E-08  1.7353961E-07  1.6683736E-07  2.4666222E-03  1.7918834E-03 -3.5645176E-08 -4.0782461E-08  0.0000000E+00  1.9567830E-04
 0.0000000E+00 -4.5413221E-08 -4.1082409E-08  1.3757724E-07  1.3185447E-07  2.1572601E-03  1.5668618E-03 -4.1082409E-08 -4.5413221E-08  0.0000000E+00  1.4515362E-04
 0.0000000E+00 -4.5500860E-08 -4.1834482E-08  1.1134858E-07  1.0644313E-07  1.8925284E-03  1.3743447E-03 -4.1834482E-08 -4.5500860E-08  0.0000000E+00  1.0864590E-04
 0.0000000E+00 -4.3220747E-08 -4.0105066E-08  9.1690650E-08  8.7471046E-08  1.6648496E-03  1.2088074E-03 -4.0105066E-08 -4.3220747E-08  0.0000000E+00  8.2019340E-05
 0.0000000E+00 -3.9821871E-08 -3.7165369E-08  7.6582228E-08  7.2941354E-08  1.4681641E-03  1.0658318E-03 -3.7165369E-08 -3.9821871E-08  0.0000000E+00  6.2431144E-05
 0.0000000E+00 -3.6012749E-08 -3.3740836E-08  6.4705383E-08  6.1554985E-08  1.2975754E-03  9.4184948E-04 -3.3740836E-08 -3.6012749E-08  0.0000000E+00  4.7902644E-05
 0.0000000E+00 -3.2185023E-08 -3.0236775E-08  5.5181653E-08  5.2448728E-08  1.1490824E-03  8.3394551E-04 -3.0236775E-08 -3.2185023E-08  0.0000000E+00  3.7043080E-05
 0.0000000E+00 -2.8545448E-08 -2.6870521E-08  4.7413519E-08  4.5037330E-08  1.0194082E-03  7.3973211E-04 -2.6870521E-08 -2.8545448E-08  0.0000000E+00  2.8865322E-05
 1.2334262E-11 -2.4988486E-08 -2.3559371E-08  4.0594014E-08  3.8542320E-08  8.9881250E-04  6.5212963E-04 -2.3559371E-08 -2.4988486E-08  1.2334262E-11  2.2267798E-05
 1.2855600E-10 -2.1787106E-08 -2.0566156E-08  3.4904819E-08  3.3131164E-08  7.9316537E-04  5.7539860E-04 -2.0566156E-08 -2.1787106E-08  1.2855600E-10  1.7301824E-05
 2.8158126E-10 -1.8944835E-08 -1.7900484E-08  3.0115382E-08  2.8580436E-08  7.0047599E-04  5.0808952E-04 -1.7900484E-08 -1.8944835E-08  2.8158126E-10  1.3541635E-05
 4.3505882E-10 -1.6444037E-08 -1.5549837E-08  2.6054017E-08  2.4724315E-08  6.1904782E-04  4.4896732E-04 -1.5549837E-08 -1.6444037E-08  4.3505882E-10  1.0676969E-05
 5.7084989E-10 -1.4256942E-08 -1.3490586E-08  2.2589956E-08  2.1437000E-08  5.4742183E-04  3.9697021E-04 -1.3490586E-08 -1.4256942E-08  5.7084989E-10  8.4806066E-06
 6.8137024E-10 -1.2351720E-08 -1.1694339E-08  1.9621516E-08  1.8621001E-08  4.8434947E-04  3.5118931E-04 -1.1694339E-08 -1.2351720E-08  6.8137024E-10  6.7856561E-06
 7.6494557E-10 -1.0696542E-08 -1.0132178E-08  1.7068382E-08  1.6199521E-08  4.2875411E-04  3.1084131E-04 -1.0132178E-08 -1.0696542E-08  7.6494557E-10  5.4688318E-06
 8.2301742E-10 -9.2608141E-09 -8.7760047E-09  1.4865729E-08  1.4110685E-08  3.7970451E-04  2.7524883E-04 -8.7760047E-09 -9.2608141E-09  8.2301742E-10  4.4387298E-06
 8.5849975E-10 -8.0168517E-09 -7.6000463E-09  1.2960984E-08  1.2304439E-08  3.3639445E-04  2.4382549E-04 -7.6000463E-09 -8.0168517E-09  8.5849975E-10  3.6272844E-06
 8.7483728E-10 -6.9395446E-09 -6.5810447E-09  1.1310475E-08  1.0739284E-08  2.9812454E-04  2.1606268E-04 -6.5810447E-09 -6.9395446E-09  8.7483728E-10  2.9835522E-06
 8.7548355E-10 -6.0068506E-09 -5.6983331E-09  9.8779391E-09  9.3807470E-09  2.6428584E-04  1.9151760E-04 -5.6983331E-09 -6.0068506E-09  8.7548355E-10  2.4692595E-06
 8.6363465E-10 -5.1994168E-09 -4.9337931E-09  8.6327861E-09  8.1998253E-09  2.3434654E-04  1.6980376E-04 -4.9337931E-09 -5.1994168E-09  8.6363465E-10  2.0554870E-06
 8.4211549E-10 -4.5003945E-09 -4.2716073E-09  7.5492991E-09  7.1721118E-09  2.0784408E-04  1.5058485E-04 -4.2716073E-09 -4.5003945E-09  8.4211549E-10  1.7202899E-06
 8.1334275E-10 -3.8951564E-09 -3.6980216E-09  6.6054703E-09  6.2767562E-09  1.8437203E-04  1.3356557E-04 -3.6980216E-09 -3.8951564E-09  8.1334275E-10  1.4469251E-06
 7.7934164E-10 -3.3710506E-09 -3.2011420E-09  5.7825588E-09  5.4959975E-09  1.6357534E-04  1.1848794E-04 -3.2011420E-09 -3.3710506E-09  7.7934164E-10  1.2225375E-06
 7.4177590E-10 -2.9171441E-09 -2.7706530E-09  5.0645012E-09  4.8146174E-09  1.4514246E-04  1.0512558E-04 -2.7706530E-09 -2.9171441E-09  7.4177590E-10  1.0372348E-06
 7.0199362E-10 -2.5239853E-09 -2.3976582E-09  4.4374666E-09  4.2195113E-09  1.2879861E-04  9.3278946E-05 -2.3976582E-09 -2.5239853E-09  7.0199362E-10  8.8330229E-07
 6.6107397E-10 -2.1834100E-09 -2.0744520E-09  3.8895681E-09  3.6994219E-09  1.1430344E-04  8.2773465E-05 -2.0744520E-09 -2.1834100E-09  6.6107397E-10  7.5473395E-07
 6.1986601E-10 -1.8883822E-09 -1.7943863E-09  3.4105261E-09  3.2446062E-09  1.0144426E-04  7.3454692E-05 -1.7943863E-09 -1.8883822E-09  6.1986601E-10  6.4681279E-07
 5.7902923E-10 -1.6328096E-09 -1.5517039E-09  2.9914496E-09  2.8466474E-09  9.0034295E-05  6.5186968E-05 -1.5517039E-09 -1.6328096E-09  5.7902923E-10  5.5579961E-07
 5.3906797E-10 -1.4114110E-09 -1.3414320E-09  2.6246425E-09  2.4982533E-09  7.9908405E-05  5.7850479E-05 -1.3414320E-09 -1.4114110E-09  5.3906797E-10  4.7871962E-07
 5.0035604E-10 -1.2196456E-09 -1.1592505E-09  2.3034362E-09  2.1931053E-09  7.0919936E-05  5.1338751E-05 -1.1592505E-09 -1.2196456E-09  5.0035604E-10  4.1318787E-07
 4.6316678E-10 -1.0535635E-09 -1.0014386E-09  2.0220397E-09  1.9257177E-09  6.2941430E-05  4.5559257E-05 -1.0014386E-09 -1.0535635E-09  4.6316678E-10  3.5728054E-07
 4.2768622E-10 -9.0974387E-10 -8.6475527E-10  1.7754145E-09  1.6913160E-09  5.5857888E-05  4.0428551E-05 -8.6475527E-10 -9.0974387E-10  4.2768622E-10  3.0943618E-07
 3.9403514E-10 -7.8522950E-10 -7.4640119E-10  1.5591864E-09  1.4857572E-09  4.9568762E-05  3.5873692E-05 -7.4640119E-10 -7.8522950E-10  3.9403514E-10  2.6837722E-07
 3.6228231E-10 -6.7745823E-10 -6.4394557E-10  1.3695364E-09  1.3054190E-09  4.3984598E-05  3.1829778E-05 -6.4394557E-10 -6.7745823E-10  3.6228231E-10  2.3305359E-07
 0.0000000E+00  0.0000000E+00  5.5572956E-09  2.1141758E-07  2.0483599E-07  2.7429334E-03  1.9910811E-03  5.5572956E-09  0.0000000E+00  0.0000000E+00  2.8808392E-04
 0.0000000E+00  0.0000000E+00  4.7666332E-09  2.0972439E-07  2.0317165E-07  2.7327453E-03  1.9836759E-03  4.7666332E-09  0.0000000E+00  0.0000000E+00  2.8569635E-04
 0.0000000E+00 -2.2019434E-08 -1.8273392E-08  1.5441890E-07  1.4889914E-07  2.3630910E-03  1.7150251E-03 -1.8273392E-08 -2.2019434E-08  0.0000000E+00  2.0604121E-04
 0.0000000E+00 -3.2229607E-08 -2.9098401E-08  1.1735615E-07  1.1267629E-07  2.0542140E-03  1.4905951E-03 -2.9098401E-08 -3.2229607E-08  0.0000000E+00  1.5057626E-04
 0.0000000E+00 -3.5861422E-08 -3.3231447E-08  9.1525779E-08  8.7540087E-08  1.7920542E-03  1.3001504E-03 -3.3231447E-08 -3.5861422E-08  0.0000000E+00  1.1112619E-04
 0.0000000E+00 -3.5910986E-08 -3.3692530E-08  7.3003191E-08  6.9595300E-08  1.5682841E-03  1.1376253E-03 -3.3692530E-08 -3.5910986E-08  0.0000000E+00  8.2775597E-05
 0.0000000E+00 -3.4099164E-08 -3.2220636E-08  5.9351312E-08  5.6427100E-08  1.3763119E-03  9.9822089E-04 -3.2220636E-08 -3.4099164E-08  0.0000000E+00  6.2206828E-05
 0.0000000E+00 -3.1411010E-08 -2.9814940E-08  4.9026302E-08  4.6509146E-08  1.2108751E-03  8.7810704E-04 -2.9814940E-08 -3.1411010E-08  0.0000000E+00  4.7150179E-05
 0.0000000E+00 -2.8403712E-08 -2.7043292E-08  4.1030575E-08  3.8857636E-08  1.0677247E-03  7.7419137E-04 -2.7043292E-08 -2.8403712E-08  0.0000000E+00  3.6035516E-05
 0.0000000E+00 -2.5384424E-08 -2.4221813E-08  3.4706445E-08  3.2825795E-08  9.4341014E-04  6.8396340E-04 -2.4221813E-08 -2.5384424E-08  0.0000000E+00  2.7764805E-05
 0.0000000E+00 -2.2514892E-08 -2.1518736E-08  2.9611296E-08  2.7979819E-08  8.3509138E-04  6.0535755E-04 -2.1518736E-08 -2.2514892E-08  0.0000000E+00  2.1563059E-05
-5.8170510E-11 -1.9711800E-08 -1.8864868E-08  2.5186916E-08  2.3781568E-08  7.3459662E-04  5.3244040E-04 -1.8864868E-08 -1.9711800E-08 -5.8170510E-11  1.6582459E-05
-1.5984855E-11 -1.7187969E-08 -1.6466989E-08  2.1532840E-08  2.0320793E-08  6.4676725E-04  4.6872267E-04 -1.6466989E-08 -1.7187969E-08 -1.5984855E-11  1.2848053E-05
 6.9843606E-11 -1.4946597E-08 -1.4332027E-08  1.8483752E-08  1.7437271E-08  5.6988459E-04  4.1295455E-04 -1.4332027E-08 -1.4946597E-08  6.9843606E-11  1.0030483E-05
 1.6753711E-10 -1.2973827E-08 -1.2449413E-08  1.5918100E-08  1.5013618E-08  5.0250189E-04  3.6408434E-04 -1.2449413E-08 -1.2973827E-08  1.6753711E-10  7.8909731E-06
 2.6025730E-10 -1.1247986E-08 -1.0800138E-08  1.3744630E-08  1.2962198E-08  4.4336585E-04  3.2120099E-04 -1.0800138E-08 -1.1247986E-08  2.6025730E-10  6.2554394E-06
 3.3996751E-10 -9.7442932E-09 -9.3614640E-09  1.1893383E-08  1.1215916E-08  3.9141015E-04  2.8352960E-04 -9.3614640E-09 -9.7442932E-09  3.3996751E-10  4.9965972E-06
 4.0368948E-10 -8.4375308E-09 -8.1100208E-09  1.0309652E-08  9.7226671E-09  3.4571742E-04  2.5040356E-04 -8.1100208E-09 -8.4375308E-09  4.0368948E-10  4.0208711E-06
 4.5123226E-10 -7.3039564E-09 -7.0235761E-09  8.9500349E-09  8.4410913E-09  3.0549514E-04  2.2124713E-04 -7.0235761E-09 -7.3039564E-09  4.5123226E-10  3.2591296E-06
 4.8384026E-10 -6.3216484E-09 -6.0814697E-09  7.7795018E-09  7.3379382E-09  2.7005883E-04  1.9556311E-04 -6.0814697E-09 -6.3216484E-09  4.8384026E-10  2.6601217E-06
 5.0339653E-10 -5.4709591E-09 -5.2651018E-09  6.7693393E-09  6.3860250E-09  2.3881561E-04  1.7292092E-04 -5.2651018E-09 -5.4709591E-09  5.0339653E-10  2.1856177E-06
 5.1197510E-10 -4.7345057E-09 -4.5579690E-09  5.8958814E-09  5.5629630E-09  2.1125066E-04  1.5294674E-04 -4.5579690E-09 -4.7345057E-09  5.1197510E-10  1.8069809E-06
 5.1159316E-10 -4.0970372E-09 -3.9455754E-09  5.1393876E-09  4.8501118E-09  1.8691616E-04  1.3531543E-04 -3.9455754E-09 -4.0970372E-09  5.1159316E-10  1.5026627E-06
 5.0409290E-10 -3.5452568E-09 -3.4152636E-09  4.4832777E-09  4.2318176E-09  1.6542229E-04  1.1974395E-04 -3.4152636E-09 -3.5452568E-09  5.0409290E-10  1.2563551E-06
 4.9108737E-10 -3.0676262E-09 -2.9560194E-09  3.9135285E-09  3.6948616E-09  1.4642775E-04  1.0598465E-04 -2.9560194E-09 -3.0676262E-09  4.9108737E-10  1.0556229E-06
 4.7395420E-10 -2.6541439E-09 -2.5582945E-09  3.4182468E-09  3.2280338E-09  1.2963435E-04  9.3821149E-05 -2.5582945E-09 -2.6541439E-09  4.7395420E-10  8.9097076E-07
 4.5384723E-10 -2.2961585E-09 -2.2138191E-09  2.9872921E-09  2.8217826E-09  1.1478189E-04  8.3064556E-05 -2.2138191E-09 -2.2961585E-09  4.5384723E-10  7.5507170E-07
 4.3171330E-10 -1.9862089E-09 -1.9154610E-09  2.6119865E-09  2.4679360E-09  1.0164153E-04  7.3548875E-05 -1.9154610E-09 -1.9862089E-09  4.3171330E-10  6.4225164E-07
 4.0832429E-10 -1.7178287E-09 -1.6570202E-09  2.2848827E-09  2.1594811E-09  9.0012314E-05  6.5128320E-05 -1.6570202E-09 -1.7178287E-09  4.0832429E-10  5.4808185E-07
 3.8429665E-10 -1.4854309E-09 -1.4331583E-09  1.9995894E-09  1.8904002E-09  7.9717725E-05  5.7674909E-05 -1.4331583E-09 -1.4854309E-09  3.8429665E-10  4.6908667E-07
 3.6011978E-10 -1.2841924E-09 -1.2392566E-09  1.7506104E-09  1.6555221E-09  7.0602725E-05  5.1076144E-05 -1.2392566E-09 -1.2841924E-09  3.6011978E-10  4.0251613E-07
 3.3617385E-10 -1.1099473E-09 -1.0713180E-09  1.5331700E-09  1.4503492E-09  6.2531120E-05  4.5233280E-05 -1.0713180E-09 -1.1099473E-09  3.3617385E-10  3.4618337E-07
 3.1275021E-10 -9.5908062E-10 -9.2586952E-10  1.3431850E-09  1.2710416E-09  5.5381391E-05  4.0058242E-05 -9.2586952E-10 -9.5908062E-10  3.1275021E-10  2.9833415E-07
 2.9006824E-10 -8.2847810E-10 -7.9992135E-10  1.1770924E-09  1.1142430E-09  4.9048217E-05  3.5474627E-05 -7.9992135E-10 -8.2847810E-10  2.9006824E-10  2.5755262E-07
 2.6828516E-10 -7.1542799E-10 -6.9087362E-10  1.0318184E-09  9.7706096E-10  4.3437554E-05  3.1414285E-05 -6.9087362E-10 -7.1542799E-10  2.6828516E-10  2.2269117E-07
 2.4751112E-10 -6.1759068E-10 -5.9647734E-10  9.0470108E-10  8.5699046E-10  3.8466630E-05  2.7817223E-05 -5.9647734E-10 -6.1759068E-10  2.4751112E-10  1.9281006E-07
 2.2781718E-10 -5.3293656E-10 -5.1478281E-10  7.9341891E-10  7.5184708E-10  3.4062319E-05  2.4630438E-05 -5.1478281E-10 -5.3293656E-10  2.2781718E-10  1.6713563E-07
 0.0000000E+00  0.0000000E+00  3.4540606E-09  1.4490968E-07  1.4039899E-07  2.2687764E-03  1.6450319E-03  3.4540606E-09  0.0000000E+00  0.0000000E+00  2.2030041E-04
 0.0000000E+00  0.0000000E+00  2.8449169E-09  1.4366966E-07  1.3917911E-07  2.2601796E-03  1.6387914E-03  2.8449169E-09  0.0000000E+00  0.0000000E+00  2.1843915E-04
 0.0000000E+00 -1.7035766E-08 -1.4847437E-08  1.0345589E-07  9.9684199E-08  1.9488364E-03  1.4128062E-03 -1.4847437E-08 -1.7035766E-08  0.0000000E+00  1.5657445E-04
 0.0000000E+00 -2.4897195E-08 -2.3076108E-08  7.6966969E-08  7.3778235E-08  1.6894347E-03  1.2245602E-03 -2.3076108E-08 -2.4897195E-08  0.0000000E+00  1.1377162E-04
 0.0000000E+00 -2.7668332E-08 -2.6145316E-08  5.8840507E-08  5.6132255E-08  1.4698807E-03  1.0652617E-03 -2.6145316E-08 -2.7668332E-08  0.0000000E+00  8.3512013E-05
 0.0000000E+00 -2.7678265E-08 -2.6399003E-08  4.6087326E-08  4.3777865E-08  1.2829793E-03  9.2967839E-04 -2.6399003E-08 -2.7678265E-08  0.0000000E+00  6.1891539E-05
 0.0000000E+00 -2.6259856E-08 -2.5181127E-08  3.6867043E-08  3.4890544E-08  1.1230617E-03  8.1368931E-04 -2.5181127E-08 -2.6259856E-08  0.0000000E+00  4.6291722E-05
 0.0000000E+00 -2.4173002E-08 -2.3260176E-08  3.0024469E-08  2.8327446E-08  9.8560609E-04  7.1400726E-04 -2.3260176E-08 -2.4173002E-08  0.0000000E+00  3.4932099E-05
 0.0000000E+00 -2.1845973E-08 -2.1071132E-08  2.4820753E-08  2.3359437E-08  8.6696422E-04  6.2798245E-04 -2.1071132E-08 -2.1845973E-08  0.0000000E+00  2.6588172E-05
 0.0000000E+00 -1.9514112E-08 -1.8854616E-08  2.0773736E-08  1.9512095E-08  7.6418996E-04  5.5347300E-04 -1.8854616E-08 -1.9514112E-08  0.0000000E+00  2.0408414E-05
 0.0000000E+00 -1.7300638E-08 -1.6737784E-08  1.7563079E-08  1.6471228E-08  6.7485637E-04  4.8871710E-04 -1.6737784E-08 -1.7300638E-08  0.0000000E+00  1.5794982E-05
-8.9272360E-11 -1.5140586E-08 -1.4663995E-08  1.4813300E-08  1.3875149E-08  5.9218088E-04  4.2879552E-04 -1.4663995E-08 -1.5140586E-08 -8.9272360E-11  1.2107709E-05
-8.9064578E-11 -1.3196459E-08 -1.2792439E-08  1.2571341E-08  1.1764253E-08  5.2010286E-04  3.7656206E-04 -1.2792439E-08 -1.3196459E-08 -8.9064578E-11  9.3541100E-06
-4.5623545E-11 -1.1470404E-08 -1.1127502E-08  1.0721611E-08  1.0026484E-08  4.5717039E-04  3.3096202E-04 -1.1127502E-08 -1.1470404E-08 -4.5623545E-11  7.2841595E-06
 1.4503103E-11 -9.9515940E-09 -9.6602344E-09  9.1805813E-09  8.5812570E-09  4.0214491E-04  2.9109635E-04 -9.6602344E-09 -9.9515940E-09  1.4503103E-11  5.7175738E-06
 7.6668732E-11 -8.6232950E-09 -8.3754962E-09  7.8864219E-09  7.3692229E-09  3.5397379E-04  2.5620090E-04 -8.3754962E-09 -8.6232950E-09  7.6668732E-11  4.5236259E-06
 1.3332922E-10 -7.4662771E-09 -7.2553457E-09  6.7926290E-09  6.3459073E-09  3.1175404E-04  2.2562031E-04 -7.2553457E-09 -7.4662771E-09  1.3332922E-10  3.6071050E-06
 1.8109931E-10 -6.4611671E-09 -6.2814834E-09  5.8632941E-09  5.4771526E-09  2.7471260E-04  1.9879360E-04 -6.2814834E-09 -6.4611671E-09  1.8109931E-10  2.8983477E-06
 2.1896263E-10 -5.5895760E-09 -5.4363975E-09  5.0703463E-09  4.7363375E-09  2.4218354E-04  1.7523756E-04 -5.4363975E-09 -5.5895760E-09  2.1896263E-10  2.3461426E-06
 2.4718585E-10 -4.8346182E-09 -4.7039628E-09  4.3914280E-09  4.1023301E-09  2.1359314E-04  1.5453602E-04 -4.7039628E-09 -4.8346182E-09  2.4718585E-10  1.9126289E-06
 2.6667723E-10 -4.1811442E-09 -4.0696293E-09  3.8084806E-09  3.5581115E-09  1.8844600E-04  1.3632955E-04 -4.0696293E-09 -4.1811442E-09  2.6667723E-10  1.5697087E-06
 2.7860902E-10 -3.6157312E-09 -3.5205114E-09  3.3067596E-09  3.0898180E-09  1.6631105E-04  1.2030561E-04 -3.5205114E-09 -3.6157312E-09  2.7860902E-10  1.2963980E-06
 2.8420892E-10 -3.1266033E-09 -3.0452713E-09  2.8740697E-09  2.6860035E-09  1.4681652E-04  1.0619455E-04 -3.0452713E-09 -3.1266033E-09  2.8420892E-10  1.0769387E-06
 2.8464292E-10 -2.7035055E-09 -2.6340033E-09  2.5002775E-09  2.3371774E-09  1.2963712E-04  9.3760511E-05 -2.6340033E-09 -2.7035055E-09  2.8464292E-10  8.9945637E-07
 2.8096602E-10 -2.3375253E-09 -2.2781169E-09  2.1768936E-09  2.0353910E-09  1.1449051E-04  8.2798854E-05 -2.2781169E-09 -2.3375253E-09  2.8096602E-10  7.5492555E-07
 2.7409813E-10 -2.0209402E-09 -1.9701402E-09  1.8967483E-09  1.7739439E-09  1.0113024E-04  7.3130882E-05 -1.9701402E-09 -2.0209402E-09  2.7409813E-10  6.3644529E-07
 2.6482313E-10 -1.7470658E-09 -1.7036124E-09  1.6537826E-09  1.5471728E-09  8.9341477E-05  6.4600898E-05 -1.7036124E-09 -1.7470658E-09  2.6482313E-10  5.3871545E-07
 2.5379871E-10 -1.5101303E-09 -1.4729587E-09  1.4428406E-09  1.3502651E-09  7.8935043E-05  5.7071805E-05 -1.4729587E-09 -1.5101303E-09  2.5379871E-10  4.5763230E-07
 2.4156805E-10 -1.3051406E-09 -1.2733380E-09  1.2595195E-09  1.1791136E-09  6.9746972E-05  5.0424805E-05 -1.2733380E-09 -1.3051406E-09  2.4156805E-10  3.8999768E-07
 2.2857320E-10 -1.1277835E-09 -1.1005804E-09  1.1000734E-09  1.0302224E-09  6.1632100E-05  4.4554686E-05 -1.1005804E-09 -1.1277835E-09  2.2857320E-10  3.3330337E-07
 2.1517030E-10 -9.7435439E-10 -9.5107068E-10  9.6128114E-10  9.0058800E-10  5.4462917E-05  3.9369113E-05 -9.5107068E-10 -9.7435439E-10  2.1517030E-10  2.8556550E-07
 2.0164302E-10 -8.4161040E-10 -8.2168860E-10  8.4037292E-10  7.8763004E-10  4.8128644E-05  3.4787827E-05 -8.2168860E-10 -8.4161040E-10  2.0164302E-10  2.4520468E-07
 1.8821417E-10 -7.2678287E-10 -7.0973439E-10  7.3497406E-10  6.8913447E-10  4.2531035E-05  3.0739662E-05 -7.0973439E-10 -7.2678287E-10  1.8821417E-10  2.1095740E-07
 1.7505467E-10 -6.2746021E-10 -6.1287165E-10  6.4303601E-10  6.0319194E-10  3.7583696E-05  2.7162058E-05 -6.1287165E-10 -6.2746021E-10  1.7505467E-10  1.8180176E-07
 1.6229426E-10 -5.4156104E-10 -5.2907714E-10  5.6279246E-10  5.2815677E-10  3.3210676E-05  2.4000015E-05 -5.2907714E-10 -5.4156104E-10  1.6229426E-10  1.5690912E-07
 1.5002692E-10 -4.6728314E-10 -4.5660055E-10  4.9271654E-10  4.6260642E-10  2.9344995E-05  2.1205033E-05 -4.5660055E-10 -4.6728314E-10  1.5002692E-10  1.3560032E-07
 1.3832063E-10 -4.0306502E-10 -3.9392513E-10  4.3148936E-10  4.0531217E-10  2.5927622E-05  1.8734374E-05 -3.9392513E-10 -4.0306502E-10  1.3832063E-10  1.1731876E-07
 0.0000000E+00  0.0000000E+00  2.0736480E-09  9.6627367E-08  9.3619719E-08  1.8507220E-03  1.3404551E-03  2.0736480E-09  0.0000000E+00  0.0000000E+00  1.6512088E-04
 0.0000000E+00  0.0000000E+00  1.6152483E-09  9.5739621E-08  9.2745678E-08  1.8435629E-03  1.3352646E-03  1.6152483E-09  0.0000000E+00  0.0000000E+00  1.6369833E-04
 0.0000000E+00 -1.2856448E-08 -1.1651333E-08  6.7169470E-08  6.4662827E-08  1.5847318E-03  1.1476237E-03 -1.1651333E-08 -1.2856448E-08  0.0000000E+00  1.1657734E-04
 0.0000000E+00 -1.8752115E-08 -1.7754524E-08  4.8697496E-08  4.6584619E-08  1.3697404E-03  9.9179274E-04 -1.7754524E-08 -1.8752115E-08  0.0000000E+00  8.4196378E-05
 0.0000000E+00 -2.0803641E-08 -1.9973817E-08  3.6309959E-08  3.4520718E-08  1.1883180E-03  8.6031537E-04 -1.9973817E-08 -2.0803641E-08  0.0000000E+00  6.1450833E-05
 0.0000000E+00 -2.0780472E-08 -2.0087045E-08  2.7780673E-08  2.6259265E-08  1.0343279E-03  7.4873580E-04 -2.0087045E-08 -2.0780472E-08  0.0000000E+00  4.5298711E-05
 0.0000000E+00 -1.9690028E-08 -1.9108295E-08  2.1751394E-08  2.0452946E-08  9.0293277E-04  6.5354275E-04 -1.9108295E-08 -1.9690028E-08  0.0000000E+00  3.3712195E-05
 0.0000000E+00 -1.8104574E-08 -1.7614793E-08  1.7377752E-08  1.6265930E-08  7.9030882E-04  5.7196007E-04 -1.7614793E-08 -1.8104574E-08  0.0000000E+00  2.5321648E-05
 0.0000000E+00 -1.6344952E-08 -1.5931257E-08  1.4125470E-08  1.3170626E-08  6.9336189E-04  5.0174335E-04 -1.5931257E-08 -1.6344952E-08  0.0000000E+00  1.9190871E-05
 0.0000000E+00 -1.4586501E-08 -1.4236181E-08  1.1649915E-08  1.0827707E-08  6.0960096E-04  4.4108436E-04 -1.4236181E-08 -1.4586501E-08  0.0000000E+00  1.4672594E-05
 0.0000000E+00 -1.2920544E-08 -1.2623052E-08  9.7250977E-09  9.0153614E-09  5.3698360E-04  3.8850215E-04 -1.2623052E-08 -1.2920544E-08  0.0000000E+00  1.1315167E-05
-9.5309340E-11 -1.1297498E-08 -1.1046973E-08  8.1065226E-09  7.4983400E-09  4.6995612E-04  3.3997341E-04 -1.1046973E-08 -1.1297498E-08 -9.5309340E-11  8.6451099E-06
-1.1564249E-10 -9.8380723E-09 -9.6268528E-09  6.8096113E-09  6.2877873E-09  4.1167807E-04  2.9778441E-04 -9.6268528E-09 -9.8380723E-09 -1.1564249E-10  6.6594296E-06
-9.7381870E-11 -8.5435118E-09 -8.3651426E-09  5.7560689E-09  5.3078162E-09  3.6092820E-04  2.6104954E-04 -8.3651426E-09 -8.5435118E-09 -9.7381870E-11  5.1724275E-06
-6.1789163E-11 -7.4053511E-09 -7.2545946E-09  4.8902832E-09  4.5048230E-09  3.1667147E-04  2.2901832E-04 -7.2545946E-09 -7.4053511E-09 -6.1789163E-11  4.0508633E-06
-2.0934718E-11 -6.4107170E-09 -6.2831919E-09  4.1719415E-09  3.8401588E-09  2.7802834E-04  2.0105300E-04 -6.2831919E-09 -6.4107170E-09 -2.0934718E-11  3.1986829E-06
 1.8652591E-11 -5.5450322E-09 -5.4370695E-09  3.5712345E-09  3.2854055E-09  2.4424741E-04  1.7660899E-04 -5.4370695E-09 -5.5450322E-09  1.8652591E-11  2.5462641E-06
 5.3737397E-11 -4.7936386E-09 -4.7021642E-09  3.0656503E-09  2.8192173E-09  2.1468609E-04  1.5522050E-04 -4.7021642E-09 -4.7936386E-09  5.3737397E-11  2.0429071E-06
 8.3001360E-11 -4.1426082E-09 -4.0650618E-09  2.6378660E-09  2.4252466E-09  1.8879227E-04  1.3648741E-04 -4.0650618E-09 -4.1426082E-09  8.3001360E-11  1.6514883E-06
 1.0620567E-10 -3.5792027E-09 -3.5134208E-09  2.2743449E-09  2.0907786E-09  1.6609111E-04  1.2006571E-04 -3.5134208E-09 -3.5792027E-09  1.0620567E-10  1.3447105E-06
 1.2368560E-10 -3.0919913E-09 -3.0361620E-09  1.9643164E-09  1.8057412E-09  1.4617394E-04  1.0565929E-04 -3.0361620E-09 -3.0919913E-09  1.2368560E-10  1.1023624E-06
 1.3605407E-10 -2.6708503E-09 -2.6234499E-09  1.6991129E-09  1.5620524E-09  1.2868738E-04  9.3012128E-05 -2.6234499E-09 -2.6708503E-09  1.3605407E-10  9.0942513E-07
 1.4402236E-10 -2.3069090E-09 -2.2666484E-09  1.4716724E-09  1.3531528E-09  1.1332417E-04  8.1901675E-05 -2.2666484E-09 -2.3069090E-09  1.4402236E-10  7.5465248E-07
 1.4830896E-10 -1.9924416E-09 -1.9582299E-09  1.2761992E-09  1.1736684E-09  9.9819681E-05  7.2136312E-05 -1.9582299E-09 -1.9924416E-09  1.4830896E-10  6.2957767E-07
 1.4958457E-10 -1.7207229E-09 -1.6916587E-09  1.1078806E-09  1.0191465E-09  8.7943118E-05  6.3548827E-05 -1.6916587E-09 -1.7207229E-09  1.4958457E-10  5.2779021E-07
 1.4845229E-10 -1.4859563E-09 -1.4612464E-09  9.6270040E-10  8.8588017E-10  7.7492697E-05  5.5993207E-05 -1.4612464E-09 -1.4859563E-09  1.4845229E-10  4.4440400E-07
 1.4543590E-10 -1.2830936E-09 -1.2620888E-09  8.3728779E-10  7.7076209E-10  6.8294064E-05  4.9343160E-05 -1.2620888E-09 -1.2830936E-09  1.4543590E-10  3.7566434E-07
 1.4098253E-10 -1.1078075E-09 -1.0899489E-09  7.2880917E-10  6.7118266E-10  6.0194253E-05  4.3487964E-05 -1.0899489E-09 -1.1078075E-09  1.4098253E-10  3.1867201E-07
 1.3546810E-10 -9.5634779E-10 -9.4116666E-10  6.3486204E-10  5.8493236E-10  5.3059573E-05  3.8330855E-05 -9.4116666E-10 -9.5634779E-10  1.3546810E-10  2.7116699E-07
 1.2920544E-10 -8.2546918E-10 -8.1255981E-10  5.5340889E-10  5.1013892E-10  4.6773750E-05  3.3787668E-05 -8.1255981E-10 -8.2546918E-10  1.2920544E-10  2.3137784E-07
 1.2244785E-10 -7.1238152E-10 -7.0140495E-10  4.8271447E-10  4.4520927E-10  4.1234376E-05  2.9784289E-05 -7.0140495E-10 -7.1238152E-10  1.2244785E-10  1.9790454E-07
 1.1540450E-10 -6.1466970E-10 -6.0533836E-10  4.2129846E-10  3.8878496E-10  3.6351786E-05  2.6255842E-05 -6.0533836E-10 -6.1466970E-10  1.1540450E-10  1.6963375E-07
 1.0824034E-10 -5.3024948E-10 -5.2231725E-10  3.6789668E-10  3.3970693E-10  3.2047443E-05  2.3145494E-05 -5.2231725E-10 -5.3024948E-10  1.0824034E-10  1.4567299E-07
 1.0108700E-10 -4.5732058E-10 -4.5057832E-10  3.2142330E-10  2.9697948E-10  2.8252318E-05  2.0403305E-05 -4.5057832E-10 -4.5732058E-10  1.0108700E-10  1.2529927E-07
 9.4045448E-11 -3.9432612E-10 -3.8859534E-10  2.8094938E-10  2.5975200E-10  2.4905837E-05  1.7985457E-05 -3.8859534E-10 -3.9432612E-10  9.4045448E-11  1.0792933E-07
 8.7193749E-11 -3.3992018E-10 -3.3505122E-10  2.4567336E-10  2.2728992E-10  2.1954720E-05  1.5853404E-05 -3.3505122E-10 -3.3992018E-10  8.7193749E-11  9.3081754E-08
 8.0590230E-11 -2.9293983E-10 -2.8880378E-10  2.1490892E-10  1.9896515E-10  1.9352080E-05  1.3973239E-05 -2.8880378E-10 -2.9293983E-10  8.0590230E-11  8.0364406E-08
 0.0000000E+00  0.0000000E+00  1.1963108E-09  6.2427007E-08  6.0484017E-08  1.4858441E-03  1.0750624E-03  1.1963108E-09  0.0000000E+00  0.0000000E+00  1.2094796E-04
 0.0000000E+00  0.0000000E+00  8.6046935E-10  6.1807845E-08  5.9873846E-08  1.4799730E-03  1.0708108E-03  8.6046935E-10  0.0000000E+00  0.0000000E+00  1.1988356E-04
 0.0000000E+00 -9.4339664E-09 -8.8212345E-09  4.2043377E-08  4.0429629E-08  1.2679950E-03  9.1731466E-04 -8.8212345E-09 -9.4339664E-09  0.0000000E+00  8.4786815E-05
 0.0000000E+00 -1.3726368E-08 -1.3222774E-08  2.9520199E-08  2.8164351E-08  1.0924975E-03  7.9025527E-04 -1.3222774E-08 -1.3726368E-08  0.0000000E+00  6.0842072E-05
 0.0000000E+00 -1.5195101E-08 -1.4779057E-08  2.1308813E-08  2.0164275E-08  9.4487966E-04  6.8339591E-04 -1.4779057E-08 -1.5195101E-08  0.0000000E+00  4.4137550E-05
 0.0000000E+00 -1.5148783E-08 -1.4803578E-08  1.5793520E-08  1.4823277E-08  8.1996699E-04  5.9298554E-04 -1.4803578E-08 -1.5148783E-08  0.0000000E+00  3.2352449E-05
 0.0000000E+00 -1.4328956E-08 -1.4041330E-08  1.1997637E-08  1.1172052E-08  7.1370889E-04  5.1608704E-04 -1.4041330E-08 -1.4328956E-08  0.0000000E+00  2.3950737E-05
 0.0000000E+00 -1.3154387E-08 -1.2913897E-08  9.3205445E-09  8.6157074E-09  6.2289763E-04  4.5037543E-04 -1.2913897E-08 -1.3154387E-08  0.0000000E+00  1.7902158E-05
 0.0000000E+00 -1.1858484E-08 -1.1656774E-08  7.3864167E-09  6.7828240E-09  5.4495485E-04  3.9398237E-04 -1.1656774E-08 -1.1858484E-08  0.0000000E+00  1.3506949E-05
 0.0000000E+00 -1.0568302E-08 -1.0398560E-08  5.9558983E-09  5.4375987E-09  4.7780289E-04  3.4540204E-04 -1.0398560E-08 -1.0568302E-08  0.0000000E+00  1.0284673E-05
 0.0000000E+00 -9.3490502E-09 -9.2059186E-09  4.8741187E-09  4.4279596E-09  4.1974871E-04  3.0340792E-04 -9.2059186E-09 -9.3490502E-09  0.0000000E+00  7.9019050E-06
-8.6900457E-11 -8.1639011E-09 -8.0442464E-09  3.9880442E-09  3.6068273E-09  3.6631438E-04  2.6475981E-04 -8.0442464E-09 -8.1639011E-09 -8.6900457E-11  6.0169190E-06
-1.1429362E-10 -7.0999143E-09 -6.9997495E-09  3.2960138E-09  2.9698596E-09  3.1998844E-04  2.3125659E-04 -6.9997495E-09 -7.0999143E-09 -1.1429362E-10  4.6211141E-06
-1.0975809E-10 -6.1574077E-09 -6.0734723E-09  2.7468394E-09  2.4674623E-09  2.7976167E-04  2.0216729E-04 -6.0734723E-09 -6.1574077E-09 -1.0975809E-10  3.5799231E-06
-8.9628311E-11 -5.3298967E-09 -5.2595026E-09  2.3049454E-09  2.0653798E-09  2.4478090E-04  1.7687406E-04 -5.2595026E-09 -5.3298967E-09 -8.9628311E-11  2.7973496E-06
-6.3369942E-11 -4.6076819E-09 -4.5485857E-09  1.9451614E-09  1.7395310E-09  2.1432232E-04  1.5485278E-04 -4.5485857E-09 -4.6076819E-09 -6.3369942E-11  2.2045616E-06
-3.6277849E-11 -3.9799012E-09 -3.9302593E-09  1.6492900E-09  1.4726303E-09  1.8776990E-04  1.3565741E-04 -3.9302593E-09 -3.9799012E-09 -3.6277849E-11  1.7519445E-06
-1.1139102E-11 -3.4356926E-09 -3.3939701E-09  1.4039548E-09  1.2520615E-09  1.6459811E-04  1.1890749E-04 -3.3939701E-09 -3.4356926E-09 -1.1139102E-11  1.4035336E-06
 1.0743584E-11 -2.9647935E-09 -2.9297008E-09  1.1991112E-09  1.0684165E-09  1.4435677E-04  1.0427714E-04 -2.9297008E-09 -2.9647935E-09  1.0743584E-11  1.1331186E-06
 2.8926011E-11 -2.5578132E-09 -2.5282968E-09  1.0270774E-09  9.1454901E-10  1.2666015E-04  9.1487201E-05 -2.5282968E-09 -2.5578132E-09  2.8926011E-11  9.2150914E-07
 4.3440783E-11 -2.2063508E-09 -2.1815025E-09  8.8190161E-10  7.8495590E-10  1.1117519E-04  8.0296659E-05 -2.1815025E-09 -2.2063508E-09  4.3440783E-11  7.5456201E-07
 5.4568352E-11 -1.9029773E-09 -1.8820616E-09  7.5889356E-10  6.7532526E-10  9.7616899E-05  7.0499259E-05 -1.8820616E-09 -1.9029773E-09  5.4568352E-11  6.2178844E-07
 6.2701329E-11 -1.6411810E-09 -1.6235711E-09  6.5429244E-10  5.8222231E-10  8.5736877E-05  6.1915286E-05 -1.6235711E-09 -1.6411810E-09  6.2701329E-11  5.1536888E-07
 6.8266021E-11 -1.4153038E-09 -1.4004730E-09  5.6508188E-10  5.0290004E-10  7.5321987E-05  5.4390510E-05 -1.4004730E-09 -1.4153038E-09  6.8266021E-11  4.2943274E-07
 7.1679200E-11 -1.2204234E-09 -1.2079357E-09  4.8879470E-10  4.3512298E-10  6.6186436E-05  4.7790583E-05 -1.2079357E-09 -1.2204234E-09  7.1679200E-11  3.5954441E-07
 7.3325576E-11 -1.0523074E-09 -1.0417905E-09  4.2340544E-10  3.7706310E-10  5.8169816E-05  4.1999442E-05 -1.0417905E-09 -1.0523074E-09  7.3325576E-11  3.0232631E-07
 7.3548174E-11 -9.0726228E-10 -8.9840829E-10  3.6723946E-10  3.2721276E-10  5.1131600E-05  3.6915471E-05 -8.9840829E-10 -9.0726228E-10  7.3548174E-11  2.5518917E-07
 7.2645337E-11 -7.8213118E-10 -7.7467671E-10  3.1890316E-10  2.8432178E-10  4.4950669E-05  3.2451059E-05 -7.7467671E-10 -7.8213118E-10  7.2645337E-11  2.1613588E-07
 7.0872268E-11 -6.7417767E-10 -6.6790295E-10  2.7723287E-10  2.4734873E-10  3.9520709E-05  2.8529334E-05 -6.6790295E-10 -6.7417767E-10  7.0872268E-11  1.8361069E-07
 6.8443937E-11 -5.8104500E-10 -5.7576566E-10  2.4125181E-10  2.1542133E-10  3.4749181E-05  2.5083387E-05 -5.7576566E-10 -5.8104500E-10  6.8443937E-11  1.5639209E-07
 6.5539529E-11 -5.0070062E-10 -4.9625955E-10  2.1013598E-10  1.8780510E-10  3.0555188E-05  2.2054732E-05 -4.9625955E-10 -5.0070062E-10  6.5539529E-11  1.3351829E-07
 6.2306900E-11 -4.3139262E-10 -4.2765903E-10  1.8319126E-10  1.6388272E-10  2.6868134E-05  1.9392331E-05 -4.2765903E-10 -4.3139262E-10  6.2306900E-11  1.1422278E-07
 5.8866475E-11 -3.7160978E-10 -3.6847015E-10  1.5982790E-10  1.4313051E-10  2.3626169E-05  1.7051476E-05 -3.6847015E-10 -3.7160978E-10  5.8866475E-11  9.7888890E-08
 5.5315342E-11 -3.2004610E-10 -3.1740870E-10  1.3954591E-10  1.2510484E-10  2.0775197E-05  1.4993064E-05 -3.1740870E-10 -3.2004610E-10  5.5315342E-11  8.4021479E-08
 5.1731151E-11 -2.7557724E-10 -2.7336306E-10  1.2191870E-10  1.0942781E-10  1.8267722E-05  1.3182771E-05 -2.7336306E-10 -2.7557724E-10  5.1731151E-11  7.2216215E-08
 4.8174568E-11 -2.3723234E-10 -2.3537417E-10  1.0658240E-10  9.5777707E-11  1.6062210E-05  1.1590575E-05 -2.3537417E-10 -2.3723234E-10  4.8174568E-11  6.2142970E-08
 4.4692639E-11 -2.0417223E-10 -2.0261467E-10  9.3227206E-11  8.3880446E-11  1.4122169E-05  1.0190111E-05 -2.0261467E-10 -2.0417223E-10  4.4692639E-11  5.3529922E-08
 0.0000000E+00  0.0000000E+00  6.5899881E-10  3.8878848E-08  3.7668820E-08  1.1710661E-03  8.4647351E-04  6.5899881E-10  0.0000000E+00  0.0000000E+00  8.6259739E-05
 0.0000000E+00  0.0000000E+00  4.2042913E-10  3.8459774E-08  3.7255475E-08  1.1663302E-03  8.4304803E-04  4.2042913E-10  0.0000000E+00  0.0000000E+00  8.5484230E-05
 0.0000000E+00 -6.7037801E-09 -6.4273929E-09  2.5202674E-08  2.4201445E-08  9.9571062E-04  7.1963660E-04 -6.4273929E-09 -6.7037801E-09  0.0000000E+00  6.0012289E-05
 0.0000000E+00 -9.7251546E-09 -9.5004437E-09  1.6985662E-08  1.6147405E-08  8.5496494E-04  6.1784720E-04 -9.5004437E-09 -9.7251546E-09  0.0000000E+00  4.2768374E-05
 0.0000000E+00 -1.0737360E-08 -1.0553639E-08  1.1732270E-08  1.1027037E-08  7.3698280E-04  5.3253177E-04 -1.0553639E-08 -1.0737360E-08  0.0000000E+00  3.0826486E-05
 0.0000000E+00 -1.0679078E-08 -1.0528204E-08  8.3040078E-09  7.7081595E-09  6.3747892E-04  4.6058740E-04 -1.0528204E-08 -1.0679078E-08  0.0000000E+00  2.2459936E-05
 0.0000000E+00 -1.0079056E-08 -9.9547148E-09  6.0200646E-09  5.5146905E-09  5.5311681E-04  3.9959783E-04 -9.9547148E-09 -1.0079056E-08  0.0000000E+00  1.6534739E-05
 0.0000000E+00 -9.2341941E-09 -9.1313266E-09  4.4661644E-09  4.0360538E-09  4.8124542E-04  3.4764395E-04 -9.1313266E-09 -9.2341941E-09  0.0000000E+00  1.2295607E-05
 0.0000000E+00 -8.3087618E-09 -8.2234613E-09  3.3862782E-09  3.0190919E-09  4.1975158E-04  3.0319635E-04 -8.2234613E-09 -8.3087618E-09  0.0000000E+00  9.2333706E-06
 0.0000000E+00 -7.3915183E-09 -7.3205458E-09  2.6196475E-09  2.3053018E-09  3.6693349E-04  2.6502323E-04 -7.3205458E-09 -7.3915183E-09  0.0000000E+00  7.0006346E-06
 0.0000000E+00 -6.5275796E-09 -6.4684008E-09  2.0638127E-09  1.7940247E-09  3.2140787E-04  2.3212372E-04 -6.4684008E-09 -6.5275796E-09  0.0000000E+00  5.3580577E-06
-7.1573376E-11 -5.6901377E-09 -5.6412613E-09  1.6272253E-09  1.3974248E-09  2.7963458E-04  2.0193863E-04 -5.6412613E-09 -5.6901377E-09 -7.1573376E-11  4.0658140E-06
-9.8296416E-11 -4.9399269E-09 -4.8995229E-09  1.3006851E-09  1.1046840E-09  2.4352994E-04  1.7585212E-04 -4.8995229E-09 -4.9399269E-09 -9.8296416E-11  3.1131895E-06
-1.0025806E-10 -4.2766727E-09 -4.2432497E-09  1.0521102E-09  8.8473291E-10  2.1227541E-04  1.5327190E-04 -4.2432497E-09 -4.2766727E-09 -1.0025806E-10  2.4054414E-06
-8.9474863E-11 -3.6954252E-09 -3.6677572E-09  8.5980597E-10  7.1671359E-10  1.8517982E-04  1.3369805E-04 -3.6677572E-09 -3.6954252E-09 -8.9474863E-11  1.8753760E-06
-7.3017986E-11 -3.1890295E-09 -3.1661192E-09  7.0884909E-10  5.8639654E-10  1.6165767E-04  1.1670709E-04 -3.1661192E-09 -3.1890295E-09 -7.3017986E-11  1.4751141E-06
-5.4937718E-11 -2.7496170E-09 -2.7306410E-09  5.8882426E-10  4.8393738E-10  1.4121434E-04  1.0194125E-04 -2.7306410E-09 -2.7496170E-09 -5.4937718E-11  1.1702996E-06
-3.7452990E-11 -2.3693559E-09 -2.3536371E-09  4.9231036E-10  4.0239527E-10  1.2342660E-04  8.9094545E-05 -2.3536371E-09 -2.3693559E-09 -3.7452990E-11  9.3618292E-07
-2.1683786E-11 -2.0408808E-09 -2.0278611E-09  4.1394310E-10  3.3680477E-10  1.0793460E-04  7.7906693E-05 -2.0278611E-09 -2.0408808E-09 -2.1683786E-11  7.5481115E-07
-8.1031824E-12 -1.7574942E-09 -1.7467070E-09  3.4977069E-10  2.8354830E-10  9.4429444E-05  6.8154442E-05 -1.7467070E-09 -1.7574942E-09 -8.1031824E-12  6.1309409E-07
 3.1867513E-12 -1.5131942E-09 -1.5042644E-09  2.9683678E-10  2.3995073E-10  8.2647021E-05  5.9646817E-05 -1.5042644E-09 -1.5131942E-09  3.1867513E-12  5.0142023E-07
 1.2286457E-11 -1.3026924E-09 -1.2952996E-09  2.5289523E-10  2.0400185E-10  7.2360534E-05  5.2219839E-05 -1.2952996E-09 -1.3026924E-09  1.2286457E-11  4.1269233E-07
 1.9397974E-11 -1.1213773E-09 -1.1152655E-09  2.1621238E-10  1.7416751E-10  6.3373654E-05  4.5731672E-05 -1.1152655E-09 -1.1213773E-09  1.9397974E-11  3.4163298E-07
 2.4764779E-11 -9.6522334E-10 -9.6017283E-10  1.8543817E-10  1.4926609E-10  5.5517814E-05  4.0060422E-05 -9.6017283E-10 -9.6522334E-10  2.4764779E-11  2.8429142E-07
 2.8638207E-11 -8.3075175E-10 -8.2657959E-10  1.5950492E-10  1.2837282E-10  4.8646756E-05  3.5100447E-05 -8.2657959E-10 -8.3075175E-10  2.8638207E-11  2.3768768E-07
 3.1257792E-11 -7.1496155E-10 -7.1151951E-10  1.3756368E-10  1.1075943E-10  4.2634354E-05  3.0760581E-05 -7.1151951E-10 -7.1496155E-10  3.1257792E-11  1.9955909E-07
 3.2842663E-11 -6.1525794E-10 -6.1242160E-10  1.1893060E-10  9.5845154E-11  3.7371069E-05  2.6961682E-05 -6.1242160E-10 -6.1525794E-10  3.2842663E-11  1.6817000E-07
 3.3587064E-11 -5.2940663E-10 -5.2707260E-10  1.0305322E-10  8.3164843E-11  3.2761881E-05  2.3635095E-05 -5.2707260E-10 -5.2940663E-10  3.3587064E-11  1.4218551E-07
 3.3659802E-11 -4.5548440E-10 -4.5356668E-10  8.9480419E-11  7.2342139E-11  2.8724124E-05  2.0721104E-05 -4.5356668E-10 -4.5548440E-10  3.3659802E-11  1.2056348E-07
 3.3205714E-11 -3.9183520E-10 -3.9026241E-10  7.7843811E-11  6.3072026E-11  2.5186027E-05  1.8167858E-05 -3.9026241E-10 -3.9183520E-10  3.3205714E-11  1.0248962E-07
 3.2346945E-11 -3.3703262E-10 -3.3574529E-10  6.7839542E-11  5.5104906E-11  2.2084925E-05  1.5930098E-05 -3.3574529E-10 -3.3703262E-10  3.2346945E-11  8.7318241E-08
 3.1186060E-11 -2.8984972E-10 -2.8879845E-10  5.9215696E-11  4.8235497E-11  1.9366292E-05  1.3968439E-05 -2.8879845E-10 -2.8984972E-10  3.1186060E-11  7.4537164E-08
 2.9807692E-11 -2.4923065E-10 -2.4837426E-10  5.1763832E-11  4.2295007E-11  1.6982553E-05  1.2248522E-05 -2.4837426E-10 -2.4923065E-10  2.9807692E-11  6.3734659E-08
 2.8281561E-11 -2.1426412E-10 -2.1356784E-10  4.5309828E-11  3.7143365E-11  1.4892175E-05  1.0740349E-05 -2.1356784E-10 -2.1426412E-10  2.8281561E-11  5.4578052E-08
 2.6664117E-11 -1.8416694E-10 -1.8360424E-10  3.9708150E-11  3.2664249E-11  1.3058777E-05  9.4176554E-06 -1.8360424E-10 -1.8416694E-10  2.6664117E-11  4.6797069E-08
 2.5000652E-11 -1.5826479E-10 -1.5781097E-10  3.4836544E-11  2.8760415E-11  1.1450619E-05  8.2575220E-06 -1.5781097E-10 -1.5826479E-10  2.5000652E-11  4.0170382E-08
 2.3327306E-11 -1.3597576E-10 -1.3561070E-10  3.0592027E-11  2.5350395E-11  1.0039984E-05  7.2399333E-06 -1.3561070E-10 -1.3597576E-10  2.3327306E-11  3.4515735E-08
 0.0000000E+00  0.0000000E+00  3.4383764E-10  2.3192317E-08  2.2470533E-08  9.0316662E-04  6.5222199E-04  3.4383764E-10  0.0000000E+00  0.0000000E+00  5.9624966E-05
 0.0000000E+00  0.0000000E+00  1.8038002E-10  2.2918614E-08  2.2200311E-08  8.9942148E-04  6.4951580E-04  1.8038002E-10  0.0000000E+00  0.0000000E+00  5.9076524E-05
 0.0000000E+00 -4.5893564E-09 -4.4891437E-09  1.4342753E-08  1.3747947E-08  7.6487654E-04  5.5229867E-04 -4.4891437E-09 -4.5893564E-09  0.0000000E+00  4.1144155E-05
 0.0000000E+00 -6.6346735E-09 -6.5548961E-09  9.1542161E-09  8.6581050E-09  6.5431142E-04  4.7241827E-04 -6.5548961E-09 -6.6346735E-09  0.0000000E+00  2.9105639E-05
 0.0000000E+00 -7.3021127E-09 -7.2383092E-09  5.9306126E-09  5.5147755E-09  5.6197672E-04  4.0571597E-04 -7.2383092E-09 -7.3021127E-09  0.0000000E+00  2.0834223E-05
 0.0000000E+00 -7.2415906E-09 -7.1903874E-09  3.8976069E-09  3.5475245E-09  4.8439068E-04  3.4967398E-04 -7.1903874E-09 -7.2415906E-09  0.0000000E+00  1.5082503E-05
 0.0000000E+00 -6.8166178E-09 -6.7753787E-09  2.5971148E-09  2.3012306E-09  4.1884145E-04  3.0233105E-04 -6.7753787E-09 -6.8166178E-09  0.0000000E+00  1.1037956E-05
 0.0000000E+00 -6.2297580E-09 -6.1964736E-09  1.7537906E-09  1.5028351E-09  3.6319154E-04  2.6214164E-04 -6.1964736E-09 -6.2297580E-09  0.0000000E+00  8.1635526E-06
 0.0000000E+00 -5.5924047E-09 -5.5654804E-09  1.1997008E-09  9.8617582E-10  3.1573888E-04  2.2787517E-04 -5.5654804E-09 -5.5924047E-09  0.0000000E+00  6.1001415E-06
 0.0000000E+00 -4.9640109E-09 -4.9422023E-09  8.3097326E-10  6.4877930E-10  2.7511631E-04  1.9854327E-04 -4.9422023E-09 -4.9640109E-09  0.0000000E+00  4.6044731E-06
 0.0000000E+00 -4.3744688E-09 -4.3567804E-09  5.8256606E-10  4.2670226E-10  2.4021755E-04  1.7334632E-04 -4.3567804E-09 -4.3744688E-09  0.0000000E+00  3.5100793E-06
-5.4355505E-11 -3.8049287E-09 -3.7907706E-09  4.0270076E-10  2.7038767E-10  2.0830098E-04  1.5030438E-04 -3.7907706E-09 -3.8049287E-09 -5.4355505E-11  2.6541238E-06
-7.6643236E-11 -3.2961135E-09 -3.2847944E-09  2.8031264E-10  1.6783760E-10  1.8080935E-04  1.3045853E-04 -3.2847944E-09 -3.2961135E-09 -7.6643236E-11  2.0260434E-06
-8.0863468E-11 -2.8474056E-09 -2.8383724E-09  1.9630623E-10  1.0057562E-10  1.5708990E-04  1.1333708E-04 -2.8383724E-09 -2.8474056E-09 -8.0863468E-11  1.5613431E-06
-7.5454271E-11 -2.4550903E-09 -2.4479007E-09  1.3819347E-10  5.6622081E-11  1.3659436E-04  9.8543882E-05 -2.4479007E-09 -2.4550903E-09 -7.5454271E-11  1.2145623E-06
-6.5436692E-11 -2.1140705E-09 -2.1083556E-09  9.7721982E-11  2.8143903E-11  1.1886071E-04  8.5745027E-05 -2.1083556E-09 -2.1140705E-09 -6.5436692E-11  9.5350429E-07
-5.3737195E-11 -1.8188063E-09 -1.8142897E-09  6.9384110E-11  9.9804081E-12  1.0349810E-04  7.4658198E-05 -1.8142897E-09 -1.8188063E-09 -5.3737195E-11  7.5522572E-07
-4.2003226E-11 -1.5638410E-09 -1.5602831E-09  4.9463610E-11 -1.2966418E-12  9.0174931E-05  6.5043805E-05 -1.5602831E-09 -1.5638410E-09 -4.2003226E-11  6.0326141E-07
-3.1108233E-11 -1.3440774E-09 -1.3412937E-09  3.5426670E-11 -7.9815634E-12  7.8607837E-05  5.6697228E-05 -1.3412937E-09 -1.3440774E-09 -3.1108233E-11  4.8574013E-07
-2.1462672E-11 -1.1548790E-09 -1.1527129E-09  2.5528363E-11 -1.1618418E-11  6.8556798E-05  4.9445085E-05 -1.1527129E-09 -1.1548790E-09 -2.1462672E-11  3.9404075E-07
-1.3206281E-11 -9.9213483E-10 -9.9046646E-10  1.8555993E-11 -1.3252888E-11  5.9815814E-05  4.3138554E-05 -9.9046646E-10 -9.9213483E-10 -1.3206281E-11  3.2186035E-07
-6.3254541E-12 -8.5221871E-10 -8.5094209E-10  1.3657713E-11 -1.3595864E-11  5.2208622E-05  3.7650371E-05 -8.5094209E-10 -8.5221871E-10 -6.3254541E-12  2.6456253E-07
-7.2516930E-13 -7.3196168E-10 -7.3099845E-10  1.0231957E-11 -1.3130769E-11  4.5583354E-05  3.2870881E-05 -7.3099845E-10 -7.3196168E-10 -7.2516930E-13  2.1870915E-07
 3.7279902E-12 -6.2862336E-10 -6.2790993E-10  7.8505908E-12 -1.2186134E-11  3.9809950E-05  2.8706170E-05 -6.2790993E-10 -6.2862336E-10  3.7279902E-12  1.8173223E-07
 7.1804694E-12 -5.3983487E-10 -5.3931869E-10  6.2074963E-12 -1.0983913E-11  3.4776087E-05  2.5075140E-05 -5.3931869E-10 -5.3983487E-10  7.1804694E-12  1.5170069E-07
 9.7772788E-12 -4.6355268E-10 -4.6319044E-10  5.0831466E-12 -9.6725399E-12  3.0384931E-05  2.1907882E-05 -4.6319044E-10 -4.6355268E-10  9.7772788E-12  1.2714712E-07
 1.1654331E-11 -3.9801718E-10 -3.9777568E-10  4.3199837E-12 -8.3493217E-12  2.6552789E-05  1.9143981E-05 -3.9777568E-10 -3.9801718E-10  1.1654331E-11  1.0695065E-07
 1.2934457E-11 -3.4171577E-10 -3.4156645E-10  3.8050712E-12 -7.0760854E-12  2.3207234E-05  1.6731152E-05 -3.4156645E-10 -3.4171577E-10  1.2934457E-11  9.0246607E-08
 1.3726148E-11 -2.9334786E-10 -2.9327043E-10  3.4577217E-12 -5.8901278E-12  2.0285464E-05  1.4624066E-05 -2.9327043E-10 -2.9334786E-10  1.3726148E-11  7.6362379E-08
 1.4123791E-11 -2.5179721E-10 -2.5177325E-10  3.2205334E-12 -4.8119348E-12  1.7733065E-05  1.2783451E-05 -2.5177325E-10 -2.5179721E-10  1.4123791E-11  6.4770543E-08
 1.4208039E-11 -2.1610429E-10 -2.1612088E-10  3.0533169E-12 -3.8502620E-12  1.5502778E-05  1.1175201E-05 -2.1612088E-10 -2.1610429E-10  1.4208039E-11  5.5054284E-08
 1.4047562E-11 -1.8544504E-10 -1.8549021E-10  2.9281463E-12 -3.0062185E-12  1.3553508E-05  9.7696613E-06 -1.8549021E-10 -1.8544504E-10  1.4047562E-11  4.6881772E-08
 1.3699694E-11 -1.5911064E-10 -1.5917609E-10  2.8260845E-12 -2.2758919E-12  1.1849600E-05  8.5410958E-06 -1.5917609E-10 -1.5911064E-10  1.3699694E-11  3.9986252E-08
 1.3212364E-11 -1.3649274E-10 -1.3657201E-10  2.7347020E-12 -1.6521988E-12  1.0359873E-05  7.4670116E-06 -1.3657201E-10 -1.3649274E-10  1.3212364E-11  3.4152589E-08
 1.2624841E-11 -1.1706962E-10 -1.1715719E-10  2.6460139E-12 -1.1264261E-12  9.0572501E-06  6.5278741E-06 -1.1715719E-10 -1.1706962E-10  1.2624841E-11  2.9205464E-08
 1.1969385E-11 -1.0039148E-10 -1.0048365E-10  2.5554559E-12 -6.8885683E-13  7.9181587E-06  5.7066705E-06 -1.0048365E-10 -1.0039148E-10  1.1969385E-11  2.5001363E-08
 1.1272173E-11 -8.6072001E-11 -8.6165374E-11  2.4606178E-12 -3.2967932E-13  6.9220266E-06  4.9885596E-06 -8.6165374E-11 -8.6072001E-11  1.1272173E-11  2.1422207E-08
 0.0000000E+00  0.0000000E+00  1.6817093E-10  1.3142877E-08  1.2733853E-08  6.7878706E-04  4.8975859E-04  1.6817093E-10  0.0000000E+00  0.0000000E+00  3.9707807E-05
 0.0000000E+00  0.0000000E+00  6.0872991E-11  1.2971553E-08  1.2564565E-08  6.7590356E-04  4.8767686E-04  6.0872991E-11  0.0000000E+00  0.0000000E+00  3.9333580E-05
 0.0000000E+00 -3.0065844E-09 -2.9881052E-09  7.6580875E-09  7.3225168E-09  5.7234935E-04  4.1292545E-04 -2.9881052E-09 -3.0065844E-09  0.0000000E+00  2.7158573E-05
 0.0000000E+00 -4.3289057E-09 -4.3156546E-09  4.5280790E-09  4.2493552E-09  4.8761814E-04  3.5176766E-04 -4.3156546E-09 -4.3289057E-09  0.0000000E+00  1.9059019E-05
 0.0000000E+00 -4.7467771E-09 -4.7373982E-09  2.6462361E-09  2.4135545E-09  4.1714636E-04  3.0090687E-04 -4.7373982E-09 -4.7467771E-09  0.0000000E+00  1.3541632E-05
 0.0000000E+00 -4.6914416E-09 -4.6849414E-09  1.5074129E-09  1.3122929E-09  3.5816747E-04  2.5834441E-04 -4.6849414E-09 -4.6914416E-09  0.0000000E+00  9.7359382E-06
 0.0000000E+00 -4.4022004E-09 -4.3978452E-09  8.1630734E-10  6.5202758E-10  3.0853251E-04  2.2252803E-04 -4.3978452E-09 -4.4022004E-09  0.0000000E+00  7.0801429E-06
 0.0000000E+00 -4.0113235E-09 -4.0085656E-09  3.9773063E-10  2.5891771E-10  2.6655322E-04  1.9223832E-04 -4.0085656E-09 -4.0113235E-09  0.0000000E+00  5.2062870E-06
 0.0000000E+00 -3.5908799E-09 -3.5892920E-09  1.4637585E-10  2.8701100E-11  2.3089075E-04  1.6650834E-04 -3.5892920E-09 -3.5908799E-09  0.0000000E+00  3.8701201E-06
 0.0000000E+00 -3.1788867E-09 -3.1781623E-09 -1.7913763E-12 -1.0183886E-10  2.0047241E-04  1.4456350E-04 -3.1781623E-09 -3.1788867E-09  0.0000000E+00  2.9076231E-06
 0.0000000E+00 -2.7941571E-09 -2.7940643E-09 -8.6104920E-11 -1.7139103E-10  1.7443302E-04  1.2577904E-04 -2.7940643E-09 -2.7941571E-09  0.0000000E+00  2.2073822E-06
-3.8311560E-11 -2.4239510E-09 -2.4243410E-09 -1.3383931E-10 -2.0597098E-10  1.5070616E-04  1.0866398E-04 -2.4243410E-09 -2.4239510E-09 -3.8311560E-11  1.6630815E-06
-5.4957976E-11 -2.0943341E-09 -2.0950398E-09 -1.5491740E-10 -2.1600945E-10  1.3034411E-04  9.3977026E-05 -2.0950398E-09 -2.0943341E-09 -5.4957976E-11  1.2656116E-06
-5.9219056E-11 -1.8045263E-09 -1.8054549E-09 -1.6000861E-10 -2.1181703E-10  1.1283997E-04  8.1352274E-05 -1.8054549E-09 -1.8045263E-09 -5.9219056E-11  9.7277664E-07
-5.6717864E-11 -1.5518813E-09 -1.5529306E-09 -1.5578578E-10 -1.9977241E-10  9.7769519E-05  7.0483501E-05 -1.5529306E-09 -1.5518813E-09 -5.6717864E-11  7.5504060E-07
-5.0828199E-11 -1.3328703E-09 -1.3339846E-09 -1.4641569E-10 -1.8380102E-10  8.4777053E-05  6.1113907E-05 -1.3339846E-09 -1.3328703E-09 -5.0828199E-11  5.9163619E-07
-4.3541452E-11 -1.1437510E-09 -1.1448932E-09 -1.3448534E-10 -1.6629084E-10  7.3561374E-05  5.3026158E-05 -1.1448932E-09 -1.1437510E-09 -4.3541452E-11  4.6784041E-07
-3.6000917E-11 -9.8086478E-10 -9.8199767E-10 -1.2158213E-10 -1.4866410E-10  6.3868976E-05  4.6037225E-05 -9.8199767E-10 -9.8086478E-10 -3.6000917E-11  3.7315633E-07
-2.8832566E-11 -8.4084073E-10 -8.4194113E-10 -1.0866241E-10 -1.3174074E-10  5.5483960E-05  3.9991379E-05 -8.4194113E-10 -8.4084073E-10 -2.8832566E-11  3.0005206E-07
-2.2349988E-11 -7.2060429E-10 -7.2165639E-10 -9.6281188E-11 -1.1596189E-10  4.8223390E-05  3.4756556E-05 -7.2165639E-10 -7.2060429E-10 -2.2349988E-11  2.4308319E-07
-1.6680867E-11 -6.1744392E-10 -6.1843753E-10 -8.4740419E-11 -1.0153465E-10  4.1931092E-05  3.0220089E-05 -6.1843753E-10 -6.1744392E-10 -1.6680867E-11  1.9828646E-07
-1.1845353E-11 -5.2898149E-10 -5.2991102E-10 -7.4183605E-11 -8.8523333E-11  3.6473722E-05  2.6285773E-05 -5.2991102E-10 -5.2898149E-10 -1.1845353E-11  1.6275439E-07
-7.8040818E-12 -4.5314898E-10 -4.5401165E-10 -6.4655099E-11 -7.6905506E-11  3.1737303E-05  2.2871370E-05 -4.5401165E-10 -4.5314898E-10 -7.8040818E-12  1.3434007E-07
-4.4873626E-12 -3.8815512E-10 -3.8895094E-10 -5.6139942E-11 -6.6610417E-11  2.7623999E-05  1.9906304E-05 -3.8895094E-10 -3.8815512E-10 -4.4873626E-12  1.1144165E-07
-1.8128559E-12 -3.3245938E-10 -3.3318926E-10 -4.8588843E-11 -5.7541937E-11  2.4049906E-05  1.7330046E-05 -3.3318926E-10 -3.3245938E-10 -1.8128559E-12  9.2857514E-08
 3.0418806E-13 -2.8473475E-10 -2.8540149E-10 -4.1933165E-11 -4.9591711E-11  2.0942708E-05  1.5090440E-05 -2.8540149E-10 -2.8473475E-10  3.0418806E-13  7.7675877E-08
 1.9451354E-12 -2.4384186E-10 -2.4444824E-10 -3.6095797E-11 -4.2649273E-11  1.8240293E-05  1.3142681E-05 -2.4444824E-10 -2.4384186E-10  1.9451354E-12  6.5200002E-08
 3.1849319E-12 -2.0880474E-10 -2.0935355E-10 -3.0997419E-11 -3.6607015E-11  1.5889001E-05  1.1448068E-05 -2.0935355E-10 -2.0880474E-10  3.1849319E-12  5.4892881E-08
 4.0907934E-12 -1.7878394E-10 -1.7927981E-10 -2.6560395E-11 -3.1363353E-11  1.3842490E-05  9.9731776E-06 -1.7927981E-10 -1.7878394E-10  4.0907934E-12  4.6336733E-08
 4.7218255E-12 -1.5306442E-10 -1.5351015E-10 -2.2710860E-11 -2.6824167E-11  1.2060683E-05  8.6891093E-06 -1.5351015E-10 -1.5306442E-10  4.7218255E-12  3.9203854E-08
 5.1292408E-12 -1.3102867E-10 -1.3142983E-10 -1.9380352E-11 -2.2903771E-11  1.0508994E-05  7.5709255E-06 -1.3142983E-10 -1.3102867E-10  5.1292408E-12  3.3235073E-08
 5.3569528E-12 -1.1215110E-10 -1.1251047E-10 -1.6506122E-11 -1.9524789E-11  9.1573179E-06  6.5969148E-06 -1.1251047E-10 -1.1215110E-10  5.3569528E-12  2.8223960E-08
 5.4421893E-12 -9.5979478E-11 -9.6300774E-11 -1.4031455E-11 -1.6618099E-11  7.9797503E-06  5.7484008E-06 -9.6300774E-11 -9.5979478E-11  5.4421893E-12  2.4004480E-08
 5.4162534E-12 -8.2127135E-11 -8.2414166E-11 -1.1905394E-11 -1.4122131E-11  6.9536801E-06  5.0090758E-06 -8.2414166E-11 -8.2127135E-11  5.4162534E-12  2.0442731E-08
 5.3052668E-12 -7.0262653E-11 -7.0518576E-11 -1.0082568E-11 -1.1982506E-11  6.0594060E-06  4.3647422E-06 -7.0518576E-11 -7.0262653E-11  5.3052668E-12  1.7429228E-08
 5.1308194E-12 -6.0101879E-11 -6.0329573E-11 -8.5227799E-12 -1.0151334E-11  5.2800393E-06  3.8032200E-06 -6.0329573E-11 -6.0101879E-11  5.1308194E-12  1.4874827E-08
 4.9106570E-12 -5.1400962E-11 -5.1603304E-11 -7.1905985E-12 -8.5866358E-12  4.6007018E-06  3.3137862E-06 -5.1603304E-11 -5.1400962E-11  4.9106570E-12  1.2705889E-08
 0.0000000E+00  0.0000000E+00  7.6058871E-11  6.9992023E-09  6.7813864E-09  4.9444305E-04  3.5646166E-04  7.6058871E-11  0.0000000E+00  0.0000000E+00  2.5278522E-05
 0.0000000E+00  0.0000000E+00  9.1755836E-12  6.8972986E-09  6.6805845E-09  4.9228064E-04  3.5490206E-04  9.1755836E-12  0.0000000E+00  0.0000000E+00  2.5034074E-05
 0.0000000E+00 -1.8681701E-09 -1.8800978E-09  3.7726171E-09  3.5947905E-09  4.1490173E-04  2.9909573E-04 -1.8800978E-09 -1.8681701E-09  0.0000000E+00  1.7122959E-05
 0.0000000E+00 -2.6771591E-09 -2.6881232E-09  1.9859277E-09  1.8389020E-09  3.5188388E-04  2.5365053E-04 -2.6881232E-09 -2.6771591E-09  0.0000000E+00  1.1912185E-05
 0.0000000E+00 -2.9229355E-09 -2.9329361E-09  9.5198419E-10  8.2979273E-10  2.9970915E-04  2.1602772E-04 -2.9329361E-09 -2.9229355E-09  0.0000000E+00  8.3956889E-06
 0.0000000E+00 -2.8773763E-09 -2.8864320E-09  3.5750730E-10  2.5548610E-10  2.5623539E-04  1.8468141E-04 -2.8864320E-09 -2.8773763E-09  0.0000000E+00  5.9915201E-06
 0.0000000E+00 -2.6899755E-09 -2.6981425E-09  2.1747843E-11 -6.3784850E-11  2.1980660E-04  1.5841654E-04 -2.6981425E-09 -2.6899755E-09  0.0000000E+00  4.3276928E-06
 0.0000000E+00 -2.4425901E-09 -2.4499431E-09 -1.6100611E-10 -2.3298060E-10  1.8912531E-04  1.3629707E-04 -2.4499431E-09 -2.4425901E-09  0.0000000E+00  3.1628276E-06
 0.0000000E+00 -2.1793571E-09 -2.1859524E-09 -2.5327387E-10 -3.1404096E-10  1.6316754E-04  1.1758410E-04 -2.1859524E-09 -2.1793571E-09  0.0000000E+00  2.3381968E-06
 0.0000000E+00 -1.9232246E-09 -1.9291277E-09 -2.9236052E-10 -3.4381979E-10  1.4111602E-04  1.0168809E-04 -1.9291277E-09 -1.9232246E-09  0.0000000E+00  1.7481258E-06
 0.0000000E+00 -1.6853159E-09 -1.6906015E-09 -3.0066837E-10 -3.4436371E-10  1.2231344E-04  8.8134846E-05 -1.6906015E-09 -1.6853159E-09  0.0000000E+00  1.3214411E-06
-2.5030145E-11 -1.4574544E-09 -1.4621413E-09 -2.9129717E-10 -3.2810201E-10  1.0524978E-04  7.5835746E-05 -1.4621413E-09 -1.4574544E-09 -2.5030145E-11  9.9196485E-07
-3.6326672E-11 -1.2553662E-09 -1.2595198E-09 -2.7180495E-10 -3.0285081E-10  9.0665391E-05  6.5324227E-05 -1.2595198E-09 -1.2553662E-09 -3.6326672E-11  7.5255644E-07
-3.9690194E-11 -1.0783496E-09 -1.0820167E-09 -2.4769124E-10 -2.7391379E-10  7.8179012E-05  5.6325285E-05 -1.0820167E-09 -1.0783496E-09 -3.9690194E-11  5.7692717E-07
-3.8648039E-11 -9.2454660E-10 -9.2778533E-10 -2.2218532E-10 -2.4436044E-10  6.7471912E-05  4.8609071E-05 -9.2778533E-10 -9.2454660E-10 -3.8648039E-11  4.4682060E-07
-3.5329703E-11 -7.9165970E-10 -7.9451487E-10 -1.9712851E-10 -2.1590157E-10  5.8277454E-05  4.1983301E-05 -7.9451487E-10 -7.9165970E-10 -3.5329703E-11  3.4947174E-07
-3.1003357E-11 -6.7727339E-10 -6.7978803E-10 -1.7351910E-10 -1.8942768E-10  5.0371977E-05  3.6286674E-05 -6.7978803E-10 -6.7727339E-10 -3.1003357E-11  2.7589972E-07
-2.6407679E-11 -5.7906574E-10 -5.8127821E-10 -1.5184239E-10 -1.6533565E-10  4.3566884E-05  3.1383205E-05 -5.8127821E-10 -5.7906574E-10 -2.6407679E-11  2.1973750E-07
-2.1956162E-11 -4.9489537E-10 -4.9684122E-10 -1.3227942E-10 -1.4373350E-10  3.7702660E-05  2.7157884E-05 -4.9684122E-10 -4.9489537E-10 -2.1956162E-11  1.7643943E-07
-1.7864535E-11 -4.2284168E-10 -4.2455085E-10 -1.1483345E-10 -1.2456372E-10  3.2644515E-05  2.3513521E-05 -4.2455085E-10 -4.2284168E-10 -1.7864535E-11  1.4273592E-07
-1.4229436E-11 -3.6120954E-10 -3.6271010E-10 -9.9409333E-11 -1.0768086E-10  2.8277780E-05  2.0367452E-05 -3.6271010E-10 -3.6120954E-10 -1.4229436E-11  1.1625733E-07
-1.1077432E-11 -3.0851898E-10 -3.0983524E-10 -8.5858234E-11 -9.2893859E-11  2.4505014E-05  1.7649427E-05 -3.0983524E-10 -3.0851898E-10 -1.1077432E-11  9.5271097E-08
-8.3953334E-12 -2.6348742E-10 -2.6464277E-10 -7.4011137E-11 -7.9998948E-11  2.1243122E-05  1.5299549E-05 -2.6464277E-10 -2.6348742E-10 -8.3953334E-12  7.8500357E-08
-6.1485543E-12 -2.2501189E-10 -2.2602317E-10 -6.3692756E-11 -6.8791313E-11  1.8421076E-05  1.3266623E-05 -2.2602317E-10 -2.2501189E-10 -6.1485543E-12  6.4995004E-08
-4.2927516E-12 -1.9214004E-10 -1.9302690E-10 -5.4733134E-11 -5.9076438E-11  1.5978241E-05  1.1506936E-05 -1.9302690E-10 -1.9214004E-10 -4.2927516E-12  5.4042930E-08
-2.7804671E-12 -1.6405986E-10 -1.6483540E-10 -4.6972800E-11 -5.0674205E-11  1.3862494E-05  9.9829243E-06 -1.6483540E-10 -1.6405986E-10 -2.7804671E-12  4.5104628E-08
-1.5650003E-12 -1.4007253E-10 -1.4075171E-10 -4.0265174E-11 -4.3420698E-11  1.2029266E-05  8.6624653E-06 -1.4075171E-10 -1.4007253E-10 -1.5650003E-12  3.7767727E-08
-6.0265361E-13 -1.1958305E-10 -1.2017710E-10 -3.4477906E-11 -3.7168927E-11  1.0440164E-05  7.5178934E-06 -1.2017710E-10 -1.1958305E-10 -6.0265361E-13  3.1714342E-08
 1.4628242E-13 -1.0208159E-10 -1.0260079E-10 -2.9492479E-11 -3.1788000E-11  9.0621988E-06  6.5254247E-06 -1.0260079E-10 -1.0208159E-10  1.4628242E-13  2.6697218E-08
 7.1709886E-13 -8.7133777E-11 -8.7587030E-11 -2.5203740E-11 -2.7162387E-11  7.8669164E-06  5.6645655E-06 -8.7587030E-11 -8.7133777E-11  7.1709886E-13  2.2522144E-08
 1.1406730E-12 -7.4366352E-11 -7.4762165E-11 -2.1519031E-11 -2.3190626E-11  6.8298307E-06  4.9176674E-06 -7.4762165E-11 -7.4366352E-11  1.1406730E-12  1.9035603E-08
 1.4437025E-12 -6.3462175E-11 -6.3807752E-11 -1.8356880E-11 -1.9783740E-11  5.9297950E-06  4.2694934E-06 -6.3807752E-11 -6.3462175E-11  1.4437025E-12  1.6114857E-08
 1.6490088E-12 -5.4149952E-11 -5.4451372E-11 -1.5646044E-11 -1.6864227E-11  5.1485422E-06  3.7068800E-06 -5.4451372E-11 -5.4149952E-11  1.6490088E-12  1.3661489E-08
 1.7759571E-12 -4.6197674E-11 -4.6460552E-11 -1.3324495E-11 -1.4364641E-11  4.4702760E-06  3.2184475E-06 -4.6460552E-11 -4.6197674E-11  1.7759571E-12  1.1595890E-08
 1.8408345E-12 -3.9407390E-11 -3.9636496E-11 -1.1338223E-11 -1.2226450E-11  3.8813431E-06  2.7943591E-06 -3.9636496E-11 -3.9407390E-11  1.8408345E-12  9.8531339E-09
 1.8572527E-12 -3.3609773E-11 -3.3809504E-11 -9.6402929E-12 -1.0398885E-11  3.3699208E-06  2.4260970E-06 -3.3809504E-11 -3.3609773E-11  1.8572527E-12  8.3801033E-09
 1.8364938E-12 -2.8660286E-11 -2.8834197E-11 -8.1901574E-12 -8.8380720E-12  2.9257676E-06  2.1062834E-06 -2.8834197E-11 -2.8660286E-11  1.8364938E-12  7.1331380E-09
 0.0000000E+00  0.0000000E+00  3.1226311E-11  3.4517799E-09  3.3443607E-09  3.4650208E-04  2.4961993E-04  3.1226311E-11  0.0000000E+00  0.0000000E+00  1.5221421E-05
 0.0000000E+00  0.0000000E+00 -7.8888876E-12  3.3948915E-09  3.2880311E-09  3.4494015E-04  2.4849434E-04 -7.8888876E-12  0.0000000E+00  0.0000000E+00  1.5069967E-05
 0.0000000E+00 -1.0877142E-09 -1.1053760E-09  1.6721498E-09  1.5849329E-09  2.8919267E-04  2.0832199E-04 -1.1053760E-09 -1.0877142E-09  0.0000000E+00  1.0201114E-05
 0.0000000E+00 -1.5502369E-09 -1.5653069E-09  7.1954073E-10  6.4780011E-10  2.4403048E-04  1.7577970E-04 -1.5653069E-09 -1.5502369E-09  0.0000000E+00  7.0292303E-06
 0.0000000E+00 -1.6840665E-09 -1.6969688E-09  1.9264087E-10  1.3331470E-10  2.0682738E-04  1.4897417E-04 -1.6969688E-09 -1.6840665E-09  0.0000000E+00  4.9107077E-06
 0.0000000E+00 -1.6501190E-09 -1.6611835E-09 -9.1013463E-11 -1.4030686E-10  1.7598166E-04  1.2675052E-04 -1.6611835E-09 -1.6501190E-09  0.0000000E+00  3.4763371E-06
 0.0000000E+00 -1.5359586E-09 -1.5454775E-09 -2.3520055E-10 -2.7633201E-10  1.5025850E-04  1.0821858E-04 -1.5454775E-09 -1.5359586E-09  0.0000000E+00  2.4926706E-06
 0.0000000E+00 -1.3890099E-09 -1.3972188E-09 -2.9965444E-10 -3.3410602E-10  1.2869550E-04  9.2684586E-05 -1.3972188E-09 -1.3890099E-09  0.0000000E+00  1.8098098E-06
 0.0000000E+00 -1.2345121E-09 -1.2415994E-09 -3.1906709E-10 -3.4802259E-10  1.1053635E-04  7.9603378E-05 -1.2415994E-09 -1.2345121E-09  0.0000000E+00  1.3301720E-06
 0.0000000E+00 -1.0853769E-09 -1.0915029E-09 -3.1369716E-10 -3.3810862E-10  9.5179267E-05  6.8541179E-05 -1.0915029E-09 -1.0853769E-09  0.0000000E+00  9.8940603E-07
 0.0000000E+00 -9.4770209E-10 -9.5300815E-10 -2.9539201E-10 -3.1603021E-10  8.2142332E-05  5.9150723E-05 -9.5300815E-10 -9.4770209E-10  0.0000000E+00  7.4460341E-07
-1.5044427E-11 -8.1654060E-10 -8.2110682E-10 -2.6967948E-10 -2.8698382E-10  7.0364875E-05  5.0667792E-05 -8.2110682E-10 -8.1654060E-10 -1.5044427E-11  5.5688666E-07
-2.2009032E-11 -7.0076385E-10 -7.0469203E-10 -2.4161946E-10 -2.5615032E-10  6.0344733E-05  4.3450944E-05 -7.0469203E-10 -7.0076385E-10 -2.2009032E-11  4.2118533E-07
-2.4272543E-11 -5.9978282E-10 -6.0316343E-10 -2.1375966E-10 -2.2597803E-10  5.1804150E-05  3.7299996E-05 -6.0316343E-10 -5.9978282E-10 -2.4272543E-11  3.2206754E-07
-2.3894145E-11 -5.1240151E-10 -5.1531278E-10 -1.8745350E-10 -1.9774014E-10  4.4513581E-05  3.2049516E-05 -5.1531278E-10 -5.1240151E-10 -2.3894145E-11  2.4890421E-07
-2.2122033E-11 -4.3719399E-10 -4.3970188E-10 -1.6334922E-10 -1.7201928E-10  3.8280827E-05  2.7561029E-05 -4.3970188E-10 -4.3719399E-10 -2.2122033E-11  1.9432153E-07
-1.9704619E-11 -3.7269942E-10 -3.7486049E-10 -1.4168469E-10 -1.4899981E-10  3.2945343E-05  2.3718856E-05 -3.7486049E-10 -3.7269942E-10 -1.9704619E-11  1.5316327E-07
-1.7081935E-11 -3.1752959E-10 -3.1939189E-10 -1.2246505E-10 -1.2864264E-10  2.8372520E-05  2.0426014E-05 -3.1939189E-10 -3.1752959E-10 -1.7081935E-11  1.2179908E-07
-1.4504490E-11 -2.7041685E-10 -2.7202281E-10 -1.0556796E-10 -1.1078928E-10  2.4449047E-05  1.7600865E-05 -2.7202281E-10 -2.7041685E-10 -1.4504490E-11  9.7651315E-08
-1.2106396E-11 -2.3023027E-10 -2.3161569E-10 -9.0809256E-11 -9.5225768E-11  2.1079404E-05  1.5174592E-05 -2.3161569E-10 -2.3023027E-10 -1.2106396E-11  7.8872289E-08
-9.9512678E-12 -1.9597932E-10 -1.9717342E-10 -7.7981185E-11 -8.1719567E-11  1.8182862E-05  1.3089045E-05 -1.9717342E-10 -1.9597932E-10 -9.9512678E-12  6.4130769E-08
-8.0607078E-12 -1.6680070E-10 -1.6783081E-10 -6.6871364E-11 -7.0037735E-11  1.5690893E-05  1.1294857E-05 -1.6783081E-10 -1.6680070E-10 -8.0607078E-12  5.2455361E-08
-6.4318979E-12 -1.4195268E-10 -1.4284143E-10 -5.7276598E-11 -5.9960020E-11  1.3545505E-05  9.7502519E-06 -1.4284143E-10 -1.4195268E-10 -6.4318979E-12  4.3131773E-08
-5.0487501E-12 -1.2079724E-10 -1.2156440E-10 -4.9008726E-11 -5.1284028E-11  1.1697279E-05  8.4196385E-06 -1.2156440E-10 -1.2079724E-10 -5.0487501E-12  3.5629870E-08
-3.8885228E-12 -1.0278773E-10 -1.0344934E-10 -4.1896974E-11 -4.3827108E-11  1.0104021E-05  7.2726217E-06 -1.0344934E-10 -1.0278773E-10 -3.8885228E-12  2.9552216E-08
-2.9259769E-12 -8.7457363E-11 -8.8028119E-11 -3.5788610E-11 -3.7426644E-11  8.7299547E-06  6.2834367E-06 -8.8028119E-11 -8.7457363E-11 -2.9259769E-12  2.4598070E-08
-2.1357603E-12 -7.4408600E-11 -7.4901036E-11 -3.0548695E-11 -3.1939363E-11  7.5442619E-06  5.4298867E-06 -7.4901036E-11 -7.4408600E-11 -2.1357603E-12  2.0537378E-08
-1.4938023E-12 -6.3302157E-11 -6.3727018E-11 -2.6058493E-11 -2.7239523E-11  6.5207366E-06  4.6930985E-06 -6.3727018E-11 -6.3302157E-11 -1.4938023E-12  1.7192769E-08
-9.7799282E-13 -5.3849169E-11 -5.4215880E-11 -2.2214327E-11 -2.3217619E-11  5.6369165E-06  4.0568942E-06 -5.4215880E-11 -5.3849169E-11 -9.7799282E-13  1.4426172E-08
-5.6852324E-13 -4.5803842E-11 -4.6120132E-11 -1.8926061E-11 -1.9778592E-11  4.8734213E-06  3.5073203E-06 -4.6120132E-11 -4.5803842E-11 -5.6852324E-13  1.2129015E-08
-2.4791557E-13 -3.8956761E-11 -3.9229604E-11 -1.6115330E-11 -1.6839927E-11  4.2137074E-06  3.0324626E-06 -3.9229604E-11 -3.8956761E-11 -2.4791557E-13  1.0215440E-08
-9.7571206E-16 -3.3129613E-11 -3.3364946E-11 -1.3714577E-11 -1.4330548E-11  3.6435252E-06  2.6220602E-06 -3.3364946E-11 -3.3129613E-11 -9.7571206E-16  8.6167604E-09
 1.8537851E-13 -2.8170755E-11 -2.8373855E-11 -1.1665262E-11 -1.2189017E-11  3.1506233E-06  2.2672919E-06 -2.8373855E-11 -2.8170755E-11  1.8537851E-13  7.2777952E-09
 3.2231258E-13 -2.3951164E-11 -2.4126273E-11 -9.9170779E-12 -1.0362461E-11  2.7244546E-06  1.9605627E-06 -2.4126273E-11 -2.3951164E-11  3.2231258E-13  6.1539376E-09
 4.1928061E-13 -2.0360855E-11 -2.0511837E-11 -8.4265845E-12 -8.8053719E-12  2.3559332E-06  1.6953311E-06 -2.0511837E-11 -2.0360855E-11  4.1928061E-13  5.2088273E-09
 4.8423226E-13 -1.7306147E-11 -1.7436301E-11 -7.1565365E-12 -7.4787202E-12  2.0372231E-06  1.4659553E-06 -1.7436301E-11 -1.7306147E-11  4.8423226E-13  4.4127202E-09
 5.2380813E-13 -1.4707496E-11 -1.4819744E-11 -6.0749150E-12 -6.3489772E-12  1.7615652E-06  1.2675689E-06 -1.4819744E-11 -1.4707496E-11  5.2380813E-13  3.7411689E-09
 0.0000000E+00  0.0000000E+00  1.1339900E-11  1.5443297E-09  1.4962720E-09  2.3121125E-04  1.6645232E-04  1.1339900E-11  0.0000000E+00  0.0000000E+00  8.5414606E-06
 0.0000000E+00  0.0000000E+00 -9.7618809E-12  1.5150243E-09  1.4672230E-09  2.3013361E-04  1.6567631E-04 -9.7618809E-12  0.0000000E+00  0.0000000E+00  8.4539100E-06
 0.0000000E+00 -5.8339140E-10 -5.9728499E-10  6.3978497E-10  6.0100616E-10  1.9179079E-04  1.3806658E-04 -5.9728499E-10 -5.8339140E-10  0.0000000E+00  5.6565815E-06
 0.0000000E+00 -8.2616043E-10 -8.3777340E-10  1.7394204E-10  1.4222957E-10  1.6091312E-04  1.1583346E-04 -8.3777340E-10 -8.2616043E-10  0.0000000E+00  3.8566237E-06
 0.0000000E+00 -8.9221791E-10 -9.0196707E-10 -6.9985248E-11 -9.6062243E-11  1.3562385E-04  9.7625130E-05 -9.0196707E-10 -8.9221791E-10  0.0000000E+00  2.6682006E-06
 0.0000000E+00 -8.6947146E-10 -8.7768722E-10 -1.9015128E-10 -2.1169956E-10  1.1477324E-04  8.2613318E-05 -8.7768722E-10 -8.6947146E-10  0.0000000E+00  1.8722314E-06
 0.0000000E+00 -8.0519803E-10 -8.1214531E-10 -2.4148828E-10 -2.5937233E-10  9.7480419E-05  7.0163511E-05 -8.1214531E-10 -8.0519803E-10  0.0000000E+00  1.3318501E-06
 0.0000000E+00 -7.2466779E-10 -7.3056115E-10 -2.5505212E-10 -2.6995352E-10  8.3060727E-05  5.9782666E-05 -7.3056115E-10 -7.2466779E-10  0.0000000E+00  9.6018952E-07
 0.0000000E+00 -6.4112202E-10 -6.4613522E-10 -2.4850897E-10 -2.6096903E-10  7.0980544E-05  5.1086357E-05 -6.4613522E-10 -6.4112202E-10  0.0000000E+00  7.0136115E-07
 0.0000000E+00 -5.6120418E-10 -5.6547965E-10 -2.3191936E-10 -2.4237129E-10  6.0816148E-05  4.3769445E-05 -5.6547965E-10 -5.6120418E-10  0.0000000E+00  5.1889865E-07
 0.0000000E+00 -4.8795067E-10 -4.9160613E-10 -2.1098087E-10 -2.1977373E-10  5.2230634E-05  3.7589332E-05 -4.9160613E-10 -4.8795067E-10  0.0000000E+00  3.8872251E-07
-8.2011231E-12 -4.1859189E-10 -4.2169096E-10 -1.8759878E-10 -1.9493319E-10  4.4513680E-05  3.2034623E-05 -4.2169096E-10 -4.1859189E-10 -8.2011231E-12  2.8965101E-07
-1.2062162E-11 -3.5770523E-10 -3.6033526E-10 -1.6475802E-10 -1.7088532E-10  3.7981706E-05  2.7333038E-05 -3.6033526E-10 -3.5770523E-10 -1.2062162E-11  2.1840564E-07
-1.3386008E-11 -3.0486722E-10 -3.0710227E-10 -1.4347307E-10 -1.4859909E-10  3.2442867E-05  2.3346423E-05 -3.0710227E-10 -3.0486722E-10 -1.3386008E-11  1.6659306E-07
-1.3272546E-11 -2.5936292E-10 -2.6126376E-10 -1.2418845E-10 -1.2848261E-10  2.7738363E-05  1.9960437E-05 -2.6126376E-10 -2.5936292E-10 -1.3272546E-11  1.2848038E-07
-1.2390299E-11 -2.2037579E-10 -2.2199273E-10 -1.0702952E-10 -1.1063078E-10  2.3736630E-05  1.7080345E-05 -2.2199273E-10 -2.2037579E-10 -1.2390299E-11  1.0012446E-07
-1.1141651E-11 -1.8708927E-10 -1.8846695E-10 -9.1945632E-11 -9.4969120E-11  2.0327996E-05  1.4627189E-05 -1.8846695E-10 -1.8708927E-10 -1.1141651E-11  7.8785881E-08
-9.7651091E-12 -1.5873809E-10 -1.5991259E-10 -7.8796261E-11 -8.1336981E-11  1.7421046E-05  1.2535151E-05 -1.5991259E-10 -1.5873809E-10 -9.7651091E-12  6.2549849E-08
-8.3977488E-12 -1.3463010E-10 -1.3563084E-10 -6.7401971E-11 -6.9538947E-11  1.4939130E-05  1.0749047E-05 -1.3563084E-10 -1.3463010E-10 -8.3977488E-12  5.0062989E-08
-7.1142933E-12 -1.1415193E-10 -1.1500645E-10 -5.7571086E-11 -5.9369912E-11  1.2818017E-05  9.2226376E-06 -1.1500645E-10 -1.1415193E-10 -7.1142933E-12  4.0361115E-08
-5.9514963E-12 -9.6771881E-11 -9.7500125E-11 -4.9116361E-11 -5.0631634E-11  1.1003479E-05  7.9168847E-06 -9.7500125E-11 -9.6771881E-11 -5.9514963E-12  3.2750638E-08
-4.9231823E-12 -8.2026612E-11 -8.2648990E-11 -4.1862956E-11 -4.3140245E-11  9.4500189E-06  6.7990303E-06 -8.2648990E-11 -8.2026612E-11 -4.9231823E-12  2.6727391E-08
-4.0297786E-12 -6.9521807E-11 -7.0053416E-11 -3.5651827E-11 -3.6729120E-11  8.1190819E-06  5.8413267E-06 -7.0053416E-11 -6.9521807E-11 -4.0297786E-12  2.1921648E-08
-3.2642209E-12 -5.8919171E-11 -5.9373302E-11 -3.0341224E-11 -3.1250325E-11  6.9779568E-06  5.0202297E-06 -5.9373302E-11 -5.8919171E-11 -3.2642209E-12  1.8058824E-08
-2.6155620E-12 -4.9930349E-11 -5.0318492E-11 -2.5805875E-11 -2.6573441E-11  5.9990241E-06  4.3158527E-06 -5.0318492E-11 -4.9930349E-11 -2.6155620E-12  1.4933454E-08
-2.0712688E-12 -4.2310472E-11 -4.2642217E-11 -2.1936543E-11 -2.2584865E-11  5.1587641E-06  3.7112711E-06 -4.2642217E-11 -4.2310472E-11 -2.0712688E-12  1.2389824E-08
-1.6185330E-12 -3.5851228E-11 -3.6134929E-11 -1.8638050E-11 -1.9185892E-11  4.4371804E-06  3.1920912E-06 -3.6134929E-11 -3.5851228E-11 -1.6185330E-12  1.0308776E-08
-1.2450495E-12 -3.0376204E-11 -3.0618699E-11 -1.5828272E-11 -1.6291349E-11  3.8172485E-06  2.7460597E-06 -3.0618699E-11 -3.0376204E-11 -1.2450495E-12  8.5985807E-09
-9.3943790E-13 -2.5735384E-11 -2.5942843E-11 -1.3436237E-11 -1.3827794E-11  3.2844393E-06  2.3627205E-06 -2.5942843E-11 -2.5735384E-11 -9.3943790E-13  7.1874309E-09
-6.9141070E-13 -2.1801920E-11 -2.1979281E-11 -1.1401004E-11 -1.1732168E-11  2.8263557E-06  2.0331514E-06 -2.1979281E-11 -2.1801920E-11 -6.9141070E-13  6.0189942E-09
-4.9186914E-13 -1.8467951E-11 -1.8619771E-11 -9.6702292E-12 -9.9503975E-12  2.4324071E-06  1.7497300E-06 -1.8619771E-11 -1.8467951E-11 -4.9186914E-13  5.0486073E-09
-3.3285285E-13 -1.5642328E-11 -1.5772121E-11 -8.1990402E-12 -8.4361109E-12  2.0935234E-06  1.5059298E-06 -1.5772121E-11 -1.5642328E-11 -3.3285285E-13  4.2405799E-09
-2.0748198E-13 -1.3247670E-11 -1.3358663E-11 -6.9490778E-12 -7.1497161E-12  1.8019455E-06  1.2961665E-06 -1.3358663E-11 -1.3247670E-11 -2.0748198E-13  3.5661998E-09
-1.0986033E-13 -1.1218178E-11 -1.1313220E-11 -5.8875110E-12 -6.0573438E-12  1.5510241E-06  1.1156554E-06 -1.1313220E-11 -1.1218178E-11 -1.0986033E-13  3.0022621E-09
-3.4970689E-14 -9.4984979E-12 -9.5797725E-12 -4.9863036E-12 -5.1300808E-12  1.3350611E-06  9.6029592E-07 -9.5797725E-12 -9.4984979E-12 -3.4970689E-14  2.5298438E-09
 2.1421467E-14 -8.0413273E-12 -8.1108095E-12 -4.2215378E-12 -4.3432702E-12  1.1491546E-06  8.2656142E-07 -8.1108095E-12 -8.0413273E-12  2.1421467E-14  2.1335066E-09
 6.2873049E-14 -6.8067314E-12 -6.8661588E-12 -3.5727970E-12 -3.6758748E-12  9.8911198E-07  7.1143436E-07 -6.8661588E-12 -6.8067314E-12  6.2873049E-14  1.8005654E-09
 0.0000000E+00  0.0000000E+00  3.5069223E-12  6.0820757E-10  5.8928065E-10  1.4468994E-04  1.0410201E-04  3.5069223E-12  0.0000000E+00  0.0000000E+00  4.3705723E-06
 0.0000000E+00  0.0000000E+00 -6.7363268E-12  5.9461990E-10  5.7579759E-10  1.4399030E-04  1.0359853E-04 -6.7363268E-12  0.0000000E+00  0.0000000E+00  4.3242572E-06
 0.0000000E+00 -2.8109135E-10 -2.8938159E-10  1.9509620E-10  1.7993299E-10  1.1917383E-04  8.5740603E-05 -2.8938159E-10 -2.8109135E-10  0.0000000E+00  2.8556504E-06
 0.0000000E+00 -3.9507709E-10 -4.0191627E-10 -8.3498452E-12 -2.0667036E-11  9.9326516E-05  7.1459059E-05 -4.0191627E-10 -3.9507709E-10  0.0000000E+00  1.9238572E-06
 0.0000000E+00 -4.2372130E-10 -4.2939161E-10 -1.0784911E-10 -1.1791182E-10  8.3178553E-05  5.9839846E-05 -4.2939161E-10 -4.2372130E-10  0.0000000E+00  1.3166526E-06
 0.0000000E+00 -4.1027537E-10 -4.1499776E-10 -1.5096226E-10 -1.5922479E-10  6.9950081E-05  5.0321675E-05 -4.1499776E-10 -4.1027537E-10  0.0000000E+00  9.1490373E-07
 0.0000000E+00 -3.7767113E-10 -3.8161968E-10 -1.6382278E-10 -1.7063811E-10  5.9046942E-05  4.2476904E-05 -3.8161968E-10 -3.7767113E-10  0.0000000E+00  6.4521516E-07
 0.0000000E+00 -3.3797900E-10 -3.4129242E-10 -1.6090498E-10 -1.6654933E-10  5.0011312E-05  3.5975987E-05 -3.4129242E-10 -3.3797900E-10  0.0000000E+00  4.6164576E-07
 0.0000000E+00 -2.9740782E-10 -3.0019610E-10 -1.5024536E-10 -1.5493713E-10  4.2486667E-05  3.0562343E-05 -3.0019610E-10 -2.9740782E-10  0.0000000E+00  3.3500037E-07
 0.0000000E+00 -2.5899362E-10 -2.6134764E-10 -1.3628592E-10 -1.4019879E-10  3.6192707E-05  2.6034249E-05 -2.6134764E-10 -2.5899362E-10  0.0000000E+00  2.4646691E-07
 0.0000000E+00 -2.2406692E-10 -2.2606032E-10 -1.2144381E-10 -1.2471701E-10  3.0907198E-05  2.2231766E-05 -2.2606032E-10 -2.2406692E-10  0.0000000E+00  1.8377122E-07
-3.9628614E-12 -1.9123215E-10 -1.9290512E-10 -1.0615494E-10 -1.0886895E-10  2.6184411E-05  1.8834206E-05 -1.9290512E-10 -1.9123215E-10 -3.9628614E-12  1.3643834E-07
-5.8484383E-12 -1.6259271E-10 -1.6399881E-10 -9.1949012E-11 -9.4203010E-11  2.2210784E-05  1.5975662E-05 -1.6399881E-10 -1.6259271E-10 -5.8484383E-12  1.0257817E-07
-6.5163538E-12 -1.3788653E-10 -1.3906880E-10 -7.9141045E-11 -8.1015771E-11  1.8861320E-05  1.3566189E-05 -1.3906880E-10 -1.3788653E-10 -6.5163538E-12  7.8057262E-08
-6.4909771E-12 -1.1672715E-10 -1.1772385E-10 -6.7811399E-11 -6.9372747E-11  1.6033227E-05  1.1531815E-05 -1.1772385E-10 -1.1672715E-10 -6.4909771E-12  6.0078917E-08
-6.0914062E-12 -9.8695619E-11 -9.9535451E-11 -5.7914773E-11 -5.9216699E-11  1.3641574E-05  9.8114366E-06 -9.9535451E-11 -9.8695619E-11 -6.0914062E-12  4.6734859E-08
-5.5103436E-12 -8.3380059E-11 -8.4089038E-11 -4.9343835E-11 -5.0430653E-11  1.1616268E-05  8.3546128E-06 -8.4089038E-11 -8.3380059E-11 -5.5103436E-12  3.6710722E-08
-4.8624291E-12 -7.0401204E-11 -7.0999991E-11 -4.1965499E-11 -4.2873649E-11  9.8990113E-06  7.1193996E-06 -7.0999991E-11 -7.0401204E-11 -4.8624291E-12  2.9092638E-08
-4.2140746E-12 -5.9419677E-11 -5.9925777E-11 -3.5641096E-11 -3.6400651E-11  8.4412587E-06  6.0708645E-06 -5.9925777E-11 -5.9419677E-11 -4.2140746E-12  2.3238872E-08
-3.6019152E-12 -5.0137998E-11 -5.0565949E-11 -3.0237169E-11 -3.0872982E-11  7.2024350E-06  5.1798234E-06 -5.0565949E-11 -5.0137998E-11 -3.6019152E-12  1.8693925E-08
-3.0443161E-12 -4.2298478E-11 -4.2660715E-11 -2.5630469E-11 -2.6163089E-11  6.1487401E-06  4.4219527E-06 -4.2660715E-11 -4.2298478E-11 -3.0443161E-12  1.5131237E-08
-2.5486141E-12 -3.5680349E-11 -3.5986917E-11 -2.1710249E-11 -2.2156745E-11  5.2516588E-06  3.7767401E-06 -3.5986917E-11 -3.5680349E-11 -2.5486141E-12  1.2313972E-08
-2.1156126E-12 -3.0094889E-11 -3.0354683E-11 -1.8378873E-11 -1.8753392E-11  4.4873657E-06  3.2270436E-06 -3.0354683E-11 -3.0094889E-11 -2.1156126E-12  1.0068520E-08
-1.7424419E-12 -2.5382167E-11 -2.5602264E-11 -1.5550762E-11 -1.5865094E-11  3.8357271E-06  2.7583792E-06 -2.5602264E-11 -2.5382167E-11 -1.7424419E-12  8.2660654E-09
-1.4242430E-12 -2.1406067E-11 -2.1592686E-11 -1.3152107E-11 -1.3416059E-11  3.2797888E-06  2.3585508E-06 -2.1592686E-11 -2.1406067E-11 -1.4242430E-12  6.8102378E-09
-1.1553627E-12 -1.8051902E-11 -1.8210112E-11 -1.1118976E-11 -1.1340708E-11  2.8052222E-06  2.0172507E-06 -1.8210112E-11 -1.8051902E-11 -1.1553627E-12  5.6278531E-09
-9.2990593E-13 -1.5222489E-11 -1.5356595E-11 -9.3967236E-12 -9.5830883E-12  2.3999135E-06  1.7257644E-06 -1.5356595E-11 -1.5222489E-11 -9.2990593E-13  4.6629450E-09
-7.4218903E-13 -1.2835758E-11 -1.2949585E-11 -7.9385557E-12 -8.0952426E-12  2.0535882E-06  1.4767021E-06 -1.2949585E-11 -1.2835758E-11 -7.4218903E-13  3.8721920E-09
-5.8691663E-13 -1.0822552E-11 -1.0919161E-11 -6.7045325E-12 -6.8363120E-12  1.7575530E-06  1.2638093E-06 -1.0919161E-11 -1.0822552E-11 -5.8691663E-13  3.2218192E-09
-4.5929079E-13 -9.1244162E-12 -9.2064003E-12 -5.6606083E-12 -5.7714723E-12  1.5044087E-06  1.0817645E-06 -9.2064003E-12 -9.1244162E-12 -4.5929079E-13  2.6852065E-09
-3.5504635E-13 -7.6921288E-12 -7.7617163E-12 -4.7778085E-12 -4.8711013E-12  1.2878712E-06  9.2604764E-07 -7.7617163E-12 -7.6921288E-12 -3.5504635E-13  2.2412431E-09
-2.7044710E-13 -6.4840901E-12 -6.5431653E-12 -4.0315288E-12 -4.1100538E-12  1.1026028E-06  7.9281875E-07 -6.5431653E-12 -6.4840901E-12 -2.7044710E-13  1.8730751E-09
-2.0225327E-13 -5.4652337E-12 -5.5153845E-12 -3.4008508E-12 -3.4669605E-12  9.4404295E-07  6.7879842E-07 -5.5153845E-12 -5.4652337E-12 -2.0225327E-13  1.5671293E-09
-1.4768234E-13 -4.6059837E-12 -4.6485588E-12 -2.8680304E-12 -2.9236953E-12  8.0832150E-07  5.8120236E-07 -4.6485588E-12 -4.6059837E-12 -1.4768234E-13  1.3124439E-09
-1.0436114E-13 -3.8813747E-12 -3.9175315E-12 -2.4180102E-12 -2.4648886E-12  6.9212157E-07  4.9764554E-07 -3.9175315E-12 -3.8813747E-12 -1.0436114E-13  1.1000944E-09
-7.0280873E-14 -3.2703535E-12 -3.3010485E-12 -2.0380444E-12 -2.0775268E-12  5.9263141E-07  4.2610517E-07 -3.3010485E-12 -3.2703535E-12 -7.0280873E-14  9.2279700E-10
-4.3749915E-14 -2.7551574E-12 -2.7812228E-12 -1.7173085E-12 -1.7505683E-12  5.0743097E-07  3.6484103E-07 -2.7812228E-12 -2.7551574E-12 -4.3749915E-14  7.7460005E-10
 0.0000000E+00  0.0000000E+00  8.7079714E-13  2.0122846E-10  1.9496635E-10  8.2944390E-05  5.9646095E-05  8.7079714E-13  0.0000000E+00  0.0000000E+00  1.9716363E-06
 0.0000000E+00  0.0000000E+00 -3.4337673E-12  1.9577311E-10  1.8954701E-10  8.2525857E-05  5.9345078E-05 -3.4337673E-12  0.0000000E+00  0.0000000E+00  1.9499544E-06
 0.0000000E+00 -1.1702830E-10 -1.2095995E-10  3.8208714E-11  3.3234207E-11  6.7744610E-05  4.8714580E-05 -1.2095995E-10 -1.1702830E-10  0.0000000E+00  1.2683912E-06
 0.0000000E+00 -1.6301320E-10 -1.6622019E-10 -3.7941633E-11 -4.1950579E-11  5.6018466E-05  4.0281509E-05 -1.6622019E-10 -1.6301320E-10  0.0000000E+00  8.4295854E-07
 0.0000000E+00 -1.7338967E-10 -1.7601945E-10 -7.2020097E-11 -7.5270157E-11  4.6553147E-05  3.3474525E-05 -1.7601945E-10 -1.7338967E-10  0.0000000E+00  5.6988320E-07
 0.0000000E+00 -1.6659794E-10 -1.6876613E-10 -8.4003661E-11 -8.6652454E-11  3.8858757E-05  2.7941240E-05 -1.6876613E-10 -1.6659794E-10  0.0000000E+00  3.9171002E-07
 0.0000000E+00 -1.5225512E-10 -1.5404845E-10 -8.4638707E-11 -8.6807689E-11  3.2564566E-05  2.3414987E-05 -1.5404845E-10 -1.5225512E-10  0.0000000E+00  2.7362750E-07
 0.0000000E+00 -1.3532493E-10 -1.3681568E-10 -7.9736050E-11 -8.1519660E-11  2.7386799E-05  1.9691650E-05 -1.3681568E-10 -1.3532493E-10  0.0000000E+00  1.9417924E-07
 0.0000000E+00 -1.1830705E-10 -1.1954918E-10 -7.2430667E-11 -7.3902981E-11  2.3105858E-05  1.6613282E-05 -1.1954918E-10 -1.1830705E-10  0.0000000E+00  1.3993402E-07
 0.0000000E+00 -1.0238289E-10 -1.0342266E-10 -6.4391988E-11 -6.5611528E-11  1.9550109E-05  1.4056441E-05 -1.0342266E-10 -1.0238289E-10  0.0000000E+00  1.0235880E-07
 0.0000000E+00 -8.8041330E-11 -8.8913039E-11 -5.6481758E-11 -5.7495076E-11  1.6584644E-05  1.1924097E-05 -8.8913039E-11 -8.8041330E-11  0.0000000E+00  7.5959019E-08
-1.6335336E-12 -7.4671307E-11 -7.5396061E-11 -4.8691361E-11 -4.9525718E-11  1.3953309E-05  1.0032047E-05 -7.5396061E-11 -7.4671307E-11 -1.6335336E-12  5.6199678E-08
-2.4148722E-12 -6.3099340E-11 -6.3702771E-11 -4.1676442E-11 -4.2364626E-11  1.1754986E-05  8.4513789E-06 -6.3702771E-11 -6.3099340E-11 -2.4148722E-12  4.2136990E-08
-2.6962165E-12 -5.3187339E-11 -5.3690455E-11 -3.5495000E-11 -3.6063461E-11  9.9148360E-06  7.1282745E-06 -5.3690455E-11 -5.3187339E-11 -2.6962165E-12  3.1992463E-08
-2.6922078E-12 -4.4755682E-11 -4.5175636E-11 -3.0123774E-11 -3.0594026E-11  8.3717588E-06  6.0187881E-06 -4.5175636E-11 -4.4755682E-11 -2.6922078E-12  2.4575422E-08
-2.5334963E-12 -3.7616555E-11 -3.7967512E-11 -2.5500141E-11 -2.5889624E-11  7.0756663E-06  5.0869063E-06 -3.7967512E-11 -3.7616555E-11 -2.5334963E-12  1.9080843E-08
-2.2990716E-12 -3.1590817E-11 -3.1884342E-11 -2.1545800E-11 -2.1868784E-11  5.9855034E-06  4.3030949E-06 -3.1884342E-11 -3.1590817E-11 -2.2990716E-12  1.4958487E-08
-2.0360557E-12 -2.6515904E-11 -2.6761632E-11 -1.8179253E-11 -1.8447354E-11  5.0672861E-06  3.6429210E-06 -2.6761632E-11 -2.6515904E-11 -2.0360557E-12  1.1828199E-08
-1.7718256E-12 -2.2247942E-11 -2.2453872E-11 -1.5322366E-11 -1.5545143E-11  4.2929604E-06  3.0862102E-06 -2.2453872E-11 -2.2247942E-11 -1.7718256E-12  9.4243607E-09
-1.5215972E-12 -1.8662334E-11 -1.8834922E-11 -1.2903887E-11 -1.3089145E-11  3.6392629E-06  2.6162332E-06 -1.8834922E-11 -1.8662334E-11 -1.5215972E-12  7.5591969E-09
-1.2930700E-12 -1.5651826E-11 -1.5796758E-11 -1.0860067E-11 -1.1014272E-11  3.0868472E-06  2.2190789E-06 -1.5796758E-11 -1.5651826E-11 -1.2930700E-12  6.0983283E-09
-1.0893854E-12 -1.3125548E-11 -1.3247159E-11 -9.1351097E-12 -9.2635532E-12  2.6195981E-06  1.8831592E-06 -1.3247159E-11 -1.3125548E-11 -1.0893854E-12  4.9444465E-09
-9.1099442E-13 -1.1006021E-11 -1.1108264E-11 -7.6808048E-12 -7.7878625E-12  2.2240696E-06  1.5988049E-06 -1.1108264E-11 -1.1006021E-11 -9.1099442E-13  4.0262036E-09
-7.5681876E-13 -9.2282792E-12 -9.3141492E-12 -6.4556301E-12 -6.5449143E-12  1.8889989E-06  1.3579186E-06 -9.3141492E-12 -9.2282792E-12 -7.5681876E-13  3.2906475E-09
-6.2494849E-13 -7.7372968E-12 -7.8094831E-12 -5.4241340E-12 -5.4986387E-12  1.6049600E-06  1.1537225E-06 -7.8094831E-12 -7.7372968E-12 -6.2494849E-13  2.6980378E-09
-5.1311806E-13 -6.4869258E-12 -6.5476447E-12 -4.5561393E-12 -4.6183399E-12  1.3640362E-06  9.8052397E-07 -6.5476447E-12 -6.4869258E-12 -5.1311806E-13  2.2182029E-09
-4.1896369E-13 -5.4383794E-12 -5.4894716E-12 -3.8260392E-12 -3.8779928E-12  1.1595761E-06  8.3354080E-07 -5.4894716E-12 -5.4383794E-12 -4.1896369E-13  1.8279962E-09
-3.4019094E-13 -4.5591158E-12 -4.6021134E-12 -3.2121442E-12 -3.2555570E-12  9.8597815E-07  7.0874564E-07 -4.6021134E-12 -4.5591158E-12 -3.4019094E-13  1.5094842E-09
-2.7466246E-13 -3.8218059E-12 -3.8580098E-12 -2.6961264E-12 -2.7324143E-12  8.3852655E-07  6.0274739E-07 -3.8580098E-12 -3.8218059E-12 -2.7466246E-13  1.2486558E-09
-2.2043747E-13 -3.2035634E-12 -3.2340433E-12 -2.2624936E-12 -2.2928351E-12  7.1322731E-07  5.1267502E-07 -3.2340433E-12 -3.2035634E-12 -2.2043747E-13  1.0344675E-09
-1.7579106E-13 -2.6851540E-12 -2.7108253E-12 -1.8981941E-12 -1.9235732E-12  6.0672852E-07  4.3611825E-07 -2.7108253E-12 -2.6851540E-12 -1.7579106E-13  8.5815900E-10
-1.3920936E-13 -2.2504752E-12 -2.2720993E-12 -1.5922155E-12 -1.6134486E-12  5.1617804E-07  3.7102671E-07 -2.2720993E-12 -2.2504752E-12 -1.3920936E-13  7.1272645E-10
-1.0938085E-13 -1.8860073E-12 -1.9042297E-12 -1.3352686E-12 -1.3530364E-12  4.3917115E-07  3.1567148E-07 -1.9042297E-12 -1.8860073E-12 -1.0938085E-13  5.9254609E-10
-8.5179127E-14 -1.5804274E-12 -1.5957782E-12 -1.1195603E-12 -1.1344322E-12  3.7366849E-07  2.6858639E-07 -1.5957782E-12 -1.5804274E-12 -8.5179127E-14  4.9307532E-10
-6.5642771E-14 -1.3242245E-12 -1.3371661E-12 -9.3849491E-13 -9.5094391E-13  3.1794161E-07  2.2852881E-07 -1.3371661E-12 -1.3242245E-12 -6.5642771E-14  4.1063302E-10
-4.9957989E-14 -1.1094484E-12 -1.1203471E-12 -7.8654898E-13 -7.9697269E-13  2.7052590E-07  1.9444581E-07 -1.1203471E-12 -1.1094484E-12 -4.9957989E-14  3.4222036E-10
-3.7438763E-14 -9.2939898E-13 -9.3858729E-13 -6.5906331E-13 -6.6779188E-13  2.3017728E-07  1.6544300E-07 -9.3858729E-13 -9.2939898E-13 -3.7438763E-14  2.8538873E-10
 0.0000000E+00  0.0000000E+00  1.5731312E-13  5.1720606E-11  5.0111111E-11  4.1874165E-05  3.0098978E-05  1.5731312E-13  0.0000000E+00  0.0000000E+00  7.4108632E-07
 0.0000000E+00  0.0000000E+00 -1.3099654E-12  4.9944063E-11  4.8344216E-11  4.1652183E-05  2.9939405E-05 -1.3099654E-12  0.0000000E+00  0.0000000E+00  7.3257819E-07
 0.0000000E+00 -3.9402063E-11 -4.0837106E-11 -2.9248244E-13 -1.5580078E-12  3.3854386E-05  2.4333996E-05 -4.0837106E-11 -3.9402063E-11  0.0000000E+00  4.6803383E-07
 0.0000000E+00 -5.4262660E-11 -5.5419277E-11 -2.3054349E-11 -2.4064545E-11  2.7731004E-05  1.9932308E-05 -5.5419277E-11 -5.4262660E-11  0.0000000E+00  3.0608608E-07
 0.0000000E+00 -5.7114497E-11 -5.8052197E-11 -3.2054803E-11 -3.2866228E-11  2.2835636E-05  1.6413418E-05 -5.8052197E-11 -5.7114497E-11  0.0000000E+00  2.0398846E-07
 0.0000000E+00 -5.4346829E-11 -5.5110949E-11 -3.4111798E-11 -3.4767205E-11  1.8892694E-05  1.3579199E-05 -5.5110949E-11 -5.4346829E-11  0.0000000E+00  1.3846786E-07
 0.0000000E+00 -4.9218746E-11 -4.9844332E-11 -3.2797899E-11 -3.3329940E-11  1.5695977E-05  1.1281403E-05 -4.9844332E-11 -4.9218746E-11  0.0000000E+00  9.5692637E-08
 0.0000000E+00 -4.3373140E-11 -4.3887473E-11 -2.9987802E-11 -3.0421607E-11  1.3088787E-05  9.4073864E-06 -4.3887473E-11 -4.3373140E-11  0.0000000E+00  6.7297659E-08
 0.0000000E+00 -3.7611413E-11 -3.8035849E-11 -2.6656407E-11 -2.7011538E-11  1.0951318E-05  7.8710179E-06 -3.8035849E-11 -3.7611413E-11  0.0000000E+00  4.8137851E-08
 0.0000000E+00 -3.2296450E-11 -3.2647784E-11 -2.3297728E-11 -2.3589533E-11  9.1904953E-06  6.6053952E-06 -3.2647784E-11 -3.2296450E-11  0.0000000E+00  3.4999947E-08
 0.0000000E+00 -2.7564552E-11 -2.7856376E-11 -2.0148391E-11 -2.0388931E-11  7.7337684E-06  5.5583578E-06 -2.7856376E-11 -2.7564552E-11  0.0000000E+00  2.5847295E-08
-5.3642316E-13 -2.3198550E-11 -2.3438728E-11 -1.7143900E-11 -1.7340355E-11  6.4517667E-06  4.6369184E-06 -2.3438728E-11 -2.3198550E-11 -5.3642316E-13  1.9060785E-08
-7.9297682E-13 -1.9455612E-11 -1.9653559E-11 -1.4503554E-11 -1.4664282E-11  5.3897080E-06  3.8735706E-06 -1.9653559E-11 -1.9455612E-11 -7.9297682E-13  1.4253650E-08
-8.8550037E-13 -1.6277779E-11 -1.6441165E-11 -1.2220850E-11 -1.2352554E-11  4.5080248E-06  3.2398748E-06 -1.6441165E-11 -1.6277779E-11 -8.8550037E-13  1.0797293E-08
-8.8446257E-13 -1.3596998E-11 -1.3732037E-11 -1.0268376E-11 -1.0376471E-11  3.7747786E-06  2.7128715E-06 -1.3732037E-11 -1.3596998E-11 -8.8446257E-13  8.2756952E-09
-8.3270702E-13 -1.1345313E-11 -1.1457052E-11 -8.6104139E-12 -8.6992432E-12  3.1639652E-06  2.2738690E-06 -1.1457052E-11 -1.1345313E-11 -8.3270702E-13  6.4101089E-09
-7.5613283E-13 -9.4594463E-12 -9.5520416E-12 -7.2095985E-12 -7.2826950E-12  2.6543894E-06  1.9076311E-06 -9.5520416E-12 -9.4594463E-12 -7.5613283E-13  5.0115964E-09
-6.7018455E-13 -7.8831696E-12 -7.9599603E-12 -6.0301855E-12 -6.0904023E-12  2.2286915E-06  1.6016808E-06 -7.9599603E-12 -7.8831696E-12 -6.7018455E-13  3.9503317E-09
-5.8384018E-13 -6.5673987E-12 -6.6311515E-12 -5.0396705E-12 -5.0893303E-12  1.8726289E-06  1.3457799E-06 -6.6311515E-12 -6.5673987E-12 -5.8384018E-13  3.1359720E-09
-5.0207899E-13 -5.4700978E-12 -5.5230650E-12 -4.2093049E-12 -4.2502996E-12  1.5744768E-06  1.1315013E-06 -5.5230650E-12 -5.4700978E-12 -5.0207899E-13  2.5047837E-09
-4.2742117E-13 -4.5555219E-12 -4.5995673E-12 -3.5141118E-12 -3.5479800E-12  1.3245701E-06  9.5189773E-07 -4.5995673E-12 -4.5555219E-12 -4.2742117E-13  2.0111876E-09
-3.6089482E-13 -3.7935564E-12 -3.8302043E-12 -2.9326568E-12 -2.9606635E-12  1.1149118E-06  8.0122135E-07 -3.8302043E-12 -3.7935564E-12 -3.6089482E-13  1.6221472E-09
-3.0263875E-13 -3.1588927E-12 -3.1894051E-12 -2.4466900E-12 -2.4698646E-12  9.3887034E-07  6.7470562E-07 -3.1894051E-12 -3.1588927E-12 -3.0263875E-13  1.3134215E-09
-2.5228989E-13 -2.6303476E-12 -2.6557633E-12 -2.0407502E-12 -2.0599398E-12  7.9094636E-07  5.6839810E-07 -2.6557633E-12 -2.6303476E-12 -2.5228989E-13  1.0669632E-09
-2.0921721E-13 -2.1902040E-12 -2.2113870E-12 -1.7018134E-12 -1.7177113E-12  6.6656894E-07  4.7901319E-07 -2.2113870E-12 -2.1902040E-12 -2.0921721E-13  8.6920831E-10
-1.7267320E-13 -1.8236960E-12 -1.8413647E-12 -1.4189100E-12 -1.4320919E-12  5.6192521E-07  4.0381082E-07 -1.8413647E-12 -1.8236960E-12 -1.7267320E-13  7.0983223E-10
-1.4188024E-13 -1.5185138E-12 -1.5332506E-12 -1.1828474E-12 -1.1937803E-12  4.7383892E-07  3.4050794E-07 -1.5332506E-12 -1.5185138E-12 -1.4188024E-13  5.8089768E-10
-1.1608595E-13 -1.2643861E-12 -1.2766862E-12 -9.8590746E-13 -9.9497937E-13  3.9965460E-07  2.8719606E-07 -1.2766862E-12 -1.2643861E-12 -1.1608595E-13  4.7624878E-10
-9.4591259E-14 -1.0527701E-12 -1.0630412E-12 -8.2164275E-13 -8.2917426E-13  3.3715103E-07  2.4227879E-07 -1.0630412E-12 -1.0527701E-12 -9.4591259E-14  3.9107326E-10
-7.6761746E-14 -8.7655925E-13 -8.8513534E-13 -6.8465284E-13 -6.9090795E-13  2.8446988E-07  2.0442053E-07 -8.8513534E-13 -8.7655925E-13 -7.6761746E-14  3.2157819E-10
-6.2035604E-14 -7.2982013E-13 -7.3698467E-13 -5.7042626E-13 -5.7562264E-13  2.4005364E-07  1.7250188E-07 -7.3698467E-13 -7.2982013E-13 -6.2035604E-14  2.6475697E-10
-4.9921414E-14 -6.0762588E-13 -6.1361186E-13 -4.7519432E-13 -4.7951280E-13  2.0259404E-07  1.4558265E-07 -6.1361186E-13 -6.0762588E-13 -4.9921414E-14  2.1821269E-10
-3.9993962E-14 -5.0586901E-13 -5.1087157E-13 -3.9580796E-13 -3.9939783E-13  1.7099431E-07  1.2287458E-07 -5.1087157E-13 -5.0586901E-13 -3.9993962E-14  1.8002608E-10
-3.1888809E-14 -4.2113133E-13 -4.2531258E-13 -3.2963952E-13 -3.3262424E-13  1.4433180E-07  1.0371461E-07 -4.2531258E-13 -4.2113133E-13 -3.1888809E-14  1.4865063E-10
-2.5295975E-14 -3.5056836E-13 -3.5406423E-13 -2.7449512E-13 -2.7697745E-13  1.2183148E-07  8.7545728E-08 -3.5406423E-13 -3.5056836E-13 -2.5295975E-14  1.2284081E-10
-1.9953343E-14 -2.9180942E-13 -2.9473154E-13 -2.2854345E-13 -2.3060848E-13  1.0284075E-07  7.3898964E-08 -2.9473154E-13 -2.9180942E-13 -1.9953343E-14  1.0158406E-10
-1.5640348E-14 -2.4288085E-13 -2.4532534E-13 -1.9025707E-13 -1.9197507E-13  8.6809719E-08  6.2379128E-08 -2.4532534E-13 -2.4288085E-13 -1.5640348E-14  8.4060160E-11
 0.0000000E+00  0.0000000E+00  1.7187092E-14  8.9177695E-12  8.6402569E-12  1.7292147E-05  1.2425200E-05  1.7187092E-14  0.0000000E+00  0.0000000E+00  2.0877368E-07
 0.0000000E+00  0.0000000E+00 -3.4058184E-13  8.5039248E-12  8.2281612E-12  1.7194934E-05  1.2355346E-05 -3.4058184E-13  0.0000000E+00  0.0000000E+00  2.0624647E-07
 0.0000000E+00 -9.4581670E-12 -9.8198399E-12 -2.9048979E-12 -3.1204965E-12  1.3800729E-05  9.9163586E-06 -9.8198399E-12 -9.4581670E-12  0.0000000E+00  1.2877238E-07
 0.0000000E+00 -1.2847114E-11 -1.3134653E-11 -7.6758410E-12 -7.8460393E-12  1.1165685E-05  8.0229108E-06 -1.3134653E-11 -1.2847114E-11  0.0000000E+00  8.2546706E-08
 0.0000000E+00 -1.3355295E-11 -1.3585424E-11 -9.2470360E-12 -9.3822972E-12  9.0831484E-06  6.5264899E-06 -1.3585424E-11 -1.3355295E-11  0.0000000E+00  5.4074207E-08
 0.0000000E+00 -1.2564759E-11 -1.2749997E-11 -9.2815464E-12 -9.3896853E-12  7.4250333E-06  5.3350469E-06 -1.2749997E-11 -1.2564759E-11  0.0000000E+00  3.6178440E-08
 0.0000000E+00 -1.1260761E-11 -1.1410594E-11 -8.6228038E-12 -8.7097198E-12  6.0959797E-06  4.3800638E-06 -1.1410594E-11 -1.1260761E-11  0.0000000E+00  2.4707208E-08
 0.0000000E+00 -9.8270773E-12 -9.9487434E-12 -7.6972987E-12 -7.7674944E-12  5.0243956E-06  3.6100893E-06 -9.9487434E-12 -9.8270773E-12  0.0000000E+00  1.7211444E-08
 0.0000000E+00 -8.4436442E-12 -8.5429624E-12 -6.7167420E-12 -6.7736770E-12  4.1557629E-06  2.9859479E-06 -8.5429624E-12 -8.4436442E-12  0.0000000E+00  1.2220006E-08
 0.0000000E+00 -7.1873052E-12 -7.2686376E-12 -5.7815758E-12 -5.8279386E-12  3.4482396E-06  2.4775724E-06 -7.2686376E-12 -7.1873052E-12  0.0000000E+00  8.8340221E-09
 0.0000000E+00 -6.0829999E-12 -6.1498282E-12 -4.9346467E-12 -4.9725307E-12  2.8694149E-06  2.0616734E-06 -6.1498282E-12 -6.0829999E-12  0.0000000E+00  6.4950312E-09
-1.2510577E-13 -5.0757340E-12 -5.1301316E-12 -4.1467259E-12 -4.1773844E-12  2.3658624E-06  1.6998614E-06 -5.1301316E-12 -5.0757340E-12 -1.2510577E-13  4.7770751E-09
-1.8477984E-13 -4.2213233E-12 -4.2656767E-12 -3.4682558E-12 -3.4931163E-12  1.9535359E-06  1.4035994E-06 -4.2656767E-12 -4.2213233E-12 -1.8477984E-13  3.5643168E-09
-2.0616040E-13 -3.5029752E-12 -3.5392012E-12 -2.8914325E-12 -2.9116278E-12  1.6152279E-06  1.1605217E-06 -3.5392012E-12 -3.5029752E-12 -2.0616040E-13  2.6940426E-09
-2.0573301E-13 -2.9025669E-12 -2.9322010E-12 -2.4051196E-12 -2.4215510E-12  1.3371291E-06  9.6070657E-07 -2.9322010E-12 -2.9025669E-12 -2.0573301E-13  2.0597360E-09
-1.9351456E-13 -2.4026895E-12 -2.4269641E-12 -1.9974400E-12 -2.0108308E-12  1.1081297E-06  7.9617009E-07 -2.4269641E-12 -2.4026895E-12 -1.9351456E-13  1.5906664E-09
-1.7555317E-13 -1.9876068E-12 -2.0075193E-12 -1.6569941E-12 -1.6679222E-12  9.1927148E-07  6.6047626E-07 -2.0075193E-12 -1.9876068E-12 -1.7555317E-13  1.2391747E-09
-1.5545578E-13 -1.6435481E-12 -1.6599006E-12 -1.3734821E-12 -1.3824106E-12  7.6329835E-07  5.4841045E-07 -1.6599006E-12 -1.6435481E-12 -1.5545578E-13  9.7261258E-10
-1.3531242E-13 -1.3586989E-12 -1.3721369E-12 -1.1378329E-12 -1.1451368E-12  6.3431272E-07  4.5573558E-07 -1.3721369E-12 -1.3586989E-12 -1.3531242E-13  7.6830748E-10
-1.1627813E-13 -1.1230443E-12 -1.1341057E-12 -9.4222126E-13 -9.4820331E-13  5.2751793E-07  3.7900504E-07 -1.1341057E-12 -1.1230443E-12 -1.1627813E-13  6.1025310E-10
-9.8932895E-14 -9.2819860E-13 -9.3731084E-13 -7.8000749E-13 -7.8491147E-13  4.3900248E-07  3.1540818E-07 -9.3731084E-13 -9.2819860E-13 -9.8932895E-14  4.8698308E-10
-8.3506538E-14 -7.6713875E-13 -7.7465094E-13 -6.4558175E-13 -6.4960531E-13  3.6556410E-07  2.6264423E-07 -7.7465094E-13 -7.6713875E-13 -8.3506538E-14  3.9016467E-10
-7.0024589E-14 -6.3403177E-13 -6.4022950E-13 -5.3423757E-13 -5.3754165E-13  3.0457952E-07  2.1882827E-07 -6.4022950E-13 -6.3403177E-13 -7.0024589E-14  3.1366371E-10
-5.8393939E-14 -5.2403548E-13 -5.2915250E-13 -4.4204512E-13 -4.4476060E-13  2.5389581E-07  1.8241336E-07 -5.2915250E-13 -5.2403548E-13 -5.8393939E-14  2.5290110E-10
-4.8461431E-14 -4.3313998E-13 -4.3736699E-13 -3.6572952E-13 -3.6796279E-13  2.1174117E-07  1.5212652E-07 -4.3736699E-13 -4.3313998E-13 -4.8461431E-14  2.0442441E-10
-4.0047401E-14 -3.5802781E-13 -3.6152131E-13 -3.0256753E-13 -3.0440528E-13  1.7665707E-07  1.2691970E-07 -3.6152131E-13 -3.5802781E-13 -4.0047401E-14  1.6560179E-10
-3.2967199E-14 -2.9595367E-13 -2.9884373E-13 -2.5029936E-13 -2.5181276E-13  1.4743865E-07  1.0592731E-07 -2.9884373E-13 -2.9595367E-13 -3.2967199E-14  1.3440872E-10
-2.7042727E-14 -2.4465343E-13 -2.4704372E-13 -2.0704998E-13 -2.0829683E-13  1.2309271E-07  8.8435667E-08 -2.4704372E-13 -2.4465343E-13 -2.7042727E-14  1.0927451E-10
-2.2109188E-14 -2.0225320E-13 -2.0423174E-13 -1.7126559E-13 -1.7229335E-13  1.0279596E-07  7.3853286E-08 -2.0423174E-13 -2.0225320E-13 -2.2109188E-14  8.8972219E-11
-1.8018411E-14 -1.6720672E-13 -1.6884589E-13 -1.4165903E-13 -1.4250653E-13  8.5866876E-08  6.1690486E-08 -1.6884589E-13 -1.6720672E-13 -1.8018411E-14  7.2537814E-11
-1.4639342E-14 -1.3823671E-13 -1.3959420E-13 -1.1716573E-13 -1.1786493E-13  7.1741702E-08  5.1542206E-08 -1.3959420E-13 -1.3823671E-13 -1.4639342E-14  5.9209317E-11
-1.1857844E-14 -1.1428786E-13 -1.1541356E-13 -9.6902652E-14 -9.7479713E-14  5.9951665E-08  4.3071615E-08 -1.1541356E-13 -1.1428786E-13 -1.1857844E-14  4.8381624E-11
-9.5757254E-15 -9.4489443E-14 -9.5422183E-14 -8.0139647E-14 -8.0616038E-14  5.0107269E-08  3.5998912E-08 -9.5422183E-14 -9.4489443E-14 -9.5757254E-15  3.9572473E-11
-7.7089436E-15 -7.8120761E-14 -7.8894084E-14 -6.6272863E-14 -6.6666283E-14  4.1885112E-08  3.0091728E-08 -7.8894084E-14 -7.8120761E-14 -7.7089436E-15  3.2396132E-11
-6.1864160E-15 -6.4587172E-14 -6.5228559E-14 -5.4802240E-14 -5.5127252E-14  3.5016194E-08  2.5156788E-08 -6.5228559E-14 -6.4587172E-14 -6.1864160E-15  2.6542762E-11
-4.9481900E-15 -5.3397317E-14 -5.3929362E-14 -4.5314066E-14 -4.5582610E-14  2.9276497E-08  2.1033143E-08 -5.3929362E-14 -5.3397317E-14 -4.9481900E-15  2.1763457E-11
-3.9440049E-15 -4.4145220E-14 -4.4586601E-14 -3.7466029E-14 -3.7687997E-14  2.4479436E-08  1.7586742E-08 -4.4586601E-14 -4.4145220E-14 -3.9440049E-15  1.7857233E-11
 0.0000000E+00  0.0000000E+00  7.4994372E-16  7.4201920E-13  7.1892843E-13  4.9487333E-06  3.5549865E-06  7.4994372E-16  0.0000000E+00  0.0000000E+00  3.4754472E-08
 0.0000000E+00  0.0000000E+00 -4.7952978E-14  6.8845892E-13  6.6551928E-13  4.9181803E-06  3.5330380E-06 -4.7952978E-14  0.0000000E+00  0.0000000E+00  3.4308430E-08
 0.0000000E+00 -1.2710293E-12 -1.3208457E-12 -7.5073439E-13 -7.6849339E-13  3.8639593E-06  2.7757173E-06 -1.3208457E-12 -1.2710293E-12  0.0000000E+00  2.0881730E-08
 0.0000000E+00 -1.7076524E-12 -1.7467588E-12 -1.3008902E-12 -1.3147796E-12  3.0641474E-06  2.2011583E-06 -1.7467588E-12 -1.7076524E-12  0.0000000E+00  1.3118796E-08
 0.0000000E+00 -1.7580502E-12 -1.7889688E-12 -1.4377936E-12 -1.4487336E-12  2.4455690E-06  1.7567927E-06 -1.7889688E-12 -1.7580502E-12  0.0000000E+00  8.4618034E-09
 0.0000000E+00 -1.6395785E-12 -1.6641714E-12 -1.3858315E-12 -1.3945006E-12  1.9630744E-06  1.4101860E-06 -1.6641714E-12 -1.6395785E-12  0.0000000E+00  5.5978493E-09
 0.0000000E+00 -1.4576538E-12 -1.4773301E-12 -1.2554694E-12 -1.2623804E-12  1.5838643E-06  1.1377759E-06 -1.4773301E-12 -1.4576538E-12  0.0000000E+00  3.7937071E-09
 0.0000000E+00 -1.2625360E-12 -1.2783500E-12 -1.1006132E-12 -1.1061497E-12  1.2837944E-06  9.2221773E-07 -1.2783500E-12 -1.2625360E-12  0.0000000E+00  2.6303212E-09
 0.0000000E+00 -1.0770938E-12 -1.0898633E-12 -9.4682561E-13 -9.5128121E-13  1.0448980E-06  7.5060420E-07 -1.0898633E-12 -1.0770938E-12  0.0000000E+00  1.8629348E-09
 0.0000000E+00 -9.1056438E-13 -9.2091686E-13 -8.0533183E-13 -8.0893248E-13  8.5364679E-07  6.1321754E-07 -9.2091686E-13 -9.1056438E-13  0.0000000E+00  1.3455569E-09
 0.0000000E+00 -7.6554486E-13 -7.7396814E-13 -6.8021440E-13 -6.8313494E-13  6.9977480E-07  5.0268263E-07 -7.7396814E-13 -7.6554486E-13  0.0000000E+00  9.8933370E-10
-1.7288954E-14 -6.3440519E-13 -6.4119189E-13 -5.6590346E-13 -5.6824876E-13  5.6812271E-07  4.0810974E-07 -6.4119189E-13 -6.3440519E-13 -1.7288954E-14  7.2892050E-10
-2.5557344E-14 -5.2404832E-13 -5.2952754E-13 -4.6893855E-13 -4.7082600E-13  4.6209824E-07  3.3194674E-07 -5.2952754E-13 -5.2404832E-13 -2.5557344E-14  5.4459269E-10
-2.8526035E-14 -4.3195387E-13 -4.3638671E-13 -3.8753206E-13 -3.8905401E-13  3.7650129E-07  2.7045802E-07 -4.3638671E-13 -4.3195387E-13 -2.8526035E-14  4.1184600E-10
-2.8467016E-14 -3.5552560E-13 -3.5911700E-13 -3.1965466E-13 -3.2088398E-13  3.0723818E-07  2.2070284E-07 -3.5911700E-13 -3.5552560E-13 -2.8467016E-14  3.1473148E-10
-2.6766792E-14 -2.9233377E-13 -2.9524926E-13 -2.6332004E-13 -2.6431475E-13  2.5107460E-07  1.8035776E-07 -2.9524926E-13 -2.9233377E-13 -2.6766792E-14  2.4267693E-10
-2.4267003E-14 -2.4021862E-13 -2.4258726E-13 -2.1671491E-13 -2.1752090E-13  2.0544580E-07  1.4758041E-07 -2.4258726E-13 -2.4021862E-13 -2.4267003E-14  1.8854586E-10
-2.1470345E-14 -1.9731103E-13 -1.9923926E-13 -1.7824518E-13 -1.7889926E-13  1.6831053E-07  1.2090440E-07 -1.9923926E-13 -1.9731103E-13 -2.1470345E-14  1.4743841E-10
-1.8669252E-14 -1.6202569E-13 -1.6359624E-13 -1.4654021E-13 -1.4707149E-13  1.3803885E-07  9.9158853E-08 -1.6359624E-13 -1.6202569E-13 -1.8669252E-14  1.1592477E-10
-1.6025314E-14 -1.3303045E-13 -1.3431232E-13 -1.2043808E-13 -1.2087028E-13  1.1332537E-07  8.1406067E-08 -1.3431232E-13 -1.3303045E-13 -1.6025314E-14  9.1572042E-11
-1.3619325E-14 -1.0921688E-13 -1.1026327E-13 -9.8965500E-14 -9.9317430E-14  9.3121652E-08  6.6892852E-08 -1.1026327E-13 -1.0921688E-13 -1.3619325E-14  7.2622474E-11
-1.1483109E-14 -8.9664119E-14 -9.0519847E-14 -8.1310830E-14 -8.1597679E-14  7.6584681E-08  5.5013650E-08 -9.0519847E-14 -8.9664119E-14 -1.1483109E-14  5.7790351E-11
-9.6194056E-15 -7.3613581E-14 -7.4313731E-14 -6.6800410E-14 -6.7034439E-14  6.3032970E-08  4.5278873E-08 -7.4313731E-14 -7.3613581E-14 -9.6194056E-15  4.6122400E-11
-8.0147164E-15 -6.0438821E-14 -6.1012163E-14 -5.4877147E-14 -5.5068264E-14  5.1915586E-08  3.7292815E-08 -6.1012163E-14 -6.0438821E-14 -8.0147164E-15  3.6903990E-11
-6.6469904E-15 -4.9624924E-14 -5.0094712E-14 -4.5081340E-14 -4.5237507E-14  4.2786679E-08  3.0735161E-08 -5.0094712E-14 -4.9624924E-14 -6.6469904E-15  2.9593897E-11
-5.4906099E-15 -4.0748508E-14 -4.1133857E-14 -3.7033990E-14 -3.7161703E-14  3.5283826E-08  2.5345570E-08 -4.1133857E-14 -4.0748508E-14 -5.4906099E-15  2.3778494E-11
-4.5193662E-15 -3.3462259E-14 -3.3778440E-14 -3.0423473E-14 -3.0527996E-14  2.9112247E-08  2.0912292E-08 -3.3778440E-14 -3.3462259E-14 -4.5193662E-15  1.9139237E-11
-3.7080850E-15 -2.7480835E-14 -2.7740361E-14 -2.4993288E-14 -2.5078861E-14  2.4032000E-08  1.7262962E-08 -2.7740361E-14 -2.7480835E-14 -3.7080850E-15  1.5429211E-11
-3.0335921E-15 -2.2570031E-14 -2.2783249E-14 -2.0532710E-14 -2.0602822E-14  1.9847091E-08  1.4256792E-08 -2.2783249E-14 -2.2570031E-14 -3.0335921E-15  1.2455890E-11
-2.4750881E-15 -1.8538011E-14 -1.8713295E-14 -1.6868517E-14 -1.6925983E-14  1.6397577E-08  1.1778885E-08 -1.8713295E-14 -1.8538011E-14 -2.4750881E-15  1.0068424E-11
-2.0142858E-15 -1.5227226E-14 -1.5371276E-14 -1.3858447E-14 -1.3905561E-14  1.3552667E-08  9.7352884E-09 -1.5371276E-14 -1.5227226E-14 -2.0142858E-15  8.1481942E-12
-1.6352924E-15 -1.2508307E-14 -1.2626838E-14 -1.1385640E-14 -1.1424310E-14  1.1205032E-08  8.0489036E-09 -1.2626838E-14 -1.2508307E-14 -1.6352924E-15  6.6012925E-12
-1.3245012E-15 -1.0275336E-14 -1.0372880E-14 -9.3541466E-15 -9.3858793E-15  9.2668682E-09  6.6566554E-09 -1.0372880E-14 -1.0275336E-14 -1.3245012E-15  5.3534176E-12
-1.0703052E-15 -8.4412994E-15 -8.5215910E-15 -7.6851590E-15 -7.7112125E-15  7.6659871E-09  5.5066941E-09 -8.5215910E-15 -8.4412994E-15 -1.0703052E-15  4.3454717E-12
-8.6292640E-16 -6.9348243E-15 -7.0009376E-15 -6.3139466E-15 -6.3353465E-15  6.3432825E-09  4.5565521E-09 -7.0009376E-15 -6.9348243E-15 -8.6292640E-16  3.5303577E-12
-6.9413568E-16 -5.6973246E-15 -5.7517818E-15 -5.1873544E-15 -5.2049355E-15  5.2499102E-09  3.7711500E-09 -5.7517818E-15 -5.6973246E-15 -6.9413568E-16  2.8704767E-12
-5.5706257E-16 -4.6807081E-15 -4.7255784E-15 -4.2617246E-15 -4.2761731E-15  4.3458604E-09  3.1217439E-09 -4.7255784E-15 -4.6807081E-15 -5.5706257E-16  2.3357281E-12
 0.0000000E+00  0.0000000E+00  3.4771975E-18  1.0415454E-14  1.0091330E-14  5.7827348E-07  4.1534520E-07  3.4771975E-18  0.0000000E+00  0.0000000E+00  1.6012747E-09
 0.0000000E+00  0.0000000E+00 -2.0446682E-15  8.2985115E-15  7.9765356E-15  5.7445361E-07  4.1260157E-07 -2.0446682E-15  0.0000000E+00  0.0000000E+00  1.5817598E-09
 0.0000000E+00 -5.4080221E-14 -5.6184277E-14 -4.8193135E-14 -4.8441896E-14  4.4382191E-07  3.1877528E-07 -5.6184277E-14 -5.4080221E-14  0.0000000E+00  9.9328505E-10
 0.0000000E+00 -7.3393628E-14 -7.5036017E-14 -6.8798426E-14 -6.8992615E-14  3.4643067E-07  2.4882399E-07 -7.5036017E-14 -7.3393628E-14  0.0000000E+00  6.4573604E-10
 0.0000000E+00 -7.6248502E-14 -7.7539702E-14 -7.2636069E-14 -7.2788717E-14  2.7234459E-07  1.9561162E-07 -7.7539702E-14 -7.6248502E-14  0.0000000E+00  4.3181749E-10
 0.0000000E+00 -7.1679373E-14 -7.2700878E-14 -6.8821334E-14 -6.8942112E-14  2.1546514E-07  1.5475790E-07 -7.2700878E-14 -7.1679373E-14  0.0000000E+00  2.9631097E-10
 0.0000000E+00 -6.4162857E-14 -6.4975615E-14 -6.1888919E-14 -6.1984994E-14  1.7143457E-07  1.2313296E-07 -6.4975615E-14 -6.4162857E-14  0.0000000E+00  2.0811668E-10
 0.0000000E+00 -5.5892943E-14 -5.6542911E-14 -5.4074404E-14 -5.4151252E-14  1.3709973E-07  9.8471923E-08 -5.6542911E-14 -5.5892943E-14  0.0000000E+00  1.4924042E-10
 0.0000000E+00 -4.7905429E-14 -4.8427647E-14 -4.6444443E-14 -4.6506182E-14  1.1014570E-07  7.9112192E-08 -4.8427647E-14 -4.7905429E-14  0.0000000E+00  1.0899960E-10
 0.0000000E+00 -4.0647293E-14 -4.1068561E-14 -3.9468614E-14 -3.9518428E-14  8.8860167E-08  6.3823848E-08 -4.1068561E-14 -4.0647293E-14  0.0000000E+00  8.0896446E-11
 0.0000000E+00 -3.4267625E-14 -3.4608689E-14 -3.3313053E-14 -3.3353390E-14  7.1958968E-08  5.1684558E-08 -3.4608689E-14 -3.4267625E-14  0.0000000E+00  6.0881256E-11
-9.8863264E-16 -2.8460301E-14 -2.8733768E-14 -2.7695112E-14 -2.7727428E-14  5.7688169E-08  4.1434546E-08 -2.8733768E-14 -2.8460301E-14 -9.8863264E-16  4.5871948E-11
-1.4730679E-15 -2.3543855E-14 -2.3763521E-14 -2.2929036E-14 -2.2955022E-14  4.6346677E-08  3.3288516E-08 -2.3763521E-14 -2.3543855E-14 -1.4730679E-15  3.4877093E-11
-1.6544097E-15 -1.9420908E-14 -1.9597793E-14 -1.8926061E-14 -1.8946958E-14  3.7308108E-08  2.6796562E-08 -1.9597793E-14 -1.9420908E-14 -1.6544097E-15  2.6722224E-11
-1.6588665E-15 -1.5986344E-14 -1.6128983E-14 -1.5587220E-14 -1.5604077E-14  3.0086436E-08  2.1609591E-08 -1.6128983E-14 -1.5986344E-14 -1.6588665E-15  2.0608677E-11
-1.5653518E-15 -1.3138616E-14 -1.3253859E-14 -1.2816245E-14 -1.2829879E-14  2.4302829E-08  1.7455513E-08 -1.3253859E-14 -1.3138616E-14 -1.5653518E-15  1.5982869E-11
-1.4228314E-15 -1.0785511E-14 -1.0878718E-14 -1.0524753E-14 -1.0535765E-14  1.9660909E-08  1.4121454E-08 -1.0878718E-14 -1.0785511E-14 -1.4228314E-15  1.2454800E-11
-1.2611039E-15 -8.8461203E-15 -8.9216289E-15 -8.6348390E-15 -8.6437668E-15  1.5927908E-08  1.1440223E-08 -8.9216289E-15 -8.8461203E-15 -1.2611039E-15  9.7456920E-12
-1.0978278E-15 -7.2505928E-15 -7.3118474E-15 -7.0792140E-15 -7.0864561E-15  1.2920291E-08  9.2800028E-09 -7.3118474E-15 -7.2505928E-15 -1.0978278E-15  7.6531895E-12
-9.4296716E-16 -5.9398480E-15 -5.9895882E-15 -5.8006607E-15 -5.8065413E-15  1.0493036E-08  7.5366254E-09 -5.9895882E-15 -5.9398480E-15 -9.4296716E-16  6.0288165E-12
-8.0160716E-16 -4.8641854E-15 -4.9046248E-15 -4.7510183E-15 -4.7557997E-15  8.5310592E-09  6.1274368E-09 -4.9046248E-15 -4.8641854E-15 -8.0160716E-16  4.7623128E-12
-6.7586503E-16 -3.9821532E-15 -4.0150685E-15 -3.8900575E-15 -3.8939494E-15  6.9428950E-09  4.9867377E-09 -4.0150685E-15 -3.9821532E-15 -6.7586503E-16  3.7710825E-12
-5.6605942E-16 -3.2593472E-15 -3.2861578E-15 -3.1843284E-15 -3.1874979E-15  5.6556667E-09  4.0621844E-09 -3.2861578E-15 -3.2593472E-15 -5.6605942E-16  2.9927096E-12
-4.7148060E-16 -2.6672891E-15 -2.6891465E-15 -2.6061267E-15 -2.6087116E-15  4.6110142E-09  3.3118623E-09 -2.6891465E-15 -2.6672891E-15 -4.7148060E-16  2.3796873E-12
-3.9087688E-16 -2.1825133E-15 -2.2003408E-15 -2.1326020E-15 -2.1347111E-15  3.7622768E-09  2.7022563E-09 -2.2003408E-15 -2.1825133E-15 -3.9087688E-16  1.8956263E-12
-3.2275933E-16 -1.7856737E-15 -1.8002355E-15 -1.7449240E-15 -1.7466466E-15  3.0719857E-09  2.2064548E-09 -1.8002355E-15 -1.7856737E-15 -3.2275933E-16  1.5125147E-12
-2.6558541E-16 -1.4608885E-15 -1.4727801E-15 -1.4275918E-15 -1.4289998E-15  2.5100245E-09  1.8028260E-09 -1.4727801E-15 -1.4608885E-15 -2.6558541E-16  1.2086439E-12
-2.1786818E-16 -1.1951145E-15 -1.2048422E-15 -1.1678878E-15 -1.1690375E-15  2.0521243E-09  1.4739389E-09 -1.2048422E-15 -1.1951145E-15 -2.1786818E-16  9.6716724E-13
-1.7823187E-16 -9.7764931E-16 -9.8560813E-16 -9.5538239E-16 -9.5632333E-16  1.6787051E-09  1.2057305E-09 -9.8560813E-16 -9.7764931E-16 -1.7823187E-16  7.7494042E-13
-1.4544265E-16 -7.9973408E-16 -8.0624765E-16 -7.8150920E-16 -7.8227924E-16  1.3739580E-09  9.8684576E-10 -8.0624765E-16 -7.9973408E-16 -1.4544265E-16  6.2166997E-13
-1.1841262E-16 -6.5418025E-16 -6.5951360E-16 -6.3925707E-16 -6.3988766E-16  1.1250662E-09  8.0807910E-10 -6.5951360E-16 -6.5418025E-16 -1.1841262E-16  4.9928091E-13
-9.6199370E-17 -5.3510754E-16 -5.3947706E-16 -5.2288222E-16 -5.2339882E-16  9.2167110E-10  6.6199058E-10 -5.3947706E-16 -5.3510754E-16 -9.6199370E-17  4.0141453E-13
-7.7995911E-17 -4.3769976E-16 -4.4128113E-16 -4.2768099E-16 -4.2810436E-16  7.5534943E-10  5.4253000E-10 -4.4128113E-16 -4.3769976E-16 -7.7995911E-17  3.2305612E-13
-6.3115544E-17 -3.5801818E-16 -3.6095435E-16 -3.4980394E-16 -3.5015099E-16  6.1927045E-10  4.4479119E-10 -3.6095435E-16 -3.5801818E-16 -6.3115544E-17  2.6024213E-13
-5.0979474E-17 -2.9283680E-16 -2.9524489E-16 -2.8610047E-16 -2.8638518E-16  5.0788017E-10  3.6478508E-10 -2.9524489E-16 -2.9283680E-16 -5.0979474E-17  2.0983093E-13
-4.1102607E-17 -2.3951821E-16 -2.4149353E-16 -2.3399172E-16 -2.3422515E-16  4.1665596E-10  2.9926328E-10 -2.4149353E-16 -2.3951821E-16 -4.1102607E-17  1.6933005E-13
-3.3080352E-17 -1.9590348E-16 -1.9752443E-16 -1.9136815E-16 -1.9155983E-16  3.4191429E-10  2.4558006E-10 -1.9752443E-16 -1.9590348E-16 -3.3080352E-17  1.3675822E-13
 0.0000000E+00  0.0000000E+00  0.0000000E+00  0.0000000E+00  0.0000000E+00  0.0000000E+00  0.0000000E+00  0.0000000E+00  0.0000000E+00  0.0000000E+00  0.0000000E+00
 0.0000000E+00  0.0000000E+00  0.0000000E+00  0.0000000E+00  0.0000000E+00  0.0000000E+00  0.0000000E+00  0.0000000E+00  0.0000000E+00  0.0000000E+00  0.0000000E+00
 0.0000000E+00  0.0000000E+00  0.0000000E+00  0.0000000E+00  0.0000000E+00  0.0000000E+00  0.0000000E+00  0.0000000E+00  0.0000000E+00  0.0000000E+00  0.0000000E+00
 0.0000000E+00  0.0000000E+00  0.0000000E+00  0.0000000E+00  0.0000000E+00  0.0000000E+00  0.0000000E+00  0.0000000E+00  0.0000000E+00  0.0000000E+00  0.0000000E+00
 0.0000000E+00  0.0000000E+00  0.0000000E+00  0.0000000E+00  0.0000000E+00  0.0000000E+00  0.0000000E+00  0.0000000E+00  0.0000000E+00  0.0000000E+00  0.0000000E+00
 0.0000000E+00  0.0000000E+00  0.0000000E+00  0.0000000E+00  0.0000000E+00  0.0000000E+00  0.0000000E+00  0.0000000E+00  0.0000000E+00  0.0000000E+00  0.0000000E+00
 0.0000000E+00  0.0000000E+00  0.0000000E+00  0.0000000E+00  0.0000000E+00  0.0000000E+00  0.0000000E+00  0.0000000E+00  0.0000000E+00  0.0000000E+00  0.0000000E+00
 0.0000000E+00  0.0000000E+00  0.0000000E+00  0.0000000E+00  0.0000000E+00  0.0000000E+00  0.0000000E+00  0.0000000E+00  0.0000000E+00  0.0000000E+00  0.0000000E+00
 0.0000000E+00  0.0000000E+00  0.0000000E+00  0.0000000E+00  0.0000000E+00  0.0000000E+00  0.0000000E+00  0.0000000E+00  0.0000000E+00  0.0000000E+00  0.0000000E+00
 0.0000000E+00  0.0000000E+00  0.0000000E+00  0.0000000E+00  0.0000000E+00  0.0000000E+00  0.0000000E+00  0.0000000E+00  0.0000000E+00  0.0000000E+00  0.0000000E+00
 0.0000000E+00  0.0000000E+00  0.0000000E+00  0.0000000E+00  0.0000000E+00  0.0000000E+00  0.0000000E+00  0.0000000E+00  0.0000000E+00  0.0000000E+00  0.0000000E+00
 0.0000000E+00  0.0000000E+00  0.0000000E+00  0.0000000E+00  0.0000000E+00  0.0000000E+00  0.0000000E+00  0.0000000E+00  0.0000000E+00  0.0000000E+00  0.0000000E+00
 0.0000000E+00  0.0000000E+00  0.0000000E+00  0.0000000E+00  0.0000000E+00  0.0000000E+00  0.0000000E+00  0.0000000E+00  0.0000000E+00  0.0000000E+00  0.0000000E+00
 0.0000000E+00  0.0000000E+00  0.0000000E+00  0.0000000E+00  0.0000000E+00  0.0000000E+00  0.0000000E+00  0.0000000E+00  0.0000000E+00  0.0000000E+00  0.0000000E+00
 0.0000000E+00  0.0000000E+00  0.0000000E+00  0.0000000E+00  0.0000000E+00  0.0000000E+00  0.0000000E+00  0.0000000E+00  0.0000000E+00  0.0000000E+00  0.0000000E+00
 0.0000000E+00  0.0000000E+00  0.0000000E+00  0.0000000E+00  0.0000000E+00  0.0000000E+00  0.0000000E+00  0.0000000E+00  0.0000000E+00  0.0000000E+00  0.0000000E+00
 0.0000000E+00  0.0000000E+00  0.0000000E+00  0.0000000E+00  0.0000000E+00  0.0000000E+00  0.0000000E+00  0.0000000E+00  0.0000000E+00  0.0000000E+00  0.0000000E+00
 0.0000000E+00  0.0000000E+00  0.0000000E+00  0.0000000E+00  0.0000000E+00  0.0000000E+00  0.0000000E+00  0.0000000E+00  0.0000000E+00  0.0000000E+00  0.0000000E+00
 0.0000000E+00  0.0000000E+00  0.0000000E+00  0.0000000E+00  0.0000000E+00  0.0000000E+00  0.0000000E+00  0.0000000E+00  0.0000000E+00  0.0000000E+00  0.0000000E+00
 0.0000000E+00  0.0000000E+00  0.0000000E+00  0.0000000E+00  0.0000000E+00  0.0000000E+00  0.0000000E+00  0.0000000E+00  0.0000000E+00  0.0000000E+00  0.0000000E+00
 0.0000000E+00  0.0000000E+00  0.0000000E+00  0.0000000E+00  0.0000000E+00  0.0000000E+00  0.0000000E+00  0.0000000E+00  0.0000000E+00  0.0000000E+00  0.0000000E+00
 0.0000000E+00  0.0000000E+00  0.0000000E+00  0.0000000E+00  0.0000000E+00  0.0000000E+00  0.0000000E+00  0.0000000E+00  0.0000000E+00  0.0000000E+00  0.0000000E+00
 0.0000000E+00  0.0000000E+00  0.0000000E+00  0.0000000E+00  0.0000000E+00  0.0000000E+00  0.0000000E+00  0.0000000E+00  0.0000000E+00  0.0000000E+00  0.0000000E+00
 0.0000000E+00  0.0000000E+00  0.0000000E+00  0.0000000E+00  0.0000000E+00  0.0000000E+00  0.0000000E+00  0.0000000E+00  0.0000000E+00  0.0000000E+00  0.0000000E+00
 0.0000000E+00  0.0000000E+00  0.0000000E+00  0.0000000E+00  0.0000000E+00  0.0000000E+00  0.0000000E+00  0.0000000E+00  0.0000000E+00  0.0000000E+00  0.0000000E+00
 0.0000000E+00  0.0000000E+00  0.0000000E+00  0.0000000E+00  0.0000000E+00  0.0000000E+00  0.0000000E+00  0.0000000E+00  0.0000000E+00  0.0000000E+00  0.0000000E+00
 0.0000000E+00  0.0000000E+00  0.0000000E+00  0.0000000E+00  0.0000000E+00  0.0000000E+00  0.0000000E+00  0.0000000E+00  0.0000000E+00  0.0000000E+00  0.0000000E+00
 0.0000000E+00  0.0000000E+00  0.0000000E+00  0.0000000E+00  0.0000000E+00  0.0000000E+00  0.0000000E+00  0.0000000E+00  0.0000000E+00  0.0000000E+00  0.0000000E+00
 0.0000000E+00  0.0000000E+00  0.0000000E+00  0.0000000E+00  0.0000000E+00  0.0000000E+00  0.0000000E+00  0.0000000E+00  0.0000000E+00  0.0000000E+00  0.0000000E+00
 0.0000000E+00  0.0000000E+00  0.0000000E+00  0.0000000E+00  0.0000000E+00  0.0000000E+00  0.0000000E+00  0.0000000E+00  0.0000000E+00  0.0000000E+00  0.0000000E+00
 0.0000000E+00  0.0000000E+00  0.0000000E+00  0.0000000E+00  0.0000000E+00  0.0000000E+00  0.0000000E+00  0.0000000E+00  0.0000000E+00  0.0000000E+00  0.0000000E+00
 0.0000000E+00  0.0000000E+00  0.0000000E+00  0.0000000E+00  0.0000000E+00  0.0000000E+00  0.0000000E+00  0.0000000E+00  0.0000000E+00  0.0000000E+00  0.0000000E+00
 0.0000000E+00  0.0000000E+00  0.0000000E+00  0.0000000E+00  0.0000000E+00  0.0000000E+00  0.0000000E+00  0.0000000E+00  0.0000000E+00  0.0000000E+00  0.0000000E+00
 0.0000000E+00  0.0000000E+00  0.0000000E+00  0.0000000E+00  0.0000000E+00  0.0000000E+00  0.0000000E+00  0.0000000E+00  0.0000000E+00  0.0000000E+00  0.0000000E+00
 0.0000000E+00  0.0000000E+00  0.0000000E+00  0.0000000E+00  0.0000000E+00  0.0000000E+00  0.0000000E+00  0.0000000E+00  0.0000000E+00  0.0000000E+00  0.0000000E+00
 0.0000000E+00  0.0000000E+00  0.0000000E+00  0.0000000E+00  0.0000000E+00  0.0000000E+00  0.0000000E+00  0.0000000E+00  0.0000000E+00  0.0000000E+00  0.0000000E+00
 0.0000000E+00  0.0000000E+00  0.0000000E+00  0.0000000E+00  0.0000000E+00  0.0000000E+00  0.0000000E+00  0.0000000E+00  0.0000000E+00  0.0000000E+00  0.0000000E+00
---

---
