PdfType: central
Format: lhagrid1
---
5.000000e-06 6.469340e-06 8.370580e-06 1.083050e-05 1.401320e-05 1.813100e-05 2.345850e-05 3.035090e-05 3.926760e-05 5.080240e-05 6.572330e-05 8.502270e-05 1.099830e-04 1.422610e-04 1.839950e-04 2.379440e-04 3.076670e-04 3.977440e-04 5.140700e-04 6.642160e-04 8.578820e-04 1.107470e-03 1.428790e-03 1.847940e-03 2.379570e-03 3.060350e-03 3.929800e-03 5.036510e-03 6.439470e-03 8.208290e-03 1.042490e-02 1.318030e-02 1.657460e-02 2.071300e-02 2.570030e-02 3.166080e-02 3.860010e-02 4.666620e-02 5.587900e-02 6.626100e-02 7.781050e-02 9.050080e-02 1.042750e-01 1.191680e-01 1.349350e-01 1.516740e-01 1.692700e-01 1.876580e-01 2.067780e-01 2.265720e-01 2.469860e-01 2.679650e-01 2.894600e-01 3.112310e-01 3.336210e-01 3.564040e-01 3.795630e-01 4.031000e-01 4.269440e-01 4.510730e-01 4.754690e-01 5.001130e-01 5.249900e-01 5.500860e-01 5.753850e-01 6.009230e-01 6.264810e-01 6.523530e-01 6.783700e-01 7.045280e-01 7.308230e-01 7.572480e-01 7.837670e-01 8.105000e-01 8.372600e-01 8.641380e-01 8.911230e-01 9.182080e-01 9.453860e-01 9.726560e-01 1.000000e+00
1.300000e+00 1.494260e+00 1.736730e+00 2.042900e+00 2.434360e+00 2.941690e+00 3.608810e+00 4.500000e+00 5.866040e+00 7.828770e+00 1.071920e+01 1.509180e+01 2.190300e+01 3.285630e+01 5.109270e+01 8.262520e+01 1.394400e+02 2.465070e+02 4.583780e+02 9.005800e+02 1.878640e+03 4.183110e+03 1.000000e+04
-5  -4  -3  -2  -1  1  2  3  4  5  21
 0.0000000E+00  0.0000000E+00  6.0823000E-01  1.5205849E+00  1.5205751E+00  1.5218973E+00  1.5220127E+00  6.0823000E-01  0.0000000E+00  0.0000000E+00  5.7740500E-02
 0.0000000E+00  7.6654500E-02  6.7480000E-01  1.5720209E+00  1.5720091E+00  1.5734423E+00  1.5735577E+00  6.7480000E-01  7.6654500E-02  0.0000000E+00  2.3077900E+00
 0.0000000E+00  1.8509600E-01  7.7369000E-01  1.6565818E+00  1.6565682E+00  1.6581123E+00  1.6582277E+00  7.7369000E-01  1.8509600E-01  0.0000000E+00  5.4913500E+00
 0.0000000E+00  3.2919550E-01  9.0869000E-01  1.7779228E+00  1.7779072E+00  1.7795633E+00  1.7796767E+00  9.0869000E-01  3.2919550E-01  0.0000000E+00  9.7912500E+00
 0.0000000E+00  5.1365500E-01  1.0844200E+00  1.9405658E+00  1.9405492E+00  1.9423192E+00  1.9424308E+00  1.0844200E+00  5.1365500E-01  0.0000000E+00  1.5406100E+01
 0.0000000E+00  7.4376500E-01  1.3061300E+00  2.1496668E+00  2.1496482E+00  2.1515372E+00  2.1516478E+00  1.3061300E+00  7.4376500E-01  0.0000000E+00  2.2545900E+01
 0.0000000E+00  1.0254350E+00  1.5796750E+00  2.4110178E+00  2.4109972E+00  2.4130082E+00  2.4131168E+00  1.5796750E+00  1.0254350E+00  0.0000000E+00  3.1431550E+01
 0.0000000E+00  1.3651650E+00  1.9115250E+00  2.7310387E+00  2.7310163E+00  2.7331522E+00  2.7332578E+00  1.9115250E+00  1.3651650E+00  0.0000000E+00  4.2294350E+01
 4.6827200E-01  1.8179550E+00  2.3558900E+00  3.1627647E+00  3.1627403E+00  3.1650161E+00  3.1651189E+00  2.3558900E+00  1.8179550E+00  4.6827200E-01  5.6003500E+01
 1.0284250E+00  2.3628350E+00  2.8924950E+00  3.6869557E+00  3.6869293E+00  3.6893501E+00  3.6894499E+00  2.8924950E+00  2.3628350E+00  1.0284250E+00  7.2698000E+01
 1.6927450E+00  3.0120800E+00  3.5336000E+00  4.3158597E+00  4.3158303E+00  4.3184101E+00  4.3185049E+00  3.5336000E+00  3.0120800E+00  1.6927450E+00  9.2748500E+01
 2.4750050E+00  3.7794450E+00  4.2929700E+00  5.0632397E+00  5.0632103E+00  5.0659310E+00  5.0660190E+00  4.2929700E+00  3.7794450E+00  2.4750050E+00  1.1654550E+02
 3.3900300E+00  4.6797450E+00  5.1854000E+00  5.9438397E+00  5.9438103E+00  5.9467310E+00  5.9468190E+00  5.1854000E+00  4.6797450E+00  3.3900300E+00  1.4448550E+02
 4.4536450E+00  5.7288000E+00  6.2267000E+00  6.9735196E+00  6.9734804E+00  6.9765609E+00  6.9766391E+00  6.2267000E+00  5.7288000E+00  4.4536450E+00  1.7696850E+02
 5.6826500E+00  6.9434000E+00  7.4336500E+00  8.1690196E+00  8.1689804E+00  8.1722609E+00  8.1723391E+00  7.4336500E+00  6.9434000E+00  5.6826500E+00  2.1439300E+02
 7.0946500E+00  8.3411500E+00  8.8239000E+00  9.5480196E+00  9.5479804E+00  9.5514408E+00  9.5515092E+00  8.8239000E+00  8.3411500E+00  7.0946500E+00  2.5715000E+02
 8.7082000E+00  9.9406000E+00  1.0415950E+01  1.1128920E+01  1.1128880E+01  1.1132541E+01  1.1132609E+01  1.0415950E+01  9.9406000E+00  8.7082000E+00  3.0561650E+02
 1.0542400E+01  1.1760800E+01  1.2228850E+01  1.2930899E+01  1.2930851E+01  1.2934751E+01  1.2934799E+01  1.2228850E+01  1.1760800E+01  1.0542400E+01  3.6015400E+02
 1.2617000E+01  1.3821550E+01  1.4282400E+01  1.4973679E+01  1.4973621E+01  1.4977730E+01  1.4977770E+01  1.4282400E+01  1.3821550E+01  1.2617000E+01  4.2109950E+02
 1.4952050E+01  1.6142900E+01  1.6596650E+01  1.7277329E+01  1.7277271E+01  1.7281560E+01  1.7281590E+01  1.6596650E+01  1.6142900E+01  1.4952050E+01  4.8876400E+02
 1.7567950E+01  1.8745200E+01  1.9192000E+01  1.9862179E+01  1.9862121E+01  1.9866660E+01  1.9866690E+01  1.9192000E+01  1.8745200E+01  1.7567950E+01  5.6342500E+02
 2.0485100E+01  2.1648900E+01  2.2088800E+01  2.2748659E+01  2.2748591E+01  2.2753390E+01  2.2753410E+01  2.2088800E+01  2.1648900E+01  2.0485100E+01  6.4532000E+02
 2.3723800E+01  2.4874250E+01  2.5307400E+01  2.5957109E+01  2.5957041E+01  2.5962100E+01  2.5962100E+01  2.5307400E+01  2.4874250E+01  2.3723800E+01  7.3466000E+02
 0.0000000E+00  0.0000000E+00  5.5958885E-01  1.3989778E+00  1.3989664E+00  1.4004983E+00  1.4006224E+00  5.5958885E-01  0.0000000E+00  0.0000000E+00  6.6058431E-02
 0.0000000E+00  7.4202036E-02  6.2453262E-01  1.4500325E+00  1.4500173E+00  1.4516773E+00  1.4518013E+00  6.2453262E-01  7.4202036E-02  0.0000000E+00  2.2281636E+00
 0.0000000E+00  1.7825296E-01  7.1981758E-01  1.5321582E+00  1.5321417E+00  1.5339323E+00  1.5340551E+00  7.1981758E-01  1.7825296E-01  0.0000000E+00  5.2727773E+00
 0.0000000E+00  3.1559575E-01  8.4880329E-01  1.6486037E+00  1.6485860E+00  1.6505008E+00  1.6506223E+00  8.4880329E-01  3.1559575E-01  0.0000000E+00  9.3632052E+00
 0.0000000E+00  4.9041285E-01  1.0156023E+00  1.8033775E+00  1.8033572E+00  1.8054104E+00  1.8055294E+00  1.0156023E+00  4.9041285E-01  0.0000000E+00  1.4675698E+01
 0.0000000E+00  7.0740939E-01  1.2248790E+00  2.0010688E+00  2.0010460E+00  2.0032350E+00  2.0033502E+00  1.2248790E+00  7.0740939E-01  0.0000000E+00  2.1394884E+01
 0.0000000E+00  9.7181132E-01  1.4818153E+00  2.2467976E+00  2.2467736E+00  2.2491035E+00  2.2492162E+00  1.4818153E+00  9.7181132E-01  0.0000000E+00  2.9713549E+01
 0.0000000E+00  1.2893524E+00  1.7921107E+00  2.5462323E+00  2.5462057E+00  2.5486741E+00  2.5487842E+00  1.7921107E+00  1.2893524E+00  0.0000000E+00  3.9831985E+01
 4.3608721E-01  1.7108299E+00  2.2058509E+00  2.9483509E+00  2.9483231E+00  2.9509557E+00  2.9510620E+00  2.2058509E+00  1.7108299E+00  4.3608721E-01  5.2533305E+01
 9.5552799E-01  2.2158460E+00  2.7032590E+00  3.4343523E+00  3.4343207E+00  3.4371227E+00  3.4372239E+00  2.7032590E+00  2.2158460E+00  9.5552799E-01  6.7920307E+01
 1.5690349E+00  2.8151010E+00  3.2950419E+00  4.0149121E+00  4.0148780E+00  4.0178584E+00  4.0179546E+00  3.2950419E+00  2.8151010E+00  1.5690349E+00  8.6306818E+01
 2.2885484E+00  3.5205307E+00  3.9931160E+00  4.7019573E+00  4.7019206E+00  4.7050860E+00  4.7051771E+00  3.9931160E+00  3.5205307E+00  2.2885484E+00  1.0802116E+02
 3.1268520E+00  4.3448993E+00  4.8102454E+00  5.5082363E+00  5.5081958E+00  5.5115539E+00  5.5116387E+00  4.8102454E+00  4.3448993E+00  3.1268520E+00  1.3339326E+02
 4.0974923E+00  5.3017535E+00  5.7599833E+00  6.4472855E+00  6.4472412E+00  6.4508023E+00  6.4508795E+00  5.7599833E+00  5.3017535E+00  4.0974923E+00  1.6275307E+02
 5.2147603E+00  6.4053776E+00  6.8565947E+00  7.5333777E+00  7.5333270E+00  7.5371053E+00  7.5371686E+00  6.8565947E+00  6.4053776E+00  5.2147603E+00  1.9642275E+02
 6.4936000E+00  7.6706964E+00  8.1150107E+00  8.7814427E+00  8.7813921E+00  8.7853644E+00  8.7854277E+00  8.1150107E+00  7.6706964E+00  6.4936000E+00  2.3471542E+02
 7.9495250E+00  9.1132299E+00  9.5507513E+00  1.0206962E+01  1.0206911E+01  1.0211116E+01  1.0211167E+01  9.5507513E+00  9.1132299E+00  7.9495250E+00  2.7792996E+02
 9.5984304E+00  1.0748938E+01  1.1179731E+01  1.1825888E+01  1.1825825E+01  1.1830301E+01  1.1830339E+01  1.1179731E+01  1.0748938E+01  9.5984304E+00  3.2634456E+02
 1.1456684E+01  1.2594058E+01  1.3018253E+01  1.3654512E+01  1.3654449E+01  1.3659158E+01  1.3659183E+01  1.3018253E+01  1.2594058E+01  1.1456684E+01  3.8021540E+02
 1.3540781E+01  1.4665153E+01  1.5082813E+01  1.5709304E+01  1.5709240E+01  1.5714208E+01  1.5714234E+01  1.5082813E+01  1.4665153E+01  1.3540781E+01  4.3977150E+02
 1.5867285E+01  1.6978718E+01  1.7389974E+01  1.8006825E+01  1.8006762E+01  1.8012001E+01  1.8012001E+01  1.7389974E+01  1.6978718E+01  1.5867285E+01  5.0521017E+02
 1.8452563E+01  1.9551187E+01  1.9956167E+01  2.0563547E+01  2.0563471E+01  2.0569008E+01  2.0569008E+01  1.9956167E+01  1.9551187E+01  1.8452563E+01  5.7669573E+02
 2.1312853E+01  2.2398861E+01  2.2797566E+01  2.3395630E+01  2.3395554E+01  2.3401362E+01  2.3401337E+01  2.2797566E+01  2.2398861E+01  2.1312853E+01  6.5435433E+02
 0.0000000E+00  0.0000000E+00  5.1484759E-01  1.2871222E+00  1.2871074E+00  1.2888850E+00  1.2890193E+00  5.1484759E-01  0.0000000E+00  0.0000000E+00  7.5574786E-02
 0.0000000E+00  7.1988327E-02  5.7831249E-01  1.3378027E+00  1.3377863E+00  1.3397078E+00  1.3398404E+00  5.7831249E-01  7.1988327E-02  0.0000000E+00  2.1561024E+00
 0.0000000E+00  1.7194845E-01  6.7020304E-01  1.4175843E+00  1.4175646E+00  1.4196351E+00  1.4197661E+00  6.7020304E-01  1.7194845E-01  0.0000000E+00  5.0701691E+00
 0.0000000E+00  3.0293296E-01  7.9349834E-01  1.5293365E+00  1.5293152E+00  1.5315430E+00  1.5316707E+00  7.9349834E-01  3.0293296E-01  0.0000000E+00  8.9628822E+00
 0.0000000E+00  4.6865873E-01  9.5185213E-01  1.6766303E+00  1.6766073E+00  1.6789840E+00  1.6791085E+00  9.5185213E-01  4.6865873E-01  0.0000000E+00  1.3989499E+01
 0.0000000E+00  6.7329179E-01  1.1493894E+00  1.8635135E+00  1.8634873E+00  1.8660179E+00  1.8661391E+00  1.1493894E+00  6.7329179E-01  0.0000000E+00  2.0311463E+01
 0.0000000E+00  9.2144182E-01  1.3906714E+00  2.0945013E+00  2.0944718E+00  2.0971648E+00  2.0972827E+00  1.3906714E+00  9.2144182E-01  0.0000000E+00  2.8095852E+01
 0.0000000E+00  1.2181621E+00  1.6807371E+00  2.3745691E+00  2.3745380E+00  2.3773983E+00  2.3775097E+00  1.6807371E+00  1.2181621E+00  0.0000000E+00  3.7515014E+01
 4.0605265E-01  1.6102903E+00  2.0657503E+00  2.7489115E+00  2.7488771E+00  2.7519214E+00  2.7520279E+00  2.0657503E+00  1.6102903E+00  4.0605265E-01  4.9272498E+01
 8.8758282E-01  2.0780886E+00  2.5265591E+00  3.1992286E+00  3.1991926E+00  3.2024327E+00  3.2025342E+00  2.5265591E+00  2.0780886E+00  8.8758282E-01  6.3439287E+01
 1.4539028E+00  2.6308398E+00  3.0724381E+00  3.7348050E+00  3.7347657E+00  3.7382083E+00  3.7383017E+00  3.0724381E+00  2.6308398E+00  1.4539028E+00  8.0280140E+01
 2.1153209E+00  3.2788483E+00  3.7136999E+00  4.3659283E+00  4.3658841E+00  4.3695458E+00  4.3696326E+00  3.7136999E+00  3.2788483E+00  2.1153209E+00  1.0006861E+02
 2.8828026E+00  4.0330794E+00  4.4612764E+00  5.1035371E+00  5.1034896E+00  5.1073705E+00  5.1074491E+00  4.4612764E+00  4.0330794E+00  2.8828026E+00  1.2307599E+02
 3.7679078E+00  4.9050678E+00  5.3267358E+00  5.9591794E+00  5.9591286E+00  5.9632371E+00  5.9633076E+00  5.3267358E+00  4.9050678E+00  3.7679078E+00  1.4957055E+02
 4.7827234E+00  5.9069174E+00  6.3221400E+00  6.9449223E+00  6.9448666E+00  6.9492177E+00  6.9492766E+00  6.3221400E+00  5.9069174E+00  4.7827234E+00  1.7981178E+02
 5.9398222E+00  7.0511757E+00  7.4600534E+00  8.0733200E+00  8.0732610E+00  8.0778614E+00  8.0779105E+00  7.4600534E+00  7.0511757E+00  5.9398222E+00  2.1404577E+02
 7.2521282E+00  8.3507585E+00  8.7533666E+00  9.3572530E+00  9.3571875E+00  9.3620925E+00  9.3621416E+00  8.7533666E+00  8.3507585E+00  7.2521282E+00  2.5250273E+02
 8.7328587E+00  9.8188577E+00  1.0215372E+01  1.0810051E+01  1.0809985E+01  1.0815108E+01  1.0815141E+01  1.0215372E+01  9.8188577E+00  8.7328587E+00  2.9539526E+02
 1.0395423E+01  1.1468950E+01  1.1859354E+01  1.2444909E+01  1.2444843E+01  1.2450267E+01  1.2450283E+01  1.1859354E+01  1.1468950E+01  1.0395423E+01  3.4291169E+02
 1.2253106E+01  1.3314328E+01  1.3698789E+01  1.4275354E+01  1.4275272E+01  1.4281047E+01  1.4281047E+01  1.3698789E+01  1.3314328E+01  1.2253106E+01  3.9521442E+02
 1.4319468E+01  1.5368385E+01  1.5746986E+01  1.6314678E+01  1.6314596E+01  1.6320672E+01  1.6320656E+01  1.5746986E+01  1.5368385E+01  1.4319468E+01  4.5243738E+02
 1.6607398E+01  1.7644262E+01  1.8017004E+01  1.8576040E+01  1.8575942E+01  1.8582285E+01  1.8582253E+01  1.8017004E+01  1.7644262E+01  1.6607398E+01  5.1468269E+02
 1.9129789E+01  2.0154599E+01  2.0521649E+01  2.1072097E+01  2.1072015E+01  2.1078694E+01  2.1078644E+01  2.0521649E+01  2.0154599E+01  1.9129789E+01  5.8202066E+02
 0.0000000E+00  0.0000000E+00  4.7370116E-01  1.1842587E+00  1.1842417E+00  1.1863009E+00  1.1864450E+00  4.7370116E-01  0.0000000E+00  0.0000000E+00  8.6460098E-02
 0.0000000E+00  6.9764774E-02  5.3564296E-01  1.2344645E+00  1.2344454E+00  1.2366757E+00  1.2368156E+00  5.3564296E-01  6.9764774E-02  0.0000000E+00  2.0907414E+00
 0.0000000E+00  1.6572181E-01  6.2419204E-01  1.3118939E+00  1.3118706E+00  1.3142719E+00  1.3144096E+00  6.2419204E-01  1.6572181E-01  0.0000000E+00  4.8808298E+00
 0.0000000E+00  2.9055957E-01  7.4196831E-01  1.4190790E+00  1.4190536E+00  1.4216259E+00  1.4217594E+00  7.4196831E-01  2.9055957E-01  0.0000000E+00  8.5848175E+00
 0.0000000E+00  4.4755525E-01  8.9219385E-01  1.5591411E+00  1.5591115E+00  1.5618613E+00  1.5619906E+00  8.9219385E-01  4.4755525E-01  0.0000000E+00  1.3338735E+01
 0.0000000E+00  6.4038147E-01  1.0784979E+00  1.7356566E+00  1.7356269E+00  1.7385587E+00  1.7386816E+00  1.0784979E+00  6.4038147E-01  0.0000000E+00  1.9282731E+01
 0.0000000E+00  8.7308776E-01  1.3049020E+00  1.9525936E+00  1.9525597E+00  1.9556799E+00  1.9557985E+00  1.3049020E+00  8.7308776E-01  0.0000000E+00  2.6560718E+01
 0.0000000E+00  1.1500908E+00  1.5757836E+00  2.2143040E+00  2.2142658E+00  2.2175700E+00  2.2176823E+00  1.5757836E+00  1.1500908E+00  0.0000000E+00  3.5319560E+01
 3.7765412E-01  1.5145804E+00  1.9337425E+00  2.5624460E+00  2.5624058E+00  2.5659307E+00  2.5660367E+00  1.9337425E+00  1.5145804E+00  3.7765412E-01  4.6190458E+01
 8.2351764E-01  1.9474539E+00  2.3601934E+00  2.9792599E+00  2.9792154E+00  2.9829634E+00  2.9830609E+00  2.3601934E+00  1.9474539E+00  8.2351764E-01  5.9216733E+01
 1.3456355E+00  2.4567256E+00  2.8631510E+00  3.4727538E+00  3.4727051E+00  3.4766868E+00  3.4767758E+00  2.8631510E+00  2.4567256E+00  1.3456355E+00  7.4619329E+01
 1.9528691E+00  3.0512659E+00  3.4514854E+00  4.0517696E+00  4.0517188E+00  4.0559451E+00  4.0560235E+00  3.4514854E+00  3.0512659E+00  1.9528691E+00  9.2623952E+01
 2.6545664E+00  3.7404106E+00  4.1345217E+00  4.7256519E+00  4.7255947E+00  4.7300722E+00  4.7301421E+00  4.1345217E+00  3.7404106E+00  2.6545664E+00  1.1345274E+02
 3.4605505E+00  4.5339506E+00  4.9220615E+00  5.5041721E+00  5.5041106E+00  5.5088565E+00  5.5089137E+00  4.9220615E+00  4.5339506E+00  3.4605505E+00  1.3731883E+02
 4.3809697E+00  5.4420663E+00  5.8242638E+00  6.3974955E+00  6.3974298E+00  6.4024484E+00  6.4024950E+00  5.8242638E+00  5.4420663E+00  4.3809697E+00  1.6442865E+02
 5.4263188E+00  6.4752419E+00  6.8516126E+00  7.4160953E+00  7.4160254E+00  7.4213341E+00  7.4213680E+00  6.8516126E+00  6.4752419E+00  5.4263188E+00  1.9497283E+02
 6.6073306E+00  7.6441777E+00  8.0148083E+00  8.5706829E+00  8.5706087E+00  8.5762204E+00  8.5762374E+00  8.0148083E+00  7.6441777E+00  6.6073306E+00  2.2912573E+02
 7.9348250E+00  8.9597261E+00  9.3247031E+00  9.8720995E+00  9.8720211E+00  9.8779402E+00  9.8779423E+00  9.3247031E+00  8.9597261E+00  7.9348250E+00  2.6704331E+02
 9.4197082E+00  1.0432761E+01  1.0792171E+01  1.1331236E+01  1.1331152E+01  1.1337367E+01  1.1337367E+01  1.0792171E+01  1.0432761E+01  9.4197082E+00  3.0885987E+02
 1.1072778E+01  1.2074058E+01  1.2427999E+01  1.2958844E+01  1.2958759E+01  1.2965321E+01  1.2965279E+01  1.2427999E+01  1.2074058E+01  1.1072778E+01  3.5468371E+02
 1.2904649E+01  1.3894340E+01  1.4242866E+01  1.4765588E+01  1.4765503E+01  1.4772455E+01  1.4772391E+01  1.4242866E+01  1.3894340E+01  1.2904649E+01  4.0459715E+02
 1.4925729E+01  1.5903939E+01  1.6247050E+01  1.6761822E+01  1.6761716E+01  1.6769014E+01  1.6768929E+01  1.6247050E+01  1.5903939E+01  1.4925729E+01  4.5865759E+02
 1.7145873E+01  1.8112603E+01  1.8450515E+01  1.8957381E+01  1.8957275E+01  1.8964898E+01  1.8964813E+01  1.8450515E+01  1.8112603E+01  1.7145873E+01  5.1689103E+02
 0.0000000E+00  0.0000000E+00  4.3586377E-01  1.0896698E+00  1.0896490E+00  1.0920375E+00  1.0921902E+00  4.3586377E-01  0.0000000E+00  0.0000000E+00  9.8910350E-02
 0.0000000E+00  6.7737567E-02  4.9640219E-01  1.1394043E+00  1.1393802E+00  1.1419637E+00  1.1421123E+00  4.9640219E-01  6.7737567E-02  0.0000000E+00  2.0322783E+00
 0.0000000E+00  1.5994386E-01  5.8179443E-01  1.2145683E+00  1.2145414E+00  1.2173227E+00  1.2174666E+00  5.8179443E-01  1.5994386E-01  0.0000000E+00  4.7055765E+00
 0.0000000E+00  2.7897759E-01  6.9433304E-01  1.3173624E+00  1.3173322E+00  1.3203140E+00  1.3204525E+00  6.9433304E-01  2.7897759E-01  0.0000000E+00  8.2309893E+00
 0.0000000E+00  4.2772350E-01  8.3685569E-01  1.4505368E+00  1.4505039E+00  1.4536916E+00  1.4538232E+00  8.3685569E-01  4.2772350E-01  0.0000000E+00  1.2726732E+01
 0.0000000E+00  6.0940324E-01  1.0125420E+00  1.6172322E+00  1.6171965E+00  1.6205915E+00  1.6207177E+00  1.0125420E+00  6.0940324E-01  0.0000000E+00  1.8313571E+01
 0.0000000E+00  8.2756214E-01  1.2249050E+00  1.8209028E+00  1.8208617E+00  1.8244667E+00  1.8245846E+00  1.2249050E+00  8.2756214E-01  0.0000000E+00  2.5114037E+01
 0.0000000E+00  1.0860454E+00  1.4777760E+00  2.0653294E+00  2.0652855E+00  2.0691119E+00  2.0692243E+00  1.4777760E+00  1.0860454E+00  0.0000000E+00  3.3252763E+01
 3.5112735E-01  1.4246239E+00  1.8103373E+00  2.3888885E+00  2.3888419E+00  2.3929204E+00  2.3930218E+00  1.8103373E+00  1.4246239E+00  3.5112735E-01  4.3293781E+01
 7.6376144E-01  1.8248690E+00  2.2046968E+00  2.7743944E+00  2.7743423E+00  2.7786729E+00  2.7787661E+00  2.2046968E+00  1.8248690E+00  7.6376144E-01  5.5257271E+01
 1.2448150E+00  2.2936806E+00  2.6677209E+00  3.2287247E+00  3.2286699E+00  3.2332665E+00  3.2333488E+00  2.6677209E+00  2.2936806E+00  1.2448150E+00  6.9325823E+01
 1.8018733E+00  2.8386539E+00  3.2069769E+00  3.7594354E+00  3.7593751E+00  3.7642546E+00  3.7643231E+00  3.2069769E+00  2.8386539E+00  1.8018733E+00  8.5683571E+01
 2.4428511E+00  3.4676785E+00  3.8304101E+00  4.3744635E+00  4.3743977E+00  4.3795657E+00  4.3796232E+00  3.8304101E+00  3.4676785E+00  2.4428511E+00  1.0450862E+02
 3.1760357E+00  4.1890359E+00  4.5462464E+00  5.0820207E+00  5.0819494E+00  5.0874226E+00  5.0874638E+00  4.5462464E+00  4.1890359E+00  3.1760357E+00  1.2597082E+02
 4.0099052E+00  5.0112044E+00  5.3629778E+00  5.8906047E+00  5.8905307E+00  5.8963205E+00  5.8963479E+00  5.3629778E+00  5.0112044E+00  4.0099052E+00  1.5022851E+02
 4.9531617E+00  5.9428580E+00  6.2893063E+00  6.8089009E+00  6.8088186E+00  6.8149360E+00  6.8149469E+00  6.2893063E+00  5.9428580E+00  4.9531617E+00  1.7742673E+02
 6.0145916E+00  6.9928250E+00  7.3340044E+00  7.8456982E+00  7.8456105E+00  7.8520752E+00  7.8520697E+00  7.3340044E+00  6.9928250E+00  6.0145916E+00  2.0769244E+02
 7.2030511E+00  8.1699058E+00  8.5059003E+00  9.0098055E+00  9.0097123E+00  9.0165326E+00  9.0165079E+00  8.5059003E+00  8.1699058E+00  7.2030511E+00  2.4113774E+02
 8.5272704E+00  9.4828726E+00  9.8137523E+00  1.0310003E+01  1.0309902E+01  1.0317095E+01  1.0317048E+01  9.8137523E+00  9.4828726E+00  8.5272704E+00  2.7785233E+02
 9.9958958E+00  1.0940315E+01  1.1266178E+01  1.1754871E+01  1.1754767E+01  1.1762349E+01  1.1762283E+01  1.1266178E+01  1.0940315E+01  9.9958958E+00  3.1790065E+02
 1.1617251E+01  1.2550614E+01  1.2871517E+01  1.3352779E+01  1.3352667E+01  1.3360644E+01  1.3360553E+01  1.2871517E+01  1.2550614E+01  1.1617251E+01  3.6132756E+02
 1.3399366E+01  1.4321771E+01  1.4637768E+01  1.5111750E+01  1.5111640E+01  1.5120017E+01  1.5119908E+01  1.4637768E+01  1.4321771E+01  1.3399366E+01  4.0815407E+02
 1.5349779E+01  1.6261338E+01  1.6572571E+01  1.7039209E+01  1.7039072E+01  1.7047897E+01  1.7047760E+01  1.6572571E+01  1.6261338E+01  1.5349779E+01  4.5837177E+02
 0.0000000E+00  0.0000000E+00  4.0107404E-01  1.0026977E+00  1.0026725E+00  1.0054430E+00  1.0056040E+00  4.0107404E-01  0.0000000E+00  0.0000000E+00  1.1314977E-01
 0.0000000E+00  6.5696228E-02  4.6016659E-01  1.0518769E+00  1.0518485E+00  1.0548448E+00  1.0549998E+00  4.6016659E-01  6.5696228E-02  0.0000000E+00  1.9800321E+00
 0.0000000E+00  1.5422609E-01  5.4244326E-01  1.1247689E+00  1.1247370E+00  1.1279613E+00  1.1281099E+00  5.4244326E-01  1.5422609E-01  0.0000000E+00  4.5420149E+00
 0.0000000E+00  2.6764076E-01  6.4989844E-01  1.2232775E+00  1.2232417E+00  1.2266972E+00  1.2268387E+00  6.4989844E-01  2.6764076E-01  0.0000000E+00  7.8966488E+00
 0.0000000E+00  4.0846061E-01  7.8500340E-01  1.3498083E+00  1.3497689E+00  1.3534585E+00  1.3535922E+00  7.8500340E-01  4.0846061E-01  0.0000000E+00  1.2145758E+01
 0.0000000E+00  5.7949214E-01  9.5053399E-01  1.5070805E+00  1.5070369E+00  1.5109657E+00  1.5110913E+00  9.5053399E-01  5.7949214E-01  0.0000000E+00  1.7392398E+01
 0.0000000E+00  7.8382126E-01  1.1495435E+00  1.6981043E+00  1.6980568E+00  1.7022306E+00  1.7023469E+00  1.1495435E+00  7.8382126E-01  0.0000000E+00  2.3740369E+01
 0.0000000E+00  1.0247768E+00  1.3853408E+00  1.9261535E+00  1.9261038E+00  1.9305357E+00  1.9306421E+00  1.3853408E+00  1.0247768E+00  0.0000000E+00  3.1293743E+01
 3.2606247E-01  1.3389635E+00  1.6940138E+00  2.2265514E+00  2.2264947E+00  2.2312164E+00  2.2313122E+00  1.6940138E+00  1.3389635E+00  3.2606247E-01  4.0555783E+01
 7.0745530E-01  1.7086274E+00  2.0582674E+00  2.5826841E+00  2.5826202E+00  2.5876246E+00  2.5877062E+00  2.0582674E+00  1.7086274E+00  7.0745530E-01  5.1526851E+01
 1.1500892E+00  2.1396756E+00  2.4839833E+00  3.0004223E+00  3.0003585E+00  3.0056673E+00  3.0057383E+00  2.4839833E+00  2.1396756E+00  1.1500892E+00  6.4355984E+01
 1.6604007E+00  2.6385138E+00  2.9775997E+00  3.4861916E+00  3.4861207E+00  3.4917592E+00  3.4918124E+00  2.9775997E+00  2.6385138E+00  1.6604007E+00  7.9191313E+01
 2.2450892E+00  3.2118523E+00  3.5458072E+00  4.0466607E+00  4.0465826E+00  4.0525581E+00  4.0525972E+00  3.5458072E+00  3.2118523E+00  2.2450892E+00  9.6173895E+01
 2.9110227E+00  3.8665808E+00  4.1954590E+00  4.6887265E+00  4.6886449E+00  4.6949574E+00  4.6949787E+00  4.1954590E+00  3.8665808E+00  2.9110227E+00  1.1543500E+02
 3.6652904E+00  4.6097342E+00  4.9336264E+00  5.4194274E+00  5.4193388E+00  5.4260100E+00  5.4260100E+00  4.9336264E+00  4.6097342E+00  3.6652904E+00  1.3709484E+02
 4.5150179E+00  5.4484561E+00  5.7674530E+00  6.2458674E+00  6.2457752E+00  6.2528196E+00  6.2528019E+00  5.7674530E+00  5.4484561E+00  4.5150179E+00  1.6125947E+02
 5.4673668E+00  6.3898902E+00  6.7040460E+00  7.1752224E+00  7.1751196E+00  7.1825698E+00  7.1825308E+00  6.7040460E+00  6.3898902E+00  5.4673668E+00  1.8801847E+02
 6.5294264E+00  7.4411618E+00  7.7505674E+00  8.2146037E+00  8.2144937E+00  8.2223389E+00  8.2222786E+00  7.7505674E+00  7.4411618E+00  6.5294264E+00  2.1744690E+02
 7.7081952E+00  8.6092153E+00  8.9139430E+00  9.3709480E+00  9.3708310E+00  9.3791001E+00  9.3790149E+00  8.9139430E+00  8.6092153E+00  7.7081952E+00  2.4959860E+02
 9.0104362E+00  9.9008496E+00  1.0200954E+01  1.0651036E+01  1.0650912E+01  1.0659616E+01  1.0659503E+01  1.0200954E+01  9.9008496E+00  9.0104362E+00  2.8450621E+02
 1.0442604E+01  1.1322501E+01  1.1618055E+01  1.2061305E+01  1.2061174E+01  1.2070356E+01  1.2070218E+01  1.1618055E+01  1.1322501E+01  1.0442604E+01  3.2218606E+02
 1.2010790E+01  1.2880262E+01  1.3171356E+01  1.3607883E+01  1.3607745E+01  1.3617391E+01  1.3617221E+01  1.3171356E+01  1.2880262E+01  1.2010790E+01  3.6262907E+02
 1.3720652E+01  1.4579772E+01  1.4866459E+01  1.5296372E+01  1.5296227E+01  1.5306362E+01  1.5306163E+01  1.4866459E+01  1.4579772E+01  1.3720652E+01  4.0580442E+02
 0.0000000E+00  0.0000000E+00  3.6909135E-01  9.2274211E-01  9.2271228E-01  9.2592622E-01  9.2609420E-01  3.6909135E-01  0.0000000E+00  0.0000000E+00  1.2943345E-01
 0.0000000E+00  6.3815096E-02  4.2683210E-01  9.7136544E-01  9.7133147E-01  9.7480708E-01  9.7496726E-01  4.2683210E-01  6.3815096E-02  0.0000000E+00  1.9343293E+00
 0.0000000E+00  1.4888219E-01  5.0615233E-01  1.0420562E+00  1.0420181E+00  1.0457558E+00  1.0459073E+00  5.0615233E-01  1.4888219E-01  0.0000000E+00  4.3911732E+00
 0.0000000E+00  2.5697848E-01  6.0877153E-01  1.1364531E+00  1.1364104E+00  1.1404154E+00  1.1405577E+00  6.0877153E-01  2.5697848E-01  0.0000000E+00  7.5838046E+00
 0.0000000E+00  3.9029314E-01  7.3683852E-01  1.2566427E+00  1.2565954E+00  1.2608705E+00  1.2610027E+00  7.3683852E-01  3.9029314E-01  0.0000000E+00  1.1599126E+01
 0.0000000E+00  5.5126771E-01  8.9276013E-01  1.4049787E+00  1.4049273E+00  1.4094772E+00  1.4095988E+00  8.9276013E-01  5.5126771E-01  0.0000000E+00  1.6524050E+01
 0.0000000E+00  7.4256709E-01  1.0791731E+00  1.5840632E+00  1.5840072E+00  1.5888374E+00  1.5889471E+00  1.0791731E+00  7.4256709E-01  0.0000000E+00  2.2445398E+01
 0.0000000E+00  9.6706024E-01  1.2989323E+00  1.7967135E+00  1.7966525E+00  1.8017715E+00  1.8018693E+00  1.2989323E+00  9.6706024E-01  0.0000000E+00  2.9449097E+01
 3.0265687E-01  1.2583843E+00  1.5851964E+00  2.0753831E+00  2.0753170E+00  2.0807638E+00  2.0808468E+00  1.5851964E+00  1.2583843E+00  3.0265687E-01  3.7982596E+01
 6.5496132E-01  1.5995014E+00  1.9213473E+00  2.4040873E+00  2.4040138E+00  2.4097986E+00  2.4098675E+00  1.9213473E+00  1.5995014E+00  6.5496132E-01  4.8029871E+01
 1.0619358E+00  1.9954246E+00  2.3123935E+00  2.7877885E+00  2.7877105E+00  2.7938704E+00  2.7939209E+00  2.3123935E+00  1.9954246E+00  1.0619358E+00  5.9710797E+01
 1.5290063E+00  2.4515775E+00  2.7637397E+00  3.2319563E+00  3.2318691E+00  3.2383712E+00  3.2384033E+00  2.7637397E+00  2.4515775E+00  1.5290063E+00  7.3142899E+01
 2.0617770E+00  2.9735525E+00  3.2809996E+00  3.7421224E+00  3.7420306E+00  3.7489218E+00  3.7489309E+00  3.2809996E+00  2.9735525E+00  2.0617770E+00  8.8435261E+01
 2.6659647E+00  3.5670291E+00  3.8698549E+00  4.3240150E+00  4.3239141E+00  4.3311944E+00  4.3311852E+00  3.8698549E+00  3.5670291E+00  2.6659647E+00  1.0568711E+02
 3.3473637E+00  4.2378484E+00  4.5360998E+00  4.9834100E+00  4.9833090E+00  4.9910113E+00  4.9909792E+00  4.5360998E+00  4.2378484E+00  3.3473637E+00  1.2498642E+02
 4.1117824E+00  4.9918046E+00  5.2855519E+00  5.7261107E+00  5.7260006E+00  5.7341294E+00  5.7340744E+00  5.2855519E+00  4.9918046E+00  4.1117824E+00  1.4640755E+02
 4.9649915E+00  5.8346216E+00  6.1239353E+00  6.5578599E+00  6.5577406E+00  6.5663100E+00  6.5662274E+00  6.1239353E+00  5.8346216E+00  4.9649915E+00  1.7001055E+02
 5.9126211E+00  6.7719763E+00  7.0569267E+00  7.4843110E+00  7.4841825E+00  7.4932161E+00  7.4931059E+00  7.0569267E+00  6.7719763E+00  5.9126211E+00  1.9583930E+02
 6.9601369E+00  7.8093112E+00  8.0899921E+00  8.5109159E+00  8.5107828E+00  8.5202899E+00  8.5201522E+00  8.0899921E+00  7.8093112E+00  6.9601369E+00  2.2392077E+02
 8.1127938E+00  8.9518809E+00  9.2283159E+00  9.6429010E+00  9.6427541E+00  9.6527768E+00  9.6526069E+00  9.2283159E+00  8.9518809E+00  8.1127938E+00  2.5426434E+02
 9.3754945E+00  1.0204541E+01  1.0476824E+01  1.0885160E+01  1.0885008E+01  1.0895542E+01  1.0895340E+01  1.0476824E+01  1.0204541E+01  9.3754945E+00  2.8686227E+02
 1.0752720E+01  1.1571867E+01  1.1840044E+01  1.2242239E+01  1.2242078E+01  1.2253151E+01  1.2252912E+01  1.1840044E+01  1.1571867E+01  1.0752720E+01  3.2168406E+02
 1.2248598E+01  1.3057916E+01  1.3322059E+01  1.3718182E+01  1.3718012E+01  1.3729647E+01  1.3729372E+01  1.3322059E+01  1.3057916E+01  1.2248598E+01  3.5868985E+02
 0.0000000E+00  0.0000000E+00  3.3969334E-01  8.4925117E-01  8.4921554E-01  8.5294537E-01  8.5311817E-01  3.3969334E-01  0.0000000E+00  0.0000000E+00  1.4805230E-01
 0.0000000E+00  6.1915836E-02  3.9604282E-01  8.9724136E-01  8.9720098E-01  9.0123111E-01  9.0139382E-01  3.9604282E-01  6.1915836E-02  0.0000000E+00  1.8945608E+00
 0.0000000E+00  1.4358343E-01  4.7243907E-01  9.6572750E-01  9.6568237E-01  9.7001463E-01  9.7016665E-01  4.7243907E-01  1.4358343E-01  0.0000000E+00  4.2507953E+00
 0.0000000E+00  2.4652397E-01  5.7036018E-01  1.0561076E+00  1.0560571E+00  1.0606957E+00  1.0608352E+00  5.7036018E-01  2.4652397E-01  0.0000000E+00  7.2881616E+00
 0.0000000E+00  3.7262711E-01  6.9164845E-01  1.1701686E+00  1.1701134E+00  1.1750644E+00  1.1751909E+00  6.9164845E-01  3.7262711E-01  0.0000000E+00  1.1079778E+01
 0.0000000E+00  5.2399008E-01  8.3837684E-01  1.3099417E+00  1.3098812E+00  1.3151476E+00  1.3152617E+00  8.3837684E-01  5.2399008E-01  0.0000000E+00  1.5698214E+01
 0.0000000E+00  7.0290560E-01  1.0128126E+00  1.4776529E+00  1.4775870E+00  1.4831761E+00  1.4832753E+00  1.0128126E+00  7.0290560E-01  0.0000000E+00  2.1214976E+01
 0.0000000E+00  9.1182602E-01  1.2173928E+00  1.6757106E+00  1.6756388E+00  1.6815604E+00  1.6816441E+00  1.2173928E+00  9.1182602E-01  0.0000000E+00  2.7700143E+01
 2.8055947E-01  1.1816516E+00  1.4825777E+00  1.9339300E+00  1.9338522E+00  1.9401486E+00  1.9402139E+00  1.4825777E+00  1.1816516E+00  2.8055947E-01  3.5550313E+01
 6.0554598E-01  1.4960323E+00  1.7924058E+00  2.2369205E+00  2.2368356E+00  2.2435214E+00  2.2435678E+00  1.7924058E+00  1.4960323E+00  6.0554598E-01  4.4736013E+01
 9.7919591E-01  1.8592021E+00  2.1510988E+00  2.5888986E+00  2.5888071E+00  2.5958970E+00  2.5959219E+00  2.1510988E+00  1.8592021E+00  9.7919591E-01  5.5352150E+01
 1.4060510E+00  2.2756923E+00  2.5631912E+00  2.9943871E+00  2.9942886E+00  3.0017999E+00  3.0018023E+00  2.5631912E+00  2.2756923E+00  1.4060510E+00  6.7489475E+01
 1.8907548E+00  2.7501406E+00  3.0333145E+00  3.4580225E+00  3.4579156E+00  3.4658541E+00  3.4658362E+00  3.0333145E+00  2.7501406E+00  1.8907548E+00  8.1230542E+01
 2.4380089E+00  3.2872453E+00  3.5661700E+00  3.9844770E+00  3.9843642E+00  3.9927757E+00  3.9927282E+00  3.5661700E+00  3.2872453E+00  2.4380089E+00  9.6647888E+01
 3.0525114E+00  3.8917138E+00  4.1664502E+00  4.5784623E+00  4.5783435E+00  4.5872281E+00  4.5871509E+00  4.1664502E+00  3.8917138E+00  3.0525114E+00  1.1380313E+02
 3.7389577E+00  4.5681747E+00  4.8388136E+00  5.2446401E+00  5.2445095E+00  5.2538853E+00  5.2537784E+00  4.8388136E+00  4.5681747E+00  3.7389577E+00  1.3274482E+02
 4.5019187E+00  5.3212715E+00  5.5878131E+00  5.9875876E+00  5.9874510E+00  5.9973121E+00  5.9971815E+00  5.5878131E+00  5.3212715E+00  4.5019187E+00  1.5350848E+02
 5.3457951E+00  6.1553750E+00  6.4179406E+00  6.8117115E+00  6.8115631E+00  6.8219335E+00  6.8217673E+00  6.4179406E+00  6.1553750E+00  5.3457951E+00  1.7611535E+02
 6.2748058E+00  7.0746734E+00  7.3333238E+00  7.7211944E+00  7.7210400E+00  7.7319805E+00  7.7317727E+00  7.3333238E+00  7.0746734E+00  6.2748058E+00  2.0057149E+02
 7.2929267E+00  8.0832034E+00  8.3379689E+00  8.7200181E+00  8.7198518E+00  8.7313624E+00  8.7311190E+00  8.3379689E+00  8.0832034E+00  7.2929267E+00  2.2686751E+02
 8.4037393E+00  9.1845162E+00  9.4354574E+00  9.8118066E+00  9.8116285E+00  9.8237091E+00  9.8234300E+00  9.4354574E+00  9.1845162E+00  8.4037393E+00  2.5497913E+02
 9.6105518E+00  1.0381859E+01  1.0629067E+01  1.0999777E+01  1.0999587E+01  1.1012317E+01  1.1011996E+01  1.0629067E+01  1.0381859E+01  9.6105518E+00  2.8486566E+02
 1.0916187E+01  1.1678146E+01  1.1921651E+01  1.2286813E+01  1.2286611E+01  1.2299959E+01  1.2299597E+01  1.1921651E+01  1.1678146E+01  1.0916187E+01  3.1647187E+02
 0.0000000E+00  0.0000000E+00  3.1268044E-01  7.8172320E-01  7.8168095E-01  7.8600815E-01  7.8618409E-01  3.1268044E-01  0.0000000E+00  0.0000000E+00  1.6933760E-01
 0.0000000E+00  6.0146576E-02  3.6771241E-01  8.2907280E-01  8.2902517E-01  8.3369929E-01  8.3386217E-01  3.6771241E-01  6.0146576E-02  0.0000000E+00  1.8611979E+00
 0.0000000E+00  1.3859578E-01  4.4132070E-01  8.9541691E-01  8.9536236E-01  9.0038887E-01  9.0053714E-01  4.4132070E-01  1.3859578E-01  0.0000000E+00  4.1220770E+00
 0.0000000E+00  2.3664305E-01  5.3476188E-01  9.8193201E-01  9.8187208E-01  9.8725021E-01  9.8738389E-01  5.3476188E-01  2.3664305E-01  0.0000000E+00  7.0117797E+00
 0.0000000E+00  3.5590660E-01  6.4960783E-01  1.0901487E+00  1.0900827E+00  1.0958179E+00  1.0959346E+00  6.4960783E-01  3.5590660E-01  0.0000000E+00  1.0591022E+01
 0.0000000E+00  4.9818411E-01  7.8763737E-01  1.2217941E+00  1.2217226E+00  1.2278220E+00  1.2279227E+00  7.8763737E-01  4.9818411E-01  0.0000000E+00  1.4919371E+01
 0.0000000E+00  6.6542875E-01  9.5077462E-01  1.3787655E+00  1.3786879E+00  1.3851569E+00  1.3852391E+00  9.5077462E-01  6.6542875E-01  0.0000000E+00  2.0054749E+01
 0.0000000E+00  8.5972876E-01  1.1410929E+00  1.5631048E+00  1.5630203E+00  1.5698714E+00  1.5699344E+00  1.1410929E+00  8.5972876E-01  0.0000000E+00  2.6053189E+01
 2.5993227E-01  1.1094118E+00  1.3865232E+00  1.8021501E+00  1.8020579E+00  1.8093384E+00  1.8093791E+00  1.3865232E+00  1.1094118E+00  2.5993227E-01  3.3264958E+01
 5.5950047E-01  1.3988611E+00  1.6717984E+00  2.0811621E+00  2.0810622E+00  2.0887883E+00  2.0888052E+00  1.6717984E+00  1.3988611E+00  5.5950047E-01  4.1649573E+01
 9.0224772E-01  1.7316108E+00  2.0004486E+00  2.4036613E+00  2.4035529E+00  2.4117421E+00  2.4117329E+00  2.0004486E+00  1.7316108E+00  9.0224772E-01  5.1281129E+01
 1.2919433E+00  2.1114228E+00  2.3762356E+00  2.7733986E+00  2.7732834E+00  2.7819528E+00  2.7819167E+00  2.3762356E+00  2.1114228E+00  1.2919433E+00  6.2227366E+01
 1.7324001E+00  2.5421020E+00  2.8029566E+00  3.1941752E+00  3.1940507E+00  3.2032200E+00  3.2031554E+00  2.8029566E+00  2.5421020E+00  1.7324001E+00  7.4548753E+01
 2.2274428E+00  3.0274652E+00  3.2844245E+00  3.6698008E+00  3.6696671E+00  3.6793534E+00  3.6792574E+00  3.2844245E+00  3.0274652E+00  2.2274428E+00  8.8295555E+01
 2.7808450E+00  3.5712900E+00  3.8244208E+00  4.2040426E+00  4.2038966E+00  4.2141267E+00  4.2139961E+00  3.8244208E+00  3.5712900E+00  2.7808450E+00  1.0350782E+02
 3.3963176E+00  4.1772873E+00  4.4266365E+00  4.8005802E+00  4.8004265E+00  4.8112294E+00  4.8110604E+00  4.4266365E+00  4.1772873E+00  3.3963176E+00  1.2021383E+02
 4.0774298E+00  4.8489989E+00  5.0946177E+00  5.4630323E+00  5.4628633E+00  5.4742389E+00  5.4740392E+00  5.0946177E+00  4.8489989E+00  4.0774298E+00  1.3843007E+02
 4.8275587E+00  5.5898214E+00  5.8318276E+00  6.1947290E+00  6.1945523E+00  6.2065242E+00  6.2062783E+00  5.8318276E+00  5.5898214E+00  4.8275587E+00  1.5816047E+02
 5.6499401E+00  6.4029356E+00  6.6413685E+00  6.9988743E+00  6.9986900E+00  7.0112739E+00  7.0109897E+00  6.6413685E+00  6.4029356E+00  5.6499401E+00  1.7939482E+02
 6.5474404E+00  7.2912865E+00  7.5261460E+00  7.8783585E+00  7.8781587E+00  7.8913782E+00  7.8910556E+00  7.5261460E+00  7.2912865E+00  6.5474404E+00  2.0211151E+02
 7.5226119E+00  8.2574265E+00  8.4887912E+00  8.8357653E+00  8.8355579E+00  8.8494522E+00  8.8490834E+00  8.4887912E+00  8.2574265E+00  7.5226119E+00  2.2627444E+02
 8.5777716E+00  9.3035939E+00  9.5315424E+00  9.8733566E+00  9.8731414E+00  9.8877341E+00  9.8873115E+00  9.5315424E+00  9.3035939E+00  8.5777716E+00  2.5183529E+02
 9.7147257E+00  1.0431595E+01  1.0656206E+01  1.0992962E+01  1.0992732E+01  1.1008022E+01  1.1007554E+01  1.0656206E+01  1.0431595E+01  9.7147257E+00  2.7873360E+02
 0.0000000E+00  0.0000000E+00  2.8786469E-01  7.1968657E-01  7.1963687E-01  7.2465957E-01  7.2483451E-01  2.8786469E-01  0.0000000E+00  0.0000000E+00  1.9366383E-01
 0.0000000E+00  5.8355193E-02  3.4153793E-01  7.6632715E-01  7.6626950E-01  7.7169326E-01  7.7185130E-01  3.4153793E-01  5.8355193E-02  0.0000000E+00  1.8337228E+00
 0.0000000E+00  1.3363927E-01  4.1239153E-01  8.3052708E-01  8.3046247E-01  8.3628730E-01  8.3642745E-01  4.1239153E-01  1.3363927E-01  0.0000000E+00  4.0029802E+00
 0.0000000E+00  2.2693889E-01  5.0146998E-01  9.1326685E-01  9.1319628E-01  9.1942725E-01  9.1954851E-01  5.0146998E-01  2.2693889E-01  0.0000000E+00  6.7506737E+00
 0.0000000E+00  3.3962471E-01  6.1011142E-01  1.0158328E+00  1.0157552E+00  1.0223984E+00  1.0224998E+00  6.1011142E-01  3.3962471E-01  0.0000000E+00  1.0126442E+01
 0.0000000E+00  4.7322182E-01  7.3981503E-01  1.1396930E+00  1.1396075E+00  1.1466690E+00  1.1467495E+00  7.3981503E-01  4.7322182E-01  0.0000000E+00  1.4178137E+01
 0.0000000E+00  6.2938077E-01  8.9221207E-01  1.2864417E+00  1.2863493E+00  1.2938372E+00  1.2938948E+00  8.9221207E-01  6.2938077E-01  0.0000000E+00  1.8951835E+01
 0.0000000E+00  8.0985630E-01  1.0690451E+00  1.4577971E+00  1.4576967E+00  1.4656191E+00  1.4656539E+00  1.0690451E+00  8.0985630E-01  0.0000000E+00  2.4491329E+01
 2.4047570E-01  1.0406110E+00  1.2959083E+00  1.6788149E+00  1.6787056E+00  1.6871214E+00  1.6871283E+00  1.2959083E+00  1.0406110E+00  2.4047570E-01  3.1104836E+01
 5.1620319E-01  1.3067342E+00  1.5582112E+00  1.9353811E+00  1.9352639E+00  1.9441883E+00  1.9441664E+00  1.5582112E+00  1.3067342E+00  5.1620319E-01  3.8743637E+01
 8.3011122E-01  1.6111575E+00  1.8588801E+00  2.2304180E+00  2.2302918E+00  2.2397441E+00  2.2396914E+00  1.8588801E+00  1.6111575E+00  8.3011122E-01  4.7463107E+01
 1.1853013E+00  1.9569542E+00  2.2009937E+00  2.5669991E+00  2.5668629E+00  2.5768654E+00  2.5767790E+00  2.2009937E+00  1.9569542E+00  1.1853013E+00  5.7312728E+01
 1.5848621E+00  2.3472284E+00  2.5876456E+00  2.9482049E+00  2.9480588E+00  2.9586329E+00  2.9585106E+00  2.5876456E+00  2.3472284E+00  1.5848621E+00  6.8334308E+01
 2.0318623E+00  2.7850282E+00  3.0218842E+00  3.3770939E+00  3.3769379E+00  3.3881017E+00  3.3879427E+00  3.0218842E+00  2.7850282E+00  2.0318623E+00  8.0559906E+01
 2.5292940E+00  3.2733460E+00  3.5066966E+00  3.8566512E+00  3.8564842E+00  3.8682602E+00  3.8680614E+00  3.5066966E+00  3.2733460E+00  2.5292940E+00  9.4012889E+01
 3.0800428E+00  3.8150672E+00  4.0449734E+00  4.3897491E+00  4.3895712E+00  4.4019806E+00  4.4017400E+00  4.0449734E+00  3.8150672E+00  3.0800428E+00  1.0870545E+02
 3.6868419E+00  4.4129251E+00  4.6394377E+00  4.9791208E+00  4.9789320E+00  4.9919961E+00  4.9917118E+00  4.6394377E+00  4.4129251E+00  3.6868419E+00  1.2463861E+02
 4.3522467E+00  5.0694597E+00  5.2926448E+00  5.6273084E+00  5.6270997E+00  5.6408611E+00  5.6405231E+00  5.2926448E+00  5.0694597E+00  4.3522467E+00  1.4180372E+02
 5.0785788E+00  5.7870030E+00  6.0068758E+00  6.3366419E+00  6.3364232E+00  6.3508748E+00  6.3504872E+00  6.0068758E+00  5.7870030E+00  5.0785788E+00  1.6018048E+02
 5.8678804E+00  6.5675819E+00  6.7842541E+00  7.1091735E+00  7.1089449E+00  7.1241072E+00  7.1236798E+00  6.7842541E+00  6.5675819E+00  5.8678804E+00  1.7973686E+02
 6.7219704E+00  7.4130354E+00  7.6265071E+00  7.9466307E+00  7.9463921E+00  7.9623259E+00  7.9618388E+00  7.6265071E+00  7.4130354E+00  6.7219704E+00  2.0043071E+02
 7.6422050E+00  8.3247353E+00  8.5350572E+00  8.8504661E+00  8.8502077E+00  8.8669432E+00  8.8663965E+00  8.5350572E+00  8.3247353E+00  7.6422050E+00  2.2220970E+02
 8.6297021E+00  9.3036975E+00  9.5109713E+00  9.8217876E+00  9.8215192E+00  9.8390262E+00  9.8384198E+00  9.5109713E+00  9.3036975E+00  8.6297021E+00  2.4501134E+02
 0.0000000E+00  0.0000000E+00  2.6507784E-01  6.6272418E-01  6.6266503E-01  6.6849855E-01  6.6866828E-01  2.6507784E-01  0.0000000E+00  0.0000000E+00  2.2145860E-01
 0.0000000E+00  5.6668272E-02  3.1745208E-01  7.0864627E-01  7.0857811E-01  7.1487398E-01  7.1502185E-01  3.1745208E-01  5.6668272E-02  0.0000000E+00  1.8127472E+00
 0.0000000E+00  1.2894123E-01  3.8566367E-01  7.7075864E-01  7.7068277E-01  7.7743706E-01  7.7756308E-01  3.8566367E-01  1.2894123E-01  0.0000000E+00  3.8947430E+00
 0.0000000E+00  2.1772289E-01  4.7057751E-01  8.4986049E-01  8.4977691E-01  8.5700011E-01  8.5710298E-01  4.7057751E-01  2.1772289E-01  0.0000000E+00  6.5071062E+00
 0.0000000E+00  3.2416638E-01  5.7331749E-01  9.4703625E-01  9.4694495E-01  9.5464101E-01  9.5471944E-01  5.7331749E-01  3.2416638E-01  0.0000000E+00  9.6893232E+00
 0.0000000E+00  4.4955132E-01  6.9514220E-01  1.0635057E+00  1.0634054E+00  1.0715795E+00  1.0716310E+00  6.9514220E-01  4.4955132E-01  0.0000000E+00  1.3478994E+01
 0.0000000E+00  5.9526184E-01  8.3740686E-01  1.2006018E+00  1.2004938E+00  1.2091618E+00  1.2091862E+00  8.3740686E-01  5.9526184E-01  0.0000000E+00  1.7911702E+01
 0.0000000E+00  7.6275833E-01  1.0015705E+00  1.3597559E+00  1.3596376E+00  1.3688020E+00  1.3687969E+00  1.0015705E+00  7.6275833E-01  0.0000000E+00  2.3020572E+01
 2.2232352E-01  9.7579383E-01  1.2110504E+00  1.5638871E+00  1.5637598E+00  1.5734837E+00  1.5734465E+00  1.2110504E+00  9.7579383E-01  2.2232352E-01  2.9075462E+01
 4.7588401E-01  1.2201859E+00  1.4519460E+00  1.7995405E+00  1.7994017E+00  1.8097113E+00  1.8096380E+00  1.4519460E+00  1.2201859E+00  4.7588401E-01  3.6021823E+01
 7.6308695E-01  1.4983269E+00  1.7266563E+00  2.0691032E+00  2.0689541E+00  2.0798691E+00  2.0797585E+00  1.7266563E+00  1.4983269E+00  7.6308695E-01  4.3899550E+01
 1.0864324E+00  1.8127209E+00  2.0376852E+00  2.3750700E+00  2.3749106E+00  2.3864521E+00  2.3863016E+00  2.0376852E+00  1.8127209E+00  1.0864324E+00  5.2742685E+01
 1.4484101E+00  2.1658325E+00  2.3874909E+00  2.7199030E+00  2.7197320E+00  2.7319248E+00  2.7317320E+00  2.3874909E+00  2.1658325E+00  1.4484101E+00  6.2577520E+01
 1.8514385E+00  2.5600868E+00  2.7784854E+00  3.1060167E+00  3.1058341E+00  3.1186994E+00  3.1184615E+00  2.7784854E+00  2.5600868E+00  1.8514385E+00  7.3422127E+01
 2.2978377E+00  2.9977974E+00  3.2129953E+00  3.5357287E+00  3.5355332E+00  3.5490892E+00  3.5488037E+00  3.2129953E+00  2.9977974E+00  2.2978377E+00  8.5285840E+01
 2.7898095E+00  3.4811595E+00  3.6932157E+00  4.0112234E+00  4.0110151E+00  4.0252921E+00  4.0249578E+00  3.6932157E+00  3.4811595E+00  2.7898095E+00  9.8168922E+01
 3.3293978E+00  4.0122169E+00  4.2211775E+00  4.5345385E+00  4.5343173E+00  4.5493402E+00  4.5489531E+00  4.2211775E+00  4.0122169E+00  3.3293978E+00  1.1206217E+02
 3.9184494E+00  4.5928165E+00  4.7987342E+00  5.1075246E+00  5.1072893E+00  5.1230895E+00  5.1226472E+00  4.7987342E+00  4.5928165E+00  3.9184494E+00  1.2694653E+02
 4.5586009E+00  5.2245949E+00  5.4275155E+00  5.7318077E+00  5.7315583E+00  5.7481569E+00  5.7476567E+00  5.4275155E+00  5.2245949E+00  4.5586009E+00  1.4279373E+02
 5.2512391E+00  5.9089190E+00  6.1088953E+00  6.4087681E+00  6.4085045E+00  6.4259225E+00  6.4253618E+00  6.1088953E+00  5.9089190E+00  5.2512391E+00  1.5956829E+02
 5.9974614E+00  6.6469259E+00  6.8439644E+00  7.1394928E+00  7.1392228E+00  7.1574838E+00  7.1568537E+00  6.8439644E+00  6.6469259E+00  5.9974614E+00  1.7722288E+02
 6.7980895E+00  7.4393518E+00  7.6335641E+00  7.9247941E+00  7.9245112E+00  7.9436652E+00  7.9429708E+00  7.6335641E+00  7.4393518E+00  6.7980895E+00  1.9570493E+02
 7.6535440E+00  8.2867223E+00  8.4781743E+00  8.7651450E+00  8.7648364E+00  8.7849228E+00  8.7841641E+00  8.4781743E+00  8.2867223E+00  7.6535440E+00  2.1495265E+02
 0.0000000E+00  0.0000000E+00  2.4416479E-01  6.1044859E-01  6.1037706E-01  6.1715043E-01  6.1730946E-01  2.4416479E-01  0.0000000E+00  0.0000000E+00  2.5320270E-01
 0.0000000E+00  5.4956803E-02  2.9519881E-01  6.5558534E-01  6.5550466E-01  6.6280919E-01  6.6294127E-01  2.9519881E-01  5.4956803E-02  0.0000000E+00  1.7978475E+00
 0.0000000E+00  1.2426408E-01  3.6079468E-01  7.1560463E-01  7.1551446E-01  7.2335133E-01  7.2345530E-01  3.6079468E-01  1.2426408E-01  0.0000000E+00  3.7955324E+00
 0.0000000E+00  2.0865846E-01  4.4165552E-01  7.9115535E-01  7.9105588E-01  7.9942932E-01  7.9950418E-01  4.4165552E-01  2.0865846E-01  0.0000000E+00  6.2773025E+00
 0.0000000E+00  3.0909492E-01  5.3870808E-01  8.8312108E-01  8.8301295E-01  8.9192943E-01  8.9197435E-01  5.3870808E-01  3.0909492E-01  0.0000000E+00  9.2736810E+00
 0.0000000E+00  4.2663541E-01  6.5299304E-01  9.9251628E-01  9.9239817E-01  1.0018634E+00  1.0018751E+00  6.5299304E-01  4.2663541E-01  0.0000000E+00  1.2813346E+01
 0.0000000E+00  5.6242346E-01  7.8563695E-01  1.1204345E+00  1.1203047E+00  1.1303323E+00  1.1303107E+00  7.8563695E-01  5.6242346E-01  0.0000000E+00  1.6922663E+01
 0.0000000E+00  7.1766216E-01  9.3782589E-01  1.2680508E+00  1.2679128E+00  1.2785095E+00  1.2784546E+00  9.3782589E-01  7.1766216E-01  0.0000000E+00  2.1625694E+01
 2.0522269E-01  9.1407055E-01  1.1309890E+00  1.4563267E+00  1.4561769E+00  1.4674125E+00  1.4673160E+00  1.1309890E+00  9.1407055E-01  2.0522269E-01  2.7157951E+01
 4.3801995E-01  1.1381649E+00  1.3518864E+00  1.6724355E+00  1.6722725E+00  1.6841774E+00  1.6840394E+00  1.3518864E+00  1.1381649E+00  4.3801995E-01  3.3460428E+01
 7.0033708E-01  1.3918641E+00  1.6024653E+00  1.9183091E+00  1.9181361E+00  1.9307325E+00  1.9305479E+00  1.6024653E+00  1.3918641E+00  7.0033708E-01  4.0560334E+01
 9.9417893E-01  1.6771918E+00  1.8847152E+00  2.1959404E+00  2.1957541E+00  2.2090606E+00  2.2088294E+00  1.8847152E+00  1.6771918E+00  9.9417893E-01  4.8479008E+01
 1.3214908E+00  1.9960694E+00  2.2005745E+00  2.5072662E+00  2.5070666E+00  2.5211155E+00  2.5208327E+00  2.2005745E+00  1.9960694E+00  1.3214908E+00  5.7230480E+01
 1.6841466E+00  2.3503760E+00  2.5519138E+00  2.8541485E+00  2.8539355E+00  2.8687489E+00  2.8684129E+00  2.5519138E+00  2.3503760E+00  1.6841466E+00  6.6821635E+01
 2.0839149E+00  2.7418715E+00  2.9404931E+00  3.2383523E+00  3.2381244E+00  3.2537259E+00  3.2533334E+00  2.9404931E+00  2.7418715E+00  2.0839149E+00  7.7251200E+01
 2.5224280E+00  3.1721884E+00  3.3679447E+00  3.6614880E+00  3.6612451E+00  3.6776689E+00  3.6772198E+00  3.3679447E+00  3.1721884E+00  2.5224280E+00  8.8510331E+01
 3.0011568E+00  3.6427976E+00  3.8357226E+00  4.1250384E+00  4.1247822E+00  4.1420486E+00  4.1415346E+00  3.8357226E+00  3.6427976E+00  3.0011568E+00  1.0058185E+02
 3.5213852E+00  4.1549658E+00  4.3451276E+00  4.6302771E+00  4.6300043E+00  4.6481438E+00  4.6475666E+00  4.3451276E+00  4.1549658E+00  3.5213852E+00  1.1344154E+02
 4.0841929E+00  4.7097900E+00  4.8972140E+00  5.1782737E+00  5.1779843E+00  5.1970258E+00  5.1963787E+00  4.8972140E+00  4.7097900E+00  4.0841929E+00  1.2705622E+02
 4.6904218E+00  5.3081032E+00  5.4928405E+00  5.7698700E+00  5.7695639E+00  5.7895380E+00  5.7888193E+00  5.4928405E+00  5.3081032E+00  4.6904218E+00  1.4138595E+02
 5.3406669E+00  5.9504922E+00  6.1325938E+00  6.4056610E+00  6.4053383E+00  6.4262806E+00  6.4254871E+00  6.1325938E+00  5.9504922E+00  5.3406669E+00  1.5638565E+02
 6.0352598E+00  6.6372886E+00  6.8167970E+00  7.0859666E+00  7.0856256E+00  7.1075598E+00  7.1066882E+00  6.8167970E+00  6.6372886E+00  6.0352598E+00  1.7200092E+02
 6.7742431E+00  7.3685433E+00  7.5454925E+00  7.8108325E+00  7.8104732E+00  7.8334317E+00  7.8324769E+00  7.5454925E+00  7.3685433E+00  6.7742431E+00  1.8817309E+02
 0.0000000E+00  0.0000000E+00  2.2498562E-01  5.6250557E-01  5.6242035E-01  5.7028805E-01  5.7042813E-01  2.2498562E-01  0.0000000E+00  0.0000000E+00  2.8943896E-01
 0.0000000E+00  5.3327677E-02  2.7472324E-01  6.0684619E-01  6.0675022E-01  6.1523003E-01  6.1533676E-01  2.7472324E-01  5.3327677E-02  0.0000000E+00  1.7897863E+00
 0.0000000E+00  1.1980118E-01  3.3780399E-01  6.6482537E-01  6.6471842E-01  6.7381055E-01  6.7388264E-01  3.3780399E-01  1.1980118E-01  0.0000000E+00  3.7067350E+00
 0.0000000E+00  2.0001178E-01  4.1478549E-01  7.3695276E-01  7.3683484E-01  7.4654323E-01  7.4657938E-01  4.1478549E-01  2.0001178E-01  0.0000000E+00  6.0635938E+00
 0.0000000E+00  2.9474124E-01  5.0642332E-01  8.2394611E-01  8.2381700E-01  8.3414735E-01  8.3414628E-01  5.0642332E-01  2.9474124E-01  0.0000000E+00  8.8829200E+00
 0.0000000E+00  4.0485842E-01  6.1356876E-01  9.2662413E-01  9.2648383E-01  9.3744472E-01  9.3740469E-01  6.1356876E-01  4.0485842E-01  0.0000000E+00  1.2185457E+01
 0.0000000E+00  5.3129708E-01  7.3713906E-01  1.0458817E+00  1.0457299E+00  1.0573315E+00  1.0572512E+00  7.3713906E-01  5.3129708E-01  0.0000000E+00  1.5989879E+01
 0.0000000E+00  6.7503606E-01  8.7809877E-01  1.1826630E+00  1.1824994E+00  1.1947572E+00  1.1946345E+00  8.7809877E-01  6.7503606E-01  0.0000000E+00  2.0312320E+01
 1.8927964E-01  8.5588771E-01  1.0559875E+00  1.3561016E+00  1.3559252E+00  1.3689125E+00  1.3687403E+00  1.0559875E+00  8.5588771E-01  1.8927964E-01  2.5357021E+01
 4.0279624E-01  1.0610819E+00  1.2582715E+00  1.5540225E+00  1.5538331E+00  1.5675830E+00  1.5673614E+00  1.2582715E+00  1.0610819E+00  4.0279624E-01  3.1062719E+01
 6.4209505E-01  1.2921573E+00  1.4864972E+00  1.7779609E+00  1.7777565E+00  1.7922887E+00  1.7920133E+00  1.4864972E+00  1.2921573E+00  6.4209505E-01  3.7446242E+01
 9.0874884E-01  1.5506723E+00  1.7422187E+00  2.0294721E+00  2.0292526E+00  2.0446023E+00  2.0442687E+00  1.7422187E+00  1.5506723E+00  9.0874884E-01  4.4518259E+01
 1.2042589E+00  1.8381349E+00  2.0269317E+00  2.3100562E+00  2.3098238E+00  2.3260129E+00  2.3256191E+00  2.0269317E+00  1.8381349E+00  1.2042589E+00  5.2283609E+01
 1.5300395E+00  2.1559418E+00  2.3420440E+00  2.6211077E+00  2.6208581E+00  2.6379174E+00  2.6374612E+00  2.3420440E+00  2.1559418E+00  1.5300395E+00  6.0740091E+01
 1.8873963E+00  2.5054017E+00  2.6888424E+00  2.9639333E+00  2.9636665E+00  2.9816201E+00  2.9810972E+00  2.6888424E+00  2.5054017E+00  1.8873963E+00  6.9879129E+01
 2.2774840E+00  2.8876696E+00  3.0685037E+00  3.3396703E+00  3.3393884E+00  3.3582693E+00  3.3576776E+00  3.0685037E+00  2.8876696E+00  2.2774840E+00  7.9685103E+01
 2.7013255E+00  3.3037463E+00  3.4820178E+00  3.7493391E+00  3.7490379E+00  3.7688725E+00  3.7682075E+00  3.4820178E+00  3.3037463E+00  2.7013255E+00  9.0135908E+01
 3.1597346E+00  3.7544677E+00  3.9302205E+00  4.1937560E+00  4.1934376E+00  4.2142544E+00  4.2135120E+00  3.9302205E+00  3.7544677E+00  3.1597346E+00  1.0120295E+02
 3.6533493E+00  4.2404716E+00  4.4137388E+00  4.6735545E+00  4.6732188E+00  4.6950574E+00  4.6942354E+00  4.4137388E+00  4.2404716E+00  3.6533493E+00  1.1285136E+02
 4.1826095E+00  4.7621759E+00  4.9330015E+00  5.1891590E+00  5.1888039E+00  5.2117015E+00  5.2107935E+00  4.9330015E+00  4.7621759E+00  4.1826095E+00  1.2504187E+02
 4.7477132E+00  5.3197787E+00  5.4882177E+00  5.7407719E+00  5.7403975E+00  5.7643827E+00  5.7633864E+00  5.4882177E+00  5.3197787E+00  4.7477132E+00  1.3772731E+02
 5.3486383E+00  5.9132690E+00  6.0793433E+00  6.3283668E+00  6.3279709E+00  6.3530745E+00  6.3519857E+00  6.0793433E+00  5.9132690E+00  5.3486383E+00  1.5085708E+02
 5.9851099E+00  6.5423608E+00  6.7061144E+00  6.9516667E+00  6.9512514E+00  6.9775063E+00  6.9763228E+00  6.7061144E+00  6.5423608E+00  5.9851099E+00  1.6437949E+02
 0.0000000E+00  0.0000000E+00  2.0741085E-01  5.1857720E-01  5.1847561E-01  5.2761656E-01  5.2772817E-01  2.0741085E-01  0.0000000E+00  0.0000000E+00  3.3077532E-01
 0.0000000E+00  5.1672894E-02  2.5581373E-01  5.6206341E-01  5.6194929E-01  5.7179213E-01  5.7186255E-01  2.5581373E-01  5.1672894E-02  0.0000000E+00  1.7882208E+00
 0.0000000E+00  1.1535176E-01  3.1640269E-01  6.1800399E-01  6.1787707E-01  6.2842320E-01  6.2845131E-01  3.1640269E-01  1.1535176E-01  0.0000000E+00  3.6266170E+00
 0.0000000E+00  1.9149611E-01  3.8960735E-01  6.8678505E-01  6.8664532E-01  6.9789843E-01  6.9788257E-01  3.8960735E-01  1.9149611E-01  0.0000000E+00  5.8624762E+00
 0.0000000E+00  2.8073359E-01  4.7602949E-01  7.6897563E-01  7.6882310E-01  7.8078886E-01  7.8072763E-01  4.7602949E-01  2.8073359E-01  0.0000000E+00  8.5114614E+00
 0.0000000E+00  3.8375901E-01  5.7634910E-01  8.6522672E-01  8.6506111E-01  8.7774974E-01  8.7764146E-01  5.7634910E-01  3.8375901E-01  0.0000000E+00  1.1587543E+01
 0.0000000E+00  5.0132492E-01  6.9130310E-01  9.7625388E-01  9.7607491E-01  9.8949578E-01  9.8933908E-01  6.9130310E-01  5.0132492E-01  0.0000000E+00  1.5102712E+01
 0.0000000E+00  6.3420807E-01  8.2165686E-01  1.1028074E+00  1.1026151E+00  1.1167793E+00  1.1165719E+00  8.2165686E-01  6.3420807E-01  0.0000000E+00  1.9066815E+01
 1.7427826E-01  8.0047704E-01  9.8522998E-01  1.2623259E+00  1.2621183E+00  1.2771216E+00  1.2768560E+00  9.8522998E-01  8.0047704E-01  1.7427826E-01  2.3655870E+01
 3.6975910E-01  9.8804390E-01  1.1701522E+00  1.4432780E+00  1.4430554E+00  1.4589227E+00  1.4585943E+00  1.1701522E+00  9.8804390E-01  3.6975910E-01  2.8807710E+01
 5.8764889E-01  1.1981065E+00  1.3776228E+00  1.6468477E+00  1.6466083E+00  1.6633767E+00  1.6629842E+00  1.3776228E+00  1.1981065E+00  5.8764889E-01  3.4530586E+01
 8.2915117E-01  1.4318570E+00  1.6088297E+00  1.8742318E+00  1.8739757E+00  1.8916679E+00  1.8912086E+00  1.6088297E+00  1.4318570E+00  8.2915117E-01  4.0827342E+01
 1.0953926E+00  1.6904306E+00  1.8649137E+00  2.1265627E+00  2.1262872E+00  2.1449286E+00  2.1443970E+00  1.8649137E+00  1.6904306E+00  1.0953926E+00  4.7695134E+01
 1.3874047E+00  1.9748530E+00  2.1468750E+00  2.4048336E+00  2.4045413E+00  2.4241748E+00  2.4235680E+00  2.1468750E+00  1.9748530E+00  1.3874047E+00  5.5125568E+01
 1.7061077E+00  2.2860205E+00  2.4556382E+00  2.7099776E+00  2.7096686E+00  2.7303167E+00  2.7296320E+00  2.4556382E+00  2.2860205E+00  1.7061077E+00  6.3104419E+01
 2.0522714E+00  2.6247297E+00  2.7919717E+00  3.0427656E+00  3.0424344E+00  3.0641227E+00  3.0633573E+00  2.7919717E+00  2.6247297E+00  2.0522714E+00  7.1611769E+01
 2.4265459E+00  2.9916208E+00  3.1565297E+00  3.4038267E+00  3.4034760E+00  3.4262415E+00  3.4253897E+00  3.1565297E+00  2.9916208E+00  2.4265459E+00  8.0622438E+01
 2.8294006E+00  3.3871348E+00  3.5497676E+00  3.7936244E+00  3.7932543E+00  3.8171481E+00  3.8162073E+00  3.5497676E+00  3.3871348E+00  2.8294006E+00  9.0106268E+01
 3.2611343E+00  3.8115990E+00  3.9719698E+00  4.2124577E+00  4.2120680E+00  4.2371072E+00  4.2360718E+00  3.9719698E+00  3.8115990E+00  3.2611343E+00  1.0002798E+02
 3.7218607E+00  4.2651128E+00  4.4232786E+00  4.6604487E+00  4.6600368E+00  4.6862610E+00  4.6851254E+00  4.4232786E+00  4.2651128E+00  3.7218607E+00  1.1034816E+02
 4.2114946E+00  4.7475768E+00  4.9035802E+00  5.1374894E+00  5.1370552E+00  5.1644930E+00  5.1632572E+00  4.9035802E+00  4.7475768E+00  4.2114946E+00  1.2102357E+02
 4.7297515E+00  5.2587348E+00  5.4125900E+00  5.6433010E+00  5.6428474E+00  5.6715442E+00  5.6701998E+00  5.4125900E+00  5.2587348E+00  4.7297515E+00  1.3200797E+02
 5.2761333E+00  5.7980889E+00  5.9498387E+00  6.1773969E+00  6.1769182E+00  6.2069138E+00  6.2054581E+00  5.9498387E+00  5.7980889E+00  5.2761333E+00  1.4325114E+02
 0.0000000E+00  0.0000000E+00  1.9132536E-01  4.7837388E-01  4.7825292E-01  4.8887255E-01  4.8894311E-01  1.9132536E-01  0.0000000E+00  0.0000000E+00  3.7788893E-01
 0.0000000E+00  5.0085095E-02  2.3842992E-01  5.2099468E-01  5.2085861E-01  5.3228746E-01  5.3230761E-01  2.3842992E-01  5.0085095E-02  0.0000000E+00  1.7940616E+00
 0.0000000E+00  1.1108330E-01  2.9661466E-01  5.7494296E-01  5.7479212E-01  5.8702797E-01  5.8699629E-01  2.9661466E-01  1.1108330E-01  0.0000000E+00  3.5567154E+00
 0.0000000E+00  1.8334292E-01  3.6619789E-01  6.4049947E-01  6.4033388E-01  6.5338002E-01  6.5329543E-01  3.6619789E-01  1.8334292E-01  0.0000000E+00  5.6763193E+00
 0.0000000E+00  2.6735393E-01  4.4764879E-01  7.1810031E-01  7.1791995E-01  7.3178189E-01  7.3164258E-01  4.4764879E-01  2.6735393E-01  0.0000000E+00  8.1626070E+00
 0.0000000E+00  3.6366612E-01  5.4150097E-01  8.0825254E-01  8.0805706E-01  8.2274508E-01  8.2254925E-01  5.4150097E-01  3.6366612E-01  0.0000000E+00  1.1023711E+01
 0.0000000E+00  4.7286899E-01  6.4833030E-01  9.1151367E-01  9.1130272E-01  9.2682635E-01  9.2657184E-01  6.4833030E-01  4.7286899E-01  0.0000000E+00  1.4266108E+01
 0.0000000E+00  5.9556974E-01  7.6873479E-01  1.0284640E+00  1.0282376E+00  1.0446116E+00  1.0442966E+00  7.6873479E-01  5.9556974E-01  0.0000000E+00  1.7894286E+01
 1.6029663E-01  7.4820279E-01  9.1891887E-01  1.1749688E+00  1.1747247E+00  1.1920548E+00  1.1916703E+00  9.1891887E-01  7.4820279E-01  1.6029663E-01  2.2058793E+01
 3.3904207E-01  9.1937518E-01  1.0876938E+00  1.3401390E+00  1.3398769E+00  1.3581938E+00  1.3577362E+00  1.0876938E+00  9.1937518E-01  3.3904207E-01  2.6698410E+01
 5.3714948E-01  1.1099995E+00  1.2759648E+00  1.5248768E+00  1.5245956E+00  1.5439289E+00  1.5433950E+00  1.2759648E+00  1.1099995E+00  5.3714948E-01  3.1814207E+01
 7.5551475E-01  1.3209590E+00  1.4846207E+00  1.7300656E+00  1.7297654E+00  1.7501466E+00  1.7495321E+00  1.4846207E+00  1.3209590E+00  7.5551475E-01  3.7403056E+01
 9.9495112E-01  1.5530668E+00  1.7144636E+00  1.9565146E+00  1.9561942E+00  1.9776515E+00  1.9769531E+00  1.7144636E+00  1.5530668E+00  9.9495112E-01  4.3456491E+01
 1.2561762E+00  1.8070314E+00  1.9662074E+00  2.2049077E+00  2.2045693E+00  2.2271477E+00  2.2263593E+00  1.9662074E+00  1.8070314E+00  1.2561762E+00  4.9961634E+01
 1.5397916E+00  2.0834490E+00  2.2404519E+00  2.4758805E+00  2.4755169E+00  2.4992385E+00  2.4983601E+00  2.2404519E+00  2.0834490E+00  1.5397916E+00  5.6900638E+01
 1.8462794E+00  2.3828088E+00  2.5376590E+00  2.7698785E+00  2.7694933E+00  2.7944059E+00  2.7934303E+00  2.5376590E+00  2.3828088E+00  1.8462794E+00  6.4251238E+01
 2.1759801E+00  2.7054441E+00  2.8581967E+00  3.0872439E+00  3.0868371E+00  3.1129700E+00  3.1118936E+00  2.8581967E+00  2.7054441E+00  2.1759801E+00  7.1986572E+01
 2.5291033E+00  3.0515571E+00  3.2022306E+00  3.4281790E+00  3.4277507E+00  3.4551333E+00  3.4539525E+00  3.2022306E+00  3.0515571E+00  2.5291033E+00  8.0076464E+01
 2.9056674E+00  3.4211662E+00  3.5698158E+00  3.7927133E+00  3.7922597E+00  3.8209326E+00  3.8196438E+00  3.5698158E+00  3.4211662E+00  2.9056674E+00  8.8486323E+01
 3.3055622E+00  3.8141795E+00  3.9608236E+00  4.1807144E+00  4.1802392E+00  4.2102500E+00  4.2088460E+00  3.9608236E+00  3.8141795E+00  3.3055622E+00  9.7179167E+01
 3.7284931E+00  4.2302658E+00  4.3749411E+00  4.5919098E+00  4.5914094E+00  4.6227802E+00  4.6212574E+00  4.3749411E+00  4.2302658E+00  3.7284931E+00  1.0611488E+02
 4.1740186E+00  4.6690019E+00  4.8117636E+00  5.0258212E+00  5.0252920E+00  5.0580816E+00  5.0564364E+00  4.8117636E+00  4.6690019E+00  4.1740186E+00  1.1525171E+02
 4.6414947E+00  5.1297622E+00  5.2706104E+00  5.4818378E+00  5.4812834E+00  5.5155101E+00  5.5137390E+00  5.2706104E+00  5.1297622E+00  4.6414947E+00  1.2454566E+02
 0.0000000E+00  0.0000000E+00  1.7662393E-01  4.4163198E-01  4.4148766E-01  4.5382979E-01  4.5384329E-01  1.7662393E-01  0.0000000E+00  0.0000000E+00  4.3152572E-01
 0.0000000E+00  4.8471334E-02  2.2239412E-01  4.8333433E-01  4.8317278E-01  4.9644155E-01  4.9639407E-01  2.2239412E-01  4.8471334E-02  0.0000000E+00  1.8070181E+00
 0.0000000E+00  1.0682329E-01  2.7819461E-01  5.3529444E-01  5.3511568E-01  5.4930963E-01  5.4919930E-01  2.7819461E-01  1.0682329E-01  0.0000000E+00  3.4953260E+00
 0.0000000E+00  1.7530453E-01  3.4425024E-01  5.9769792E-01  5.9750193E-01  6.1262392E-01  6.1244980E-01  3.4425024E-01  1.7530453E-01  0.0000000E+00  5.5018126E+00
 0.0000000E+00  2.5428599E-01  4.2091104E-01  6.7086837E-01  6.7065515E-01  6.8671086E-01  6.8647110E-01  4.2091104E-01  2.5428599E-01  0.0000000E+00  7.8311178E+00
 0.0000000E+00  3.4418600E-01  5.0858151E-01  7.5518791E-01  7.5495700E-01  7.7195401E-01  7.7164582E-01  5.0858151E-01  3.4418600E-01  0.0000000E+00  1.0486668E+01
 0.0000000E+00  4.4545258E-01  6.0770184E-01  8.5107153E-01  8.5082293E-01  8.6877599E-01  8.6839843E-01  6.0770184E-01  4.4545258E-01  0.0000000E+00  1.3470343E+01
 0.0000000E+00  5.5854975E-01  7.1871699E-01  9.5896323E-01  9.5869647E-01  9.7761553E-01  9.7716581E-01  7.1871699E-01  5.5854975E-01  0.0000000E+00  1.6782381E+01
 1.4715623E-01  6.9841323E-01  8.5636521E-01  1.0932772E+00  1.0929904E+00  1.1129995E+00  1.1124669E+00  8.5636521E-01  6.9841323E-01  1.4715623E-01  2.0550795E+01
 3.1026946E-01  8.5431652E-01  1.0100985E+00  1.2437480E+00  1.2434402E+00  1.2645703E+00  1.2639511E+00  1.0100985E+00  8.5431652E-01  3.1026946E-01  2.4715719E+01
 4.9000760E-01  1.0269235E+00  1.1805806E+00  1.4110333E+00  1.4107042E+00  1.4329870E+00  1.4322775E+00  1.1805806E+00  1.0269235E+00  4.9000760E-01  2.9273298E+01
 6.8701095E-01  1.2168670E+00  1.3684374E+00  1.5957566E+00  1.5954056E+00  1.6188783E+00  1.6180738E+00  1.3684374E+00  1.2168670E+00  6.8701095E-01  3.4215871E+01
 9.0183393E-01  1.4246968E+00  1.5742208E+00  1.7984675E+00  1.7980941E+00  1.8227900E+00  1.8218863E+00  1.5742208E+00  1.4246968E+00  9.0183393E-01  3.9530826E+01
 1.1349310E+00  1.6508698E+00  1.7983855E+00  2.0196162E+00  2.0192191E+00  2.0451741E+00  2.0441672E+00  1.7983855E+00  1.6508698E+00  1.1349310E+00  4.5202460E+01
 1.3866639E+00  1.8957379E+00  2.0412811E+00  2.2595529E+00  2.2591321E+00  2.2863844E+00  2.2852694E+00  2.0412811E+00  1.8957379E+00  1.3866639E+00  5.1211022E+01
 1.6572704E+00  2.1595369E+00  2.3031456E+00  2.5185134E+00  2.5180711E+00  2.5466487E+00  2.5454243E+00  2.3031456E+00  2.1595369E+00  1.6572704E+00  5.7532718E+01
 1.9468697E+00  2.4423762E+00  2.5840956E+00  2.7966125E+00  2.7961423E+00  2.8261030E+00  2.8247576E+00  2.5840956E+00  2.4423762E+00  1.9468697E+00  6.4141136E+01
 2.2554450E+00  2.7442557E+00  2.8840954E+00  3.0938185E+00  3.0933204E+00  3.1246881E+00  3.1232217E+00  2.8840954E+00  2.7442557E+00  2.2554450E+00  7.1006297E+01
 2.5828583E+00  3.0650281E+00  3.2030356E+00  3.4099982E+00  3.4094768E+00  3.4422991E+00  3.4407070E+00  3.2030356E+00  3.0650281E+00  2.5828583E+00  7.8096314E+01
 2.9288051E+00  3.4043838E+00  3.5406067E+00  3.7448612E+00  3.7443072E+00  3.7786268E+00  3.7769043E+00  3.5406067E+00  3.4043838E+00  2.9288051E+00  8.5376925E+01
 3.2928832E+00  3.7619184E+00  3.8963568E+00  4.0979699E+00  4.0973926E+00  4.1332331E+00  4.1313710E+00  3.8963568E+00  3.7619184E+00  3.2928832E+00  9.2811723E+01
 3.6744978E+00  4.1370609E+00  4.2697623E+00  4.4687624E+00  4.4681525E+00  4.5055664E+00  4.5035645E+00  4.2697623E+00  4.1370609E+00  3.6744978E+00  1.0036383E+02
 4.0729826E+00  4.5290975E+00  4.6600857E+00  4.8565299E+00  4.8558921E+00  4.8949172E+00  4.8927664E+00  4.6600857E+00  4.5290975E+00  4.0729826E+00  1.0799517E+02
 0.0000000E+00  0.0000000E+00  1.6321457E-01  4.0812329E-01  4.0795113E-01  4.2229503E-01  4.2223243E-01  1.6321457E-01  0.0000000E+00  0.0000000E+00  4.9250410E-01
 0.0000000E+00  4.6911834E-02  2.0767861E-01  4.4889756E-01  4.4870553E-01  4.6411477E-01  4.6397812E-01  2.0767861E-01  4.6911834E-02  0.0000000E+00  1.8282035E+00
 0.0000000E+00  1.0271740E-01  2.6117390E-01  4.9891414E-01  4.9870226E-01  5.1517127E-01  5.1495938E-01  2.6117390E-01  1.0271740E-01  0.0000000E+00  3.4441782E+00
 0.0000000E+00  1.6758191E-01  3.2384413E-01  5.5827766E-01  5.5804590E-01  5.7557590E-01  5.7528636E-01  3.2384413E-01  1.6758191E-01  0.0000000E+00  5.3414376E+00
 0.0000000E+00  2.4177304E-01  3.9593666E-01  6.2721453E-01  6.2696231E-01  6.4555880E-01  6.4519041E-01  3.9593666E-01  2.4177304E-01  0.0000000E+00  7.5203968E+00
 0.0000000E+00  3.2560091E-01  4.7775147E-01  7.0599674E-01  7.0572406E-01  7.2539565E-01  7.2494659E-01  4.7775147E-01  3.2560091E-01  0.0000000E+00  9.9805637E+00
 0.0000000E+00  4.1939319E-01  5.6960238E-01  7.9492889E-01  7.9463574E-01  8.1539470E-01  8.1486197E-01  5.6960238E-01  4.1939319E-01  0.0000000E+00  1.2720154E+01
 0.0000000E+00  5.2348617E-01  6.7181859E-01  8.9432172E-01  8.9400810E-01  9.1586918E-01  9.1525097E-01  6.7181859E-01  5.2348617E-01  0.0000000E+00  1.5736059E+01
 1.3492275E-01  6.5142026E-01  7.9775592E-01  1.0172510E+00  1.0169139E+00  1.0400123E+00  1.0392966E+00  7.9775592E-01  6.5142026E-01  1.3492275E-01  1.9135995E+01
 2.8354898E-01  7.9314091E-01  9.3751981E-01  1.1540746E+00  1.1537140E+00  1.1780829E+00  1.1772649E+00  9.3751981E-01  7.9314091E-01  2.8354898E-01  2.2862796E+01
 4.4634482E-01  9.4910962E-01  1.0915717E+00  1.3052453E+00  1.3048600E+00  1.3305363E+00  1.3296111E+00  1.0915717E+00  9.4910962E-01  4.4634482E-01  2.6908925E+01
 6.2373946E-01  1.1197448E+00  1.2603271E+00  1.4711797E+00  1.4707691E+00  1.4977871E+00  1.4967512E+00  1.2603271E+00  1.1197448E+00  6.2373946E-01  3.1263275E+01
 8.1606826E-01  1.3053819E+00  1.4441212E+00  1.6522082E+00  1.6517724E+00  1.6801745E+00  1.6790230E+00  1.4441212E+00  1.3053819E+00  8.1606826E-01  3.5910892E+01
 1.0235958E+00  1.5062792E+00  1.6432125E+00  1.8485856E+00  1.8481227E+00  1.8779452E+00  1.8766721E+00  1.6432125E+00  1.5062792E+00  1.0235958E+00  4.0834487E+01
 1.2464790E+00  1.7225906E+00  1.8577487E+00  2.0604601E+00  2.0599701E+00  2.0912549E+00  2.0898566E+00  1.8577487E+00  1.7225906E+00  1.2464790E+00  4.6012831E+01
 1.4847702E+00  1.9543685E+00  2.0877883E+00  2.2878861E+00  2.2873684E+00  2.3201540E+00  2.3186244E+00  2.0877883E+00  1.9543685E+00  1.4847702E+00  5.1423155E+01
 1.7384232E+00  2.2015604E+00  2.3332696E+00  2.5308067E+00  2.5302601E+00  2.5645865E+00  2.5629209E+00  2.3332696E+00  2.2015604E+00  1.7384232E+00  5.7039001E+01
 2.0072687E+00  2.4640004E+00  2.5940328E+00  2.7890522E+00  2.7884767E+00  2.8243864E+00  2.8225799E+00  2.5940328E+00  2.4640004E+00  2.0072687E+00  6.2832985E+01
 2.2910331E+00  2.7414053E+00  2.8697886E+00  3.0623401E+00  3.0617346E+00  3.0992742E+00  3.0973238E+00  2.8697886E+00  2.7414053E+00  2.2910331E+00  6.8775266E+01
 2.5893132E+00  3.0333813E+00  3.1601401E+00  3.3502712E+00  3.3496392E+00  3.3888363E+00  3.3867294E+00  3.1601401E+00  3.0333813E+00  2.5893132E+00  7.4835075E+01
 2.9016075E+00  3.3394176E+00  3.4645766E+00  3.6523260E+00  3.6516578E+00  3.6925819E+00  3.6903185E+00  3.4645766E+00  3.3394176E+00  2.9016075E+00  8.0980723E+01
 3.2273038E+00  3.6588990E+00  3.7824889E+00  3.9678997E+00  3.9672014E+00  4.0098832E+00  4.0074573E+00  3.7824889E+00  3.6588990E+00  3.2273038E+00  8.7179906E+01
 3.5656452E+00  3.9910563E+00  4.1131386E+00  4.2962600E+00  4.2955256E+00  4.3399711E+00  4.3373767E+00  4.1131386E+00  3.9910563E+00  3.5656452E+00  9.3400010E+01
 0.0000000E+00  0.0000000E+00  1.5101186E-01  3.7763218E-01  3.7742674E-01  3.9410259E-01  3.9393964E-01  1.5101186E-01  0.0000000E+00  0.0000000E+00  5.6169805E-01
 0.0000000E+00  4.5326906E-02  1.9413447E-01  4.1743138E-01  4.1720259E-01  4.3509653E-01  4.3484517E-01  1.9413447E-01  4.5326906E-02  0.0000000E+00  1.8573173E+00
 0.0000000E+00  9.8616250E-02  2.4534441E-01  4.6550643E-01  4.6525430E-01  4.8436088E-01  4.8401848E-01  2.4534441E-01  9.8616250E-02  0.0000000E+00  3.4015703E+00
 0.0000000E+00  1.5996031E-01  3.0471287E-01  5.2189832E-01  5.2162284E-01  5.4194047E-01  5.4150623E-01  3.0471287E-01  1.5996031E-01  0.0000000E+00  5.1919115E+00
 0.0000000E+00  2.2953846E-01  3.7240413E-01  5.8674784E-01  5.8644979E-01  6.0798322E-01  6.0745483E-01  3.7240413E-01  2.2953846E-01  0.0000000E+00  7.2254175E+00
 0.0000000E+00  3.0756430E-01  4.4861944E-01  6.6023714E-01  6.5991497E-01  6.8267211E-01  6.8204722E-01  4.4861944E-01  3.0756430E-01  0.0000000E+00  9.4984847E+00
 0.0000000E+00  3.9426652E-01  5.3357755E-01  7.4256591E-01  7.4222039E-01  7.6621793E-01  7.6549421E-01  5.3357755E-01  3.9426652E-01  0.0000000E+00  1.2006539E+01
 0.0000000E+00  4.8987344E-01  6.2749684E-01  8.3394972E-01  8.3358007E-01  8.5882592E-01  8.5800026E-01  6.2749684E-01  4.8987344E-01  0.0000000E+00  1.4744012E+01
 1.2343866E-01  6.0665108E-01  7.4247668E-01  9.4622779E-01  9.4583247E-01  9.7248079E-01  9.7154073E-01  7.4247668E-01  6.0665108E-01  1.2343866E-01  1.7800555E+01
 2.5855548E-01  7.3518206E-01  8.6924963E-01  1.0703578E+00  1.0699345E+00  1.0980234E+00  1.0969627E+00  8.6924963E-01  7.3518206E-01  2.5855548E-01  2.1122513E+01
 4.0565115E-01  8.7575672E-01  1.0081060E+00  1.2066270E+00  1.2061756E+00  1.2357432E+00  1.2345573E+00  1.0081060E+00  8.7575672E-01  4.0565115E-01  2.4699704E+01
 5.6497546E-01  1.0286256E+00  1.1592885E+00  1.3552763E+00  1.3547962E+00  1.3858814E+00  1.3845647E+00  1.1592885E+00  1.0286256E+00  5.6497546E-01  2.8518802E+01
 7.3670541E-01  1.1939639E+00  1.3229681E+00  1.5164745E+00  1.5159655E+00  1.5486105E+00  1.5471584E+00  1.3229681E+00  1.1939639E+00  7.3670541E-01  3.2563858E+01
 9.2093646E-01  1.3718588E+00  1.4992443E+00  1.6903153E+00  1.6897768E+00  1.7240204E+00  1.7224274E+00  1.4992443E+00  1.3718588E+00  9.2093646E-01  3.6816497E+01
 1.1176805E+00  1.5623185E+00  1.6881130E+00  1.8767996E+00  1.8762292E+00  1.9121127E+00  1.9103742E+00  1.6881130E+00  1.5623185E+00  1.1176805E+00  4.1255996E+01
 1.3268581E+00  1.7652595E+00  1.8894948E+00  2.0758399E+00  2.0752392E+00  2.1128086E+00  2.1109184E+00  1.8894948E+00  1.7652595E+00  1.3268581E+00  4.5860281E+01
 1.5482901E+00  1.9805106E+00  2.1032106E+00  2.2872612E+00  2.2866278E+00  2.3259229E+00  2.3238755E+00  2.1032106E+00  1.9805106E+00  1.5482901E+00  5.0604571E+01
 1.7817062E+00  2.2077934E+00  2.3289900E+00  2.5107882E+00  2.5101213E+00  2.5511890E+00  2.5489789E+00  2.3289900E+00  2.2077934E+00  1.7817062E+00  5.5463810E+01
 2.0267483E+00  2.4467461E+00  2.5664670E+00  2.7460526E+00  2.7453522E+00  2.7882354E+00  2.7858564E+00  2.5664670E+00  2.4467461E+00  2.0267483E+00  6.0410950E+01
 2.2829511E+00  2.6969112E+00  2.8151764E+00  2.9925914E+00  2.9918568E+00  3.0365983E+00  3.0340451E+00  2.8151764E+00  2.6969112E+00  2.2829511E+00  6.5419740E+01
 2.5497658E+00  2.9577318E+00  3.0745731E+00  3.2498559E+00  3.2490862E+00  3.2957313E+00  3.2929975E+00  3.0745731E+00  2.9577318E+00  2.5497658E+00  7.0461941E+01
 2.8265558E+00  3.2285716E+00  3.3440128E+00  3.5172015E+00  3.5163960E+00  3.5649860E+00  3.5620654E+00  3.3440128E+00  3.2285716E+00  2.8265558E+00  7.5510505E+01
 3.1126014E+00  3.5087067E+00  3.6227717E+00  3.7939060E+00  3.7930648E+00  3.8436465E+00  3.8405329E+00  3.6227717E+00  3.5087067E+00  3.1126014E+00  8.0538387E+01
 0.0000000E+00  0.0000000E+00  1.3994219E-01  3.4997870E-01  3.4973329E-01  3.6911967E-01  3.6882679E-01  1.3994219E-01  0.0000000E+00  0.0000000E+00  6.4002743E-01
 0.0000000E+00  4.3784576E-02  1.8174636E-01  3.8879377E-01  3.8852120E-01  4.0930159E-01  4.0890199E-01  1.8174636E-01  4.3784576E-02  0.0000000E+00  1.8956023E+00
 0.0000000E+00  9.4643885E-02  2.3073826E-01  4.3496970E-01  4.3467018E-01  4.5683490E-01  4.5632718E-01  2.3073826E-01  9.4643885E-02  0.0000000E+00  3.3693279E+00
 0.0000000E+00  1.5261196E-01  2.8693382E-01  4.8849396E-01  4.8816758E-01  5.1171456E-01  5.1109710E-01  2.8693382E-01  1.5261196E-01  0.0000000E+00  5.0558116E+00
 0.0000000E+00  2.1779450E-01  3.5042456E-01  5.4943718E-01  5.4908415E-01  5.7401274E-01  5.7328354E-01  3.5042456E-01  2.1779450E-01  0.0000000E+00  6.9495067E+00
 0.0000000E+00  2.9032566E-01  4.2133280E-01  6.1790175E-01  6.1752156E-01  6.4384479E-01  6.4300093E-01  4.2133280E-01  2.9032566E-01  0.0000000E+00  9.0443934E+00
 0.0000000E+00  3.7034939E-01  4.9979376E-01  6.9401054E-01  6.9360319E-01  7.2133235E-01  7.2037182E-01  4.9979376E-01  3.7034939E-01  0.0000000E+00  1.1333958E+01
 0.0000000E+00  4.5800861E-01  5.8594213E-01  7.7788692E-01  7.7745242E-01  8.0659880E-01  8.0551958E-01  5.8594213E-01  4.5800861E-01  0.0000000E+00  1.3810799E+01
 1.1276074E-01  5.6437689E-01  6.9070445E-01  8.8022764E-01  8.7976297E-01  9.1050112E-01  9.0928612E-01  6.9070445E-01  5.6437689E-01  1.1276074E-01  1.6548479E+01
 2.3537980E-01  6.8067495E-01  8.0542945E-01  9.9259066E-01  9.9209481E-01  1.0244617E+00  1.0231048E+00  8.0542945E-01  6.8067495E-01  2.3537980E-01  1.9497647E+01
 3.6802117E-01  8.0705906E-01  9.3027649E-01  1.1151302E+00  1.1146022E+00  1.1486357E+00  1.1471341E+00  9.3027649E-01  8.0705906E-01  3.6802117E-01  2.2646428E+01
 5.1079897E-01  9.4364745E-01  1.0653587E+00  1.2479460E+00  1.2473858E+00  1.2831281E+00  1.2814746E+00  1.0653587E+00  9.4364745E-01  5.1079897E-01  2.5980481E+01
 6.6376204E-01  1.0904761E+00  1.2107068E+00  1.3910822E+00  1.3904888E+00  1.4279820E+00  1.4261706E+00  1.2107068E+00  1.0904761E+00  6.6376204E-01  2.9483302E+01
 8.2687645E-01  1.2475142E+00  1.3663004E+00  1.5444978E+00  1.5438702E+00  1.5831636E+00  1.5811892E+00  1.3663004E+00  1.2475142E+00  8.2687645E-01  3.3136798E+01
 1.0000512E+00  1.4146589E+00  1.5320263E+00  1.7080971E+00  1.7074353E+00  1.7485678E+00  1.7464245E+00  1.5320263E+00  1.4146589E+00  1.0000512E+00  3.6921176E+01
 1.1831013E+00  1.5917355E+00  1.7077046E+00  1.8816910E+00  1.8809930E+00  1.9240097E+00  1.9216914E+00  1.7077046E+00  1.5917355E+00  1.1831013E+00  4.0815462E+01
 1.3757747E+00  1.7784766E+00  1.8930782E+00  2.0650162E+00  2.0642819E+00  2.1092302E+00  2.1067298E+00  1.8930782E+00  1.7784766E+00  1.3757747E+00  4.4797602E+01
 1.5777271E+00  1.9745480E+00  2.0878028E+00  2.2577334E+00  2.2569630E+00  2.3038859E+00  2.3011994E+00  2.0878028E+00  1.9745480E+00  1.5777271E+00  4.8844772E+01
 1.7885523E+00  2.1795334E+00  2.2914722E+00  2.4594273E+00  2.4586187E+00  2.5075624E+00  2.5046818E+00  2.2914722E+00  2.1795334E+00  1.7885523E+00  5.2933788E+01
 2.0077569E+00  2.3929444E+00  2.5035877E+00  2.6696085E+00  2.6687617E+00  2.7197703E+00  2.7166896E+00  2.5035877E+00  2.3929444E+00  2.0077569E+00  5.7041207E+01
 2.2347857E+00  2.6142259E+00  2.7235943E+00  2.8877116E+00  2.8868265E+00  2.9399463E+00  2.9366604E+00  2.7235943E+00  2.6142259E+00  2.2347857E+00  6.1144514E+01
 2.4690165E+00  2.8427454E+00  2.9508595E+00  3.1131102E+00  3.1121849E+00  3.1674641E+00  3.1639660E+00  2.9508595E+00  2.8427454E+00  2.4690165E+00  6.5220061E+01
 2.7097555E+00  3.0778142E+00  3.1847048E+00  3.3451199E+00  3.3441543E+00  3.4016298E+00  3.3979124E+00  3.1847048E+00  3.0778142E+00  2.7097555E+00  6.9246257E+01
 0.0000000E+00  0.0000000E+00  1.2994124E-01  3.2500055E-01  3.2470698E-01  3.4724623E-01  3.4678709E-01  1.2994124E-01  0.0000000E+00  0.0000000E+00  7.2842576E-01
 0.0000000E+00  4.2216307E-02  1.7039133E-01  3.6278293E-01  3.6245791E-01  3.8658898E-01  3.8600249E-01  1.7039133E-01  4.2216307E-02  0.0000000E+00  1.9427122E+00
 0.0000000E+00  9.0671462E-02  2.1718203E-01  4.0706122E-01  4.0670501E-01  4.3241434E-01  4.3169946E-01  2.1718203E-01  9.0671462E-02  0.0000000E+00  3.3457091E+00
 0.0000000E+00  1.4535039E-01  2.7028078E-01  4.5777762E-01  4.5739048E-01  4.8467354E-01  4.8382844E-01  2.7028078E-01  1.4535039E-01  0.0000000E+00  4.9299108E+00
 0.0000000E+00  2.0629686E-01  3.2971948E-01  5.1494449E-01  5.1452655E-01  5.4338425E-01  5.4240699E-01  3.2971948E-01  2.0629686E-01  0.0000000E+00  6.6878581E+00
 0.0000000E+00  2.7357861E-01  3.9555590E-01  5.7860313E-01  5.7815427E-01  6.0859349E-01  6.0748172E-01  3.9555590E-01  2.7357861E-01  0.0000000E+00  8.6119590E+00
 0.0000000E+00  3.4727072E-01  4.6785582E-01  6.4880763E-01  6.4832784E-01  6.8035984E-01  6.7911097E-01  4.6785582E-01  3.4727072E-01  0.0000000E+00  1.0694210E+01
 0.0000000E+00  4.2744425E-01  5.4668497E-01  7.2561577E-01  7.2510504E-01  7.5874108E-01  7.5735186E-01  5.4668497E-01  4.2744425E-01  0.0000000E+00  1.2926175E+01
 1.0275289E-01  5.2408502E-01  6.4189436E-01  8.1867337E-01  8.1812755E-01  8.5355749E-01  8.5200972E-01  6.4189436E-01  5.2408502E-01  1.0275289E-01  1.5367368E+01
 2.1373873E-01  6.2902451E-01  7.4543633E-01  9.2011070E-01  9.1952850E-01  9.5679607E-01  9.5508326E-01  7.4543633E-01  6.2902451E-01  2.1373873E-01  1.7972954E+01
 3.3301465E-01  7.4231452E-01  8.5735673E-01  1.0299730E+00  1.0293557E+00  1.0685020E+00  1.0666203E+00  8.5735673E-01  7.4231452E-01  3.3301465E-01  2.0730381E+01
 4.6058796E-01  8.6395904E-01  9.7765953E-01  1.1482654E+00  1.1476105E+00  1.1886780E+00  1.1866182E+00  9.7765953E-01  8.6395904E-01  4.6058796E-01  2.3624968E+01
 5.9640619E-01  9.9389961E-01  1.1062850E+00  1.2749204E+00  1.2742277E+00  1.3172642E+00  1.3150238E+00  1.1062850E+00  9.9389961E-01  5.9640619E-01  2.6640508E+01
 7.4035508E-01  1.1320233E+00  1.2431134E+00  1.4098209E+00  1.4090919E+00  1.4541411E+00  1.4517109E+00  1.2431134E+00  1.1320233E+00  7.4035508E-01  2.9759733E+01
 8.9224800E-01  1.2781376E+00  1.3879723E+00  1.5527837E+00  1.5520143E+00  1.5991173E+00  1.5964923E+00  1.3879723E+00  1.2781376E+00  8.9224800E-01  3.2964243E+01
 1.0518525E+00  1.4320098E+00  1.5406025E+00  1.7035536E+00  1.7027453E+00  1.7519579E+00  1.7491313E+00  1.5406025E+00  1.4320098E+00  1.0518525E+00  3.6235042E+01
 1.2188496E+00  1.5933213E+00  1.7006919E+00  1.8618239E+00  1.8609740E+00  1.9123371E+00  1.9093027E+00  1.7006919E+00  1.5933213E+00  1.2188496E+00  3.9552469E+01
 1.3928742E+00  1.7617001E+00  1.8678750E+00  2.0272212E+00  2.0263297E+00  2.0798859E+00  2.0766383E+00  1.8678750E+00  1.7617001E+00  1.3928742E+00  4.2896730E+01
 1.5734945E+00  1.9367144E+00  2.0417070E+00  2.1993005E+00  2.1983674E+00  2.2541671E+00  2.2506986E+00  2.0417070E+00  1.9367144E+00  1.5734945E+00  4.6247965E+01
 1.7602122E+00  2.1178660E+00  2.2217095E+00  2.3775809E+00  2.3766049E+00  2.4346918E+00  2.4309959E+00  2.2217095E+00  2.1178660E+00  1.7602122E+00  4.9586580E+01
 1.9524895E+00  2.3046236E+00  2.4073313E+00  2.5615071E+00  2.5604883E+00  2.6209088E+00  2.6169790E+00  2.4073313E+00  2.3046236E+00  1.9524895E+00  5.2893446E+01
 2.1497351E+00  2.4963894E+00  2.5979746E+00  2.7504881E+00  2.7494263E+00  2.8122269E+00  2.8080567E+00  2.5979746E+00  2.4963894E+00  2.1497351E+00  5.6150031E+01
 2.3513114E+00  2.6925258E+00  2.7930150E+00  2.9438940E+00  2.9427868E+00  3.0080085E+00  3.0035913E+00  2.7930150E+00  2.6925258E+00  2.3513114E+00  5.9338866E+01
 0.0000000E+00  0.0000000E+00  1.2095193E-01  3.0255426E-01  3.0220279E-01  3.2840815E-01  3.2773861E-01  1.2095193E-01  0.0000000E+00  0.0000000E+00  8.2778235E-01
 0.0000000E+00  4.0678534E-02  1.6006105E-01  3.3929368E-01  3.3890579E-01  3.6692640E-01  3.6610546E-01  1.6006105E-01  4.0678534E-02  0.0000000E+00  1.9998430E+00
 0.0000000E+00  8.6802217E-02  2.0470695E-01  3.8170817E-01  3.8128436E-01  4.1110323E-01  4.1013005E-01  2.0470695E-01  8.6802217E-02  0.0000000E+00  3.3324169E+00
 0.0000000E+00  1.3831803E-01  2.5482098E-01  4.2970782E-01  4.2924825E-01  4.6085610E-01  4.5972935E-01  2.5482098E-01  1.3831803E-01  0.0000000E+00  4.8165442E+00
 0.0000000E+00  1.9522049E-01  3.1038686E-01  4.8325865E-01  4.8276367E-01  5.1615928E-01  5.1487676E-01  3.1038686E-01  1.9522049E-01  0.0000000E+00  6.4434831E+00
 0.0000000E+00  2.5752588E-01  3.7141058E-01  5.4235174E-01  5.4182151E-01  5.7700933E-01  5.7556887E-01  3.7141058E-01  2.5752588E-01  0.0000000E+00  8.2045861E+00
 0.0000000E+00  3.2525309E-01  4.3790415E-01  6.0698864E-01  6.0642283E-01  6.4341224E-01  6.4181081E-01  4.3790415E-01  3.2525309E-01  0.0000000E+00  1.0091094E+01
 0.0000000E+00  3.9841670E-01  5.0987616E-01  6.7716917E-01  6.7656777E-01  7.1537093E-01  7.1360569E-01  5.0987616E-01  3.9841670E-01  0.0000000E+00  1.2094077E+01
 9.3455949E-02  4.8599015E-01  5.9618252E-01  7.6157145E-01  7.6093061E-01  8.0175605E-01  7.9980584E-01  5.9618252E-01  4.8599015E-01  9.3455949E-02  1.4260401E+01
 1.9369603E-01  5.8041208E-01  6.8936395E-01  8.5289168E-01  8.5221056E-01  8.9510401E-01  8.9296229E-01  6.8936395E-01  5.8041208E-01  1.9369603E-01  1.6550517E+01
 3.0069279E-01  6.8164987E-01  7.8938870E-01  9.5109657E-01  9.5037315E-01  9.9537279E-01  9.9303469E-01  7.8938870E-01  6.8164987E-01  3.0069279E-01  1.8951729E+01
 4.1437502E-01  7.8962805E-01  8.9617785E-01  1.0561043E+00  1.0553406E+00  1.1024960E+00  1.0999531E+00  8.9617785E-01  7.8962805E-01  4.1437502E-01  2.1449709E+01
 5.3461834E-01  9.0421621E-01  1.0096070E+00  1.1677829E+00  1.1669773E+00  1.2163346E+00  1.2135819E+00  1.0096070E+00  9.0421621E-01  5.3461834E-01  2.4029103E+01
 6.6124515E-01  1.0252376E+00  1.1294789E+00  1.2859523E+00  1.2851029E+00  1.3367101E+00  1.3337393E+00  1.1294789E+00  1.0252376E+00  6.6124515E-01  2.6673953E+01
 7.9402555E-01  1.1524615E+00  1.2555789E+00  1.4103790E+00  1.4094877E+00  1.4633894E+00  1.4601953E+00  1.2555789E+00  1.1524615E+00  7.9402555E-01  2.9367703E+01
 9.3267215E-01  1.2855962E+00  1.3876156E+00  1.5407697E+00  1.5398331E+00  1.5960737E+00  1.5926480E+00  1.3876156E+00  1.2855962E+00  9.3267215E-01  3.2093451E+01
 1.0768564E+00  1.4243157E+00  1.5252456E+00  1.6767881E+00  1.6758062E+00  1.7344354E+00  1.7307730E+00  1.5252456E+00  1.4243157E+00  1.0768564E+00  3.4834299E+01
 1.2261965E+00  1.5682254E+00  1.6680915E+00  1.8180482E+00  1.8170209E+00  1.8780851E+00  1.8741793E+00  1.6680915E+00  1.5682254E+00  1.2261965E+00  3.7573259E+01
 1.3802635E+00  1.7168964E+00  1.8157244E+00  1.9641175E+00  1.9630433E+00  2.0265851E+00  2.0224292E+00  1.8157244E+00  1.7168964E+00  1.3802635E+00  4.0293860E+01
 1.5385771E+00  1.8698568E+00  1.9676553E+00  2.1145191E+00  2.1133979E+00  2.1794688E+00  2.1750544E+00  1.9676553E+00  1.8698568E+00  1.5385771E+00  4.2979974E+01
 1.7006310E+00  2.0266004E+00  2.1233866E+00  2.2687520E+00  2.2675821E+00  2.3362198E+00  2.3315419E+00  2.1233866E+00  2.0266004E+00  1.7006310E+00  4.5616331E+01
 1.8658848E+00  2.1865868E+00  2.2823779E+00  2.4262569E+00  2.4250400E+00  2.4962907E+00  2.4913409E+00  2.2823779E+00  2.1865868E+00  1.8658848E+00  4.8188347E+01
 2.0337723E+00  2.3492412E+00  2.4440458E+00  2.5864744E+00  2.5852072E+00  2.6591136E+00  2.6538869E+00  2.4440458E+00  2.3492412E+00  2.0337723E+00  5.0682382E+01
 0.0000000E+00  0.0000000E+00  1.1292318E-01  2.8251756E-01  2.8209612E-01  3.1256219E-01  3.1162895E-01  1.1292318E-01  0.0000000E+00  0.0000000E+00  9.3888206E-01
 0.0000000E+00  3.9116173E-02  1.5065468E-01  3.1815703E-01  3.1769355E-01  3.5022879E-01  3.4911636E-01  1.5065468E-01  3.9116173E-02  0.0000000E+00  2.0664393E+00
 0.0000000E+00  8.2928904E-02  1.9316492E-01  3.5869839E-01  3.5819352E-01  3.9277181E-01  3.9147975E-01  1.9316492E-01  8.2928904E-02  0.0000000E+00  3.3275376E+00
 0.0000000E+00  1.3135480E-01  2.4035421E-01  4.0402380E-01  4.0347798E-01  4.4008756E-01  4.3861458E-01  2.4035421E-01  1.3135480E-01  0.0000000E+00  4.7123845E+00
 0.0000000E+00  1.8435167E-01  2.9217274E-01  4.5406571E-01  4.5347938E-01  4.9211425E-01  4.9045861E-01  2.9217274E-01  1.8435167E-01  0.0000000E+00  6.2115556E+00
 0.0000000E+00  2.4189360E-01  3.4858394E-01  5.0877561E-01  5.0814875E-01  5.4881067E-01  5.4696998E-01  3.4858394E-01  2.4189360E-01  0.0000000E+00  7.8159474E+00
 0.0000000E+00  3.0395511E-01  4.0955902E-01  5.6811407E-01  5.6744691E-01  6.1014271E-01  6.0811416E-01  4.0955902E-01  3.0395511E-01  0.0000000E+00  9.5165672E+00
 0.0000000E+00  3.7050963E-01  4.7506255E-01  6.3203922E-01  6.3133155E-01  6.7607226E-01  6.7385282E-01  4.7506255E-01  3.7050963E-01  0.0000000E+00  1.1304389E+01
 8.4749031E-02  4.4960624E-01  5.5304062E-01  7.0833920E-01  7.0758667E-01  7.5460124E-01  7.5216707E-01  5.5304062E-01  4.4960624E-01  8.4749031E-02  1.3215218E+01
 1.7499466E-01  5.3425903E-01  6.3659923E-01  7.9025603E-01  7.8945800E-01  8.3879219E-01  8.3613658E-01  6.3659923E-01  5.3425903E-01  1.7499466E-01  1.5215087E+01
 2.7064906E-01  6.2437608E-01  7.2564425E-01  8.7769781E-01  8.7685362E-01  9.2855143E-01  9.2566787E-01  7.2564425E-01  6.2437608E-01  2.7064906E-01  1.7291815E+01
 3.7158498E-01  7.1982449E-01  8.2004277E-01  9.7052498E-01  9.6963399E-01  1.0237425E+00  1.0206238E+00  8.2004277E-01  7.1982449E-01  3.7158498E-01  1.9431779E+01
 4.7762855E-01  8.2042928E-01  9.1961762E-01  1.0685608E+00  1.0676226E+00  1.1241843E+00  1.1208236E+00  9.1961762E-01  8.2042928E-01  4.7762855E-01  2.1620915E+01
 5.8856272E-01  9.2597117E-01  1.0241484E+00  1.1715816E+00  1.1705957E+00  1.2296614E+00  1.2260537E+00  1.0241484E+00  9.2597117E-01  5.8856272E-01  2.3844937E+01
 7.0412943E-01  1.0361888E+00  1.1333737E+00  1.2793245E+00  1.2782888E+00  1.3399116E+00  1.3360460E+00  1.1333737E+00  1.0361888E+00  7.0412943E-01  2.6089225E+01
 8.2402856E-01  1.1507832E+00  1.2469891E+00  1.3914863E+00  1.3904008E+00  1.4546160E+00  1.4504882E+00  1.2469891E+00  1.1507832E+00  8.2402856E-01  2.8339271E+01
 9.4792012E-01  1.2694043E+00  1.3646578E+00  1.5077236E+00  1.5065882E+00  1.5734445E+00  1.5690459E+00  1.3646578E+00  1.2694043E+00  9.4792012E-01  3.0580901E+01
 1.0754276E+00  1.3916911E+00  1.4859922E+00  1.6276599E+00  1.6264746E+00  1.6960184E+00  1.6913447E+00  1.4859922E+00  1.3916911E+00  1.0754276E+00  3.2799939E+01
 1.2061456E+00  1.5172117E+00  1.6105825E+00  1.7508742E+00  1.7496391E+00  1.8219147E+00  1.8169549E+00  1.6105825E+00  1.5172117E+00  1.2061456E+00  3.4983205E+01
 1.3396289E+00  1.6455564E+00  1.7380080E+00  1.8769369E+00  1.8756477E+00  1.9506969E+00  1.9454490E+00  1.7380080E+00  1.6455564E+00  1.3396289E+00  3.7117743E+01
 1.4754158E+00  1.7762379E+00  1.8677814E+00  2.0053741E+00  2.0040328E+00  2.0819044E+00  2.0763575E+00  1.8677814E+00  1.7762379E+00  1.4754158E+00  3.9191591E+01
 1.6130301E+00  1.9087688E+00  1.9994263E+00  2.1356984E+00  2.1343073E+00  2.2150367E+00  2.2091842E+00  1.9994263E+00  1.9087688E+00  1.6130301E+00  4.1193786E+01
 1.7519622E+00  2.0426730E+00  2.1324446E+00  2.2674158E+00  2.2659684E+00  2.3495997E+00  2.3434373E+00  2.1324446E+00  2.0426730E+00  1.7519622E+00  4.3114139E+01
 0.0000000E+00  0.0000000E+00  1.0581162E-01  2.6478203E-01  2.6427605E-01  2.9969212E-01  2.9843081E-01  1.0581162E-01  0.0000000E+00  0.0000000E+00  1.0622897E+00
 0.0000000E+00  3.7568461E-02  1.4216803E-01  2.9930506E-01  2.9875072E-01  3.3651827E-01  3.3504590E-01  1.4216803E-01  3.7568461E-02  0.0000000E+00  2.1432136E+00
 0.0000000E+00  7.9123676E-02  1.8258222E-01  3.3799473E-01  3.3739287E-01  3.7747875E-01  3.7579505E-01  1.8258222E-01  7.9123676E-02  0.0000000E+00  3.3321526E+00
 0.0000000E+00  1.2456363E-01  2.2693900E-01  3.8071903E-01  3.8007021E-01  4.2245585E-01  4.2056025E-01  2.2693900E-01  1.2456363E-01  0.0000000E+00  4.6190780E+00
 0.0000000E+00  1.7381945E-01  2.7516209E-01  4.2738709E-01  4.2669214E-01  4.7136497E-01  4.6925607E-01  2.7516209E-01  1.7381945E-01  0.0000000E+00  5.9944170E+00
 0.0000000E+00  2.2683327E-01  3.2718719E-01  4.7792230E-01  4.7718095E-01  5.2414007E-01  5.2181565E-01  3.2718719E-01  2.2683327E-01  0.0000000E+00  7.4490824E+00
 0.0000000E+00  2.8355338E-01  3.8295287E-01  5.3225554E-01  5.3146862E-01  5.8071716E-01  5.7817441E-01  3.8295287E-01  2.8355338E-01  0.0000000E+00  8.9742871E+00
 0.0000000E+00  3.4391833E-01  4.4239625E-01  5.9031676E-01  5.8948372E-01  6.4102907E-01  6.3826520E-01  4.4239625E-01  3.4391833E-01  0.0000000E+00  1.0561359E+01
 7.6658156E-02  4.1512065E-01  5.1261842E-01  6.5906758E-01  6.5818393E-01  7.1227836E-01  7.0926625E-01  5.1261842E-01  4.1512065E-01  7.6658156E-02  1.2236329E+01
 1.5767841E-01  4.9074507E-01  5.8728127E-01  7.3229221E-01  7.3135741E-01  7.8804482E-01  7.8477721E-01  5.8728127E-01  4.9074507E-01  1.5767841E-01  1.3971252E+01
 2.4293431E-01  5.7065873E-01  6.6625192E-01  8.0985493E-01  8.0886841E-01  8.6819446E-01  8.6466491E-01  6.6625192E-01  5.7065873E-01  2.4293431E-01  1.5754553E+01
 3.3225797E-01  6.5469015E-01  7.4935892E-01  8.9158200E-01  8.9054348E-01  9.5255266E-01  9.4875391E-01  7.4935892E-01  6.5469015E-01  3.3225797E-01  1.7573974E+01
 4.2544937E-01  7.4263646E-01  8.3639652E-01  9.7726652E-01  9.7617517E-01  1.0409137E+00  1.0368385E+00  8.3639652E-01  7.4263646E-01  4.2544937E-01  1.9416828E+01
 5.2227132E-01  8.3425905E-01  9.2712611E-01  1.0666670E+00  1.0655220E+00  1.1330346E+00  1.1286757E+00  9.2712611E-01  8.3425905E-01  5.2227132E-01  2.1270825E+01
 6.2245522E-01  9.2928645E-01  1.0212734E+00  1.1595089E+00  1.1583099E+00  1.2286432E+00  1.2239935E+00  1.0212734E+00  9.2928645E-01  6.2245522E-01  2.3123537E+01
 7.2570101E-01  1.0274157E+00  1.1185397E+00  1.2554901E+00  1.2542367E+00  1.3274352E+00  1.3224873E+00  1.1185397E+00  1.0274157E+00  7.2570101E-01  2.4962819E+01
 8.3168009E-01  1.1283212E+00  1.2185907E+00  1.3542778E+00  1.3529692E+00  1.4290785E+00  1.4238250E+00  1.2185907E+00  1.1283212E+00  8.3168009E-01  2.6776810E+01
 9.4003809E-01  1.2316441E+00  1.3210721E+00  1.4555189E+00  1.4541547E+00  1.5332099E+00  1.5276441E+00  1.3210721E+00  1.2316441E+00  9.4003809E-01  2.8554368E+01
 1.0503993E+00  1.3370074E+00  1.4256052E+00  1.5588198E+00  1.5573997E+00  1.6394569E+00  1.6335724E+00  1.4256052E+00  1.3370074E+00  1.0503993E+00  3.0284919E+01
 1.1623664E+00  1.4440209E+00  1.5317915E+00  1.6637924E+00  1.6623164E+00  1.7474069E+00  1.7411982E+00  1.5317915E+00  1.4440209E+00  1.1623664E+00  3.1958746E+01
 1.2755308E+00  1.5522660E+00  1.6392222E+00  1.7700366E+00  1.7685047E+00  1.8566628E+00  1.8501186E+00  1.6392222E+00  1.5522660E+00  1.2755308E+00  3.3566849E+01
 1.3894683E+00  1.6613113E+00  1.7474816E+00  1.8771038E+00  1.8755132E+00  1.9667844E+00  1.9599020E+00  1.7474816E+00  1.6613113E+00  1.3894683E+00  3.5101084E+01
 1.5037586E+00  1.7707566E+00  1.8561268E+00  1.9845767E+00  1.9829302E+00  2.0773460E+00  2.0701170E+00  1.8561268E+00  1.7707566E+00  1.5037586E+00  3.6554163E+01
 0.0000000E+00  0.0000000E+00  9.9503623E-02  2.4906449E-01  2.4845455E-01  2.8969665E-01  2.8802483E-01  9.9503623E-02  0.0000000E+00  0.0000000E+00  1.2000264E+00
 0.0000000E+00  3.5970337E-02  1.3442341E-01  2.8239406E-01  2.8172844E-01  3.2564113E-01  3.2372129E-01  1.3442341E-01  3.5970337E-02  0.0000000E+00  2.2301864E+00
 0.0000000E+00  7.5253845E-02  1.7271679E-01  3.1919333E-01  3.1847348E-01  3.6501059E-01  3.6284308E-01  1.7271679E-01  7.5253845E-02  0.0000000E+00  3.3442170E+00
 0.0000000E+00  1.1773799E-01  2.1426125E-01  3.5932038E-01  3.5854702E-01  4.0768306E-01  4.0526825E-01  2.1426125E-01  1.1773799E-01  0.0000000E+00  4.5322761E+00
 0.0000000E+00  1.6333498E-01  2.5896107E-01  4.0266988E-01  4.0184373E-01  4.5355984E-01  4.5089591E-01  2.5896107E-01  1.6333498E-01  0.0000000E+00  5.7851425E+00
 0.0000000E+00  2.1196796E-01  3.0673217E-01  4.4914684E-01  4.4826826E-01  5.0255851E-01  4.9964403E-01  3.0673217E-01  2.1196796E-01  0.0000000E+00  7.0941862E+00
 0.0000000E+00  2.6356244E-01  3.5749508E-01  4.9866329E-01  4.9773302E-01  5.5459443E-01  5.5142722E-01  3.5749508E-01  2.6356244E-01  0.0000000E+00  8.4511470E+00
 0.0000000E+00  3.1803602E-01  4.1116480E-01  5.5113091E-01  5.5014893E-01  6.0958591E-01  6.0616272E-01  4.1116480E-01  3.1803602E-01  0.0000000E+00  9.8480419E+00
 6.9013167E-02  3.8179364E-01  4.7406498E-01  6.1274651E-01  6.1170777E-01  6.7399564E-01  6.7028646E-01  4.7406498E-01  3.8179364E-01  6.9013167E-02  1.1302371E+01
 1.4138700E-01  4.4896811E-01  5.4039494E-01  6.7782072E-01  6.7672485E-01  7.4190529E-01  7.3790289E-01  5.4039494E-01  4.4896811E-01  1.4138700E-01  1.2792143E+01
 2.1696663E-01  5.1939680E-01  6.0999760E-01  7.4619016E-01  7.4503644E-01  8.1315408E-01  8.0885123E-01  6.0999760E-01  5.1939680E-01  2.1696663E-01  1.4306936E+01
 2.9556691E-01  5.9289307E-01  6.8268078E-01  8.1766340E-01  8.1645147E-01  8.8754983E-01  8.8293930E-01  6.8268078E-01  5.9289307E-01  2.9556691E-01  1.5835922E+01
 3.7697052E-01  6.6924071E-01  7.5822641E-01  8.9202052E-01  8.9075002E-01  9.6487080E-01  9.5994535E-01  7.5822641E-01  6.6924071E-01  3.7697052E-01  1.7368363E+01
 4.6093907E-01  7.4819579E-01  8.3639058E-01  9.6901392E-01  9.6768449E-01  1.0448741E+00  1.0396262E+00  8.3639058E-01  7.4819579E-01  4.6093907E-01  1.8893708E+01
 5.4720830E-01  8.2949037E-01  9.1690717E-01  1.0483767E+00  1.0469876E+00  1.1272860E+00  1.1217087E+00  9.1690717E-01  8.2949037E-01  5.4720830E-01  2.0401627E+01
 6.3548809E-01  9.1283986E-01  9.9948607E-01  1.1298185E+00  1.1283697E+00  1.2118185E+00  1.2059042E+00  9.9948607E-01  9.1283986E-01  6.3548809E-01  2.1882566E+01
 7.2547537E-01  9.9793565E-01  1.0838205E+00  1.2130302E+00  1.2115207E+00  1.2981608E+00  1.2919027E+00  1.0838205E+00  9.9793565E-01  7.2547537E-01  2.3327101E+01
 8.1684677E-01  1.0844543E+00  1.1695852E+00  1.2976848E+00  1.2961152E+00  1.3859850E+00  1.3793759E+00  1.1695852E+00  1.0844543E+00  8.1684677E-01  2.4726361E+01
 9.0926594E-01  1.1720578E+00  1.2564421E+00  1.3834448E+00  1.3818145E+00  1.4749501E+00  1.4679830E+00  1.2564421E+00  1.1720578E+00  9.0926594E-01  2.6072770E+01
 1.0023836E+00  1.2604004E+00  1.3440456E+00  1.4699598E+00  1.4682685E+00  1.5647065E+00  1.5573752E+00  1.3440456E+00  1.2604004E+00  1.0023836E+00  2.7358936E+01
 1.0958506E+00  1.3491293E+00  1.4320408E+00  1.5568777E+00  1.5551253E+00  1.6548959E+00  1.6471937E+00  1.4320408E+00  1.3491293E+00  1.0958506E+00  2.8578577E+01
 1.1893065E+00  1.4378877E+00  1.5200693E+00  1.6438371E+00  1.6420239E+00  1.7451595E+00  1.7370802E+00  1.5200693E+00  1.4378877E+00  1.1893065E+00  2.9726148E+01
 1.2823964E+00  1.5263190E+00  1.6077762E+00  1.7304807E+00  1.7286061E+00  1.8351299E+00  1.8266685E+00  1.6077762E+00  1.5263190E+00  1.2823964E+00  3.0796844E+01
 0.0000000E+00  0.0000000E+00  9.4122464E-02  2.3567321E-01  2.3493863E-01  2.8285775E-01  2.8068867E-01  9.4122464E-02  0.0000000E+00  0.0000000E+00  1.3480811E+00
 0.0000000E+00  3.4387642E-02  1.2760135E-01  2.6777842E-01  2.6697997E-01  3.1791702E-01  3.1545789E-01  1.2760135E-01  3.4387642E-02  0.0000000E+00  2.3250088E+00
 0.0000000E+00  7.1461343E-02  1.6381721E-01  3.0270078E-01  3.0184088E-01  3.5574041E-01  3.5299310E-01  1.6381721E-01  7.1461343E-02  0.0000000E+00  3.3635936E+00
 0.0000000E+00  1.1110664E-01  2.0264751E-01  3.4030445E-01  3.3938402E-01  3.9620609E-01  3.9317105E-01  2.0264751E-01  1.1110664E-01  0.0000000E+00  4.4547216E+00
 0.0000000E+00  1.5322837E-01  2.4398921E-01  3.8047521E-01  3.7949519E-01  4.3921694E-01  4.3589372E-01  2.4398921E-01  1.5322837E-01  0.0000000E+00  5.5898955E+00
 0.0000000E+00  1.9773894E-01  2.8774950E-01  4.2311075E-01  4.2207206E-01  4.8467684E-01  4.8106450E-01  2.8774950E-01  1.9773894E-01  0.0000000E+00  6.7612388E+00
 0.0000000E+00  2.4455079E-01  3.3383701E-01  4.6811491E-01  4.6701803E-01  5.3249725E-01  5.2859346E-01  3.3383701E-01  2.4455079E-01  0.0000000E+00  7.9613987E+00
 0.0000000E+00  2.9357707E-01  3.8215894E-01  5.1538680E-01  5.1423172E-01  5.8258298E-01  5.7838542E-01  3.8215894E-01  2.9357707E-01  0.0000000E+00  9.1832603E+00
 6.2010642E-02  3.5049162E-01  4.3831917E-01  5.7042698E-01  5.6920859E-01  6.4073223E-01  6.3620690E-01  4.3831917E-01  3.5049162E-01  6.2010642E-02  1.0436961E+01
 1.2652102E-01  4.0996184E-01  4.9704934E-01  6.2805613E-01  6.2677442E-01  7.0150606E-01  6.9664599E-01  4.9704934E-01  4.0996184E-01  1.2652102E-01  1.1706509E+01
 1.9336505E-01  4.7181876E-01  5.5817573E-01  6.8809863E-01  6.8675267E-01  7.6473552E-01  7.5953373E-01  5.5817573E-01  4.7181876E-01  1.9336505E-01  1.2982839E+01
 2.6234997E-01  5.3586251E-01  6.2150085E-01  7.5035651E-01  7.4894630E-01  8.3021741E-01  8.2466644E-01  6.2150085E-01  5.3586251E-01  2.6234997E-01  1.4256742E+01
 3.3326116E-01  6.0188130E-01  6.8680577E-01  8.1460942E-01  8.1313544E-01  8.9773517E-01  8.9182758E-01  6.8680577E-01  6.0188130E-01  3.3326116E-01  1.5519222E+01
 4.0586422E-01  6.6963717E-01  7.5385729E-01  8.8062131E-01  8.7908261E-01  9.6705086E-01  9.6077919E-01  7.5385729E-01  6.6963717E-01  4.0586422E-01  1.6761691E+01
 4.7991168E-01  7.3888028E-01  8.2240081E-01  9.4813708E-01  9.4653366E-01  1.0379070E+00  1.0312647E+00  8.2240081E-01  7.3888028E-01  4.7991168E-01  1.7975986E+01
 5.5514178E-01  8.0934649E-01  8.9217456E-01  1.0168916E+00  1.0152231E+00  1.1100376E+00  1.1030173E+00  8.9217456E-01  8.0934649E-01  5.5514178E-01  1.9154444E+01
 6.3127375E-01  8.8075500E-01  9.6289538E-01  1.0866028E+00  1.0848690E+00  1.1831599E+00  1.1757555E+00  9.6289538E-01  8.8075500E-01  6.3127375E-01  2.0290046E+01
 7.0802678E-01  9.5282504E-01  1.0342825E+00  1.1569850E+00  1.1551861E+00  1.2569855E+00  1.2491895E+00  1.0342825E+00  9.5282504E-01  7.0802678E-01  2.1376367E+01
 7.8510343E-01  1.0252639E+00  1.1060360E+00  1.2277456E+00  1.2258814E+00  1.3312151E+00  1.3230215E+00  1.1060360E+00  1.0252639E+00  7.8510343E-01  2.2407721E+01
 8.6221339E-01  1.0977718E+00  1.1778681E+00  1.2985832E+00  1.2966544E+00  1.4055526E+00  1.3969550E+00  1.1778681E+00  1.0977718E+00  8.6221339E-01  2.3379156E+01
 9.3905923E-01  1.1700536E+00  1.2494741E+00  1.3692010E+00  1.3672070E+00  1.4796955E+00  1.4706881E+00  1.2494741E+00  1.1700536E+00  9.3905923E-01  2.4286367E+01
 1.0153435E+00  1.2418191E+00  1.3205638E+00  1.4393057E+00  1.4372470E+00  1.5533438E+00  1.5439212E+00  1.3205638E+00  1.2418191E+00  1.0153435E+00  2.5126118E+01
 1.0907806E+00  1.3127755E+00  1.3908444E+00  1.5086024E+00  1.5064794E+00  1.6262035E+00  1.6163604E+00  1.3908444E+00  1.3127755E+00  1.0907806E+00  2.5895195E+01
 0.0000000E+00  0.0000000E+00  8.9541251E-02  2.2429594E-01  2.2341001E-01  2.7906091E-01  2.7628642E-01  8.9541251E-02  0.0000000E+00  0.0000000E+00  1.5069316E+00
 0.0000000E+00  3.2749724E-02  1.2150936E-01  2.5508416E-01  2.5412625E-01  3.1317474E-01  3.1006309E-01  1.2150936E-01  3.2749724E-02  0.0000000E+00  2.4258140E+00
 0.0000000E+00  6.7602213E-02  1.5562155E-01  2.8808271E-01  2.8705499E-01  3.4943043E-01  3.4598514E-01  1.5562155E-01  6.7602213E-02  0.0000000E+00  3.3862467E+00
 0.0000000E+00  1.0444913E-01  1.9176245E-01  3.2316385E-01  3.2206811E-01  3.8771967E-01  3.8394147E-01  1.9176245E-01  1.0444913E-01  0.0000000E+00  4.3801565E+00
 0.0000000E+00  1.4319408E-01  2.2982922E-01  3.6021537E-01  3.5905257E-01  4.2794734E-01  4.2383682E-01  2.2982922E-01  1.4319408E-01  0.0000000E+00  5.4000182E+00
 0.0000000E+00  1.8374739E-01  2.6972762E-01  3.9913740E-01  3.9790933E-01  4.7001733E-01  4.6557450E-01  2.6972762E-01  1.8374739E-01  0.0000000E+00  6.4390682E+00
 0.0000000E+00  2.2601878E-01  3.1136307E-01  4.3982831E-01  4.3853498E-01  5.1384151E-01  5.0906517E-01  3.1136307E-01  2.2601878E-01  0.0000000E+00  7.4909105E+00
 0.0000000E+00  2.6991552E-01  3.5464254E-01  4.8218652E-01  4.8082912E-01  5.5932560E-01  5.5421335E-01  3.5464254E-01  2.6991552E-01  0.0000000E+00  8.5496080E+00
 5.5467926E-02  3.2045843E-01  4.0452012E-01  5.3107850E-01  5.2965105E-01  6.1165895E-01  6.0617367E-01  4.0452012E-01  3.2045843E-01  5.5467926E-02  9.6188637E+00
 1.1269922E-01  3.7282102E-01  4.5622168E-01  5.8180793E-01  5.8031102E-01  6.6586270E-01  6.5999721E-01  4.5622168E-01  3.7282102E-01  1.1269922E-01  1.0688548E+01
 1.7152680E-01  4.2682701E-01  5.0957888E-01  6.3420095E-01  6.3263399E-01  7.2176366E-01  7.1551136E-01  5.0957888E-01  4.2682701E-01  1.7152680E-01  1.1751071E+01
 2.3176153E-01  4.8229280E-01  5.6439281E-01  6.8806601E-01  6.8642899E-01  7.7916960E-01  7.7252272E-01  5.6439281E-01  4.8229280E-01  2.3176153E-01  1.2798812E+01
 2.9319959E-01  5.3900414E-01  6.2046454E-01  7.4319193E-01  7.4148485E-01  8.3787184E-01  8.3082378E-01  6.2046454E-01  5.3900414E-01  2.9319959E-01  1.3824641E+01
 3.5562491E-01  5.9674683E-01  6.7756761E-01  7.9935836E-01  7.9758123E-01  8.9764390E-01  8.9018809E-01  6.7756761E-01  5.9674683E-01  3.5562491E-01  1.4821765E+01
 4.1881196E-01  6.5529744E-01  7.3547861E-01  8.5633579E-01  8.5448861E-01  9.5826115E-01  9.5039040E-01  7.3547861E-01  6.5529744E-01  4.1881196E-01  1.5783969E+01
 4.8252538E-01  7.1441422E-01  7.9396190E-01  9.1388980E-01  9.1197316E-01  1.0194782E+00  1.0111865E+00  7.9396190E-01  7.1441422E-01  4.8252538E-01  1.6705563E+01
 5.4652036E-01  7.7385846E-01  8.5276959E-01  9.7177126E-01  9.6978516E-01  1.0810519E+00  1.0723327E+00  8.5276959E-01  7.7385846E-01  5.4652036E-01  1.7581497E+01
 6.1055819E-01  8.3338227E-01  9.1165990E-01  1.0297384E+00  1.0276829E+00  1.1427297E+00  1.1335770E+00  9.1165990E-01  8.3338227E-01  6.1055819E-01  1.8407301E+01
 6.7439097E-01  8.9274694E-01  9.7038802E-01  1.0875385E+00  1.0854141E+00  1.2042648E+00  1.1946732E+00  9.7038802E-01  8.9274694E-01  6.7439097E-01  1.9179183E+01
 7.3777388E-01  9.5169846E-01  1.0287061E+00  1.1449285E+00  1.1427352E+00  1.2654063E+00  1.2553704E+00  1.0287061E+00  9.5169846E-01  7.3777388E-01  1.9893989E+01
 8.0046515E-01  1.0100042E+00  1.0863692E+00  1.2016660E+00  1.1994051E+00  1.3259093E+00  1.3154237E+00  1.0863692E+00  1.0100042E+00  8.0046515E-01  2.0549271E+01
 8.6222607E-01  1.0674225E+00  1.1431478E+00  1.2575129E+00  1.2551844E+00  1.3855284E+00  1.3745890E+00  1.1431478E+00  1.0674225E+00  8.6222607E-01  2.1143193E+01
 9.2283324E-01  1.1237269E+00  1.1988095E+00  1.3122380E+00  1.3098423E+00  1.4440342E+00  1.4326367E+00  1.1988095E+00  1.1237269E+00  9.2283324E-01  2.1674500E+01
 0.0000000E+00  0.0000000E+00  8.5717191E-02  2.1482722E-01  2.1375795E-01  2.7835066E-01  2.7484336E-01  8.5717191E-02  0.0000000E+00  0.0000000E+00  1.6741459E+00
 0.0000000E+00  3.1085504E-02  1.1612598E-01  2.4421777E-01  2.4306761E-01  3.1147720E-01  3.0757909E-01  1.1612598E-01  3.1085504E-02  0.0000000E+00  2.5311606E+00
 0.0000000E+00  6.3729567E-02  1.4812595E-01  2.7525241E-01  2.7402398E-01  3.4616008E-01  3.4187638E-01  1.4812595E-01  6.3729567E-02  0.0000000E+00  3.4115851E+00
 0.0000000E+00  9.7837087E-02  1.8161571E-01  3.0782010E-01  3.0651571E-01  3.8231140E-01  3.7764511E-01  1.8161571E-01  9.7837087E-02  0.0000000E+00  4.3086720E+00
 0.0000000E+00  1.3331886E-01  2.1650172E-01  3.4181834E-01  3.4043974E-01  4.1984463E-01  4.1479774E-01  2.1650172E-01  1.3331886E-01  0.0000000E+00  5.2162593E+00
 0.0000000E+00  1.7009039E-01  2.5269439E-01  3.7715232E-01  3.7570108E-01  4.5867861E-01  4.5325113E-01  2.5269439E-01  1.7009039E-01  0.0000000E+00  6.1287589E+00
 0.0000000E+00  2.0806640E-01  2.9010570E-01  4.1372815E-01  4.1220578E-01  4.9872690E-01  4.9291883E-01  2.9010570E-01  2.0806640E-01  0.0000000E+00  7.0409834E+00
 0.0000000E+00  2.4715730E-01  3.2864406E-01  4.5145030E-01  4.4985719E-01  5.3989989E-01  5.3370968E-01  3.2864406E-01  2.4715730E-01  0.0000000E+00  7.9481384E+00
 4.9402302E-02  2.9177586E-01  3.7266372E-01  4.9458844E-01  4.9291921E-01  5.8682879E-01  5.8021571E-01  3.7266372E-01  2.9177586E-01  4.9402302E-02  8.8484163E+00
 9.9940316E-02  3.3758790E-01  4.1787921E-01  5.3892910E-01  5.3718376E-01  6.3498294E-01  6.2794082E-01  4.1787921E-01  3.3758790E-01  9.9940316E-02  9.7374942E+00
 1.5145567E-01  3.8443111E-01  4.6412903E-01  5.8430723E-01  5.8248576E-01  6.8420120E-01  6.7672391E-01  4.6412903E-01  3.8443111E-01  1.5145567E-01  1.0609203E+01
 2.0377231E-01  4.3212474E-01  5.1123161E-01  6.3053970E-01  6.2864289E-01  7.3430359E-01  7.2638342E-01  5.1123161E-01  4.3212474E-01  2.0377231E-01  1.1457568E+01
 2.5670475E-01  4.8048879E-01  5.5899833E-01  6.7744024E-01  6.7546808E-01  7.8509284E-01  7.7672365E-01  5.5899833E-01  4.8048879E-01  2.5670475E-01  1.2277167E+01
 3.1006004E-01  5.2931655E-01  6.0723270E-01  7.2481001E-01  7.2276326E-01  8.3637404E-01  8.2755044E-01  6.0723270E-01  5.2931655E-01  3.1006004E-01  1.3062930E+01
 3.6364090E-01  5.7841940E-01  6.5573822E-01  7.7244858E-01  7.7032802E-01  8.8794519E-01  8.7866103E-01  6.5573822E-01  5.7841940E-01  3.6364090E-01  1.3810339E+01
 4.1724652E-01  6.2759299E-01  7.0431447E-01  8.2015003E-01  8.1795566E-01  9.3959566E-01  9.2984557E-01  7.0431447E-01  6.2759299E-01  4.1724652E-01  1.4515542E+01
 4.7066822E-01  6.7662903E-01  7.5274533E-01  8.6771001E-01  8.6544183E-01  9.9111952E-01  9.8089734E-01  7.5274533E-01  6.7662903E-01  4.7066822E-01  1.5175041E+01
 5.2370873E-01  7.2532712E-01  8.0083822E-01  9.1492339E-01  9.1258294E-01  1.0423077E+00  1.0316089E+00  8.0083822E-01  7.2532712E-01  5.2370873E-01  1.5786085E+01
 5.7616763E-01  7.7348682E-01  8.4838880E-01  9.6158819E-01  9.5917623E-01  1.0929536E+00  1.0817742E+00  8.4838880E-01  7.7348682E-01  5.7616763E-01  1.6346475E+01
 6.2784450E-01  8.2091164E-01  8.9519665E-01  1.0075063E+00  1.0050229E+00  1.1428551E+00  1.1311905E+00  8.9519665E-01  8.2091164E-01  6.2784450E-01  1.6854519E+01
 6.7855071E-01  8.6740903E-01  9.4107707E-01  1.0524868E+00  1.0499326E+00  1.1918189E+00  1.1796661E+00  9.4107707E-01  8.6740903E-01  6.7855071E-01  1.7309079E+01
 7.2810548E-01  9.1280215E-01  9.8584535E-01  1.0963465E+00  1.0937231E+00  1.2396548E+00  1.2270099E+00  9.8584535E-01  9.1280215E-01  7.2810548E-01  1.7709604E+01
 7.7633592E-01  9.5691809E-01  1.0293246E+00  1.1389110E+00  1.1362192E+00  1.2861892E+00  1.2730499E+00  1.0293246E+00  9.5691809E-01  7.7633592E-01  1.8055977E+01
 0.0000000E+00  0.0000000E+00  8.2598260E-02  2.0714105E-01  2.0585076E-01  2.8076285E-01  2.7637337E-01  8.2598260E-02  0.0000000E+00  0.0000000E+00  1.8457953E+00
 0.0000000E+00  2.9340340E-02  1.1134565E-01  2.3500061E-01  2.3362045E-01  3.1279418E-01  3.0795467E-01  1.1134565E-01  2.9340340E-02  0.0000000E+00  2.6354898E+00
 0.0000000E+00  5.9743585E-02  1.4118043E-01  2.6398718E-01  2.6252051E-01  3.4584378E-01  3.4056152E-01  1.4118043E-01  5.9743585E-02  0.0000000E+00  3.4330413E+00
 0.0000000E+00  9.1133130E-02  1.7201998E-01  2.9401080E-01  2.9246057E-01  3.7984755E-01  3.7412757E-01  1.7201998E-01  9.1133130E-02  0.0000000E+00  4.2331867E+00
 0.0000000E+00  1.2343378E-01  2.0378576E-01  3.2498504E-01  3.2335331E-01  4.1473687E-01  4.0858243E-01  2.0378576E-01  1.2343378E-01  0.0000000E+00  5.0311058E+00
 0.0000000E+00  1.5657049E-01  2.3639917E-01  3.5682699E-01  3.5511593E-01  4.5044314E-01  4.4385620E-01  2.3639917E-01  1.5657049E-01  0.0000000E+00  5.8225077E+00
 0.0000000E+00  1.9046771E-01  2.6978217E-01  3.8945405E-01  3.8766534E-01  4.8689431E-01  4.7987587E-01  2.6978217E-01  1.9046771E-01  0.0000000E+00  6.6034690E+00
 0.0000000E+00  2.2504738E-01  3.0385366E-01  4.2278120E-01  4.2091632E-01  5.2401524E-01  5.1656499E-01  3.0385366E-01  2.2504738E-01  0.0000000E+00  7.3704287E+00
 4.3744457E-02  2.6416898E-01  3.4242123E-01  4.6053749E-01  4.5859033E-01  5.6591896E-01  5.5799336E-01  3.4242123E-01  2.6416898E-01  4.3744457E-02  8.1168395E+00
 8.8106188E-02  3.0396597E-01  3.8166169E-01  4.9896586E-01  4.9693701E-01  6.0850939E-01  6.0010192E-01  3.8166169E-01  3.0396597E-01  8.8106188E-02  8.8437086E+00
 1.3294120E-01  3.4429079E-01  4.2142746E-01  5.3791914E-01  5.3580939E-01  6.5163664E-01  6.4274140E-01  4.2142746E-01  3.4429079E-01  1.3294120E-01  9.5464025E+00
 1.7809200E-01  3.8498377E-01  4.6155786E-01  5.7722921E-01  5.7503866E-01  6.9513856E-01  6.8575160E-01  4.6155786E-01  3.8498377E-01  1.7809200E-01  1.0220489E+01
 2.2339642E-01  4.2588174E-01  5.0188872E-01  6.1673472E-01  6.1446533E-01  7.3884792E-01  7.2896234E-01  5.0188872E-01  4.2588174E-01  2.2339642E-01  1.0861989E+01
 2.6868975E-01  4.6681749E-01  5.4225081E-01  6.5627045E-01  6.5392223E-01  7.8259247E-01  7.7220335E-01  5.4225081E-01  4.6681749E-01  2.6868975E-01  1.1467428E+01
 3.1380379E-01  5.0762481E-01  5.8247742E-01  6.9566214E-01  6.9323608E-01  8.2619797E-01  8.1530137E-01  5.8247742E-01  5.0762481E-01  3.1380379E-01  1.2033834E+01
 3.5857131E-01  5.4812842E-01  6.2240183E-01  7.3473856E-01  7.3223563E-01  8.6949619E-01  8.5808718E-01  6.2240183E-01  5.4812842E-01  3.5857131E-01  1.2558739E+01
 4.0282712E-01  5.8817371E-01  6.6185282E-01  7.7333350E-01  7.7075470E-01  9.1230986E-01  9.0038549E-01  6.6185282E-01  5.8817371E-01  4.0282712E-01  1.3040179E+01
 4.4640855E-01  6.2758944E-01  7.0067424E-01  8.1128579E-01  8.0863210E-01  9.5447377E-01  9.4202910E-01  7.0067424E-01  6.2758944E-01  4.4640855E-01  1.3476643E+01
 4.8915743E-01  6.6622451E-01  7.3869988E-01  8.4843427E-01  8.4570667E-01  9.9582779E-01  9.8286086E-01  7.3869988E-01  6.6622451E-01  4.8915743E-01  1.3867124E+01
 5.3092370E-01  7.0392278E-01  7.7577867E-01  8.8462685E-01  8.8182830E-01  1.0362087E+00  1.0227166E+00  7.7577867E-01  7.0392278E-01  5.3092370E-01  1.4211168E+01
 5.7155826E-01  7.4053821E-01  8.1177461E-01  9.1971945E-01  9.1684896E-01  1.0754695E+00  1.0614512E+00  8.1177461E-01  7.4053821E-01  5.7155826E-01  1.4508624E+01
 6.1093370E-01  7.7594488E-01  8.4654667E-01  9.5357410E-01  9.5063464E-01  1.1134712E+00  1.0989266E+00  8.4654667E-01  7.7594488E-01  6.1093370E-01  1.4759795E+01
 6.4892409E-01  8.1001183E-01  8.7996895E-01  9.8606588E-01  9.8305843E-01  1.1500817E+00  1.1350080E+00  8.7996895E-01  8.1001183E-01  6.4892409E-01  1.4965335E+01
 0.0000000E+00  0.0000000E+00  8.0121818E-02  2.0108120E-01  1.9952724E-01  2.8631663E-01  2.8087060E-01  8.0121818E-02  0.0000000E+00  0.0000000E+00  2.0162045E+00
 0.0000000E+00  2.7540325E-02  1.0712509E-01  2.2728604E-01  2.2563344E-01  3.1716394E-01  3.1120148E-01  1.0712509E-01  2.7540325E-02  0.0000000E+00  2.7346884E+00
 0.0000000E+00  5.5694139E-02  1.3475879E-01  2.5415008E-01  2.5240310E-01  3.4853373E-01  3.4206530E-01  1.3475879E-01  5.5694139E-02  0.0000000E+00  3.4477824E+00
 0.0000000E+00  8.4409217E-02  1.6296624E-01  2.8160903E-01  2.7977109E-01  3.8039172E-01  3.7342487E-01  1.6296624E-01  8.4409217E-02  0.0000000E+00  4.1518740E+00
 0.0000000E+00  1.1362767E-01  1.9168628E-01  3.0959772E-01  3.0767184E-01  4.1269358E-01  4.0523373E-01  1.9168628E-01  1.1362767E-01  0.0000000E+00  4.8436019E+00
 0.0000000E+00  1.4329173E-01  2.2085837E-01  3.3804944E-01  3.3603814E-01  4.4538881E-01  4.3743999E-01  2.2085837E-01  1.4329173E-01  0.0000000E+00  5.5200167E+00
 0.0000000E+00  1.7334023E-01  2.5041875E-01  3.6689799E-01  3.6480353E-01  4.7842278E-01  4.6998752E-01  2.5041875E-01  1.7334023E-01  0.0000000E+00  6.1784525E+00
 0.0000000E+00  2.0370748E-01  2.8030111E-01  3.9607303E-01  3.9389732E-01  5.1173483E-01  5.0281526E-01  2.8030111E-01  2.0370748E-01  0.0000000E+00  6.8165010E+00
 3.8515500E-02  2.3774459E-01  3.1380310E-01  4.2879732E-01  4.2653430E-01  5.4896618E-01  5.3951418E-01  3.1380310E-01  2.3774459E-01  3.8515500E-02  7.4236142E+00
 7.7224056E-02  2.7203799E-01  3.4755494E-01  4.6176375E-01  4.5941467E-01  5.8643883E-01  5.7645025E-01  3.4755494E-01  2.7203799E-01  7.7224056E-02  8.0059355E+00
 1.1600061E-01  3.0645953E-01  3.8142848E-01  4.9484262E-01  4.9240863E-01  6.2402271E-01  6.1349338E-01  3.8142848E-01  3.0645953E-01  1.1600061E-01  8.5600519E+00
 1.5471213E-01  3.4087399E-01  4.1528657E-01  5.2789549E-01  5.2537771E-01  6.6157835E-01  6.5050424E-01  4.1528657E-01  3.4087399E-01  1.5471213E-01  9.0829368E+00
 1.9322274E-01  3.7514292E-01  4.4899140E-01  5.6078378E-01  5.5818361E-01  6.9896548E-01  6.8734294E-01  4.4899140E-01  3.7514292E-01  1.9322274E-01  9.5720790E+00
 2.3139592E-01  4.0912851E-01  4.8240388E-01  5.9336750E-01  5.9068619E-01  7.3604038E-01  7.2386474E-01  4.8240388E-01  4.0912851E-01  2.3139592E-01  1.0025225E+01
 2.6909644E-01  4.4269553E-01  5.1538813E-01  6.2550910E-01  6.2274803E-01  7.7265549E-01  7.5992549E-01  5.1538813E-01  4.4269553E-01  2.6909644E-01  1.0440763E+01
 3.0619165E-01  4.7571005E-01  5.4780958E-01  6.5707386E-01  6.5423405E-01  8.0868327E-01  7.9539514E-01  5.4780958E-01  4.7571005E-01  3.0619165E-01  1.0817344E+01
 3.4255147E-01  5.0804199E-01  5.7953813E-01  6.8793096E-01  6.8501556E-01  8.4398081E-01  8.3013329E-01  5.7953813E-01  5.0804199E-01  3.4255147E-01  1.1154128E+01
 3.7805227E-01  5.3956706E-01  6.1044823E-01  7.1795093E-01  7.1495994E-01  8.7841930E-01  8.6401113E-01  6.1044823E-01  5.3956706E-01  3.7805227E-01  1.1450601E+01
 4.1257427E-01  5.7016613E-01  6.4042203E-01  7.4702304E-01  7.4395897E-01  9.1187256E-01  8.9690373E-01  6.4042203E-01  5.7016613E-01  4.1257427E-01  1.1706828E+01
 4.4600735E-01  5.9972845E-01  6.6935071E-01  7.7502619E-01  7.7188905E-01  9.4422467E-01  9.2869518E-01  6.6935071E-01  5.9972845E-01  4.4600735E-01  1.1923001E+01
 4.7824785E-01  6.2815098E-01  6.9712414E-01  8.0186513E-01  7.9865870E-01  9.7536615E-01  9.5927602E-01  6.9712414E-01  6.2815098E-01  4.7824785E-01  1.2099700E+01
 5.0919980E-01  6.5533842E-01  7.2364832E-01  8.2743165E-01  8.2415718E-01  1.0052030E+00  9.8855349E-01  7.2364832E-01  6.5533842E-01  5.0919980E-01  1.2237955E+01
 5.3877886E-01  6.8120577E-01  7.4884597E-01  8.5165749E-01  8.4831751E-01  1.0336348E+00  1.0164284E+00  7.4884597E-01  6.8120577E-01  5.3877886E-01  1.2338926E+01
 0.0000000E+00  0.0000000E+00  7.8207438E-02  1.9645111E-01  1.9458690E-01  2.9499464E-01  2.8828891E-01  7.8207438E-02  0.0000000E+00  0.0000000E+00  2.1777496E+00
 0.0000000E+00  2.5639497E-02  1.0333745E-01  2.2082987E-01  2.1885950E-01  3.2449953E-01  3.1720570E-01  1.0333745E-01  2.5639497E-02  0.0000000E+00  2.8202043E+00
 0.0000000E+00  5.1500617E-02  1.2870024E-01  2.4545887E-01  2.4338749E-01  3.5408814E-01  3.4622018E-01  1.2870024E-01  5.1500617E-02  0.0000000E+00  3.4470057E+00
 0.0000000E+00  7.7557259E-02  1.5426414E-01  2.7030330E-01  2.6813508E-01  3.8375682E-01  3.7532532E-01  1.5426414E-01  7.7557259E-02  0.0000000E+00  4.0560526E+00
 0.0000000E+00  1.0377413E-01  1.7999303E-01  2.9531965E-01  2.9305796E-01  4.1348830E-01  4.0450145E-01  1.7999303E-01  1.0377413E-01  0.0000000E+00  4.6453832E+00
 0.0000000E+00  1.3011043E-01  2.0584339E-01  3.2046278E-01  3.1811099E-01  4.4325383E-01  4.3371823E-01  2.0584339E-01  1.3011043E-01  0.0000000E+00  5.2132656E+00
 0.0000000E+00  1.5652306E-01  2.3177010E-01  3.4568293E-01  3.4324378E-01  4.7301811E-01  4.6293872E-01  2.3177010E-01  1.5652306E-01  0.0000000E+00  5.7581893E+00
 0.0000000E+00  1.8296278E-01  2.5772143E-01  3.7092773E-01  3.6840362E-01  5.0273811E-01  4.9211895E-01  2.5772143E-01  1.8296278E-01  0.0000000E+00  6.2787837E+00
 3.3659571E-02  2.1232220E-01  2.8653909E-01  3.9896000E-01  3.9634532E-01  5.3562561E-01  5.2441594E-01  2.8653909E-01  2.1232220E-01  3.3659571E-02  6.7613162E+00
 6.7181899E-02  2.4160937E-01  3.1527385E-01  4.2689626E-01  4.2419261E-01  5.6839620E-01  5.5659345E-01  3.1527385E-01  2.4160937E-01  6.7181899E-02  7.2162525E+00
 1.0046455E-01  2.7072008E-01  3.4382146E-01  4.5462896E-01  4.5183795E-01  6.0094334E-01  5.8854541E-01  3.4382146E-01  2.7072008E-01  1.0046455E-01  7.6414583E+00
 1.3339867E-01  2.9954266E-01  3.7206947E-01  4.8204715E-01  4.7917070E-01  6.3315195E-01  6.2015708E-01  3.7206947E-01  2.9954266E-01  1.3339867E-01  8.0351197E+00
 1.6587641E-01  3.2796797E-01  3.9990789E-01  5.0903770E-01  5.0607742E-01  6.6490711E-01  6.5131354E-01  3.9990789E-01  3.2796797E-01  1.6587641E-01  8.3957673E+00
 1.9779024E-01  3.5588683E-01  4.2722754E-01  5.3549244E-01  5.3245041E-01  6.9609523E-01  6.8190183E-01  4.2722754E-01  3.5588683E-01  1.9779024E-01  8.7223752E+00
 2.2903427E-01  3.8319417E-01  4.5392336E-01  5.6130351E-01  5.5818166E-01  7.2660550E-01  7.1181195E-01  4.5392336E-01  3.8319417E-01  2.2903427E-01  9.0141799E+00
 2.5951001E-01  4.0978903E-01  4.7989357E-01  5.8636961E-01  5.8316971E-01  7.5633140E-01  7.4093786E-01  4.7989357E-01  4.0978903E-01  2.5951001E-01  9.2708531E+00
 2.8911896E-01  4.3557455E-01  5.0504049E-01  6.1059357E-01  6.0731803E-01  7.8516965E-01  7.6917676E-01  5.0504049E-01  4.3557455E-01  2.8911896E-01  9.4923949E+00
 3.1777163E-01  4.6046044E-01  5.2927382E-01  6.3388328E-01  6.3053403E-01  8.1302474E-01  7.9643378E-01  5.2927382E-01  4.6046044E-01  3.1777163E-01  9.6790514E+00
 3.4538350E-01  4.8436134E-01  5.5250985E-01  6.5615437E-01  6.5273381E-01  8.3980603E-01  8.2261894E-01  5.5250985E-01  4.8436134E-01  3.4538350E-01  9.8313973E+00
 3.7187740E-01  5.0720091E-01  5.7466977E-01  6.7733017E-01  6.7384055E-01  8.6542410E-01  8.4764602E-01  5.7466977E-01  5.0720091E-01  3.7187740E-01  9.9504175E+00
 3.9718438E-01  5.2891020E-01  5.9568628E-01  6.9734075E-01  6.9378465E-01  8.8981423E-01  8.7144676E-01  5.9568628E-01  5.2891020E-01  3.9718438E-01  1.0036933E+01
 4.2124206E-01  5.4942764E-01  6.1549780E-01  7.1612470E-01  7.1250437E-01  9.1290915E-01  8.9395710E-01  6.1549780E-01  5.4942764E-01  4.2124206E-01  1.0092421E+01
 4.4399872E-01  5.6870152E-01  6.3405100E-01  7.3363050E-01  7.2994865E-01  9.3463498E-01  9.1510317E-01  6.3405100E-01  5.6870152E-01  4.4399872E-01  1.0118277E+01
 0.0000000E+00  0.0000000E+00  7.6756558E-02  1.9300173E-01  1.9078054E-01  3.0673724E-01  2.9853558E-01  7.6756558E-02  0.0000000E+00  0.0000000E+00  2.3212604E+00
 0.0000000E+00  2.3672446E-02  9.9914222E-02  2.1540567E-01  2.1307231E-01  3.3476927E-01  3.2590147E-01  9.9914222E-02  2.3672446E-02  0.0000000E+00  2.8853204E+00
 0.0000000E+00  4.7230531E-02  1.2296274E-01  2.3771065E-01  2.3527123E-01  3.6249690E-01  3.5298171E-01  1.2296274E-01  4.7230531E-02  0.0000000E+00  3.4259870E+00
 0.0000000E+00  7.0676965E-02  1.4590273E-01  2.5991311E-01  2.5737251E-01  3.8995302E-01  3.7980492E-01  1.4590273E-01  7.0676965E-02  0.0000000E+00  3.9426346E+00
 0.0000000E+00  9.3999655E-02  1.6871971E-01  2.8199364E-01  2.7935595E-01  4.1714656E-01  4.0637780E-01  1.6871971E-01  9.3999655E-02  0.0000000E+00  4.4346274E+00
 0.0000000E+00  1.1717900E-01  1.9139074E-01  3.0392784E-01  3.0119695E-01  4.4407375E-01  4.3269370E-01  1.9139074E-01  1.1717900E-01  0.0000000E+00  4.9013710E+00
 0.0000000E+00  1.4018989E-01  2.1388976E-01  3.2568674E-01  3.2286610E-01  4.7071997E-01  4.5873700E-01  2.1388976E-01  1.4018989E-01  0.0000000E+00  5.3423755E+00
 0.0000000E+00  1.6299957E-01  2.3618341E-01  3.4723467E-01  3.4432714E-01  4.9706250E-01  4.8448354E-01  2.3618341E-01  1.6299957E-01  0.0000000E+00  5.7572031E+00
 2.9203689E-02  1.8808083E-01  2.6068922E-01  3.7090671E-01  3.6790699E-01  5.2590995E-01  5.1268218E-01  2.6068922E-01  1.8808083E-01  2.9203689E-02  6.1294972E+00
 5.8020094E-02  2.1284727E-01  2.8486561E-01  3.9422934E-01  3.9113988E-01  5.5436334E-01  5.4048676E-01  2.8486561E-01  2.1284727E-01  5.8020094E-02  6.4736127E+00
 8.6370088E-02  2.3721651E-01  3.0863125E-01  4.1712083E-01  4.1394386E-01  5.8233887E-01  5.6781429E-01  3.0863125E-01  2.3721651E-01  8.6370088E-02  6.7884238E+00
 1.1417038E-01  2.6110309E-01  3.3189858E-01  4.3949359E-01  4.3623137E-01  6.0974583E-01  5.9457406E-01  3.3189858E-01  2.6110309E-01  1.1417038E-01  7.0730757E+00
 1.4133975E-01  2.8442255E-01  3.5458421E-01  4.6126257E-01  4.5791754E-01  6.3649687E-01  6.2067935E-01  3.5458421E-01  2.8442255E-01  1.4133975E-01  7.3270367E+00
 1.6779815E-01  3.0709566E-01  3.7660889E-01  4.8234750E-01  4.7892210E-01  6.6250506E-01  6.4604403E-01  3.7660889E-01  3.0709566E-01  1.6779815E-01  7.5500670E+00
 1.9347051E-01  3.2904425E-01  3.9789341E-01  5.0266998E-01  4.9916708E-01  6.8768845E-01  6.7058636E-01  3.9789341E-01  3.2904425E-01  1.9347051E-01  7.7422292E+00
 2.1828385E-01  3.5019637E-01  4.1836583E-01  5.2215745E-01  5.1857908E-01  7.1196826E-01  6.9422878E-01  4.1836583E-01  3.5019637E-01  2.1828385E-01  7.9038256E+00
 2.4217251E-01  3.7048427E-01  4.3795943E-01  5.4074216E-01  5.3709138E-01  7.3527192E-01  7.1689892E-01  4.3795943E-01  3.7048427E-01  2.4217251E-01  8.0354295E+00
 2.6507393E-01  3.8984747E-01  4.5661166E-01  5.5836322E-01  5.5464289E-01  7.5753149E-01  7.3853027E-01  4.5661166E-01  3.8984747E-01  2.6507393E-01  8.1378333E+00
 2.8693391E-01  4.0822866E-01  4.7426832E-01  5.7496454E-01  5.7117711E-01  7.7868587E-01  7.5906194E-01  4.7426832E-01  4.0822866E-01  2.8693391E-01  8.2120065E+00
 3.0770448E-01  4.2558195E-01  4.9088039E-01  5.9049819E-01  5.8664712E-01  7.9868024E-01  7.7844034E-01  4.9088039E-01  4.2558195E-01  3.0770448E-01  8.2591166E+00
 3.2734290E-01  4.4186356E-01  5.0640724E-01  6.0492286E-01  6.0101080E-01  8.1746623E-01  7.9661791E-01  5.0640724E-01  4.4186356E-01  3.2734290E-01  8.2804564E+00
 3.4581583E-01  4.5703908E-01  5.2081341E-01  6.1820500E-01  6.1423502E-01  8.3500488E-01  8.1355649E-01  5.2081341E-01  4.5703908E-01  3.4581583E-01  8.2774540E+00
 3.6309510E-01  4.7108247E-01  5.3407284E-01  6.3031750E-01  6.2629265E-01  8.5126283E-01  8.2922375E-01  5.3407284E-01  4.7108247E-01  3.6309510E-01  8.2516107E+00
 0.0000000E+00  0.0000000E+00  7.5650045E-02  1.9043492E-01  1.8781465E-01  3.2141710E-01  3.1144686E-01  7.5650045E-02  0.0000000E+00  0.0000000E+00  2.4364575E+00
 0.0000000E+00  2.1612001E-02  9.6708474E-02  2.1068569E-01  2.0794963E-01  3.4778285E-01  3.3706554E-01  9.6708474E-02  2.1612001E-02  0.0000000E+00  2.9199768E+00
 0.0000000E+00  4.2841511E-02  1.1738678E-01  2.3056196E-01  2.2771707E-01  3.7352490E-01  3.6208477E-01  1.1738678E-01  4.2841511E-02  0.0000000E+00  3.3753694E+00
 0.0000000E+00  6.3717920E-02  1.3771173E-01  2.5008558E-01  2.4713729E-01  3.9870807E-01  3.8656498E-01  1.3771173E-01  6.3717920E-02  0.0000000E+00  3.8032283E+00
 0.0000000E+00  8.4251773E-02  1.5769174E-01  2.6926261E-01  2.6621607E-01  4.2336869E-01  4.1053835E-01  1.5769174E-01  8.4251773E-02  0.0000000E+00  4.2039358E+00
 0.0000000E+00  1.0444333E-01  1.7732644E-01  2.8808831E-01  2.8494764E-01  4.4752518E-01  4.3402205E-01  1.7732644E-01  1.0444333E-01  0.0000000E+00  4.5778345E+00
 0.0000000E+00  1.2428456E-01  1.9660394E-01  3.0655027E-01  3.0331935E-01  4.7118306E-01  4.5701848E-01  1.9660394E-01  1.2428456E-01  0.0000000E+00  4.9252277E+00
 0.0000000E+00  1.4376017E-01  2.1551108E-01  3.2463215E-01  3.2131458E-01  4.9433863E-01  4.7952343E-01  2.1551108E-01  1.4376017E-01  0.0000000E+00  5.2464184E+00
 2.5108603E-02  1.6497122E-01  2.3608290E-01  3.4428085E-01  3.4087200E-01  5.1943637E-01  5.0391639E-01  2.3608290E-01  1.6497122E-01  2.5108603E-02  5.5231652E+00
 4.9658362E-02  1.8569725E-01  2.5615649E-01  3.6340554E-01  3.5990823E-01  5.4393313E-01  5.2771225E-01  2.5615649E-01  1.8569725E-01  4.9658362E-02  5.7728264E+00
 7.3592469E-02  2.0587892E-01  2.7566861E-01  3.8194611E-01  3.7836345E-01  5.6776750E-01  5.5084984E-01  2.7566861E-01  2.0587892E-01  7.3592469E-02  5.9950990E+00
 9.6851349E-02  2.2545694E-01  2.9455862E-01  3.9983956E-01  3.9617412E-01  5.9087463E-01  5.7326483E-01  2.9455862E-01  2.2545694E-01  9.6851349E-02  6.1898511E+00
 1.1937767E-01  2.4436935E-01  3.1276852E-01  4.1702684E-01  4.1328197E-01  6.1318942E-01  5.9489316E-01  3.1276852E-01  2.4436935E-01  1.1937767E-01  6.3572541E+00
 1.4111752E-01  2.6256212E-01  3.3024033E-01  4.3345207E-01  4.2963088E-01  6.3465203E-01  6.1567472E-01  3.3024033E-01  2.6256212E-01  1.4111752E-01  6.4976638E+00
 1.6201752E-01  2.7998252E-01  3.4692395E-01  4.4906200E-01  4.4516731E-01  6.5520370E-01  6.3555230E-01  3.4692395E-01  2.7998252E-01  1.6201752E-01  6.6116471E+00
 1.8203444E-01  2.9658311E-01  3.6277062E-01  4.6381077E-01  4.5984620E-01  6.7479145E-01  6.5447344E-01  3.6277062E-01  2.9658311E-01  1.8203444E-01  6.6999551E+00
 2.0112215E-01  3.1232171E-01  3.7773817E-01  4.7765515E-01  4.7362378E-01  6.9336677E-01  6.7239041E-01  3.7773817E-01  3.1232171E-01  2.0112215E-01  6.7635105E+00
 2.1924638E-01  3.2715877E-01  3.9178969E-01  4.9055743E-01  4.8646262E-01  7.1088699E-01  6.8926155E-01  3.9178969E-01  3.2715877E-01  2.1924638E-01  6.8034072E+00
 2.3637550E-01  3.4106530E-01  4.0489354E-01  5.0248862E-01  4.9833373E-01  7.2731414E-01  7.0504969E-01  4.0489354E-01  3.4106530E-01  2.3637550E-01  6.8208053E+00
 2.5248183E-01  3.5401231E-01  4.1702337E-01  5.1342158E-01  5.0921022E-01  7.4261608E-01  7.1972371E-01  4.1702337E-01  3.5401231E-01  2.5248183E-01  6.8170093E+00
 2.6754559E-01  3.6598134E-01  4.2815941E-01  5.2333785E-01  5.1907362E-01  7.5676804E-01  7.3325960E-01  4.2815941E-01  3.6598134E-01  2.6754559E-01  6.7933902E+00
 2.8155493E-01  3.7695790E-01  4.3828979E-01  5.3222347E-01  5.2791024E-01  7.6974842E-01  7.4563681E-01  4.3828979E-01  3.7695790E-01  2.8155493E-01  6.7513714E+00
 2.9449799E-01  3.8693143E-01  4.4740265E-01  5.4007209E-01  5.3571322E-01  7.8154615E-01  7.5684529E-01  4.4740265E-01  3.8693143E-01  2.9449799E-01  6.6923896E+00
 0.0000000E+00  0.0000000E+00  7.4749457E-02  1.8839908E-01  1.8534820E-01  3.3883424E-01  3.2678346E-01  7.4749457E-02  0.0000000E+00  0.0000000E+00  2.5134221E+00
 0.0000000E+00  1.9516260E-02  9.3638368E-02  2.0637326E-01  2.0320499E-01  3.6339256E-01  3.5051193E-01  9.3638368E-02  1.9516260E-02  0.0000000E+00  2.9176931E+00
 0.0000000E+00  3.8444122E-02  1.1194071E-01  2.2376577E-01  2.2048821E-01  3.8706581E-01  3.7338679E-01  1.1194071E-01  3.8444122E-02  0.0000000E+00  3.2914338E+00
 0.0000000E+00  5.6837950E-02  1.2970801E-01  2.4062165E-01  2.3724064E-01  4.0995072E-01  3.9549860E-01  1.2970801E-01  5.6837950E-02  0.0000000E+00  3.6362352E+00
 0.0000000E+00  7.4729236E-02  1.4696963E-01  2.5696842E-01  2.5348948E-01  4.3210924E-01  4.1690641E-01  1.4696963E-01  7.4729236E-02  0.0000000E+00  3.9533404E+00
 0.0000000E+00  9.2136544E-02  1.6374263E-01  2.7281966E-01  2.6924766E-01  4.5358079E-01  4.3764539E-01  1.6374263E-01  9.2136544E-02  0.0000000E+00  4.2438103E+00
 0.0000000E+00  1.0906800E-01  1.8003331E-01  2.8818035E-01  2.8452014E-01  4.7438988E-01  4.5773911E-01  1.8003331E-01  1.0906800E-01  0.0000000E+00  4.5085730E+00
 0.0000000E+00  1.2552425E-01  1.9584216E-01  3.0304849E-01  2.9930396E-01  4.9455173E-01  4.7720050E-01  1.9584216E-01  1.2552425E-01  0.0000000E+00  4.7484903E+00
 2.1406096E-02  1.4326786E-01  2.1286262E-01  3.1901515E-01  3.1518209E-01  5.1616524E-01  4.9805940E-01  2.1286262E-01  1.4326786E-01  2.1406096E-02  4.9440209E+00
 4.2144567E-02  1.6042406E-01  2.2927810E-01  3.3435267E-01  3.3043465E-01  5.3703432E-01  5.1818262E-01  2.2927810E-01  1.6042406E-01  4.2144567E-02  5.1148553E+00
 6.2179280E-02  1.7695374E-01  2.4504883E-01  3.4901697E-01  3.4501788E-01  5.5711918E-01  5.3753038E-01  2.4504883E-01  1.7695374E-01  6.2179280E-02  5.2612090E+00
 8.1472281E-02  1.9281564E-01  2.6013503E-01  3.6297093E-01  3.5889434E-01  5.7637244E-01  5.5605562E-01  2.6013503E-01  1.9281564E-01  8.1472281E-02  5.3835295E+00
 9.9987600E-02  2.0797311E-01  2.7449692E-01  3.7617575E-01  3.7202490E-01  5.9475298E-01  5.7371820E-01  2.7449692E-01  2.0797311E-01  9.9987600E-02  5.4824136E+00
 1.1769209E-01  2.2238969E-01  2.8810467E-01  3.8859697E-01  3.8437607E-01  6.1222072E-01  5.9047866E-01  2.8810467E-01  2.2238969E-01  1.1769209E-01  5.5585904E+00
 1.3455575E-01  2.3603556E-01  3.0092181E-01  4.0020442E-01  3.9591671E-01  6.2874019E-01  6.0630287E-01  3.0092181E-01  2.3603556E-01  1.3455575E-01  5.6129717E+00
 1.5055240E-01  2.4888419E-01  3.1292513E-01  4.1097025E-01  4.0661996E-01  6.4427825E-01  6.2115765E-01  3.1292513E-01  2.4888419E-01  1.5055240E-01  5.6465353E+00
 1.6565965E-01  2.6090907E-01  3.2408978E-01  4.2087325E-01  4.1646394E-01  6.5880706E-01  6.3501616E-01  3.2408978E-01  2.6090907E-01  1.6565965E-01  5.6603751E+00
 1.7985927E-01  2.7209526E-01  3.3440084E-01  4.2989652E-01  4.2543240E-01  6.7230177E-01  6.4785517E-01  3.3440084E-01  2.7209526E-01  1.7985927E-01  5.6557010E+00
 1.9314050E-01  2.8242787E-01  3.4384008E-01  4.3802679E-01  4.3351209E-01  6.8474317E-01  6.5965578E-01  3.4384008E-01  2.8242787E-01  1.9314050E-01  5.6337397E+00
 2.0549023E-01  2.9189528E-01  3.5240417E-01  4.4525678E-01  4.4069537E-01  6.9611999E-01  6.7040771E-01  3.5240417E-01  2.9189528E-01  2.0549023E-01  5.5957839E+00
 2.1690848E-01  3.0049584E-01  3.6008484E-01  4.5158283E-01  4.4697927E-01  7.0642066E-01  6.8010099E-01  3.6008484E-01  3.0049584E-01  2.1690848E-01  5.5431429E+00
 2.2739357E-01  3.0822955E-01  3.6688706E-01  4.5700694E-01  4.5236512E-01  7.1564185E-01  6.8873230E-01  3.6688706E-01  3.0822955E-01  2.2739357E-01  5.4771429E+00
 2.3695214E-01  3.1509806E-01  3.7281248E-01  4.6153707E-01  4.5686152E-01  7.2378291E-01  6.9630230E-01  3.7281248E-01  3.1509806E-01  2.3695214E-01  5.3990931E+00
 0.0000000E+00  0.0000000E+00  7.3904191E-02  1.8651006E-01  1.8301089E-01  3.5872000E-01  3.4423986E-01  7.3904191E-02  0.0000000E+00  0.0000000E+00  2.5440742E+00
 0.0000000E+00  1.7384835E-02  9.0555579E-02  2.0209096E-01  1.9847568E-01  3.8128502E-01  3.6589710E-01  9.0555579E-02  1.7384835E-02  0.0000000E+00  2.8716296E+00
 0.0000000E+00  3.4044922E-02  1.0648615E-01  2.1695746E-01  2.1323374E-01  4.0277836E-01  3.8652158E-01  1.0648615E-01  3.4044922E-02  0.0000000E+00  3.1687162E+00
 0.0000000E+00  5.0053379E-02  1.2176551E-01  2.3117340E-01  2.2734821E-01  4.2332009E-01  4.0622727E-01  1.2176551E-01  5.0053379E-02  0.0000000E+00  3.4375502E+00
 0.0000000E+00  6.5458880E-02  1.3643964E-01  2.4478202E-01  2.4086119E-01  4.4298929E-01  4.2508840E-01  1.3643964E-01  6.5458880E-02  0.0000000E+00  3.6798716E+00
 0.0000000E+00  8.0294359E-02  1.5054022E-01  2.5781115E-01  2.5379995E-01  4.6184641E-01  4.4316256E-01  1.5054022E-01  8.0294359E-02  0.0000000E+00  3.8972338E+00
 0.0000000E+00  9.4581151E-02  1.6408714E-01  2.7027860E-01  2.6618188E-01  4.7993075E-01  4.6048502E-01  1.6408714E-01  9.4581151E-02  0.0000000E+00  4.0909418E+00
 0.0000000E+00  1.0833230E-01  1.7709263E-01  2.8219679E-01  2.7801943E-01  4.9726841E-01  4.7708147E-01  1.7709263E-01  1.0833230E-01  0.0000000E+00  4.2621762E+00
 1.8068178E-02  1.2301741E-01  1.9094652E-01  2.9483618E-01  2.9057534E-01  5.1564984E-01  4.9467023E-01  1.9094652E-01  1.2301741E-01  1.8068178E-02  4.3907832E+00
 3.5418194E-02  1.3706558E-01  2.0414671E-01  3.0679623E-01  3.0245595E-01  5.3319504E-01  5.1143612E-01  2.0414671E-01  1.3706558E-01  3.5418194E-02  4.4978279E+00
 5.2031056E-02  1.5045488E-01  2.1667041E-01  3.1805332E-01  3.1363726E-01  5.4987956E-01  5.2735593E-01  2.1667041E-01  1.5045488E-01  5.2031056E-02  4.5839319E+00
 6.7886236E-02  1.6316272E-01  2.2849546E-01  3.2858509E-01  3.2409811E-01  5.6567649E-01  5.4240273E-01  2.2849546E-01  1.6316272E-01  6.7886236E-02  4.6498199E+00
 8.2965714E-02  1.7516860E-01  2.3960177E-01  3.3837207E-01  3.3381863E-01  5.8056346E-01  5.5655538E-01  2.3960177E-01  1.7516860E-01  8.2965714E-02  4.6963621E+00
 9.7253127E-02  1.8645470E-01  2.4997277E-01  3.4739893E-01  3.4278308E-01  5.9451563E-01  5.6978903E-01  2.4997277E-01  1.8645470E-01  9.7253127E-02  4.7245110E+00
 1.1073522E-01  1.9700611E-01  2.5959396E-01  3.5565077E-01  3.5097737E-01  6.0751560E-01  5.8208792E-01  2.5959396E-01  1.9700611E-01  1.1073522E-01  4.7353025E+00
 1.2340143E-01  2.0681143E-01  2.6845291E-01  3.6311762E-01  3.5839074E-01  6.1954765E-01  5.9343670E-01  2.6845291E-01  2.0681143E-01  1.2340143E-01  4.7298136E+00
 1.3524491E-01  2.1586260E-01  2.7654341E-01  3.6979288E-01  3.6501736E-01  6.3059769E-01  6.0382254E-01  2.7654341E-01  2.1586260E-01  1.3524491E-01  4.7091834E+00
 1.4626195E-01  2.2415402E-01  2.8386338E-01  3.7567240E-01  3.7085312E-01  6.4065953E-01  6.1323921E-01  2.8386338E-01  2.2415402E-01  1.4626195E-01  4.6745927E+00
 1.5645254E-01  2.3168733E-01  2.9040869E-01  3.8075949E-01  3.7590090E-01  6.4972613E-01  6.2168131E-01  2.9040869E-01  2.3168733E-01  1.5645254E-01  4.6272221E+00
 1.6582061E-01  2.3846463E-01  2.9618762E-01  3.8505913E-01  3.8016609E-01  6.5779668E-01  6.2914965E-01  2.9618762E-01  2.3846463E-01  1.6582061E-01  4.5682729E+00
 1.7437280E-01  2.4449004E-01  3.0120430E-01  3.8857959E-01  3.8365697E-01  6.6487656E-01  6.3564921E-01  3.0120430E-01  2.4449004E-01  1.7437280E-01  4.4989050E+00
 1.8211967E-01  2.4977392E-01  3.0546911E-01  3.9133125E-01  3.8638390E-01  6.7097035E-01  6.4118577E-01  3.0546911E-01  2.4977392E-01  1.8211967E-01  4.4202785E+00
 1.8907489E-01  2.5433078E-01  3.0899860E-01  3.9332942E-01  3.8836263E-01  6.7608882E-01  6.4577134E-01  3.0899860E-01  2.5433078E-01  1.8907489E-01  4.3335739E+00
 0.0000000E+00  0.0000000E+00  7.2958012E-02  1.8437040E-01  1.8041965E-01  3.8071570E-01  3.6343135E-01  7.2958012E-02  0.0000000E+00  0.0000000E+00  2.5238903E+00
 0.0000000E+00  1.5297127E-02  8.7387188E-02  1.9753076E-01  1.9346461E-01  4.0117154E-01  3.8291120E-01  8.7387188E-02  1.5297127E-02  0.0000000E+00  2.7809010E+00
 0.0000000E+00  2.9790246E-02  1.0102068E-01  2.0990802E-01  2.0573497E-01  4.2042361E-01  4.0123554E-01  1.0102068E-01  2.9790246E-02  0.0000000E+00  3.0090939E+00
 0.0000000E+00  4.3567149E-02  1.1394202E-01  2.2157891E-01  2.1730640E-01  4.3861110E-01  4.1853503E-01  1.1394202E-01  4.3567149E-02  0.0000000E+00  3.2110212E+00
 0.0000000E+00  5.6688437E-02  1.2620980E-01  2.3259796E-01  2.2823258E-01  4.5583214E-01  4.3490428E-01  1.2620980E-01  5.6688437E-02  0.0000000E+00  3.3887902E+00
 0.0000000E+00  6.9198572E-02  1.3786540E-01  2.4300366E-01  2.3855134E-01  4.7215915E-01  4.5040966E-01  1.3786540E-01  6.9198572E-02  0.0000000E+00  3.5441485E+00
 0.0000000E+00  8.1129422E-02  1.4893966E-01  2.5282361E-01  2.4828983E-01  4.8764403E-01  4.6510207E-01  1.4893966E-01  8.1129422E-02  0.0000000E+00  3.6786381E+00
 0.0000000E+00  9.2503347E-02  1.5945340E-01  2.6207796E-01  2.5746774E-01  5.0232477E-01  4.7901549E-01  1.5945340E-01  9.2503347E-02  0.0000000E+00  3.7935956E+00
 1.5118895E-02  1.0453109E-01  1.7052792E-01  2.7175377E-01  2.6706587E-01  5.1769735E-01  4.9357348E-01  1.7052792E-01  1.0453109E-01  1.5118895E-02  3.8688461E+00
 2.9511655E-02  1.1591555E-01  1.8094373E-01  2.8074550E-01  2.7598468E-01  5.3218349E-01  5.0726515E-01  1.8094373E-01  1.1591555E-01  2.9511655E-02  3.9260549E+00
 4.3173163E-02  1.2664851E-01  1.9069263E-01  2.8904851E-01  2.8421981E-01  5.4577137E-01  5.2007918E-01  1.9069263E-01  1.2664851E-01  4.3173163E-02  3.9659932E+00
 5.6097073E-02  1.3672097E-01  1.9976663E-01  2.9665253E-01  2.9176098E-01  5.5845227E-01  5.3200632E-01  1.9976663E-01  1.3672097E-01  5.6097073E-02  3.9895604E+00
 6.8279015E-02  1.4612625E-01  2.0815907E-01  3.0355242E-01  2.9860304E-01  5.7021334E-01  5.4303628E-01  2.0815907E-01  1.4612625E-01  6.8279015E-02  3.9977588E+00
 7.9716163E-02  1.5485947E-01  2.1586607E-01  3.0974407E-01  3.0474240E-01  5.8104995E-01  5.5316340E-01  2.1586607E-01  1.5485947E-01  7.9716163E-02  3.9915907E+00
 9.0407230E-02  1.6291754E-01  2.2288534E-01  3.1522748E-01  3.1017904E-01  5.9095236E-01  5.6237944E-01  2.2288534E-01  1.6291754E-01  9.0407230E-02  3.9721099E+00
 1.0035376E-01  1.7030098E-01  2.2921764E-01  3.2000418E-01  3.1491402E-01  5.9992006E-01  5.7068491E-01  2.2921764E-01  1.7030098E-01  1.0035376E-01  3.9403700E+00
 1.0955987E-01  1.7701210E-01  2.3486682E-01  3.2407933E-01  3.1895246E-01  6.0795306E-01  5.7807981E-01  2.3486682E-01  1.7701210E-01  1.0955987E-01  3.8974505E+00
 1.1803171E-01  1.8305604E-01  2.3983880E-01  3.2746012E-01  3.2230257E-01  6.1505033E-01  5.8456514E-01  2.3983880E-01  1.8305604E-01  1.1803171E-01  3.8444308E+00
 1.2577881E-01  1.8844103E-01  2.4414283E-01  3.3015580E-01  3.2497311E-01  6.2122218E-01  5.9015118E-01  2.4414283E-01  1.8844103E-01  1.2577881E-01  3.7823646E+00
 1.3281247E-01  1.9317785E-01  2.4779021E-01  3.3218180E-01  3.2697950E-01  6.2647322E-01  5.9484358E-01  2.4779021E-01  1.9317785E-01  1.3281247E-01  3.7123055E+00
 1.3914682E-01  1.9727910E-01  2.5079586E-01  3.3355352E-01  3.2833714E-01  6.3081632E-01  5.9865519E-01  2.5079586E-01  1.9727910E-01  1.3914682E-01  3.6352817E+00
 1.4479883E-01  2.0076123E-01  2.5317597E-01  3.3428640E-01  3.2906147E-01  6.3426692E-01  6.0160396E-01  2.5317597E-01  2.0076123E-01  1.4479883E-01  3.5522441E+00
 1.4978700E-01  2.0364121E-01  2.5494955E-01  3.3440613E-01  3.2917819E-01  6.3684095E-01  6.0370482E-01  2.5494955E-01  2.0364121E-01  1.4978700E-01  3.4641691E+00
 0.0000000E+00  0.0000000E+00  7.1755404E-02  1.8159102E-01  1.7718568E-01  4.0448107E-01  3.8400266E-01  7.1755404E-02  0.0000000E+00  0.0000000E+00  2.4526672E+00
 0.0000000E+00  1.3265369E-02  8.3995786E-02  1.9233161E-01  1.8781043E-01  4.2268414E-01  4.0118054E-01  8.3995786E-02  1.3265369E-02  0.0000000E+00  2.6463268E+00
 0.0000000E+00  2.5703314E-02  9.5424701E-02  2.0228294E-01  1.9765534E-01  4.3961444E-01  4.1714264E-01  9.5424701E-02  2.5703314E-02  0.0000000E+00  2.8141449E+00
 0.0000000E+00  3.7408818E-02  1.0613175E-01  2.1152706E-01  2.0680139E-01  4.5542385E-01  4.3203154E-01  1.0613175E-01  3.7408818E-02  0.0000000E+00  2.9587366E+00
 0.0000000E+00  4.8450206E-02  1.1618152E-01  2.2012329E-01  2.1530706E-01  4.7021615E-01  4.4594609E-01  1.1618152E-01  4.8450206E-02  0.0000000E+00  3.0822707E+00
 0.0000000E+00  5.8877690E-02  1.2562214E-01  2.2811563E-01  2.2321572E-01  4.8407426E-01  4.5896483E-01  1.2562214E-01  5.8877690E-02  0.0000000E+00  3.1865645E+00
 0.0000000E+00  6.8729265E-02  1.3448970E-01  2.3553695E-01  2.3055973E-01  4.9705574E-01  4.7114103E-01  1.3448970E-01  6.8729265E-02  0.0000000E+00  3.2731252E+00
 0.0000000E+00  7.8034057E-02  1.4281079E-01  2.4241225E-01  2.3736379E-01  5.0921248E-01  4.8252408E-01  1.4281079E-01  7.8034057E-02  0.0000000E+00  3.3433488E+00
 1.2522638E-02  8.7782418E-02  1.5147508E-01  2.4948011E-01  2.4436030E-01  5.2176327E-01  4.9426029E-01  1.5147508E-01  8.7782418E-02  1.2522638E-02  3.3776058E+00
 2.4345699E-02  9.6911493E-02  1.5950869E-01  2.5589805E-01  2.5071306E-01  5.3340949E-01  5.0511857E-01  1.5950869E-01  9.6911493E-02  2.4345699E-02  3.3972988E+00
 3.5474027E-02  1.0542382E-01  1.6691352E-01  2.6166846E-01  2.5642444E-01  5.4414797E-01  5.1509575E-01  1.6691352E-01  1.0542382E-01  3.5474027E-02  3.4033144E+00
 4.5911959E-02  1.1332034E-01  1.7369241E-01  2.6679433E-01  2.6149747E-01  5.5398127E-01  5.2419561E-01  1.7369241E-01  1.1332034E-01  4.5911959E-02  3.3965706E+00
 5.5664435E-02  1.2060454E-01  1.7984854E-01  2.7128014E-01  2.6593683E-01  5.6291254E-01  5.3242133E-01  1.7984854E-01  1.2060454E-01  5.5664435E-02  3.3780174E+00
 6.4737788E-02  1.2728053E-01  1.8538728E-01  2.7513199E-01  2.6974847E-01  5.7093989E-01  5.3977163E-01  1.8538728E-01  1.2728053E-01  6.4737788E-02  3.3486995E+00
 7.3139931E-02  1.3335371E-01  1.9031529E-01  2.7835836E-01  2.7294102E-01  5.7807283E-01  5.4625600E-01  1.9031529E-01  1.3335371E-01  7.3139931E-02  3.3095668E+00
 8.0880046E-02  1.3883261E-01  1.9464142E-01  2.8096931E-01  2.7552465E-01  5.8431328E-01  5.5187885E-01  1.9464142E-01  1.3883261E-01  8.0880046E-02  3.2616006E+00
 8.7969216E-02  1.4372642E-01  1.9837613E-01  2.8297694E-01  2.7751135E-01  5.8967135E-01  5.5664907E-01  1.9837613E-01  1.4372642E-01  8.7969216E-02  3.2057193E+00
 9.4420104E-02  1.4804685E-01  2.0153239E-01  2.8439544E-01  2.7891541E-01  5.9415848E-01  5.6058055E-01  2.0153239E-01  1.4804685E-01  9.4420104E-02  3.1429138E+00
 1.0024822E-01  1.5180752E-01  2.0412478E-01  2.8524114E-01  2.7975312E-01  5.9778794E-01  5.6368534E-01  2.0412478E-01  1.5180752E-01  1.0024822E-01  3.0740737E+00
 1.0546941E-01  1.5502362E-01  2.0617006E-01  2.8553240E-01  2.8004283E-01  6.0057433E-01  5.6598051E-01  2.0617006E-01  1.5502362E-01  1.0546941E-01  3.0000761E+00
 1.1010201E-01  1.5771194E-01  2.0768567E-01  2.8528905E-01  2.7980431E-01  6.0253221E-01  5.6747999E-01  2.0768567E-01  1.5771194E-01  1.1010201E-01  2.9217568E+00
 1.1416568E-01  1.5989147E-01  2.0869216E-01  2.8453261E-01  2.7905908E-01  6.0368817E-01  5.6821101E-01  2.0869216E-01  1.5989147E-01  1.1416568E-01  2.8399073E+00
 1.1768129E-01  1.6158216E-01  2.0921045E-01  2.8328612E-01  2.7783000E-01  6.0405871E-01  5.6819191E-01  2.0921045E-01  1.6158216E-01  1.1768129E-01  2.7552653E+00
 0.0000000E+00  0.0000000E+00  7.0183860E-02  1.7789783E-01  1.7302070E-01  4.2920197E-01  4.0522179E-01  7.0183860E-02  0.0000000E+00  0.0000000E+00  2.3367844E+00
 0.0000000E+00  1.1386759E-02  8.0376602E-02  1.8634221E-01  1.8134651E-01  4.4510311E-01  4.2007220E-01  8.0376602E-02  1.1386759E-02  0.0000000E+00  2.4770958E+00
 0.0000000E+00  2.1960176E-02  8.9781903E-02  1.9403526E-01  1.8893216E-01  4.5970662E-01  4.3369037E-01  8.9781903E-02  2.1960176E-02  0.0000000E+00  2.5950191E+00
 0.0000000E+00  3.1818294E-02  9.8491243E-02  2.0105839E-01  1.9585795E-01  4.7316712E-01  4.4622165E-01  9.8491243E-02  3.1818294E-02  0.0000000E+00  2.6930865E+00
 0.0000000E+00  4.1032292E-02  1.0657102E-01  2.0747174E-01  2.0218302E-01  4.8559199E-01  4.5776744E-01  1.0657102E-01  4.1032292E-02  0.0000000E+00  2.7733902E+00
 0.0000000E+00  4.9655941E-02  1.1407217E-01  2.1332124E-01  2.0795253E-01  4.9707241E-01  4.6841259E-01  1.1407217E-01  4.9655941E-02  0.0000000E+00  2.8376670E+00
 0.0000000E+00  5.7730310E-02  1.2103332E-01  2.1864153E-01  2.1320056E-01  5.0767552E-01  4.7822121E-01  1.2103332E-01  5.7730310E-02  0.0000000E+00  2.8873878E+00
 0.0000000E+00  6.5288209E-02  1.2748455E-01  2.2346035E-01  2.1795457E-01  5.1744915E-01  4.8723811E-01  1.2748455E-01  6.5288209E-02  0.0000000E+00  2.9238418E+00
 1.0310936E-02  7.3132522E-02  1.3411605E-01  2.2829949E-01  2.2273110E-01  5.2735906E-01  4.9635806E-01  1.3411605E-01  7.3132522E-02  1.0310936E-02  2.9283541E+00
 1.9968681E-02  8.0402464E-02  1.4016700E-01  2.3254597E-01  2.2692260E-01  5.3636840E-01  5.0461067E-01  1.4016700E-01  8.0402464E-02  1.9968681E-02  2.9214988E+00
 2.8985240E-02  8.7106530E-02  1.4564628E-01  2.3620898E-01  2.3053841E-01  5.4448261E-01  5.1200213E-01  1.4564628E-01  8.7106530E-02  2.8985240E-02  2.9041480E+00
 3.7372076E-02  9.3253982E-02  1.5056316E-01  2.3929894E-01  2.3358895E-01  5.5171169E-01  5.1854170E-01  1.5056316E-01  9.3253982E-02  3.7372076E-02  2.8771974E+00
 4.5140887E-02  9.8853698E-02  1.5492845E-01  2.4182690E-01  2.3608519E-01  5.5806648E-01  5.2424172E-01  1.5492845E-01  9.8853698E-02  4.5140887E-02  2.8415386E+00
 5.2304679E-02  1.0391610E-01  1.5875256E-01  2.4380535E-01  2.3803970E-01  5.6355470E-01  5.2910991E-01  1.5875256E-01  1.0391610E-01  5.2304679E-02  2.7980672E+00
 5.8875960E-02  1.0845238E-01  1.6204824E-01  2.4524827E-01  2.3946631E-01  5.6819179E-01  5.3316170E-01  1.6204824E-01  1.0845238E-01  5.8875960E-02  2.7476439E+00
 6.4869398E-02  1.1247529E-01  1.6482938E-01  2.4617064E-01  2.4038015E-01  5.7198933E-01  5.3640868E-01  1.6482938E-01  1.1247529E-01  6.4869398E-02  2.6911218E+00
 7.0300818E-02  1.1599870E-01  1.6710987E-01  2.4658952E-01  2.4079812E-01  5.7496124E-01  5.3886780E-01  1.6710987E-01  1.1599870E-01  7.0300818E-02  2.6293230E+00
 7.5186433E-02  1.1903730E-01  1.6890748E-01  2.4652250E-01  2.4073775E-01  5.7712604E-01  5.4055530E-01  1.6890748E-01  1.1903730E-01  7.5186433E-02  2.5630273E+00
 7.9543998E-02  1.2160769E-01  1.7023841E-01  2.4598898E-01  2.4021827E-01  5.7849995E-01  5.4148967E-01  1.7023841E-01  1.2160769E-01  7.9543998E-02  2.4929952E+00
 8.3392814E-02  1.2372760E-01  1.7112196E-01  2.4500962E-01  2.3926029E-01  5.7910459E-01  5.4169178E-01  1.7112196E-01  1.2372760E-01  8.3392814E-02  2.4199290E+00
 8.6751795E-02  1.2541520E-01  1.7157822E-01  2.4360574E-01  2.3788496E-01  5.7896005E-01  5.4118398E-01  1.7157822E-01  1.2541520E-01  8.6751795E-02  2.3444967E+00
 8.9642556E-02  1.2669016E-01  1.7162724E-01  2.4180042E-01  2.3611513E-01  5.7809410E-01  5.3999253E-01  1.7162724E-01  1.2669016E-01  8.9642556E-02  2.2673197E+00
 9.2086329E-02  1.2757256E-01  1.7129065E-01  2.3961628E-01  2.3397336E-01  5.7652761E-01  5.3813906E-01  1.7129065E-01  1.2757256E-01  9.2086329E-02  2.1889692E+00
 0.0000000E+00  0.0000000E+00  6.8127985E-02  1.7303032E-01  1.6761054E-01  4.5460819E-01  4.2686126E-01  6.8127985E-02  0.0000000E+00  0.0000000E+00  2.1843468E+00
 0.0000000E+00  9.6469769E-03  7.6409836E-02  1.7931044E-01  1.7377023E-01  4.6810829E-01  4.3931457E-01  7.6409836E-02  9.6469769E-03  0.0000000E+00  2.2806005E+00
 0.0000000E+00  1.8528675E-02  8.3964160E-02  1.8491582E-01  1.7926907E-01  4.8032701E-01  4.5056008E-01  8.3964160E-02  1.8528675E-02  0.0000000E+00  2.3582204E+00
 0.0000000E+00  2.6740293E-02  9.0878224E-02  1.8992122E-01  1.8418024E-01  4.9141561E-01  4.6073866E-01  9.0878224E-02  2.6740293E-02  0.0000000E+00  2.4194791E+00
 0.0000000E+00  3.4351503E-02  9.7215961E-02  1.9438289E-01  1.8855901E-01  5.0149180E-01  4.6995942E-01  9.7215961E-02  3.4351503E-02  0.0000000E+00  2.4662480E+00
 0.0000000E+00  4.1415832E-02  1.0302684E-01  1.9834368E-01  1.9244748E-01  5.1063969E-01  4.7830202E-01  1.0302684E-01  4.1415832E-02  0.0000000E+00  2.5000857E+00
 0.0000000E+00  4.7974720E-02  1.0834912E-01  2.0183725E-01  1.9587824E-01  5.1892552E-01  4.8582857E-01  1.0834912E-01  4.7974720E-02  0.0000000E+00  2.5223128E+00
 0.0000000E+00  5.4061393E-02  1.1321314E-01  2.0489077E-01  1.9887826E-01  5.2640002E-01  4.9258726E-01  1.1321314E-01  5.4061393E-02  0.0000000E+00  2.5340820E+00
 8.4160158E-03  6.0324463E-02  1.1814435E-01  2.0784477E-01  2.0178414E-01  5.3379325E-01  4.9924102E-01  1.1814435E-01  6.0324463E-02  8.4160158E-03  2.5179915E+00
 1.6240444E-02  6.6068606E-02  1.2255757E-01  2.1027798E-01  2.0417901E-01  5.4030232E-01  5.0505043E-01  1.2255757E-01  6.6068606E-02  1.6240444E-02  2.4933377E+00
 2.3489478E-02  7.1307354E-02  1.2646587E-01  2.1220404E-01  2.0607631E-01  5.4594160E-01  5.1003004E-01  1.2646587E-01  7.1307354E-02  2.3489478E-02  2.4609001E+00
 3.0178705E-02  7.6053773E-02  1.2988417E-01  2.1363714E-01  2.0749032E-01  5.5073142E-01  5.1419873E-01  1.2988417E-01  7.6053773E-02  3.0178705E-02  2.4214998E+00
 3.6323663E-02  8.0321397E-02  1.3282507E-01  2.1459331E-01  2.0843672E-01  5.5468152E-01  5.1756869E-01  1.3282507E-01  8.0321397E-02  3.6323663E-02  2.3759162E+00
 4.1940127E-02  8.4123759E-02  1.3530445E-01  2.1508816E-01  2.0893120E-01  5.5781261E-01  5.2015935E-01  1.3530445E-01  8.4123759E-02  4.1940127E-02  2.3249194E+00
 4.7044196E-02  8.7474392E-02  1.3733676E-01  2.1513912E-01  2.0899084E-01  5.6014036E-01  5.2198722E-01  1.3733676E-01  8.7474392E-02  4.7044196E-02  2.2692513E+00
 5.1653417E-02  9.0389629E-02  1.3893881E-01  2.1476328E-01  2.0863262E-01  5.6168104E-01  5.2306964E-01  1.3893881E-01  9.0389629E-02  5.1653417E-02  2.2096259E+00
 5.5784309E-02  9.2884871E-02  1.4012786E-01  2.1398005E-01  2.0787587E-01  5.6245704E-01  5.2342857E-01  1.4012786E-01  9.2884871E-02  5.5784309E-02  2.1467199E+00
 5.9456005E-02  9.4976450E-02  1.4092072E-01  2.1280855E-01  2.0673925E-01  5.6249094E-01  5.2308620E-01  1.4092072E-01  9.4976450E-02  5.9456005E-02  2.0811725E+00
 6.2686706E-02  9.6682100E-02  1.4133652E-01  2.1126961E-01  2.0524349E-01  5.6180068E-01  5.2206241E-01  1.4133652E-01  9.6682100E-02  6.2686706E-02  2.0135905E+00
 6.5495545E-02  9.8020020E-02  1.4139439E-01  2.0938393E-01  2.0340894E-01  5.6041220E-01  5.2038213E-01  1.4139439E-01  9.8020020E-02  6.5495545E-02  1.9445246E+00
 6.7903054E-02  9.9008410E-02  1.4111392E-01  2.0717270E-01  2.0125642E-01  5.5835014E-01  5.1807063E-01  1.4111392E-01  9.9008410E-02  6.7903054E-02  1.8744972E+00
 6.9929767E-02  9.9666403E-02  1.4051566E-01  2.0465840E-01  1.9880823E-01  5.5564138E-01  5.1515424E-01  1.4051566E-01  9.9666403E-02  6.9929767E-02  1.8039800E+00
 7.1595284E-02  1.0001313E-01  1.3961967E-01  2.0186344E-01  1.9608631E-01  5.5231373E-01  5.1166070E-01  1.3961967E-01  1.0001313E-01  7.1595284E-02  1.7333973E+00
 0.0000000E+00  0.0000000E+00  6.5537126E-02  1.6689113E-01  1.6079562E-01  4.7998553E-01  4.4834347E-01  6.5537126E-02  0.0000000E+00  0.0000000E+00  2.0073748E+00
 0.0000000E+00  8.1103898E-03  7.2118555E-02  1.7122517E-01  1.6501498E-01  4.9105684E-01  4.5839889E-01  7.2118555E-02  8.1103898E-03  0.0000000E+00  2.0693167E+00
 0.0000000E+00  1.5517039E-02  7.8047876E-02  1.7497826E-01  1.6867088E-01  5.0089175E-01  4.6729631E-01  7.8047876E-02  1.5517039E-02  0.0000000E+00  2.1160427E+00
 0.0000000E+00  2.2310305E-02  8.3406113E-02  1.7821677E-01  1.7182772E-01  5.0962962E-01  4.7516623E-01  8.3406113E-02  2.2310305E-02  0.0000000E+00  2.1495534E+00
 0.0000000E+00  2.8556684E-02  8.8251940E-02  1.8099008E-01  1.7453336E-01  5.1738939E-01  4.8211773E-01  8.8251940E-02  2.8556684E-02  0.0000000E+00  2.1714971E+00
 0.0000000E+00  3.4307583E-02  9.2632295E-02  1.8333728E-01  1.7682579E-01  5.2425146E-01  4.8822685E-01  9.2632295E-02  3.4307583E-02  0.0000000E+00  2.1832316E+00
 0.0000000E+00  3.9603235E-02  9.6582940E-02  1.8528821E-01  1.7873386E-01  5.3028083E-01  4.9355488E-01  9.6582940E-02  3.9603235E-02  0.0000000E+00  2.1859138E+00
 0.0000000E+00  4.4476164E-02  1.0013293E-01  1.8686778E-01  1.8028183E-01  5.3553779E-01  4.9815609E-01  1.0013293E-01  4.4476164E-02  0.0000000E+00  2.1805271E+00
 6.8374103E-03  4.9444924E-02  1.0366952E-01  1.8826485E-01  1.8165693E-01  5.4050564E-01  5.0245802E-01  1.0366952E-01  4.9444924E-02  6.8374103E-03  2.1511683E+00
 1.3147882E-02  5.3954974E-02  1.0675627E-01  1.8921960E-01  1.8260151E-01  5.4461815E-01  5.0595064E-01  1.0675627E-01  5.3954974E-02  1.3147882E-02  2.1155510E+00
 1.8949966E-02  5.8022518E-02  1.0940885E-01  1.8974800E-01  1.8313144E-01  5.4790012E-01  5.0865721E-01  1.0940885E-01  5.8022518E-02  1.8949966E-02  2.0743682E+00
 2.4261656E-02  6.1662477E-02  1.1164345E-01  1.8986739E-01  1.8326351E-01  5.5036967E-01  5.1059652E-01  1.1164345E-01  6.1662477E-02  2.4261656E-02  2.0283239E+00
 2.9100554E-02  6.4890048E-02  1.1347572E-01  1.8959485E-01  1.8301470E-01  5.5204825E-01  5.1178957E-01  1.1347572E-01  6.4890048E-02  2.9100554E-02  1.9780831E+00
 3.3484150E-02  6.7720319E-02  1.1492187E-01  1.8894771E-01  1.8240177E-01  5.5295152E-01  5.1225421E-01  1.1492187E-01  6.7720319E-02  3.3484150E-02  1.9243051E+00
 3.7430213E-02  7.0169495E-02  1.1599922E-01  1.8794428E-01  1.8144273E-01  5.5310807E-01  5.1201663E-01  1.1599922E-01  7.0169495E-02  3.7430213E-02  1.8675935E+00
 4.0956569E-02  7.2253782E-02  1.1672397E-01  1.8660345E-01  1.8015613E-01  5.5253402E-01  5.1109536E-01  1.1672397E-01  7.2253782E-02  4.0956569E-02  1.8085350E+00
 4.4081378E-02  7.3989384E-02  1.1711344E-01  1.8494421E-01  1.7856041E-01  5.5125507E-01  5.0951499E-01  1.1711344E-01  7.3989384E-02  4.4081378E-02  1.7476772E+00
 4.6823082E-02  7.5392506E-02  1.1718665E-01  1.8298635E-01  1.7667492E-01  5.4929847E-01  5.0730245E-01  1.1718665E-01  7.5392506E-02  4.6823082E-02  1.6855286E+00
 4.9200342E-02  7.6481587E-02  1.1696089E-01  1.8074929E-01  1.7451877E-01  5.4668726E-01  5.0448111E-01  1.1696089E-01  7.6481587E-02  4.9200342E-02  1.6225585E+00
 5.1232046E-02  7.7273393E-02  1.1645463E-01  1.7825349E-01  1.7211175E-01  5.4344869E-01  5.0107790E-01  1.1645463E-01  7.7273393E-02  5.1232046E-02  1.5591973E+00
 5.2937250E-02  7.7785244E-02  1.1568741E-01  1.7551962E-01  1.6947397E-01  5.3960715E-01  4.9711817E-01  1.1568741E-01  7.7785244E-02  5.2937250E-02  1.4958417E+00
 5.4335007E-02  7.8036141E-02  1.1467656E-01  1.7256734E-01  1.6662490E-01  5.3519324E-01  4.9263112E-01  1.1467656E-01  7.8036141E-02  5.4335007E-02  1.4328325E+00
 5.5444317E-02  7.8042288E-02  1.1344163E-01  1.6941776E-01  1.6358476E-01  5.3023824E-01  4.8764692E-01  1.1344163E-01  7.8042288E-02  5.5444317E-02  1.3704828E+00
 0.0000000E+00  0.0000000E+00  6.2400104E-02  1.5947607E-01  1.5252445E-01  5.0470702E-01  4.6916734E-01  6.2400104E-02  0.0000000E+00  0.0000000E+00  1.8178838E+00
 0.0000000E+00  6.7556403E-03  6.7483515E-02  1.6208696E-01  1.5504680E-01  5.1328427E-01  4.7678097E-01  6.7483515E-02  6.7556403E-03  0.0000000E+00  1.8538701E+00
 0.0000000E+00  1.2881867E-02  7.2003841E-02  1.6422524E-01  1.5711676E-01  5.2069506E-01  4.8331149E-01  7.2003841E-02  1.2881867E-02  0.0000000E+00  1.8777175E+00
 0.0000000E+00  1.8461242E-02  7.6031185E-02  1.6594548E-01  1.5878709E-01  5.2707245E-01  4.8888162E-01  7.6031185E-02  1.8461242E-02  0.0000000E+00  1.8911287E+00
 0.0000000E+00  2.3554460E-02  7.9619218E-02  1.6728795E-01  1.6009572E-01  5.3252133E-01  4.9358856E-01  7.9619218E-02  2.3554460E-02  0.0000000E+00  1.8954820E+00
 0.0000000E+00  2.8208832E-02  8.2808359E-02  1.6828510E-01  1.6107381E-01  5.3712247E-01  4.9750726E-01  8.2808359E-02  2.8208832E-02  0.0000000E+00  1.8919238E+00
 0.0000000E+00  3.2461860E-02  8.5631078E-02  1.6896209E-01  1.6174523E-01  5.4093968E-01  5.0069649E-01  8.5631078E-02  3.2461860E-02  0.0000000E+00  1.8814347E+00
 0.0000000E+00  3.6343894E-02  8.8113878E-02  1.6934065E-01  1.6213066E-01  5.4402422E-01  5.0320439E-01  8.8113878E-02  3.6343894E-02  0.0000000E+00  1.8648496E+00
 5.5238284E-03  4.0269725E-02  9.0533067E-02  1.6948680E-01  1.6229859E-01  5.4664230E-01  5.0524777E-01  9.0533067E-02  4.0269725E-02  5.5238284E-03  1.8278362E+00
 1.0587183E-02  4.3796268E-02  9.2569930E-02  1.6927118E-01  1.6211797E-01  5.4844779E-01  5.0652938E-01  9.2569930E-02  4.3796268E-02  1.0587183E-02  1.7863899E+00
 1.5209351E-02  4.6940618E-02  9.4241695E-02  1.6870995E-01  1.6160445E-01  5.4946255E-01  5.0707108E-01  9.4241695E-02  4.6940618E-02  1.5209351E-02  1.7411072E+00
 1.9408775E-02  4.9718610E-02  9.5564927E-02  1.6782073E-01  1.6077486E-01  5.4971124E-01  5.0689727E-01  9.5564927E-02  4.9718610E-02  1.9408775E-02  1.6925842E+00
 2.3203542E-02  5.2146148E-02  9.6556192E-02  1.6662087E-01  1.5964631E-01  5.4921770E-01  5.0603179E-01  9.6556192E-02  5.2146148E-02  2.3203542E-02  1.6413777E+00
 2.6611279E-02  5.4238935E-02  9.7230729E-02  1.6512839E-01  1.5823589E-01  5.4800580E-01  5.0449851E-01  9.7230729E-02  5.4238935E-02  2.6611279E-02  1.5880244E+00
 2.9649810E-02  5.6012875E-02  9.7607091E-02  1.6336104E-01  1.5656098E-01  5.4610083E-01  5.0232246E-01  9.7607091E-02  5.6012875E-02  2.9649810E-02  1.5330277E+00
 3.2336759E-02  5.7483935E-02  9.7699857E-02  1.6133724E-01  1.5463894E-01  5.4352824E-01  4.9952923E-01  9.7699857E-02  5.7483935E-02  3.2336759E-02  1.4768517E+00
 3.4689688E-02  5.8668152E-02  9.7527578E-02  1.5907539E-01  1.5248781E-01  5.4031481E-01  4.9614505E-01  9.7527578E-02  5.8668152E-02  3.4689688E-02  1.4199335E+00
 3.6726418E-02  5.9581825E-02  9.7106158E-02  1.5659351E-01  1.5012468E-01  5.3648703E-01  4.9219645E-01  9.7106158E-02  5.9581825E-02  3.6726418E-02  1.3626773E+00
 3.8464577E-02  6.0241188E-02  9.6453487E-02  1.5391068E-01  1.4756825E-01  5.3207325E-01  4.8771137E-01  9.6453487E-02  6.0241188E-02  3.8464577E-02  1.3054278E+00
 3.9921789E-02  6.0662476E-02  9.5586793E-02  1.5104518E-01  1.4483602E-01  5.2710197E-01  4.8271766E-01  9.5586793E-02  6.0662476E-02  3.9921789E-02  1.2485295E+00
 4.1115679E-02  6.0861987E-02  9.4521979E-02  1.4801569E-01  1.4194576E-01  5.2160233E-01  4.7724382E-01  9.4521979E-02  6.0861987E-02  4.1115679E-02  1.1922607E+00
 4.2063477E-02  6.0855693E-02  9.3276272E-02  1.4483995E-01  1.3891483E-01  5.1560427E-01  4.7131953E-01  9.3276272E-02  6.0855693E-02  4.2063477E-02  1.1368731E+00
 4.2782409E-02  6.0659626E-02  9.1866238E-02  1.4153558E-01  1.3576007E-01  5.0913761E-01  4.6497330E-01  9.1866238E-02  6.0659626E-02  4.2782409E-02  1.0825855E+00
 0.0000000E+00  0.0000000E+00  5.8751441E-02  1.5086427E-01  1.4289294E-01  5.2817420E-01  4.8881293E-01  5.8751441E-02  0.0000000E+00  0.0000000E+00  1.6265974E+00
 0.0000000E+00  5.6064177E-03  6.2570069E-02  1.5201053E-01  1.4400784E-01  5.3423995E-01  4.9397834E-01  6.2570069E-02  5.6064177E-03  0.0000000E+00  1.6438869E+00
 0.0000000E+00  1.0655525E-02  6.5912030E-02  1.5279179E-01  1.4477890E-01  5.3922232E-01  4.9814883E-01  6.5912030E-02  1.0655525E-02  0.0000000E+00  1.6515590E+00
 0.0000000E+00  1.5222068E-02  6.8838794E-02  1.5325050E-01  1.4524614E-01  5.4324132E-01  5.0143389E-01  6.8838794E-02  1.5222068E-02  0.0000000E+00  1.6510221E+00
 0.0000000E+00  1.9361198E-02  7.1395802E-02  1.5341854E-01  1.4543914E-01  5.4639492E-01  5.0392389E-01  7.1395802E-02  1.9361198E-02  0.0000000E+00  1.6434589E+00
 0.0000000E+00  2.3115943E-02  7.3618381E-02  1.5332032E-01  1.4538096E-01  5.4875868E-01  5.0568798E-01  7.3618381E-02  2.3115943E-02  0.0000000E+00  1.6298421E+00
 0.0000000E+00  2.6520620E-02  7.5535243E-02  1.5297699E-01  1.4509091E-01  5.5039261E-01  5.0678131E-01  7.5535243E-02  2.6520620E-02  0.0000000E+00  1.6109808E+00
 0.0000000E+00  2.9603082E-02  7.7169808E-02  1.5240550E-01  1.4458473E-01  5.5134584E-01  5.0724967E-01  7.7169808E-02  2.9603082E-02  0.0000000E+00  1.5875832E+00
 4.4530093E-03  3.2692782E-02  7.8709211E-02  1.5157481E-01  1.4383975E-01  5.5166573E-01  5.0710097E-01  7.8709211E-02  3.2692782E-02  4.4530093E-03  1.5468883E+00
 8.5069441E-03  3.5438948E-02  7.9930058E-02  1.5045886E-01  1.4282215E-01  5.5121997E-01  5.0624340E-01  7.9930058E-02  3.5438948E-02  8.5069441E-03  1.5031744E+00
 1.2180923E-02  3.7858543E-02  8.0850556E-02  1.4907459E-01  1.4154840E-01  5.5003392E-01  5.0470219E-01  8.0850556E-02  3.7858543E-02  1.2180923E-02  1.4569394E+00
 1.5493315E-02  3.9967519E-02  8.1486268E-02  1.4743881E-01  1.4003442E-01  5.4813358E-01  5.0250270E-01  8.1486268E-02  3.9967519E-02  1.5493315E-02  1.4086735E+00
 1.8461942E-02  4.1781437E-02  8.1852755E-02  1.4556785E-01  1.3829575E-01  5.4554664E-01  4.9967247E-01  8.1852755E-02  4.1781437E-02  1.8461942E-02  1.3588514E+00
 2.1103919E-02  4.3315627E-02  8.1965581E-02  1.4347865E-01  1.3634813E-01  5.4230094E-01  4.9623892E-01  8.1965581E-02  4.3315627E-02  2.1103919E-02  1.3079011E+00
 2.3436523E-02  4.4585416E-02  8.1841084E-02  1.4118787E-01  1.3420761E-01  5.3842357E-01  4.9222864E-01  8.1841084E-02  4.4585416E-02  2.3436523E-02  1.2562350E+00
 2.5476480E-02  4.5605979E-02  8.1494827E-02  1.3871307E-01  1.3189084E-01  5.3394237E-01  4.8766904E-01  8.1494827E-02  4.5605979E-02  2.5476480E-02  1.2042186E+00
 2.7240600E-02  4.6392488E-02  8.0942373E-02  1.3606997E-01  1.2941245E-01  5.2888753E-01  4.8258984E-01  8.0942373E-02  4.6392488E-02  2.7240600E-02  1.1522023E+00
 2.8745222E-02  4.6960115E-02  8.0199282E-02  1.3327629E-01  1.2678974E-01  5.2328798E-01  4.7701891E-01  8.0199282E-02  4.6960115E-02  2.8745222E-02  1.1004817E+00
 3.0006841E-02  4.7323646E-02  7.9280340E-02  1.3034775E-01  1.2403734E-01  5.1717391E-01  4.7098598E-01  7.9280340E-02  4.7323646E-02  3.0006841E-02  1.0493368E+00
 3.1041487E-02  4.7497941E-02  7.8202665E-02  1.2730161E-01  1.2117144E-01  5.1057549E-01  4.6452002E-01  7.8202665E-02  4.7497941E-02  3.1041487E-02  9.9900901E-01
 3.1865034E-02  4.7497552E-02  7.6979328E-02  1.2415326E-01  1.1820700E-01  5.0352385E-01  4.5765136E-01  7.6979328E-02  4.7497552E-02  3.1865034E-02  9.4970050E-01
 3.2492809E-02  4.7336796E-02  7.5625892E-02  1.2091826E-01  1.1515880E-01  4.9605040E-01  4.5041007E-01  7.5625892E-02  4.7336796E-02  3.2492809E-02  9.0159026E-01
 3.2940064E-02  4.7029522E-02  7.4156441E-02  1.1761186E-01  1.1204117E-01  4.8818578E-01  4.4282542E-01  7.4156441E-02  4.7029522E-02  3.2940064E-02  8.5483393E-01
 0.0000000E+00  0.0000000E+00  5.4666103E-02  1.4118737E-01  1.3214315E-01  5.4983629E-01  5.0672797E-01  5.4666103E-02  0.0000000E+00  0.0000000E+00  1.4419312E+00
 0.0000000E+00  4.6274145E-03  5.7426287E-02  1.4111131E-01  1.3212871E-01  5.5333763E-01  5.0940240E-01  5.7426287E-02  4.6274145E-03  0.0000000E+00  1.4460670E+00
 0.0000000E+00  8.7693827E-03  5.9795146E-02  1.4077697E-01  1.3187388E-01  5.5585772E-01  5.1119015E-01  5.9795146E-02  8.7693827E-03  0.0000000E+00  1.4426371E+00
 0.0000000E+00  1.2492187E-02  6.1823902E-02  1.4021403E-01  1.3140602E-01  5.5750180E-01  5.1218598E-01  6.1823902E-02  1.2492187E-02  0.0000000E+00  1.4328177E+00
 0.0000000E+00  1.5844428E-02  6.3550114E-02  1.3944417E-01  1.3074506E-01  5.5835737E-01  5.1246892E-01  6.3550114E-02  1.5844428E-02  0.0000000E+00  1.4175955E+00
 0.0000000E+00  1.8864258E-02  6.5003467E-02  1.3848548E-01  1.2990731E-01  5.5849314E-01  5.1210146E-01  6.5003467E-02  1.8864258E-02  0.0000000E+00  1.3977758E+00
 0.0000000E+00  2.1582359E-02  6.6207942E-02  1.3735225E-01  1.2890563E-01  5.5796426E-01  5.1113346E-01  6.6207942E-02  2.1582359E-02  0.0000000E+00  1.3740465E+00
 0.0000000E+00  2.4023709E-02  6.7183359E-02  1.3605730E-01  1.2775163E-01  5.5681558E-01  5.0960603E-01  6.7183359E-02  2.4023709E-02  0.0000000E+00  1.3469868E+00
 3.5783564E-03  2.6450669E-02  6.8048909E-02  1.3449764E-01  1.2635734E-01  5.5488406E-01  5.0732835E-01  6.8048909E-02  2.6450669E-02  3.5783564E-03  1.3053473E+00
 6.8146378E-03  2.8584406E-02  6.8655083E-02  1.3272396E-01  1.2475896E-01  5.5224300E-01  5.0440452E-01  6.8655083E-02  2.8584406E-02  6.8146378E-03  1.2617350E+00
 9.7272070E-03  3.0441302E-02  6.9017630E-02  1.3075273E-01  1.2297260E-01  5.4891827E-01  5.0085933E-01  6.9017630E-02  3.0441302E-02  9.7272070E-03  1.2165842E+00
 1.2333449E-02  3.2036559E-02  6.9151842E-02  1.2859878E-01  1.2101147E-01  5.4493863E-01  4.9672105E-01  6.9151842E-02  3.2036559E-02  1.2333449E-02  1.1703021E+00
 1.4650088E-02  3.3384931E-02  6.9072292E-02  1.2627731E-01  1.1889026E-01  5.4033468E-01  4.9201971E-01  6.9072292E-02  3.3384931E-02  1.4650088E-02  1.1232688E+00
 1.6693325E-02  3.4501167E-02  6.8793640E-02  1.2380332E-01  1.1662291E-01  5.3513644E-01  4.8678411E-01  6.8793640E-02  3.4501167E-02  1.6693325E-02  1.0758373E+00
 1.8479177E-02  3.5399388E-02  6.8330367E-02  1.2119255E-01  1.1422356E-01  5.2937414E-01  4.8104376E-01  6.8330367E-02  3.5399388E-02  1.8479177E-02  1.0283425E+00
 2.0023121E-02  3.6093801E-02  6.7696680E-02  1.1845929E-01  1.1170596E-01  5.2307907E-01  4.7482890E-01  6.7696680E-02  3.6093801E-02  2.0023121E-02  9.8107392E-01
 2.1340632E-02  3.6598252E-02  6.6906698E-02  1.1561837E-01  1.0908425E-01  5.1628164E-01  4.6816887E-01  6.6906698E-02  3.6598252E-02  2.1340632E-02  9.3429406E-01
 2.2446642E-02  3.6926498E-02  6.5974269E-02  1.1268481E-01  1.0637238E-01  5.0901331E-01  4.6109373E-01  6.5974269E-02  3.6926498E-02  2.2446642E-02  8.8824182E-01
 2.3355904E-02  3.7092024E-02  6.4912966E-02  1.0967234E-01  1.0358284E-01  5.0130702E-01  4.5363480E-01  6.4912966E-02  3.7092024E-02  2.3355904E-02  8.4311360E-01
 2.4082806E-02  3.7107952E-02  6.3736093E-02  1.0659530E-01  1.0072945E-01  4.9319352E-01  4.4582196E-01  6.3736093E-02  3.7107952E-02  2.4082806E-02  7.9908586E-01
 2.4641286E-02  3.6987134E-02  6.2456684E-02  1.0346668E-01  9.7824479E-02  4.8470610E-01  4.3768620E-01  6.2456684E-02  3.6987134E-02  2.4641286E-02  7.5630252E-01
 2.5045010E-02  3.6742058E-02  6.1087044E-02  1.0029942E-01  9.4880129E-02  4.7587587E-01  4.2925702E-01  6.1087044E-02  3.6742058E-02  2.5045010E-02  7.1488301E-01
 2.5307101E-02  3.6384851E-02  5.9639394E-02  9.7106257E-02  9.1908284E-02  4.6673575E-01  4.2056577E-01  5.9639394E-02  3.6384851E-02  2.5307101E-02  6.7492058E-01
 0.0000000E+00  0.0000000E+00  5.0251999E-02  1.3062083E-01  1.2063886E-01  5.6918758E-01  5.2233809E-01  5.0251999E-02  0.0000000E+00  0.0000000E+00  1.2697358E+00
 0.0000000E+00  3.8206569E-03  5.2165446E-02  1.2957931E-01  1.1977955E-01  5.7009951E-01  5.2251271E-01  5.2165446E-02  3.8206569E-03  0.0000000E+00  1.2650956E+00
 0.0000000E+00  7.2188227E-03  5.3762209E-02  1.2837473E-01  1.1876713E-01  5.7014354E-01  5.2192123E-01  5.3762209E-02  7.2188227E-03  0.0000000E+00  1.2544387E+00
 0.0000000E+00  1.0253496E-02  5.5084833E-02  1.2702656E-01  1.1761990E-01  5.6940841E-01  5.2064178E-01  5.5084833E-02  1.0253496E-02  0.0000000E+00  1.2387974E+00
 0.0000000E+00  1.2967743E-02  5.6164183E-02  1.2554821E-01  1.1634967E-01  5.6797095E-01  5.1874243E-01  5.6164183E-02  1.2967743E-02  0.0000000E+00  1.2189956E+00
 0.0000000E+00  1.5395370E-02  5.7024661E-02  1.2394922E-01  1.1496504E-01  5.6589283E-01  5.1627729E-01  5.7024661E-02  1.5395370E-02  0.0000000E+00  1.1957110E+00
 0.0000000E+00  1.7563768E-02  5.7686077E-02  1.2223959E-01  1.1347478E-01  5.6322299E-01  5.1329021E-01  5.7686077E-02  1.7563768E-02  0.0000000E+00  1.1695171E+00
 0.0000000E+00  1.9495463E-02  5.8165325E-02  1.2042777E-01  1.1188640E-01  5.6000373E-01  5.0981919E-01  5.8165325E-02  1.9495463E-02  0.0000000E+00  1.1409353E+00
 2.8762069E-03  2.1398168E-02  5.8528828E-02  1.1835702E-01  1.1006582E-01  5.5586595E-01  5.0548045E-01  5.8528828E-02  2.1398168E-02  2.8762069E-03  1.1000804E+00
 5.4599224E-03  2.3051761E-02  5.8684302E-02  1.1613721E-01  1.0810127E-01  5.5108286E-01  5.0056597E-01  5.8684302E-02  2.3051761E-02  5.4599224E-03  1.0580367E+00
 7.7685918E-03  2.4472091E-02  5.8646346E-02  1.1378173E-01  1.0600557E-01  5.4568217E-01  4.9510225E-01  5.8646346E-02  2.4472091E-02  7.7685918E-03  1.0151630E+00
 9.8184401E-03  2.5673131E-02  5.8428724E-02  1.1130516E-01  1.0379175E-01  5.3969475E-01  4.8911890E-01  5.8428724E-02  2.5673131E-02  9.8184401E-03  9.7180546E-01
 1.1625098E-02  2.6668853E-02  5.8044783E-02  1.0871908E-01  1.0147095E-01  5.3315372E-01  4.8264745E-01  5.8044783E-02  2.6668853E-02  1.1625098E-02  9.2828108E-01
 1.3203613E-02  2.7472604E-02  5.7507663E-02  1.0603750E-01  9.9055883E-02  5.2609100E-01  4.7571855E-01  5.7507663E-02  2.7472604E-02  1.3203613E-02  8.8487556E-01
 1.4568677E-02  2.8097524E-02  5.6830188E-02  1.0327318E-01  9.6558389E-02  5.1853908E-01  4.6836331E-01  5.6830188E-02  2.8097524E-02  1.4568677E-02  8.4185170E-01
 1.5734472E-02  2.8556543E-02  5.6025081E-02  1.0043948E-01  9.3990748E-02  5.1053091E-01  4.6061240E-01  5.6025081E-02  2.8556543E-02  1.5734472E-02  7.9943889E-01
 1.6714970E-02  2.8862277E-02  5.5104541E-02  9.7547291E-02  9.1363556E-02  5.0210004E-01  4.5249796E-01  5.5104541E-02  2.8862277E-02  1.6714970E-02  7.5784046E-01
 1.7523727E-02  2.9026823E-02  5.4080873E-02  9.4610445E-02  8.8689259E-02  4.9327897E-01  4.4405004E-01  5.4080873E-02  2.9026823E-02  1.7523727E-02  7.1722952E-01
 1.8173777E-02  2.9062277E-02  5.2965652E-02  9.1639845E-02  8.5978332E-02  4.8410086E-01  4.3530016E-01  5.2965652E-02  2.9062277E-02  1.8173777E-02  6.7775413E-01
 1.8677842E-02  2.8980212E-02  5.1770139E-02  8.8646849E-02  8.3241417E-02  4.7459904E-01  4.2627961E-01  5.1770139E-02  2.8980212E-02  1.8677842E-02  6.3953630E-01
 1.9048123E-02  2.8791683E-02  5.0505388E-02  8.5642356E-02  8.0488782E-02  4.6480684E-01  4.1701868E-01  5.0505388E-02  2.8791683E-02  1.9048123E-02  6.0266988E-01
 1.9296610E-02  2.8507638E-02  4.9181825E-02  8.2636497E-02  7.7730007E-02  4.5475575E-01  4.0754740E-01  4.9181825E-02  2.8507638E-02  1.9296610E-02  5.6722993E-01
 1.9434357E-02  2.8138192E-02  4.7809358E-02  7.9639025E-02  7.4974314E-02  4.4447931E-01  3.9789586E-01  4.7809358E-02  2.8138192E-02  1.9434357E-02  5.3326965E-01
 0.0000000E+00  0.0000000E+00  4.5601304E-02  1.1929671E-01  1.0870957E-01  5.8588582E-01  5.3519191E-01  4.5601304E-02  0.0000000E+00  0.0000000E+00  1.1122736E+00
 0.0000000E+00  3.1432228E-03  4.6838744E-02  1.1751615E-01  1.0724256E-01  5.8414509E-01  5.3283565E-01  4.6838744E-02  3.1432228E-03  0.0000000E+00  1.1018285E+00
 0.0000000E+00  5.9223398E-03  4.7826647E-02  1.1565973E-01  1.0569757E-01  5.8166863E-01  5.2985301E-01  4.7826647E-02  5.9223398E-03  0.0000000E+00  1.0866131E+00
 0.0000000E+00  8.3891412E-03  4.8599690E-02  1.1373590E-01  1.0408366E-01  5.7852712E-01  5.2630324E-01  4.8599690E-02  8.3891412E-03  0.0000000E+00  1.0674891E+00
 0.0000000E+00  1.0581117E-02  4.9182302E-02  1.1174874E-01  1.0240462E-01  5.7478502E-01  5.2224103E-01  4.9182302E-02  1.0581117E-02  0.0000000E+00  1.0451689E+00
 0.0000000E+00  1.2527893E-02  4.9593670E-02  1.0970316E-01  1.0066482E-01  5.7049446E-01  5.1771078E-01  4.9593670E-02  1.2527893E-02  0.0000000E+00  1.0202366E+00
 0.0000000E+00  1.4253685E-02  4.9849881E-02  1.0760321E-01  9.8867977E-02  5.6569897E-01  5.1274998E-01  4.9849881E-02  1.4253685E-02  0.0000000E+00  9.9318782E-01
 0.0000000E+00  1.5778081E-02  4.9964401E-02  1.0545238E-01  9.7017512E-02  5.6043425E-01  5.0738968E-01  4.9964401E-02  1.5778081E-02  0.0000000E+00  9.6444212E-01
 2.3051500E-03  1.7266490E-02  4.9966427E-02  1.0306068E-01  9.4952797E-02  5.5413238E-01  5.0106332E-01  4.9966427E-02  1.7266490E-02  2.3051500E-03  9.2540983E-01
 4.3620731E-03  1.8544328E-02  4.9804240E-02  1.0057581E-01  9.2793337E-02  5.4726171E-01  4.9424278E-01  4.9804240E-02  1.8544328E-02  4.3620731E-03  8.8576979E-01
 6.1870000E-03  1.9626255E-02  4.9491662E-02  9.8009736E-02  9.0550625E-02  5.3984987E-01  4.8695405E-01  4.9491662E-02  1.9626255E-02  6.1870000E-03  8.4582586E-01
 7.7947551E-03  2.0525377E-02  4.9040730E-02  9.5373368E-02  8.8234728E-02  5.3192879E-01  4.7922718E-01  4.9040730E-02  2.0525377E-02  7.7947551E-03  8.0586645E-01
 9.1995551E-03  2.1254447E-02  4.8463242E-02  9.2677851E-02  8.5855952E-02  5.2353466E-01  4.7109628E-01  4.8463242E-02  2.1254447E-02  9.1995551E-03  7.6615252E-01
 1.0415128E-02  2.1825619E-02  4.7770757E-02  8.9933950E-02  8.3424268E-02  5.1470058E-01  4.6259142E-01  4.7770757E-02  2.1825619E-02  1.0415128E-02  7.2691765E-01
 1.1454702E-02  2.2250811E-02  4.6974476E-02  8.7152357E-02  8.0949718E-02  5.0546133E-01  4.5374573E-01  4.6974476E-02  2.2250811E-02  1.1454702E-02  6.8836918E-01
 1.2331028E-02  2.2541581E-02  4.6085483E-02  8.4343315E-02  7.8441841E-02  4.9585120E-01  4.4459048E-01  4.6085483E-02  2.2541581E-02  1.2331028E-02  6.5068469E-01
 1.3056642E-02  2.2709131E-02  4.5114264E-02  8.1516993E-02  7.5910250E-02  4.8590423E-01  4.3515716E-01  4.5114264E-02  2.2709131E-02  1.3056642E-02  6.1401789E-01
 1.3643425E-02  2.2764305E-02  4.4071306E-02  7.8683015E-02  7.3364032E-02  4.7565497E-01  4.2547796E-01  4.4071306E-02  2.2764305E-02  1.3643425E-02  5.7849510E-01
 1.4102818E-02  2.2717711E-02  4.2966261E-02  7.5850622E-02  7.0811938E-02  4.6513721E-01  4.1558343E-01  4.2966261E-02  2.2717711E-02  1.4102818E-02  5.4421761E-01
 1.4446022E-02  2.2579238E-02  4.1808782E-02  7.3028676E-02  6.8262386E-02  4.5438383E-01  4.0550386E-01  4.1808782E-02  2.2579238E-02  1.4446022E-02  5.1126647E-01
 1.4683643E-02  2.2358658E-02  4.0607807E-02  7.0225372E-02  6.5723270E-02  4.4342862E-01  3.9526980E-01  4.0607807E-02  2.2358658E-02  1.4683643E-02  4.7969887E-01
 1.4825691E-02  2.2065147E-02  3.9371796E-02  6.7448500E-02  6.3202052E-02  4.3230421E-01  3.8491061E-01  3.9371796E-02  2.2065147E-02  1.4825691E-02  4.4955413E-01
 1.4882057E-02  2.1707285E-02  3.8109092E-02  6.4705159E-02  6.0705576E-02  4.2104179E-01  3.7445466E-01  3.8109092E-02  2.1707285E-02  1.4882057E-02  4.2085132E-01
 0.0000000E+00  0.0000000E+00  4.0895425E-02  1.0759393E-01  9.6883057E-02  5.9931644E-01  5.4468678E-01  4.0895425E-02  0.0000000E+00  0.0000000E+00  9.7262227E-01
 0.0000000E+00  2.5950564E-03  4.1623399E-02  1.0530355E-01  9.5024869E-02  5.9492069E-01  5.3984353E-01  4.1623399E-02  2.5950564E-03  0.0000000E+00  9.5853236E-01
 0.0000000E+00  4.8746483E-03  4.2157067E-02  1.0300845E-01  9.3146424E-02  5.8993491E-01  5.3452432E-01  4.2157067E-02  4.8746483E-03  0.0000000E+00  9.4061974E-01
 0.0000000E+00  6.8848830E-03  4.2524495E-02  1.0070913E-01  9.1250344E-02  5.8440919E-01  5.2876813E-01  4.2524495E-02  6.8848830E-03  0.0000000E+00  9.1963330E-01
 0.0000000E+00  8.6587924E-03  4.2744979E-02  9.8402903E-02  8.9335131E-02  5.7839575E-01  5.2261582E-01  4.2744979E-02  8.6587924E-03  0.0000000E+00  8.9619644E-01
 0.0000000E+00  1.0222581E-02  4.2833631E-02  9.6088425E-02  8.7400236E-02  5.7193878E-01  5.1610420E-01  4.2833631E-02  1.0222581E-02  0.0000000E+00  8.7081787E-01
 0.0000000E+00  1.1597582E-02  4.2803271E-02  9.3765380E-02  8.5445977E-02  5.6507164E-01  5.0925924E-01  4.2803271E-02  1.1597582E-02  0.0000000E+00  8.4392127E-01
 0.0000000E+00  1.2801459E-02  4.2664963E-02  9.1434285E-02  8.3473320E-02  5.5782722E-01  5.0210880E-01  4.2664963E-02  1.2801459E-02  0.0000000E+00  8.1587368E-01
 1.8518749E-03  1.3965098E-02  4.2420460E-02  8.8886078E-02  8.1307707E-02  5.4944658E-01  4.9391402E-01  4.2420460E-02  1.3965098E-02  1.8518749E-03  7.7919700E-01
 3.4927925E-03  1.4950933E-02  4.2048715E-02  8.6290821E-02  7.9086594E-02  5.4058320E-01  4.8531411E-01  4.2048715E-02  1.4950933E-02  3.4927925E-03  7.4234085E-01
 4.9377844E-03  1.5772822E-02  4.1562004E-02  8.3658629E-02  7.6819836E-02  5.3126457E-01  4.7633420E-01  4.1562004E-02  1.5772822E-02  4.9377844E-03  7.0556432E-01
 6.2004522E-03  1.6442504E-02  4.0970989E-02  8.0998323E-02  7.4515749E-02  5.2152656E-01  4.6700725E-01  4.0970989E-02  1.6442504E-02  6.2004522E-03  6.6910893E-01
 7.2937630E-03  1.6971585E-02  4.0285789E-02  7.8318478E-02  7.2182488E-02  5.1140368E-01  4.5736485E-01  4.0285789E-02  1.6971585E-02  7.2937630E-03  6.3318923E-01
 8.2301309E-03  1.7371127E-02  3.9516524E-02  7.5627809E-02  6.9828343E-02  5.0093286E-01  4.4744025E-01  3.9516524E-02  1.7371127E-02  8.2301309E-03  5.9799414E-01
 9.0214842E-03  1.7651792E-02  3.8672776E-02  7.2934568E-02  6.7461252E-02  4.9014860E-01  4.3726505E-01  3.8672776E-02  1.7651792E-02  9.0214842E-03  5.6368556E-01
 9.6792654E-03  1.7823969E-02  3.7763854E-02  7.0246766E-02  6.5088856E-02  4.7908569E-01  4.2687060E-01  3.7763854E-02  1.7823969E-02  9.6792654E-03  5.3039845E-01
 1.0214472E-02  1.7897374E-02  3.6798933E-02  6.7572122E-02  6.2718686E-02  4.6777944E-01  4.1628904E-01  3.6798933E-02  1.7897374E-02  1.0214472E-02  4.9824614E-01
 1.0637655E-02  1.7881721E-02  3.5786381E-02  6.4918051E-02  6.0357897E-02  4.5626355E-01  4.0555011E-01  3.5786381E-02  1.7881721E-02  1.0637655E-02  4.6731634E-01
 1.0958868E-02  1.7786052E-02  3.4734563E-02  6.2291436E-02  5.8013237E-02  4.4457332E-01  3.9468595E-01  3.4734563E-02  1.7786052E-02  1.0958868E-02  4.3767652E-01
 1.1187758E-02  1.7619003E-02  3.3651305E-02  5.9698779E-02  5.5691156E-02  4.3274030E-01  3.8372440E-01  3.3651305E-02  1.7619003E-02  1.1187758E-02  4.0937120E-01
 1.1333420E-02  1.7388804E-02  3.2543893E-02  5.7146043E-02  5.3397567E-02  4.2079817E-01  3.7269519E-01  3.2543893E-02  1.7388804E-02  1.1333420E-02  3.8243008E-01
 1.1404517E-02  1.7103416E-02  3.1419075E-02  5.4638762E-02  5.1137999E-02  4.0877821E-01  3.6162643E-01  3.1419075E-02  1.7103416E-02  1.1404517E-02  3.5686529E-01
 1.1409199E-02  1.6769992E-02  3.0283462E-02  5.2181765E-02  4.8917339E-02  3.9671059E-01  3.5054460E-01  3.0283462E-02  1.6769992E-02  1.1409199E-02  3.3267280E-01
 0.0000000E+00  0.0000000E+00  3.6203825E-02  9.5664895E-02  8.5353929E-02  6.0923863E-01  5.5059273E-01  3.6203825E-02  0.0000000E+00  0.0000000E+00  8.4905588E-01
 0.0000000E+00  2.1379967E-03  3.6549490E-02  9.3059991E-02  8.3271044E-02  6.0215696E-01  5.4329116E-01  3.6549490E-02  2.1379967E-03  0.0000000E+00  8.3274183E-01
 0.0000000E+00  4.0045728E-03  3.6747880E-02  9.0508340E-02  8.1212716E-02  5.9465338E-01  5.3568194E-01  3.6747880E-02  4.0045728E-03  0.0000000E+00  8.1334879E-01
 0.0000000E+00  5.6402707E-03  3.6821290E-02  8.8003433E-02  7.9176352E-02  5.8675539E-01  5.2778157E-01  3.6821290E-02  5.6402707E-03  0.0000000E+00  7.9154565E-01
 0.0000000E+00  7.0738479E-03  3.6784282E-02  8.5536865E-02  7.7156250E-02  5.7849985E-01  5.1961536E-01  3.6784282E-02  7.0738479E-03  0.0000000E+00  7.6788148E-01
 0.0000000E+00  8.3282525E-03  3.6648685E-02  8.3102412E-02  7.5148173E-02  5.6991824E-01  5.1120645E-01  3.6648685E-02  8.3282525E-03  0.0000000E+00  7.4280218E-01
 0.0000000E+00  9.4221709E-03  3.6424208E-02  8.0696056E-02  7.3149764E-02  5.6103837E-01  5.0257556E-01  3.6424208E-02  9.4221709E-03  0.0000000E+00  7.1668240E-01
 0.0000000E+00  1.0371180E-02  3.6119495E-02  7.8315173E-02  7.1159705E-02  5.5188384E-01  4.9374004E-01  3.6119495E-02  1.0371180E-02  0.0000000E+00  6.8983307E-01
 1.4843940E-03  1.1279465E-02  3.5718772E-02  7.5745496E-02  6.9000794E-02  5.4151565E-01  4.8380363E-01  3.5718772E-02  1.1279465E-02  1.4843940E-03  6.5576254E-01
 2.7905286E-03  1.2038092E-02  3.5221130E-02  7.3165462E-02  6.6816748E-02  5.3076397E-01  4.7356059E-01  3.5221130E-02  1.2038092E-02  2.7905286E-03  6.2183458E-01
 3.9322091E-03  1.2659652E-02  3.4637488E-02  7.0583385E-02  6.4616088E-02  5.1965669E-01  4.6303612E-01  3.4637488E-02  1.2659652E-02  3.9322091E-03  5.8827064E-01
 4.9216545E-03  1.3154959E-02  3.3977099E-02  6.8005999E-02  6.2405430E-02  5.0822772E-01  4.5226002E-01  3.3977099E-02  1.3154959E-02  4.9216545E-03  5.5527093E-01
 5.7704525E-03  1.3534402E-02  3.3248609E-02  6.5439582E-02  6.0191082E-02  4.9651435E-01  4.4126627E-01  3.3248609E-02  1.3534402E-02  5.7704525E-03  5.2301290E-01
 6.4897209E-03  1.3807855E-02  3.2460511E-02  6.2890719E-02  5.7979657E-02  4.8455232E-01  4.3008589E-01  3.2460511E-02  1.3807855E-02  6.4897209E-03  4.9164217E-01
 7.0900466E-03  1.3984859E-02  3.1621147E-02  6.0365537E-02  5.5777312E-02  4.7237707E-01  4.1875015E-01  3.1621147E-02  1.3984859E-02  7.0900466E-03  4.6128765E-01
 7.5815311E-03  1.4074498E-02  3.0738253E-02  5.7869739E-02  5.3589872E-02  4.6002314E-01  4.0728975E-01  3.0738253E-02  1.4074498E-02  7.5815311E-03  4.3204491E-01
 7.9738207E-03  1.4085494E-02  2.9819260E-02  5.5409122E-02  5.1423218E-02  4.4752568E-01  3.9573626E-01  2.9819260E-02  1.4085494E-02  7.9738207E-03  4.0399583E-01
 8.2761070E-03  1.4026114E-02  2.8871449E-02  5.2988814E-02  4.9282689E-02  4.3491740E-01  3.8411765E-01  2.8871449E-02  1.4026114E-02  8.2761070E-03  3.7719504E-01
 8.4971112E-03  1.3904213E-02  2.7901342E-02  5.0613731E-02  4.7173379E-02  4.2223222E-01  3.7246370E-01  2.7901342E-02  1.3904213E-02  8.4971112E-03  3.5168044E-01
 8.6450995E-03  1.3727270E-02  2.6915310E-02  4.8288244E-02  4.5099865E-02  4.0950166E-01  3.6080205E-01  2.6915310E-02  1.3727270E-02  8.6450995E-03  3.2747327E-01
 8.7278528E-03  1.3502247E-02  2.5919115E-02  4.6016269E-02  4.3066421E-02  3.9675661E-01  3.4915943E-01  2.5919115E-02  1.3502247E-02  8.7278528E-03  3.0457808E-01
 8.7526818E-03  1.3235725E-02  2.4918370E-02  4.3801481E-02  4.1076958E-02  3.8402645E-01  3.3756109E-01  2.4918370E-02  1.3235725E-02  8.7526818E-03  2.8298577E-01
 8.7264271E-03  1.2933818E-02  2.3917776E-02  4.1647038E-02  3.9134990E-02  3.7134055E-01  3.2603223E-01  2.3917776E-02  1.2933818E-02  8.7264271E-03  2.6267662E-01
 0.0000000E+00  0.0000000E+00  3.1648920E-02  8.3838987E-02  7.4405611E-02  6.1522821E-01  5.5262815E-01  3.1648920E-02  0.0000000E+00  0.0000000E+00  7.4108099E-01
 0.0000000E+00  1.7688546E-03  3.1728138E-02  8.1096304E-02  7.2235571E-02  6.0549187E-01  5.4295938E-01  3.1728138E-02  1.7688546E-03  0.0000000E+00  7.2345659E-01
 0.0000000E+00  3.3020345E-03  3.1695807E-02  7.8448785E-02  7.0121187E-02  5.9551604E-01  5.3315940E-01  3.1695807E-02  3.3020345E-03  0.0000000E+00  7.0336425E-01
 0.0000000E+00  4.6358991E-03  3.1570717E-02  7.5885285E-02  6.8056676E-02  5.8530532E-01  5.2322190E-01  3.1570717E-02  4.6358991E-03  0.0000000E+00  6.8139977E-01
 0.0000000E+00  5.7959402E-03  3.1363869E-02  7.3393051E-02  6.6033294E-02  5.7487993E-01  5.1315717E-01  3.1363869E-02  5.7959402E-03  0.0000000E+00  6.5805574E-01
 0.0000000E+00  6.8025550E-03  3.1084066E-02  7.0962538E-02  6.4044675E-02  5.6426005E-01  5.0297545E-01  3.1084066E-02  6.8025550E-03  0.0000000E+00  6.3372487E-01
 0.0000000E+00  7.6723828E-03  3.0739263E-02  6.8586901E-02  6.2086492E-02  5.5346223E-01  4.9268731E-01  3.0739263E-02  7.6723828E-03  0.0000000E+00  6.0873216E-01
 0.0000000E+00  8.4193036E-03  3.0336231E-02  6.6261154E-02  6.0155776E-02  5.4250500E-01  4.8230467E-01  3.0336231E-02  8.4193036E-03  0.0000000E+00  5.8335012E-01
 1.1916574E-03  9.1256842E-03  2.9847548E-02  6.3775069E-02  5.8079527E-02  5.3027767E-01  4.7078342E-01  2.9847548E-02  9.1256842E-03  1.1916574E-03  5.5194038E-01
 2.2322820E-03  9.7062634E-03  2.9286418E-02  6.1306302E-02  5.6001024E-02  5.1777895E-01  4.5906298E-01  2.9286418E-02  9.7062634E-03  2.2322820E-03  5.2091996E-01
 3.1345588E-03  1.0172602E-02  2.8662658E-02  5.8861530E-02  5.3927472E-02  5.0503151E-01  4.4716302E-01  2.8662658E-02  1.0172602E-02  3.1345588E-03  4.9047167E-01
 3.9095445E-03  1.0534485E-02  2.7983716E-02  5.6445462E-02  5.1863978E-02  4.9207352E-01  4.3511645E-01  2.7983716E-02  1.0534485E-02  3.9095445E-03  4.6076648E-01
 4.5677510E-03  1.0801203E-02  2.7257548E-02  5.4062505E-02  4.9815447E-02  4.7893846E-01  4.2295241E-01  2.7257548E-02  1.0801203E-02  4.5677510E-03  4.3194149E-01
 5.1190633E-03  1.0981560E-02  2.6490755E-02  5.1716929E-02  4.7786579E-02  4.6566081E-01  4.1070076E-01  2.6490755E-02  1.0981560E-02  5.1190633E-03  4.0411350E-01
 5.5729101E-03  1.1084003E-02  2.5690616E-02  4.9413274E-02  4.5782312E-02  4.5227844E-01  3.9839472E-01  2.5690616E-02  1.1084003E-02  5.5729101E-03  3.7737562E-01
 5.9382286E-03  1.1116503E-02  2.4863393E-02  4.7155340E-02  4.3806973E-02  4.3882276E-01  3.8606042E-01  2.4863393E-02  1.1116503E-02  5.9382286E-03  3.5179553E-01
 6.2234485E-03  1.1086660E-02  2.4015351E-02  4.4946786E-02  4.1864688E-02  4.2532725E-01  3.7372702E-01  2.4015351E-02  1.1086660E-02  6.2234485E-03  3.2742404E-01
 6.4365764E-03  1.1001636E-02  2.3152073E-02  4.2791105E-02  3.9959413E-02  4.1182267E-01  3.6142131E-01  2.3152073E-02  1.1001636E-02  6.4365764E-03  3.0429160E-01
 6.5851277E-03  1.0868150E-02  2.2278979E-02  4.0691316E-02  3.8094729E-02  3.9834145E-01  3.4917010E-01  2.2278979E-02  1.0868150E-02  6.5851277E-03  2.8241176E-01
 6.6761781E-03  1.0692549E-02  2.1401145E-02  3.8650201E-02  3.6273948E-02  3.8491437E-01  3.3700018E-01  2.1401145E-02  1.0692549E-02  6.6761781E-03  2.6178452E-01
 6.7163120E-03  1.0480708E-02  2.0523141E-02  3.6669967E-02  3.4499774E-02  3.7156642E-01  3.2493224E-01  2.0523141E-02  1.0480708E-02  6.7163120E-03  2.4239633E-01
 6.7116909E-03  1.0238127E-02  1.9649031E-02  3.4752515E-02  3.2774705E-02  3.5832768E-01  3.1299206E-01  1.9649031E-02  1.0238127E-02  6.7116909E-03  2.2422351E-01
 6.6680362E-03  9.9698337E-03  1.8782707E-02  3.2899680E-02  3.1101138E-02  3.4522215E-01  3.0119966E-01  1.8782707E-02  9.9698337E-03  6.6680362E-03  2.0723049E-01
 0.0000000E+00  0.0000000E+00  2.7319815E-02  7.2393020E-02  6.4205677E-02  6.1696800E-01  5.5065321E-01  2.7319815E-02  0.0000000E+00  0.0000000E+00  6.4724746E-01
 0.0000000E+00  1.4603358E-03  2.7216603E-02  6.9653371E-02  6.2047641E-02  6.0463404E-01  5.3872863E-01  2.7216603E-02  1.4603358E-03  0.0000000E+00  6.2893016E-01
 0.0000000E+00  2.7175318E-03  2.7031760E-02  6.7037655E-02  5.9966652E-02  5.9226209E-01  5.2686079E-01  2.7031760E-02  2.7175318E-03  0.0000000E+00  6.0864808E-01
 0.0000000E+00  3.8036963E-03  2.6780110E-02  6.4531719E-02  5.7954910E-02  5.7983293E-01  5.1502202E-01  2.6780110E-02  3.8036963E-03  0.0000000E+00  5.8694543E-01
 0.0000000E+00  4.7412169E-03  2.6469536E-02  6.2119481E-02  5.6001472E-02  5.6734719E-01  5.0320230E-01  2.6469536E-02  4.7412169E-03  0.0000000E+00  5.6425570E-01
 0.0000000E+00  5.5479774E-03  2.6106981E-02  5.9788938E-02  5.4098262E-02  5.5481153E-01  4.9140059E-01  2.6106981E-02  5.5479774E-03  0.0000000E+00  5.4093357E-01
 0.0000000E+00  6.2386339E-03  2.5698262E-02  5.7531419E-02  5.2239879E-02  5.4222926E-01  4.7961358E-01  2.5698262E-02  6.2386339E-03  0.0000000E+00  5.1725864E-01
 0.0000000E+00  6.8254592E-03  2.5248446E-02  5.5339932E-02  5.0421865E-02  5.2961196E-01  4.6784661E-01  2.5248446E-02  6.8254592E-03  0.0000000E+00  4.9346923E-01
 9.5435165E-04  7.3740211E-03  2.4724880E-02  5.3016475E-02  4.8481169E-02  5.1569544E-01  4.5492803E-01  2.4724880E-02  7.3740211E-03  9.5435165E-04  4.6466373E-01
 1.7815218E-03  7.8170253E-03  2.4147831E-02  5.0729663E-02  4.6554684E-02  5.0162613E-01  4.4192017E-01  2.4147831E-02  7.8170253E-03  1.7815218E-03  4.3643433E-01
 2.4929990E-03  8.1650183E-03  2.3526496E-02  4.8484608E-02  4.4648369E-02  4.8742762E-01  4.2884259E-01  2.3526496E-02  8.1650183E-03  2.4929990E-03  4.0893681E-01
 3.0986464E-03  8.4267450E-03  2.2866878E-02  4.6284285E-02  4.2766004E-02  4.7313438E-01  4.1572462E-01  2.2866878E-02  8.4267450E-03  3.0986464E-03  3.8230626E-01
 3.6077813E-03  8.6105184E-03  2.2175546E-02  4.4131369E-02  4.0911108E-02  4.5877902E-01  4.0259372E-01  2.2175546E-02  8.6105184E-03  3.6077813E-03  3.5665154E-01
 4.0291299E-03  8.7241266E-03  2.1458317E-02  4.2028644E-02  3.9087277E-02  4.4439487E-01  3.8947847E-01  2.1458317E-02  8.7241266E-03  4.0291299E-03  3.3205895E-01
 4.3710052E-03  8.7750007E-03  2.0721009E-02  3.9978748E-02  3.7297878E-02  4.3001415E-01  3.7640482E-01  2.0721009E-02  8.7750007E-03  4.3710052E-03  3.0859232E-01
 4.6411577E-03  8.7701216E-03  1.9968688E-02  3.7983866E-02  3.5545981E-02  4.1566983E-01  3.6340174E-01  1.9968688E-02  8.7701216E-03  4.6411577E-03  2.8629480E-01
 4.8469246E-03  8.7160385E-03  1.9206421E-02  3.6046483E-02  3.3834729E-02  4.0139002E-01  3.5049178E-01  1.9206421E-02  8.7160385E-03  4.8469246E-03  2.6519078E-01
 4.9951932E-03  8.6189068E-03  1.8438918E-02  3.4168222E-02  3.2166629E-02  3.8720581E-01  3.3770203E-01  1.8438918E-02  8.6189068E-03  4.9951932E-03  2.4529153E-01
 5.0924001E-03  8.4844498E-03  1.7670234E-02  3.2350817E-02  3.0544075E-02  3.7314341E-01  3.2505319E-01  1.7670234E-02  8.4844498E-03  5.0924001E-03  2.2659141E-01
 5.1445127E-03  8.3180534E-03  1.6904308E-02  3.0595591E-02  2.8969122E-02  3.5923130E-01  3.1256933E-01  1.6904308E-02  8.3180534E-03  5.1445127E-03  2.0907353E-01
 5.1571233E-03  8.1246156E-03  1.6144668E-02  2.8903452E-02  2.7443489E-02  3.4549345E-01  3.0026963E-01  1.6144668E-02  8.1246156E-03  5.1571233E-03  1.9270975E-01
 5.1353362E-03  7.9086588E-03  1.5394468E-02  2.7275272E-02  2.5968744E-02  3.3195234E-01  2.8817291E-01  1.5394468E-02  7.9086588E-03  5.1353362E-03  1.7746536E-01
 5.0838992E-03  7.6743865E-03  1.4656484E-02  2.5711247E-02  2.4545817E-02  3.1862968E-01  2.7629685E-01  1.4656484E-02  7.6743865E-03  5.0838992E-03  1.6329643E-01
 0.0000000E+00  0.0000000E+00  2.3285477E-02  6.1567965E-02  5.4859215E-02  6.1424018E-01  5.4463264E-01  2.3285477E-02  0.0000000E+00  0.0000000E+00  5.6594312E-01
 0.0000000E+00  1.2110863E-03  2.3073943E-02  5.8945548E-02  5.2789839E-02  5.9942879E-01  5.3061298E-01  2.3073943E-02  1.2110863E-03  0.0000000E+00  5.4729174E-01
 0.0000000E+00  2.2453816E-03  2.2802030E-02  5.6462765E-02  5.0809526E-02  5.8479522E-01  5.1684559E-01  2.2802030E-02  2.2453816E-03  0.0000000E+00  5.2712468E-01
 0.0000000E+00  3.1317355E-03  2.2481938E-02  5.4103646E-02  4.8909225E-02  5.7028979E-01  5.0327470E-01  2.2481938E-02  3.1317355E-03  0.0000000E+00  5.0592373E-01
 0.0000000E+00  3.8901352E-03  2.2120077E-02  5.1850721E-02  4.7077251E-02  5.5589957E-01  4.8987810E-01  2.2120077E-02  3.8901352E-03  0.0000000E+00  4.8407971E-01
 0.0000000E+00  4.5366266E-03  2.1721615E-02  4.9690558E-02  4.5304702E-02  5.4160795E-01  4.7663309E-01  2.1721615E-02  4.5366266E-03  0.0000000E+00  4.6190070E-01
 0.0000000E+00  5.0842988E-03  2.1290690E-02  4.7613026E-02  4.3585170E-02  5.2741404E-01  4.6353231E-01  2.1290690E-02  5.0842988E-03  0.0000000E+00  4.3963071E-01
 0.0000000E+00  5.5440904E-03  2.0831850E-02  4.5610588E-02  4.1913991E-02  5.1331198E-01  4.5056506E-01  2.0831850E-02  5.5440904E-03  0.0000000E+00  4.1746824E-01
 7.6525229E-04  5.9676958E-03  2.0309714E-02  4.3501994E-02  4.0140741E-02  4.9790776E-01  4.3645585E-01  2.0309714E-02  5.9676958E-03  7.6525229E-04  3.9115574E-01
 1.4231186E-03  6.3029656E-03  1.9749243E-02  4.1441858E-02  3.8392647E-02  4.8247722E-01  4.2237090E-01  1.9749243E-02  6.3029656E-03  1.4231186E-03  3.6556489E-01
 1.9840204E-03  6.5594324E-03  1.9158064E-02  3.9434450E-02  3.6674948E-02  4.6704183E-01  4.0832802E-01  1.9158064E-02  6.5594324E-03  1.9840204E-03  3.4082184E-01
 2.4568328E-03  6.7449536E-03  1.8541659E-02  3.7480902E-02  3.4990031E-02  4.5163170E-01  3.9435086E-01  1.8541659E-02  6.7449536E-03  2.4568328E-03  3.1703410E-01
 2.8498558E-03  6.8668493E-03  1.7905259E-02  3.5582754E-02  3.3340489E-02  4.3627904E-01  3.8046718E-01  1.7905259E-02  6.8668493E-03  2.8498558E-03  2.9428025E-01
 3.1708372E-03  6.9320464E-03  1.7253742E-02  3.3741425E-02  3.1728832E-02  4.2101273E-01  3.6669979E-01  1.7253742E-02  6.9320464E-03  3.1708372E-03  2.7262232E-01
 3.4270765E-03  6.9469964E-03  1.6591722E-02  3.1958043E-02  3.0157241E-02  4.0586125E-01  3.5307191E-01  1.6591722E-02  6.9469964E-03  3.4270765E-03  2.5209960E-01
 3.6253766E-03  6.9177580E-03  1.5923478E-02  3.0233861E-02  2.8627978E-02  3.9085391E-01  3.3960798E-01  1.5923478E-02  6.9177580E-03  3.6253766E-03  2.3272864E-01
 3.7720443E-03  6.8499968E-03  1.5252958E-02  2.8569757E-02  2.7142854E-02  3.7601795E-01  3.2633041E-01  1.5252958E-02  6.8499968E-03  3.7720443E-03  2.1452184E-01
 3.8730347E-03  6.7489444E-03  1.4583783E-02  2.6966609E-02  2.5703676E-02  3.6137564E-01  3.1325620E-01  1.4583783E-02  6.7489444E-03  3.8730347E-03  1.9746410E-01
 3.9337860E-03  6.6194601E-03  1.3919240E-02  2.5424553E-02  2.4311553E-02  3.4695390E-01  3.0040826E-01  1.3919240E-02  6.6194601E-03  3.9337860E-03  1.8153847E-01
 3.9593851E-03  6.4660101E-03  1.3262307E-02  2.3944135E-02  2.2967797E-02  3.3277361E-01  2.8780253E-01  1.3262307E-02  6.4660101E-03  3.9593851E-03  1.6671414E-01
 3.9544845E-03  6.2926888E-03  1.2615609E-02  2.2525183E-02  2.1673160E-02  3.1885530E-01  2.7545548E-01  1.2615609E-02  6.2926888E-03  3.9544845E-03  1.5295307E-01
 3.9233644E-03  6.1032388E-03  1.1981462E-02  2.1167664E-02  2.0428398E-02  3.0521904E-01  2.6338283E-01  1.1981462E-02  6.1032388E-03  3.9233644E-03  1.4021120E-01
 3.8698710E-03  5.9010306E-03  1.1361872E-02  1.9871100E-02  1.9233804E-02  2.9188058E-01  2.5159693E-01  1.1361872E-02  5.9010306E-03  3.8698710E-03  1.2843953E-01
 0.0000000E+00  0.0000000E+00  1.9594740E-02  5.1553082E-02  4.6420502E-02  6.0693105E-01  5.3461799E-01  1.9594740E-02  0.0000000E+00  0.0000000E+00  4.9555828E-01
 0.0000000E+00  1.0013282E-03  1.9324258E-02  4.9128033E-02  4.4488572E-02  5.8980920E-01  5.1869657E-01  1.9324258E-02  1.0013282E-03  0.0000000E+00  4.7683663E-01
 0.0000000E+00  1.8501507E-03  1.9010274E-02  4.6848337E-02  4.2651682E-02  5.7308890E-01  5.0322326E-01  1.9010274E-02  1.8501507E-03  0.0000000E+00  4.5698666E-01
 0.0000000E+00  2.5719094E-03  1.8662849E-02  4.4697304E-02  4.0900012E-02  5.5669627E-01  4.8812238E-01  1.8662849E-02  2.5719094E-03  0.0000000E+00  4.3644338E-01
 0.0000000E+00  3.1842429E-03  1.8286490E-02  4.2656831E-02  3.9221532E-02  5.4059271E-01  4.7334871E-01  1.8286490E-02  3.1842429E-03  0.0000000E+00  4.1555344E-01
 0.0000000E+00  3.7013028E-03  1.7885073E-02  4.0712878E-02  3.7606945E-02  5.2475144E-01  4.5887011E-01  1.7885073E-02  3.7013028E-03  0.0000000E+00  3.9458420E-01
 0.0000000E+00  4.1346445E-03  1.7462085E-02  3.8855199E-02  3.6049731E-02  5.0914883E-01  4.4465811E-01  1.7462085E-02  4.1346445E-03  0.0000000E+00  3.7374184E-01
 0.0000000E+00  4.4939197E-03  1.7020678E-02  3.7075311E-02  3.4544551E-02  4.9377397E-01  4.3069869E-01  1.7020678E-02  4.4939197E-03  0.0000000E+00  3.5319629E-01
 6.1152689E-04  4.8202060E-03  1.6526230E-02  3.5212584E-02  3.2956134E-02  4.7711815E-01  4.1562764E-01  1.6526230E-02  4.8202060E-03  6.1152689E-04  3.2923177E-01
 1.1330571E-03  5.0727205E-03  1.6004774E-02  3.3404303E-02  3.1399821E-02  4.6056692E-01  4.0069443E-01  1.6004774E-02  5.0727205E-03  1.1330571E-03  3.0610330E-01
 1.5738733E-03  5.2600502E-03  1.5462927E-02  3.1653199E-02  2.9879451E-02  4.4413656E-01  3.8591223E-01  1.5462927E-02  5.2600502E-03  1.5738733E-03  2.8390604E-01
 1.9418149E-03  5.3891510E-03  1.4905220E-02  2.9959968E-02  2.8397049E-02  4.2785421E-01  3.7130376E-01  1.4905220E-02  5.3891510E-03  1.9418149E-03  2.6272383E-01
 2.2441775E-03  5.4665026E-03  1.4336003E-02  2.8324670E-02  2.6954140E-02  4.1174698E-01  3.5688947E-01  1.4336003E-02  5.4665026E-03  2.2441775E-03  2.4260650E-01
 2.4877606E-03  5.4982001E-03  1.3759242E-02  2.6747815E-02  2.5552253E-02  3.9584111E-01  3.4269072E-01  1.3759242E-02  5.4982001E-03  2.4877606E-03  2.2359281E-01
 2.6788740E-03  5.4898169E-03  1.3178696E-02  2.5229590E-02  2.4192878E-02  3.8015964E-01  3.2872524E-01  1.3178696E-02  5.4898169E-03  2.6788740E-03  2.0570019E-01
 2.8233817E-03  5.4465870E-03  1.2597766E-02  2.3770323E-02  2.2877385E-02  3.6472663E-01  3.1501225E-01  1.2597766E-02  5.4465870E-03  2.8233817E-03  1.8893046E-01
 2.9267212E-03  5.3733589E-03  1.2019577E-02  2.2369820E-02  2.1606695E-02  3.4956550E-01  3.0157003E-01  1.2019577E-02  5.3733589E-03  2.9267212E-03  1.7327162E-01
 2.9939451E-03  5.2745962E-03  1.1446961E-02  2.1028044E-02  2.0381750E-02  3.3469378E-01  2.8841252E-01  1.1446961E-02  5.2745962E-03  2.9939451E-03  1.5870077E-01
 3.0296755E-03  5.1543317E-03  1.0882412E-02  1.9744704E-02  1.9203204E-02  3.2013281E-01  2.7555602E-01  1.0882412E-02  5.1543317E-03  3.0296755E-03  1.4518553E-01
 3.0381040E-03  5.0163267E-03  1.0328171E-02  1.8519302E-02  1.8071487E-02  3.0589940E-01  2.6301337E-01  1.0328171E-02  5.0163267E-03  3.0381040E-03  1.3268532E-01
 3.0231502E-03  4.8639344E-03  9.7861431E-03  1.7351185E-02  1.6986798E-02  2.9201010E-01  2.5079705E-01  9.7861431E-03  4.8639344E-03  3.0231502E-03  1.2115485E-01
 2.9883261E-03  4.7002135E-03  9.2580265E-03  1.6239485E-02  1.5949101E-02  2.7847528E-01  2.3891479E-01  9.2580265E-03  4.7002135E-03  2.9883261E-03  1.1054425E-01
 2.9367810E-03  4.5278828E-03  8.7451807E-03  1.5183225E-02  1.4958192E-02  2.6530951E-01  2.2737719E-01  8.7451807E-03  4.5278828E-03  2.9367810E-03  1.0080098E-01
 0.0000000E+00  0.0000000E+00  1.6277143E-02  4.2481605E-02  3.8903986E-02  5.9505631E-01  5.2075481E-01  1.6277143E-02  0.0000000E+00  0.0000000E+00  4.3459410E-01
 0.0000000E+00  8.3193282E-04  1.5989972E-02  4.0310029E-02  3.7143545E-02  5.7584888E-01  5.0316380E-01  1.5989972E-02  8.3193282E-04  0.0000000E+00  4.1593924E-01
 0.0000000E+00  1.5310539E-03  1.5670422E-02  3.8280296E-02  3.5478121E-02  5.5727290E-01  4.8621825E-01  1.5670422E-02  1.5310539E-03  0.0000000E+00  3.9652614E-01
 0.0000000E+00  2.1200414E-03  1.5326988E-02  3.6376125E-02  3.3897814E-02  5.3922714E-01  4.6981935E-01  1.5326988E-02  2.1200414E-03  0.0000000E+00  3.7673022E-01
 0.0000000E+00  2.6147914E-03  1.4963301E-02  3.4579949E-02  3.2391046E-02  5.2164684E-01  4.5389847E-01  1.4963301E-02  2.6147914E-03  0.0000000E+00  3.5685031E-01
 0.0000000E+00  3.0280237E-03  1.4582449E-02  3.2878234E-02  3.0948876E-02  5.0448799E-01  4.3840823E-01  1.4582449E-02  3.0280237E-03  0.0000000E+00  3.3711366E-01
 0.0000000E+00  3.3701240E-03  1.4187296E-02  3.1260500E-02  2.9564495E-02  4.8771552E-01  4.2331210E-01  1.4187296E-02  3.3701240E-03  0.0000000E+00  3.1769068E-01
 0.0000000E+00  3.6496874E-03  1.3780337E-02  2.9718531E-02  2.8232782E-02  4.7130419E-01  4.0858097E-01  1.3780337E-02  3.6496874E-03  0.0000000E+00  2.9871722E-01
 4.8920764E-04  3.8988222E-03  1.3328945E-02  2.8113184E-02  2.6833891E-02  4.5365639E-01  3.9278686E-01  1.3328945E-02  3.8988222E-03  4.8920764E-04  2.7695528E-01
 9.0280546E-04  4.0866304E-03  1.2858931E-02  2.6563196E-02  2.5470431E-02  4.3624340E-01  3.7724204E-01  1.2858931E-02  4.0866304E-03  9.0280546E-04  2.5611213E-01
 1.2490354E-03  4.2207191E-03  1.2375974E-02  2.5070746E-02  2.4145759E-02  4.1907605E-01  3.6195543E-01  1.2375974E-02  4.2207191E-03  1.2490354E-03  2.3626088E-01
 1.5348994E-03  4.3072383E-03  1.1883830E-02  2.3635384E-02  2.2860891E-02  4.0217857E-01  3.4694503E-01  1.1883830E-02  4.3072383E-03  1.5348994E-03  2.1745463E-01
 1.7668514E-03  4.3519180E-03  1.1386079E-02  2.2256815E-02  2.1616864E-02  3.8557226E-01  3.3222686E-01  1.1386079E-02  4.3519180E-03  1.7668514E-03  1.9972597E-01
 1.9508560E-03  4.3599945E-03  1.0886007E-02  2.0934540E-02  2.0414498E-02  3.6927395E-01  3.1781393E-01  1.0886007E-02  4.3599945E-03  1.9508560E-03  1.8308998E-01
 2.0924185E-03  4.3363579E-03  1.0386576E-02  1.9668210E-02  1.9254610E-02  3.5330621E-01  3.0372298E-01  1.0386576E-02  4.3363579E-03  2.0924185E-03  1.6754518E-01
 2.1966095E-03  4.2855035E-03  9.8905050E-03  1.8457320E-02  1.8137806E-02  3.3768570E-01  2.8996673E-01  9.8905050E-03  4.2855035E-03  2.1966095E-03  1.5307748E-01
 2.2680848E-03  4.2115065E-03  9.4002378E-03  1.7301293E-02  1.7064562E-02  3.2242837E-01  2.7655690E-01  9.4002378E-03  4.2115065E-03  2.2680848E-03  1.3966095E-01
 2.3111147E-03  4.1181458E-03  8.9179482E-03  1.6199434E-02  1.6035154E-02  3.0755017E-01  2.6350518E-01  8.9179482E-03  4.1181458E-03  2.3111147E-03  1.2726077E-01
 2.3295892E-03  4.0087804E-03  8.4455134E-03  1.5150883E-02  1.5049651E-02  2.9306519E-01  2.5082169E-01  8.4455134E-03  4.0087804E-03  2.3295892E-03  1.1583520E-01
 2.3270453E-03  3.8865223E-03  7.9845881E-03  1.4154723E-02  1.4107984E-02  2.7898279E-01  2.3851315E-01  7.9845881E-03  3.8865223E-03  2.3270453E-03  1.0533681E-01
 2.3066838E-03  3.7540884E-03  7.5365061E-03  1.3209849E-02  1.3209873E-02  2.6531478E-01  2.2658748E-01  7.5365061E-03  3.7540884E-03  2.3066838E-03  9.5714732E-02
 2.2713845E-03  3.6139732E-03  7.1024776E-03  1.2315080E-02  1.2354870E-02  2.5206814E-01  2.1504907E-01  7.1024776E-03  3.6139732E-03  2.2713845E-03  8.6915608E-02
 2.2237286E-03  3.4683256E-03  6.6833671E-03  1.1469071E-02  1.1542343E-02  2.3924976E-01  2.0390215E-01  6.6833671E-03  3.4683256E-03  2.2237286E-03  7.8885353E-02
 0.0000000E+00  0.0000000E+00  1.3344684E-02  3.4431647E-02  3.2291906E-02  5.7875139E-01  5.0326984E-01  1.3344684E-02  0.0000000E+00  0.0000000E+00  3.8169471E-01
 0.0000000E+00  6.8831366E-04  1.3065679E-02  3.2543956E-02  3.0719097E-02  5.5773434E-01  4.8427704E-01  1.3065679E-02  6.8831366E-04  0.0000000E+00  3.6326407E-01
 0.0000000E+00  1.2621768E-03  1.2762583E-02  3.0788222E-02  2.9237760E-02  5.3757667E-01  4.6612107E-01  1.2762583E-02  1.2621768E-03  0.0000000E+00  3.4439130E-01
 0.0000000E+00  1.7413518E-03  1.2442392E-02  2.9149149E-02  2.7838325E-02  5.1814770E-01  4.4867806E-01  1.2442392E-02  1.7413518E-03  0.0000000E+00  3.2540866E-01
 0.0000000E+00  2.1399551E-03  1.2108079E-02  2.7610182E-02  2.6509610E-02  4.9936219E-01  4.3186174E-01  1.2108079E-02  2.1399551E-03  0.0000000E+00  3.0656804E-01
 0.0000000E+00  2.4692412E-03  1.1762136E-02  2.6158903E-02  2.5243322E-02  4.8115423E-01  4.1560672E-01  1.1762136E-02  2.4692412E-03  0.0000000E+00  2.8805970E-01
 0.0000000E+00  2.7383879E-03  1.1406868E-02  2.4785486E-02  2.4032994E-02  4.6347558E-01  3.9986477E-01  1.1406868E-02  2.7383879E-03  0.0000000E+00  2.7002029E-01
 0.0000000E+00  2.9550644E-03  1.1044365E-02  2.3482241E-02  2.2873668E-02  4.4628702E-01  3.8459581E-01  1.1044365E-02  2.9550644E-03  0.0000000E+00  2.5255969E-01
 3.8954072E-04  3.1443817E-03  1.0645285E-02  2.2131574E-02  2.1660928E-02  4.2792733E-01  3.6832772E-01  1.0645285E-02  3.1443817E-03  3.8954072E-04  2.3284658E-01
 7.1614718E-04  3.2829732E-03  1.0233557E-02  2.0833558E-02  2.0484582E-02  4.0992697E-01  3.5241389E-01  1.0233557E-02  3.2829732E-03  7.1614718E-04  2.1411261E-01
 9.8697137E-04  3.3774309E-03  9.8139770E-03  1.9589732E-02  1.9347217E-02  3.9229556E-01  3.3686078E-01  9.8139770E-03  3.3774309E-03  9.8697137E-04  1.9640629E-01
 1.2081497E-03  3.4331408E-03  9.3897348E-03  1.8399229E-02  1.8249379E-02  3.7504763E-01  3.2167825E-01  9.3897348E-03  3.4331408E-03  1.2081497E-03  1.7975869E-01
 1.3853067E-03  3.4551675E-03  8.9637508E-03  1.7261199E-02  1.7191517E-02  3.5819642E-01  3.0687556E-01  8.9637508E-03  3.4551675E-03  1.3853067E-03  1.6418189E-01
 1.5236088E-03  3.4480128E-03  8.5387047E-03  1.6174851E-02  1.6174044E-02  3.4175828E-01  2.9246396E-01  8.5387047E-03  3.4480128E-03  1.5236088E-03  1.4967185E-01
 1.6277909E-03  3.4159106E-03  8.1169814E-03  1.5139379E-02  1.5197233E-02  3.2574314E-01  2.7845041E-01  8.1169814E-03  3.4159106E-03  1.6277909E-03  1.3621143E-01
 1.7021807E-03  3.3626660E-03  7.7007246E-03  1.4153893E-02  1.4261223E-02  3.1016541E-01  2.6484461E-01  7.7007246E-03  3.3626660E-03  1.7021807E-03  1.2377277E-01
 1.7507225E-03  3.2917356E-03  7.2918368E-03  1.3217460E-02  1.3366035E-02  2.9503471E-01  2.5165301E-01  7.2918368E-03  3.2917356E-03  1.7507225E-03  1.1231860E-01
 1.7770072E-03  3.2062548E-03  6.8919526E-03  1.2329060E-02  1.2511510E-02  2.8036001E-01  2.3888113E-01  6.8919526E-03  3.2062548E-03  1.7770072E-03  1.0180473E-01
 1.7842744E-03  3.1090371E-03  6.5024923E-03  1.1487579E-02  1.1697343E-02  2.6614867E-01  2.2653339E-01  6.5024923E-03  3.1090371E-03  1.7842744E-03  9.2182908E-02
 1.7754503E-03  3.0026014E-03  6.1246348E-03  1.0691833E-02  1.0923082E-02  2.5240623E-01  2.1461282E-01  6.1246348E-03  3.0026014E-03  1.7754503E-03  8.3400623E-02
 1.7531610E-03  2.8891718E-03  5.7593181E-03  9.9405386E-03  1.0188135E-02  2.3913588E-01  2.0312025E-01  5.7593181E-03  2.8891718E-03  1.7531610E-03  7.5403475E-02
 1.7197404E-03  2.7707045E-03  5.4073193E-03  9.2323528E-03  9.4917820E-03  2.2634104E-01  1.9205684E-01  5.4073193E-03  2.7707045E-03  1.7197404E-03  6.8137068E-02
 1.6772653E-03  2.6489439E-03  5.0692011E-03  8.5658079E-03  8.8331327E-03  2.1402295E-01  1.8142184E-01  5.0692011E-03  2.6489439E-03  1.6772653E-03  6.1546737E-02
 0.0000000E+00  0.0000000E+00  1.0794861E-02  2.7432700E-02  2.6541459E-02  5.5827754E-01  4.8247589E-01  1.0794861E-02  0.0000000E+00  0.0000000E+00  3.3567808E-01
 0.0000000E+00  5.7139694E-04  1.0542481E-02  2.5837539E-02  2.5160565E-02  5.3575824E-01  4.6236352E-01  1.0542481E-02  5.7139694E-04  0.0000000E+00  3.1751157E-01
 0.0000000E+00  1.0435033E-03  1.0270996E-02  2.4359531E-02  2.3864679E-02  5.1431854E-01  4.4327014E-01  1.0270996E-02  1.0435033E-03  0.0000000E+00  2.9921480E-01
 0.0000000E+00  1.4335709E-03  9.9862542E-03  2.2985248E-02  2.2644994E-02  4.9380060E-01  4.2504704E-01  9.9862542E-03  1.4335709E-03  0.0000000E+00  2.8106074E-01
 0.0000000E+00  1.7543736E-03  9.6909761E-03  2.1700014E-02  2.1491354E-02  4.7409598E-01  4.0759078E-01  9.6909761E-03  1.7543736E-03  0.0000000E+00  2.6325866E-01
 0.0000000E+00  2.0160426E-03  9.3874483E-03  2.0492603E-02  2.0396054E-02  4.5511721E-01  3.9081777E-01  9.3874483E-03  2.0160426E-03  0.0000000E+00  2.4595648E-01
 0.0000000E+00  2.2268100E-03  9.0776682E-03  1.9354296E-02  1.9353192E-02  4.3680281E-01  3.7466762E-01  9.0776682E-03  2.2268100E-03  0.0000000E+00  2.2926014E-01
 0.0000000E+00  2.3935042E-03  8.7634883E-03  1.8278261E-02  1.8358199E-02  4.1910139E-01  3.5909069E-01  8.7634883E-03  2.3935042E-03  0.0000000E+00  2.1324489E-01
 3.1010139E-04  2.5354062E-03  8.4190020E-03  1.7167204E-02  1.7321173E-02  4.0031138E-01  3.4259263E-01  8.4190020E-03  2.5354062E-03  3.1010139E-04  1.9543731E-01
 5.6779026E-04  2.6356375E-03  8.0662081E-03  1.6103856E-02  1.6319890E-02  3.8199972E-01  3.2654654E-01  8.0662081E-03  2.6356375E-03  5.6779026E-04  1.7865008E-01
 7.7920606E-04  2.6998137E-03  7.7090724E-03  1.5089212E-02  1.5356278E-02  3.6416814E-01  3.1095215E-01  7.7090724E-03  2.6998137E-03  7.7920606E-04  1.6290953E-01
 9.4977615E-04  2.7326992E-03  7.3502288E-03  1.4122184E-02  1.4430469E-02  3.4682550E-01  2.9581420E-01  7.3502288E-03  2.7326992E-03  9.4977615E-04  1.4822523E-01
 1.0844300E-03  2.7386332E-03  6.9921089E-03  1.3201716E-02  1.3542536E-02  3.2997929E-01  2.8113677E-01  6.9921089E-03  2.7386332E-03  1.0844300E-03  1.3459080E-01
 1.1876602E-03  2.7215492E-03  6.6368547E-03  1.2326787E-02  1.2692486E-02  3.1363653E-01  2.6692326E-01  6.6368547E-03  2.7215492E-03  1.1876602E-03  1.2198568E-01
 1.2635392E-03  2.6850223E-03  6.2864054E-03  1.1496394E-02  1.1880250E-02  2.9780287E-01  2.5317643E-01  6.2864054E-03  2.6850223E-03  1.2635392E-03  1.1037920E-01
 1.3157636E-03  2.6322740E-03  5.9424401E-03  1.0709472E-02  1.1105594E-02  2.8248383E-01  2.3989885E-01  5.9424401E-03  2.6322740E-03  1.3157636E-03  9.9732285E-02
 1.3476708E-03  2.5661990E-03  5.6064060E-03  9.9649270E-03  1.0368220E-02  2.6768446E-01  2.2709241E-01  5.6064060E-03  2.5661990E-03  1.3476708E-03  8.9998324E-02
 1.3622682E-03  2.4893907E-03  5.2795478E-03  9.2615987E-03  9.6676381E-03  2.5340464E-01  2.1475552E-01  5.2795478E-03  2.4893907E-03  1.3622682E-03  8.1126665E-02
 1.3622451E-03  2.4041563E-03  4.9628496E-03  8.5982954E-03  9.0033041E-03  2.3964746E-01  2.0288854E-01  4.9628496E-03  2.4041563E-03  1.3622451E-03  7.3063756E-02
 1.3500125E-03  2.3125307E-03  4.6572088E-03  7.9737153E-03  8.3744934E-03  2.2641060E-01  1.9148802E-01  4.6572088E-03  2.3125307E-03  1.3500125E-03  6.5754602E-02
 1.3277009E-03  2.2163055E-03  4.3632332E-03  7.3865614E-03  7.7804189E-03  2.1369535E-01  1.8055264E-01  4.3632332E-03  2.2163055E-03  1.3277009E-03  5.9143336E-02
 1.2971976E-03  2.1170294E-03  4.0813860E-03  6.8354610E-03  7.2201666E-03  2.0149564E-01  1.7007606E-01  4.0813860E-03  2.1170294E-03  1.2971976E-03  5.3175249E-02
 1.2601641E-03  2.0160571E-03  3.8120145E-03  6.3189832E-03  6.6927359E-03  1.8980779E-01  1.6005324E-01  3.8120145E-03  2.0160571E-03  1.2601641E-03  4.7796504E-02
 0.0000000E+00  0.0000000E+00  8.6303423E-03  2.1520494E-02  2.1631186E-02  5.3422756E-01  4.5897219E-01  8.6303423E-03  0.0000000E+00  0.0000000E+00  2.9585027E-01
 0.0000000E+00  4.7140292E-04  8.4111423E-03  2.0206661E-02  2.0434693E-02  5.1056284E-01  4.3805618E-01  8.4111423E-03  4.7140292E-04  0.0000000E+00  2.7803417E-01
 0.0000000E+00  8.5800162E-04  8.1767853E-03  1.8993508E-02  1.9316290E-02  4.8817927E-01  4.1832085E-01  8.1767853E-03  8.5800162E-04  0.0000000E+00  2.6036247E-01
 0.0000000E+00  1.1743088E-03  7.9319399E-03  1.7869097E-02  1.8267405E-02  4.6689602E-01  3.9960034E-01  7.9319399E-03  1.1743088E-03  0.0000000E+00  2.4305927E-01
 0.0000000E+00  1.4316470E-03  7.6790025E-03  1.6820869E-02  1.7278937E-02  4.4658071E-01  3.8177056E-01  7.6790025E-03  1.4316470E-03  0.0000000E+00  2.2628797E-01
 0.0000000E+00  1.6389642E-03  7.4200583E-03  1.5839217E-02  1.6343935E-02  4.2713132E-01  3.6473589E-01  7.4200583E-03  1.6389642E-03  0.0000000E+00  2.1015842E-01
 0.0000000E+00  1.8035214E-03  7.1568813E-03  1.4916621E-02  1.5457004E-02  4.0846627E-01  3.4842045E-01  7.1568813E-03  1.8035214E-03  0.0000000E+00  1.9474502E-01
 0.0000000E+00  1.9313097E-03  6.8910589E-03  1.4047173E-02  1.4613935E-02  3.9052556E-01  3.3276688E-01  6.8910589E-03  1.9313097E-03  0.0000000E+00  1.8009444E-01
 2.4556250E-04  2.0372030E-03  6.6005248E-03  1.3152288E-02  1.3738506E-02  3.7159006E-01  3.1627807E-01  6.6005248E-03  2.0372030E-03  2.4556250E-04  1.6403866E-01
 4.4797968E-04  2.1090818E-03  6.3046686E-03  1.2298784E-02  1.2897015E-02  3.5323928E-01  3.0032684E-01  6.3046686E-03  2.1090818E-03  4.4797968E-04  1.4902674E-01
 6.1235322E-04  2.1515959E-03  6.0065716E-03  1.1487196E-02  1.2090700E-02  3.3547008E-01  2.8490854E-01  6.0065716E-03  2.1515959E-03  6.1235322E-04  1.3506430E-01
 7.4338769E-04  2.1688973E-03  5.7085368E-03  1.0716420E-02  1.1319419E-02  3.1828095E-01  2.7001940E-01  5.7085368E-03  2.1688973E-03  7.4338769E-04  1.2214229E-01
 8.4534074E-04  2.1647299E-03  5.4125561E-03  9.9853906E-03  1.0582995E-02  3.0167447E-01  2.5565871E-01  5.4125561E-03  2.1647299E-03  8.4534074E-04  1.1023709E-01
 9.2204674E-04  2.1424582E-03  5.1203413E-03  9.2930512E-03  9.8811438E-03  2.8564775E-01  2.4182219E-01  5.1203413E-03  2.1424582E-03  9.2204674E-04  9.9315680E-02
 9.7697278E-04  2.1051136E-03  4.8334797E-03  8.6384011E-03  9.2135600E-03  2.7020152E-01  2.2850788E-01  4.8334797E-03  2.1051136E-03  9.7697278E-04  8.9335124E-02
 1.0132312E-03  2.0554007E-03  4.5532784E-03  8.0203207E-03  8.5797449E-03  2.5533462E-01  2.1571257E-01  4.5532784E-03  2.0554007E-03  1.0132312E-03  8.0247801E-02
 1.0336137E-03  1.9957283E-03  4.2808579E-03  7.4377331E-03  7.9791878E-03  2.4104406E-01  2.0343178E-01  4.2808579E-03  1.9957283E-03  1.0336137E-03  7.2000179E-02
 1.0406133E-03  1.9282286E-03  4.0171208E-03  6.8895170E-03  7.4112362E-03  2.2732397E-01  1.9165893E-01  4.0171208E-03  1.9282286E-03  1.0406133E-03  6.4537483E-02
 1.0364428E-03  1.8547749E-03  3.7628139E-03  6.3744385E-03  6.8751009E-03  2.1417142E-01  1.8038919E-01  3.7628139E-03  1.8547749E-03  1.0364428E-03  5.7802755E-02
 1.0230599E-03  1.7770107E-03  3.5184976E-03  5.8913440E-03  6.3700058E-03  2.0157936E-01  1.6961496E-01  3.5184976E-03  1.7770107E-03  1.0230599E-03  5.1739664E-02
 1.0021887E-03  1.6963521E-03  3.2846075E-03  5.4389302E-03  5.8949824E-03  1.8954043E-01  1.5932836E-01  3.2846075E-03  1.6963521E-03  1.0021887E-03  4.6292499E-02
 9.7534193E-04  1.6140284E-03  3.0614455E-03  5.0159676E-03  5.4490814E-03  1.7804561E-01  1.4952003E-01  3.0614455E-03  1.6140284E-03  9.7534193E-04  4.1407728E-02
 9.4382668E-04  1.5310729E-03  2.8491299E-03  4.6211271E-03  5.0312355E-03  1.6708563E-01  1.4018060E-01  2.8491299E-03  1.5310729E-03  9.4382668E-04  3.7033688E-02
 0.0000000E+00  0.0000000E+00  6.7893542E-03  1.6545246E-02  1.7401558E-02  5.0663471E-01  4.3278297E-01  6.7893542E-03  0.0000000E+00  0.0000000E+00  2.6064141E-01
 0.0000000E+00  3.8913553E-04  6.6093990E-03  1.5496478E-02  1.6383077E-02  4.8217275E-01  4.1136537E-01  6.6093990E-03  3.8913553E-04  0.0000000E+00  2.4322906E-01
 0.0000000E+00  7.0571851E-04  6.4163992E-03  1.4530300E-02  1.5434504E-02  4.5918023E-01  3.9127675E-01  6.4163992E-03  7.0571851E-04  0.0000000E+00  2.2622340E-01
 0.0000000E+00  9.6180599E-04  6.2139580E-03  1.3636593E-02  1.4547742E-02  4.3745133E-01  3.7233124E-01  6.2139580E-03  9.6180599E-04  0.0000000E+00  2.0979256E-01
 0.0000000E+00  1.1675534E-03  6.0045441E-03  1.2805100E-02  1.3714767E-02  4.1682806E-01  3.5438492E-01  6.0045441E-03  1.1675534E-03  0.0000000E+00  1.9405366E-01
 0.0000000E+00  1.3309543E-03  5.7901259E-03  1.2028072E-02  1.2929548E-02  3.9719497E-01  3.3733105E-01  5.7901259E-03  1.3309543E-03  0.0000000E+00  1.7907941E-01
 0.0000000E+00  1.4584542E-03  5.5724382E-03  1.1299360E-02  1.2187291E-02  3.7845605E-01  3.2108213E-01  5.5724382E-03  1.4584542E-03  0.0000000E+00  1.6491186E-01
 0.0000000E+00  1.5553478E-03  5.3529156E-03  1.0614165E-02  1.1484256E-02  3.6053679E-01  3.0556957E-01  5.3529156E-03  1.5553478E-03  0.0000000E+00  1.5157069E-01
 1.9379844E-04  1.6326778E-03  5.1130087E-03  9.9102669E-03  1.0756553E-02  3.4172814E-01  2.8931599E-01  5.1130087E-03  1.6326778E-03  1.9379844E-04  1.3715660E-01
 3.5223705E-04  1.6825875E-03  4.8697990E-03  9.2408241E-03  1.0060185E-02  3.2359852E-01  2.7367415E-01  4.8697990E-03  1.6825875E-03  3.5223705E-04  1.2379408E-01
 4.7943339E-04  1.7087834E-03  4.6256552E-03  8.6060282E-03  9.3957940E-03  3.0613541E-01  2.5863190E-01  4.6256552E-03  1.7087834E-03  4.7943339E-04  1.1147012E-01
 5.7949301E-04  1.7148620E-03  4.3825455E-03  8.0048791E-03  8.7630459E-03  2.8933382E-01  2.4418187E-01  4.3825455E-03  1.7148620E-03  5.7949301E-04  1.0015803E-01
 6.5608238E-04  1.7040193E-03  4.1420382E-03  7.4364621E-03  8.1615874E-03  2.7318523E-01  2.3031459E-01  4.1420382E-03  1.7040193E-03  6.5608238E-04  8.9820782E-02
 7.1248768E-04  1.6791212E-03  3.9056343E-03  6.8997755E-03  7.5909192E-03  2.5768106E-01  2.1702059E-01  3.9056343E-03  1.6791212E-03  7.1248768E-04  8.0413003E-02
 7.5164478E-04  1.6427064E-03  3.6745351E-03  6.3939096E-03  7.0505497E-03  2.4281531E-01  2.0429255E-01  3.6745351E-03  1.6427064E-03  7.5164478E-04  7.1882981E-02
 7.7616926E-04  1.5970237E-03  3.4497746E-03  5.9178944E-03  6.5398807E-03  2.2857709E-01  1.9211933E-01  3.4497746E-03  1.5970237E-03  7.7616926E-04  6.4176003E-02
 7.8838312E-04  1.5440514E-03  3.2322270E-03  5.4706929E-03  6.0582147E-03  2.1495812E-01  1.8049186E-01  3.2322270E-03  1.5440514E-03  7.8838312E-04  5.7234684E-02
 7.9034481E-04  1.4855242E-03  3.0225462E-03  5.0512867E-03  5.6047683E-03  2.0194833E-01  1.6939987E-01  3.0225462E-03  1.4855242E-03  7.9034481E-04  5.1000309E-02
 7.8385922E-04  1.4229536E-03  2.8212627E-03  4.6586376E-03  5.1787448E-03  1.8953663E-01  1.5883209E-01  2.8212627E-03  1.4229536E-03  7.8385922E-04  4.5415160E-02
 7.7050771E-04  1.3576373E-03  2.6287667E-03  4.2916474E-03  4.7792307E-03  1.7771122E-01  1.4877697E-01  2.6287667E-03  1.3576373E-03  7.7050771E-04  4.0423188E-02
 7.5167480E-04  1.2906862E-03  2.4453085E-03  3.9491847E-03  4.4052356E-03  1.6645895E-01  1.3922162E-01  2.4453085E-03  1.2906862E-03  7.5167480E-04  3.5969348E-02
 7.2855153E-04  1.2230446E-03  2.2710315E-03  3.6301675E-03  4.0558132E-03  1.5576630E-01  1.3015324E-01  2.2710315E-03  1.2230446E-03  7.2855153E-04  3.2002628E-02
 7.0216545E-04  1.1555063E-03  2.1059726E-03  3.3334341E-03  3.7298763E-03  1.4561885E-01  1.2155819E-01  2.1059726E-03  1.1555063E-03  7.0216545E-04  2.8474286E-02
 0.0000000E+00  0.0000000E+00  5.2625189E-03  1.2491284E-02  1.3821239E-02  4.7621798E-01  4.0457926E-01  5.2625189E-03  0.0000000E+00  0.0000000E+00  2.2968420E-01
 0.0000000E+00  3.1876524E-04  5.1202781E-03  1.1677673E-02  1.2967450E-02  4.5133565E-01  3.8297653E-01  5.1202781E-03  3.1876524E-04  0.0000000E+00  2.1274432E-01
 0.0000000E+00  5.7647278E-04  4.9668818E-03  1.0929389E-02  1.2175605E-02  4.2808396E-01  3.6282677E-01  4.9668818E-03  5.7647278E-04  0.0000000E+00  1.9644632E-01
 0.0000000E+00  7.8263467E-04  4.8046823E-03  1.0237751E-02  1.1437742E-02  4.0623353E-01  3.4392597E-01  4.8046823E-03  7.8263467E-04  0.0000000E+00  1.8090426E-01
 0.0000000E+00  9.4622054E-04  4.6361032E-03  9.5948652E-03  1.0746964E-02  3.8561204E-01  3.2611855E-01  4.6361032E-03  9.4622054E-04  0.0000000E+00  1.6619083E-01
 0.0000000E+00  1.0742587E-03  4.4631047E-03  8.9946731E-03  1.0097960E-02  3.6608364E-01  3.0928234E-01  4.4631047E-03  1.0742587E-03  0.0000000E+00  1.5234239E-01
 0.0000000E+00  1.1723981E-03  4.2872906E-03  8.4324842E-03  9.4866179E-03  3.4753713E-01  2.9331790E-01  4.2872906E-03  1.1723981E-03  0.0000000E+00  1.3937072E-01
 0.0000000E+00  1.2452578E-03  4.1100153E-03  7.9045751E-03  8.9096390E-03  3.2989330E-01  2.7815260E-01  4.1100153E-03  1.2452578E-03  0.0000000E+00  1.2727116E-01
 1.5174150E-04  1.3008817E-03  3.9159177E-03  7.3626883E-03  8.3142405E-03  3.1146946E-01  2.6234277E-01  3.9159177E-03  1.3008817E-03  1.5174150E-04  1.1437788E-01
 2.7492078E-04  1.3346760E-03  3.7199311E-03  6.8485004E-03  7.7470987E-03  2.9380323E-01  2.4720486E-01  3.7199311E-03  1.3346760E-03  2.7492078E-04  1.0252995E-01
 3.7269523E-04  1.3494489E-03  3.5236986E-03  6.3618284E-03  7.2082539E-03  2.7687582E-01  2.3272131E-01  3.5236986E-03  1.3494489E-03  3.7269523E-04  9.1697047E-02
 4.4857720E-04  1.3482763E-03  3.3288240E-03  5.9019487E-03  6.6972891E-03  2.6067090E-01  2.1887603E-01  3.3288240E-03  1.3482763E-03  4.4857720E-04  8.1837843E-02
 5.0568738E-04  1.3338812E-03  3.1366867E-03  5.4680730E-03  6.2136740E-03  2.4517350E-01  2.0565403E-01  3.1366867E-03  1.3338812E-03  5.0568738E-04  7.2903151E-02
 5.4680214E-04  1.3086585E-03  2.9484661E-03  5.0594337E-03  5.7568574E-03  2.3036938E-01  1.9304107E-01  2.9484661E-03  1.3086585E-03  5.4680214E-04  6.4838441E-02
 5.7437356E-04  1.2747324E-03  2.7651462E-03  4.6752521E-03  5.3262104E-03  2.1624355E-01  1.8102252E-01  2.7651462E-03  1.2747324E-03  5.7437356E-04  5.7585263E-02
 5.9057568E-04  1.2339491E-03  2.5875394E-03  4.3147221E-03  4.9210741E-03  2.0278071E-01  1.6958342E-01  2.5875394E-03  1.2339491E-03  5.9057568E-04  5.1084098E-02
 5.9731885E-04  1.1879266E-03  2.4162979E-03  3.9769887E-03  4.5406749E-03  1.8996581E-01  1.5870921E-01  2.4162979E-03  1.1879266E-03  5.9731885E-04  4.5274000E-02
 5.9627458E-04  1.1380550E-03  2.2519208E-03  3.6611928E-03  4.1842251E-03  1.7778255E-01  1.4838449E-01  2.2519208E-03  1.1380550E-03  5.9627458E-04  4.0095806E-02
 5.8890415E-04  1.0855389E-03  2.0947788E-03  3.3664132E-03  3.8508248E-03  1.6621475E-01  1.3859407E-01  2.0947788E-03  1.0855389E-03  5.8890415E-04  3.5491637E-02
 5.7647278E-04  1.0313940E-03  1.9451212E-03  3.0917677E-03  3.5396241E-03  1.5524538E-01  1.2932183E-01  1.9451212E-03  1.0313940E-03  5.7647278E-04  3.1406392E-02
 5.6007107E-04  9.7648637E-04  1.8030906E-03  2.8363095E-03  3.2496594E-03  1.4485658E-01  1.2055142E-01  1.8030906E-03  9.7648637E-04  5.6007107E-04  2.7787929E-02
 5.4063992E-04  9.2153244E-04  1.6687370E-03  2.5991025E-03  2.9799744E-03  1.3503025E-01  1.1226601E-01  1.6687370E-03  9.2153244E-04  5.4063992E-04  2.4587635E-02
 5.1897056E-04  8.6711668E-04  1.5420282E-03  2.3791982E-03  2.7295787E-03  1.2574824E-01  1.0444919E-01  1.5420282E-03  8.6711668E-04  5.1897056E-04  2.1760353E-02
 0.0000000E+00  0.0000000E+00  4.0153970E-03  9.2644042E-03  1.0812581E-02  4.4353878E-01  3.7484650E-01  4.0153970E-03  0.0000000E+00  0.0000000E+00  2.0233972E-01
 0.0000000E+00  2.6073625E-04  3.9090055E-03  8.6521155E-03  1.0110746E-02  4.1860762E-01  3.5336393E-01  3.9090055E-03  2.6073625E-04  0.0000000E+00  1.8593007E-01
 0.0000000E+00  4.7034308E-04  3.7925783E-03  8.0892029E-03  9.4626252E-03  3.9543742E-01  3.3343172E-01  3.7925783E-03  4.7034308E-04  0.0000000E+00  1.7037520E-01
 0.0000000E+00  6.3595781E-04  3.6673149E-03  7.5682754E-03  8.8603879E-03  3.7378633E-01  3.1483622E-01  3.6673149E-03  6.3595781E-04  0.0000000E+00  1.5573508E-01
 0.0000000E+00  7.6555959E-04  3.5357356E-03  7.0836688E-03  8.2982737E-03  3.5345829E-01  2.9740420E-01  3.5357356E-03  7.6555959E-04  0.0000000E+00  1.4203893E-01
 0.0000000E+00  8.6536189E-04  3.3997989E-03  6.6310394E-03  7.7718202E-03  3.3430485E-01  2.8100359E-01  3.3997989E-03  8.6536189E-04  0.0000000E+00  1.2928675E-01
 0.0000000E+00  9.4032179E-04  3.2611066E-03  6.2069929E-03  7.2775141E-03  3.1620622E-01  2.6552835E-01  3.2611066E-03  9.4032179E-04  0.0000000E+00  1.1746336E-01
 0.0000000E+00  9.9447404E-04  3.1209757E-03  5.8088466E-03  6.8125569E-03  2.9906884E-01  2.5089479E-01  3.1209757E-03  9.9447404E-04  0.0000000E+00  1.0654030E-01
 1.1831472E-04  1.0333337E-03  2.9667365E-03  5.3997400E-03  6.3339036E-03  2.8126908E-01  2.3571812E-01  2.9667365E-03  1.0333337E-03  1.1831472E-04  9.5057758E-02
 2.1375508E-04  1.0551130E-03  2.8115370E-03  5.0121851E-03  5.8800963E-03  2.6428357E-01  2.2125531E-01  2.8115370E-03  1.0551130E-03  2.1375508E-04  8.4600797E-02
 2.8858516E-04  1.0617668E-03  2.6563641E-03  4.6457674E-03  5.4507071E-03  2.4808981E-01  2.0748562E-01  2.6563641E-03  1.0617668E-03  2.8858516E-04  7.5124627E-02
 3.4581605E-04  1.0559063E-03  2.5025879E-03  4.2999729E-03  5.0452288E-03  2.3266426E-01  1.9438701E-01  2.5025879E-03  1.0559063E-03  3.4581605E-04  6.6575350E-02
 3.8809937E-04  1.0398204E-03  2.3513624E-03  3.9742404E-03  4.6630725E-03  2.1798470E-01  1.8193844E-01  2.3513624E-03  1.0398204E-03  3.8809937E-04  5.8894513E-02
 4.1776222E-04  1.0155094E-03  2.2036479E-03  3.6680222E-03  4.3036587E-03  2.0402974E-01  1.7011993E-01  2.2036479E-03  1.0155094E-03  4.1776222E-04  5.2019868E-02
 4.3685804E-04  9.8471927E-04  2.0602414E-03  3.3807117E-03  3.9663185E-03  1.9077792E-01  1.5891158E-01  2.0602414E-03  9.8471927E-04  4.3685804E-04  4.5888787E-02
 4.4717835E-04  9.4895684E-04  1.9217844E-03  3.1116874E-03  3.6503603E-03  1.7820881E-01  1.4829432E-01  1.9217844E-03  9.4895684E-04  4.4717835E-04  4.0437503E-02
 4.5028318E-04  9.0952784E-04  1.7887703E-03  2.8602640E-03  3.3550004E-03  1.6630105E-01  1.3824853E-01  1.7887703E-03  9.0952784E-04  4.5028318E-04  3.5605325E-02
 4.4752755E-04  8.6753299E-04  1.6615712E-03  2.6257673E-03  3.0794745E-03  1.5503370E-01  1.2875493E-01  1.6615712E-03  8.6753299E-04  4.4752755E-04  3.1332432E-02
 4.4008432E-04  8.2392120E-04  1.5404413E-03  2.4074756E-03  2.8229481E-03  1.4438551E-01  1.1979413E-01  1.5404413E-03  8.2392120E-04  4.4008432E-04  2.7562574E-02
 4.2895553E-04  7.7947817E-04  1.4255361E-03  2.2046520E-03  2.5845714E-03  1.3433488E-01  1.1134676E-01  1.4255361E-03  7.7947817E-04  4.2895553E-04  2.4242879E-02
 4.1499900E-04  7.3486433E-04  1.3169242E-03  2.0165490E-03  2.3634751E-03  1.2486020E-01  1.0339304E-01  1.3169242E-03  7.3486433E-04  4.1499900E-04  2.1324153E-02
 3.9893590E-04  6.9060729E-04  1.2146016E-03  1.8424061E-03  2.1587762E-03  1.1594001E-01  9.5913837E-02  1.2146016E-03  6.9060729E-04  3.9893590E-04  1.8761230E-02
 3.8138111E-04  6.4714732E-04  1.1185000E-03  1.6814665E-03  1.9695917E-03  1.0755201E-01  8.8889298E-02  1.1185000E-03  6.4714732E-04  3.8138111E-04  1.6512888E-02
 0.0000000E+00  0.0000000E+00  3.0120720E-03  6.7560141E-03  8.3043300E-03  4.0915687E-01  3.4404797E-01  3.0120720E-03  0.0000000E+00  0.0000000E+00  1.7805975E-01
 0.0000000E+00  2.1115265E-04  2.9363497E-03  6.3080249E-03  7.7402559E-03  3.8454252E-01  3.2298061E-01  2.9363497E-03  2.1115265E-04  0.0000000E+00  1.6225178E-01
 0.0000000E+00  3.8038330E-04  2.8518277E-03  5.8960368E-03  7.2219175E-03  3.6178528E-01  3.0353248E-01  2.8518277E-03  3.8038330E-04  0.0000000E+00  1.4748099E-01
 0.0000000E+00  5.1248925E-04  2.7585100E-03  5.5135306E-03  6.7415519E-03  3.4063377E-01  2.8548291E-01  2.7585100E-03  5.1248925E-04  0.0000000E+00  1.3375825E-01
 0.0000000E+00  6.1444533E-04  2.6589000E-03  5.1567448E-03  6.2943991E-03  3.2087436E-01  2.6864569E-01  2.6589000E-03  6.1444533E-04  0.0000000E+00  1.2107028E-01
 0.0000000E+00  6.9165913E-04  2.5549284E-03  4.8228249E-03  5.8768237E-03  3.0234568E-01  2.5287902E-01  2.5549284E-03  6.9165913E-04  0.0000000E+00  1.0938562E-01
 0.0000000E+00  7.4842368E-04  2.4481432E-03  4.5095143E-03  5.4859226E-03  2.8492471E-01  2.3807416E-01  2.4481432E-03  7.4842368E-04  0.0000000E+00  9.8662353E-02
 0.0000000E+00  7.8821368E-04  2.3398060E-03  4.2150189E-03  5.1193542E-03  2.6850421E-01  2.2413760E-01  2.3398060E-03  7.8821368E-04  0.0000000E+00  8.8851705E-02
 9.1295297E-05  8.1457239E-04  2.2195774E-03  3.9115277E-03  4.7426181E-03  2.5153479E-01  2.0975511E-01  2.2195774E-03  8.1457239E-04  9.1295297E-05  7.8675446E-02
 1.6463410E-04  8.2784244E-04  2.0990465E-03  3.6244730E-03  4.3872161E-03  2.3541958E-01  1.9611428E-01  2.0990465E-03  8.2784244E-04  1.6463410E-04  6.9494037E-02
 2.2143492E-04  8.2918073E-04  1.9785680E-03  3.3531010E-03  4.0521926E-03  2.2013023E-01  1.8318946E-01  1.9785680E-03  8.2918073E-04  2.2143492E-04  6.1249836E-02
 2.6423689E-04  8.2078819E-04  1.8593068E-03  3.0971271E-03  3.7370263E-03  2.0563694E-01  1.7095359E-01  1.8593068E-03  8.2078819E-04  2.6423689E-04  5.3879152E-02
 2.9525583E-04  8.0457551E-04  1.7422304E-03  2.8562367E-03  3.4411890E-03  1.9191080E-01  1.5938037E-01  1.7422304E-03  8.0457551E-04  2.9525583E-04  4.7315475E-02
 3.1642544E-04  7.8218330E-04  1.6281411E-03  2.6300614E-03  3.1640899E-03  1.7892418E-01  1.4844462E-01  1.6281411E-03  7.8218330E-04  3.1642544E-04  4.1491889E-02
 3.2942985E-04  7.5504258E-04  1.5176755E-03  2.4181707E-03  2.9050751E-03  1.6665059E-01  1.3812244E-01  1.5176755E-03  7.5504258E-04  3.2942985E-04  3.6342529E-02
 3.3572869E-04  7.2436667E-04  1.4113458E-03  2.2201197E-03  2.6634932E-03  1.5506361E-01  1.2838987E-01  1.4113458E-03  7.2436667E-04  3.3572869E-04  3.1803179E-02
 3.3658326E-04  6.9119154E-04  1.3095268E-03  2.0354142E-03  2.4386411E-03  1.4413771E-01  1.1922405E-01  1.3095268E-03  6.9119154E-04  3.3658326E-04  2.7812409E-02
 3.3307669E-04  6.5638788E-04  1.2124966E-03  1.8635255E-03  2.2297857E-03  1.3384744E-01  1.1060207E-01  1.2124966E-03  6.5638788E-04  3.3307669E-04  2.4312372E-02
 3.2613531E-04  6.2068532E-04  1.1204285E-03  1.7039009E-03  2.0361778E-03  1.2416737E-01  1.0250140E-01  1.1204285E-03  6.2068532E-04  3.2613531E-04  2.1248973E-02
 3.1654476E-04  5.8468446E-04  1.0334154E-03  1.5559689E-03  1.8570546E-03  1.1507286E-01  9.4899918E-02  1.0334154E-03  5.8468446E-04  3.1654476E-04  1.8572389E-02
 3.0496893E-04  5.4888112E-04  9.5148530E-04  1.4191431E-03  1.6916441E-03  1.0653861E-01  8.7775345E-02  9.5148530E-04  5.4888112E-04  3.0496893E-04  1.6236989E-02
 2.9196291E-04  5.1366630E-04  8.7460204E-04  1.2928289E-03  1.5391743E-03  9.8540231E-02  8.1106121E-02  8.7460204E-04  5.1366630E-04  2.9196291E-04  1.4201495E-02
 2.7798784E-04  4.7935443E-04  8.0267691E-04  1.1764343E-03  1.3988829E-03  9.1053253E-02  7.4870769E-02  8.0267691E-04  4.7935443E-04  2.7798784E-04  1.2428621E-02
 0.0000000E+00  0.0000000E+00  2.2201515E-03  4.8563831E-03  6.2443829E-03  3.7377559E-01  3.1275207E-01  2.2201515E-03  0.0000000E+00  0.0000000E+00  1.5646686E-01
 0.0000000E+00  1.7032034E-04  2.1703826E-03  4.5369506E-03  5.8040003E-03  3.4980982E-01  2.9236434E-01  2.1703826E-03  1.7032034E-04  0.0000000E+00  1.4131590E-01
 0.0000000E+00  3.0666662E-04  2.1128605E-03  4.2429279E-03  5.4013912E-03  3.2777025E-01  2.7364143E-01  2.1128605E-03  3.0666662E-04  0.0000000E+00  1.2736167E-01
 0.0000000E+00  4.1168673E-04  2.0464237E-03  3.9682660E-03  5.0287974E-03  3.0738508E-01  2.5634879E-01  2.0464237E-03  4.1168673E-04  0.0000000E+00  1.1456402E-01
 0.0000000E+00  4.9150647E-04  1.9735913E-03  3.7108306E-03  4.6825895E-03  2.8843806E-01  2.4029793E-01  1.9735913E-03  4.9150647E-04  0.0000000E+00  1.0287130E-01
 0.0000000E+00  5.5083888E-04  1.8962846E-03  3.4689539E-03  4.3599268E-03  2.7075833E-01  2.2534036E-01  1.8962846E-03  5.5083888E-04  0.0000000E+00  9.2221185E-02
 0.0000000E+00  5.9340520E-04  1.8160191E-03  3.2413282E-03  4.0585603E-03  2.5421005E-01  2.1135787E-01  1.8160191E-03  5.9340520E-04  0.0000000E+00  8.2548342E-02
 0.0000000E+00  6.2218976E-04  1.7340032E-03  3.0268501E-03  3.7765879E-03  2.3868452E-01  1.9825595E-01  1.7340032E-03  6.2218976E-04  0.0000000E+00  7.3786597E-02
 6.9992772E-05  6.3909247E-04  1.6417619E-03  2.8046374E-03  3.4868692E-03  2.2271858E-01  1.8480033E-01  1.6417619E-03  6.3909247E-04  6.9992772E-05  6.4817357E-02
 1.2610047E-04  6.4625659E-04  1.5497000E-03  2.5948271E-03  3.2149116E-03  2.0762729E-01  1.7209798E-01  1.5497000E-03  6.4625659E-04  1.2610047E-04  5.6801911E-02
 1.6898785E-04  6.4411334E-04  1.4576124E-03  2.3963607E-03  2.9593615E-03  1.9337876E-01  1.6012062E-01  1.4576124E-03  6.4411334E-04  1.6898785E-04  4.9671946E-02
 2.0079048E-04  6.3449856E-04  1.3664940E-03  2.2091726E-03  2.7197977E-03  1.7993564E-01  1.4883472E-01  1.3664940E-03  6.3449856E-04  2.0079048E-04  4.3356590E-02
 2.2335575E-04  6.1897487E-04  1.2771475E-03  2.0330978E-03  2.4957193E-03  1.6726448E-01  1.3821053E-01  1.2771475E-03  6.1897487E-04  2.2335575E-04  3.7784288E-02
 2.3827958E-04  5.9889997E-04  1.1902430E-03  1.8679269E-03  2.2866011E-03  1.5533220E-01  1.2821838E-01  1.1902430E-03  5.9889997E-04  2.3827958E-04  3.2884679E-02
 2.4693971E-04  5.7540951E-04  1.1062973E-03  1.7133886E-03  2.0918778E-03  1.4410768E-01  1.1883091E-01  1.1062973E-03  5.7540951E-04  2.4693971E-04  2.8590561E-02
 2.5051836E-04  5.4947693E-04  1.0257159E-03  1.5691733E-03  1.9109625E-03  1.3356046E-01  1.1002091E-01  1.0257159E-03  5.4947693E-04  2.5051836E-04  2.4838108E-02
 2.5002524E-04  5.2191769E-04  9.4878484E-04  1.4349288E-03  1.7432423E-03  1.2366087E-01  1.0176215E-01  9.4878484E-04  5.2191769E-04  2.5002524E-04  2.1567332E-02
 2.4632022E-04  4.9340210E-04  8.7570911E-04  1.3102622E-03  1.5880813E-03  1.1437991E-01  9.4028963E-02  8.7570911E-04  4.9340210E-04  2.4632022E-04  1.8722861E-02
 2.4012996E-04  4.6449372E-04  8.0661249E-04  1.1947619E-03  1.4448365E-03  1.0568978E-01  8.6797065E-02  8.0661249E-04  4.6449372E-04  2.4012996E-04  1.6253715E-02
 2.3206328E-04  4.3563658E-04  7.4154623E-04  1.0879848E-03  1.3128494E-03  9.7561925E-02  8.0041229E-02  7.4154623E-04  4.3563658E-04  2.3206328E-04  1.4113701E-02
 2.2262952E-04  4.0719272E-04  6.8051031E-04  9.8948996E-04  1.1914766E-03  8.9969816E-02  7.3738445E-02  6.8051031E-04  4.0719272E-04  2.2262952E-04  1.2261149E-02
 2.1224880E-04  3.7944819E-04  6.2344498E-04  8.9881490E-04  1.0800663E-03  8.2886563E-02  6.7865143E-02  6.2344498E-04  3.7944819E-04  2.1224880E-04  1.0658742E-02
 2.0126610E-04  3.5261732E-04  5.7026910E-04  8.1550425E-04  9.7798503E-04  7.6286023E-02  6.2398666E-02  5.7026910E-04  3.5261732E-04  2.0126610E-04  9.2734371E-03
 0.0000000E+00  0.0000000E+00  1.6059417E-03  3.4448286E-03  4.5848888E-03  3.3802070E-01  2.8144011E-01  1.6059417E-03  0.0000000E+00  0.0000000E+00  1.3719430E-01
 0.0000000E+00  1.3558984E-04  1.5760987E-03  3.2216783E-03  4.2520555E-03  3.1501062E-01  2.6197579E-01  1.5760987E-03  1.3558984E-04  0.0000000E+00  1.2276583E-01
 0.0000000E+00  2.4446172E-04  1.5398414E-03  3.0163207E-03  3.9494823E-03  2.9395352E-01  2.4418830E-01  1.5398414E-03  2.4446172E-04  0.0000000E+00  1.0966171E-01
 0.0000000E+00  3.2723542E-04  1.4948198E-03  2.8228641E-03  3.6695153E-03  2.7457492E-01  2.2784147E-01  1.4948198E-03  3.2723542E-04  0.0000000E+00  9.7796686E-02
 0.0000000E+00  3.8919526E-04  1.4434832E-03  2.6403041E-03  3.4095005E-03  2.5665017E-01  2.1274136E-01  1.4434832E-03  3.8919526E-04  0.0000000E+00  8.7082800E-02
 0.0000000E+00  4.3438420E-04  1.3876810E-03  2.4678643E-03  3.1673952E-03  2.4000254E-01  1.9873542E-01  1.3876810E-03  4.3438420E-04  0.0000000E+00  7.7432996E-02
 0.0000000E+00  4.6597194E-04  1.3288611E-03  2.3048837E-03  2.9415103E-03  2.2449196E-01  1.8570255E-01  1.3288611E-03  4.6597194E-04  0.0000000E+00  6.8759764E-02
 0.0000000E+00  4.8649576E-04  1.2681647E-03  2.1508345E-03  2.7304971E-03  2.1000475E-01  1.7354488E-01  1.2681647E-03  4.8649576E-04  0.0000000E+00  6.0982363E-02
 5.2944693E-05  4.9659529E-04  1.1986092E-03  1.9899784E-03  2.5132999E-03  1.9517867E-01  1.6111938E-01  1.1986092E-03  4.9659529E-04  5.2944693E-05  5.3124220E-02
 9.5464188E-05  4.9971671E-04  1.1296221E-03  1.8385002E-03  2.3104512E-03  1.8122924E-01  1.4944336E-01  1.1296221E-03  4.9971671E-04  9.5464188E-05  4.6169577E-02
 1.2754540E-04  4.9565706E-04  1.0604771E-03  1.6950849E-03  2.1203296E-03  1.6812078E-01  1.3848572E-01  1.0604771E-03  4.9565706E-04  1.2754540E-04  4.0044006E-02
 1.5095474E-04  4.8591839E-04  9.9201779E-04  1.5597688E-03  1.9425785E-03  1.5581175E-01  1.2820952E-01  9.9201779E-04  4.8591839E-04  1.5095474E-04  3.4669696E-02
 1.6720690E-04  4.7178627E-04  9.2493421E-04  1.4325224E-03  1.7768078E-03  1.4426369E-01  1.1858106E-01  9.2493421E-04  4.7178627E-04  1.6720690E-04  2.9972087E-02
 1.7759962E-04  4.5433877E-04  8.5976769E-04  1.3132395E-03  1.6225827E-03  1.3343938E-01  1.0956763E-01  8.5976769E-04  4.5433877E-04  1.7759962E-04  2.5880043E-02
 1.8324254E-04  4.3449246E-04  7.9693773E-04  1.2017703E-03  1.4794482E-03  1.2330451E-01  1.0113904E-01  7.9693773E-04  4.3449246E-04  1.8324254E-04  2.2326445E-02
 1.8507841E-04  4.1300740E-04  7.3676911E-04  1.0979035E-03  1.3469167E-03  1.1382465E-01  9.3265221E-02  7.3676911E-04  4.1300740E-04  1.8507841E-04  1.9248999E-02
 1.8390607E-04  3.9051329E-04  6.7948283E-04  1.0013962E-03  1.2244867E-03  1.0496791E-01  8.5918061E-02  6.7948283E-04  3.9051329E-04  1.8390607E-04  1.6590330E-02
 1.8039762E-04  3.6752751E-04  6.2523680E-04  9.1196066E-04  1.1116340E-03  9.6702703E-02  7.9070342E-02  6.2523680E-04  3.6752751E-04  1.8039762E-04  1.4298247E-02
 1.7511421E-04  3.4446641E-04  5.7410316E-04  8.2929678E-04  1.0078378E-03  8.8998746E-02  7.2695498E-02  5.7410316E-04  3.4446641E-04  1.7511421E-04  1.2325525E-02
 1.6852268E-04  3.2166241E-04  5.2612253E-04  7.5307022E-04  9.1256329E-04  8.1826388E-02  6.6767884E-02  5.2612253E-04  3.2166241E-04  1.6852268E-04  1.0629986E-02
 1.6100735E-04  2.9937489E-04  4.8127234E-04  6.8294494E-04  8.2528755E-04  7.5156750E-02  6.1262565E-02  4.8127234E-04  2.9937489E-04  1.6100735E-04  9.1741031E-03
 1.5288172E-04  2.7780233E-04  4.3949215E-04  6.1857116E-04  7.4548893E-04  6.8962556E-02  5.6155892E-02  4.3949215E-04  2.7780233E-04  1.5288172E-04  7.9247211E-03
 1.4439974E-04  2.5709041E-04  4.0070393E-04  5.5959636E-04  6.7265569E-04  6.3216299E-02  5.1424310E-02  4.0070393E-04  2.5709041E-04  1.4439974E-04  6.8528363E-03
 0.0000000E+00  0.0000000E+00  1.1383013E-03  2.4089490E-03  3.2825529E-03  3.0248600E-01  2.5056528E-01  1.1383013E-03  0.0000000E+00  0.0000000E+00  1.1993896E-01
 0.0000000E+00  1.0699622E-04  1.1235095E-03  2.2565616E-03  3.0400014E-03  2.8069120E-01  2.3223144E-01  1.1235095E-03  1.0699622E-04  0.0000000E+00  1.0628634E-01
 0.0000000E+00  1.9352159E-04  1.1036491E-03  2.1167230E-03  2.8209702E-03  2.6084332E-01  2.1555902E-01  1.1036491E-03  1.9352159E-04  0.0000000E+00  9.4058228E-02
 0.0000000E+00  2.5839363E-04  1.0752684E-03  1.9833694E-03  2.6177964E-03  2.4266731E-01  2.0031242E-01  1.0752684E-03  2.5839363E-04  0.0000000E+00  8.3127672E-02
 0.0000000E+00  3.0616115E-04  1.0407256E-03  1.8563432E-03  2.4288164E-03  2.2593483E-01  1.8629584E-01  1.0407256E-03  3.0616115E-04  0.0000000E+00  7.3374852E-02
 0.0000000E+00  3.4027938E-04  1.0017942E-03  1.7354650E-03  2.2526786E-03  2.1046671E-01  1.7335564E-01  1.0017942E-03  3.4027938E-04  0.0000000E+00  6.4688033E-02
 0.0000000E+00  3.6344090E-04  9.5983402E-04  1.6205667E-03  2.0882912E-03  1.9611979E-01  1.6136871E-01  9.5983402E-04  3.6344090E-04  0.0000000E+00  5.6964515E-02
 0.0000000E+00  3.7778152E-04  9.1591495E-04  1.5114917E-03  1.9347457E-03  1.8277900E-01  1.5023664E-01  9.1591495E-04  3.7778152E-04  0.0000000E+00  5.0108251E-02
 3.9615554E-05  3.8293988E-04  8.6420770E-04  1.3962859E-03  1.7759291E-03  1.6919196E-01  1.3891433E-01  8.6420770E-04  3.8293988E-04  3.9615554E-05  4.3270769E-02
 7.1633684E-05  3.8338920E-04  8.1338006E-04  1.2882858E-03  1.6284550E-03  1.5646645E-01  1.2832379E-01  8.1338006E-04  3.8338920E-04  7.1633684E-05  3.7280478E-02
 9.5465141E-05  3.7836634E-04  7.6228617E-04  1.1858925E-03  1.4904512E-03  1.4456393E-01  1.1843129E-01  7.6228617E-04  3.7836634E-04  9.5465141E-05  3.2056548E-02
 1.1256110E-04  3.6909755E-04  7.1163921E-04  1.0892323E-03  1.3616820E-03  1.3343995E-01  1.0919807E-01  7.1163921E-04  3.6909755E-04  1.1256110E-04  2.7518482E-02
 1.2415494E-04  3.5661173E-04  6.6200500E-04  9.9834448E-04  1.2418610E-03  1.2305177E-01  1.0058698E-01  6.6200500E-04  3.5661173E-04  1.2415494E-04  2.3590394E-02
 1.3129363E-04  3.4176997E-04  6.1383523E-04  9.1320388E-04  1.1306695E-03  1.1336009E-01  9.2563633E-02  6.1383523E-04  3.4176997E-04  1.3129363E-04  2.0201394E-02
 1.3486345E-04  3.2528831E-04  5.6746750E-04  8.3372642E-04  1.0277537E-03  1.0432738E-01  8.5095620E-02  5.6746750E-04  3.2528831E-04  1.3486345E-04  1.7286198E-02
 1.3561042E-04  3.0775539E-04  5.2315854E-04  7.5978608E-04  9.3274568E-04  9.5917593E-02  7.8151561E-02  5.2315854E-04  3.0775539E-04  1.3561042E-04  1.4785089E-02
 1.3415833E-04  2.8965286E-04  4.8108429E-04  6.9121006E-04  8.4524900E-04  8.8096285E-02  7.1701761E-02  4.8108429E-04  2.8965286E-04  1.3415833E-04  1.2644100E-02
 1.3102737E-04  2.7136727E-04  4.4135125E-04  6.2779795E-04  7.6486121E-04  8.0830981E-02  6.5718075E-02  4.4135125E-04  2.7136727E-04  1.3102737E-04  1.0814923E-02
 1.2664735E-04  2.5320579E-04  4.0402217E-04  5.6932526E-04  6.9117301E-04  7.4089930E-02  6.0173196E-02  4.0402217E-04  2.5320579E-04  1.2664735E-04  9.2544811E-03
 1.2137155E-04  2.3540756E-04  3.6910754E-04  5.1554936E-04  6.2377374E-04  6.7842580E-02  5.5040909E-02  3.6910754E-04  2.3540756E-04  1.2137155E-04  7.9248320E-03
 1.1548571E-04  2.1815516E-04  3.3658355E-04  4.6621051E-04  5.6224748E-04  6.2059536E-02  5.0296023E-02  3.3658355E-04  2.1815516E-04  1.1548571E-04  6.7926928E-03
 1.0922141E-04  2.0158126E-04  3.0639745E-04  4.2105147E-04  5.0619866E-04  5.6712924E-02  4.5914682E-02  3.0639745E-04  2.0158126E-04  1.0922141E-04  5.8290597E-03
 1.0276264E-04  1.8578048E-04  2.7847364E-04  3.7980311E-04  4.5522838E-04  5.1775724E-02  4.1873839E-02  2.7847364E-04  1.8578048E-04  1.0276264E-04  5.0088757E-03
 0.0000000E+00  0.0000000E+00  7.8921332E-04  1.6559545E-03  2.2901116E-03  2.6771509E-01  2.2055373E-01  7.8921332E-04  0.0000000E+00  0.0000000E+00  1.0445010E-01
 0.0000000E+00  8.2984250E-05  7.8461228E-04  1.5545161E-03  2.1195951E-03  2.4735201E-01  2.0352336E-01  7.8461228E-04  8.2984250E-05  0.0000000E+00  9.1627703E-02
 0.0000000E+00  1.5103613E-04  7.7647544E-04  1.4622275E-03  1.9670429E-03  2.2889695E-01  1.8811128E-01  7.7647544E-04  1.5103613E-04  0.0000000E+00  8.0300144E-02
 0.0000000E+00  2.0137000E-04  7.6032179E-04  1.3727227E-03  1.8247893E-03  2.1207878E-01  1.7408648E-01  7.6032179E-04  2.0137000E-04  0.0000000E+00  7.0302885E-02
 0.0000000E+00  2.3783174E-04  7.3836183E-04  1.2863649E-03  1.6919461E-03  1.9666893E-01  1.6125395E-01  7.3836183E-04  2.3783174E-04  0.0000000E+00  6.1488893E-02
 0.0000000E+00  2.6332600E-04  7.1222593E-04  1.2033791E-03  1.5677725E-03  1.8248865E-01  1.4946136E-01  7.1222593E-04  2.6332600E-04  0.0000000E+00  5.3726639E-02
 0.0000000E+00  2.8010179E-04  6.8316936E-04  1.1239071E-03  1.4516488E-03  1.6939594E-01  1.3858765E-01  6.8316936E-04  2.8010179E-04  0.0000000E+00  4.6899397E-02
 0.0000000E+00  2.8993201E-04  6.5217236E-04  1.0480264E-03  1.3430379E-03  1.5727476E-01  1.2853381E-01  6.5217236E-04  2.8993201E-04  0.0000000E+00  4.0901892E-02
 2.9111428E-05  2.9172792E-04  6.1429880E-04  9.6659264E-04  1.2297256E-03  1.4498892E-01  1.1835758E-01  6.1429880E-04  2.9172792E-04  2.9111428E-05  3.4998208E-02
 5.2962967E-05  2.9062817E-04  5.7758050E-04  8.9078948E-04  1.1252390E-03  1.3353432E-01  1.0888245E-01  5.7758050E-04  2.9062817E-04  5.2962967E-05  2.9879201E-02
 7.0481425E-05  2.8541499E-04  5.4051213E-04  8.1878799E-04  1.0275262E-03  1.2287102E-01  1.0007386E-01  5.4051213E-04  2.8541499E-04  7.0481425E-05  2.5460953E-02
 8.2839718E-05  2.7707110E-04  5.0368381E-04  7.5075251E-04  9.3645371E-04  1.1295131E-01  9.1890578E-02  5.0368381E-04  2.7707110E-04  8.2839718E-05  2.1661844E-02
 9.1023567E-05  2.6641220E-04  4.6756815E-04  6.8676819E-04  8.5183996E-04  1.0373115E-01  8.4294639E-02  4.6756815E-04  2.6641220E-04  9.1023567E-05  1.8406309E-02
 9.5865161E-05  2.5411242E-04  4.3253173E-04  6.2685879E-04  7.7347012E-04  9.5168871E-02  7.7250137E-02  4.3253173E-04  2.5411242E-04  9.5865161E-05  1.5625481E-02
 9.8059657E-05  2.4072489E-04  3.9885062E-04  5.7099078E-04  7.0109415E-04  8.7225594E-02  7.0723594E-02  3.9885062E-04  2.4072489E-04  9.8059657E-05  1.3256745E-02
 9.8187685E-05  2.2669872E-04  3.6672436E-04  5.1909011E-04  6.3444453E-04  7.9864444E-02  6.4683316E-02  3.6672436E-04  2.2669872E-04  9.8187685E-05  1.1244141E-02
 9.6730356E-05  2.1239499E-04  3.3628998E-04  4.7104249E-04  5.7322996E-04  7.3050248E-02  5.9099160E-02  3.3628998E-04  2.1239499E-04  9.6730356E-05  9.5376550E-03
 9.4083258E-05  1.9809826E-04  3.0762901E-04  4.2670772E-04  5.1715155E-04  6.6749215E-02  5.3942305E-02  3.0762901E-04  1.9809826E-04  9.4083258E-05  8.0933287E-03
 9.0570464E-05  1.8403058E-04  2.8078194E-04  3.8592255E-04  4.6590142E-04  6.0929707E-02  4.9185673E-02  2.8078194E-04  1.8403058E-04  9.0570464E-05  6.8724028E-03
 8.6454034E-05  1.7035999E-04  2.5575179E-04  3.4851122E-04  4.1917474E-04  5.5561149E-02  4.4803278E-02  2.5575179E-04  1.7035999E-04  8.6454034E-05  5.8413698E-03
 8.1945015E-05  1.5721002E-04  2.3251354E-04  3.1428275E-04  3.7666137E-04  5.0614503E-02  4.0770446E-02  2.3251354E-04  1.5721002E-04  8.1945015E-05  4.9711532E-03
 7.7210446E-05  1.4466819E-04  2.1102068E-04  2.8304312E-04  3.3806072E-04  4.6062009E-02  3.7063673E-02  2.1102068E-04  1.4466819E-04  7.7210446E-05  4.2367073E-03
 7.2381355E-05  1.3279150E-04  1.9120920E-04  2.5459661E-04  3.0308039E-04  4.1877386E-02  3.3660682E-02  1.9120920E-04  1.3279150E-04  7.2381355E-05  3.6166872E-03
 0.0000000E+00  0.0000000E+00  5.3411958E-04  1.1149681E-03  1.5556340E-03  2.3418837E-01  1.9179586E-01  5.3411958E-04  0.0000000E+00  0.0000000E+00  9.0520876E-02
 0.0000000E+00  6.3418792E-05  5.3606729E-04  1.0498229E-03  1.4402567E-03  2.1542316E-01  1.7619943E-01  5.3606729E-04  6.3418792E-05  0.0000000E+00  7.8572103E-02
 0.0000000E+00  1.1656353E-04  5.3597279E-04  9.9165253E-04  1.3385145E-03  1.9849704E-01  1.6215272E-01  5.3597279E-04  1.1656353E-04  0.0000000E+00  6.8160502E-02
 0.0000000E+00  1.5531304E-04  5.2848118E-04  9.3375283E-04  1.2427103E-03  1.8314794E-01  1.4943375E-01  5.2848118E-04  1.5531304E-04  0.0000000E+00  5.9089200E-02
 0.0000000E+00  1.8290022E-04  5.1561893E-04  8.7682472E-04  1.1525766E-03  1.6915040E-01  1.3785116E-01  5.1561893E-04  1.8290022E-04  0.0000000E+00  5.1188205E-02
 0.0000000E+00  2.0175051E-04  4.9888645E-04  8.2134454E-04  1.0678430E-03  1.5632916E-01  1.2725679E-01  4.9888645E-04  2.0175051E-04  0.0000000E+00  4.4309944E-02
 0.0000000E+00  2.1372868E-04  4.7941719E-04  7.6764862E-04  9.8825971E-04  1.4454440E-01  1.1753219E-01  4.7941719E-04  2.1372868E-04  0.0000000E+00  3.8326370E-02
 0.0000000E+00  2.2029263E-04  4.5808685E-04  7.1597217E-04  9.1359154E-04  1.3368311E-01  1.0858140E-01  4.5808685E-04  2.2029263E-04  0.0000000E+00  3.3125924E-02
 2.1030837E-05  2.1981436E-04  4.3063880E-04  6.5920044E-04  8.3456096E-04  1.2272685E-01  9.9565050E-02  4.3063880E-04  2.1981436E-04  2.1030837E-05  2.8073210E-02
 3.8657639E-05  2.1787033E-04  4.0458249E-04  6.0693629E-04  7.6237360E-04  1.1255848E-01  9.1208570E-02  4.0458249E-04  2.1787033E-04  3.8657639E-05  2.3738578E-02
 5.1430540E-05  2.1288817E-04  3.7813350E-04  5.5716501E-04  6.9484427E-04  1.0313684E-01  8.3476580E-02  3.7813350E-04  2.1288817E-04  5.1430540E-05  2.0037083E-02
 6.0286702E-05  2.0564121E-04  3.5178162E-04  5.1006613E-04  6.3192362E-04  9.4413582E-02  7.6327603E-02  3.5178162E-04  2.0564121E-04  6.0286702E-05  1.6887721E-02
 6.6008568E-05  1.9676520E-04  3.2591117E-04  4.6574996E-04  5.7351920E-04  8.6343759E-02  6.9723169E-02  3.2591117E-04  1.9676520E-04  6.6008568E-05  1.4217044E-02
 6.9248281E-05  1.8678042E-04  3.0081769E-04  4.2426254E-04  5.1949361E-04  7.8884723E-02  6.3626962E-02  3.0081769E-04  1.8678042E-04  6.9248281E-05  1.1959167E-02
 7.0546581E-05  1.7610527E-04  2.7671960E-04  3.8560595E-04  4.6968675E-04  7.1997021E-02  5.8005361E-02  2.7671960E-04  1.7610527E-04  7.0546581E-05  1.0055501E-02
 7.0350235E-05  1.6507628E-04  2.5377492E-04  3.4973921E-04  4.2391126E-04  6.5643961E-02  5.2827067E-02  2.5377492E-04  1.6507628E-04  7.0350235E-05  8.4541765E-03
 6.9025160E-05  1.5395857E-04  2.3208705E-04  3.1659492E-04  3.8197042E-04  5.9790324E-02  4.8062204E-02  2.3208705E-04  1.5395857E-04  6.9025160E-05  7.1098346E-03
 6.6868501E-05  1.4295740E-04  2.1171744E-04  2.8607413E-04  3.4364613E-04  5.4402653E-02  4.3682489E-02  2.1171744E-04  1.4295740E-04  6.6868501E-05  5.9829960E-03
 6.4120704E-05  1.3222871E-04  1.9269286E-04  2.5806309E-04  3.0871926E-04  4.9449772E-02  3.9661505E-02  1.9269286E-04  1.3222871E-04  6.4120704E-05  5.0395785E-03
 6.0974964E-05  1.2188745E-04  1.7501119E-04  2.3243371E-04  2.7696619E-04  4.4902230E-02  3.5974369E-02  1.7501119E-04  1.2188745E-04  6.0974964E-05  4.2502665E-03
 5.7583528E-05  1.1201397E-04  1.5864988E-04  2.0904863E-04  2.4816411E-04  4.0731266E-02  3.2596974E-02  1.5864988E-04  1.1201397E-04  5.7583528E-05  3.5900759E-03
 5.4065045E-05  1.0266232E-04  1.4356901E-04  1.8776684E-04  2.2209495E-04  3.6910300E-02  2.9506972E-02  1.4356901E-04  1.0266232E-04  5.4065045E-05  3.0377916E-03
 5.0511650E-05  9.3865062E-05  1.2971663E-04  1.6844487E-04  1.9854624E-04  3.3414387E-02  2.6683424E-02  1.2971663E-04  9.3865062E-05  5.0511650E-05  2.5755117E-03
 0.0000000E+00  0.0000000E+00  3.5198023E-04  7.3257506E-04  1.0273250E-03  2.0231823E-01  1.6463423E-01  3.5198023E-04  0.0000000E+00  0.0000000E+00  7.7981291E-02
 0.0000000E+00  4.7192813E-05  3.5720054E-04  6.9232727E-04  9.5209707E-04  1.8527045E-01  1.5056090E-01  3.5720054E-04  4.7192813E-05  0.0000000E+00  6.6947667E-02
 0.0000000E+00  8.8136429E-05  3.6195054E-04  6.5788091E-04  8.8746358E-04  1.6996801E-01  1.3794813E-01  3.6195054E-04  8.8136429E-05  0.0000000E+00  5.7463634E-02
 0.0000000E+00  1.1759353E-04  3.6012150E-04  6.2218236E-04  8.2564949E-04  1.5615842E-01  1.2658303E-01  3.6012150E-04  1.1759353E-04  0.0000000E+00  4.9306849E-02
 0.0000000E+00  1.3822176E-04  3.5350892E-04  5.8608778E-04  7.6679867E-04  1.4362478E-01  1.1628316E-01  3.5350892E-04  1.3822176E-04  0.0000000E+00  4.2288796E-02
 0.0000000E+00  1.5200306E-04  3.4343519E-04  5.5020092E-04  7.1096805E-04  1.3219793E-01  1.0690625E-01  3.4343519E-04  1.5200306E-04  0.0000000E+00  3.6250172E-02
 0.0000000E+00  1.6045184E-04  3.3089488E-04  5.1495721E-04  6.5816610E-04  1.2174258E-01  9.8338411E-02  3.3089488E-04  1.6045184E-04  0.0000000E+00  3.1055820E-02
 0.0000000E+00  1.6474471E-04  3.1665150E-04  4.8066924E-04  6.0836187E-04  1.1214932E-01  9.0487673E-02  3.1665150E-04  1.6474471E-04  0.0000000E+00  2.6590222E-02
 1.4779106E-05  1.6290852E-04  2.9698208E-04  4.4171834E-04  5.5447200E-04  1.0251960E-01  8.2618331E-02  2.9698208E-04  1.6290852E-04  1.4779106E-05  2.2308133E-02
 2.7635661E-05  1.6069662E-04  2.7889470E-04  4.0647071E-04  5.0591788E-04  9.3622896E-02  7.5358242E-02  2.7889470E-04  1.6069662E-04  2.7635661E-05  1.8674870E-02
 3.6837444E-05  1.5627668E-04  2.6040796E-04  3.7278252E-04  4.6043274E-04  8.5419240E-02  6.8673161E-02  2.6040796E-04  1.5627668E-04  3.6837444E-05  1.5606325E-02
 4.3116896E-05  1.5024664E-04  2.4191792E-04  3.4083155E-04  4.1802639E-04  7.7859322E-02  6.2521361E-02  2.4191792E-04  1.5024664E-04  4.3116896E-05  1.3023946E-02
 4.7081146E-05  1.4309332E-04  2.2373373E-04  3.1073124E-04  3.7866404E-04  7.0899009E-02  5.6865341E-02  2.2373373E-04  1.4309332E-04  4.7081146E-05  1.0857597E-02
 4.9231597E-05  1.3520949E-04  2.0608972E-04  2.8254604E-04  3.4227960E-04  6.4495866E-02  5.1669315E-02  2.0608972E-04  1.3520949E-04  4.9231597E-05  9.0456692E-03
 4.9980099E-05  1.2690704E-04  1.8915752E-04  2.5629543E-04  3.0877546E-04  5.8611475E-02  4.6900796E-02  1.8915752E-04  1.2690704E-04  4.9980099E-05  7.5340879E-03
 4.9663194E-05  1.1843352E-04  1.7305871E-04  2.3196539E-04  2.7803364E-04  5.3208979E-02  4.2528814E-02  1.7305871E-04  1.1843352E-04  4.9663194E-05  6.2758762E-03
 4.8553836E-05  1.0997924E-04  1.5787303E-04  2.0951364E-04  2.4991874E-04  4.8254990E-02  3.8525147E-02  1.5787303E-04  1.0997924E-04  4.8553836E-05  5.2304047E-03
 4.6871728E-05  1.0168890E-04  1.4364506E-04  1.8887829E-04  2.2428580E-04  4.3716980E-02  3.4862585E-02  1.4364506E-04  1.0168890E-04  4.6871728E-05  4.3629576E-03
 4.4792183E-05  9.3669744E-05  1.3039349E-04  1.6998009E-04  2.0098141E-04  3.9564530E-02  3.1515712E-02  1.3039349E-04  9.3669744E-05  4.4792183E-05  3.6438852E-03
 4.2453932E-05  8.5997695E-05  1.1811337E-04  1.5272961E-04  1.7984963E-04  3.5769987E-02  2.8461300E-02  1.1811337E-04  8.5997695E-05  4.2453932E-05  3.0481035E-03
 3.9965068E-05  7.8723358E-05  1.0678599E-04  1.3703027E-04  1.6073458E-04  3.2306107E-02  2.5676698E-02  1.0678599E-04  7.8723358E-05  3.9965068E-05  2.5544839E-03
 3.7409093E-05  7.1878637E-05  9.6378918E-05  1.2278125E-04  1.4348238E-04  2.9148017E-02  2.3141232E-02  9.6378918E-05  7.1878637E-05  3.7409093E-05  2.1453244E-03
 3.4849323E-05  6.5478387E-05  8.6851428E-05  1.0988037E-04  1.2794381E-04  2.6272086E-02  2.0835243E-02  8.6851428E-05  6.5478387E-05  3.4849323E-05  1.8058663E-03
 0.0000000E+00  0.0000000E+00  2.2519188E-04  4.6791556E-04  6.5804211E-04  1.7244537E-01  1.3935059E-01  2.2519188E-04  0.0000000E+00  0.0000000E+00  6.6691149E-02
 0.0000000E+00  3.4304454E-05  2.3168395E-04  4.4440395E-04  6.1110358E-04  1.5719075E-01  1.2685035E-01  2.3168395E-04  3.4304454E-05  0.0000000E+00  5.6603787E-02
 0.0000000E+00  6.5566271E-05  2.3907074E-04  4.2603923E-04  5.7262142E-04  1.4356325E-01  1.1570120E-01  2.3907074E-04  6.5566271E-05  0.0000000E+00  4.8051092E-02
 0.0000000E+00  8.7757720E-05  2.4072555E-04  4.0554417E-04  5.3481329E-04  1.3132567E-01  1.0570476E-01  2.4072555E-04  8.7757720E-05  0.0000000E+00  4.0790884E-02
 0.0000000E+00  1.0303822E-04  2.3821054E-04  3.8383949E-04  4.9810086E-04  1.2027233E-01  9.6689128E-02  2.3821054E-04  1.0303822E-04  0.0000000E+00  3.4621261E-02
 0.0000000E+00  1.1301194E-04  2.3267246E-04  3.6157825E-04  4.6275397E-04  1.1024186E-01  8.8519652E-02  2.3267246E-04  1.1301194E-04  0.0000000E+00  2.9375591E-02
 0.0000000E+00  1.1889410E-04  2.2496978E-04  3.3923111E-04  4.2894239E-04  1.0110627E-01  8.1089502E-02  2.2496978E-04  1.1889410E-04  0.0000000E+00  2.4914976E-02
 0.0000000E+00  1.2162373E-04  2.1575614E-04  3.1714271E-04  3.9677084E-04  9.2761730E-02  7.4312064E-02  2.1575614E-04  1.2162373E-04  0.0000000E+00  2.1122901E-02
 1.0107155E-05  1.1902817E-04  2.0172768E-04  2.9079351E-04  3.6076729E-04  8.4426964E-02  6.7552238E-02  2.0172768E-04  1.1902817E-04  1.0107155E-05  1.7534685E-02
 1.9402385E-05  1.1684919E-04  1.8941674E-04  2.6756332E-04  3.2897801E-04  7.6761859E-02  6.1344465E-02  1.8941674E-04  1.1684919E-04  1.9402385E-05  1.4524559E-02
 2.5978000E-05  1.1309595E-04  1.7672893E-04  2.4524829E-04  2.9911310E-04  6.9728066E-02  5.5656094E-02  1.7672893E-04  1.1309595E-04  2.5978000E-05  1.2011277E-02
 3.0398625E-05  1.0822301E-04  1.6398012E-04  2.2401408E-04  2.7122209E-04  6.3277660E-02  5.0446955E-02  1.6398012E-04  1.0822301E-04  3.0398625E-05  9.9199251E-03
 3.3129172E-05  1.0259575E-04  1.5141371E-04  2.0397256E-04  2.4531394E-04  5.7366647E-02  4.5680203E-02  1.5141371E-04  1.0259575E-04  3.3129172E-05  8.1852544E-03
 3.4549683E-05  9.6504148E-05  1.3921268E-04  1.8519005E-04  2.2136433E-04  5.1955580E-02  4.1322672E-02  1.3921268E-04  9.6504148E-05  3.4549683E-05  6.7504168E-03
 3.4969599E-05  9.0178365E-05  1.2750992E-04  1.6769684E-04  1.9932341E-04  4.7006667E-02  3.7342818E-02  1.2750992E-04  9.0178365E-05  3.4969599E-05  5.5665967E-03
 3.4639040E-05  8.3793318E-05  1.1639866E-04  1.5149467E-04  1.7912155E-04  4.2484829E-02  3.3711451E-02  1.1639866E-04  8.3793318E-05  3.4639040E-05  4.5918715E-03
 3.3758701E-05  7.7484796E-05  1.0593701E-04  1.3656143E-04  1.6067383E-04  3.8358202E-02  3.0401974E-02  1.0593701E-04  7.7484796E-05  3.3758701E-05  3.7906536E-03
 3.2488308E-05  7.1351768E-05  9.6158917E-05  1.2285830E-04  1.4388501E-04  3.4596245E-02  2.7389003E-02  9.6158917E-05  7.1351768E-05  3.2488308E-05  3.1328678E-03
 3.0953929E-05  6.5465579E-05  8.7075889E-05  1.1033282E-04  1.2865276E-04  3.1170748E-02  2.4649192E-02  8.7075889E-05  6.5465579E-05  3.0953929E-05  2.5932314E-03
 2.9253782E-05  5.9873988E-05  7.8683323E-05  9.8924542E-05  1.1487241E-04  2.8055215E-02  2.2160591E-02  7.8683323E-05  5.9873988E-05  2.9253782E-05  2.1506395E-03
 2.7463644E-05  5.4607431E-05  7.0964534E-05  8.8566861E-05  1.0243794E-04  2.5224997E-02  1.9902852E-02  7.0964534E-05  5.4607431E-05  2.7463644E-05  1.7875543E-03
 2.5640997E-05  4.9682423E-05  6.3895354E-05  7.9189005E-05  9.1243369E-05  2.2656997E-02  1.7856954E-02  6.3895354E-05  4.9682423E-05  2.5640997E-05  1.4894589E-03
 2.3828649E-05  4.5104200E-05  5.7443561E-05  7.0720433E-05  8.1187191E-05  2.0329716E-02  1.6005214E-02  5.7443561E-05  4.5104200E-05  2.3828649E-05  1.2444197E-03
 0.0000000E+00  0.0000000E+00  1.3925730E-04  2.8909897E-04  4.0718462E-04  1.4479447E-01  1.1612473E-01  1.3925730E-04  0.0000000E+00  0.0000000E+00  5.6519032E-02
 0.0000000E+00  2.3978811E-05  1.4542697E-04  2.7609917E-04  3.7909979E-04  1.3135851E-01  1.0520294E-01  1.4542697E-04  2.3978811E-05  0.0000000E+00  4.7399665E-02
 0.0000000E+00  4.7496834E-05  1.5372632E-04  2.6801844E-04  3.5812589E-04  1.1941429E-01  9.5509607E-02  1.5372632E-04  4.7496834E-05  0.0000000E+00  3.9774132E-02
 0.0000000E+00  6.3985079E-05  1.5719004E-04  2.5746391E-04  3.3653465E-04  1.0874240E-01  8.6862424E-02  1.5719004E-04  6.3985079E-05  0.0000000E+00  3.3386741E-02
 0.0000000E+00  7.5161646E-05  1.5713596E-04  2.4532359E-04  3.1487606E-04  9.9150865E-02  7.9102307E-02  1.5713596E-04  7.5161646E-05  0.0000000E+00  2.8027469E-02
 0.0000000E+00  8.2295804E-05  1.5452855E-04  2.3223206E-04  2.9352629E-04  9.0488544E-02  7.2104274E-02  1.5452855E-04  8.2295804E-05  0.0000000E+00  2.3526316E-02
 0.0000000E+00  8.6345424E-05  1.5008593E-04  2.1865209E-04  2.7274668E-04  8.2636056E-02  6.5769510E-02  1.5008593E-04  8.6345424E-05  0.0000000E+00  1.9744046E-02
 0.0000000E+00  8.8043632E-05  1.4435372E-04  2.0492382E-04  2.5271750E-04  7.5497127E-02  6.0018341E-02  1.4435372E-04  8.8043632E-05  0.0000000E+00  1.6565644E-02
 6.6198879E-06  8.5145381E-05  1.3438020E-04  1.8733772E-04  2.2913076E-04  6.8402086E-02  5.4310777E-02  1.3438020E-04  8.5145381E-05  6.6198879E-06  1.3598767E-02
 1.3250713E-05  8.3213413E-05  1.2620585E-04  1.7244715E-04  2.0894546E-04  6.1908667E-02  4.9094671E-02  1.2620585E-04  8.3213413E-05  1.3250713E-05  1.1139190E-02
 1.7895487E-05  8.0183560E-05  1.1769918E-04  1.5804812E-04  1.8990011E-04  5.5979080E-02  4.4338405E-02  1.1769918E-04  8.0183560E-05  1.7895487E-05  9.1099326E-03
 2.0979724E-05  7.6392336E-05  1.0910418E-04  1.4428521E-04  1.7206169E-04  5.0568196E-02  4.0004421E-02  1.0910418E-04  7.6392336E-05  2.0979724E-05  7.4412896E-03
 2.2851479E-05  7.2107755E-05  1.0060833E-04  1.3125968E-04  1.5546291E-04  4.5634582E-02  3.6058316E-02  1.0060833E-04  7.2107755E-05  2.2851479E-05  6.0734086E-03
 2.3792765E-05  6.7540140E-05  9.2351649E-05  1.1903481E-04  1.4010722E-04  4.1140534E-02  3.2468808E-02  9.2351649E-05  6.7540140E-05  2.3792765E-05  4.9551570E-03
 2.4031211E-05  6.2852339E-05  8.4434489E-05  1.0764391E-04  1.2597513E-04  3.7050559E-02  2.9206610E-02  8.4434489E-05  6.2852339E-05  2.4031211E-05  4.0431301E-03
 2.3748717E-05  5.8169106E-05  7.6925956E-05  9.7096537E-05  1.1302941E-04  3.3332330E-02  2.6244979E-02  7.6925956E-05  5.8169106E-05  2.3748717E-05  3.3007679E-03
 2.3089986E-05  5.3581660E-05  6.9868716E-05  8.7383058E-05  1.0121933E-04  2.9955715E-02  2.3559122E-02  6.9868716E-05  5.3581660E-05  2.3089986E-05  2.6974171E-03
 2.2168771E-05  4.9156463E-05  6.3286807E-05  7.8481876E-05  9.0487095E-05  2.6892754E-02  2.1126041E-02  6.3286807E-05  4.9156463E-05  2.2168771E-05  2.2075628E-03
 2.1073889E-05  4.4939305E-05  5.7188099E-05  7.0359161E-05  8.0766484E-05  2.4117600E-02  1.8924532E-02  5.7188099E-05  4.4939305E-05  2.1073889E-05  1.8100702E-03
 1.9873725E-05  4.0959573E-05  5.1568027E-05  6.2974804E-05  7.1989017E-05  2.1606119E-02  1.6934799E-02  5.1568027E-05  4.0959573E-05  1.9873725E-05  1.4875188E-03
 1.8620200E-05  3.7234030E-05  4.6413850E-05  5.6284395E-05  6.4085290E-05  1.9335930E-02  1.5138602E-02  4.6413850E-05  3.7234030E-05  1.8620200E-05  1.2256486E-03
 1.7352253E-05  3.3769709E-05  4.1706520E-05  5.0240213E-05  5.6985242E-05  1.7286357E-02  1.3519059E-02  4.1706520E-05  3.3769709E-05  1.7352253E-05  1.0128076E-03
 1.6098427E-05  3.0566249E-05  3.7422540E-05  4.4794257E-05  5.0621379E-05  1.5438165E-02  1.2060504E-02  3.7422540E-05  3.0566249E-05  1.6098427E-05  8.3953751E-04
 0.0000000E+00  0.0000000E+00  8.3217351E-05  1.7268292E-04  2.4340427E-04  1.1976871E-01  9.5278223E-02  8.3217351E-05  0.0000000E+00  0.0000000E+00  4.7445787E-02
 0.0000000E+00  1.5981468E-05  8.8179707E-05  1.6579652E-04  2.2715767E-04  1.0812336E-01  8.5893541E-02  8.8179707E-05  1.5981468E-05  0.0000000E+00  3.9298213E-02
 0.0000000E+00  3.3453584E-05  9.6280106E-05  1.6382124E-04  2.1722148E-04  9.7822781E-02  7.7606308E-02  9.6280106E-05  3.3453584E-05  0.0000000E+00  3.2580583E-02
 0.0000000E+00  4.5569539E-05  1.0041801E-04  1.5938108E-04  2.0600332E-04  8.8666854E-02  7.0251642E-02  1.0041801E-04  4.5569539E-05  0.0000000E+00  2.7029460E-02
 0.0000000E+00  5.3668497E-05  1.0167348E-04  1.5327844E-04  1.9408585E-04  8.0478389E-02  6.3684099E-02  1.0167348E-04  5.3668497E-05  0.0000000E+00  2.2432155E-02
 0.0000000E+00  5.8737480E-05  1.0083525E-04  1.4608981E-04  1.8187800E-04  7.3119711E-02  5.7790761E-02  1.0083525E-04  5.8737480E-05  0.0000000E+00  1.8619203E-02
 0.0000000E+00  6.1516049E-05  9.8490331E-05  1.3823649E-04  1.6967078E-04  6.6481479E-02  5.2481937E-02  9.8490331E-05  6.1516049E-05  0.0000000E+00  1.5454159E-02
 0.0000000E+00  6.2566971E-05  9.5079768E-05  1.3002880E-04  1.5767132E-04  6.0474338E-02  4.7684537E-02  9.5079768E-05  6.2566971E-05  0.0000000E+00  1.2825946E-02
 4.1092017E-06  5.9677640E-05  8.7965450E-05  1.1837244E-04  1.4242408E-04  5.4535481E-02  4.2948408E-02  8.7965450E-05  5.9677640E-05  4.1092017E-06  1.0406351E-02
 8.7943523E-06  5.8093207E-05  8.2670433E-05  1.0908916E-04  1.2998726E-04  4.9126306E-02  3.8640926E-02  8.2670433E-05  5.8093207E-05  8.7943523E-06  8.4248538E-03
 1.2052805E-05  5.5758125E-05  7.7096631E-05  1.0003437E-04  1.1817961E-04  4.4211596E-02  3.4732903E-02  7.7096631E-05  5.5758125E-05  1.2052805E-05  6.8101617E-03
 1.4198127E-05  5.2915029E-05  7.1428231E-05  9.1327797E-05  1.0707103E-04  3.9749848E-02  3.1190104E-02  7.1428231E-05  5.2915029E-05  1.4198127E-05  5.4987240E-03
 1.5485796E-05  4.9756249E-05  6.5804938E-05  8.3055947E-05  9.6704319E-05  3.5702270E-02  2.7980714E-02  6.5804938E-05  4.9756249E-05  1.5485796E-05  4.4367447E-03
 1.6121298E-05  4.6430762E-05  6.0332125E-05  7.5274413E-05  8.7096996E-05  3.2033789E-02  2.5075968E-02  6.0332125E-05  4.6430762E-05  1.6121298E-05  3.5790672E-03
 1.6268647E-05  4.3052275E-05  5.5083217E-05  6.8014911E-05  7.8247228E-05  2.8712205E-02  2.2449554E-02  5.5083217E-05  4.3052275E-05  1.6268647E-05  2.8879584E-03
 1.6058024E-05  3.9705426E-05  5.0108644E-05  6.1290560E-05  7.0138826E-05  2.5707871E-02  2.0077240E-02  5.0108644E-05  3.9705426E-05  1.6058024E-05  2.3320943E-03
 1.5591671E-05  3.6451985E-05  4.5439795E-05  5.5100298E-05  6.2745038E-05  2.2993379E-02  1.7936692E-02  4.5439795E-05  3.6451985E-05  1.5591671E-05  1.8856264E-03
 1.4949403E-05  3.3334866E-05  4.1093082E-05  4.9432109E-05  5.6031332E-05  2.0543620E-02  1.6007474E-02  4.1093082E-05  3.3334866E-05  1.4949403E-05  1.5273419E-03
 1.4192676E-05  3.0382700E-05  3.7073642E-05  4.4265346E-05  4.9956896E-05  1.8335302E-02  1.4270716E-02  3.7073642E-05  3.0382700E-05  1.4192676E-05  1.2398999E-03
 1.3368353E-05  2.7612651E-05  3.3378093E-05  3.9574933E-05  4.4479396E-05  1.6347018E-02  1.2709046E-02  3.3378093E-05  2.7612651E-05  1.3368353E-05  1.0092484E-03
 1.2511640E-05  2.5033116E-05  2.9996725E-05  3.5331780E-05  3.9554313E-05  1.4558956E-02  1.1306452E-02  2.9996725E-05  2.5033116E-05  1.2511640E-05  8.2399793E-04
 1.1648662E-05  2.2646161E-05  2.6915754E-05  3.1504878E-05  3.5137163E-05  1.2952873E-02  1.0048220E-02  2.6915754E-05  2.2646161E-05  1.1648662E-05  6.7501448E-04
 1.0798152E-05  2.0448841E-05  2.4118391E-05  2.8062495E-05  3.1184377E-05  1.1511984E-02  8.9208314E-03  2.4118391E-05  2.0448841E-05  1.0798152E-05  5.5494501E-04
 0.0000000E+00  0.0000000E+00  4.7513087E-05  9.8572049E-05  1.3899365E-04  9.7198285E-02  7.6647723E-02  4.7513087E-05  0.0000000E+00  0.0000000E+00  3.9287242E-02
 0.0000000E+00  9.8701661E-06  5.0870944E-05  9.4931341E-05  1.2981373E-04  8.7298854E-02  6.8744505E-02  5.0870944E-05  9.8701661E-06  0.0000000E+00  3.2117687E-02
 0.0000000E+00  2.2622232E-05  5.8111279E-05  9.6248629E-05  1.2644277E-04  7.8586968E-02  6.1801094E-02  5.8111279E-05  2.2622232E-05  0.0000000E+00  2.6290870E-02
 0.0000000E+00  3.1393053E-05  6.2215101E-05  9.5337073E-05  1.2156130E-04  7.0884243E-02  5.5671653E-02  6.2215101E-05  3.1393053E-05  0.0000000E+00  2.1542849E-02
 0.0000000E+00  3.7194689E-05  6.4034253E-05  9.2876461E-05  1.1571289E-04  6.4031912E-02  5.0227129E-02  6.4034253E-05  3.7194689E-05  0.0000000E+00  1.7663371E-02
 0.0000000E+00  4.0773106E-05  6.4193036E-05  8.9360587E-05  1.0928801E-04  5.7904936E-02  4.5366067E-02  6.4193036E-05  4.0773106E-05  0.0000000E+00  1.4487586E-02
 0.0000000E+00  4.2684566E-05  6.3153381E-05  8.5149425E-05  1.0256619E-04  5.2405039E-02  4.1008714E-02  6.3153381E-05  4.2684566E-05  0.0000000E+00  1.1884763E-02
 0.0000000E+00  4.3350096E-05  6.1261883E-05  8.0510117E-05  9.5751489E-05  4.7452828E-02  3.7090686E-02  6.1261883E-05  4.3350096E-05  0.0000000E+00  9.7502636E-03
 2.3286393E-06  4.0672253E-05  5.6176270E-05  7.2837056E-05  8.6029948E-05  4.2583126E-02  3.3243321E-02  5.6176270E-05  4.0672253E-05  2.3286393E-06  7.8131014E-03
 5.5926353E-06  3.9468400E-05  5.2868253E-05  6.7267989E-05  7.8670683E-05  3.8169806E-02  2.9761604E-02  5.2868253E-05  3.9468400E-05  5.5926353E-06  6.2470237E-03
 7.8557653E-06  3.7762171E-05  4.9335239E-05  6.1771894E-05  7.1620334E-05  3.4181395E-02  2.6619600E-02  4.9335239E-05  3.7762171E-05  7.8557653E-06  4.9874148E-03
 9.3418907E-06  3.5723307E-05  4.5711027E-05  5.6444131E-05  6.4943693E-05  3.0579472E-02  2.3786061E-02  4.5711027E-05  3.5723307E-05  9.3418907E-06  3.9775658E-03
 1.0233201E-05  3.3486062E-05  4.2098818E-05  5.1354338E-05  5.8683979E-05  2.7329235E-02  2.1232771E-02  4.2098818E-05  3.3486062E-05  1.0233201E-05  3.1703247E-03
 1.0675170E-05  3.1153183E-05  3.8574024E-05  4.6548744E-05  5.2864178E-05  2.4399045E-02  1.8934090E-02  3.8574024E-05  3.1153183E-05  1.0675170E-05  2.5267067E-03
 1.0783134E-05  2.8801842E-05  3.5190335E-05  4.2055583E-05  4.7492522E-05  2.1759922E-02  1.6866551E-02  3.5190335E-05  2.8801842E-05  1.0783134E-05  2.0146748E-03
 1.0647706E-05  2.6488663E-05  3.1983563E-05  3.7888579E-05  4.2565138E-05  1.9385479E-02  1.5008894E-02  3.1983563E-05  2.6488663E-05  1.0647706E-05  1.6080241E-03
 1.0339730E-05  2.4253832E-05  2.8975955E-05  3.4050604E-05  3.8069565E-05  1.7251577E-02  1.3341645E-02  2.8975955E-05  2.4253832E-05  1.0339730E-05  1.2854616E-03
 9.9138085E-06  2.2124683E-05  2.6179122E-05  3.0536236E-05  3.3987020E-05  1.5336000E-02  1.1846949E-02  2.6179122E-05  2.2124683E-05  9.9138085E-06  1.0297783E-03
 9.4118229E-06  2.0118371E-05  2.3596456E-05  2.7334218E-05  3.0294516E-05  1.3618465E-02  1.0508523E-02  2.3596456E-05  2.0118371E-05  9.4118229E-06  8.2712489E-04
 8.8652163E-06  1.8244617E-05  2.1225675E-05  2.4429247E-05  2.6966515E-05  1.2080239E-02  9.3113751E-03  2.1225675E-05  1.8244617E-05  8.8652163E-06  6.6641121E-04
 8.2976692E-06  1.6507205E-05  1.9059928E-05  2.1803299E-05  2.3976094E-05  1.0704350E-02  8.2419250E-03  1.9059928E-05  1.6507205E-05  8.2976692E-06  5.3882009E-04
 7.7262732E-06  1.4905679E-05  1.7089757E-05  1.9436965E-05  2.1296022E-05  9.4750534E-03  7.2876201E-03  1.7089757E-05  1.4905679E-05  7.7262732E-06  4.3733484E-04
 7.1634883E-06  1.3436645E-05  1.5303745E-05  1.7310232E-05  1.8899470E-05  8.3781670E-03  6.4371546E-03  1.5303745E-05  1.3436645E-05  7.1634883E-06  3.5641828E-04
 0.0000000E+00  0.0000000E+00  2.5829345E-05  5.3580859E-05  7.5565661E-05  7.7303811E-02  6.0389154E-02  2.5829345E-05  0.0000000E+00  0.0000000E+00  3.2039279E-02
 0.0000000E+00  5.4557025E-06  2.7617053E-05  5.1427786E-05  7.0290854E-05  6.9056894E-02  5.3871213E-02  2.7617053E-05  5.4557025E-06  0.0000000E+00  2.5832805E-02
 0.0000000E+00  1.4659033E-05  3.3732220E-05  5.4225093E-05  7.0459856E-05  6.1837998E-02  4.8175504E-02  3.3732220E-05  1.4659033E-05  0.0000000E+00  2.0863676E-02
 0.0000000E+00  2.0950643E-05  3.7424316E-05  5.5124287E-05  6.9146584E-05  5.5491372E-02  4.3175780E-02  3.7424316E-05  2.0950643E-05  0.0000000E+00  1.6873301E-02
 0.0000000E+00  2.5080560E-05  3.9348581E-05  5.4678919E-05  6.6824000E-05  4.9875493E-02  3.8758364E-02  3.9348581E-05  2.5080560E-05  0.0000000E+00  1.3658505E-02
 0.0000000E+00  2.7603147E-05  3.9987673E-05  5.3294613E-05  6.3836686E-05  4.4881298E-02  3.4835588E-02  3.9987673E-05  2.7603147E-05  0.0000000E+00  1.1062587E-02
 0.0000000E+00  2.8929631E-05  3.9697737E-05  5.1267850E-05  6.0434047E-05  4.0421607E-02  3.1337593E-02  3.9697737E-05  2.8929631E-05  0.0000000E+00  8.9632350E-03
 0.0000000E+00  2.9369961E-05  3.8744831E-05  4.8817968E-05  5.6798271E-05  3.6426510E-02  2.8208245E-02  3.8744831E-05  2.9369961E-05  0.0000000E+00  7.2639181E-03
 1.1410387E-06  2.6999736E-05  3.5070711E-05  4.3742921E-05  5.0613394E-05  3.2520410E-02  2.5152776E-02  3.5070711E-05  2.6999736E-05  1.1410387E-06  5.7445661E-03
 3.3998548E-06  2.6139699E-05  3.3076914E-05  4.0531092E-05  4.6436552E-05  2.8998616E-02  2.2401886E-02  3.3076914E-05  2.6139699E-05  3.3998548E-06  4.5327123E-03
 4.9675543E-06  2.4950652E-05  3.0909251E-05  3.7311857E-05  4.2384272E-05  2.5833481E-02  1.9933091E-02  3.0909251E-05  2.4950652E-05  4.9675543E-06  3.5713264E-03
 6.0001012E-06  2.3547512E-05  2.8661607E-05  3.4156871E-05  3.8510462E-05  2.2990794E-02  1.7718868E-02  2.8661607E-05  2.3547512E-05  6.0001012E-06  2.8110567E-03
 6.6249614E-06  2.2021383E-05  2.6407180E-05  3.1119907E-05  3.4853542E-05  2.0439858E-02  1.5734609E-02  2.6407180E-05  2.2021383E-05  6.6249614E-06  2.2115608E-03
 6.9432526E-06  2.0441323E-05  2.4199357E-05  2.8237614E-05  3.1436899E-05  1.8152759E-02  1.3957994E-02  2.4199357E-05  2.0441323E-05  6.9432526E-06  1.7400258E-03
 7.0344934E-06  1.8858347E-05  2.2075788E-05  2.5533103E-05  2.8272153E-05  1.6104323E-02  1.2368895E-02  2.2075788E-05  1.8858347E-05  7.0344934E-06  1.3699207E-03
 6.9609581E-06  1.7309425E-05  2.0061504E-05  2.3018882E-05  2.5361856E-05  1.4271523E-02  1.0948957E-02  2.0061504E-05  1.7309425E-05  6.9609581E-06  1.0798904E-03
 6.7707092E-06  1.5820063E-05  1.8172108E-05  2.0699563E-05  2.2701939E-05  1.2633514E-02  9.6815827E-03  1.8172108E-05  1.5820063E-05  6.7707092E-06  8.5286712E-04
 6.5007587E-06  1.4407222E-05  1.6415536E-05  1.8573665E-05  2.0283436E-05  1.1171311E-02  8.5516863E-03  1.6415536E-05  1.4407222E-05  6.5007587E-06  6.7524000E-04
 6.1791706E-06  1.3081144E-05  1.4794368E-05  1.6635512E-05  1.8094115E-05  9.8675097E-03  7.5454748E-03  1.4794368E-05  1.3081144E-05  6.1791706E-06  5.3624402E-04
 5.8270423E-06  1.1846918E-05  1.3307177E-05  1.4876453E-05  1.6119697E-05  8.7064245E-03  6.6505223E-03  1.3307177E-05  1.1846918E-05  5.8270423E-06  4.2738802E-04
 5.4600102E-06  1.0705968E-05  1.1949555E-05  1.3285904E-05  1.4344648E-05  7.6736154E-03  5.8554295E-03  1.1949555E-05  1.0705968E-05  5.4600102E-06  3.4200566E-04
 5.0894845E-06  9.6572075E-06  1.0715261E-05  1.1852273E-05  1.2753088E-05  6.7560719E-03  5.1499321E-03  1.0715261E-05  9.6572075E-06  5.0894845E-06  2.7488706E-04
 4.7236395E-06  8.6974496E-06  9.5969004E-06  1.0563485E-05  1.1329279E-05  5.9419046E-03  4.5246730E-03  9.5969004E-06  8.6974496E-06  4.7236395E-06  2.2197216E-04
 0.0000000E+00  0.0000000E+00  1.3257667E-05  2.7500817E-05  3.8787497E-05  6.0073596E-02  4.6460126E-02  1.3257667E-05  0.0000000E+00  0.0000000E+00  2.5648553E-02
 0.0000000E+00  2.3440492E-06  1.3652273E-05  2.5801268E-05  3.5428429E-05  5.3360497E-02  4.1211396E-02  1.3652273E-05  2.3440492E-06  0.0000000E+00  2.0380656E-02
 0.0000000E+00  8.8674712E-06  1.8542966E-05  2.8938043E-05  3.7175287E-05  4.7517160E-02  3.6650475E-02  1.8542966E-05  8.8674712E-06  0.0000000E+00  1.6227887E-02
 0.0000000E+00  1.3321004E-05  2.1630207E-05  3.0557511E-05  3.7631640E-05  4.2409666E-02  3.2669981E-02  2.1630207E-05  1.3321004E-05  0.0000000E+00  1.2943377E-02
 0.0000000E+00  1.6239582E-05  2.3396248E-05  3.1085404E-05  3.7178357E-05  3.7916016E-02  2.9173015E-02  2.3396248E-05  1.6239582E-05  0.0000000E+00  1.0335848E-02
 0.0000000E+00  1.8022249E-05  2.4200255E-05  3.0838087E-05  3.6097920E-05  3.3941866E-02  2.6084695E-02  2.4200255E-05  1.8022249E-05  0.0000000E+00  8.2602385E-03
 0.0000000E+00  1.8964062E-05  2.4306850E-05  3.0047329E-05  3.4596074E-05  3.0412523E-02  2.3345782E-02  2.4306850E-05  1.8964062E-05  0.0000000E+00  6.6050839E-03
 0.0000000E+00  1.9286736E-05  2.3913512E-05  2.8884863E-05  3.2824110E-05  2.7267931E-02  2.0908680E-02  2.3913512E-05  1.9286736E-05  0.0000000E+00  5.2835937E-03
 3.7647370E-07  1.7285876E-05  2.1246803E-05  2.5502720E-05  2.8875076E-05  2.4211633E-02  1.8543086E-02  2.1246803E-05  1.7285876E-05  3.7647370E-07  4.1202700E-03
 1.9225090E-06  1.6728806E-05  2.0113781E-05  2.3750915E-05  2.6632911E-05  2.1470982E-02  1.6424839E-02  2.0113781E-05  1.6728806E-05  1.9225090E-06  3.2055319E-03
 3.0031985E-06  1.5958827E-05  1.8849506E-05  2.1955626E-05  2.4416830E-05  1.9022144E-02  1.4534722E-02  1.8849506E-05  1.5958827E-05  3.0031985E-06  2.4903374E-03
 3.7229162E-06  1.5050620E-05  1.7517314E-05  2.0167933E-05  2.2268183E-05  1.6835568E-02  1.2849304E-02  1.7517314E-05  1.5050620E-05  3.7229162E-06  1.9329008E-03
 4.1679947E-06  1.4064493E-05  1.6167720E-05  1.8427805E-05  2.0218585E-05  1.4884774E-02  1.1347628E-02  1.6167720E-05  1.4064493E-05  4.1679947E-06  1.4996583E-03
 4.4065972E-06  1.3045674E-05  1.4837501E-05  1.6762920E-05  1.8288546E-05  1.3145938E-02  1.0010869E-02  1.4837501E-05  1.3045674E-05  4.4065972E-06  1.1637675E-03
 4.4921973E-06  1.2027350E-05  1.3552441E-05  1.5191413E-05  1.6490013E-05  1.1597593E-02  8.8220943E-03  1.3552441E-05  1.2027350E-05  4.4921973E-06  9.0388124E-04
 4.4663764E-06  1.1033049E-05  1.2330015E-05  1.3723879E-05  1.4828245E-05  1.0220369E-02  7.7660481E-03  1.2330015E-05  1.1033049E-05  4.4663764E-06  7.0309710E-04
 4.3612185E-06  1.0078978E-05  1.1181000E-05  1.2365311E-05  1.3303673E-05  8.9967071E-03  6.8289363E-03  1.1181000E-05  1.0078978E-05  4.3612185E-06  5.4812137E-04
 4.2013048E-06  9.1756318E-06  1.0111104E-05  1.1116510E-05  1.1913101E-05  7.9107806E-03  5.9983353E-03  1.0111104E-05  9.1756318E-06  4.2013048E-06  4.2853761E-04
 4.0052417E-06  8.3290709E-06  9.1225104E-06  9.9752113E-06  1.0650832E-05  6.9482146E-03  5.2629888E-03  9.1225104E-06  8.3290709E-06  4.0052417E-06  3.3622542E-04
 3.7870212E-06  7.5421836E-06  8.2145147E-06  8.9371130E-06  9.5096140E-06  6.0960295E-03  4.6127539E-03  8.2145147E-06  7.5421836E-06  3.7870212E-06  2.6488421E-04
 3.5570280E-06  6.8155475E-06  7.3847920E-06  7.9965410E-06  8.4812487E-06  5.3424798E-03  4.0384655E-03  7.3847920E-06  6.8155475E-06  3.5570280E-06  2.0964499E-04
 3.3228922E-06  6.1480777E-06  6.6295592E-06  7.1470406E-06  7.5570364E-06  4.6769953E-03  3.5318831E-03  6.6295592E-06  6.1480777E-06  3.3228922E-06  1.6675896E-04
 3.0901021E-06  5.5375549E-06  5.9444691E-06  6.3818237E-06  6.7283292E-06  4.0899817E-03  3.0855514E-03  5.9444691E-06  5.5375549E-06  3.0901021E-06  1.3334883E-04
 0.0000000E+00  0.0000000E+00  6.3560480E-06  1.3184347E-05  1.8595900E-05  4.5441285E-02  3.4769828E-02  6.3560480E-06  0.0000000E+00  0.0000000E+00  2.0071542E-02
 0.0000000E+00  3.3877593E-07  5.7257424E-06  1.1513112E-05  1.6099639E-05  4.0119237E-02  3.0656293E-02  5.7257424E-06  3.3877593E-07  0.0000000E+00  1.5702536E-02
 0.0000000E+00  4.9105605E-06  9.4905406E-06  1.4411112E-05  1.8310625E-05  3.5513745E-02  2.7102658E-02  9.4905406E-06  4.9105605E-06  0.0000000E+00  1.2314148E-02
 0.0000000E+00  8.0402954E-06  1.1949395E-05  1.6149378E-05  1.9477732E-05  3.1513192E-02  2.4020367E-02  1.1949395E-05  8.0402954E-06  0.0000000E+00  9.6770466E-03
 0.0000000E+00  1.0098951E-05  1.3445755E-05  1.7041567E-05  1.9891158E-05  2.8014733E-02  2.1328755E-02  1.3445755E-05  1.0098951E-05  0.0000000E+00  7.6159796E-03
 0.0000000E+00  1.1367148E-05  1.4239428E-05  1.7325461E-05  1.9771041E-05  2.4939004E-02  1.8965597E-02  1.4239428E-05  1.1367148E-05  0.0000000E+00  6.0001007E-03
 0.0000000E+00  1.2052441E-05  1.4522111E-05  1.7175678E-05  1.9278504E-05  2.2223411E-02  1.6881897E-02  1.4522111E-05  1.2052441E-05  0.0000000E+00  4.7305661E-03
 0.0000000E+00  1.2310129E-05  1.4436678E-05  1.6721778E-05  1.8532539E-05  1.9817710E-02  1.5038345E-02  1.4436678E-05  1.2310129E-05  0.0000000E+00  3.7316992E-03
 0.0000000E+00  1.0679370E-05  1.2489107E-05  1.4433731E-05  1.5974718E-05  1.7494394E-02  1.3260085E-02  1.2489107E-05  1.0679370E-05  0.0000000E+00  2.8667044E-03
 9.8926394E-07  1.0354812E-05  1.1891952E-05  1.3543758E-05  1.4852662E-05  1.5422971E-02  1.1676859E-02  1.1891952E-05  1.0354812E-05  9.8926394E-07  2.1967809E-03
 1.7352734E-06  9.8935894E-06  1.1198328E-05  1.2600376E-05  1.3711371E-05  1.3583481E-02  1.0272753E-02  1.1198328E-05  9.8935894E-06  1.7352734E-06  1.6810610E-03
 2.2406083E-06  9.3422566E-06  1.0448869E-05  1.1638083E-05  1.2580368E-05  1.1951174E-02  9.0284006E-03  1.0448869E-05  9.3422566E-06  2.2406083E-06  1.2852838E-03
 2.5623897E-06  8.7396199E-06  9.6774120E-06  1.0685261E-05  1.1483816E-05  1.0503849E-02  7.9264765E-03  9.6774120E-06  8.7396199E-06  2.5623897E-06  9.8239420E-04
 2.7456801E-06  8.1146201E-06  8.9087324E-06  9.7621001E-06  1.0438286E-05  9.2217769E-03  6.9515920E-03  8.9087324E-06  8.1146201E-06  2.7456801E-06  7.5116180E-04
 2.8257491E-06  7.4884510E-06  8.1602235E-06  8.8822162E-06  9.4542790E-06  8.0872422E-03  6.0899639E-03  8.1602235E-06  7.4884510E-06  2.8257491E-06  5.7495965E-04
 2.8300317E-06  6.8760871E-06  7.4438708E-06  8.0541910E-06  8.5377348E-06  7.0843556E-03  5.3292432E-03  7.4438708E-06  6.8760871E-06  2.8300317E-06  4.4088578E-04
 2.7796999E-06  6.2877307E-06  6.7672456E-06  7.2826456E-06  7.6909968E-06  6.1988663E-03  4.6583790E-03  6.7672456E-06  6.2877307E-06  2.7796999E-06  3.3894401E-04
 2.6909707E-06  5.7299885E-06  6.1345648E-06  6.5694295E-06  6.9139698E-06  5.4179442E-03  4.0674367E-03  6.1345648E-06  5.7299885E-06  2.6909707E-06  2.6143877E-04
 2.5761803E-06  5.2066900E-06  5.5477285E-06  5.9143282E-06  6.2047708E-06  4.7300902E-03  3.5475253E-03  5.5477285E-06  5.2066900E-06  2.5761803E-06  2.0247305E-04
 2.4446468E-06  4.7196622E-06  5.0068903E-06  5.3156477E-06  5.5602629E-06  4.1249194E-03  3.0906350E-03  5.0068903E-06  4.7196622E-06  2.4446468E-06  1.5754424E-04
 2.3033495E-06  4.2692853E-06  4.5109684E-06  4.7707843E-06  4.9766186E-06  3.5931607E-03  2.6896223E-03  4.5109684E-06  4.2692853E-06  2.3033495E-06  1.2323137E-04
 2.1574699E-06  3.8549159E-06  4.0581067E-06  4.2765401E-06  4.4495888E-06  3.1264978E-03  2.3380909E-03  4.0581067E-06  3.8549159E-06  2.1574699E-06  9.6942209E-05
 2.0108156E-06  3.4752534E-06  3.6459225E-06  3.8294073E-06  3.9747665E-06  2.7174697E-03  2.0303117E-03  3.6459225E-06  3.4752534E-06  2.0108156E-06  7.6719606E-05
 0.0000000E+00  0.0000000E+00  2.8061339E-06  5.8207345E-06  8.2099578E-06  3.3290249E-02  2.5184820E-02  2.8061339E-06  0.0000000E+00  0.0000000E+00  1.5271269E-02
 0.0000000E+00  0.0000000E+00  1.5135949E-06  4.1015869E-06  6.0969534E-06  2.9199270E-02  2.2061225E-02  1.5135949E-06  0.0000000E+00  0.0000000E+00  1.1748627E-02
 0.0000000E+00  2.3085614E-06  4.3039932E-06  6.4478622E-06  8.1468966E-06  2.5681348E-02  1.9379746E-02  4.3039932E-06  2.3085614E-06  0.0000000E+00  9.0636528E-03
 0.0000000E+00  4.4890494E-06  6.1812564E-06  7.9994362E-06  9.4403184E-06  2.2645879E-02  1.7069287E-02  6.1812564E-06  4.4890494E-06  0.0000000E+00  7.0096630E-03
 0.0000000E+00  5.9385963E-06  7.3782837E-06  8.9252032E-06  1.0151086E-05  2.0008631E-02  1.5064650E-02  7.3782837E-06  5.9385963E-06  0.0000000E+00  5.4308766E-03
 0.0000000E+00  6.8485509E-06  8.0765043E-06  9.3960139E-06  1.0441642E-05  1.7704836E-02  1.3315753E-02  8.0765043E-06  6.8485509E-06  0.0000000E+00  4.2131234E-03
 0.0000000E+00  7.3606550E-06  8.4101477E-06  9.5378357E-06  1.0431476E-05  1.5683472E-02  1.1783185E-02  8.4101477E-06  7.3606550E-06  0.0000000E+00  3.2715158E-03
 0.0000000E+00  7.5810369E-06  8.4793602E-06  9.4446728E-06  1.0209623E-05  1.3903862E-02  1.0435550E-02  8.4793602E-06  7.5810369E-06  0.0000000E+00  2.5421875E-03
 0.0000000E+00  6.3023176E-06  7.0619661E-06  7.8783596E-06  8.5252526E-06  1.2196947E-02  9.1443997E-03  7.0619661E-06  6.3023176E-06  0.0000000E+00  1.9215471E-03
 4.2534847E-07  6.1480814E-06  6.7891524E-06  7.4781499E-06  8.0240797E-06  1.0684444E-02  8.0018845E-03  6.7891524E-06  6.1480814E-06  4.2534847E-07  1.4486306E-03
 9.3967662E-07  5.9052016E-06  6.4458237E-06  7.0268762E-06  7.4872659E-06  9.3502151E-03  6.9952858E-03  6.4458237E-06  5.9052016E-06  9.3967662E-07  1.0906037E-03
 1.2958179E-06  5.6013332E-06  6.0568936E-06  6.5465670E-06  6.9345374E-06  8.1741253E-03  6.1090789E-03  6.0568936E-06  5.6013332E-06  1.2958179E-06  8.2038734E-04
 1.5304285E-06  5.2609123E-06  5.6444887E-06  6.0568052E-06  6.3834770E-06  7.1382436E-03  5.3294662E-03  5.6444887E-06  5.2609123E-06  1.5304285E-06  6.1699810E-04
 1.6725488E-06  4.9023175E-06  5.2250036E-06  5.5718963E-06  5.8467220E-06  6.2267989E-03  4.6443139E-03  5.2250036E-06  4.9023175E-06  1.6725488E-06  4.6427329E-04
 1.7449871E-06  4.5390202E-06  4.8102513E-06  5.1018369E-06  5.3328436E-06  5.4256132E-03  4.0427508E-03  4.8102513E-06  4.5390202E-06  1.7449871E-06  3.4980238E-04
 1.7655464E-06  4.1806753E-06  4.4084480E-06  4.6533303E-06  4.8473303E-06  4.7221440E-03  3.5151619E-03  4.4084480E-06  4.1806753E-06  1.7655464E-06  2.6411220E-04
 1.7480540E-06  3.8339390E-06  4.0250457E-06  4.2305223E-06  4.3932981E-06  4.1051966E-03  3.0529855E-03  4.0250457E-06  3.8339390E-06  1.7480540E-06  2.0000358E-04
 1.7031719E-06  3.5031958E-06  3.6633992E-06  3.8356521E-06  3.9721049E-06  3.5647607E-03  2.6485727E-03  3.6633992E-06  3.5031958E-06  1.7031719E-06  1.5203344E-04
 1.6390936E-06  3.1911491E-06  3.3253107E-06  3.4695823E-06  3.5838648E-06  3.0919292E-03  2.2951376E-03  3.3253107E-06  3.1911491E-06  1.6390936E-06  1.1610354E-04
 1.5620815E-06  2.8991997E-06  3.0114617E-06  3.1321921E-06  3.2278202E-06  2.6787660E-03  1.9866337E-03  3.0114617E-06  2.8991997E-06  1.5620815E-06  8.9140963E-05
 1.4768911E-06  2.6278929E-06  2.7217386E-06  2.8226745E-06  2.9026201E-06  2.3181832E-03  1.7176752E-03  2.7217386E-06  2.6278929E-06  1.4768911E-06  6.8850200E-05
 1.3871269E-06  2.3770923E-06  2.4554826E-06  2.5397930E-06  2.6065704E-06  2.0038909E-03  1.4834875E-03  2.4554826E-06  2.3770923E-06  1.3871269E-06  5.3523425E-05
 1.2954923E-06  2.1462680E-06  2.2116867E-06  2.2820484E-06  2.3377778E-06  1.7302832E-03  1.2798230E-03  2.2116867E-06  2.1462680E-06  1.2954923E-06  4.1891868E-05
 0.0000000E+00  0.0000000E+00  1.1203793E-06  2.3239844E-06  3.2779165E-06  2.3468819E-02  1.7543051E-02  1.1203793E-06  0.0000000E+00  0.0000000E+00  1.1218527E-02
 0.0000000E+00  0.0000000E+00  0.0000000E+00  1.2005648E-06  1.7846234E-06  2.0438515E-02  1.5259038E-02  0.0000000E+00  0.0000000E+00  0.0000000E+00  8.4751077E-03
 0.0000000E+00  7.7174088E-07  1.5569845E-06  2.4006978E-06  3.0693296E-06  1.7850315E-02  1.3311540E-02  1.5569845E-06  7.7174088E-07  0.0000000E+00  6.4227668E-03
 0.0000000E+00  2.2855900E-06  2.9468542E-06  3.6574226E-06  4.2205096E-06  1.5633223E-02  1.1645505E-02  2.9468542E-06  2.2855900E-06  0.0000000E+00  4.8816692E-03
 0.0000000E+00  3.3061408E-06  3.8649118E-06  4.4653899E-06  4.9412171E-06  1.3720576E-02  1.0210072E-02  3.8649118E-06  3.3061408E-06  0.0000000E+00  3.7182925E-03
 0.0000000E+00  3.9617698E-06  4.4352121E-06  4.9440270E-06  5.3472021E-06  1.2061296E-02  8.9663026E-03  4.4352121E-06  3.9617698E-06  0.0000000E+00  2.8366174E-03
 0.0000000E+00  4.3479004E-06  4.7498945E-06  5.1819533E-06  5.5242961E-06  1.0615368E-02  7.8837282E-03  4.7498945E-06  4.3479004E-06  0.0000000E+00  2.1665358E-03
 0.0000000E+00  4.5360750E-06  4.8779699E-06  5.2454687E-06  5.5366415E-06  9.3508473E-03  6.9380490E-03  4.8779699E-06  4.5360750E-06  0.0000000E+00  1.6562564E-03
 0.0000000E+00  3.5682795E-06  3.8554753E-06  4.1642071E-06  4.4088088E-06  8.1470404E-03  6.0386564E-03  3.8554753E-06  3.5682795E-06  0.0000000E+00  1.2301066E-03
 1.2143843E-07  3.5205560E-06  3.7612586E-06  4.0200400E-06  4.2250556E-06  7.0874075E-03  5.2480348E-03  3.7612586E-06  3.5205560E-06  1.2143843E-07  9.1105076E-04
 4.7573325E-07  3.4142772E-06  3.6158777E-06  3.8326444E-06  4.0043594E-06  6.1593642E-03  4.5564001E-03  3.6158777E-06  3.4142772E-06  4.7573325E-07  6.7383271E-04
 7.2643288E-07  3.2651028E-06  3.4338243E-06  3.6152518E-06  3.7589689E-06  5.3472176E-03  3.9518252E-03  3.4338243E-06  3.2651028E-06  7.2643288E-07  4.9799850E-04
 8.9670783E-07  3.0883163E-06  3.2294100E-06  3.3811409E-06  3.5013287E-06  4.6371100E-03  3.4238004E-03  3.2294100E-06  3.0883163E-06  8.9670783E-07  3.6801544E-04
 1.0050401E-06  2.8955958E-06  3.0134822E-06  3.1402751E-06  3.2407012E-06  4.0167773E-03  2.9630362E-03  3.0134822E-06  2.8955958E-06  1.0050401E-06  2.7214663E-04
 1.0660956E-06  2.6956490E-06  2.7940667E-06  2.8999211E-06  2.9837629E-06  3.4754603E-03  2.5613937E-03  2.7940667E-06  2.6956490E-06  1.0660956E-06  2.0156058E-04
 1.0914112E-06  2.4948479E-06  2.5769318E-06  2.6652400E-06  2.7351733E-06  3.0036256E-03  2.2116760E-03  2.5769318E-06  2.4948479E-06  1.0914112E-06  1.4964855E-04
 1.0900396E-06  2.2977305E-06  2.3661299E-06  2.4397258E-06  2.4980063E-06  2.5928293E-03  1.9075153E-03  2.3661299E-06  2.2977305E-06  1.0900396E-06  1.1148537E-04
 1.0690425E-06  2.1074084E-06  2.1643569E-06  2.2256349E-06  2.2741596E-06  2.2356118E-03  1.6432950E-03  2.1643569E-06  2.1074084E-06  1.0690425E-06  8.3416322E-05
 1.0339219E-06  1.9259428E-06  1.9733137E-06  2.0242932E-06  2.0646584E-06  1.9253707E-03  1.4140504E-03  1.9733137E-06  1.9259428E-06  1.0339219E-06  6.2743762E-05
 9.8894936E-07  1.7545957E-06  1.7939643E-06  1.8363329E-06  1.8698818E-06  1.6562615E-03  1.2153950E-03  1.7939643E-06  1.7545957E-06  9.8894936E-07  4.7483348E-05
 9.3741668E-07  1.5940253E-06  1.6267163E-06  1.6619018E-06  1.6897602E-06  1.4231340E-03  1.0434669E-03  1.6267163E-06  1.5940253E-06  9.3741668E-07  3.6180096E-05
 8.8187895E-07  1.4445061E-06  1.4716244E-06  1.5008163E-06  1.5239286E-06  1.2214259E-03  8.9485085E-04  1.4716244E-06  1.4445061E-06  8.8187895E-07  2.7770746E-05
 8.2428775E-07  1.3059674E-06  1.3284459E-06  1.3526467E-06  1.3718057E-06  1.0471321E-03  7.6655254E-04  1.3284459E-06  1.3059674E-06  8.2428775E-07  2.1480310E-05
 0.0000000E+00  0.0000000E+00  3.9188080E-07  8.1287036E-07  1.1465328E-06  1.5739637E-02  1.1617323E-02  3.9188080E-07  0.0000000E+00  0.0000000E+00  7.8637304E-03
 0.0000000E+00  0.0000000E+00  0.0000000E+00  8.9044983E-09  1.3236416E-08  1.3599200E-02  1.0025951E-02  0.0000000E+00  0.0000000E+00  0.0000000E+00  5.8226077E-03
 0.0000000E+00  0.0000000E+00  2.4152738E-07  5.3228410E-07  7.6268805E-07  1.1784604E-02  8.6790864E-03  2.4152738E-07  0.0000000E+00  0.0000000E+00  4.3265544E-03
 0.0000000E+00  1.0123307E-06  1.2385169E-06  1.4816254E-06  1.6742509E-06  1.0242660E-02  7.5359898E-03  1.2385169E-06  1.0123307E-06  0.0000000E+00  3.2258305E-03
 0.0000000E+00  1.7247278E-06  1.9144983E-06  2.1184879E-06  2.2801118E-06  8.9228900E-03  6.5587299E-03  1.9144983E-06  1.7247278E-06  0.0000000E+00  2.4112213E-03
 0.0000000E+00  2.1928969E-06  2.3525654E-06  2.5242280E-06  2.6602244E-06  7.7866657E-03  5.7183149E-03  2.3525654E-06  2.1928969E-06  0.0000000E+00  1.8057210E-03
 0.0000000E+00  2.4801786E-06  2.6148189E-06  2.7596004E-06  2.8742905E-06  6.8039587E-03  4.9922285E-03  2.6148189E-06  2.4801786E-06  0.0000000E+00  1.3542077E-03
 0.0000000E+00  2.6341898E-06  2.7479273E-06  2.8702498E-06  2.9671414E-06  5.9509614E-03  4.3626268E-03  2.7479273E-06  2.6341898E-06  0.0000000E+00  1.0167317E-03
 0.0000000E+00  1.9316079E-06  2.0264769E-06  2.1285270E-06  2.2093501E-06  5.1456324E-03  3.7686924E-03  2.0264769E-06  1.9316079E-06  0.0000000E+00  7.4065192E-04
 0.0000000E+00  1.9409368E-06  2.0198714E-06  2.1047890E-06  2.1720412E-06  4.4419289E-03  3.2503742E-03  2.0198714E-06  1.9409368E-06  0.0000000E+00  5.3790697E-04
 2.2021933E-07  1.9107781E-06  1.9764042E-06  2.0470252E-06  2.1029455E-06  3.8305523E-03  2.8005332E-03  1.9764042E-06  1.9107781E-06  2.2021933E-07  3.9014309E-04
 3.9384870E-07  1.8495934E-06  1.9041239E-06  1.9628049E-06  2.0092692E-06  3.2997928E-03  2.4104099E-03  1.9041239E-06  1.8495934E-06  3.9384870E-07  2.8277291E-04
 5.1447946E-07  1.7670359E-06  1.8123023E-06  1.8610238E-06  1.8995990E-06  2.8394205E-03  2.0723643E-03  1.8123023E-06  1.7670359E-06  5.1447946E-07  2.0496005E-04
 5.9380067E-07  1.6706269E-06  1.7081774E-06  1.7485960E-06  1.7805966E-06  2.4404952E-03  1.7797272E-03  1.7081774E-06  1.6706269E-06  5.9380067E-07  1.4869109E-04
 6.4118817E-07  1.5661373E-06  1.5972605E-06  1.6307646E-06  1.6572880E-06  2.0951812E-03  1.5266628E-03  1.5972605E-06  1.5661373E-06  6.4118817E-07  1.0806721E-04
 6.6412289E-07  1.4579112E-06  1.4836770E-06  1.5114245E-06  1.5333889E-06  1.7966228E-03  1.3080704E-03  1.4836770E-06  1.4579112E-06  6.6412289E-07  7.8765525E-05
 6.6854498E-07  1.3491502E-06  1.3704663E-06  1.3934238E-06  1.4115951E-06  1.5387864E-03  1.1194688E-03  1.3704663E-06  1.3491502E-06  6.6854498E-07  5.7633439E-05
 6.5915534E-07  1.2421804E-06  1.2597926E-06  1.2787777E-06  1.2937980E-06  1.3163926E-03  9.5694074E-04  1.2597926E-06  1.2421804E-06  6.5915534E-07  4.2381531E-05
 6.3966605E-07  1.1386309E-06  1.1531794E-06  1.1688561E-06  1.1812616E-06  1.1248182E-03  8.1706038E-04  1.1531794E-06  1.1386309E-06  6.3966605E-07  3.1354030E-05
 6.1299898E-07  1.0396202E-06  1.0516238E-06  1.0645644E-06  1.0747989E-06  9.5999229E-04  6.9681641E-04  1.0516238E-06  1.0396202E-06  6.1299898E-07  2.3357962E-05
 5.8144622E-07  9.4587782E-07  9.5576591E-07  9.6643509E-07  9.7487451E-07  8.1836904E-04  5.9358760E-04  9.5576591E-07  9.4587782E-07  5.8144622E-07  1.7536626E-05
 5.4680139E-07  8.5780888E-07  8.6596252E-07  8.7474613E-07  8.8169652E-07  6.9683515E-04  5.0507638E-04  8.6596252E-07  8.5780888E-07  5.4680139E-07  1.3276557E-05
 5.1045776E-07  7.7562986E-07  7.8233512E-07  7.8956772E-07  7.9528803E-07  5.9267458E-04  4.2928000E-04  7.8233512E-07  7.7562986E-07  5.1045776E-07  1.0139193E-05
 0.0000000E+00  0.0000000E+00  1.1625606E-07  2.4114730E-07  3.4013218E-07  9.9279978E-03  7.2315370E-03  1.1625606E-07  0.0000000E+00  0.0000000E+00  5.1944448E-03
 0.0000000E+00  0.0000000E+00  0.0000000E+00  0.0000000E+00  0.0000000E+00  8.5014239E-03  6.1859417E-03  0.0000000E+00  0.0000000E+00  0.0000000E+00  3.7603691E-03
 0.0000000E+00  0.0000000E+00  0.0000000E+00  1.3634095E-08  2.0266898E-08  7.3021741E-03  5.3084100E-03  0.0000000E+00  0.0000000E+00  0.0000000E+00  2.7330343E-03
 0.0000000E+00  3.7301105E-07  4.3845046E-07  5.0882113E-07  5.6456545E-07  6.2923329E-03  4.5702784E-03  4.3845046E-07  3.7301105E-07  0.0000000E+00  1.9942863E-03
 0.0000000E+00  8.6131448E-07  9.1578662E-07  9.7437461E-07  1.0207825E-06  5.4356414E-03  3.9447350E-03  9.1578662E-07  8.6131448E-07  0.0000000E+00  1.4595954E-03
 0.0000000E+00  1.1864644E-06  1.2319444E-06  1.2808841E-06  1.3196371E-06  4.7044724E-03  3.4113676E-03  1.2319444E-06  1.1864644E-06  0.0000000E+00  1.0706797E-03
 0.0000000E+00  1.3909149E-06  1.4289768E-06  1.4699544E-06  1.5023940E-06  4.0774905E-03  2.9544319E-03  1.4289768E-06  1.3909149E-06  0.0000000E+00  7.8676987E-04
 0.0000000E+00  1.5064903E-06  1.5384150E-06  1.5727821E-06  1.5999896E-06  3.5378107E-03  2.5614760E-03  1.5384150E-06  1.5064903E-06  0.0000000E+00  5.7895524E-04
 0.0000000E+00  1.0185017E-06  1.0449256E-06  1.0733899E-06  1.0959173E-06  3.0330626E-03  2.1941818E-03  1.0449256E-06  1.0185017E-06  0.0000000E+00  4.1278174E-04
 0.0000000E+00  1.0477890E-06  1.0695997E-06  1.0931039E-06  1.1117031E-06  2.5956111E-03  1.8762490E-03  1.0695997E-06  1.0477890E-06  0.0000000E+00  2.9333990E-04
 9.4015925E-08  1.0503845E-06  1.0683856E-06  1.0877763E-06  1.1031238E-06  2.2189635E-03  1.6027592E-03  1.0683856E-06  1.0503845E-06  9.4015925E-08  2.0819726E-04
 2.1039339E-07  1.0307675E-06  1.0456038E-06  1.0616021E-06  1.0742565E-06  1.8949189E-03  1.3676765E-03  1.0456038E-06  1.0307675E-06  2.1039339E-07  1.4768178E-04
 2.9205136E-07  9.9513375E-07  1.0073577E-06  1.0205399E-06  1.0309648E-06  1.6163862E-03  1.1657878E-03  1.0073577E-06  9.9513375E-07  2.9205136E-07  1.0477807E-04
 3.4644563E-07  9.4843138E-07  9.5849525E-07  9.6934941E-07  9.7793315E-07  1.3771999E-03  9.9256736E-04  9.5849525E-07  9.4843138E-07  3.4644563E-07  7.4423790E-05
 3.7962792E-07  8.9454533E-07  9.0281746E-07  9.1174911E-07  9.1881103E-07  1.1720322E-03  8.4410747E-04  9.0281746E-07  8.9454533E-07  3.7962792E-07  5.2978296E-05
 3.9647443E-07  8.3646795E-07  8.4326315E-07  8.5060511E-07  8.5640895E-07  9.9624391E-04  7.1701108E-04  8.4326315E-07  8.3646795E-07  3.9647443E-07  3.7837538E-05
 4.0089851E-07  7.7647827E-07  7.8205945E-07  7.8808926E-07  7.9285438E-07  8.4581417E-04  6.0833564E-04  7.8205945E-07  7.7647827E-07  4.0089851E-07  2.7146062E-05
 3.9602733E-07  7.1628430E-07  7.2086160E-07  7.2581005E-07  7.2971958E-07  7.1724099E-04  5.1552305E-04  7.2086160E-07  7.1628430E-07  3.9602733E-07  1.9587363E-05
 3.8434923E-07  6.5714109E-07  6.6089202E-07  6.6494949E-07  6.6815430E-07  6.0748251E-04  4.3635297E-04  6.6089202E-07  6.5714109E-07  3.8434923E-07  1.4231243E-05
 3.6783930E-07  5.9994954E-07  6.0302228E-07  6.0634539E-07  6.0897015E-07  5.1391749E-04  3.6891340E-04  6.0302228E-07  5.9994954E-07  3.6783930E-07  1.0422547E-05
 3.4805317E-07  5.4533758E-07  5.4785103E-07  5.5057121E-07  5.5271895E-07  4.3425186E-04  3.1153430E-04  5.4785103E-07  5.4533758E-07  3.4805317E-07  7.7010086E-06
 3.2621492E-07  4.9371799E-07  4.9577262E-07  4.9799664E-07  4.9975270E-07  3.6651086E-04  2.6277870E-04  4.9577262E-07  4.9371799E-07  3.2621492E-07  5.7444827E-06
 3.0327567E-07  4.4534027E-07  4.4701814E-07  4.4883569E-07  4.5027019E-07  3.0898408E-04  2.2140346E-04  4.4701814E-07  4.4534027E-07  3.0327567E-07  4.3274955E-06
 0.0000000E+00  0.0000000E+00  2.7409593E-08  5.6855213E-08  8.0192839E-08  5.7533128E-03  4.1334871E-03  2.7409593E-08  0.0000000E+00  0.0000000E+00  3.1559011E-03
 0.0000000E+00  0.0000000E+00  0.0000000E+00  0.0000000E+00  0.0000000E+00  4.8761192E-03  3.5000499E-03  0.0000000E+00  0.0000000E+00  0.0000000E+00  2.2265812E-03
 0.0000000E+00  0.0000000E+00  0.0000000E+00  0.0000000E+00  0.0000000E+00  4.1457087E-03  2.9734672E-03  0.0000000E+00  0.0000000E+00  0.0000000E+00  1.5778555E-03
 0.0000000E+00  1.0171250E-07  1.1676578E-07  1.3297615E-07  1.4580860E-07  3.5370861E-03  2.5350855E-03  1.1676578E-07  1.0171250E-07  0.0000000E+00  1.1233880E-03
 0.0000000E+00  4.2145134E-07  4.3388283E-07  4.4728052E-07  4.5788243E-07  3.0260008E-03  2.1672741E-03  4.3388283E-07  4.2145134E-07  0.0000000E+00  8.0267791E-04
 0.0000000E+00  6.3437580E-07  6.4467633E-07  6.5578533E-07  6.6457260E-07  2.5941519E-03  1.8567395E-03  6.4467633E-07  6.3437580E-07  0.0000000E+00  5.7510631E-04
 0.0000000E+00  7.6884345E-07  7.7740015E-07  7.8663475E-07  7.9393673E-07  2.2274580E-03  1.5932616E-03  7.7740015E-07  7.6884345E-07  0.0000000E+00  4.1294735E-04
 0.0000000E+00  8.4594530E-07  8.5306753E-07  8.6075955E-07  8.6683983E-07  1.9148540E-03  1.3688169E-03  8.5306753E-07  8.4594530E-07  0.0000000E+00  2.9703707E-04
 0.0000000E+00  5.2782586E-07  5.3367607E-07  5.4000005E-07  5.4499693E-07  1.6256564E-03  1.1612526E-03  5.3367607E-07  5.2782586E-07  0.0000000E+00  2.0671564E-04
 0.0000000E+00  5.5593281E-07  5.6072359E-07  5.6590690E-07  5.7000077E-07  1.3773446E-03  9.8324195E-04  5.6072359E-07  5.5593281E-07  0.0000000E+00  1.4334667E-04
 3.7144021E-08  5.6659455E-07  5.7051601E-07  5.7476195E-07  5.7811394E-07  1.1657484E-03  8.3166768E-04  5.7051601E-07  5.6659455E-07  3.7144021E-08  9.9293777E-05
 1.1039968E-07  5.6216238E-07  5.6536920E-07  5.6884482E-07  5.7158748E-07  9.8559698E-04  7.0271350E-04  5.6536920E-07  5.6216238E-07  1.1039968E-07  6.8752634E-05
 1.6162492E-07  5.4665197E-07  5.4927204E-07  5.5211543E-07  5.5435798E-07  8.3234265E-04  5.9309186E-04  5.4927204E-07  5.4665197E-07  1.6162492E-07  4.7628521E-05
 1.9555357E-07  5.2330987E-07  5.2544948E-07  5.2777311E-07  5.2960516E-07  7.0210576E-04  4.9999947E-04  5.2544948E-07  5.2330987E-07  1.9555357E-07  3.3044032E-05
 2.1604919E-07  4.9471123E-07  4.9645679E-07  4.9835463E-07  4.9985006E-07  5.9155026E-04  4.2102911E-04  4.9645679E-07  4.9471123E-07  2.1604919E-07  2.2986071E-05
 2.2623911E-07  4.6286429E-07  4.6428752E-07  4.6583630E-07  4.6705598E-07  4.9780817E-04  3.5411326E-04  4.6428752E-07  4.6286429E-07  2.2623911E-07  1.6051968E-05
 2.2864141E-07  4.2931758E-07  4.3047726E-07  4.3173923E-07  4.3273319E-07  4.1842135E-04  2.9748130E-04  4.3047726E-07  4.2931758E-07  2.2864141E-07  1.1268532E-05
 2.2527041E-07  3.9524290E-07  3.9618653E-07  3.9721504E-07  3.9802438E-07  3.5127453E-04  2.4961118E-04  3.9618653E-07  3.9524290E-07  2.2527041E-07  7.9629453E-06
 2.1772994E-07  3.6151386E-07  3.6228035E-07  3.6311776E-07  3.6377612E-07  2.9455263E-04  2.0919800E-04  3.6228035E-07  3.6151386E-07  2.1772994E-07  5.6718735E-06
 2.0728942E-07  3.2876389E-07  3.2938694E-07  3.3006778E-07  3.3060288E-07  2.4669830E-04  1.7512323E-04  3.2938694E-07  3.2876389E-07  2.0728942E-07  4.0770463E-06
 1.9494348E-07  2.9744148E-07  2.9794700E-07  2.9850004E-07  2.9893472E-07  2.0637792E-04  1.4642975E-04  2.9794700E-07  2.9744148E-07  1.9494348E-07  2.9604677E-06
 1.8146898E-07  2.6784562E-07  2.6825609E-07  2.6870452E-07  2.6905720E-07  1.7244904E-04  1.2229841E-04  2.6825609E-07  2.6784562E-07  1.8146898E-07  2.1730651E-06
 1.6746130E-07  2.4016296E-07  2.4049479E-07  2.4085952E-07  2.4114542E-07  1.4393502E-04  1.0202950E-04  2.4049479E-07  2.4016296E-07  1.6746130E-07  1.6130000E-06
 0.0000000E+00  0.0000000E+00  4.6356753E-09  9.6156821E-09  1.3562677E-08  2.9523165E-03  2.0913122E-03  4.6356753E-09  0.0000000E+00  0.0000000E+00  1.6970814E-03
 0.0000000E+00  0.0000000E+00  0.0000000E+00  0.0000000E+00  0.0000000E+00  2.4713771E-03  1.7492808E-03  0.0000000E+00  0.0000000E+00  0.0000000E+00  1.1611511E-03
 0.0000000E+00  0.0000000E+00  0.0000000E+00  0.0000000E+00  0.0000000E+00  2.0754654E-03  1.4681806E-03  0.0000000E+00  0.0000000E+00  0.0000000E+00  7.9843908E-04
 0.0000000E+00  2.6355408E-08  2.8832196E-08  3.1511921E-08  3.3628636E-08  1.7497320E-03  1.2370708E-03  2.8832196E-08  2.6355408E-08  0.0000000E+00  5.5214961E-04
 0.0000000E+00  2.1874040E-07  2.2076770E-07  2.2296685E-07  2.2470216E-07  1.4795703E-03  1.0455149E-03  2.2076770E-07  2.1874040E-07  0.0000000E+00  3.8352686E-04
 0.0000000E+00  3.4408041E-07  3.4574681E-07  3.4755722E-07  3.4898462E-07  1.2540405E-03  8.8570449E-04  3.4574681E-07  3.4408041E-07  0.0000000E+00  2.6733601E-04
 0.0000000E+00  4.2117859E-07  4.2255181E-07  4.2404648E-07  4.2522404E-07  1.0647921E-03  7.5168191E-04  4.2255181E-07  4.2117859E-07  0.0000000E+00  1.8687473E-04
 0.0000000E+00  4.6369496E-07  4.6482847E-07  4.6606565E-07  4.6703905E-07  9.0533616E-04  6.3882138E-04  4.6482847E-07  4.6369496E-07  0.0000000E+00  1.3094251E-04
 0.0000000E+00  2.7347585E-07  2.7439994E-07  2.7541075E-07  2.7620508E-07  7.5975508E-04  5.3578671E-04  2.7439994E-07  2.7347585E-07  0.0000000E+00  8.8645886E-05
 0.0000000E+00  2.9054085E-07  2.9129118E-07  2.9211373E-07  2.9275970E-07  6.3612284E-04  4.4838472E-04  2.9129118E-07  2.9054085E-07  0.0000000E+00  5.9784640E-05
 1.5323395E-08  2.9734636E-07  2.9795500E-07  2.9862418E-07  2.9914915E-07  5.3207801E-04  3.7487223E-04  2.9795500E-07  2.9734636E-07  1.5323395E-08  4.0289988E-05
 5.6855519E-08  2.9510608E-07  2.9559976E-07  2.9614451E-07  2.9657080E-07  4.4458090E-04  3.1308565E-04  2.9559976E-07  2.9510608E-07  5.6855519E-08  2.7152696E-05
 8.5309522E-08  2.8631069E-07  2.8671081E-07  2.8715308E-07  2.8749917E-07  3.7106604E-04  2.6120043E-04  2.8671081E-07  2.8631069E-07  8.5309522E-08  1.8316320E-05
 1.0361889E-07  2.7295899E-07  2.7328336E-07  2.7364293E-07  2.7392364E-07  3.0935939E-04  2.1767169E-04  2.7328336E-07  2.7295899E-07  1.0361889E-07  1.2380550E-05
 1.1415909E-07  2.5662560E-07  2.5688848E-07  2.5717973E-07  2.5740726E-07  2.5761900E-04  1.8119162E-04  2.5688848E-07  2.5662560E-07  1.1415909E-07  8.3958223E-06
 1.1884016E-07  2.3852689E-07  2.3873898E-07  2.3897522E-07  2.3915950E-07  2.1428524E-04  1.5065351E-04  2.3873898E-07  2.3852689E-07  1.1884016E-07  5.7200829E-06
 1.1918146E-07  2.1958786E-07  2.1975984E-07  2.1995078E-07  2.2010002E-07  1.7803391E-04  1.2511856E-04  2.1975984E-07  2.1958786E-07  1.1918146E-07  3.9210392E-06
 1.1639047E-07  2.0050178E-07  2.0064080E-07  2.0079523E-07  2.0091588E-07  1.4774436E-04  1.0379275E-04  2.0064080E-07  2.0050178E-07  1.1639047E-07  2.7084347E-06
 1.1141176E-07  1.8177394E-07  1.8188622E-07  1.8201135E-07  1.8210864E-07  1.2246809E-04  8.6004431E-05  1.8188622E-07  1.8177394E-07  1.1141176E-07  1.8879688E-06
 1.0498409E-07  1.6376256E-07  1.6385257E-07  1.6395360E-07  1.6403224E-07  1.0140092E-04  7.1184649E-05  1.6385257E-07  1.6376256E-07  1.0498409E-07  1.3298585E-06
 9.7675101E-08  1.4670825E-07  1.4678133E-07  1.4686277E-07  1.4692623E-07  8.3864225E-05  5.8853508E-05  1.4678133E-07  1.4670825E-07  9.7675101E-08  9.4759347E-07
 8.9917875E-08  1.3076606E-07  1.3082399E-07  1.3089067E-07  1.3094176E-07  6.9283717E-05  4.8605181E-05  1.3082399E-07  1.3076606E-07  8.9917875E-08  6.8354481E-07
 8.2034645E-08  1.1601887E-07  1.1606610E-07  1.1611860E-07  1.1615974E-07  5.7177056E-05  4.0098964E-05  1.1606610E-07  1.1601887E-07  8.2034645E-08  4.9932117E-07
 0.0000000E+00  0.0000000E+00  4.6400264E-10  9.6247251E-10  1.3575434E-09  1.2517576E-03  8.7408586E-04  4.6400264E-10  0.0000000E+00  0.0000000E+00  7.5163864E-04
 0.0000000E+00  0.0000000E+00  0.0000000E+00  0.0000000E+00  0.0000000E+00  1.0317498E-03  7.2003026E-04  0.0000000E+00  0.0000000E+00  0.0000000E+00  4.9524191E-04
 0.0000000E+00  0.0000000E+00  0.0000000E+00  0.0000000E+00  0.0000000E+00  8.5323240E-04  5.9523723E-04  0.0000000E+00  0.0000000E+00  0.0000000E+00  3.2829242E-04
 0.0000000E+00  1.2783567E-08  1.3026066E-08  1.3294126E-08  1.3503866E-08  7.0872770E-04  4.9426444E-04  1.3026066E-08  1.2783567E-08  0.0000000E+00  2.1925705E-04
 0.0000000E+00  1.1248783E-07  1.1268432E-07  1.1290439E-07  1.1307578E-07  5.9075667E-04  4.1186394E-04  1.1268432E-07  1.1248783E-07  0.0000000E+00  1.4731913E-04
 0.0000000E+00  1.7462572E-07  1.7478640E-07  1.7496775E-07  1.7510823E-07  4.9377015E-04  3.4414543E-04  1.7478640E-07  1.7462572E-07  0.0000000E+00  9.9470391E-05
 0.0000000E+00  2.1058550E-07  2.1071680E-07  2.1086610E-07  2.1098161E-07  4.1359210E-04  2.8818225E-04  2.1071680E-07  2.1058550E-07  0.0000000E+00  6.7437236E-05
 0.0000000E+00  2.2838588E-07  2.2849422E-07  2.2861740E-07  2.2871262E-07  3.4701161E-04  2.4172527E-04  2.2849422E-07  2.2838588E-07  0.0000000E+00  4.5879548E-05
 0.0000000E+00  1.3073078E-07  1.3081801E-07  1.3091841E-07  1.3099583E-07  2.8721486E-04  1.9998649E-04  1.3081801E-07  1.3073078E-07  0.0000000E+00  3.0125578E-05
 0.0000000E+00  1.3750073E-07  1.3757143E-07  1.3765256E-07  1.3771526E-07  2.3710804E-04  1.6504980E-04  1.3757143E-07  1.3750073E-07  0.0000000E+00  1.9705203E-05
 6.6485146E-09  1.3925359E-07  1.3931052E-07  1.3937646E-07  1.3942730E-07  1.9557174E-04  1.3609904E-04  1.3931052E-07  1.3925359E-07  6.6485146E-09  1.2888886E-05
 2.6321167E-08  1.3655406E-07  1.3659997E-07  1.3665331E-07  1.3669445E-07  1.6116440E-04  1.1212506E-04  1.3659997E-07  1.3655406E-07  2.6321167E-08  8.4364308E-06
 3.9279286E-08  1.3077486E-07  1.3081158E-07  1.3085511E-07  1.3088834E-07  1.3268275E-04  9.2286197E-05  1.3081158E-07  1.3077486E-07  3.9279286E-08  5.5311197E-06
 4.7159438E-08  1.2298662E-07  1.2301692E-07  1.2305211E-07  1.2307906E-07  1.0912653E-04  7.5883115E-05  1.2301692E-07  1.2298662E-07  4.7159438E-08  3.6362506E-06
 5.1259329E-08  1.1400838E-07  1.1403225E-07  1.1406041E-07  1.1408214E-07  8.9661564E-05  6.2332905E-05  1.1403225E-07  1.1400838E-07  5.1259329E-08  2.4001314E-06
 5.2598811E-08  1.0444800E-07  1.0446728E-07  1.0449024E-07  1.0450767E-07  7.3593399E-05  5.1150483E-05  1.0446728E-07  1.0444800E-07  5.2598811E-08  1.5928797E-06
 5.1972134E-08  9.4752638E-08  9.4768248E-08  9.4786951E-08  9.4800964E-08  6.0342898E-05  4.1931489E-05  9.4768248E-08  9.4752638E-08  5.1972134E-08  1.0645704E-06
 4.9992202E-08  8.5240095E-08  8.5252399E-08  8.5267657E-08  8.5279011E-08  4.9427710E-05  3.4339276E-05  8.5252399E-08  8.5240095E-08  4.9992202E-08  7.1765576E-07
 4.7126934E-08  7.6128258E-08  7.6138083E-08  7.6150415E-08  7.6159541E-08  4.0445953E-05  2.8093472E-05  7.6138083E-08  7.6128258E-08  4.7126934E-08  4.8876212E-07
 4.3729197E-08  6.7558715E-08  6.7566611E-08  6.7576536E-08  6.7583865E-08  3.3063249E-05  2.2960890E-05  6.7566611E-08  6.7558715E-08  4.3729197E-08  3.3678033E-07
 4.0061323E-08  5.9615573E-08  5.9621816E-08  5.9629797E-08  5.9635689E-08  2.7001560E-05  1.8747695E-05  5.9621816E-08  5.9615573E-08  4.0061323E-08  2.3505666E-07
 3.6314208E-08  5.2339692E-08  5.2344743E-08  5.2351149E-08  5.2355874E-08  2.2030014E-05  1.5292993E-05  5.2344743E-08  5.2339692E-08  3.6314208E-08  1.6631226E-07
 3.2623747E-08  4.5740991E-08  4.5745031E-08  4.5750160E-08  4.5753950E-08  1.7956889E-05  1.2463223E-05  4.5745031E-08  4.5740991E-08  3.2623747E-08  1.1932847E-07
 0.0000000E+00  0.0000000E+00  1.7844633E-11  3.7014820E-11  5.2208470E-11  3.7526193E-04  2.5836214E-04  1.7844633E-11  0.0000000E+00  0.0000000E+00  2.3327778E-04
 0.0000000E+00  0.0000000E+00  0.0000000E+00  0.0000000E+00  0.0000000E+00  3.0374588E-04  2.0904425E-04  0.0000000E+00  0.0000000E+00  0.0000000E+00  1.4716351E-04
 0.0000000E+00  0.0000000E+00  0.0000000E+00  0.0000000E+00  0.0000000E+00  2.4673164E-04  1.6979806E-04  0.0000000E+00  0.0000000E+00  0.0000000E+00  9.3661187E-05
 0.0000000E+00  1.4407210E-08  1.4416475E-08  1.4428504E-08  1.4437345E-08  2.0151220E-04  1.3867200E-04  1.4416475E-08  1.4407210E-08  0.0000000E+00  6.0277811E-05
 0.0000000E+00  5.1208156E-08  5.1215625E-08  5.1225917E-08  5.1233316E-08  1.6530144E-04  1.1374733E-04  5.1215625E-08  5.1208156E-08  0.0000000E+00  3.9143613E-05
 0.0000000E+00  7.1859924E-08  7.1866069E-08  7.1874836E-08  7.1881032E-08  1.3607057E-04  9.3627646E-05  7.1866069E-08  7.1859924E-08  0.0000000E+00  2.5607009E-05
 0.0000000E+00  8.2043339E-08  8.2048255E-08  8.2055724E-08  8.2060922E-08  1.1232247E-04  7.7282384E-05  8.2048255E-08  8.2043339E-08  0.0000000E+00  1.6854436E-05
 0.0000000E+00  8.5476035E-08  8.5480195E-08  8.5486483E-08  8.5490830E-08  9.2927072E-05  6.3933585E-05  8.5480195E-08  8.5476035E-08  0.0000000E+00  1.1151301E-05
 0.0000000E+00  4.8476936E-08  4.8480245E-08  4.8485579E-08  4.8489186E-08  7.5828033E-05  5.2154949E-05  4.8480245E-08  4.8476936E-08  0.0000000E+00  7.1181232E-06
 0.0000000E+00  4.9066573E-08  4.9069220E-08  4.9073640E-08  4.9076618E-08  6.1700787E-05  4.2434464E-05  4.9069220E-08  4.9066573E-08  0.0000000E+00  4.5269525E-06
 2.6650999E-09  4.8189633E-08  4.8191808E-08  4.8195541E-08  4.8198001E-08  5.0179769E-05  3.4508127E-05  4.8191808E-08  4.8189633E-08  2.6650999E-09  2.8816216E-06
 9.1405118E-09  4.5967598E-08  4.5969300E-08  4.5972310E-08  4.5974326E-08  4.0787390E-05  2.8046864E-05  4.5969300E-08  4.5967598E-08  9.1405118E-09  1.8369417E-06
 1.3140487E-08  4.2913907E-08  4.2915325E-08  4.2917858E-08  4.2919504E-08  3.3132613E-05  2.2781410E-05  4.2915325E-08  4.2913907E-08  1.3140487E-08  1.1735360E-06
 1.5351651E-08  3.9406997E-08  3.9408037E-08  3.9410189E-08  3.9411558E-08  2.6896610E-05  1.8492261E-05  3.9408037E-08  3.9406997E-08  1.5351651E-08  7.5202431E-07
 1.6293160E-08  3.5715549E-08  3.5716400E-08  3.5718113E-08  3.5719223E-08  2.1819178E-05  1.5000279E-05  3.5716400E-08  3.5715549E-08  1.6293160E-08  4.8393459E-07
 1.6355083E-08  3.2025802E-08  3.2026558E-08  3.2027948E-08  3.2028855E-08  1.7687567E-05  1.2159018E-05  3.2026558E-08  3.2025802E-08  1.6355083E-08  3.1312792E-07
 1.5827936E-08  2.8462736E-08  2.8463304E-08  2.8464446E-08  2.8465186E-08  1.4327886E-05  9.8487931E-06  2.8463304E-08  2.8462736E-08  1.5827936E-08  2.0401714E-07
 1.4925660E-08  2.5105387E-08  2.5105765E-08  2.5106736E-08  2.5107347E-08  1.1597772E-05  7.9716281E-06  2.5105765E-08  2.5105387E-08  1.4925660E-08  1.3406235E-07
 1.3804054E-08  2.1999889E-08  2.2000267E-08  2.2001066E-08  2.2001547E-08  9.3810243E-06  6.4475584E-06  2.2000267E-08  2.1999889E-08  1.3804054E-08  8.8989941E-08
 1.2574863E-08  1.9168836E-08  1.9169119E-08  1.9169767E-08  1.9170174E-08  7.5824252E-06  5.2110695E-06  1.9169119E-08  1.9168836E-08  1.2574863E-08  5.9763994E-08
 1.1316459E-08  1.6617901E-08  1.6618090E-08  1.6618641E-08  1.6618956E-08  6.1242732E-06  4.2087012E-06  1.6618090E-08  1.6617901E-08  1.1316459E-08  4.0662565E-08
 1.0082163E-08  1.4341506E-08  1.4341695E-08  1.4342132E-08  1.4342391E-08  4.9430359E-06  3.3967472E-06  1.4341695E-08  1.4341506E-08  1.0082163E-08  2.8058300E-08
 8.9068313E-09  1.2326699E-08  1.2326794E-08  1.2327117E-08  1.2327321E-08  3.9868828E-06  2.7395547E-06  1.2326794E-08  1.2326699E-08  8.9068313E-09  1.9647579E-08
 0.0000000E+00  0.0000000E+00  6.6321328E-14  1.3756897E-13  1.9403757E-13  4.8328901E-05  3.2836694E-05  6.6321328E-14  0.0000000E+00  0.0000000E+00  3.0282283E-05
 0.0000000E+00  0.0000000E+00  0.0000000E+00  0.0000000E+00  0.0000000E+00  3.9221214E-05  2.6642198E-05  0.0000000E+00  0.0000000E+00  0.0000000E+00  1.9202077E-05
 0.0000000E+00  0.0000000E+00  0.0000000E+00  0.0000000E+00  0.0000000E+00  3.1943532E-05  2.1700968E-05  0.0000000E+00  0.0000000E+00  0.0000000E+00  1.2279004E-05
 0.0000000E+00  0.0000000E+00  0.0000000E+00  0.0000000E+00  0.0000000E+00  2.6155711E-05  1.7770899E-05  0.0000000E+00  0.0000000E+00  0.0000000E+00  7.9351027E-06
 0.0000000E+00  1.7635031E-09  1.7635420E-09  1.7638590E-09  1.7640227E-09  2.1508431E-05  1.4614893E-05  1.7635420E-09  1.7635031E-09  0.0000000E+00  5.1710575E-06
 0.0000000E+00  4.7110788E-09  4.7111080E-09  4.7114229E-09  4.7115809E-09  1.7747336E-05  1.2060403E-05  4.7111080E-09  4.7110788E-09  0.0000000E+00  3.3924880E-06
 0.0000000E+00  6.4612079E-09  6.4612274E-09  6.4615286E-09  6.4616751E-09  1.4683925E-05  9.9795433E-06  6.4612274E-09  6.4612079E-09  0.0000000E+00  2.2377313E-06
 0.0000000E+00  7.3920397E-09  7.3920591E-09  7.3923369E-09  7.3924720E-09  1.2175939E-05  8.2757853E-06  7.3920591E-09  7.3920397E-09  0.0000000E+00  1.4825515E-06
 0.0000000E+00  3.2860599E-09  3.2860794E-09  3.2863239E-09  3.2864476E-09  9.9586857E-06  6.7679356E-06  3.2860794E-09  3.2860599E-09  0.0000000E+00  9.4668414E-07
 0.0000000E+00  3.8281017E-09  3.8281114E-09  3.8283383E-09  3.8284487E-09  8.1228544E-06  5.5207256E-06  3.8281114E-09  3.8281017E-09  0.0000000E+00  6.0154688E-07
 1.0484551E-10  4.1300141E-09  4.1300238E-09  4.1302233E-09  4.1303204E-09  6.6218291E-06  4.5009174E-06  4.1300238E-09  4.1300141E-09  1.0484551E-10  3.8196104E-07
 9.2608231E-10  4.2063968E-09  4.2064065E-09  4.2065825E-09  4.2066682E-09  5.3950508E-06  3.6673710E-06  4.2064065E-09  4.2063968E-09  9.2608231E-10  2.4239755E-07
 1.4522727E-09  4.1238377E-09  4.1238475E-09  4.1239961E-09  4.1240684E-09  4.3927063E-06  2.9862648E-06  4.1238475E-09  4.1238377E-09  1.4522727E-09  1.5378470E-07
 1.7602934E-09  3.9345491E-09  3.9345589E-09  3.9346880E-09  3.9347508E-09  3.5741210E-06  2.4299807E-06  3.9345589E-09  3.9345491E-09  1.7602934E-09  9.7575877E-08
 1.9099462E-09  3.6781862E-09  3.6781959E-09  3.6783055E-09  3.6783587E-09  2.9059737E-06  1.9758921E-06  3.6781959E-09  3.6781862E-09  1.9099462E-09  6.1947488E-08
 1.9472670E-09  3.3842204E-09  3.3842301E-09  3.3843240E-09  3.3843697E-09  2.3609717E-06  1.6054649E-06  3.3842301E-09  3.3842204E-09  1.9472670E-09  3.9375255E-08
 1.9072714E-09  3.0741279E-09  3.0741279E-09  3.0742062E-09  3.0742442E-09  1.9167321E-06  1.3034982E-06  3.0741279E-09  3.0741279E-09  1.9072714E-09  2.5075947E-08
 1.8163086E-09  2.7631017E-09  2.7631017E-09  2.7631682E-09  2.7632006E-09  1.5548916E-06  1.0575202E-06  2.7631017E-09  2.7631017E-09  1.8163086E-09  1.6014100E-08
 1.6939291E-09  2.4615589E-09  2.4615686E-09  2.4616234E-09  2.4616500E-09  1.2603975E-06  8.5730658E-07  2.4615686E-09  2.4615589E-09  1.6939291E-09  1.0265606E-08
 1.5544113E-09  2.1763275E-09  2.1763275E-09  2.1763745E-09  2.1763973E-09  1.0209103E-06  6.9447526E-07  2.1763275E-09  2.1763275E-09  1.5544113E-09  6.6128547E-09
 1.4080168E-09  1.9114830E-09  1.9114830E-09  1.9115221E-09  1.9115412E-09  8.2630563E-07  5.6214845E-07  1.9114830E-09  1.9114830E-09  1.4080168E-09  4.2858433E-09
 1.2618850E-09  1.6691652E-09  1.6691652E-09  1.6691965E-09  1.6692118E-09  6.6831101E-07  4.5470584E-07  1.6691652E-09  1.6691652E-09  1.2618850E-09  2.7981854E-09
 1.1208596E-09  1.4500842E-09  1.4500842E-09  1.4501116E-09  1.4501249E-09  5.4013219E-07  3.6753113E-07  1.4500842E-09  1.4500842E-09  1.1208596E-09  1.8427454E-09
 0.0000000E+00  0.0000000E+00  0.0000000E+00  0.0000000E+00  0.0000000E+00  0.0000000E+00  0.0000000E+00  0.0000000E+00  0.0000000E+00  0.0000000E+00  0.0000000E+00
 0.0000000E+00  0.0000000E+00  0.0000000E+00  0.0000000E+00  0.0000000E+00  0.0000000E+00  0.0000000E+00  0.0000000E+00  0.0000000E+00  0.0000000E+00  0.0000000E+00
 0.0000000E+00  0.0000000E+00  0.0000000E+00  0.0000000E+00  0.0000000E+00  0.0000000E+00  0.0000000E+00  0.0000000E+00  0.0000000E+00  0.0000000E+00  0.0000000E+00
 0.0000000E+00  0.0000000E+00  0.0000000E+00  0.0000000E+00  0.0000000E+00  0.0000000E+00  0.0000000E+00  0.0000000E+00  0.0000000E+00  0.0000000E+00  0.0000000E+00
 0.0000000E+00  0.0000000E+00  0.0000000E+00  0.0000000E+00  0.0000000E+00  0.0000000E+00  0.0000000E+00  0.0000000E+00  0.0000000E+00  0.0000000E+00  0.0000000E+00
 0.0000000E+00  0.0000000E+00  0.0000000E+00  0.0000000E+00  0.0000000E+00  0.0000000E+00  0.0000000E+00  0.0000000E+00  0.0000000E+00  0.0000000E+00  0.0000000E+00
 0.0000000E+00  0.0000000E+00  0.0000000E+00  0.0000000E+00  0.0000000E+00  0.0000000E+00  0.0000000E+00  0.0000000E+00  0.0000000E+00  0.0000000E+00  0.0000000E+00
 0.0000000E+00  0.0000000E+00  0.0000000E+00  0.0000000E+00  0.0000000E+00  0.0000000E+00  0.0000000E+00  0.0000000E+00  0.0000000E+00  0.0000000E+00  0.0000000E+00
 0.0000000E+00  0.0000000E+00  0.0000000E+00  0.0000000E+00  0.0000000E+00  0.0000000E+00  0.0000000E+00  0.0000000E+00  0.0000000E+00  0.0000000E+00  0.0000000E+00
 0.0000000E+00  0.0000000E+00  0.0000000E+00  0.0000000E+00  0.0000000E+00  0.0000000E+00  0.0000000E+00  0.0000000E+00  0.0000000E+00  0.0000000E+00  0.0000000E+00
 0.0000000E+00  0.0000000E+00  0.0000000E+00  0.0000000E+00  0.0000000E+00  0.0000000E+00  0.0000000E+00  0.0000000E+00  0.0000000E+00  0.0000000E+00  0.0000000E+00
 0.0000000E+00  0.0000000E+00  0.0000000E+00  0.0000000E+00  0.0000000E+00  0.0000000E+00  0.0000000E+00  0.0000000E+00  0.0000000E+00  0.0000000E+00  0.0000000E+00
 0.0000000E+00  0.0000000E+00  0.0000000E+00  0.0000000E+00  0.0000000E+00  0.0000000E+00  0.0000000E+00  0.0000000E+00  0.0000000E+00  0.0000000E+00  0.0000000E+00
 0.0000000E+00  0.0000000E+00  0.0000000E+00  0.0000000E+00  0.0000000E+00  0.0000000E+00  0.0000000E+00  0.0000000E+00  0.0000000E+00  0.0000000E+00  0.0000000E+00
 0.0000000E+00  0.0000000E+00  0.0000000E+00  0.0000000E+00  0.0000000E+00  0.0000000E+00  0.0000000E+00  0.0000000E+00  0.0000000E+00  0.0000000E+00  0.0000000E+00
 0.0000000E+00  0.0000000E+00  0.0000000E+00  0.0000000E+00  0.0000000E+00  0.0000000E+00  0.0000000E+00  0.0000000E+00  0.0000000E+00  0.0000000E+00  0.0000000E+00
 0.0000000E+00  0.0000000E+00  0.0000000E+00  0.0000000E+00  0.0000000E+00  0.0000000E+00  0.0000000E+00  0.0000000E+00  0.0000000E+00  0.0000000E+00  0.0000000E+00
 0.0000000E+00  0.0000000E+00  0.0000000E+00  0.0000000E+00  0.0000000E+00  0.0000000E+00  0.0000000E+00  0.0000000E+00  0.0000000E+00  0.0000000E+00  0.0000000E+00
 0.0000000E+00  0.0000000E+00  0.0000000E+00  0.0000000E+00  0.0000000E+00  0.0000000E+00  0.0000000E+00  0.0000000E+00  0.0000000E+00  0.0000000E+00  0.0000000E+00
 0.0000000E+00  0.0000000E+00  0.0000000E+00  0.0000000E+00  0.0000000E+00  0.0000000E+00  0.0000000E+00  0.0000000E+00  0.0000000E+00  0.0000000E+00  0.0000000E+00
 0.0000000E+00  0.0000000E+00  0.0000000E+00  0.0000000E+00  0.0000000E+00  0.0000000E+00  0.0000000E+00  0.0000000E+00  0.0000000E+00  0.0000000E+00  0.0000000E+00
 0.0000000E+00  0.0000000E+00  0.0000000E+00  0.0000000E+00  0.0000000E+00  0.0000000E+00  0.0000000E+00  0.0000000E+00  0.0000000E+00  0.0000000E+00  0.0000000E+00
 0.0000000E+00  0.0000000E+00  0.0000000E+00  0.0000000E+00  0.0000000E+00  0.0000000E+00  0.0000000E+00  0.0000000E+00  0.0000000E+00  0.0000000E+00  0.0000000E+00
---

---
